index,latent_0,latent_1
0,-1.4616093635559082,7.163094520568848
1,-1.444397211074829,7.197210788726807
2,-1.4466859102249146,7.212502956390381
3,-1.498422384262085,6.952077388763428
4,-1.457688570022583,7.057440280914307
5,-1.462218165397644,7.105763912200928
6,-1.3293260335922241,7.050464153289795
7,-1.736664056777954,4.702641487121582
8,-1.9095463752746582,7.9170989990234375
9,-1.4905836582183838,3.403571844100952
10,-1.3801382780075073,7.095537185668945
11,-2.198979377746582,0.12878510355949402
12,-1.378967046737671,6.908412933349609
13,-1.340452790260315,7.121270656585693
14,-1.4314128160476685,6.971453666687012
15,-1.476472020149231,7.201542377471924
16,-0.433538556098938,2.0381760597229004
17,0.3271823525428772,8.648776054382324
18,1.7375741004943848,-4.296665191650391
19,-1.3838560581207275,7.122133731842041
20,-1.8549985885620117,5.669283390045166
21,-1.4333041906356812,7.003829479217529
22,-1.4222618341445923,7.149396896362305
23,-1.414480209350586,6.947247505187988
24,-1.6818652153015137,8.924553871154785
25,-1.4328230619430542,6.969744682312012
26,-1.5221997499465942,0.14116284251213074
27,-1.4895610809326172,7.0052409172058105
28,-1.4193345308303833,7.054825305938721
29,-2.76017689704895,4.355757236480713
30,-1.4666601419448853,7.08768892288208
31,-1.3877029418945312,7.00685977935791
32,-3.832988977432251,-2.4691286087036133
33,-1.3154960870742798,6.23529052734375
34,0.30508166551589966,8.674620628356934
35,-1.4133517742156982,7.6241374015808105
36,-1.456824541091919,7.210520267486572
37,-1.317931056022644,7.108524322509766
38,0.15613876283168793,3.1872141361236572
39,-1.93648099899292,5.516987323760986
40,-1.4347025156021118,7.2022809982299805
41,-0.2865970730781555,5.732941150665283
42,-1.6233141422271729,6.311222076416016
43,-1.1515629291534424,8.340418815612793
44,1.2241438627243042,5.906085968017578
45,-1.4040321111679077,7.07818603515625
46,-1.3257434368133545,7.350290298461914
47,-1.7839276790618896,9.09388542175293
48,-1.4616707563400269,7.13623046875
49,-0.06645412743091583,3.697148323059082
50,-0.3515262007713318,5.64124870300293
51,-1.3392670154571533,7.121269226074219
52,-1.3684656620025635,7.03964900970459
53,-1.4711036682128906,7.069214344024658
54,-0.8964836001396179,0.943774938583374
55,-2.2718050479888916,-1.6498961448669434
56,-1.362608790397644,7.142889022827148
57,1.6477084159851074,-3.3448398113250732
58,-5.022066593170166,2.156320571899414
59,-1.4377690553665161,7.123751163482666
60,-0.258445680141449,7.891423225402832
61,-1.8118900060653687,2.511927604675293
62,-2.525773286819458,0.06672569364309311
63,-1.4072802066802979,7.177147388458252
64,-1.4296956062316895,7.080409049987793
65,-1.4780395030975342,7.224514961242676
66,-1.4502241611480713,7.196589469909668
67,-1.6179368495941162,4.004683971405029
68,-0.899147629737854,5.2264723777771
69,-0.968625009059906,6.6407976150512695
70,-1.3920860290527344,6.998711585998535
71,-1.731656789779663,8.875154495239258
72,-1.4199378490447998,7.003110885620117
73,-1.350987195968628,7.021867752075195
74,-1.5064654350280762,7.125241279602051
75,-0.6342832446098328,1.620656967163086
76,1.5863178968429565,2.8252594470977783
77,1.6516802310943604,4.393336296081543
78,-1.454744577407837,7.135488033294678
79,1.6835811138153076,8.95396900177002
80,1.1348445415496826,4.786953449249268
81,-0.3935033679008484,7.564642429351807
82,-3.553081750869751,-0.18732070922851562
83,-1.4142277240753174,7.17470645904541
84,-0.25929802656173706,7.344381332397461
85,-1.3489896059036255,6.976777076721191
86,-1.3462523221969604,6.975446701049805
87,-1.429163932800293,7.006349563598633
88,-1.3841246366500854,6.817212104797363
89,-1.5903091430664062,7.392279148101807
90,0.9372050166130066,8.546562194824219
91,-1.5674391984939575,7.413591384887695
92,-1.471724271774292,7.055539131164551
93,0.5158607959747314,4.328948020935059
94,1.073628544807434,3.4737389087677
95,-1.410191297531128,6.770848274230957
96,-1.3762377500534058,7.073248863220215
97,2.0963797569274902,7.529914855957031
98,0.012275025248527527,7.599018096923828
99,-1.4792979955673218,7.086174011230469
100,-1.3531663417816162,6.896864414215088
101,-1.3919758796691895,7.111827850341797
102,-1.3990778923034668,7.062165260314941
103,0.9192215800285339,8.368143081665039
104,-0.1342601329088211,8.544838905334473
105,-2.2340805530548096,6.687605857849121
106,-0.798078715801239,7.587153911590576
107,0.6895387768745422,2.582578659057617
108,-0.31948012113571167,6.882742881774902
109,-2.167290687561035,6.496803283691406
110,7.272847652435303,-1.728882074356079
111,-0.7868861556053162,5.220922470092773
112,-1.3562066555023193,7.1360344886779785
113,-1.4527812004089355,7.014190673828125
114,-1.2541704177856445,3.782235860824585
115,-1.3686847686767578,6.9893412590026855
116,-0.6019513607025146,1.3619080781936646
117,-1.4539954662322998,8.391814231872559
118,-1.3655776977539062,7.127018928527832
119,-1.4130034446716309,7.016993522644043
120,-1.4617257118225098,7.805840015411377
121,-1.4637255668640137,7.015161037445068
122,-1.440879225730896,6.966644763946533
123,-1.3475655317306519,6.982419490814209
124,0.09547989070415497,4.500965118408203
125,1.1394835710525513,4.716337203979492
126,-1.7003717422485352,6.385652542114258
127,14.822392463684082,9.301573753356934
128,-1.3798929452896118,7.0667924880981445
129,1.2372134923934937,9.308719635009766
130,-1.0113446712493896,6.337752342224121
131,-1.5018843412399292,7.3414411544799805
132,-1.0340336561203003,6.356143951416016
133,-1.4099668264389038,7.1472039222717285
134,0.7961976528167725,3.9463517665863037
135,-1.3916947841644287,7.132326602935791
136,-1.3705037832260132,7.204624176025391
137,-0.8982352614402771,7.7135748863220215
138,-1.2137190103530884,6.965090751647949
139,-1.944022536277771,6.346400737762451
140,2.2734363079071045,3.775207757949829
141,-1.4653162956237793,7.221560478210449
142,-1.4819031953811646,7.206423759460449
143,-0.7506195902824402,8.328764915466309
144,-0.13242335617542267,7.996824741363525
145,-2.1198337078094482,3.6035964488983154
146,-1.487606406211853,6.982229232788086
147,1.207506537437439,5.563363552093506
148,-1.496117353439331,7.077259540557861
149,-1.4241539239883423,7.129396438598633
150,-1.5127429962158203,7.147030830383301
151,-1.4627915620803833,7.115290641784668
152,-1.4798504114151,7.045134544372559
153,-1.2029887437820435,6.533975601196289
154,1.167186975479126,-3.9895923137664795
155,-1.4843729734420776,7.002092361450195
156,-0.7608415484428406,6.4954938888549805
157,-1.4704618453979492,7.163478851318359
158,-1.4542018175125122,7.073800563812256
159,-1.3343465328216553,6.999834060668945
160,-2.2725956439971924,-0.28016218543052673
161,-2.185631275177002,7.37199592590332
162,-1.87051260471344,6.956377029418945
163,-1.4841914176940918,8.283321380615234
164,-1.416623592376709,7.020848274230957
165,-1.369704008102417,6.9732208251953125
166,3.775362014770508,-7.886362075805664
167,-2.997577667236328,2.3890163898468018
168,14.953169822692871,3.0032825469970703
169,-0.2864324450492859,6.471421718597412
170,-1.362727165222168,6.966986656188965
171,-1.3180723190307617,6.684706211090088
172,-1.4670709371566772,7.221615314483643
173,-1.4282511472702026,7.12736701965332
174,1.4394588470458984,7.904969692230225
175,-1.5064316987991333,7.038471221923828
176,-1.4044562578201294,7.005178928375244
177,-1.5495939254760742,0.3794770836830139
178,-1.8124617338180542,7.016448974609375
179,-1.3952445983886719,7.038394451141357
180,-1.4700729846954346,7.190701484680176
181,-1.4628353118896484,7.126889705657959
182,-1.4825495481491089,7.146212100982666
183,-0.9707089066505432,6.198200225830078
184,-2.9308969974517822,-0.13273626565933228
185,0.13424871861934662,3.095036506652832
186,-1.4304081201553345,6.78405237197876
187,-1.448611855506897,7.099645614624023
188,-2.5311970710754395,2.9434807300567627
189,-1.4040218591690063,6.994555473327637
190,-1.480843186378479,7.232451438903809
191,-1.1816227436065674,6.817514896392822
192,0.7775442004203796,5.956560134887695
193,-1.3120219707489014,7.0332255363464355
194,-1.2778096199035645,6.965223789215088
195,1.2906627655029297,2.601466417312622
196,-2.5093133449554443,4.887531280517578
197,-1.4752458333969116,7.115191459655762
198,-1.5136408805847168,7.005524635314941
199,-1.352503776550293,3.9780495166778564
200,-1.446994662284851,7.092685699462891
201,-1.361853003501892,7.593233585357666
202,-1.461439609527588,7.1762800216674805
203,-1.5709096193313599,6.750053882598877
204,-1.2141283750534058,6.402210235595703
205,-0.8156742453575134,6.860077381134033
206,-3.286510944366455,-1.62785804271698
207,-1.286586046218872,7.00579833984375
208,-1.4044643640518188,7.011112213134766
209,-1.4241772890090942,6.571900367736816
210,-1.4434762001037598,7.183378219604492
211,-2.281325578689575,5.622106552124023
212,4.5515546798706055,7.551620960235596
213,-1.4380781650543213,6.944426536560059
214,-1.17719304561615,6.82985782623291
215,-1.454058051109314,7.116079330444336
216,4.214052677154541,5.718228340148926
217,5.63114595413208,5.25048828125
218,-1.3864738941192627,6.95059871673584
219,-1.3986467123031616,7.060233116149902
220,-1.7129192352294922,7.563488483428955
221,-1.3110488653182983,7.06579065322876
222,-1.4386836290359497,7.06931209564209
223,3.1395976543426514,5.946377754211426
224,-1.4540841579437256,7.2243876457214355
225,-1.4909499883651733,7.042182922363281
226,3.1415698528289795,5.478168964385986
227,0.6934852004051208,3.065322160720825
228,-1.5065964460372925,7.089322090148926
229,1.7517154216766357,3.0305607318878174
230,-1.477789044380188,7.103531837463379
231,-1.502712607383728,7.005943298339844
232,1.6518433094024658,8.79625415802002
233,-2.022786855697632,5.758727073669434
234,-1.4523948431015015,7.069074630737305
235,-3.514235734939575,-0.07259982079267502
236,-1.4456431865692139,7.09368896484375
237,1.3992338180541992,2.9000346660614014
238,-1.436306118965149,7.011386871337891
239,-1.4735698699951172,7.012515068054199
240,-1.0336050987243652,7.113781929016113
241,6.916170120239258,-11.079850196838379
242,0.050591036677360535,6.771931171417236
243,-2.3970823287963867,4.486941337585449
244,-1.196510910987854,5.876959800720215
245,-1.3290737867355347,6.784091949462891
246,-0.8022319674491882,6.690790176391602
247,-0.9566580057144165,4.6953654289245605
248,-1.449930191040039,7.094283580780029
249,-3.051805257797241,2.224013090133667
250,-0.5334557890892029,6.652282238006592
251,-1.3927216529846191,6.9394450187683105
252,-1.2579835653305054,5.1354079246521
253,-1.4219005107879639,6.966123580932617
254,-0.2055644541978836,2.614750623703003
255,-1.4129340648651123,6.9445481300354
256,-1.5383270978927612,6.802797317504883
257,-1.4816423654556274,7.247967720031738
258,-0.6116036772727966,6.687343597412109
259,-1.3479257822036743,6.91225004196167
260,-1.3832690715789795,6.905341148376465
261,1.3898591995239258,-3.0519285202026367
262,-1.3238776922225952,7.061568260192871
263,0.8753897547721863,5.324673175811768
264,-1.3941686153411865,7.029533386230469
265,-2.8200743198394775,1.360209584236145
266,-1.406324863433838,7.00714111328125
267,-1.3662084341049194,6.993368148803711
268,-2.1952831745147705,1.5615453720092773
269,1.2364332675933838,1.0882453918457031
270,-1.4219071865081787,7.011141777038574
271,-1.3559961318969727,7.057106971740723
272,-1.3347482681274414,6.920750141143799
273,-2.390596628189087,5.909239768981934
274,-1.4571826457977295,7.237398147583008
275,3.3911774158477783,0.7580759525299072
276,-0.9729558825492859,5.415731430053711
277,0.3104936480522156,4.246293544769287
278,-0.6042874455451965,4.598989963531494
279,4.922979831695557,7.578792572021484
280,-0.7805883288383484,4.735529899597168
281,-1.416120171546936,7.029055118560791
282,-1.4121549129486084,7.288478851318359
283,-0.41208118200302124,5.304169654846191
284,-1.3516650199890137,6.588513374328613
285,-1.387237548828125,7.119419097900391
286,-1.3800184726715088,6.687740325927734
287,-1.4909462928771973,6.997502326965332
288,-2.8274590969085693,3.407505750656128
289,-1.4553406238555908,7.0419816970825195
290,-1.4999502897262573,7.070830821990967
291,-1.4183844327926636,7.103909969329834
292,-1.4556803703308105,7.032251358032227
293,-1.4013081789016724,7.1017045974731445
294,-1.4190235137939453,6.966506004333496
295,-1.1430292129516602,7.27222204208374
296,-2.3047988414764404,-0.892715573310852
297,-1.4301087856292725,7.528125286102295
298,-1.3383197784423828,7.021632671356201
299,-1.35334050655365,7.138829231262207
300,-0.7896506190299988,5.960151195526123
301,-1.4092837572097778,7.126737594604492
302,-1.379905343055725,6.979643821716309
303,-1.0010961294174194,6.516951560974121
304,-1.4220415353775024,7.101555824279785
305,-3.8720650672912598,0.44429463148117065
306,-1.4738301038742065,7.214327335357666
307,3.629133462905884,-2.4028499126434326
308,4.9298529624938965,5.872412204742432
309,-0.33961552381515503,6.595170497894287
310,-1.1726417541503906,6.417181015014648
311,-1.361135482788086,6.980310440063477
312,0.32860034704208374,1.6652727127075195
313,-1.4037081003189087,7.149902820587158
314,-1.391340970993042,7.049889087677002
315,-1.4320932626724243,7.112360000610352
316,-1.1966421604156494,7.298182010650635
317,-1.4708542823791504,7.17111349105835
318,-1.3996554613113403,7.093343734741211
319,-1.4678540229797363,7.15931510925293
320,-1.4327147006988525,6.959620952606201
321,0.5413146615028381,4.783304691314697
322,-1.2900300025939941,7.6087541580200195
323,-1.4436324834823608,7.002728462219238
324,0.15380768477916718,3.028857946395874
325,-0.9184018969535828,6.378240585327148
326,-1.3314779996871948,7.066215515136719
327,-1.3583017587661743,7.037229537963867
328,-2.161550521850586,5.063575744628906
329,-4.155354022979736,1.850662112236023
330,-2.2941036224365234,2.8438429832458496
331,-1.497008204460144,7.151116371154785
332,-0.0641145259141922,7.149745464324951
333,0.403264582157135,3.5262556076049805
334,-1.6483930349349976,-1.1779506206512451
335,-1.4091739654541016,6.9998884201049805
336,-1.3672465085983276,6.96818208694458
337,-1.512305498123169,7.026913642883301
338,-1.3973158597946167,7.132770538330078
339,0.9500775933265686,3.490814447402954
340,-1.4442105293273926,7.129744529724121
341,-1.325234293937683,7.106099605560303
342,-0.7239174246788025,6.296124458312988
343,-1.4294116497039795,7.0479736328125
344,0.42751604318618774,5.291075706481934
345,-1.490686058998108,7.103928089141846
346,-1.2561168670654297,6.4956512451171875
347,0.7780444025993347,3.2777082920074463
348,-1.4010224342346191,6.925457954406738
349,-0.02349419891834259,4.130516052246094
350,-1.4074130058288574,7.635608196258545
351,-1.313206672668457,7.046955108642578
352,-1.415270447731018,7.104762554168701
353,-1.435141921043396,6.972517490386963
354,0.4699220061302185,8.761467933654785
355,-1.3765301704406738,7.076437950134277
356,1.00186288356781,2.0523130893707275
357,-1.3309687376022339,7.003561496734619
358,-1.4342268705368042,7.0349202156066895
359,0.8709775805473328,6.878440856933594
360,-0.09701873362064362,3.9458138942718506
361,-1.59291410446167,8.212689399719238
362,-1.5133180618286133,7.074156284332275
363,-0.6811828017234802,7.2981977462768555
364,-1.3862574100494385,6.947824001312256
365,-1.4898961782455444,7.080174446105957
366,1.9808790683746338,3.389962911605835
367,1.8120899200439453,-4.037925720214844
368,-1.028883695602417,6.022276878356934
369,4.9332685470581055,13.619114875793457
370,-1.3532618284225464,7.105835914611816
371,-2.050966501235962,3.2438268661499023
372,-1.4446685314178467,7.008971691131592
373,2.7073557376861572,-1.4826055765151978
374,6.575379848480225,2.484607219696045
375,-1.4451907873153687,7.195513725280762
376,-1.5102980136871338,7.051281452178955
377,1.4976845979690552,8.07632064819336
378,-1.3860465288162231,7.062656402587891
379,-1.3507790565490723,7.04603910446167
380,-0.8947777152061462,7.479926109313965
381,-1.506259560585022,6.546613693237305
382,-1.3748778104782104,7.075697898864746
383,-1.4031398296356201,7.11204719543457
384,2.2492902278900146,8.72268009185791
385,-1.2631266117095947,6.267316818237305
386,-1.432792067527771,7.042632579803467
387,-1.4296237230300903,7.11279296875
388,-1.4850101470947266,6.996120452880859
389,-1.3047723770141602,7.099380016326904
390,-0.8873156905174255,6.78834342956543
391,-1.4495710134506226,6.96928596496582
392,-1.5093367099761963,-0.18868234753608704
393,-1.3394464254379272,6.904584884643555
394,-1.3597475290298462,7.049615383148193
395,-1.3795870542526245,7.103789806365967
396,-1.4965569972991943,7.134553909301758
397,-1.4759608507156372,7.141173362731934
398,-2.2262542247772217,5.515085697174072
399,-2.818089723587036,1.587534785270691
400,-1.3996385335922241,7.013383865356445
401,0.5703580975532532,8.009137153625488
402,-1.300872564315796,6.713844299316406
403,-1.3698899745941162,7.122489929199219
404,-1.3456703424453735,7.030933380126953
405,-2.6628029346466064,-2.657313346862793
406,-1.4648146629333496,7.232425689697266
407,-0.9722411036491394,2.1736278533935547
408,-1.8234537839889526,7.272432327270508
409,-2.5893166065216064,4.767585754394531
410,-1.2528934478759766,5.401894569396973
411,-2.198538303375244,6.202807903289795
412,3.8649709224700928,-9.281545639038086
413,-1.6888196468353271,8.393526077270508
414,-1.398019552230835,7.0958638191223145
415,1.1705220937728882,3.9157941341400146
416,-1.392301082611084,7.0061469078063965
417,-1.4154125452041626,7.131612777709961
418,-1.4371659755706787,7.529916763305664
419,-1.564443588256836,7.3226118087768555
420,-1.4188486337661743,7.062786102294922
421,1.151901125907898,-0.25147372484207153
422,-1.347699761390686,6.935163497924805
423,-1.3432035446166992,7.0990190505981445
424,-1.4594097137451172,6.9886250495910645
425,-1.3643109798431396,6.9336256980896
426,-0.0700080394744873,-0.14531266689300537
427,-1.4001891613006592,7.059719085693359
428,-4.394620418548584,-1.7312034368515015
429,-0.607045590877533,8.335312843322754
430,-1.4793915748596191,7.0224833488464355
431,-4.0340986251831055,2.0280439853668213
432,-1.374792218208313,6.681615352630615
433,-1.3963812589645386,6.979940414428711
434,-1.9696192741394043,5.950390815734863
435,-1.4681620597839355,7.084494590759277
436,-1.353710412979126,6.63635778427124
437,-1.3882488012313843,7.007709503173828
438,2.463637351989746,7.909145832061768
439,-2.0962135791778564,0.6495757102966309
440,-2.5981905460357666,-0.48469141125679016
441,-1.0916650295257568,7.6325531005859375
442,-1.5029724836349487,7.062852382659912
443,1.0143160820007324,4.263339042663574
444,-1.1255050897598267,6.403435707092285
445,-1.4086226224899292,7.026795387268066
446,-1.4641128778457642,7.0975494384765625
447,-1.47772216796875,7.1753740310668945
448,-2.635554075241089,4.834067344665527
449,-1.4913562536239624,7.169342517852783
450,6.133285999298096,6.608084678649902
451,4.615272521972656,12.396416664123535
452,-1.5282021760940552,5.215369701385498
453,-1.2321722507476807,6.686811923980713
454,-0.8602864146232605,6.318363666534424
455,7.052697658538818,4.149627685546875
456,0.9543505311012268,3.8481009006500244
457,-1.485576868057251,7.158513069152832
458,-1.3152943849563599,7.072795391082764
459,-1.4033973217010498,7.1575422286987305
460,-1.4754213094711304,7.208010673522949
461,-0.5732199549674988,5.295882225036621
462,-2.592698097229004,1.3064991235733032
463,-1.154671311378479,5.395402908325195
464,-1.4926648139953613,5.54844856262207
465,-0.06603534519672394,4.3597941398620605
466,-1.3620681762695312,6.971412658691406
467,-3.8488402366638184,0.7748242616653442
468,-1.5209331512451172,7.034340858459473
469,-1.5058624744415283,7.032630920410156
470,5.342721462249756,7.208420753479004
471,-1.467047095298767,7.155402183532715
472,-1.4834221601486206,7.110958099365234
473,-0.8152881860733032,-4.145759105682373
474,-1.1155277490615845,5.530807018280029
475,-2.0022239685058594,0.7889131903648376
476,-1.3948625326156616,7.138883590698242
477,-1.4341130256652832,-0.1263163983821869
478,-1.3737902641296387,6.909696578979492
479,-1.475443720817566,6.977384567260742
480,-1.4614436626434326,7.203507900238037
481,8.14818286895752,5.628734588623047
482,-1.4929523468017578,7.15336799621582
483,-1.4263560771942139,7.176780700683594
484,-0.5992295145988464,8.067032814025879
485,-0.027300670742988586,3.1806490421295166
486,-1.3687925338745117,5.75899600982666
487,0.15830020606517792,4.442295551300049
488,-0.3560919165611267,6.897929668426514
489,0.054051920771598816,8.021333694458008
490,-1.4999604225158691,7.143913269042969
491,-1.4749245643615723,7.2064642906188965
492,-1.4940135478973389,7.1774749755859375
493,0.5299634337425232,6.604879379272461
494,-1.3598873615264893,6.954379081726074
495,5.025131702423096,-1.070497989654541
496,-1.3530428409576416,6.982438087463379
497,-1.348170280456543,7.214515686035156
498,-3.518772840499878,4.114049911499023
499,-0.30543941259384155,3.168215036392212
500,-1.3760123252868652,6.930790424346924
501,-1.0184991359710693,4.890644550323486
502,-1.3202108144760132,7.076399326324463
503,-1.2925348281860352,6.810135364532471
504,-1.339091181755066,7.0570244789123535
505,-1.0990219116210938,7.7298665046691895
506,-1.3915053606033325,7.101557731628418
507,-1.3412054777145386,7.114117622375488
508,2.423408269882202,-4.714476585388184
509,-1.4312396049499512,7.133993148803711
510,-1.4816700220108032,7.051468849182129
511,-1.4612869024276733,7.02645206451416
512,-0.3028547167778015,4.05023717880249
513,-1.3457611799240112,7.08281135559082
514,-1.3338271379470825,6.794907569885254
515,0.7698844075202942,7.838438034057617
516,-0.9710299372673035,8.283760070800781
517,-1.4565224647521973,1.9994713068008423
518,3.213175058364868,11.283392906188965
519,-0.3325086236000061,2.4923856258392334
520,-1.436546802520752,6.969379425048828
521,0.327259361743927,-4.250530242919922
522,-1.4587608575820923,7.035802841186523
523,-1.2040666341781616,7.010115623474121
524,-1.3270089626312256,7.055294036865234
525,-1.4829057455062866,7.162569046020508
526,-1.3625473976135254,6.890862464904785
527,-1.4538328647613525,6.996328830718994
528,7.380473613739014,4.725310802459717
529,-1.3891690969467163,6.996098041534424
530,-1.472703218460083,6.794615745544434
531,-0.46606916189193726,8.005505561828613
532,-1.1680781841278076,8.517376899719238
533,-1.7674530744552612,7.8576741218566895
534,-0.3341977000236511,8.010918617248535
535,-1.3454828262329102,5.474394798278809
536,-1.5073978900909424,7.041669845581055
537,-1.4078054428100586,6.824673652648926
538,1.3500738143920898,7.699396133422852
539,-1.5034549236297607,7.133029460906982
540,-1.36991548538208,7.0054473876953125
541,3.21878719329834,-6.053313255310059
542,-1.3358452320098877,7.1237053871154785
543,-1.3697524070739746,6.986095428466797
544,-1.358521580696106,7.064277648925781
545,4.172769069671631,3.0247793197631836
546,-1.411534070968628,7.125209808349609
547,-1.3513273000717163,7.112504959106445
548,-3.067274808883667,0.9354722499847412
549,-1.3591139316558838,6.943944931030273
550,-1.320844054222107,7.105173110961914
551,-1.4057823419570923,7.038031578063965
552,-1.1648098230361938,6.785315036773682
553,-1.6117286682128906,8.477046012878418
554,-1.3726519346237183,7.01652717590332
555,-0.08903546631336212,7.010284423828125
556,0.2572205662727356,0.5057108998298645
557,-0.7709895968437195,3.102384328842163
558,-1.3709402084350586,7.106090068817139
559,-1.5874600410461426,0.6862159371376038
560,-1.9093992710113525,5.423388957977295
561,-1.4359596967697144,7.162336349487305
562,-1.4829292297363281,7.165050506591797
563,1.562633991241455,-4.248133182525635
564,1.6909596920013428,-0.21069899201393127
565,-3.599055051803589,8.611845970153809
566,-1.4153813123703003,6.927585601806641
567,-1.354662299156189,6.953125476837158
568,-1.3646053075790405,6.970663547515869
569,-1.162879467010498,7.583527088165283
570,-1.4056196212768555,7.051159381866455
571,-1.4569423198699951,7.231016159057617
572,-1.2669367790222168,6.5683465003967285
573,-0.8989141583442688,4.8749260902404785
574,-1.681227684020996,8.800684928894043
575,-1.5015538930892944,7.148379325866699
576,-1.4513812065124512,7.203952789306641
577,-1.4499428272247314,7.10797119140625
578,-1.3874731063842773,7.037981986999512
579,-0.5035461783409119,7.810303211212158
580,-1.425941824913025,7.051975250244141
581,-1.3786201477050781,8.110705375671387
582,-1.3486117124557495,6.9045939445495605
583,-1.5002102851867676,7.0914306640625
584,-1.6093480587005615,2.849524974822998
585,-1.31015944480896,7.061553001403809
586,1.5545657873153687,3.5850393772125244
587,-1.4774402379989624,4.560571670532227
588,-1.4351015090942383,6.944551944732666
589,-1.4212689399719238,6.962411403656006
590,-1.3423703908920288,6.977694511413574
591,-2.134892225265503,6.148488998413086
592,-0.9186338782310486,7.788252830505371
593,-1.4227524995803833,3.6074233055114746
594,2.525761365890503,10.092952728271484
595,-1.455590844154358,7.1061506271362305
596,-1.3879927396774292,6.929342269897461
597,-0.2833196520805359,8.349970817565918
598,-1.4866951704025269,7.2216796875
599,-1.718536376953125,0.8681009411811829
600,-1.4845471382141113,7.238004207611084
601,5.2394914627075195,15.29726505279541
602,1.2450038194656372,2.4094836711883545
603,-1.7359344959259033,6.334738731384277
604,-1.4011178016662598,2.9775452613830566
605,-0.8536393046379089,7.082831382751465
606,-1.2459437847137451,6.728766441345215
607,-1.2427406311035156,7.039074420928955
608,-1.4063892364501953,7.038569450378418
609,-1.4383749961853027,7.194421768188477
610,-1.4231669902801514,7.185225963592529
611,-0.6076285243034363,4.428915500640869
612,-1.4054815769195557,6.983550548553467
613,-1.345020055770874,7.115856170654297
614,-0.5315240621566772,3.576307535171509
615,-2.152008056640625,6.000460147857666
616,0.7573566436767578,5.67197322845459
617,-0.24530096352100372,7.471465110778809
618,-1.819858193397522,7.079347133636475
619,-1.3516507148742676,8.403852462768555
620,-1.8201930522918701,9.085895538330078
621,-1.3196313381195068,7.048925399780273
622,-1.611820101737976,6.1399359703063965
623,-1.39632248878479,7.01390266418457
624,9.70418643951416,6.662879943847656
625,-0.759732186794281,7.24358606338501
626,2.297628164291382,-3.040184736251831
627,-1.46324622631073,7.0254926681518555
628,-1.4546806812286377,7.187213897705078
629,-1.373731255531311,6.996819972991943
630,-1.4631863832473755,7.145016193389893
631,1.4019792079925537,9.658774375915527
632,-1.5811653137207031,6.944399356842041
633,-0.27737957239151,6.177297115325928
634,-1.0683225393295288,4.694157123565674
635,-4.9943389892578125,1.4424927234649658
636,-1.601680040359497,3.499671220779419
637,-1.4237016439437866,6.9842071533203125
638,-1.3668359518051147,6.9452691078186035
639,-1.388405203819275,7.01820182800293
640,-2.489210367202759,4.954775810241699
641,7.987661838531494,-14.383681297302246
642,-1.3933517932891846,8.340328216552734
643,2.010509967803955,-3.0620219707489014
644,-1.6835044622421265,6.498196125030518
645,4.416872024536133,-1.884078025817871
646,-0.10479612648487091,2.402045249938965
647,-1.0885848999023438,6.388901710510254
648,-1.3974430561065674,7.104952335357666
649,-1.4633225202560425,7.003868103027344
650,-1.4317855834960938,7.06744384765625
651,-1.3288536071777344,6.995596408843994
652,-1.2287161350250244,7.149580955505371
653,-1.4864634275436401,7.073005199432373
654,-1.4800264835357666,7.004608631134033
655,-0.2015068084001541,8.547904014587402
656,-1.2646887302398682,6.671001434326172
657,0.05040137469768524,6.446078300476074
658,-1.4903333187103271,6.987764835357666
659,-1.328698754310608,7.087450981140137
660,-2.028938055038452,6.0970282554626465
661,-0.27323681116104126,5.277220726013184
662,0.39957481622695923,9.183341979980469
663,8.463817596435547,-9.128191947937012
664,-1.1719086170196533,8.331507682800293
665,-1.1262643337249756,6.041078567504883
666,-1.3496904373168945,4.369871139526367
667,-1.5002249479293823,7.032691478729248
668,-1.4660468101501465,6.959759712219238
669,1.2156054973602295,-3.659428596496582
670,-1.4149067401885986,6.9798688888549805
671,-0.5126170516014099,8.381970405578613
672,-1.3116587400436401,7.042377948760986
673,-4.821696758270264,1.6133427619934082
674,2.778127670288086,-4.93751335144043
675,-1.4086337089538574,6.956873416900635
676,-1.4428844451904297,7.045220375061035
677,2.103832244873047,-3.4639956951141357
678,-1.417480707168579,7.125937461853027
679,-2.3242404460906982,4.995160102844238
680,2.8632187843322754,-4.406744003295898
681,-1.3603432178497314,7.041958332061768
682,-1.3954144716262817,7.0019683837890625
683,-1.438119888305664,7.079183578491211
684,-1.4337470531463623,7.152462005615234
685,-1.373342514038086,7.040737152099609
686,-0.6592047810554504,5.377048492431641
687,-2.3243730068206787,6.033117294311523
688,-2.8431203365325928,4.83717155456543
689,-1.3529402017593384,7.058088302612305
690,-1.501663327217102,7.055594444274902
691,-0.24205513298511505,7.4775071144104
692,-1.497315526008606,6.967766284942627
693,-1.1903812885284424,4.991161346435547
694,2.1082255840301514,0.2102774679660797
695,-1.4484801292419434,7.085446357727051
696,-1.3786665201187134,7.024450778961182
697,-1.2856974601745605,7.476907730102539
698,-1.1208783388137817,6.710261821746826
699,2.069591999053955,-6.401870250701904
700,-0.9662019610404968,7.986400604248047
701,-1.4509005546569824,7.028539180755615
702,-1.3520174026489258,6.950557708740234
703,-1.338903784751892,6.907777786254883
704,-1.3323118686676025,7.104441165924072
705,-1.3533120155334473,7.015113830566406
706,3.040691614151001,-5.429208755493164
707,-1.4252873659133911,7.177161693572998
708,5.043034076690674,13.101466178894043
709,-1.417040228843689,6.932651996612549
710,-1.4590177536010742,7.2222418785095215
711,-3.5268142223358154,1.5658423900604248
712,-0.08692450821399689,2.6020939350128174
713,-1.419140338897705,7.06577205657959
714,-1.4610857963562012,7.032915115356445
715,-1.4406869411468506,7.186972618103027
716,-1.3513703346252441,6.533986568450928
717,-1.1913540363311768,7.090333938598633
718,-3.1401495933532715,1.3861851692199707
719,-1.41417396068573,7.13198184967041
720,-1.3606047630310059,6.917421817779541
721,-1.4646642208099365,7.01521110534668
722,3.032947540283203,-5.111186981201172
723,-1.858821988105774,8.45158576965332
724,-1.3973420858383179,7.124197483062744
725,-1.5345549583435059,7.8133673667907715
726,-0.7349767088890076,7.788034915924072
727,-1.440156102180481,6.9827494621276855
728,-1.447909951210022,7.203944206237793
729,-0.3729315400123596,3.3012654781341553
730,-1.3812174797058105,6.915765762329102
731,-1.3274530172348022,7.026238441467285
732,2.783538818359375,4.576301574707031
733,1.3411366939544678,4.199613571166992
734,-1.3968110084533691,7.092310905456543
735,-1.3987009525299072,7.136927127838135
736,-1.3156723976135254,7.078210830688477
737,-0.6979936957359314,8.088197708129883
738,-1.7751851081848145,2.7924001216888428
739,-1.3984521627426147,7.083940505981445
740,-1.371937870979309,6.991075038909912
741,-2.4255881309509277,0.07823716849088669
742,-1.4542913436889648,7.190421104431152
743,-1.015662670135498,7.793454647064209
744,-4.3129143714904785,2.209398031234741
745,-1.4685560464859009,7.059874534606934
746,-1.3740500211715698,7.15099573135376
747,-1.364112377166748,8.483733177185059
748,-1.3219321966171265,7.049654960632324
749,-1.508589267730713,7.000237464904785
750,-1.5940662622451782,6.834229946136475
751,-1.489433765411377,7.17102575302124
752,-1.0571939945220947,2.217150926589966
753,-0.675102174282074,6.634610176086426
754,-1.333025336265564,6.975699424743652
755,-1.2569423913955688,6.706701278686523
756,-2.244882106781006,7.268794059753418
757,-0.32331568002700806,3.411630868911743
758,0.8763068318367004,3.3104898929595947
759,0.5930482149124146,3.60615611076355
760,-1.3272122144699097,7.042255401611328
761,-1.3431665897369385,7.054289817810059
762,-1.8076612949371338,1.2785834074020386
763,-1.426401138305664,7.153083801269531
764,3.6304500102996826,8.239730834960938
765,-1.254382610321045,7.664474964141846
766,-0.22745127975940704,7.755569934844971
767,-0.5732664465904236,6.9867963790893555
768,-1.4318872690200806,7.1541748046875
769,-1.846724033355713,7.241684913635254
770,-1.4237170219421387,7.057265281677246
771,-1.33965003490448,6.917659282684326
772,-2.0087502002716064,4.21614408493042
773,-1.3642576932907104,7.011523246765137
774,-1.1306538581848145,8.118762016296387
775,-1.4367988109588623,7.036884784698486
776,-1.3509305715560913,6.924825191497803
777,-1.008791208267212,7.853325366973877
778,-1.4069569110870361,6.947650909423828
779,-0.6295015215873718,4.931242942810059
780,-0.8493298888206482,7.414843559265137
781,1.6164875030517578,-2.2823259830474854
782,-1.385716438293457,7.111117362976074
783,-1.9731796979904175,6.103334426879883
784,-1.4010242223739624,6.914709091186523
785,-1.3663336038589478,7.204331398010254
786,-1.1428935527801514,7.5806779861450195
787,-1.514987826347351,7.053997993469238
788,-1.4019302129745483,7.114427089691162
789,-1.2493847608566284,5.280426979064941
790,-1.4964985847473145,7.0621185302734375
791,-1.5133800506591797,7.181705474853516
792,-1.4225258827209473,7.094220161437988
793,-1.5098669528961182,7.033472061157227
794,-1.3702504634857178,7.145229339599609
795,-3.2820262908935547,1.1215362548828125
796,-1.4624143838882446,7.2289347648620605
797,3.1732561588287354,4.600139141082764
798,-1.1830599308013916,6.724996566772461
799,-1.4173450469970703,6.967928886413574
800,-1.3746284246444702,7.037832736968994
801,-1.2719731330871582,6.8386688232421875
802,-1.4451911449432373,7.193103790283203
803,-4.400003910064697,0.8641882538795471
804,-1.3726428747177124,6.891059398651123
805,-1.545912504196167,8.82903003692627
806,-1.3189568519592285,6.979771137237549
807,-1.2705202102661133,7.196732044219971
808,-1.806373119354248,4.8779988288879395
809,-0.39844363927841187,5.367926597595215
810,-1.121780514717102,6.904010772705078
811,-1.5311435461044312,7.109974384307861
812,-1.5063738822937012,7.004518508911133
813,-1.6387124061584473,8.567131996154785
814,-1.3463695049285889,6.996355056762695
815,-0.7674574255943298,7.135063171386719
816,-2.164865255355835,6.727179050445557
817,-1.4231892824172974,7.169922828674316
818,-5.570123672485352,1.8957891464233398
819,-1.779134750366211,6.696011066436768
820,-2.559251308441162,5.388058662414551
821,-0.9827776551246643,6.234188079833984
822,-1.3118033409118652,7.0321044921875
823,-1.9498281478881836,3.5200908184051514
824,-1.3209092617034912,6.763308525085449
825,-1.4613738059997559,7.011269569396973
826,-1.3435176610946655,7.048511981964111
827,1.8766629695892334,3.7387213706970215
828,-1.405937671661377,6.816633701324463
829,-1.737446665763855,4.685571670532227
830,-3.440586566925049,7.2436041831970215
831,-1.1710479259490967,7.97022819519043
832,-1.4592597484588623,7.066763877868652
833,-1.0313591957092285,4.447731971740723
834,-1.3901995420455933,7.209387302398682
835,0.07276634871959686,1.858466625213623
836,-1.202210545539856,5.229199409484863
837,2.059739589691162,0.6877143383026123
838,1.5733458995819092,-2.1463143825531006
839,-1.4926544427871704,7.109344482421875
840,-1.3462873697280884,7.048827171325684
841,5.724603176116943,7.243354797363281
842,0.22492514550685883,2.9599316120147705
843,-1.341820240020752,6.891773700714111
844,-1.3503718376159668,7.100117206573486
845,-1.4684875011444092,7.065767288208008
846,0.25336211919784546,5.499164581298828
847,-1.4185055494308472,6.612271308898926
848,-2.3263192176818848,1.996734380722046
849,-1.4246290922164917,7.16526985168457
850,-0.5746752619743347,8.032825469970703
851,-1.6884033679962158,8.777525901794434
852,-0.4449304938316345,4.763826370239258
853,-1.5538209676742554,5.4199018478393555
854,-1.3937748670578003,7.083771705627441
855,-1.4551588296890259,6.974374771118164
856,-1.579040765762329,7.016114711761475
857,-1.380445957183838,5.459107875823975
858,6.1345648765563965,15.567835807800293
859,-1.4363889694213867,7.1040940284729
860,-1.435904860496521,7.089275360107422
861,-1.3861538171768188,6.916743278503418
862,1.6712026596069336,4.359003067016602
863,0.5771201252937317,2.4147775173187256
864,4.5620222091674805,-0.48479601740837097
865,-1.4317944049835205,6.946173667907715
866,-1.3739361763000488,7.0473432540893555
867,2.2022347450256348,-4.5783281326293945
868,0.5139403939247131,8.695755958557129
869,-1.4379509687423706,7.180639266967773
870,-1.3350063562393188,6.984918117523193
871,-0.9903320670127869,6.21445894241333
872,-1.4119666814804077,6.964314937591553
873,-1.4200398921966553,7.057234764099121
874,-1.3450722694396973,6.891521453857422
875,1.0091485977172852,-2.754770040512085
876,-1.4753386974334717,7.114075183868408
877,-1.4037108421325684,6.973967552185059
878,-1.4497184753417969,6.977126121520996
879,2.533017635345459,4.551483631134033
880,-1.367595911026001,7.0401930809021
881,-2.034965753555298,4.90460205078125
882,-1.6881496906280518,6.830201148986816
883,-1.4121943712234497,7.072841644287109
884,-1.384269118309021,7.1071624755859375
885,-0.9469935297966003,5.1279497146606445
886,-2.199349880218506,6.008703231811523
887,-4.773201942443848,2.6210415363311768
888,1.945892572402954,-4.2137908935546875
889,0.41789186000823975,0.7055152654647827
890,-1.66222083568573,6.8133955001831055
891,-1.452614426612854,6.951664924621582
892,-1.2779619693756104,7.255864143371582
893,-1.33986234664917,7.038168907165527
894,1.2699283361434937,8.311298370361328
895,-1.478511095046997,7.201072692871094
896,-1.3539531230926514,6.986474990844727
897,-1.4146335124969482,7.00804328918457
898,-4.734777927398682,2.5437800884246826
899,-1.2977497577667236,7.47941780090332
900,-1.3871101140975952,7.105485916137695
901,-1.5170973539352417,7.066343784332275
902,8.25059986114502,3.1652028560638428
903,-1.4963886737823486,7.126673221588135
904,0.27113109827041626,9.117480278015137
905,-1.4633710384368896,7.150999069213867
906,-1.1524906158447266,6.372556209564209
907,-1.2959564924240112,6.132907390594482
908,-1.4945144653320312,7.153501033782959
909,-1.4285190105438232,7.1721296310424805
910,-1.4023263454437256,7.146984100341797
911,-1.345149278640747,6.896061420440674
912,-1.4198081493377686,7.107990264892578
913,5.048126697540283,7.403669357299805
914,-1.3600784540176392,7.029807090759277
915,-1.4647245407104492,7.01961612701416
916,-0.029810622334480286,7.65367317199707
917,-1.4234367609024048,7.187591552734375
918,4.726467609405518,11.550469398498535
919,-5.698294639587402,-6.342982769012451
920,16.134973526000977,6.3208513259887695
921,-1.4086776971817017,7.063182830810547
922,-2.298987865447998,6.174830436706543
923,-1.4796772003173828,7.054502487182617
924,-1.9243192672729492,4.406976699829102
925,-1.4429947137832642,7.109472274780273
926,-1.3435249328613281,6.9384636878967285
927,-0.8564504981040955,6.779541015625
928,-1.4310307502746582,6.937502861022949
929,-5.289915561676025,1.968167781829834
930,-1.4796090126037598,7.187444686889648
931,-1.443825125694275,6.947919845581055
932,-1.4122017621994019,6.953694820404053
933,3.4768898487091064,6.990572929382324
934,-1.4050763845443726,7.036139965057373
935,-1.3531215190887451,7.940712928771973
936,-1.4675462245941162,7.164421558380127
937,4.7195281982421875,-8.628622055053711
938,2.744035005569458,-7.784139633178711
939,-1.4655890464782715,7.644991397857666
940,-1.3760490417480469,5.681732177734375
941,-1.4223982095718384,7.056674957275391
942,-1.4064885377883911,6.927140712738037
943,-1.4274864196777344,1.4740943908691406
944,-0.8847464919090271,6.4651198387146
945,-1.4843080043792725,6.639155387878418
946,-1.3441773653030396,7.079145908355713
947,-1.4527877569198608,7.0821990966796875
948,-1.3687961101531982,6.896240711212158
949,-1.4922314882278442,7.130962371826172
950,-1.4117947816848755,6.979860782623291
951,-1.4543899297714233,7.175055027008057
952,-1.4869916439056396,7.137888431549072
953,1.5135000944137573,9.537430763244629
954,13.047792434692383,2.838225841522217
955,-0.7836214303970337,-1.1773898601531982
956,-1.3243672847747803,6.9770917892456055
957,-3.562119483947754,2.344151735305786
958,-1.5428566932678223,5.490875244140625
959,-1.3268334865570068,7.04398775100708
960,-1.4527997970581055,7.013343334197998
961,-1.5159956216812134,7.0428361892700195
962,-0.891065776348114,7.2768120765686035
963,4.554128170013428,3.9981958866119385
964,-0.8728763461112976,6.433463096618652
965,-1.4373159408569336,7.134033203125
966,-0.14419575035572052,7.170185089111328
967,-1.4449468851089478,7.057766914367676
968,-1.460595726966858,7.211711406707764
969,-1.5046111345291138,7.117646217346191
970,-0.9855117201805115,6.882526874542236
971,-1.504429817199707,7.07753849029541
972,-0.7453495860099792,7.94291877746582
973,-1.3773049116134644,6.892697334289551
974,1.4545979499816895,-2.2442100048065186
975,0.04584042727947235,2.76033091545105
976,-1.4489953517913818,7.113079071044922
977,-1.1376206874847412,7.003185272216797
978,-1.1942224502563477,7.0796732902526855
979,-4.774723052978516,1.2930103540420532
980,-1.40912663936615,7.0570268630981445
981,-1.242559552192688,-6.514369487762451
982,1.5641236305236816,-6.233509063720703
983,-0.12852056324481964,4.86500883102417
984,0.16344980895519257,4.863201141357422
985,1.9491336345672607,10.222593307495117
986,0.2826526165008545,2.7196037769317627
987,-1.3827084302902222,6.977679252624512
988,5.452311038970947,13.595541954040527
989,-2.127376079559326,1.3302295207977295
990,-1.7207872867584229,8.532448768615723
991,0.4244837164878845,5.701419353485107
992,-1.3488569259643555,7.021561622619629
993,-1.332205057144165,7.126481533050537
994,0.07001762092113495,7.962238311767578
995,-1.4401010274887085,7.089657783508301
996,-1.3143274784088135,7.059030532836914
997,-0.4941108822822571,5.412851333618164
998,-3.8920092582702637,-9.597704887390137
999,-0.27797096967697144,3.342219591140747
1000,-1.4191052913665771,7.027866363525391
1001,-1.3961905241012573,7.079022407531738
1002,-1.4058011770248413,6.914328575134277
1003,-0.6709372401237488,6.3391876220703125
1004,2.056488037109375,-4.238378524780273
1005,-1.3177191019058228,7.081854820251465
1006,-0.25115782022476196,4.29269552230835
1007,-1.1444387435913086,4.284144878387451
1008,-1.436038851737976,7.115006923675537
1009,6.981928825378418,7.636290550231934
1010,-1.351760983467102,6.892575263977051
1011,0.5559530854225159,9.076258659362793
1012,1.456520438194275,-1.9926278591156006
1013,-1.3946633338928223,6.946300029754639
1014,-1.162054181098938,6.725109577178955
1015,0.2496679276227951,-13.142121315002441
1016,-1.346226453781128,7.014288902282715
1017,-1.8460705280303955,8.762887001037598
1018,0.6418349742889404,2.6461021900177
1019,-1.2322903871536255,5.817862510681152
1020,-1.474381446838379,6.988207817077637
1021,-1.3463690280914307,7.120327949523926
1022,-1.4030224084854126,7.202889442443848
1023,-1.3942033052444458,7.10347843170166
1024,-1.4562371969223022,7.122064113616943
1025,-1.3561640977859497,7.152266502380371
1026,-1.468306064605713,7.147729873657227
1027,-1.4153696298599243,6.947326183319092
1028,-1.3955249786376953,7.0294084548950195
1029,-0.8755249381065369,5.9000654220581055
1030,-1.467197060585022,7.020695209503174
1031,0.8082337975502014,7.303934097290039
1032,-5.596155166625977,2.038501024246216
1033,-1.235619068145752,7.188576698303223
1034,-1.425587773323059,6.978449821472168
1035,-1.3340933322906494,7.082636833190918
1036,-1.468239188194275,7.082529544830322
1037,-1.3498438596725464,6.905543327331543
1038,16.564340591430664,1.7112427949905396
1039,-1.1715879440307617,3.644162893295288
1040,-1.3833465576171875,7.05345344543457
1041,-1.73702073097229,9.089692115783691
1042,-1.4384129047393799,6.859974384307861
1043,-1.9800167083740234,7.539886474609375
1044,-1.4713150262832642,6.784196853637695
1045,2.107278347015381,3.0882785320281982
1046,-1.4909557104110718,7.191655158996582
1047,-1.4187791347503662,7.13622522354126
1048,-0.5641903281211853,5.071623802185059
1049,5.832632064819336,-6.161203861236572
1050,-2.7896692752838135,4.081981182098389
1051,-1.4621410369873047,7.219168186187744
1052,-1.4592944383621216,7.017218112945557
1053,-1.325806975364685,6.968106269836426
1054,-1.4540276527404785,7.093259811401367
1055,-3.6561505794525146,1.6258374452590942
1056,-1.5014504194259644,6.9882893562316895
1057,-1.2096915245056152,7.544378757476807
1058,-4.867213726043701,2.3725781440734863
1059,-1.6735615730285645,8.546388626098633
1060,-1.5831425189971924,7.794443130493164
1061,-1.417559266090393,6.957836151123047
1062,1.5629687309265137,8.665994644165039
1063,-1.4461297988891602,7.176752090454102
1064,1.8072450160980225,7.298900604248047
1065,-1.7269840240478516,5.470218658447266
1066,-1.4628766775131226,7.023134708404541
1067,-1.3157241344451904,7.018983364105225
1068,-1.4769885540008545,7.081965923309326
1069,-1.469193935394287,6.007457256317139
1070,4.00357723236084,-6.551618576049805
1071,-4.359406471252441,1.4589569568634033
1072,0.27605539560317993,6.642740249633789
1073,-1.9728972911834717,-0.5214030742645264
1074,1.9946396350860596,3.8998608589172363
1075,-1.3731129169464111,6.967633247375488
1076,-1.315586805343628,7.055270671844482
1077,-0.08443160355091095,3.5194928646087646
1078,-1.3852788209915161,7.135843276977539
1079,-0.8313714861869812,7.680066108703613
1080,-1.5272960662841797,7.533034324645996
1081,2.9110963344573975,-7.346225738525391
1082,-1.3905946016311646,6.967827796936035
1083,-1.3997950553894043,7.014704704284668
1084,0.10872094333171844,5.380577564239502
1085,-0.7617236375808716,3.1167171001434326
1086,-1.0629879236221313,6.736014366149902
1087,-1.8084248304367065,4.523876190185547
1088,-1.3903648853302002,7.106305122375488
1089,-1.2888193130493164,7.357634544372559
1090,-1.2908154726028442,5.7678422927856445
1091,-0.23313255608081818,8.506959915161133
1092,2.989731550216675,12.447768211364746
1093,0.8523569703102112,2.3702573776245117
1094,-1.3694528341293335,6.615410804748535
1095,-1.4360615015029907,7.1944169998168945
1096,-1.3350555896759033,7.053947448730469
1097,-2.9968223571777344,1.1994152069091797
1098,-0.42003339529037476,8.151069641113281
1099,-1.4401606321334839,7.0984039306640625
1100,-1.1327285766601562,8.376757621765137
1101,-1.9266210794448853,7.504355430603027
1102,-1.4564275741577148,7.121550559997559
1103,-1.451171875,7.178706645965576
1104,-1.880411148071289,6.764144420623779
1105,-2.984103202819824,1.7059307098388672
1106,-1.0877454280853271,8.003811836242676
1107,-2.4143803119659424,-1.4199280738830566
1108,-1.372367024421692,7.096132278442383
1109,-1.421609878540039,7.154560089111328
1110,4.333623886108398,-6.054447174072266
1111,-1.3158965110778809,7.794454097747803
1112,-1.4407280683517456,3.692147970199585
1113,-1.4638361930847168,6.991643905639648
1114,-1.4167298078536987,7.105692386627197
1115,-1.741463303565979,6.684512615203857
1116,-1.3441357612609863,7.04727840423584
1117,-1.6004838943481445,8.437312126159668
1118,-0.540067732334137,4.165183067321777
1119,-1.3074241876602173,7.072864055633545
1120,1.4438765048980713,-1.8648278713226318
1121,-1.7530207633972168,0.06482397764921188
1122,-1.3824775218963623,7.022851467132568
1123,-1.3630551099777222,7.020596504211426
1124,4.744983196258545,14.09237003326416
1125,-1.658052921295166,6.337104320526123
1126,-0.0055770426988601685,9.136747360229492
1127,-0.9677919745445251,8.278182983398438
1128,-1.5050255060195923,7.114253997802734
1129,0.7428151965141296,8.531218528747559
1130,-1.433895468711853,7.142187118530273
1131,-1.349656581878662,7.11570930480957
1132,-1.3437304496765137,6.977620601654053
1133,-1.1886833906173706,6.298342704772949
1134,-1.9636361598968506,5.987117767333984
1135,-1.3857159614562988,6.964858531951904
1136,-0.9307917356491089,3.830613374710083
1137,-1.4886173009872437,7.1626667976379395
1138,-1.3510701656341553,6.988157749176025
1139,-1.4931962490081787,7.9136857986450195
1140,-1.3949675559997559,6.988314628601074
1141,-1.461629033088684,7.191562175750732
1142,-1.4640601873397827,7.164321422576904
1143,-1.468991994857788,7.138940811157227
1144,-1.2419328689575195,6.4619245529174805
1145,-1.3945965766906738,6.914682388305664
1146,-1.443517804145813,7.043649196624756
1147,-0.8066484332084656,7.668882369995117
1148,-1.386025309562683,7.129148006439209
1149,-1.3866714239120483,7.08724308013916
1150,-0.703269898891449,5.0588226318359375
1151,-0.7785410284996033,6.168610095977783
1152,-1.4269156455993652,7.103557586669922
1153,-1.4396594762802124,4.885641098022461
1154,-1.2405925989151,6.721473217010498
1155,-1.3841060400009155,7.095757961273193
1156,-1.3984733819961548,7.001503944396973
1157,-1.1086270809173584,4.80251407623291
1158,-1.4614472389221191,6.655345439910889
1159,-1.4350247383117676,7.043187618255615
1160,-1.8568059206008911,-0.43633148074150085
1161,-1.3532679080963135,7.0681352615356445
1162,-1.4206329584121704,6.998713970184326
1163,-0.8823229670524597,6.963161468505859
1164,-1.3610776662826538,7.099681854248047
1165,-1.3660542964935303,7.028429985046387
1166,-1.4580512046813965,7.141928672790527
1167,-0.6981896758079529,6.869414329528809
1168,-0.06317408382892609,2.1067185401916504
1169,-1.317699909210205,7.5695953369140625
1170,-0.5328919887542725,2.3413591384887695
1171,1.0291024446487427,-5.611026763916016
1172,-3.7619988918304443,0.6157688498497009
1173,-1.4279286861419678,6.943009376525879
1174,-1.2881509065628052,6.090855121612549
1175,0.6435279846191406,5.927834510803223
1176,-1.5021934509277344,7.038873195648193
1177,-2.178446054458618,6.570100784301758
1178,-1.380579948425293,6.92423152923584
1179,-1.3641479015350342,7.0689496994018555
1180,-0.9880241751670837,6.132890224456787
1181,-1.5728979110717773,-1.8965108394622803
1182,-1.4364805221557617,7.180510997772217
1183,-1.3527045249938965,6.891972541809082
1184,-1.499875545501709,7.087525844573975
1185,-1.0970497131347656,7.744592189788818
1186,-1.5422025918960571,7.14083194732666
1187,-1.5328502655029297,5.78591251373291
1188,-1.4412164688110352,7.065023422241211
1189,-1.5124667882919312,7.009969234466553
1190,-1.0819313526153564,5.362978458404541
1191,-1.4240608215332031,7.0399274826049805
1192,-1.427863597869873,6.945115089416504
1193,-1.7251734733581543,8.737381935119629
1194,-0.5634893774986267,7.898309230804443
1195,-1.3792345523834229,6.898838996887207
1196,-1.4213271141052246,7.1609954833984375
1197,-1.4717305898666382,7.213897705078125
1198,-1.3477210998535156,6.902862548828125
1199,-1.487230658531189,7.02831506729126
1200,-0.9922230839729309,6.070265769958496
1201,-1.322265386581421,7.105430603027344
1202,-1.4739835262298584,7.208738327026367
1203,-2.7027599811553955,2.4948890209198
1204,-1.5022809505462646,7.026827812194824
1205,-1.5538142919540405,7.434203147888184
1206,-1.4267476797103882,7.086712837219238
1207,5.264632701873779,14.97512435913086
1208,-1.3594779968261719,7.057915210723877
1209,-1.3616218566894531,7.8726067543029785
1210,-1.3655366897583008,6.911163806915283
1211,-1.3404152393341064,7.026731967926025
1212,3.768817663192749,-6.747575759887695
1213,-1.6396923065185547,5.507225513458252
1214,1.434022068977356,-1.8127944469451904
1215,-0.40183961391448975,3.7448418140411377
1216,-0.19172801077365875,1.5817441940307617
1217,6.274104118347168,-4.220948219299316
1218,-1.3812122344970703,8.094037055969238
1219,-0.48114699125289917,6.257923603057861
1220,-0.6213569045066833,5.442254543304443
1221,-1.3405635356903076,6.881862640380859
1222,-1.36266028881073,7.050198078155518
1223,2.1058456897735596,-2.0107059478759766
1224,-1.942344069480896,6.324620246887207
1225,-1.0845484733581543,6.936830997467041
1226,4.8361029624938965,7.488532066345215
1227,-1.5023311376571655,5.461808204650879
1228,-0.5931796431541443,1.8757407665252686
1229,-1.471972942352295,7.20746374130249
1230,-2.3061153888702393,3.0174832344055176
1231,-1.5347497463226318,7.4125165939331055
1232,-1.4162427186965942,7.164516925811768
1233,-1.4267241954803467,7.024428844451904
1234,-1.457496166229248,7.036088943481445
1235,-0.085859015583992,1.1003373861312866
1236,-1.4659638404846191,7.0797438621521
1237,-0.14818830788135529,4.216617584228516
1238,-1.4975390434265137,7.169412612915039
1239,-1.9597355127334595,-0.19915837049484253
1240,3.8076658248901367,8.489555358886719
1241,-2.310784101486206,1.4196555614471436
1242,-0.37244564294815063,-0.7397733926773071
1243,-1.3993160724639893,6.938141822814941
1244,-1.4417428970336914,7.1289873123168945
1245,-1.4072648286819458,7.14532470703125
1246,1.4447041749954224,-7.357786178588867
1247,-1.9641636610031128,7.520180702209473
1248,-1.352760672569275,7.016993999481201
1249,-1.363497257232666,7.07786750793457
1250,-1.374280333518982,7.058256149291992
1251,-0.03047950565814972,4.08909273147583
1252,-1.4451254606246948,7.145493984222412
1253,1.2311232089996338,8.729155540466309
1254,-1.073885440826416,8.139399528503418
1255,-1.3817453384399414,7.000807762145996
1256,1.0493905544281006,6.464779853820801
1257,0.960220992565155,2.916499614715576
1258,-1.6774609088897705,6.544489860534668
1259,1.037619709968567,9.9965181350708
1260,-1.0808746814727783,7.948953628540039
1261,-0.7146438956260681,7.661469459533691
1262,-1.4618960618972778,7.004148483276367
1263,-1.4331881999969482,7.100069999694824
1264,-1.481177568435669,6.905183792114258
1265,-1.3559565544128418,7.124589443206787
1266,-1.4289531707763672,7.035177230834961
1267,-1.3845677375793457,7.0468926429748535
1268,-1.4022865295410156,6.915119647979736
1269,1.0435744524002075,2.578160524368286
1270,-1.4194179773330688,7.145901679992676
1271,-0.9395336508750916,7.423295021057129
1272,1.2137103080749512,-2.983504295349121
1273,0.9083866477012634,-1.708662509918213
1274,1.038738489151001,2.5392494201660156
1275,-1.348306655883789,6.944377899169922
1276,-2.086895704269409,6.0815534591674805
1277,-1.3752423524856567,6.924685478210449
1278,-1.4985897541046143,7.148850440979004
1279,-1.3847953081130981,6.989372730255127
1280,-1.6470431089401245,5.666356086730957
1281,-1.3457978963851929,6.914233684539795
1282,-1.5104458332061768,7.009216785430908
1283,-1.5298652648925781,7.557887077331543
1284,-1.4249989986419678,3.749673843383789
1285,9.782906532287598,5.1012115478515625
1286,1.0857088565826416,4.744424819946289
1287,-1.344814658164978,7.0224504470825195
1288,-3.1171655654907227,7.329644203186035
1289,-0.4627334475517273,7.3150858879089355
1290,-1.4467827081680298,7.0117411613464355
1291,-1.3823312520980835,7.093783855438232
1292,3.8304498195648193,10.2732515335083
1293,15.323125839233398,5.153443336486816
1294,-1.4209121465682983,7.170978546142578
1295,-1.5024935007095337,7.124665260314941
1296,-1.5849167108535767,5.243620872497559
1297,1.7477116584777832,-2.2193450927734375
1298,1.5878949165344238,9.662866592407227
1299,2.2079102993011475,8.733195304870605
1300,-1.4618066549301147,6.981438636779785
1301,7.8445000648498535,-8.557027816772461
1302,-1.3939740657806396,6.930088043212891
1303,-0.9054945111274719,6.285820484161377
1304,-1.4984365701675415,7.085330009460449
1305,-0.8463901877403259,2.9267401695251465
1306,-1.5988579988479614,6.840300559997559
1307,-1.3225985765457153,7.034834861755371
1308,-1.295912265777588,6.555508613586426
1309,-1.4791122674942017,7.0261149406433105
1310,-0.776311457157135,3.6224377155303955
1311,-1.3749535083770752,7.013811111450195
1312,0.8009815812110901,8.886731147766113
1313,-1.0964003801345825,6.124221324920654
1314,-1.3075370788574219,3.582346200942993
1315,-3.3146378993988037,2.1784441471099854
1316,-1.4106591939926147,7.007268905639648
1317,-0.7070559859275818,3.093111276626587
1318,2.0397655963897705,8.862380027770996
1319,4.758511066436768,10.227293968200684
1320,-1.440700888633728,7.042691707611084
1321,-1.3642117977142334,7.010993957519531
1322,-1.110325813293457,7.637340068817139
1323,11.669816017150879,8.000665664672852
1324,-1.6295993328094482,6.865153789520264
1325,13.773947715759277,-1.2226349115371704
1326,-0.08416171371936798,8.867110252380371
1327,-3.438415050506592,-1.6013312339782715
1328,-1.429894208908081,7.158937454223633
1329,-1.335694670677185,6.912326812744141
1330,-1.372687816619873,7.032031059265137
1331,-1.9212734699249268,7.373021125793457
1332,-1.0165927410125732,6.821704387664795
1333,-1.4210588932037354,8.664304733276367
1334,-1.5005069971084595,7.0755696296691895
1335,1.4260692596435547,4.016797065734863
1336,-3.2394566535949707,1.6813459396362305
1337,-2.623152732849121,2.9251718521118164
1338,-1.3496023416519165,6.919155120849609
1339,0.24609069526195526,7.056478977203369
1340,0.08556537330150604,7.331969261169434
1341,-1.4404776096343994,7.198773384094238
1342,-1.440124750137329,7.083878040313721
1343,1.9010181427001953,-5.689059734344482
1344,3.720852851867676,9.886643409729004
1345,-0.8353778719902039,-0.18229281902313232
1346,-1.4215532541275024,6.995426177978516
1347,0.19687728583812714,2.5846383571624756
1348,1.8853487968444824,3.5020573139190674
1349,-5.1279191970825195,1.5724254846572876
1350,-1.505136489868164,7.019850730895996
1351,-1.6732555627822876,6.478699684143066
1352,-1.3542219400405884,6.928615570068359
1353,-4.499372482299805,1.6219029426574707
1354,-1.42732572555542,7.019968032836914
1355,-0.5905603766441345,7.073112487792969
1356,-0.38060444593429565,5.388969898223877
1357,-0.5814351439476013,7.137913703918457
1358,-1.4809942245483398,7.111566066741943
1359,-0.5900939106941223,2.9711101055145264
1360,-1.4007248878479004,7.05105447769165
1361,0.2735225558280945,1.9627667665481567
1362,-0.7480435967445374,3.6882874965667725
1363,-0.660097062587738,6.388980388641357
1364,-1.3728091716766357,7.11448335647583
1365,-1.3417401313781738,7.080789566040039
1366,-1.4792563915252686,7.136639595031738
1367,-1.3777124881744385,7.123252868652344
1368,1.8865561485290527,9.692907333374023
1369,-1.7955384254455566,8.68799877166748
1370,-1.4660555124282837,7.055561542510986
1371,-0.7698761820793152,1.246598720550537
1372,-1.47286057472229,6.998638153076172
1373,-1.3621703386306763,7.0080060958862305
1374,-1.329329490661621,7.1191935539245605
1375,-1.3699582815170288,6.963861465454102
1376,-1.7409905195236206,3.003441095352173
1377,10.899537086486816,8.825845718383789
1378,-1.7563812732696533,5.128286838531494
1379,-1.476968765258789,7.114351272583008
1380,-0.13132734596729279,5.099350452423096
1381,-1.4723976850509644,7.139900207519531
1382,-1.470950722694397,7.133980751037598
1383,1.358523964881897,2.8649518489837646
1384,0.1671517938375473,-2.775883674621582
1385,4.879157543182373,5.023282051086426
1386,-1.7687468528747559,4.757210731506348
1387,-1.4171725511550903,6.926794052124023
1388,0.4537423253059387,2.1492919921875
1389,-2.2162625789642334,1.3076963424682617
1390,-1.0977332592010498,8.200484275817871
1391,-1.3998581171035767,7.0314202308654785
1392,-1.4378963708877563,7.084623336791992
1393,-1.4509735107421875,6.949370861053467
1394,-1.6770867109298706,6.766229629516602
1395,1.6533976793289185,3.601959466934204
1396,-0.8966317772865295,6.691738605499268
1397,-1.6885697841644287,8.367460250854492
1398,-1.4152048826217651,7.028115272521973
1399,-0.8179473280906677,3.127763032913208
1400,-1.3617396354675293,7.136923789978027
1401,0.45078593492507935,2.6446821689605713
1402,-1.489675760269165,7.157788276672363
1403,-0.8910467028617859,7.466700553894043
1404,-1.4373120069503784,7.170416831970215
1405,0.8136572241783142,6.228851318359375
1406,-1.3759691715240479,6.950331687927246
1407,-1.3908088207244873,7.583596229553223
1408,-1.598297119140625,4.42653751373291
1409,-1.0975722074508667,5.031949996948242
1410,-1.353150486946106,6.975602626800537
1411,-1.4579057693481445,7.195083141326904
1412,0.6283422112464905,7.487615585327148
1413,-1.9317843914031982,7.1119585037231445
1414,7.433481693267822,3.9060685634613037
1415,-1.4070123434066772,7.07297420501709
1416,-2.2319211959838867,3.8655450344085693
1417,-1.4707880020141602,7.097011089324951
1418,-1.4315400123596191,7.080720901489258
1419,-0.7995789647102356,4.497208595275879
1420,0.700192391872406,4.740913391113281
1421,-1.405014991760254,7.025142192840576
1422,1.1055452823638916,4.529102325439453
1423,-1.7697241306304932,8.1703519821167
1424,-1.516945481300354,7.068007469177246
1425,-1.449386715888977,7.198554039001465
1426,-1.5726007223129272,7.153751850128174
1427,-1.354673981666565,6.950024604797363
1428,-1.3702160120010376,7.028342247009277
1429,-1.4339839220046997,7.044453144073486
1430,-1.3700895309448242,7.148932933807373
1431,-1.4690157175064087,7.104030609130859
1432,-1.335181474685669,7.025796413421631
1433,-1.4444873332977295,7.104269504547119
1434,1.5819040536880493,-0.6704696416854858
1435,-2.542879343032837,1.4339983463287354
1436,-1.559641718864441,7.163164138793945
1437,1.0230607986450195,1.546199083328247
1438,-1.331832766532898,7.090965270996094
1439,-4.235240459442139,0.9442503452301025
1440,-1.3699009418487549,6.996459484100342
1441,-1.4610847234725952,7.226074695587158
1442,4.999758243560791,-3.9445440769195557
1443,0.7811610102653503,7.142065048217773
1444,-1.459827184677124,7.055813312530518
1445,-1.4706417322158813,7.25206995010376
1446,0.04749150574207306,2.427060127258301
1447,2.1204781532287598,6.19464111328125
1448,-0.5678521990776062,6.533023357391357
1449,-0.7572419047355652,7.398298263549805
1450,-1.3615443706512451,8.394021034240723
1451,-1.6347534656524658,4.221134662628174
1452,-1.5980701446533203,5.509735584259033
1453,-1.3501315116882324,6.941108703613281
1454,-1.1143908500671387,8.089476585388184
1455,-0.41509348154067993,2.413191080093384
1456,-1.3550642728805542,7.011735439300537
1457,-1.3357226848602295,7.026068687438965
1458,-1.7548248767852783,8.761951446533203
1459,1.9317777156829834,3.0546183586120605
1460,3.5654094219207764,-5.9165143966674805
1461,-1.5831407308578491,7.426259994506836
1462,-0.8503703474998474,6.089451789855957
1463,-1.7893333435058594,4.267618656158447
1464,-1.5074126720428467,7.067105770111084
1465,-1.3915129899978638,7.005492210388184
1466,-1.3948562145233154,6.922994613647461
1467,-1.2962689399719238,8.566699028015137
1468,-0.8823005557060242,7.312960624694824
1469,-0.5027226805686951,7.506630897521973
1470,4.088306427001953,9.411388397216797
1471,-1.3348679542541504,6.943793296813965
1472,0.7450099587440491,7.494681358337402
1473,4.560490608215332,1.866567850112915
1474,-1.4584592580795288,7.085002899169922
1475,-1.4594236612319946,7.108148574829102
1476,-1.46541428565979,6.959001541137695
1477,-8.111052513122559,5.407629489898682
1478,-1.3201335668563843,7.081815719604492
1479,-1.5243531465530396,7.09926176071167
1480,-1.4305485486984253,7.064332962036133
1481,-1.3607996702194214,6.96262264251709
1482,-1.5135979652404785,7.34130859375
1483,-1.3792362213134766,4.569847106933594
1484,-1.2425117492675781,7.290696144104004
1485,-0.8990685343742371,6.348502159118652
1486,-0.7957165837287903,6.272749900817871
1487,-1.350985050201416,7.127650260925293
1488,-1.3623594045639038,6.92032527923584
1489,-1.3644973039627075,7.112180709838867
1490,-1.3193148374557495,7.075615882873535
1491,-1.3231414556503296,7.120243072509766
1492,-1.3549684286117554,6.984152317047119
1493,-1.3426655530929565,7.129020690917969
1494,-1.3677046298980713,6.960148811340332
1495,3.139211893081665,9.3727445602417
1496,-2.0206615924835205,-7.153000831604004
1497,-1.427817463874817,7.013952255249023
1498,-1.3387782573699951,7.072972774505615
1499,-0.10423584282398224,8.780787467956543
1500,5.184051990509033,2.9025967121124268
1501,-1.3868510723114014,6.98097562789917
1502,-3.3618266582489014,2.0253360271453857
1503,-0.9146291017532349,0.8193726539611816
1504,-1.4914265871047974,7.102099895477295
1505,-1.4156640768051147,7.02285099029541
1506,-1.4109628200531006,7.033967018127441
1507,-0.5530529618263245,6.013206958770752
1508,-0.2610909938812256,-3.225313186645508
1509,-1.347765564918518,7.043834209442139
1510,-1.367105484008789,6.922196865081787
1511,-1.7591339349746704,6.571841716766357
1512,-1.608705759048462,7.261839866638184
1513,5.025984764099121,14.391427040100098
1514,-1.0660746097564697,7.048460960388184
1515,0.450092613697052,8.46881103515625
1516,-1.413254976272583,7.083508491516113
1517,-1.24361252784729,6.80484676361084
1518,-0.8733388781547546,5.6800994873046875
1519,-1.3681421279907227,7.045277118682861
1520,2.377220392227173,10.3809175491333
1521,-1.4572337865829468,7.02352237701416
1522,-1.5263041257858276,6.99363899230957
1523,-1.0750153064727783,2.4578564167022705
1524,-1.4039472341537476,7.026968479156494
1525,4.259640216827393,9.374480247497559
1526,-2.283365249633789,3.1541876792907715
1527,-1.4739679098129272,7.141911506652832
1528,-1.5075136423110962,7.2345662117004395
1529,-0.8733753561973572,6.464593410491943
1530,-1.3402777910232544,7.03835916519165
1531,-1.2447348833084106,7.1360321044921875
1532,-1.9041244983673096,8.2112398147583
1533,0.27521294355392456,3.2191102504730225
1534,-3.2997000217437744,4.91786003112793
1535,-3.593763589859009,0.6682746410369873
1536,-1.4617586135864258,7.159886360168457
1537,-1.495037317276001,7.2935662269592285
1538,-1.3819231986999512,6.984885215759277
1539,-1.390702724456787,7.090278625488281
1540,-1.0724186897277832,6.51719856262207
1541,-1.3398915529251099,6.952578544616699
1542,-1.514788269996643,7.0351033210754395
1543,-1.4725041389465332,7.078378200531006
1544,-1.7512354850769043,6.878125190734863
1545,2.4798715114593506,2.839003801345825
1546,3.76003098487854,9.38563060760498
1547,-1.195803165435791,8.213743209838867
1548,-1.463034749031067,6.982142448425293
1549,-2.340125799179077,0.5887521505355835
1550,-1.3495508432388306,6.978574752807617
1551,-1.040239930152893,1.437855839729309
1552,6.4187750816345215,7.977147102355957
1553,4.321033000946045,3.8028995990753174
1554,-1.3627394437789917,7.079050540924072
1555,1.1183243989944458,-2.9117681980133057
1556,-1.3723883628845215,7.108146667480469
1557,-5.2280659675598145,2.2236838340759277
1558,-1.6686124801635742,6.342443466186523
1559,-1.3810310363769531,7.128508567810059
1560,-1.4687504768371582,7.040966510772705
1561,2.677259683609009,10.066267013549805
1562,-1.4463152885437012,7.072093963623047
1563,-0.27599918842315674,3.3163821697235107
1564,-2.0089845657348633,6.143059730529785
1565,3.2965550422668457,8.422198295593262
1566,0.15399812161922455,1.137911081314087
1567,-1.4878711700439453,6.993860721588135
1568,-1.3783091306686401,7.126463890075684
1569,0.34859806299209595,9.327420234680176
1570,-1.4318066835403442,7.034026145935059
1571,-1.4298946857452393,7.1214518547058105
1572,-1.172384262084961,8.514239311218262
1573,-0.2721852660179138,7.851568222045898
1574,-1.3757307529449463,7.027202129364014
1575,-1.6401267051696777,6.076747894287109
1576,-1.5790706872940063,7.396999359130859
1577,-2.8919150829315186,4.997621059417725
1578,-1.3501431941986084,6.916111946105957
1579,-1.4241068363189697,6.989226818084717
1580,-0.9742977023124695,5.799241065979004
1581,-1.4603363275527954,7.119564533233643
1582,-2.5306954383850098,-1.1639739274978638
1583,-1.3586266040802002,7.038124084472656
1584,-1.3724359273910522,6.9304986000061035
1585,15.302419662475586,-4.860701560974121
1586,-2.5095908641815186,3.479224443435669
1587,1.8048286437988281,-1.270810842514038
1588,-1.5943148136138916,6.65817403793335
1589,-1.393322229385376,6.962872505187988
1590,-1.3535964488983154,6.790021896362305
1591,-1.399727463722229,7.189655303955078
1592,-1.4442059993743896,7.052377223968506
1593,1.5826300382614136,-4.799149990081787
1594,3.5674216747283936,-4.225673198699951
1595,-0.6085461974143982,4.341394424438477
1596,-1.3793525695800781,7.05196475982666
1597,-1.4601876735687256,7.23153018951416
1598,0.8582130074501038,7.195019721984863
1599,0.5852987170219421,3.327986001968384
1600,-1.6592406034469604,6.93157958984375
1601,-1.946122407913208,2.205946445465088
1602,-1.1779131889343262,8.565454483032227
1603,-1.0094177722930908,6.988071441650391
1604,-1.6053582429885864,3.7849462032318115
1605,-1.3731778860092163,7.050899505615234
1606,-1.3713290691375732,7.945342063903809
1607,-1.0161404609680176,6.565065860748291
1608,-0.471129834651947,7.1890459060668945
1609,-1.0618703365325928,8.475010871887207
1610,-1.180311679840088,8.645110130310059
1611,-1.351122260093689,7.021186828613281
1612,-1.430199384689331,7.114591598510742
1613,-1.3847485780715942,7.033217430114746
1614,12.866068840026855,2.7173519134521484
1615,-0.7511819005012512,4.772023677825928
1616,-1.3859457969665527,7.06280517578125
1617,-1.8693326711654663,4.7940874099731445
1618,10.617616653442383,0.38623449206352234
1619,-1.431384563446045,7.164290904998779
1620,1.1330006122589111,-1.1690523624420166
1621,-1.4961212873458862,7.035292625427246
1622,-0.8786664605140686,6.597321033477783
1623,-1.3293319940567017,6.942967414855957
1624,-1.4236161708831787,7.765440464019775
1625,-1.3738727569580078,7.07508659362793
1626,1.7169443368911743,-3.0873610973358154
1627,-1.4728821516036987,7.026472091674805
1628,-1.7303197383880615,7.3077592849731445
1629,-1.4506508111953735,7.152322769165039
1630,-1.3558200597763062,7.070018768310547
1631,1.087982416152954,9.151659965515137
1632,-0.766113817691803,6.4136738777160645
1633,1.9180891513824463,4.951773643493652
1634,-1.3890959024429321,7.0564470291137695
1635,-1.118449330329895,5.960769176483154
1636,-1.465767741203308,7.005576133728027
1637,-1.3984545469284058,7.112092018127441
1638,0.8943066000938416,7.1273193359375
1639,0.9737361073493958,2.8047454357147217
1640,-2.354074239730835,0.5390090942382812
1641,-1.3645285367965698,7.095176696777344
1642,-1.5128958225250244,6.813114643096924
1643,-0.8936854004859924,5.063880443572998
1644,-1.3449054956436157,6.993569850921631
1645,-4.939499378204346,2.700791835784912
1646,-1.1951231956481934,7.465389251708984
1647,-1.3299051523208618,7.112943649291992
1648,-1.4109783172607422,7.058337688446045
1649,-0.9842485785484314,6.256163597106934
1650,-1.2195775508880615,7.864993095397949
1651,-1.9496043920516968,6.584928035736084
1652,0.7801893353462219,7.106625080108643
1653,-1.4822211265563965,7.152078628540039
1654,-0.8916696906089783,7.400215148925781
1655,-1.4906914234161377,7.196696758270264
1656,-1.4210138320922852,7.076641082763672
1657,-1.3267576694488525,7.046156406402588
1658,-3.2902679443359375,1.9390249252319336
1659,-1.5025336742401123,7.0861358642578125
1660,-1.4687695503234863,7.106653690338135
1661,-1.457643985748291,7.056112289428711
1662,-1.3790771961212158,7.625077247619629
1663,-0.27989310026168823,3.136004686355591
1664,-1.3345597982406616,7.111997604370117
1665,-1.4058691263198853,6.979055404663086
1666,-1.9873292446136475,7.599240303039551
1667,-1.5172778367996216,7.01362419128418
1668,-0.58696049451828,4.66903018951416
1669,-1.4871714115142822,7.00665283203125
1670,-1.3807955980300903,7.044116020202637
1671,-1.4300075769424438,7.122922897338867
1672,1.7761480808258057,7.734076023101807
1673,0.24346338212490082,0.1921037882566452
1674,5.976076602935791,13.737006187438965
1675,4.003178119659424,-4.716585159301758
1676,-0.9618240594863892,4.464719772338867
1677,-1.676490068435669,4.135305404663086
1678,-1.2542774677276611,7.376210689544678
1679,-1.3422636985778809,6.947040557861328
1680,-1.4077214002609253,7.048482418060303
1681,-1.3263286352157593,6.967695713043213
1682,-1.469738245010376,7.024912357330322
1683,-1.3151054382324219,7.079228401184082
1684,-4.66347074508667,2.347419500350952
1685,0.8032899498939514,1.7291326522827148
1686,-1.4237658977508545,7.017889022827148
1687,-0.43283551931381226,8.288987159729004
1688,3.8102993965148926,7.6205267906188965
1689,-1.4757863283157349,7.069205284118652
1690,-1.4660097360610962,7.178611755371094
1691,-1.3431307077407837,6.91741418838501
1692,2.3702199459075928,-2.8011295795440674
1693,-3.672452449798584,0.17114129662513733
1694,-1.3057163953781128,7.020120143890381
1695,-1.4848933219909668,7.214262962341309
1696,-1.4553178548812866,7.0401201248168945
1697,-3.3097879886627197,1.7849335670471191
1698,-1.4917834997177124,7.109769821166992
1699,0.8926634192466736,8.635174751281738
1700,-1.5215221643447876,7.0381245613098145
1701,-1.3950048685073853,7.092050552368164
1702,-0.9622097611427307,6.770770072937012
1703,-1.2630321979522705,7.021488666534424
1704,-1.48782217502594,7.177458763122559
1705,-1.698606252670288,5.903514862060547
1706,-1.0270918607711792,5.159423351287842
1707,-1.4178907871246338,6.999712944030762
1708,-1.6368869543075562,6.081799507141113
1709,-3.3493266105651855,2.188345193862915
1710,-1.3817579746246338,7.099266052246094
1711,-1.590853214263916,6.7760443687438965
1712,-1.3262311220169067,7.097652435302734
1713,0.1065937727689743,5.972038269042969
1714,-1.4845937490463257,7.199476718902588
1715,-2.2318546772003174,1.634698510169983
1716,-1.3509795665740967,7.107239246368408
1717,-2.3354156017303467,-1.7340021133422852
1718,-1.5035449266433716,7.012684345245361
1719,-1.485431432723999,7.109236717224121
1720,-1.4259834289550781,6.941464900970459
1721,-0.2348833829164505,4.833180904388428
1722,-2.349679470062256,6.156009197235107
1723,-0.7159245610237122,4.433772563934326
1724,-1.5105223655700684,7.075491428375244
1725,-1.3829795122146606,7.116325855255127
1726,-1.3738858699798584,7.069805145263672
1727,1.5309609174728394,8.977855682373047
1728,1.2556079626083374,3.7218210697174072
1729,0.3716657757759094,3.082176685333252
1730,-1.4139450788497925,7.06564998626709
1731,-1.422139048576355,7.14433479309082
1732,-1.2631720304489136,7.051377296447754
1733,-1.3763656616210938,7.153933048248291
1734,-1.4778066873550415,7.075096130371094
1735,-1.490035057067871,6.997276782989502
1736,-1.366373896598816,7.051393508911133
1737,-1.3745994567871094,7.108076095581055
1738,-1.4670288562774658,7.2077131271362305
1739,-1.4897152185440063,7.1302409172058105
1740,-1.6202267408370972,6.050360202789307
1741,-1.4905842542648315,6.988694667816162
1742,-1.325810194015503,6.991446495056152
1743,-1.3938919305801392,6.915567874908447
1744,-1.3385587930679321,7.1081671714782715
1745,-1.3311522006988525,7.096216678619385
1746,-1.3615809679031372,7.122161865234375
1747,-1.4175834655761719,6.981297969818115
1748,-1.4563933610916138,7.069828987121582
1749,-1.3530874252319336,6.974664688110352
1750,4.4792866706848145,-6.77310848236084
1751,-1.4535481929779053,6.925541400909424
1752,-1.4851356744766235,7.012242794036865
1753,-1.3968138694763184,6.968926429748535
1754,-1.482275128364563,6.99479866027832
1755,3.5489675998687744,-7.595179557800293
1756,-1.406732439994812,6.937929153442383
1757,-1.4825141429901123,7.2273101806640625
1758,-1.6697733402252197,8.799412727355957
1759,-1.512422800064087,7.26113224029541
1760,1.2722933292388916,-2.2748098373413086
1761,-0.6618618369102478,6.591248035430908
1762,-0.7027512192726135,-6.709766387939453
1763,-1.4010777473449707,7.120227336883545
1764,-1.2527387142181396,1.7649011611938477
1765,-4.982242107391357,2.0162904262542725
1766,-1.3242939710617065,7.081781387329102
1767,-1.4470294713974,7.078617095947266
1768,0.4875369071960449,2.619560956954956
1769,-1.2293100357055664,6.846253395080566
1770,-1.4283863306045532,7.04181432723999
1771,-1.2974400520324707,6.071671485900879
1772,-1.4504190683364868,7.056843280792236
1773,0.2643969655036926,8.579558372497559
1774,-1.4866617918014526,7.160592079162598
1775,1.3267462253570557,4.851386547088623
1776,-2.3018887042999268,0.7760729193687439
1777,3.3300795555114746,7.908144950866699
1778,-2.7734014987945557,4.715835094451904
1779,-2.8168375492095947,1.813445806503296
1780,-1.4249218702316284,6.974164009094238
1781,-0.4528340697288513,5.947364330291748
1782,-1.4780049324035645,7.1583170890808105
1783,-1.4681164026260376,7.1128926277160645
1784,-1.3357489109039307,6.925416469573975
1785,-2.043750762939453,1.5325099229812622
1786,-0.9937037825584412,6.641489028930664
1787,3.625818967819214,-2.883326768875122
1788,-1.4310413599014282,7.0877509117126465
1789,-1.2381751537322998,7.045506477355957
1790,1.3656530380249023,8.103277206420898
1791,-1.503614068031311,7.0249810218811035
1792,-1.3564767837524414,6.928677558898926
1793,-0.8298856616020203,4.456147193908691
1794,-0.010019496083259583,4.319450855255127
1795,4.2811279296875,8.770156860351562
1796,-0.9206352829933167,5.690160751342773
1797,-1.385518193244934,6.9586896896362305
1798,-1.4554259777069092,7.117492198944092
1799,-1.3526942729949951,6.990944862365723
1800,0.5607315897941589,2.863060235977173
1801,-1.3984861373901367,7.045747756958008
1802,-1.5761849880218506,7.336976051330566
1803,-1.4162348508834839,7.152959823608398
1804,-0.7698625922203064,2.1063122749328613
1805,-1.335508942604065,7.027895927429199
1806,-1.2461585998535156,7.32152795791626
1807,-1.3526078462600708,6.916418552398682
1808,-0.8219608664512634,4.7032952308654785
1809,-1.4348148107528687,6.954725742340088
1810,-0.8803407549858093,7.618208885192871
1811,-2.9045543670654297,-5.630285263061523
1812,1.491699457168579,-2.50657057762146
1813,-1.4839770793914795,7.150354385375977
1814,5.108906269073486,11.936394691467285
1815,-2.784924268722534,3.6788532733917236
1816,-1.7705576419830322,4.526639938354492
1817,-1.3746775388717651,7.3204345703125
1818,-1.990394115447998,5.683386325836182
1819,-0.12826843559741974,6.747044563293457
1820,-1.4211705923080444,7.028701305389404
1821,-1.3859432935714722,6.936139106750488
1822,-1.4331532716751099,7.074251651763916
1823,-0.8576452136039734,6.428441047668457
1824,-1.400498628616333,7.022424697875977
1825,-1.38377845287323,7.060297966003418
1826,-1.4342585802078247,7.099156856536865
1827,-1.0338661670684814,7.921102523803711
1828,-3.929327964782715,0.4679555892944336
1829,3.875870943069458,-8.48017406463623
1830,-1.3618699312210083,7.017544269561768
1831,14.896632194519043,5.063470363616943
1832,3.76599383354187,2.1577775478363037
1833,-1.3884748220443726,7.074379920959473
1834,-1.4989193677902222,7.157497406005859
1835,-1.2604907751083374,6.487026691436768
1836,-2.1825616359710693,-2.215986728668213
1837,0.0077760666608810425,8.692112922668457
1838,1.9595985412597656,9.43471622467041
1839,-1.473992109298706,6.954071998596191
1840,3.1193017959594727,-8.35129451751709
1841,-1.4107015132904053,7.108553409576416
1842,-1.1474639177322388,1.568558692932129
1843,3.8706600666046143,-7.120750427246094
1844,1.4419244527816772,2.110027313232422
1845,6.290250301361084,3.1535465717315674
1846,-1.3802441358566284,7.144465923309326
1847,-2.539522886276245,5.476048946380615
1848,0.4688935875892639,9.557032585144043
1849,-2.751899242401123,1.6045762300491333
1850,-0.1374804526567459,3.663713216781616
1851,-1.3166166543960571,7.021759033203125
1852,-1.5052318572998047,7.105835437774658
1853,-1.4058619737625122,7.114862442016602
1854,-1.4191197156906128,7.166123867034912
1855,-1.3804957866668701,7.051274299621582
1856,-1.394818902015686,7.182804107666016
1857,-1.3109484910964966,5.627283573150635
1858,-1.726764440536499,8.967398643493652
1859,-1.4209773540496826,6.93042516708374
1860,-0.9662160277366638,0.9766713380813599
1861,-1.6100047826766968,6.587442874908447
1862,-5.4005889892578125,2.4415926933288574
1863,-1.4341093301773071,6.998561859130859
1864,-1.3141882419586182,7.097087860107422
1865,-1.3859704732894897,7.01224946975708
1866,-1.3856558799743652,7.126529693603516
1867,-1.4297518730163574,6.96265983581543
1868,-1.4278877973556519,6.961498260498047
1869,1.5801870822906494,5.605255603790283
1870,2.6187374591827393,-1.6120741367340088
1871,-1.4955713748931885,7.0659332275390625
1872,-1.3981354236602783,7.154477119445801
1873,-1.3991073369979858,7.115389347076416
1874,-0.8846267461776733,3.710517644882202
1875,0.37819427251815796,6.63834285736084
1876,-1.7134517431259155,5.201226711273193
1877,-1.3588029146194458,7.01027774810791
1878,-1.4715285301208496,7.198693752288818
1879,-2.7263951301574707,2.1136481761932373
1880,-1.3567900657653809,7.076470375061035
1881,-1.3515863418579102,6.938809394836426
1882,-1.4924105405807495,6.994170665740967
1883,-0.1491745263338089,4.049283504486084
1884,-1.4257762432098389,7.167342185974121
1885,-1.454417109489441,7.006518840789795
1886,-1.4841777086257935,7.109022617340088
1887,0.05214385688304901,-19.583452224731445
1888,-1.4819233417510986,7.249236583709717
1889,-1.492486834526062,7.049171447753906
1890,1.2870383262634277,3.6677515506744385
1891,-1.377415657043457,7.0053391456604
1892,-1.1798484325408936,7.138308048248291
1893,-1.4595965147018433,7.188561916351318
1894,-0.8958861231803894,7.012530326843262
1895,-1.3937263488769531,7.751552104949951
1896,-1.3724843263626099,7.025088310241699
1897,5.429544925689697,4.865996837615967
1898,-0.56691974401474,7.748892307281494
1899,-12.458009719848633,-5.417019844055176
1900,-1.3047465085983276,7.091996669769287
1901,-1.1434794664382935,5.47068452835083
1902,-1.4188212156295776,7.036786079406738
1903,-1.5890781879425049,5.966022491455078
1904,-1.4930540323257446,7.1529541015625
1905,7.503207683563232,4.6573381423950195
1906,-1.2566492557525635,4.319298267364502
1907,0.5262431502342224,-2.924349546432495
1908,1.3370277881622314,1.8897992372512817
1909,-1.3991318941116333,6.965211868286133
1910,-1.820778489112854,5.725995063781738
1911,-0.5886399149894714,4.339949131011963
1912,1.322941780090332,5.013857364654541
1913,-0.3127378821372986,7.15213680267334
1914,-1.4465699195861816,7.046993255615234
1915,-1.318565011024475,6.565046787261963
1916,-0.8328363299369812,6.441668510437012
1917,-3.379653215408325,0.6329538822174072
1918,-1.3350419998168945,6.986189842224121
1919,-1.4705184698104858,7.008882522583008
1920,-2.674149990081787,0.4846092760562897
1921,-1.443014144897461,7.0621442794799805
1922,-2.250074625015259,1.6112929582595825
1923,-1.689586877822876,8.296521186828613
1924,-1.382003664970398,3.5245165824890137
1925,-1.3932521343231201,7.097048282623291
1926,-1.3745282888412476,7.122148513793945
1927,2.0086143016815186,7.452481269836426
1928,-1.3689428567886353,6.953305721282959
1929,-1.8739433288574219,8.812987327575684
1930,6.582499027252197,5.663958549499512
1931,-1.1576896905899048,5.4972243309021
1932,-1.249360203742981,6.5941386222839355
1933,-1.4407193660736084,7.063860893249512
1934,-1.0686702728271484,7.4982733726501465
1935,-1.362997055053711,5.770613670349121
1936,-1.4489924907684326,7.030265808105469
1937,-1.426155924797058,7.029396057128906
1938,-1.3343288898468018,7.127219200134277
1939,-1.5938814878463745,6.321545124053955
1940,-1.394866704940796,7.546748161315918
1941,0.09487347304821014,2.825914144515991
1942,-1.3457977771759033,7.049830913543701
1943,-1.3642503023147583,6.967551231384277
1944,-1.320587396621704,7.116639614105225
1945,-1.5027059316635132,7.104968547821045
1946,-0.7610668540000916,7.165688991546631
1947,-1.4715656042099,7.018389701843262
1948,-0.29584115743637085,8.475019454956055
1949,-1.3944162130355835,7.153175354003906
1950,-1.4002587795257568,6.677619457244873
1951,-4.840079307556152,-1.574238896369934
1952,-1.1141639947891235,4.14028263092041
1953,-1.3996922969818115,-0.40108445286750793
1954,-1.4660943746566772,7.098450660705566
1955,-1.375791311264038,6.93964147567749
1956,-1.7898290157318115,6.120857238769531
1957,-1.3915103673934937,7.015233993530273
1958,-1.4982539415359497,7.167527675628662
1959,-3.742936849594116,-1.3336344957351685
1960,-1.5201767683029175,7.009178161621094
1961,-1.410963773727417,7.031449317932129
1962,-1.4337576627731323,7.078575134277344
1963,-1.337939977645874,7.10324764251709
1964,1.045121669769287,8.578007698059082
1965,-1.1384634971618652,2.7586171627044678
1966,-1.3202725648880005,7.051224708557129
1967,-1.467300295829773,7.1507768630981445
1968,1.635298490524292,4.634743690490723
1969,-1.4503278732299805,6.964666366577148
1970,1.5965335369110107,8.109004020690918
1971,0.38441401720046997,8.460619926452637
1972,-0.333479642868042,2.8164515495300293
1973,-1.1634507179260254,7.391613960266113
1974,-1.4316662549972534,7.181694030761719
1975,0.11909036338329315,6.754580497741699
1976,-1.563411831855774,5.706975936889648
1977,-1.4242427349090576,6.985635757446289
1978,-1.3731344938278198,6.989754676818848
1979,-1.4874321222305298,5.402778625488281
1980,-1.3856920003890991,6.975953102111816
1981,-0.6233060956001282,6.454471588134766
1982,1.0747621059417725,6.210898399353027
1983,-0.45908230543136597,6.437110900878906
1984,-3.368772268295288,4.762270927429199
1985,0.6867425441741943,2.353625535964966
1986,-1.8265525102615356,7.356474876403809
1987,-1.4623939990997314,7.0419921875
1988,-1.237985372543335,6.935617446899414
1989,-1.3349725008010864,6.944464683532715
1990,-1.352608323097229,7.134451866149902
1991,1.0470277070999146,7.628997802734375
1992,-0.8184141516685486,8.368621826171875
1993,-0.887718141078949,8.21863842010498
1994,-1.4324226379394531,7.143001556396484
1995,-1.279710292816162,6.586220741271973
1996,0.14567117393016815,4.227836608886719
1997,-1.4110541343688965,6.9645304679870605
1998,-1.4530646800994873,7.121214389801025
1999,-1.4185465574264526,7.141716480255127
2000,0.857768714427948,0.3634004592895508
2001,-3.2663016319274902,4.664011001586914
2002,-1.618888020515442,6.789839744567871
2003,6.682131290435791,-6.22620964050293
2004,-1.6216899156570435,7.257448196411133
2005,0.845257580280304,5.327908515930176
2006,3.587362051010132,-7.37653923034668
2007,-3.186206340789795,0.7453416585922241
2008,0.23490791022777557,-5.233675479888916
2009,-2.8318753242492676,-0.8951716423034668
2010,8.996232032775879,2.5439398288726807
2011,9.715359687805176,-4.015812397003174
2012,-1.6450337171554565,-1.3269233703613281
2013,2.834552526473999,-0.8565307855606079
2014,-3.777317762374878,1.2032283544540405
2015,-3.316885232925415,1.490641474723816
2016,6.845931053161621,10.428496360778809
2017,-4.848136901855469,-4.565524101257324
2018,-0.962397038936615,-2.152479410171509
2019,0.9610477089881897,-4.755728721618652
2020,-4.780200481414795,-6.810920715332031
2021,6.3378190994262695,4.04568338394165
2022,-0.3498304486274719,3.1186392307281494
2023,-0.7942699790000916,-1.4895614385604858
2024,16.829421997070312,10.249037742614746
2025,-2.937563896179199,0.49535542726516724
2026,0.9589930176734924,1.672203540802002
2027,1.6772665977478027,-14.557061195373535
2028,0.6150708794593811,-0.4285319745540619
2029,-2.4180972576141357,-0.5521277189254761
2030,8.31527042388916,0.4285458028316498
2031,1.3881208896636963,-4.845061302185059
2032,-8.21423625946045,3.9002931118011475
2033,4.340246677398682,6.12777042388916
2034,4.995533466339111,-2.2475273609161377
2035,-5.1277899742126465,-2.550173044204712
2036,-1.4530210494995117,7.151369571685791
2037,6.014055252075195,-10.511293411254883
2038,-1.0759639739990234,3.666327953338623
2039,1.5196382999420166,0.6469041109085083
2040,-4.335678577423096,2.060434341430664
2041,-0.9409599900245667,4.692595481872559
2042,-3.9602434635162354,1.3537216186523438
2043,15.997275352478027,5.910887718200684
2044,3.158463716506958,2.0280728340148926
2045,-0.039389923214912415,2.6019954681396484
2046,-1.615330457687378,3.204472303390503
2047,-10.26863956451416,5.325394630432129
2048,3.471979856491089,-2.347701072692871
2049,2.503122568130493,-5.322254180908203
2050,-0.016183510422706604,2.6356565952301025
2051,3.5658462047576904,-7.426802158355713
2052,-1.4135981798171997,7.066616535186768
2053,-1.3773435354232788,8.008185386657715
2054,14.556567192077637,3.7397372722625732
2055,2.0995256900787354,-11.146859169006348
2056,10.355643272399902,-5.742243766784668
2057,1.9651176929473877,-2.3122518062591553
2058,-1.760786533355713,-2.171947479248047
2059,-3.8973073959350586,-10.54452133178711
2060,1.117819905281067,-2.8393394947052
2061,-4.2223334312438965,2.4037396907806396
2062,-3.5107133388519287,0.7722014784812927
2063,3.1490142345428467,5.897748947143555
2064,1.7337493896484375,-4.001051902770996
2065,0.7734968662261963,1.673427939414978
2066,-0.6881647706031799,2.553464651107788
2067,8.390131950378418,-12.056440353393555
2068,-3.6427502632141113,1.9203212261199951
2069,2.2682785987854004,7.674862384796143
2070,6.360065937042236,4.617108345031738
2071,2.825228214263916,-2.0294792652130127
2072,7.427713394165039,3.8580267429351807
2073,3.3802003860473633,4.966298580169678
2074,2.6287572383880615,11.665678977966309
2075,0.0685158222913742,1.6866700649261475
2076,-0.1765170842409134,2.5600686073303223
2077,17.983083724975586,6.781296730041504
2078,-4.369624614715576,-1.6025629043579102
2079,-2.681177854537964,-1.3118349313735962
2080,-2.417357921600342,6.423564910888672
2081,14.617476463317871,-1.4961180686950684
2082,15.764079093933105,1.5486760139465332
2083,2.1806156635284424,7.52520227432251
2084,3.196241855621338,-2.938220739364624
2085,2.3887009620666504,2.3926966190338135
2086,1.5361742973327637,4.894299507141113
2087,-1.8875505924224854,-2.014284372329712
2088,1.379108190536499,4.152519226074219
2089,-7.021832466125488,3.5181424617767334
2090,4.561406135559082,-2.728041887283325
2091,0.8437908291816711,2.094667911529541
2092,-2.044577121734619,6.2628889083862305
2093,-2.4176580905914307,-9.270999908447266
2094,1.4623943567276,5.009744167327881
2095,20.402008056640625,-1.340203881263733
2096,0.4977267384529114,8.232344627380371
2097,-0.9945198893547058,5.210102558135986
2098,-3.8985331058502197,0.7248654365539551
2099,0.474739134311676,3.0147125720977783
2100,-4.524875164031982,1.033973217010498
2101,16.794357299804688,0.7975592613220215
2102,-2.3587141036987305,0.15392088890075684
2103,-4.322343826293945,-4.104878902435303
2104,-0.4988868236541748,1.1569122076034546
2105,-0.045204952359199524,6.3045854568481445
2106,-1.6294232606887817,-1.040822148323059
2107,-1.1138046979904175,2.2190771102905273
2108,1.3698980808258057,7.031922340393066
2109,-0.6903731226921082,4.477095603942871
2110,-1.1088463068008423,-1.4595344066619873
2111,2.875511407852173,4.9115800857543945
2112,-8.599802017211914,-10.341678619384766
2113,1.7347627878189087,-0.7159222364425659
2114,1.0043166875839233,-4.330472946166992
2115,9.322138786315918,-0.28931504487991333
2116,-0.25240635871887207,0.3943091332912445
2117,-6.434957981109619,3.528465986251831
2118,4.984140396118164,-9.807835578918457
2119,-3.369157552719116,0.8938482403755188
2120,8.890705108642578,7.176524639129639
2121,-0.10961170494556427,3.6258604526519775
2122,-2.530536651611328,-7.960145950317383
2123,1.6885733604431152,4.3918867111206055
2124,-1.524418830871582,-0.27328065037727356
2125,1.297255039215088,-3.6934454441070557
2126,-1.3860142230987549,7.335512161254883
2127,-3.159651517868042,7.692586898803711
2128,-0.9084205627441406,3.8162832260131836
2129,-3.2768824100494385,-3.3489091396331787
2130,6.931873798370361,8.54283618927002
2131,-3.808915376663208,0.9316184520721436
2132,3.5629279613494873,-6.8618597984313965
2133,9.673576354980469,5.378559112548828
2134,1.4553134441375732,-3.9505465030670166
2135,3.6657638549804688,0.46488437056541443
2136,-0.9654252529144287,2.260643720626831
2137,1.3215023279190063,2.3384649753570557
2138,5.558491230010986,-3.902651071548462
2139,-3.8567333221435547,1.4295058250427246
2140,1.9839766025543213,-2.892000198364258
2141,-0.7256864905357361,4.966193199157715
2142,-10.402630805969238,6.21345329284668
2143,-4.539008617401123,-2.607325792312622
2144,-4.5475850105285645,1.749100923538208
2145,1.917229413986206,-4.0279130935668945
2146,-0.7485405802726746,4.3465986251831055
2147,-3.0221242904663086,0.612802267074585
2148,7.042745113372803,-10.803279876708984
2149,1.9990527629852295,-0.867171585559845
2150,2.988922595977783,9.827400207519531
2151,0.16650111973285675,3.569903612136841
2152,3.938580274581909,-2.7650725841522217
2153,-0.7518928050994873,-1.770922303199768
2154,0.7421739101409912,2.220587968826294
2155,-1.7156859636306763,2.2597386837005615
2156,8.47623348236084,3.1213386058807373
2157,-5.722270965576172,-2.7048540115356445
2158,12.875910758972168,-3.4146690368652344
2159,1.507122278213501,2.5958340167999268
2160,0.8082566857337952,-7.037888050079346
2161,14.963414192199707,-1.4058101177215576
2162,-13.814702033996582,-8.9432954788208
2163,4.367441177368164,2.8406107425689697
2164,-1.5336668491363525,2.694193124771118
2165,-0.1586625725030899,3.0316317081451416
2166,-1.919878363609314,-2.0891997814178467
2167,0.12157337367534637,-3.5504281520843506
2168,4.140976905822754,-6.863123893737793
2169,-7.769880294799805,-7.011971950531006
2170,-5.964197158813477,-3.341167688369751
2171,-0.37243980169296265,3.1594579219818115
2172,-1.2381298542022705,1.2709213495254517
2173,19.82454490661621,5.577249050140381
2174,0.4737476706504822,2.3114430904388428
2175,-1.3283195495605469,0.6943572759628296
2176,0.0258609801530838,0.21225836873054504
2177,-0.36652278900146484,0.09897159785032272
2178,-0.07822604477405548,2.846510171890259
2179,0.34073716402053833,6.697934150695801
2180,-3.005992889404297,-4.044896125793457
2181,1.9413352012634277,2.2597856521606445
2182,0.4752652049064636,7.103850364685059
2183,-5.723025798797607,-3.8265345096588135
2184,-7.168300151824951,4.270559310913086
2185,-3.5590696334838867,0.6512072682380676
2186,4.623093128204346,-1.3099169731140137
2187,-4.061976909637451,0.635365903377533
2188,-3.139862060546875,-0.5435312986373901
2189,-9.158048629760742,-8.219230651855469
2190,2.2078917026519775,11.430583953857422
2191,0.7290732264518738,-4.329482555389404
2192,-3.0702528953552246,4.6781721115112305
2193,-1.1593352556228638,1.1863325834274292
2194,3.204376697540283,-4.940075874328613
2195,-7.367762088775635,3.7077455520629883
2196,0.2905890941619873,3.5313503742218018
2197,-3.0203163623809814,1.4996739625930786
2198,-2.523007869720459,-0.7992713451385498
2199,15.386275291442871,0.3994694650173187
2200,19.77283477783203,-10.700911521911621
2201,11.920488357543945,0.08463092148303986
2202,-0.9490271210670471,3.2061257362365723
2203,-2.1518261432647705,1.5830047130584717
2204,-1.4066250324249268,7.784164905548096
2205,0.16883747279644012,0.6145643591880798
2206,0.4385707378387451,-1.326771855354309
2207,-3.4100255966186523,-3.5087850093841553
2208,-4.587432861328125,2.60152268409729
2209,3.6337649822235107,-10.150699615478516
2210,1.2013403177261353,2.733952522277832
2211,-0.12876181304454803,-1.4956493377685547
2212,13.16950798034668,-3.904467821121216
2213,16.111669540405273,3.917574882507324
2214,-0.33850473165512085,2.9984614849090576
2215,-2.2632839679718018,-1.7786858081817627
2216,-2.8977694511413574,7.011005401611328
2217,7.0477166175842285,4.492280960083008
2218,-7.6644439697265625,-12.298182487487793
2219,0.8951238989830017,-0.491869181394577
2220,10.986226081848145,9.548943519592285
2221,0.6164584755897522,2.788048267364502
2222,-0.4832909107208252,1.1447935104370117
2223,3.2566521167755127,-1.8325549364089966
2224,-3.680537700653076,2.8977925777435303
2225,2.2913787364959717,9.446293830871582
2226,-3.8051044940948486,-2.3065543174743652
2227,1.4607245922088623,9.527934074401855
2228,-2.8816263675689697,6.578830718994141
2229,4.025566577911377,-7.015351295471191
2230,0.33068060874938965,2.5304758548736572
2231,2.0547125339508057,-5.082622528076172
2232,-6.643768787384033,4.214890480041504
2233,-6.905569553375244,7.014612197875977
2234,6.056304454803467,5.917248249053955
2235,-3.209662437438965,0.006062708795070648
2236,-3.5102336406707764,1.0862609148025513
2237,0.33703142404556274,9.579236030578613
2238,10.62255573272705,5.077210426330566
2239,5.36983060836792,-5.420782566070557
2240,17.40251922607422,-9.405027389526367
2241,9.527583122253418,-10.153082847595215
2242,-2.3290328979492188,-1.7755640745162964
2243,-2.9590871334075928,-0.6956251859664917
2244,-0.21840475499629974,-1.1302390098571777
2245,-2.362189531326294,-1.525977611541748
2246,-5.3735480308532715,-2.801236391067505
2247,-1.5011465549468994,5.87598991394043
2248,1.3428575992584229,1.3614354133605957
2249,-3.2304470539093018,-14.729162216186523
2250,-2.3878896236419678,-6.848872661590576
2251,-1.8781315088272095,1.079869031906128
2252,4.0910563468933105,8.543755531311035
2253,-4.533298969268799,1.6343683004379272
2254,4.40531587600708,-1.6320245265960693
2255,4.9243340492248535,14.607301712036133
2256,-2.2281296253204346,8.500041007995605
2257,-0.6230791807174683,1.0992511510849
2258,1.8420159816741943,9.184435844421387
2259,4.581058979034424,-1.692262887954712
2260,8.255967140197754,-0.2500465214252472
2261,-0.3146573305130005,-1.1719310283660889
2262,1.262617588043213,1.6612976789474487
2263,0.06224004924297333,2.9814531803131104
2264,2.2052314281463623,11.2831449508667
2265,1.9647111892700195,-4.590640544891357
2266,13.688639640808105,2.1561715602874756
2267,3.4010021686553955,-2.1334173679351807
2268,12.312941551208496,1.7357219457626343
2269,0.6882233619689941,-0.6573869585990906
2270,-2.5287673473358154,1.9884573221206665
2271,-0.2127581685781479,1.111971378326416
2272,0.584668755531311,-4.450342178344727
2273,12.781915664672852,6.821993827819824
2274,-1.6356199979782104,5.0617170333862305
2275,2.339186906814575,-4.30781364440918
2276,-2.826951503753662,6.945550918579102
2277,2.181612730026245,10.305416107177734
2278,-3.0720486640930176,-14.981921195983887
2279,15.576037406921387,-3.418804883956909
2280,0.7159912586212158,-2.5821220874786377
2281,5.838467121124268,8.634814262390137
2282,1.8298273086547852,7.951970100402832
2283,-1.4407473802566528,4.404301643371582
2284,11.01058292388916,7.363043785095215
2285,8.7435941696167,-5.956265926361084
2286,1.9074201583862305,9.150213241577148
2287,0.1120033711194992,5.510196685791016
2288,-0.8690926432609558,7.838309288024902
2289,0.2942950129508972,1.283386468887329
2290,18.753772735595703,5.525769233703613
2291,-1.7385272979736328,-2.161820888519287
2292,0.7896494269371033,1.158608078956604
2293,-1.845232367515564,-1.3286442756652832
2294,-2.735044240951538,6.912975311279297
2295,-0.9323840737342834,1.0872552394866943
2296,0.6380358934402466,2.1568000316619873
2297,-1.5522799491882324,-0.8129099011421204
2298,-1.681226134300232,7.001032829284668
2299,2.283207654953003,-1.0918911695480347
2300,6.856317520141602,2.9737489223480225
2301,-4.6533355712890625,0.7605851888656616
2302,1.6578902006149292,-3.8774352073669434
2303,-2.2454833984375,2.1836416721343994
2304,2.3581278324127197,1.0344151258468628
2305,-2.9962241649627686,-3.3988120555877686
2306,4.482849597930908,2.164374828338623
2307,-0.7578437924385071,0.7261903285980225
2308,5.92266321182251,8.554749488830566
2309,-0.536810576915741,7.216086387634277
2310,-1.5552582740783691,-2.1102359294891357
2311,-0.37081462144851685,-0.7669329643249512
2312,-3.451291799545288,2.3781166076660156
2313,3.6760900020599365,12.523674011230469
2314,-3.9602038860321045,0.03986593335866928
2315,-0.11022248864173889,-1.9014606475830078
2316,1.4050507545471191,-2.0144855976104736
2317,-1.4366204738616943,-0.15213528275489807
2318,18.030498504638672,10.89047908782959
2319,1.1771351099014282,-1.6314343214035034
2320,-0.3835018277168274,4.357120990753174
2321,3.8706471920013428,5.721296310424805
2322,3.5062038898468018,8.879454612731934
2323,0.8802066445350647,-0.07840005308389664
2324,0.28494542837142944,3.967634916305542
2325,-5.148054122924805,-2.5380859375
2326,2.777707576751709,2.931659460067749
2327,-0.4273819923400879,2.5828607082366943
2328,-2.826409101486206,1.379872441291809
2329,7.561005115509033,-1.6310464143753052
2330,13.460143089294434,10.213135719299316
2331,0.0028784722089767456,3.108091115951538
2332,-1.884272813796997,-1.6388864517211914
2333,12.65344524383545,-6.2560930252075195
2334,0.050151243805885315,0.08971338719129562
2335,11.336262702941895,-3.059231996536255
2336,-0.4439244866371155,3.1605312824249268
2337,-0.7527252435684204,1.273959755897522
2338,-3.2539000511169434,-1.680294156074524
2339,-2.217670202255249,-1.696705937385559
2340,2.7075488567352295,4.077370643615723
2341,5.086688995361328,8.554951667785645
2342,0.16596607863903046,-19.566539764404297
2343,3.9730069637298584,-0.7376925945281982
2344,9.124917030334473,-0.0137176513671875
2345,-0.31940996646881104,0.459193617105484
2346,9.775260925292969,4.382681846618652
2347,-2.6524572372436523,4.5720624923706055
2348,1.4616942405700684,-0.15443310141563416
2349,-1.5072251558303833,-1.5631846189498901
2350,1.539491057395935,-4.504718780517578
2351,5.819187641143799,3.9967305660247803
2352,-4.3348798751831055,2.276667594909668
2353,0.16416557133197784,1.0381748676300049
2354,-4.08750581741333,0.8445728421211243
2355,18.47722625732422,2.6947898864746094
2356,-0.46354299783706665,4.047378063201904
2357,12.162175178527832,0.4056555926799774
2358,3.667571544647217,5.75494909286499
2359,3.8064510822296143,5.228565216064453
2360,-0.2552199363708496,-0.12367459386587143
2361,-2.4499351978302,1.9318108558654785
2362,-0.27851516008377075,3.745915651321411
2363,0.9046729207038879,2.4508252143859863
2364,-1.9320223331451416,-1.794987678527832
2365,0.6334148645401001,-1.3843824863433838
2366,-1.3468786478042603,2.6526222229003906
2367,-1.7214438915252686,2.337085485458374
2368,-1.5899693965911865,3.5737292766571045
2369,0.431272029876709,2.672851324081421
2370,8.027081489562988,-2.953550100326538
2371,2.824608087539673,3.2044034004211426
2372,-0.27982139587402344,2.97432541847229
2373,-5.168313026428223,2.0578653812408447
2374,19.645723342895508,6.081545829772949
2375,3.7382638454437256,0.2287655472755432
2376,2.349504232406616,2.990295648574829
2377,17.715404510498047,3.277797222137451
2378,0.5183495879173279,3.6041977405548096
2379,-1.7997784614562988,5.085315227508545
2380,4.241550922393799,-3.9001657962799072
2381,-0.7249714732170105,6.885700702667236
2382,-4.055281162261963,1.8019020557403564
2383,2.32236647605896,-3.8750274181365967
2384,2.3130533695220947,8.29285717010498
2385,10.332880973815918,-7.014078140258789
2386,1.398072361946106,2.5453760623931885
2387,1.7760868072509766,-7.239655494689941
2388,-2.657280683517456,4.421296119689941
2389,4.725836277008057,-3.3568015098571777
2390,2.263453245162964,-2.278202772140503
2391,-6.155735015869141,1.8244882822036743
2392,0.17580236494541168,-0.8713009357452393
2393,-0.9633131623268127,5.570896148681641
2394,-1.0898357629776,-2.7960562705993652
2395,-4.9038190841674805,-6.400066375732422
2396,1.7312746047973633,-3.982726812362671
2397,3.1100075244903564,0.09773089736700058
2398,0.005584239959716797,-0.11447659879922867
2399,-2.4181020259857178,1.84263277053833
2400,-2.743377923965454,1.3931105136871338
2401,-0.4265749454498291,-0.4215722978115082
2402,-0.0502791553735733,2.9827239513397217
2403,-0.04685826599597931,7.857745170593262
2404,11.899377822875977,3.5409538745880127
2405,-0.14134259521961212,-3.7216897010803223
2406,-2.535433053970337,4.350322246551514
2407,3.6573898792266846,2.6687872409820557
2408,6.196784496307373,-4.5058979988098145
2409,-1.9417619705200195,-0.5428446531295776
2410,-0.5454373955726624,3.1913931369781494
2411,1.0251915454864502,4.2714338302612305
2412,-1.3628212213516235,-0.9057395458221436
2413,5.761556625366211,-2.847470283508301
2414,1.8944590091705322,6.891952037811279
2415,1.745088815689087,-0.4621973931789398
2416,-3.102501153945923,-6.287315368652344
2417,1.3157756328582764,-9.649619102478027
2418,-9.548799514770508,5.913529872894287
2419,-4.09404993057251,2.5852930545806885
2420,7.282809257507324,5.966862678527832
2421,-15.113595962524414,-6.961051940917969
2422,-0.7869359850883484,-2.2281501293182373
2423,-1.8475308418273926,-0.20769280195236206
2424,0.8112512230873108,6.292540550231934
2425,-2.9058361053466797,0.35833704471588135
2426,8.68691635131836,-8.661778450012207
2427,4.019713878631592,-4.656784534454346
2428,-2.3864614963531494,-2.4776253700256348
2429,11.977090835571289,4.577033996582031
2430,-2.733179807662964,-3.098492383956909
2431,-0.8183420896530151,1.4925676584243774
2432,-8.241148948669434,5.932001113891602
2433,-1.3554824590682983,-1.298512578010559
2434,2.468947172164917,10.849629402160645
2435,15.85903263092041,3.1665289402008057
2436,2.5367796421051025,-2.4520199298858643
2437,6.388192653656006,1.6055271625518799
2438,11.745219230651855,-1.9245870113372803
2439,-5.594618320465088,1.7753145694732666
2440,12.252127647399902,-4.102829933166504
2441,6.55587911605835,-4.335520267486572
2442,7.48665189743042,9.841278076171875
2443,15.398646354675293,4.812663555145264
2444,-5.452856540679932,-2.538036346435547
2445,13.873250007629395,9.055760383605957
2446,-3.7636170387268066,-1.8644310235977173
2447,15.94101619720459,7.492034435272217
2448,-1.9990413188934326,3.3671696186065674
2449,-4.045571327209473,-12.96213150024414
2450,-1.4314268827438354,-1.6075767278671265
2451,-9.072783470153809,-6.143753528594971
2452,2.686335802078247,6.546243667602539
2453,-0.06976886093616486,7.640035152435303
2454,-2.528928756713867,3.4184725284576416
2455,-1.1596843004226685,6.450191974639893
2456,2.4293630123138428,-11.544934272766113
2457,-6.97903299331665,-3.115344285964966
2458,0.4876065254211426,2.3987486362457275
2459,-0.7798916697502136,-1.9918673038482666
2460,-14.133755683898926,-6.2008562088012695
2461,7.321020603179932,11.673439025878906
2462,1.0827879905700684,3.4122607707977295
2463,-1.67210054397583,-2.269056797027588
2464,-3.096147298812866,-2.0392844676971436
2465,15.031172752380371,9.756790161132812
2466,-2.729830265045166,-16.757179260253906
2467,3.3404812812805176,-7.817996025085449
2468,8.504697799682617,-12.4163236618042
2469,-0.9799797534942627,5.06114387512207
2470,-7.919040203094482,-3.4110848903656006
2471,-0.20370610058307648,2.9975426197052
2472,-4.432348728179932,2.010660409927368
2473,-3.622957229614258,-0.20715811848640442
2474,-1.8921146392822266,-0.9856743812561035
2475,1.623063325881958,4.157221794128418
2476,0.8249413967132568,-1.8629530668258667
2477,-0.7336156368255615,-1.4821895360946655
2478,2.833038330078125,-6.412774085998535
2479,-3.7183773517608643,2.39205002784729
2480,-1.2884714603424072,7.87729549407959
2481,-4.8947296142578125,-2.828328847885132
2482,-6.89894437789917,-6.322127342224121
2483,-1.4380156993865967,8.112957954406738
2484,17.230674743652344,-9.148589134216309
2485,-2.3339717388153076,-13.161698341369629
2486,12.241462707519531,7.935805320739746
2487,0.7435106635093689,4.795766353607178
2488,-3.1929638385772705,-2.1042230129241943
2489,8.690478324890137,4.252588748931885
2490,13.4579496383667,0.6245409250259399
2491,1.2047044038772583,4.087460041046143
2492,-0.9660486578941345,5.792789459228516
2493,-0.43744081258773804,8.30492115020752
2494,-0.9691978096961975,-0.06389277428388596
2495,-3.2504734992980957,2.477888345718384
2496,1.2312027215957642,-3.0321524143218994
2497,-5.513734817504883,-2.570504903793335
2498,11.281647682189941,-3.8983280658721924
2499,-0.5848051905632019,7.991962909698486
2500,11.82340145111084,10.24384593963623
2501,3.6639034748077393,-4.096741199493408
2502,-2.5270652770996094,-17.145139694213867
2503,2.948941707611084,4.951014995574951
2504,0.713470458984375,3.0253548622131348
2505,3.193427801132202,0.3003894090652466
2506,19.87381935119629,-6.959890842437744
2507,-0.18110431730747223,2.2063522338867188
2508,3.623234272003174,3.5267679691314697
2509,-3.3410274982452393,0.8722574710845947
2510,2.5938539505004883,0.57710862159729
2511,-0.4491392970085144,1.6046086549758911
2512,4.81309175491333,3.250664234161377
2513,1.8896424770355225,6.061832427978516
2514,5.42336893081665,-3.36918044090271
2515,2.6089835166931152,-4.5391740798950195
2516,14.779282569885254,1.0127333402633667
2517,21.695968627929688,7.26229190826416
2518,-1.1878546476364136,5.097800254821777
2519,5.929094314575195,7.25899600982666
2520,-0.9945403933525085,1.8861141204833984
2521,-0.31112831830978394,1.0410209894180298
2522,-9.774764060974121,5.4996843338012695
2523,1.4694371223449707,0.9874308109283447
2524,-5.319700717926025,-5.666090488433838
2525,11.304465293884277,-3.9943459033966064
2526,2.067971706390381,8.347443580627441
2527,7.244685173034668,9.222002983093262
2528,5.423285961151123,4.81599760055542
2529,-5.716151714324951,-20.148244857788086
2530,-0.11832664906978607,0.5150575637817383
2531,-2.276326894760132,0.4985821843147278
2532,-1.316382646560669,7.695237636566162
2533,0.04190458357334137,0.18389743566513062
2534,-1.5742356777191162,3.709789991378784
2535,1.9706075191497803,9.531540870666504
2536,10.919081687927246,0.5871936678886414
2537,7.831634044647217,-5.666311264038086
2538,2.1335349082946777,-2.267918825149536
2539,2.322028636932373,-2.99947452545166
2540,-0.6702073216438293,1.198428988456726
2541,-5.245245456695557,-2.0214498043060303
2542,1.3861374855041504,5.222390174865723
2543,1.1288213729858398,-0.880483090877533
2544,12.387491226196289,-3.669752836227417
2545,-3.189547300338745,0.9103444814682007
2546,0.2323242872953415,3.2564890384674072
2547,-0.6761377453804016,4.603493690490723
2548,3.670917272567749,3.2378833293914795
2549,-1.9056401252746582,2.766195774078369
2550,3.2290537357330322,-2.7311980724334717
2551,3.3086097240448,5.821523189544678
2552,2.890181303024292,2.3186984062194824
2553,1.9812681674957275,1.711850881576538
2554,0.39130789041519165,0.3684161603450775
2555,15.972489356994629,8.7799711227417
2556,-7.9951581954956055,5.700590133666992
2557,2.494670867919922,4.540278434753418
2558,-7.338397026062012,-6.519111633300781
2559,-3.186072826385498,-12.653138160705566
2560,10.876547813415527,1.6555259227752686
2561,13.446562767028809,0.8898576498031616
2562,-0.9445948004722595,5.371222019195557
2563,3.809091329574585,5.321290969848633
2564,1.014574646949768,5.068811893463135
2565,-1.5314369201660156,8.354287147521973
2566,0.46328622102737427,-0.6719860434532166
2567,-0.0401497483253479,0.3806132674217224
2568,8.863462448120117,-2.1093931198120117
2569,2.1399505138397217,-2.7615702152252197
2570,-1.4385168552398682,6.969162940979004
2571,0.9237809777259827,-3.9674503803253174
2572,-7.274992942810059,-12.084549903869629
2573,-0.8077961206436157,0.7099179029464722
2574,-1.8833634853363037,-0.20601597428321838
2575,4.622349262237549,-4.4105329513549805
2576,1.0825320482254028,-0.31746575236320496
2577,1.6597291231155396,-3.644435405731201
2578,-4.649563312530518,-2.0848262310028076
2579,18.554744720458984,10.103813171386719
2580,-0.32941359281539917,6.815520763397217
2581,18.077247619628906,8.313516616821289
2582,1.8672614097595215,5.253820419311523
2583,4.773773193359375,14.422036170959473
2584,-1.3061784505844116,6.959315299987793
2585,0.8364649415016174,6.600907325744629
2586,18.4317626953125,-5.773592948913574
2587,2.325252056121826,-6.46690559387207
2588,-3.7693514823913574,7.35218620300293
2589,4.1323065757751465,-7.231110572814941
2590,5.50061559677124,10.964109420776367
2591,3.6216964721679688,-2.931960105895996
2592,-9.980642318725586,-8.267822265625
2593,1.6190119981765747,4.039425849914551
2594,-1.5182101726531982,-1.5967249870300293
2595,0.8886167407035828,-1.526668906211853
2596,7.880964756011963,-6.374420166015625
2597,4.06143045425415,5.6272077560424805
2598,-3.323730945587158,2.42645525932312
2599,-8.345843315124512,4.188562870025635
2600,9.565729141235352,5.462005615234375
2601,-0.7043538689613342,5.846058368682861
2602,16.06364631652832,-4.742469310760498
2603,13.014214515686035,4.496495723724365
2604,-8.151700973510742,-4.938057899475098
2605,2.263902425765991,7.898102760314941
2606,1.1770083904266357,-1.0410871505737305
2607,-0.8269720077514648,3.0719988346099854
2608,-8.0474214553833,-1.8103282451629639
2609,-18.079673767089844,-9.247347831726074
2610,1.7198166847229004,1.7648835182189941
2611,5.632134914398193,3.727869749069214
2612,-3.476524829864502,-1.5386178493499756
2613,-1.89200758934021,-1.3235983848571777
2614,5.824048042297363,-8.637629508972168
2615,-2.957664966583252,-1.6951894760131836
2616,3.3000621795654297,-7.29210901260376
2617,-3.4316160678863525,2.4656002521514893
2618,-0.18084582686424255,0.6933647990226746
2619,-1.7598552703857422,-1.4765307903289795
2620,-6.603066444396973,-3.1764578819274902
2621,-0.5826805233955383,3.6780576705932617
2622,-0.7865698933601379,4.7341628074646
2623,-5.1082048416137695,-3.2160799503326416
2624,2.1317262649536133,-9.041028022766113
2625,-3.1930527687072754,2.6032633781433105
2626,-3.293980360031128,4.81585168838501
2627,-7.094238758087158,-22.81158447265625
2628,0.37553709745407104,-2.8168439865112305
2629,2.828488826751709,-1.048993706703186
2630,10.258748054504395,-4.402181625366211
2631,-3.7262284755706787,0.0783209428191185
2632,-0.4318578839302063,4.230084419250488
2633,5.313021659851074,3.382094383239746
2634,-2.1609039306640625,2.8736464977264404
2635,13.728744506835938,-6.6959614753723145
2636,4.504916667938232,-5.070366859436035
2637,-1.1202588081359863,6.531100273132324
2638,-2.518512010574341,0.6384810209274292
2639,-3.4032371044158936,0.3460012376308441
2640,6.9145283699035645,2.284724712371826
2641,21.09865951538086,6.603625774383545
2642,-1.8719180822372437,-0.15643799304962158
2643,17.549524307250977,-3.314805507659912
2644,-2.522472858428955,-1.094835877418518
2645,18.86682891845703,10.98547649383545
2646,11.847830772399902,-1.2256591320037842
2647,1.1962834596633911,-1.8111650943756104
2648,5.527334690093994,-3.069232702255249
2649,-2.9892473220825195,-2.351181745529175
2650,0.4255586266517639,4.364643096923828
2651,-2.4475045204162598,0.6809766292572021
2652,6.415187358856201,-7.032489776611328
2653,-6.801928997039795,-2.2638018131256104
2654,6.235816478729248,-10.870095252990723
2655,-5.150352954864502,1.9253525733947754
2656,10.939850807189941,0.32842162251472473
2657,0.7750155329704285,6.765895843505859
2658,4.274896621704102,3.185110330581665
2659,1.164905071258545,8.131430625915527
2660,3.9617726802825928,1.849199891090393
2661,0.37244510650634766,1.8878943920135498
2662,10.679682731628418,-8.27698802947998
2663,2.9047789573669434,6.330142021179199
2664,-2.3680410385131836,2.102755546569824
2665,-6.182587146759033,3.314634084701538
2666,0.30681711435317993,1.249936580657959
2667,-0.7083277106285095,7.744149208068848
2668,0.4315270781517029,2.9451701641082764
2669,11.374028205871582,1.0596916675567627
2670,1.76528799533844,-12.110820770263672
2671,-0.05002482235431671,3.0766446590423584
2672,3.9842965602874756,-8.110906600952148
2673,-18.730865478515625,-11.797927856445312
2674,-1.6963099241256714,7.003404140472412
2675,-2.6947133541107178,-10.787484169006348
2676,0.8978323340415955,9.358284950256348
2677,-6.381659507751465,-10.067914009094238
2678,-0.33564531803131104,-0.32173192501068115
2679,-2.1521899700164795,1.4151543378829956
2680,-7.543350696563721,2.9491913318634033
2681,-5.824493885040283,5.482980728149414
2682,-0.5334373116493225,4.319583415985107
2683,8.569400787353516,-3.763904571533203
2684,6.190842151641846,5.210447311401367
2685,0.4555929899215698,-4.30321741104126
2686,3.2414236068725586,1.128840446472168
2687,0.8858692049980164,8.560137748718262
2688,7.04562520980835,-2.1137096881866455
2689,20.130306243896484,-8.624550819396973
2690,1.3321409225463867,6.810807228088379
2691,-1.567033290863037,0.42776361107826233
2692,-2.2750818729400635,-7.522340774536133
2693,1.089332103729248,-0.3275456130504608
2694,-5.102161884307861,3.0220606327056885
2695,0.13506655395030975,7.924379825592041
2696,5.531877517700195,2.3913049697875977
2697,9.786545753479004,-2.4807159900665283
2698,-1.7394555807113647,-1.412218451499939
2699,11.69176959991455,-7.64348030090332
2700,0.165768101811409,0.35860738158226013
2701,1.4677369594573975,-4.210869789123535
2702,-2.452993392944336,-1.1936771869659424
2703,10.887797355651855,4.227084636688232
2704,-3.8083114624023438,2.2818825244903564
2705,-2.06781005859375,-1.7160173654556274
2706,-2.771688222885132,1.8476760387420654
2707,0.40257728099823,1.6038074493408203
2708,-0.37711232900619507,0.5462281107902527
2709,-0.4954685568809509,1.664907693862915
2710,15.308894157409668,8.159457206726074
2711,-2.162398099899292,-0.5628027319908142
2712,-1.341984510421753,6.668613433837891
2713,7.413830757141113,-12.889822959899902
2714,6.179991245269775,-2.941767454147339
2715,-4.510309219360352,1.5735875368118286
2716,3.3341281414031982,1.13992440700531
2717,-0.31107884645462036,5.036138534545898
2718,16.124595642089844,10.683090209960938
2719,-4.070749282836914,3.1566851139068604
2720,0.8457208275794983,0.49548619985580444
2721,-1.4511237144470215,3.8746755123138428
2722,6.361001968383789,-2.9983723163604736
2723,14.955866813659668,-1.2203446626663208
2724,-2.5554583072662354,-14.29483699798584
2725,13.822452545166016,-7.969700813293457
2726,0.11830215156078339,3.771763324737549
2727,-1.6306771039962769,6.209914684295654
2728,-2.323857069015503,0.9079257249832153
2729,-4.007379531860352,2.8424072265625
2730,8.296682357788086,-1.3217624425888062
2731,-1.2528539896011353,5.737247467041016
2732,-2.4781696796417236,-0.4999599754810333
2733,0.4416138529777527,5.847817420959473
2734,12.429871559143066,0.261147141456604
2735,2.315908432006836,-4.550503730773926
2736,-3.776749849319458,2.2008368968963623
2737,-1.0514271259307861,-1.2942869663238525
2738,20.083269119262695,-3.9940922260284424
2739,-5.543198108673096,4.684636116027832
2740,0.4012730121612549,1.4015315771102905
2741,4.01145601272583,-6.929327011108398
2742,-1.1782703399658203,6.456323623657227
2743,0.532072126865387,7.388622283935547
2744,2.81512451171875,1.1752620935440063
2745,-8.3921480178833,-4.08171272277832
2746,-1.2661750316619873,2.264695882797241
2747,1.173927664756775,3.838886022567749
2748,0.8881035447120667,7.544877052307129
2749,3.298461675643921,-1.0058711767196655
2750,-4.189791202545166,1.2538807392120361
2751,-1.4725749492645264,8.215365409851074
2752,-0.9433498978614807,5.597983360290527
2753,1.301520586013794,-3.265619993209839
2754,-2.3083527088165283,2.2376725673675537
2755,8.071605682373047,-8.958440780639648
2756,-2.818993091583252,-1.1716938018798828
2757,-1.9346985816955566,-1.8897290229797363
2758,2.433199644088745,6.56815242767334
2759,3.828508138656616,6.822258472442627
2760,1.454883337020874,7.957159042358398
2761,15.829798698425293,-5.4043474197387695
2762,3.943730592727661,9.462955474853516
2763,-5.033697605133057,-18.506303787231445
2764,3.8986546993255615,-9.682427406311035
2765,1.2324343919754028,-0.3152848184108734
2766,-2.0648529529571533,-6.851584434509277
2767,-0.7398003935813904,4.778162479400635
2768,-0.08000119030475616,3.2221171855926514
2769,0.12041644752025604,7.344256401062012
2770,5.964274883270264,8.405473709106445
2771,-8.782654762268066,-8.066198348999023
2772,-0.027717426419258118,3.136725664138794
2773,8.333505630493164,-3.4843568801879883
2774,3.479231834411621,-2.5038068294525146
2775,-0.16492758691310883,1.9255657196044922
2776,-2.659419536590576,-1.3863849639892578
2777,16.244049072265625,3.124142646789551
2778,3.6145083904266357,-8.062671661376953
2779,-0.4768299460411072,8.376035690307617
2780,-0.7204499840736389,3.9559595584869385
2781,5.1036858558654785,3.8226230144500732
2782,13.830245018005371,3.0370748043060303
2783,-4.911302089691162,1.84983491897583
2784,-2.119723081588745,6.014460563659668
2785,0.9144245982170105,8.963996887207031
2786,16.687929153442383,1.7231998443603516
2787,4.913152694702148,10.061171531677246
2788,-9.246604919433594,-4.895621299743652
2789,-1.8412158489227295,7.847383499145508
2790,2.320866107940674,-0.589289665222168
2791,0.9871857762336731,2.4167404174804688
2792,-4.802890300750732,1.2863452434539795
2793,6.871823787689209,-7.520446300506592
2794,-10.985247611999512,-5.707035064697266
2795,9.971964836120605,-0.9464442729949951
2796,1.8468284606933594,-15.057239532470703
2797,-0.6047747731208801,2.7394368648529053
2798,0.08431343734264374,7.380049705505371
2799,-1.7920337915420532,3.2480790615081787
2800,-1.7051191329956055,8.405599594116211
2801,1.099627137184143,4.395400047302246
2802,-2.3826255798339844,-1.480591058731079
2803,-0.977098822593689,3.9381725788116455
2804,-4.177603244781494,1.0841853618621826
2805,-2.381261110305786,-8.803051948547363
2806,1.4790549278259277,-1.898183822631836
2807,-2.0741593837738037,4.5438432693481445
2808,1.655553936958313,5.235848426818848
2809,0.7895442247390747,3.061251640319824
2810,7.136934757232666,3.1187496185302734
2811,-1.692077875137329,-1.1413153409957886
2812,0.37851881980895996,-0.16985896229743958
2813,-0.3629146218299866,3.166255474090576
2814,-3.8307816982269287,0.8888287544250488
2815,-1.762871265411377,-2.5099329948425293
2816,4.961948871612549,14.560832977294922
2817,-5.33457612991333,3.119220018386841
2818,1.5203742980957031,-4.335393905639648
2819,1.552482008934021,2.177913188934326
2820,0.5686406493186951,4.558626651763916
2821,-0.07397373020648956,3.4177868366241455
2822,19.695236206054688,7.936509132385254
2823,-0.7054915428161621,-1.6846494674682617
2824,-0.7454313635826111,8.033737182617188
2825,-4.7537665367126465,2.1905887126922607
2826,-0.31389686465263367,0.7164075374603271
2827,14.54698371887207,3.63297700881958
2828,10.088343620300293,9.442874908447266
2829,0.02184639871120453,-3.199932813644409
2830,-7.262592315673828,5.6107869148254395
2831,-1.7582671642303467,4.841738700866699
2832,1.3240468502044678,2.197401762008667
2833,8.728079795837402,-8.048970222473145
2834,2.305016040802002,-1.5852365493774414
2835,11.38829517364502,-2.921963930130005
2836,0.9754489064216614,0.11723642796278
2837,17.480539321899414,4.044309139251709
2838,3.263709783554077,9.62859058380127
2839,13.433594703674316,3.9268147945404053
2840,14.9833984375,0.26847538352012634
2841,-1.4737316370010376,-4.178221702575684
2842,0.3000207543373108,0.14287123084068298
2843,1.657551884651184,-3.066453218460083
2844,1.859586477279663,6.190249919891357
2845,-0.9970095753669739,5.003499984741211
2846,-2.366760730743408,-1.7347826957702637
2847,-0.11850763857364655,0.5243563055992126
2848,0.7776913642883301,-2.9811463356018066
2849,3.3588807582855225,-6.794626235961914
2850,0.4751591682434082,2.463207721710205
2851,-1.50907301902771,7.737570285797119
2852,0.4425591826438904,-2.1199278831481934
2853,1.971804141998291,-5.991040229797363
2854,6.0741095542907715,-4.456203937530518
2855,0.3433595895767212,4.653308391571045
2856,2.374246120452881,10.71117877960205
2857,6.652699947357178,-5.74862003326416
2858,-2.83427357673645,-0.7414485812187195
2859,0.4109758734703064,-6.063876628875732
2860,7.255284786224365,5.007908821105957
2861,-11.709757804870605,-4.59752082824707
2862,14.7238187789917,-0.9287108182907104
2863,0.3882278800010681,2.2925846576690674
2864,-3.3699519634246826,1.5009490251541138
2865,1.7405741214752197,5.77134895324707
2866,-0.9217706918716431,-1.3047881126403809
2867,9.358814239501953,-4.531824111938477
2868,-11.146334648132324,-5.635402679443359
2869,-6.4246392250061035,-5.705803394317627
2870,-3.332730531692505,1.8538602590560913
2871,13.20435619354248,9.065595626831055
2872,5.888754367828369,-13.38845443725586
2873,2.026991367340088,5.186738014221191
2874,-2.544185161590576,-0.4826897084712982
2875,4.921237468719482,-8.151772499084473
2876,4.314416408538818,12.223153114318848
2877,-0.309922993183136,3.751075029373169
2878,-3.2024178504943848,-2.608649253845215
2879,-1.0153677463531494,6.543063640594482
2880,-5.065555572509766,1.3275537490844727
2881,-4.467154026031494,1.2720166444778442
2882,16.639911651611328,-5.7122063636779785
2883,1.0509886741638184,-4.206453323364258
2884,1.4670467376708984,-4.262617588043213
2885,-1.4926868677139282,7.068371772766113
2886,-0.9994437098503113,1.3316869735717773
2887,7.074467182159424,4.024939060211182
2888,-6.170565128326416,-1.8367496728897095
2889,-1.7221816778182983,-1.4048665761947632
2890,4.102277755737305,-4.970592498779297
2891,-0.511606752872467,5.379197597503662
2892,2.8875396251678467,-5.225870132446289
2893,-5.974395751953125,-8.905081748962402
2894,-1.824344277381897,-1.8057773113250732
2895,-1.5725682973861694,4.19130802154541
2896,12.99925708770752,4.786127090454102
2897,10.694416999816895,-4.127657890319824
2898,-0.44910043478012085,5.324713230133057
2899,-2.2797751426696777,-3.2236876487731934
2900,10.106039047241211,9.70483112335205
2901,0.4459356665611267,0.2506333887577057
2902,6.983642578125,-11.039549827575684
2903,0.7187018990516663,-3.6729843616485596
2904,3.6477596759796143,7.041281700134277
2905,3.9383485317230225,-0.5225003361701965
2906,-2.684504747390747,1.7218422889709473
2907,0.5288562178611755,4.732584476470947
2908,-6.738452434539795,6.200361728668213
2909,-2.8430850505828857,-3.160997152328491
2910,-1.570602297782898,-1.6149842739105225
2911,-0.27852076292037964,-3.229609251022339
2912,12.992937088012695,-0.46773383021354675
2913,0.13733474910259247,3.8609678745269775
2914,-2.5922434329986572,-3.1348631381988525
2915,-8.894917488098145,-5.6485371589660645
2916,5.186874866485596,14.832093238830566
2917,0.6058459877967834,-3.874765634536743
2918,2.4127066135406494,-2.9875271320343018
2919,-5.171267986297607,2.0624513626098633
2920,-0.31630271673202515,5.677962779998779
2921,17.341474533081055,-8.743300437927246
2922,-0.07106621563434601,3.7937710285186768
2923,0.2608795762062073,3.656771659851074
2924,2.743309497833252,-1.8678920269012451
2925,-3.759692907333374,3.5982472896575928
2926,-1.4239628314971924,-1.5973918437957764
2927,-11.623129844665527,-4.113629341125488
2928,1.5119460821151733,6.834627151489258
2929,-0.9547019600868225,2.114943504333496
2930,8.089574813842773,10.21280574798584
2931,-2.5568687915802,3.8834707736968994
2932,0.8943179249763489,8.148377418518066
2933,-2.730430841445923,1.5554684400558472
2934,14.21968936920166,2.3406028747558594
2935,-1.1777392625808716,5.537357330322266
2936,-2.658216714859009,-0.38303878903388977
2937,8.863956451416016,1.4648915529251099
2938,-4.0670552253723145,1.5228888988494873
2939,1.9958760738372803,2.126477003097534
2940,-4.496939659118652,-2.5712437629699707
2941,-0.020322531461715698,0.3914561867713928
2942,-4.020101547241211,0.3199881911277771
2943,1.6056678295135498,8.444255828857422
2944,-0.37354427576065063,3.8612453937530518
2945,-1.9456431865692139,5.806683540344238
2946,-0.3201729655265808,8.73641300201416
2947,4.365938186645508,4.390874862670898
2948,-1.9842069149017334,-1.1872942447662354
2949,-1.717060923576355,-0.611328125
2950,-7.108329772949219,-16.183820724487305
2951,3.761277437210083,-7.350149154663086
2952,1.5541061162948608,-12.162235260009766
2953,0.27263206243515015,0.18040141463279724
2954,5.822110652923584,7.556624412536621
2955,-3.3678314685821533,0.3955562710762024
2956,-2.079834461212158,0.6788827776908875
2957,-4.454279899597168,-4.906967639923096
2958,0.8966736197471619,-1.8678354024887085
2959,4.195104122161865,6.185044288635254
2960,-5.780231952667236,2.74359393119812
2961,0.9835295081138611,9.80943775177002
2962,3.8530757427215576,-9.250030517578125
2963,-4.8250908851623535,3.0178401470184326
2964,4.366767406463623,2.2049734592437744
2965,-4.417111396789551,1.9602140188217163
2966,0.39791780710220337,3.576833963394165
2967,-0.509731650352478,1.4351484775543213
2968,-2.6084024906158447,-0.049049489200115204
2969,0.02084432542324066,3.087933301925659
2970,16.237964630126953,0.4078851342201233
2971,-1.2639703750610352,3.204888105392456
2972,0.9794283509254456,-3.0173089504241943
2973,-2.2447144985198975,0.9106549024581909
2974,-0.43753182888031006,0.22780290246009827
2975,-1.9653420448303223,-1.8303439617156982
2976,-0.10943599045276642,2.9763357639312744
2977,3.5026748180389404,2.281766653060913
2978,14.290034294128418,-7.058637619018555
2979,3.4704339504241943,1.8203152418136597
2980,-3.374882936477661,-3.942044973373413
2981,-0.11230416595935822,1.5714353322982788
2982,-2.948207378387451,-1.252785563468933
2983,0.5864700675010681,4.647256851196289
2984,3.1468541622161865,0.4990854561328888
2985,6.128821849822998,-2.8222780227661133
2986,-4.969209671020508,1.8702261447906494
2987,1.589065670967102,0.11539705842733383
2988,-2.6123077869415283,-2.040281057357788
2989,13.891119956970215,1.8751953840255737
2990,4.688073635101318,11.860353469848633
2991,-0.5297488570213318,8.165346145629883
2992,-0.3654674291610718,1.926903486251831
2993,0.9344969391822815,2.9392330646514893
2994,8.701086044311523,4.381882667541504
2995,-1.8168574571609497,3.3238160610198975
2996,8.688955307006836,-0.32587990164756775
2997,2.041642904281616,-5.231049537658691
2998,-1.10710608959198,5.474286079406738
2999,4.673094749450684,-10.419326782226562
3000,-0.7552071809768677,0.8014918565750122
3001,-1.8968086242675781,-1.7190288305282593
3002,-8.255728721618652,-5.113752365112305
3003,0.545928955078125,4.885200500488281
3004,1.8615262508392334,2.916290283203125
3005,2.680838108062744,0.34392446279525757
3006,1.1138050556182861,2.9541571140289307
3007,-2.0168168544769287,-7.772281169891357
3008,4.116791248321533,-7.6539692878723145
3009,-2.3328776359558105,-0.4081549346446991
3010,-1.4035532474517822,-1.0586321353912354
3011,3.4686901569366455,-6.258650779724121
3012,-3.092179536819458,-2.0846707820892334
3013,-2.827049493789673,-2.9062469005584717
3014,5.317315578460693,-2.97281551361084
3015,-0.7420653700828552,8.042731285095215
3016,5.136106967926025,-9.161640167236328
3017,2.4895951747894287,-8.805562019348145
3018,2.2814719676971436,-1.105919599533081
3019,-0.4663158059120178,4.315390586853027
3020,7.896116733551025,-6.436706066131592
3021,13.617331504821777,-1.002131462097168
3022,7.684494972229004,8.053297996520996
3023,-2.808547258377075,1.449562430381775
3024,-9.256051063537598,-4.90444278717041
3025,-0.09561195969581604,-2.7971351146698
3026,-5.656768321990967,-5.245173454284668
3027,-10.163484573364258,5.843816757202148
3028,-6.292243480682373,-2.0945217609405518
3029,1.0910297632217407,9.035846710205078
3030,-1.4239164590835571,7.086954593658447
3031,-7.5006914138793945,-4.775008678436279
3032,1.9098520278930664,3.6844022274017334
3033,6.6729841232299805,5.461521148681641
3034,-2.8784091472625732,-4.343813896179199
3035,0.7567833065986633,4.091724395751953
3036,-0.6425797343254089,7.822947978973389
3037,1.0808162689208984,-4.062813758850098
3038,2.1562113761901855,8.061762809753418
3039,-2.085923194885254,-0.29060304164886475
3040,-10.145468711853027,-21.129749298095703
3041,1.2549329996109009,9.509291648864746
3042,1.9896974563598633,3.440337896347046
3043,1.5636117458343506,-4.290992736816406
3044,0.7253709435462952,-7.63463020324707
3045,-7.058273792266846,3.021735906600952
3046,11.059103965759277,2.2789723873138428
3047,-0.6193334460258484,4.971002101898193
3048,8.840401649475098,-2.733868360519409
3049,15.879748344421387,3.0133585929870605
3050,1.5886150598526,-3.635854959487915
3051,1.832944631576538,7.123356342315674
3052,1.572256088256836,0.7186310291290283
3053,-8.179844856262207,3.8750109672546387
3054,0.11460749804973602,3.9447643756866455
3055,-5.039928913116455,-2.439992666244507
3056,4.406523704528809,-6.638314723968506
3057,0.9107316136360168,4.863428592681885
3058,2.8292465209960938,-3.5389199256896973
3059,4.706611156463623,-8.022104263305664
3060,6.350223541259766,1.7995802164077759
3061,0.9682784676551819,2.6506927013397217
3062,-3.79967999458313,-1.8323798179626465
3063,-3.1601386070251465,0.8993373513221741
3064,-13.137736320495605,-7.547722816467285
3065,-4.527115345001221,-10.479138374328613
3066,-5.195593357086182,3.358844041824341
3067,-1.8372145891189575,-0.6061460971832275
3068,-7.07466459274292,4.989655494689941
3069,-7.124154090881348,3.655510187149048
3070,17.03314971923828,1.906912088394165
3071,-11.014806747436523,-6.676709175109863
3072,0.8441832661628723,-0.14911851286888123
3073,9.901371002197266,-2.0125532150268555
3074,-6.862419605255127,2.8150432109832764
3075,-4.739689350128174,0.4584403932094574
3076,-4.645267963409424,2.7096498012542725
3077,1.0107531547546387,-3.5400681495666504
3078,-5.355574131011963,-3.143808126449585
3079,-2.8868253231048584,-11.46113109588623
3080,13.821449279785156,-6.580766677856445
3081,2.6258413791656494,0.287150114774704
3082,-3.7173516750335693,1.3990000486373901
3083,3.435192346572876,-6.519950866699219
3084,1.731978416442871,4.174248695373535
3085,-2.5486457347869873,-0.34924784302711487
3086,1.7807400226593018,3.7900636196136475
3087,-4.367679119110107,-1.8564999103546143
3088,3.093702554702759,6.110964298248291
3089,-2.1882970333099365,-0.5232646465301514
3090,-0.9930565357208252,3.556574821472168
3091,-8.629535675048828,-8.250407218933105
3092,-1.2391257286071777,-0.8105377554893494
3093,8.505158424377441,5.64465856552124
3094,3.5922746658325195,0.2596137821674347
3095,1.1570649147033691,-1.9309718608856201
3096,-1.0599727630615234,2.1675336360931396
3097,2.2597274780273438,-12.184951782226562
3098,7.213458061218262,-2.1469509601593018
3099,-2.400237798690796,1.8253198862075806
3100,1.4458181858062744,-3.5668418407440186
3101,-1.592090368270874,3.329758882522583
3102,-14.01968002319336,-11.42361831665039
3103,3.3411190509796143,-2.551443338394165
3104,4.315542221069336,3.3268868923187256
3105,-3.123699188232422,0.0951172485947609
3106,-4.780404567718506,2.345736503601074
3107,7.8665289878845215,14.135283470153809
3108,-0.1577100306749344,3.9660704135894775
3109,-4.418804168701172,3.078994035720825
3110,-6.796610355377197,-2.2458255290985107
3111,-13.85339641571045,-6.596446990966797
3112,-3.9337198734283447,0.5793474912643433
3113,10.104809761047363,1.1099457740783691
3114,3.341264009475708,0.4164171814918518
3115,-1.163643479347229,-11.319195747375488
3116,-1.213479995727539,-1.2524549961090088
3117,-0.3498055934906006,0.5717112421989441
3118,-1.608988881111145,-0.6889709234237671
3119,5.456637382507324,1.754193663597107
3120,9.170538902282715,8.564481735229492
3121,-1.2760844230651855,5.3512067794799805
3122,-2.4441914558410645,0.17078766226768494
3123,-2.933990955352783,-0.5858134627342224
3124,-5.283635139465332,1.8597888946533203
3125,-0.25184136629104614,4.363208293914795
3126,-3.890775442123413,2.305110454559326
3127,8.122269630432129,5.827919960021973
3128,8.251118659973145,8.651101112365723
3129,1.4588463306427002,2.375911235809326
3130,-2.8097763061523438,2.0202691555023193
3131,-0.14322198927402496,0.22043612599372864
3132,-4.010778903961182,-3.3346259593963623
3133,-9.61725902557373,6.1855316162109375
3134,-2.6285808086395264,-1.7643132209777832
3135,6.245499134063721,6.711819171905518
3136,11.571011543273926,10.046380043029785
3137,-0.6022597551345825,0.8040505647659302
3138,-8.242929458618164,-2.4979515075683594
3139,19.966678619384766,11.489830017089844
3140,15.856627464294434,-0.40267273783683777
3141,-0.9565009474754333,7.4118733406066895
3142,8.767086029052734,4.438933372497559
3143,3.844087839126587,-2.4412841796875
3144,12.471983909606934,-1.175062656402588
3145,0.33670759201049805,-1.260861873626709
3146,-0.18088515102863312,3.4292542934417725
3147,1.5160408020019531,5.33411979675293
3148,-0.3651438355445862,3.05561900138855
3149,4.800095081329346,2.108537197113037
3150,5.938199520111084,-5.558932781219482
3151,4.200233459472656,-9.600653648376465
3152,7.671266078948975,1.181478500366211
3153,11.770265579223633,8.900742530822754
3154,-3.211573839187622,-12.393275260925293
3155,1.2707769870758057,8.787217140197754
3156,-1.5576226711273193,8.613006591796875
3157,0.8544192910194397,-4.018376350402832
3158,3.765305280685425,3.42348051071167
3159,7.3934197425842285,3.0730040073394775
3160,1.006580114364624,-7.506927490234375
3161,-6.7652268409729,3.9205756187438965
3162,1.6056756973266602,-1.391196846961975
3163,13.408416748046875,5.151345252990723
3164,-4.792076587677002,3.106466054916382
3165,-1.9782943725585938,-9.575569152832031
3166,-1.2746589183807373,1.1246552467346191
3167,1.1217366456985474,-4.662079811096191
3168,2.653402090072632,3.6538124084472656
3169,-2.845036029815674,-3.229444742202759
3170,8.796606063842773,5.405049800872803
3171,-0.10870464146137238,4.517586708068848
3172,1.6936359405517578,-4.484295845031738
3173,-1.9997143745422363,-2.546870231628418
3174,7.833120822906494,-8.369784355163574
3175,-3.327091693878174,1.2362662553787231
3176,-6.663691997528076,-23.73632049560547
3177,-10.408937454223633,-11.113981246948242
3178,1.4973732233047485,10.06762409210205
3179,3.4368624687194824,2.375291109085083
3180,14.472046852111816,1.9685564041137695
3181,-4.5974297523498535,-2.246225118637085
3182,-0.13916833698749542,3.4626476764678955
3183,0.004317387938499451,3.728332757949829
3184,0.46608567237854004,4.103630542755127
3185,-6.776905536651611,-12.08606243133545
3186,-1.3158447742462158,-10.930032730102539
3187,5.398353576660156,1.5009872913360596
3188,-4.3351216316223145,2.5755860805511475
3189,1.1490651369094849,-0.3967890441417694
3190,1.1955891847610474,-4.13857889175415
3191,-0.6872149109840393,1.9979304075241089
3192,-0.660881757736206,0.5820741653442383
3193,4.5963215827941895,5.802715301513672
3194,-0.12351734936237335,2.2775588035583496
3195,0.45286351442337036,2.9226348400115967
3196,0.20051564276218414,-0.3619363605976105
3197,-0.2572208344936371,-0.6475603580474854
3198,-1.302747130393982,-11.203461647033691
3199,-5.497135639190674,3.059725284576416
3200,-0.4752717614173889,-0.39391425251960754
3201,1.0051522254943848,3.198747158050537
3202,4.539483547210693,-0.21527138352394104
3203,-2.4429965019226074,-2.5370702743530273
3204,9.461669921875,-13.469756126403809
3205,20.396411895751953,7.405457496643066
3206,0.6694093942642212,-2.3222460746765137
3207,2.011666774749756,-2.0348072052001953
3208,1.7441601753234863,9.739419937133789
3209,-0.4952270984649658,2.2217326164245605
3210,-4.950873851776123,2.0871188640594482
3211,4.018649101257324,0.35407450795173645
3212,-1.2485753297805786,1.5314276218414307
3213,-8.293627738952637,-10.896312713623047
3214,2.2688679695129395,-5.543820381164551
3215,-2.4118614196777344,2.058497905731201
3216,3.015604019165039,0.9511275887489319
3217,5.516517162322998,7.708245277404785
3218,0.0326869934797287,3.375725030899048
3219,1.1705116033554077,2.383779287338257
3220,-3.094789743423462,-1.4807994365692139
3221,-0.7852982878684998,-1.769395351409912
3222,-8.345438957214355,-11.10745906829834
3223,-4.833922386169434,1.8571970462799072
3224,2.5731382369995117,4.485683441162109
3225,13.793387413024902,7.8926262855529785
3226,9.658446311950684,6.458907127380371
3227,-2.2695767879486084,-8.323871612548828
3228,-0.36012810468673706,5.326132297515869
3229,-1.5168521404266357,-1.4653475284576416
3230,-3.5786526203155518,-1.0977542400360107
3231,-3.8826210498809814,0.6861854791641235
3232,-4.165789604187012,-0.0886230394244194
3233,1.3550423383712769,-0.8412903547286987
3234,-6.6650471687316895,4.037911415100098
3235,3.9602668285369873,-2.0651838779449463
3236,-5.066351413726807,3.915825605392456
3237,-6.06487512588501,-1.023517370223999
3238,0.7013545036315918,0.14418360590934753
3239,1.104769229888916,-5.351805686950684
3240,-1.289978265762329,7.508885860443115
3241,11.526650428771973,0.5784512758255005
3242,-4.349914073944092,-1.3938772678375244
3243,-0.8913536667823792,1.0685489177703857
3244,6.932850360870361,-5.1487016677856445
3245,4.038599014282227,-11.181302070617676
3246,-2.2564661502838135,2.2199554443359375
3247,4.214626789093018,6.7990593910217285
3248,2.4841580390930176,-6.412139892578125
3249,0.8481855988502502,7.234779357910156
3250,-9.678060531616211,-14.199328422546387
3251,13.25259780883789,7.056508541107178
3252,-0.8226833343505859,0.583451509475708
3253,8.45898723602295,-12.466565132141113
3254,9.71480941772461,-5.299541473388672
3255,11.599614143371582,-1.175657033920288
3256,1.599887490272522,-1.904890775680542
3257,-12.2219820022583,-4.955326080322266
3258,9.58924388885498,2.9830639362335205
3259,6.284997463226318,0.8984969258308411
3260,-4.230617523193359,-8.735291481018066
3261,6.654851913452148,-12.813374519348145
3262,-2.857553720474243,1.975976824760437
3263,-4.985963344573975,2.6756529808044434
3264,3.5886757373809814,-4.110683441162109
3265,-2.218855857849121,-7.90024471282959
3266,14.566691398620605,0.7474489808082581
3267,16.215885162353516,-0.06569955497980118
3268,1.7507551908493042,5.220107078552246
3269,-9.931927680969238,-30.9809627532959
3270,0.23851065337657928,4.406285285949707
3271,-0.5621629953384399,0.8770504593849182
3272,-0.4896147847175598,1.3379473686218262
3273,-7.231382846832275,-1.8204253911972046
3274,7.6836161613464355,-8.21279525756836
3275,1.2549710273742676,0.5613937377929688
3276,-8.270767211914062,-1.645520567893982
3277,6.577958583831787,9.025322914123535
3278,-1.642127513885498,8.290745735168457
3279,-1.0129170417785645,1.3151065111160278
3280,1.8187229633331299,-4.895946502685547
3281,6.583096027374268,1.2453943490982056
3282,-4.900989055633545,2.803363084793091
3283,-1.5643362998962402,-1.8719944953918457
3284,-4.0387139320373535,-4.2134881019592285
3285,2.570415735244751,-5.9587507247924805
3286,-0.11520333588123322,3.5515010356903076
3287,1.7274107933044434,-7.41771125793457
3288,-5.51003360748291,-2.7381818294525146
3289,-2.791433095932007,1.466927409172058
3290,-6.702587604522705,-2.882788896560669
3291,0.5472880005836487,7.816617965698242
3292,7.273197650909424,9.099599838256836
3293,-5.890523433685303,-1.856026530265808
3294,-1.3794465065002441,-1.8715229034423828
3295,-2.2103066444396973,3.079230308532715
3296,-0.22605295479297638,4.790771484375
3297,5.87491512298584,1.5144071578979492
3298,17.002117156982422,3.9674270153045654
3299,4.27302360534668,4.531154632568359
3300,-1.6671582460403442,8.472524642944336
3301,-0.35805001854896545,0.026850789785385132
3302,-2.6822214126586914,1.940547227859497
3303,-3.372183322906494,0.03920828551054001
3304,-0.21551941335201263,2.323232650756836
3305,0.37575310468673706,0.7797713279724121
3306,-0.6096598505973816,6.682821273803711
3307,0.04698006808757782,1.7502574920654297
3308,-3.3542559146881104,-0.4585259258747101
3309,-0.12064714729785919,7.136852264404297
3310,-1.7806957960128784,-8.134037017822266
3311,-5.97960901260376,-2.5710015296936035
3312,1.413435935974121,-5.131771564483643
3313,2.050992012023926,-4.410161972045898
3314,-10.371821403503418,-3.7885630130767822
3315,18.165966033935547,2.952301025390625
3316,-2.784811019897461,-0.888205885887146
3317,-2.4253711700439453,-0.21775135397911072
3318,8.381074905395508,-6.651074409484863
3319,-4.15524435043335,2.721771001815796
3320,-4.4870219230651855,-1.9228770732879639
3321,4.059319019317627,7.556396484375
3322,0.271655797958374,-3.664278507232666
3323,-5.125034809112549,-12.616098403930664
3324,-2.5909934043884277,-0.5846522450447083
3325,8.295378684997559,-3.072413206100464
3326,-2.145443916320801,-1.6056240797042847
3327,7.7723069190979,-0.4317079484462738
3328,4.305649280548096,3.844980001449585
3329,14.1897611618042,6.771900653839111
3330,1.8258748054504395,1.0343852043151855
3331,-1.6462687253952026,5.2273969650268555
3332,-5.326341152191162,1.8600327968597412
3333,11.476618766784668,6.137325286865234
3334,-2.559767723083496,1.3749468326568604
3335,0.751937985420227,0.18968045711517334
3336,-4.497303485870361,-11.281201362609863
3337,-0.5049663782119751,0.41134992241859436
3338,-0.4502808451652527,-0.6539273858070374
3339,-0.10141606628894806,3.902308225631714
3340,-2.1974618434906006,-7.877534866333008
3341,11.177848815917969,-1.1234792470932007
3342,14.732131004333496,3.442903757095337
3343,-0.5200120806694031,0.4471498131752014
3344,3.3247416019439697,0.5537803173065186
3345,9.940899848937988,8.609981536865234
3346,-1.9069777727127075,8.1161527633667
3347,-0.2554846405982971,-0.5147450566291809
3348,9.489428520202637,-7.511427879333496
3349,8.15683650970459,-12.377400398254395
3350,12.92020320892334,6.579647541046143
3351,-9.6150484085083,-3.8180501461029053
3352,1.6029646396636963,-18.08146095275879
3353,18.38315200805664,-6.322453498840332
3354,0.8940358757972717,5.654179573059082
3355,8.511700630187988,-4.312562942504883
3356,-4.746728420257568,-4.980216026306152
3357,-0.9157372117042542,0.668552815914154
3358,-1.3350565433502197,-2.0497941970825195
3359,7.623047828674316,-6.329202175140381
3360,16.64739227294922,7.899138450622559
3361,-1.2029703855514526,-0.3484131097793579
3362,-1.4409226179122925,-0.6229830980300903
3363,-10.70500373840332,-5.716440200805664
3364,2.3962504863739014,-1.2482155561447144
3365,-1.3591066598892212,7.141609191894531
3366,16.410863876342773,5.8287153244018555
3367,-1.449191927909851,7.096753120422363
3368,-1.2455244064331055,6.031890392303467
3369,19.625930786132812,11.744280815124512
3370,12.78968620300293,-0.2166368067264557
3371,6.9466423988342285,-10.36581802368164
3372,0.06482203304767609,-2.8015363216400146
3373,-0.3134436011314392,7.00446891784668
3374,17.93442726135254,0.28403204679489136
3375,3.4909074306488037,-0.7123538851737976
3376,0.7448549866676331,-2.649071216583252
3377,-0.8150762915611267,-1.6482471227645874
3378,16.694921493530273,8.119696617126465
3379,11.429574966430664,7.886858940124512
3380,-6.4653096199035645,4.077856063842773
3381,-8.228541374206543,-7.203995704650879
3382,1.9065723419189453,1.1328697204589844
3383,-0.12220205366611481,2.417651653289795
3384,-1.8350818157196045,-1.6732189655303955
3385,3.7187154293060303,-0.901488184928894
3386,-6.1156325340271,-4.860028266906738
3387,-0.8488742709159851,8.008890151977539
3388,-3.739187479019165,-2.6230804920196533
3389,3.6433162689208984,-5.536712646484375
3390,-3.697523355484009,-1.2803645133972168
3391,-0.2856850028038025,2.9376537799835205
3392,3.938000440597534,12.724221229553223
3393,0.41380733251571655,4.421850204467773
3394,-2.0164220333099365,0.7934441566467285
3395,-0.35732975602149963,0.017120160162448883
3396,-9.45244026184082,-4.051509857177734
3397,17.48550033569336,-0.7739675045013428
3398,-9.535072326660156,-3.7854888439178467
3399,2.4370782375335693,10.557417869567871
3400,-1.5298354625701904,-4.784961700439453
3401,2.638852834701538,8.526188850402832
3402,3.810152292251587,3.7305805683135986
3403,-1.8744642734527588,4.018829822540283
3404,3.8197362422943115,0.36926034092903137
3405,1.209908366203308,10.188323974609375
3406,-1.046791911125183,-1.5211586952209473
3407,1.3234577178955078,1.5523195266723633
3408,-2.053379535675049,-1.806861162185669
3409,-3.89898419380188,-0.7994301319122314
3410,-2.6804707050323486,4.189853191375732
3411,-2.3311827182769775,-1.1077914237976074
3412,19.536529541015625,-2.5404646396636963
3413,0.4022265076637268,8.961254119873047
3414,-1.2538855075836182,4.463238716125488
3415,-10.468456268310547,-14.136526107788086
3416,-5.239119052886963,3.960219144821167
3417,0.5762729644775391,2.627481460571289
3418,17.980581283569336,6.368410110473633
3419,2.0792415142059326,1.223695993423462
3420,4.0701003074646,0.9443783760070801
3421,-0.6442894339561462,2.1663851737976074
3422,-2.614042282104492,0.9137428998947144
3423,0.7807835936546326,3.82865309715271
3424,3.3983888626098633,-0.0020136386156082153
3425,17.836341857910156,-1.1647820472717285
3426,-1.570210337638855,6.8125715255737305
3427,0.09881524741649628,5.960337162017822
3428,2.7922556400299072,-2.7354729175567627
3429,20.272750854492188,6.943098545074463
3430,-2.7170016765594482,1.6436489820480347
3431,-2.624084711074829,1.4316743612289429
3432,6.1788649559021,8.781842231750488
3433,6.510372161865234,1.5000641345977783
3434,-3.2105038166046143,-2.058929920196533
3435,2.4469611644744873,-0.1943586766719818
3436,1.961256980895996,3.1382272243499756
3437,-4.016790866851807,-2.760981321334839
3438,-3.6733834743499756,1.6215674877166748
3439,-4.463796615600586,2.260101079940796
3440,1.3355368375778198,3.977548360824585
3441,-1.026242733001709,-0.13081607222557068
3442,-3.1809158325195312,-2.1122286319732666
3443,-7.3732008934021,-5.356269359588623
3444,-7.068117618560791,5.525680065155029
3445,-0.4283737540245056,0.2269374430179596
3446,5.236486434936523,3.572000741958618
3447,-1.8321510553359985,1.6761033535003662
3448,-1.6223156452178955,-0.18297535181045532
3449,-1.192957878112793,-1.4103615283966064
3450,-3.3591837882995605,-1.904083251953125
3451,0.1481422632932663,1.9691060781478882
3452,7.4574294090271,-1.5910013914108276
3453,9.48383617401123,2.3214590549468994
3454,-1.5853506326675415,-0.09968357533216476
3455,1.5133119821548462,3.120795249938965
3456,-2.978970527648926,2.129506826400757
3457,-1.1002711057662964,2.09049391746521
3458,-5.048658847808838,2.854396104812622
3459,22.04644012451172,11.318408012390137
3460,5.220235347747803,3.240577459335327
3461,4.726168632507324,5.5662922859191895
3462,-0.610289990901947,1.0218030214309692
3463,-3.2106480598449707,1.4419119358062744
3464,4.396511077880859,10.78265380859375
3465,5.290916442871094,-0.31502076983451843
3466,1.0780366659164429,1.997231125831604
3467,16.756559371948242,1.839544653892517
3468,0.8754069209098816,-0.15501299500465393
3469,-2.0674262046813965,-2.078325033187866
3470,4.522677898406982,-3.019347906112671
3471,1.8038862943649292,0.9459205269813538
3472,-3.814980983734131,-7.837109565734863
3473,6.910192489624023,3.545527696609497
3474,-3.1212847232818604,-1.567905306816101
3475,-4.3962225914001465,-2.137822151184082
3476,7.126772403717041,1.3047325611114502
3477,-2.1707468032836914,1.7000259160995483
3478,-10.601583480834961,-4.724724769592285
3479,-4.562617301940918,2.3302199840545654
3480,0.5110358595848083,7.712864398956299
3481,-3.6699979305267334,-0.5174956321716309
3482,-7.630906581878662,-7.630792140960693
3483,-1.988275408744812,5.461540699005127
3484,8.619281768798828,-4.043666839599609
3485,-4.672393798828125,4.550327301025391
3486,-1.0677251815795898,-2.1400749683380127
3487,-1.8887628316879272,-0.06281311064958572
3488,0.9509907364845276,-5.616704940795898
3489,-2.450718879699707,-17.78580093383789
3490,-2.3419082164764404,-0.8835378885269165
3491,2.9141790866851807,-7.66705322265625
3492,0.9312812685966492,-0.11562172323465347
3493,4.297179222106934,-7.543969631195068
3494,18.485233306884766,-3.548814535140991
3495,-0.5398263335227966,2.977745532989502
3496,0.39934319257736206,3.450382947921753
3497,-7.363962650299072,-20.438859939575195
3498,3.402297258377075,-4.381200790405273
3499,9.676933288574219,0.06761177629232407
3500,8.654337882995605,-2.207434892654419
3501,0.7668928503990173,7.035871982574463
3502,-5.618269443511963,2.2467517852783203
3503,3.8888895511627197,-7.20234489440918
3504,1.4142307043075562,-0.047926850616931915
3505,2.105828285217285,1.1526849269866943
3506,3.6999313831329346,-1.4200873374938965
3507,6.0812859535217285,-10.534815788269043
3508,-2.7855958938598633,-10.79452133178711
3509,-3.790409564971924,0.40843215584754944
3510,-2.172931432723999,2.264723777770996
3511,0.4943881034851074,4.579625129699707
3512,-0.32600611448287964,0.055218808352947235
3513,2.5792343616485596,-1.9633779525756836
3514,-10.381302833557129,-4.328571319580078
3515,-7.375974655151367,5.330693244934082
3516,-0.8980662226676941,7.124845027923584
3517,-0.8703147768974304,1.02446711063385
3518,3.7069623470306396,-13.23200511932373
3519,7.944077014923096,-0.33036166429519653
3520,-3.6691882610321045,0.865993082523346
3521,16.711645126342773,-1.5383481979370117
3522,-2.399494171142578,-1.1536952257156372
3523,0.5700405240058899,-7.003673553466797
3524,3.057464838027954,-2.471395969390869
3525,1.0746757984161377,-0.6139040589332581
3526,-2.0579354763031006,7.292743682861328
3527,0.8995158076286316,-3.5772993564605713
3528,-5.043855667114258,-7.070208549499512
3529,-0.2495342642068863,0.4736745059490204
3530,-1.3372352123260498,5.073498249053955
3531,-1.5119311809539795,0.37411606311798096
3532,2.7401435375213623,-0.7145279049873352
3533,-1.8235552310943604,-2.328310251235962
3534,14.797126770019531,7.663657188415527
3535,-3.5053415298461914,-20.533283233642578
3536,2.927417039871216,1.3315773010253906
3537,-2.556259870529175,-0.8010808825492859
3538,-0.7888538241386414,4.8650102615356445
3539,1.2513744831085205,4.496880531311035
3540,-4.165976524353027,2.081296682357788
3541,-12.488402366638184,-5.413795471191406
3542,0.8339774012565613,8.547127723693848
3543,-4.777671813964844,-4.275012493133545
3544,1.6891200542449951,-2.2726049423217773
3545,2.2288806438446045,-0.6255199909210205
3546,3.354717969894409,13.061917304992676
3547,16.348464965820312,-2.171361207962036
3548,-1.2158147096633911,0.919029951095581
3549,-0.05275513231754303,-0.37107598781585693
3550,-3.32672381401062,1.9184621572494507
3551,18.53412628173828,4.462395668029785
3552,-1.1699843406677246,5.596778869628906
3553,3.246248960494995,0.34628430008888245
3554,-12.675662994384766,-6.4964189529418945
3555,-1.425904631614685,8.286896705627441
3556,-3.1249167919158936,-0.3385251760482788
3557,-1.2148332595825195,4.009490966796875
3558,-2.3735454082489014,5.998998165130615
3559,6.272641181945801,6.555760383605957
3560,-3.695378303527832,-18.91240692138672
3561,-0.5857469439506531,6.9595866203308105
3562,-6.4696574211120605,-6.457646369934082
3563,8.446324348449707,-1.4826152324676514
3564,11.153919219970703,-2.1140387058258057
3565,0.10975317656993866,4.282158851623535
3566,2.118640899658203,10.045573234558105
3567,-3.7654764652252197,0.4624967873096466
3568,3.4325613975524902,0.219934344291687
3569,-3.0060606002807617,-0.9473774433135986
3570,-1.0272626876831055,-2.640162467956543
3571,-0.13097341358661652,3.97049880027771
3572,-1.0609543323516846,-0.07876140624284744
3573,-5.86016845703125,-8.088776588439941
3574,-4.7808308601379395,1.8837075233459473
3575,-3.8180644512176514,2.781799554824829
3576,14.54033088684082,9.843335151672363
3577,2.677509307861328,4.51294469833374
3578,2.3234920501708984,7.3040852546691895
3579,-1.282806396484375,-4.1356353759765625
3580,-2.4078705310821533,-0.13450610637664795
3581,-0.6835372447967529,1.4070253372192383
3582,1.0691790580749512,2.1514971256256104
3583,2.3721554279327393,-5.574368000030518
3584,4.930952548980713,6.8370466232299805
3585,0.3247573971748352,0.15604260563850403
3586,-0.5023114085197449,4.571281433105469
3587,-18.92577362060547,-11.191637992858887
3588,-2.2033326625823975,-2.0096378326416016
3589,-0.06464578211307526,0.5329993963241577
3590,7.721350193023682,-8.51585865020752
3591,0.9611435532569885,3.0706729888916016
3592,-3.036090850830078,-2.1017606258392334
3593,-1.1855565309524536,-1.0709807872772217
3594,-0.3573346734046936,3.6774346828460693
3595,-3.9058732986450195,2.170828342437744
3596,1.325299620628357,2.928544044494629
3597,-1.4695205688476562,-1.2535135746002197
3598,2.561776876449585,-5.977980136871338
3599,2.2802302837371826,-4.963447570800781
3600,5.22205114364624,-9.449383735656738
3601,6.0515947341918945,2.3675224781036377
3602,4.181213855743408,-7.166501998901367
3603,2.438753128051758,3.886341094970703
3604,-1.6644048690795898,-13.420064926147461
3605,9.12116527557373,-9.713310241699219
3606,7.320558071136475,9.21238899230957
3607,-7.52520227432251,7.022308349609375
3608,-3.9888532161712646,-2.7724413871765137
3609,1.319627046585083,-5.273515701293945
3610,-1.1535948514938354,2.9084041118621826
3611,-8.328499794006348,-17.688678741455078
3612,17.93973159790039,7.3119964599609375
3613,-2.920294761657715,-1.9661598205566406
3614,-1.3321163654327393,0.25711438059806824
3615,5.089919090270996,15.185816764831543
3616,2.2658615112304688,5.3514404296875
3617,-1.6630631685256958,0.13551433384418488
3618,13.57625675201416,4.605019569396973
3619,-1.2535014152526855,0.3880719244480133
3620,-0.9362356066703796,6.9772796630859375
3621,-5.38018798828125,2.5550506114959717
3622,3.805112838745117,7.575903415679932
3623,-0.3505234122276306,0.50831139087677
3624,5.614259243011475,1.3496942520141602
3625,-4.9830546379089355,2.264213800430298
3626,0.863488495349884,0.010951153934001923
3627,0.3671411871910095,-3.5115950107574463
3628,-0.9666600823402405,4.060300350189209
3629,-0.23469574749469757,6.106757640838623
3630,-5.410398960113525,-5.188628673553467
3631,8.932777404785156,0.06729771941900253
3632,-16.634765625,-8.294660568237305
3633,-2.8714849948883057,1.388117790222168
3634,-0.37303662300109863,1.3832447528839111
3635,3.3151700496673584,0.6390371322631836
3636,-0.7174795866012573,-0.36106669902801514
3637,-11.811720848083496,-21.234834671020508
3638,5.776007175445557,1.1097562313079834
3639,4.840709209442139,7.470863342285156
3640,-5.712207317352295,-7.203070640563965
3641,-0.6479098200798035,-2.2399375438690186
3642,-0.5197441577911377,2.1420321464538574
3643,0.6986197233200073,-1.802208662033081
3644,0.920144259929657,-3.965122938156128
3645,-4.208717346191406,-2.46759033203125
3646,13.36412239074707,5.749451637268066
3647,14.922372817993164,6.440227508544922
3648,0.94222491979599,-3.3782315254211426
3649,1.0666112899780273,1.4570508003234863
3650,-3.0574755668640137,-2.253112316131592
3651,-5.653377056121826,-9.303853034973145
3652,9.982878684997559,-7.017867088317871
3653,-1.6783361434936523,4.124937057495117
3654,-0.04907293617725372,7.580657005310059
3655,-5.238063335418701,2.8456857204437256
3656,-4.278794765472412,-6.110732078552246
3657,3.7375102043151855,-8.138099670410156
3658,-1.5195066928863525,3.820019006729126
3659,-3.980142831802368,-4.2297282218933105
3660,0.3025636076927185,-2.687215566635132
3661,-8.055543899536133,-4.497043132781982
3662,0.03853927552700043,-3.8079943656921387
3663,5.564328193664551,7.683012008666992
3664,-1.6782450675964355,-2.0662484169006348
3665,-2.2329981327056885,-2.391747236251831
3666,-0.11108513176441193,3.492853879928589
3667,0.7032502293586731,-14.148812294006348
3668,-1.3874696493148804,1.1230716705322266
3669,-0.44175708293914795,1.0082536935806274
3670,-4.364941120147705,1.4359545707702637
3671,-7.0057759284973145,-1.9980332851409912
3672,-0.5344124436378479,-3.61641001701355
3673,6.963751316070557,-4.118279933929443
3674,0.7572033405303955,1.1411160230636597
3675,2.566754102706909,-2.034543514251709
3676,0.19370509684085846,1.453172206878662
3677,0.6952330470085144,5.113681793212891
3678,-4.72553825378418,-2.9617722034454346
3679,-2.042247772216797,-0.8372629880905151
3680,-7.718225955963135,-4.959234714508057
3681,18.585979461669922,-2.3766629695892334
3682,16.47276496887207,-1.369339942932129
3683,16.3382625579834,3.1768136024475098
3684,19.561264038085938,0.5949092507362366
3685,1.2529277801513672,6.897610664367676
3686,-5.062208652496338,3.5585453510284424
3687,-1.972240924835205,4.982193946838379
3688,3.6417396068573,0.21245327591896057
3689,-0.34601110219955444,-1.2342212200164795
3690,1.8406298160552979,0.9832686185836792
3691,0.9069493412971497,4.9720892906188965
3692,1.236940860748291,-0.0944434180855751
3693,8.741715431213379,-3.231339931488037
3694,-0.5129546523094177,2.5132572650909424
3695,0.4797096848487854,0.11773320287466049
3696,3.7297489643096924,-2.4865505695343018
3697,-1.4000884294509888,1.6994596719741821
3698,0.3889158368110657,0.389187753200531
3699,1.306991696357727,-4.6263837814331055
3700,3.3768789768218994,6.130705833435059
3701,10.40231990814209,9.507792472839355
3702,-0.23993052542209625,2.2136948108673096
3703,-5.9992356300354,3.357783794403076
3704,-1.4079564809799194,-0.7966585755348206
3705,10.902350425720215,1.865944743156433
3706,-1.262953519821167,6.524988174438477
3707,-1.305830955505371,8.183491706848145
3708,-12.291884422302246,-6.074254989624023
3709,1.0258578062057495,1.925557255744934
3710,1.465402364730835,-0.28463348746299744
3711,-1.6611056327819824,-1.970571517944336
3712,-1.163038969039917,2.264357089996338
3713,-1.3034881353378296,0.7275066375732422
3714,16.335424423217773,6.262846946716309
3715,-0.6769225001335144,1.1471723318099976
3716,-5.6855292320251465,4.356682777404785
3717,11.35866641998291,5.761216163635254
3718,2.167799949645996,5.674051284790039
3719,1.6116409301757812,-6.8890252113342285
3720,16.871610641479492,2.671365976333618
3721,0.4021480679512024,-0.10828057676553726
3722,-0.873458743095398,1.6295166015625
3723,3.995539903640747,-1.5745266675949097
3724,-12.223332405090332,-4.904671669006348
3725,14.439372062683105,-0.46053531765937805
3726,15.678955078125,5.464262962341309
3727,-0.5868688225746155,1.706204891204834
3728,4.853254795074463,14.363361358642578
3729,2.0734643936157227,-4.4238691329956055
3730,-1.1056432723999023,2.0934107303619385
3731,-0.8862857222557068,5.462669372558594
3732,-0.33746159076690674,0.06493421643972397
3733,-0.571561336517334,0.7708353996276855
3734,7.659810543060303,-13.016154289245605
3735,1.2134835720062256,6.406591415405273
3736,1.9695563316345215,-0.5474948883056641
3737,-0.4710467457771301,1.8535702228546143
3738,0.34544795751571655,0.03806944936513901
3739,7.70811653137207,-8.424176216125488
3740,-3.783034086227417,-8.372556686401367
3741,1.7615880966186523,-6.492670059204102
3742,-2.2410197257995605,1.728259801864624
3743,5.661954402923584,0.6010567545890808
3744,5.344399929046631,1.8493013381958008
3745,-3.953964948654175,2.3021223545074463
3746,-0.7807257175445557,1.6430999040603638
3747,-5.679471492767334,2.5481905937194824
3748,-0.013283655047416687,0.6609960198402405
3749,-8.218859672546387,-9.189183235168457
3750,6.056281089782715,-5.902050971984863
3751,-2.2371556758880615,-2.072338342666626
3752,-1.4002470970153809,7.924250602722168
3753,3.8145852088928223,3.2902934551239014
3754,-3.850337266921997,-3.473691940307617
3755,8.627338409423828,7.751416206359863
3756,-4.389697074890137,2.7817933559417725
3757,0.09086726605892181,1.4630863666534424
3758,1.0526529550552368,-1.352036952972412
3759,-2.297057867050171,-12.842949867248535
3760,-7.572300434112549,3.588787317276001
3761,-11.203173637390137,-5.921363353729248
3762,1.385976791381836,-3.9844391345977783
3763,-1.4106287956237793,-1.0969631671905518
3764,0.5613648891448975,-0.05795139819383621
3765,7.344299793243408,0.6502145528793335
3766,14.247817993164062,5.154077053070068
3767,-5.046482086181641,-3.097825765609741
3768,-5.096251010894775,2.7995030879974365
3769,4.872118949890137,14.112637519836426
3770,0.3704785704612732,2.4589078426361084
3771,1.6639331579208374,-2.0886735916137695
3772,0.8100631833076477,3.8961007595062256
3773,2.004966974258423,3.4214513301849365
3774,-1.524904727935791,-2.2498972415924072
3775,0.2273142784833908,-7.425605773925781
3776,9.779683113098145,4.20208740234375
3777,13.733490943908691,-0.23013347387313843
3778,-3.5828912258148193,-17.72194480895996
3779,-6.922227382659912,4.4723052978515625
3780,-1.3116531372070312,-10.148694038391113
3781,2.086040735244751,-2.2003955841064453
3782,17.496105194091797,9.61917781829834
3783,-0.3409844636917114,-2.3666393756866455
3784,0.9936990141868591,-1.2920289039611816
3785,3.158229112625122,0.6042789220809937
3786,-5.169517517089844,-1.5959886312484741
3787,-2.1551263332366943,-0.16887691617012024
3788,-2.25642991065979,4.152311325073242
3789,0.41873449087142944,4.501992702484131
3790,2.2312610149383545,-0.6533473134040833
3791,-4.017969131469727,2.315208911895752
3792,3.878817319869995,-10.827011108398438
3793,0.9668311476707458,-4.805619239807129
3794,10.52303409576416,-2.4735467433929443
3795,-0.019016653299331665,0.5167267918586731
3796,7.432855129241943,13.162175178527832
3797,9.375481605529785,-7.15054178237915
3798,-1.8152716159820557,-1.1779248714447021
3799,0.7923959493637085,2.9377429485321045
3800,4.151208877563477,-8.102084159851074
3801,-3.9195444583892822,1.8668965101242065
3802,-1.6010949611663818,8.243810653686523
3803,16.764171600341797,9.65575122833252
3804,-2.1178460121154785,-0.8765256404876709
3805,6.7436370849609375,-3.9573934078216553
3806,-3.826718330383301,0.8891165256500244
3807,5.62821102142334,-1.5015003681182861
3808,4.074215412139893,3.546266555786133
3809,5.133870601654053,-3.6533467769622803
3810,1.971322774887085,-4.87291955947876
3811,1.5986460447311401,-4.584305286407471
3812,-3.6970605850219727,2.284609794616699
3813,2.4332242012023926,-4.652268409729004
3814,-1.313636064529419,1.4895737171173096
3815,3.419985294342041,0.41669896245002747
3816,0.3924502730369568,4.34129524230957
3817,-1.483904242515564,-5.0570831298828125
3818,-0.10813853144645691,0.6017722487449646
3819,-0.35131776332855225,1.2992758750915527
3820,-1.1095033884048462,-1.3101787567138672
3821,-3.9812915325164795,0.9156398773193359
3822,-3.4805338382720947,-4.307585716247559
3823,-1.4779984951019287,1.4093711376190186
3824,-3.177076578140259,4.883310317993164
3825,0.8723500370979309,-19.60642433166504
3826,0.9878554940223694,-6.2660627365112305
3827,0.34447211027145386,5.753211975097656
3828,1.5267924070358276,-3.697295665740967
3829,-1.4299635887145996,6.022644996643066
3830,-2.921027660369873,-1.6824100017547607
3831,-17.273452758789062,-11.007462501525879
3832,3.254749298095703,7.198533058166504
3833,-0.8421851396560669,1.9391621351242065
3834,-2.859445333480835,0.6634312868118286
3835,-0.4810439944267273,-11.10175895690918
3836,9.211848258972168,17.064733505249023
3837,0.8721805214881897,-2.612603187561035
3838,0.6721637845039368,2.768620252609253
3839,-5.18786096572876,1.3854103088378906
3840,-5.923212051391602,-19.450439453125
3841,-5.028217315673828,2.438645601272583
3842,5.3979010581970215,0.643639862537384
3843,-0.2636634111404419,0.33383747935295105
3844,0.6265901923179626,6.997063636779785
3845,-0.8054711222648621,1.0893676280975342
3846,0.4904816746711731,2.8133232593536377
3847,2.0231316089630127,-6.43247127532959
3848,-9.697407722473145,-3.9019339084625244
3849,-1.87163245677948,-0.672119140625
3850,-1.739588975906372,0.1252303570508957
3851,-1.0080996751785278,4.352179527282715
3852,2.2589609622955322,2.795872449874878
3853,-2.5431859493255615,2.638699531555176
3854,-0.4230024218559265,0.725684404373169
3855,9.346556663513184,-0.9071183204650879
3856,-1.007769227027893,-0.007711954414844513
3857,-1.2699432373046875,-0.11403147131204605
3858,-1.8796782493591309,6.3036298751831055
3859,0.9492316842079163,4.324280261993408
3860,1.6108689308166504,9.198064804077148
3861,2.5424745082855225,-6.715679168701172
3862,3.0410351753234863,-1.20724618434906
3863,-2.283172130584717,-0.9820133447647095
3864,-4.440948486328125,3.8607990741729736
3865,7.973470211029053,-5.9040846824646
3866,-2.241039752960205,0.45801788568496704
3867,-10.152108192443848,-8.789033889770508
3868,4.195873737335205,11.499188423156738
3869,1.1649112701416016,3.3438727855682373
3870,-5.708763599395752,3.416001796722412
3871,1.177607536315918,-0.5550373196601868
3872,-2.527036666870117,1.609649896621704
3873,-2.96268892288208,-10.316282272338867
3874,6.833240985870361,4.959713459014893
3875,-3.3540375232696533,1.6807397603988647
3876,-0.14105220139026642,3.3074214458465576
3877,-4.115999221801758,1.9938056468963623
3878,2.9493331909179688,-3.5885913372039795
3879,-3.0316002368927,2.6842517852783203
3880,16.326290130615234,8.843697547912598
3881,0.48869937658309937,3.5977566242218018
3882,11.938419342041016,0.14621102809906006
3883,10.785407066345215,1.341027855873108
3884,-0.2941872477531433,7.309306621551514
3885,-3.5401222705841064,-0.3908311724662781
3886,0.3633860945701599,3.2979838848114014
3887,-4.279796123504639,-0.4441288411617279
3888,1.5769572257995605,-0.8347172737121582
3889,22.014366149902344,2.4947986602783203
3890,-3.642491579055786,-0.33407464623451233
3891,-5.460108280181885,4.075191020965576
3892,11.712645530700684,-3.3679583072662354
3893,5.932387351989746,-5.581511497497559
3894,-1.162664771080017,0.2247774302959442
3895,8.147969245910645,-1.4046896696090698
3896,-2.545881986618042,3.0040700435638428
3897,2.02608585357666,-2.755974769592285
3898,1.0618343353271484,-2.3367996215820312
3899,0.009487912058830261,-6.174089431762695
3900,-0.2240595519542694,0.50392085313797
3901,-3.85932993888855,-2.422424793243408
3902,10.124615669250488,-4.5098724365234375
3903,-0.846859335899353,-0.8502488136291504
3904,-2.865999698638916,5.104545593261719
3905,-4.323738098144531,2.5879428386688232
3906,5.005443572998047,6.860527038574219
3907,3.793743848800659,3.817781686782837
3908,2.435319185256958,5.227238178253174
3909,-8.261922836303711,-5.737691402435303
3910,-3.3302502632141113,5.003594398498535
3911,12.291470527648926,9.98031234741211
3912,5.564095497131348,-9.36221981048584
3913,-7.347561359405518,-2.321422815322876
3914,-2.262653112411499,3.100093126296997
3915,1.3001952171325684,-6.09489107131958
3916,7.593387126922607,9.41277027130127
3917,-4.471235752105713,3.5727500915527344
3918,4.2237467765808105,12.776711463928223
3919,9.112750053405762,0.08338307589292526
3920,-3.0765554904937744,1.4336978197097778
3921,-4.882143497467041,-11.438080787658691
3922,2.0932328701019287,-0.8265706300735474
3923,-2.765195846557617,1.247641682624817
3924,2.4910643100738525,-0.6892001628875732
3925,-1.1207661628723145,7.621369361877441
3926,-8.618788719177246,-10.11538314819336
3927,5.916315078735352,3.3854215145111084
3928,6.104447364807129,-9.449454307556152
3929,20.00888442993164,5.227954864501953
3930,-2.798276424407959,0.9881940484046936
3931,-1.8270800113677979,-2.0332159996032715
3932,13.869830131530762,3.5441768169403076
3933,17.26590347290039,8.050986289978027
3934,-3.1344518661499023,-1.5394995212554932
3935,-1.1747989654541016,-6.012486457824707
3936,-4.074760437011719,0.544033408164978
3937,0.4060351252555847,-2.7547764778137207
3938,-0.021926820278167725,0.4827023446559906
3939,-2.499140501022339,0.08921246230602264
3940,-3.4885575771331787,-0.2027449607849121
3941,-5.627809047698975,2.384847640991211
3942,7.090525150299072,-10.939082145690918
3943,2.388185739517212,-0.523639440536499
3944,-7.41309118270874,-6.652675151824951
3945,0.9453384280204773,8.247632026672363
3946,9.999910354614258,6.986115455627441
3947,1.3346749544143677,-0.2863514721393585
3948,1.323939323425293,-0.25971221923828125
3949,5.380793571472168,1.221605658531189
3950,1.5505385398864746,0.5070552825927734
3951,1.9950594902038574,5.951320648193359
3952,9.711869239807129,-1.3478155136108398
3953,-1.5973637104034424,4.179116249084473
3954,1.1587767601013184,-3.597379207611084
3955,0.7723830342292786,-3.1386492252349854
3956,1.0207244157791138,3.542991876602173
3957,4.33163595199585,-3.4599833488464355
3958,6.081322193145752,1.8893775939941406
3959,4.593130111694336,-2.0647969245910645
3960,-2.0757970809936523,5.6687703132629395
3961,-8.95908260345459,5.2863569259643555
3962,-5.435780048370361,-2.0335612297058105
3963,-4.225849628448486,2.991955280303955
3964,-0.7537736296653748,7.678504467010498
3965,19.5335636138916,-1.4428291320800781
3966,13.008331298828125,4.987692832946777
3967,1.4726812839508057,-0.6442873477935791
3968,-0.5955671072006226,2.2648823261260986
3969,-0.17614531517028809,-0.6171939373016357
3970,2.601229190826416,3.904895067214966
3971,-2.801365852355957,1.6195974349975586
3972,0.6939876675605774,4.69750452041626
3973,-5.5664825439453125,4.526113510131836
3974,0.0214034765958786,-3.049837350845337
3975,3.527498960494995,-2.9704763889312744
3976,9.672370910644531,-0.361364483833313
3977,0.8156521320343018,0.06081964820623398
3978,-2.0791633129119873,2.1319997310638428
3979,0.6462370753288269,-3.1125857830047607
3980,2.5494437217712402,-1.4045696258544922
3981,-4.626786231994629,2.2060341835021973
3982,2.2329320907592773,7.7303266525268555
3983,-4.848873138427734,2.319324493408203
3984,2.1741268634796143,-5.68452262878418
3985,3.520115375518799,-12.302351951599121
3986,4.368467807769775,12.43120288848877
3987,-2.7799296379089355,-6.179529190063477
3988,1.2460403442382812,-3.683669328689575
3989,2.394496202468872,-6.7575364112854
3990,-0.5265496969223022,1.5029783248901367
3991,16.254575729370117,9.35165023803711
3992,3.9238646030426025,-3.1065449714660645
3993,-0.027897849678993225,-0.7173333764076233
3994,-3.0111634731292725,1.1340608596801758
3995,3.2616636753082275,-7.226081848144531
3996,6.297543048858643,4.12133264541626
3997,-4.210731506347656,0.8741469383239746
3998,3.3183720111846924,-9.157086372375488
3999,-0.53048175573349,5.835416793823242
4000,1.401536464691162,-0.4509600102901459
4001,6.098442554473877,6.151522636413574
4002,-5.6180291175842285,-3.3270936012268066
4003,4.775500297546387,12.972345352172852
4004,-1.5352685451507568,7.637729167938232
4005,9.1456880569458,5.529150485992432
4006,-2.0536186695098877,0.07670822739601135
4007,3.5720183849334717,5.049874305725098
4008,2.0075175762176514,9.526985168457031
4009,-0.9744971394538879,1.200296401977539
4010,-4.919772148132324,-2.19683575630188
4011,2.0661628246307373,6.180418968200684
4012,1.2926822900772095,-0.24415093660354614
4013,5.7032623291015625,-5.837485313415527
4014,-5.622114181518555,-3.3443846702575684
4015,2.8152201175689697,-3.2983219623565674
4016,-0.5200865268707275,-0.011524379253387451
4017,-5.07329797744751,2.1158688068389893
4018,-3.2589824199676514,-1.1302671432495117
4019,9.585290908813477,0.974932849407196
4020,-4.19651460647583,-3.462495803833008
4021,-0.8831734657287598,3.2411439418792725
4022,-11.140583992004395,-4.579090595245361
4023,16.58523178100586,10.615702629089355
4024,-0.8815874457359314,5.298666954040527
4025,-1.3614428043365479,-2.0194075107574463
4026,-2.5858540534973145,-19.317781448364258
4027,3.2867724895477295,6.188995361328125
4028,-3.2411282062530518,-2.133784770965576
4029,2.8043439388275146,-5.49843692779541
4030,-1.5667935609817505,-1.107079029083252
4031,5.245212554931641,-10.647265434265137
4032,18.281421661376953,1.0099056959152222
4033,0.04917530715465546,7.927269458770752
4034,-5.7560954093933105,3.0015270709991455
4035,0.4127958416938782,8.660958290100098
4036,3.330861806869507,-2.168038845062256
4037,20.59709930419922,5.863777160644531
4038,-3.7843992710113525,2.5276076793670654
4039,-1.237720251083374,7.04704475402832
4040,2.794051170349121,12.324884414672852
4041,-5.665116310119629,3.638402223587036
4042,-0.5631776452064514,0.23740777373313904
4043,19.721797943115234,3.674196243286133
4044,10.379223823547363,0.5805438756942749
4045,16.57050132751465,-1.0035158395767212
4046,-4.945099353790283,2.3673508167266846
4047,6.435319423675537,-9.904858589172363
4048,-0.9499401450157166,3.3554842472076416
4049,-0.5702457427978516,-2.3091423511505127
4050,-3.0555527210235596,-3.7916674613952637
4051,15.752301216125488,9.815131187438965
4052,14.844779968261719,3.8156614303588867
4053,-11.043471336364746,-4.431000232696533
4054,14.738393783569336,-2.990314483642578
4055,-2.498819589614868,1.813855528831482
4056,-9.250056266784668,6.385865688323975
4057,2.24609112739563,-0.7536531686782837
4058,0.5052133202552795,4.559924602508545
4059,-1.4495301246643066,6.955852508544922
4060,3.062333345413208,2.177215814590454
4061,3.3257863521575928,-4.645277500152588
4062,6.469613552093506,1.2697319984436035
4063,-4.304905414581299,0.2968110144138336
4064,0.42367565631866455,1.6353368759155273
4065,1.4822697639465332,-1.877344012260437
4066,5.86867094039917,0.858900785446167
4067,-5.866977214813232,2.118551254272461
4068,-4.415478229522705,-3.925079584121704
4069,3.44360613822937,3.6642818450927734
4070,-5.542728900909424,-19.93265151977539
4071,-3.7015326023101807,-0.5501075387001038
4072,2.9099433422088623,-5.4869890213012695
4073,2.437397003173828,-7.1313910484313965
4074,-0.1809867024421692,-0.07074422389268875
4075,0.24014686048030853,3.5638058185577393
4076,-7.2463860511779785,5.2227325439453125
4077,-7.901890277862549,5.618138790130615
4078,3.6096322536468506,-5.336531639099121
4079,19.727462768554688,-0.7095833420753479
4080,-3.256206512451172,-1.2707463502883911
4081,3.1661157608032227,8.557778358459473
4082,3.0487382411956787,4.008171081542969
4083,-3.993103265762329,1.844665288925171
4084,15.258946418762207,-0.35287439823150635
4085,5.577932834625244,0.6149200201034546
4086,-1.94813871383667,8.000908851623535
4087,5.483644962310791,-8.891356468200684
4088,-7.565361499786377,-19.33354377746582
4089,0.03270122408866882,-0.9247933626174927
4090,12.673768043518066,6.427173614501953
4091,-3.0090296268463135,0.9113868474960327
4092,7.03018045425415,-0.3559248745441437
4093,-3.0033459663391113,1.3564577102661133
4094,-2.5854218006134033,-3.2271413803100586
4095,0.8378099799156189,0.02264755219221115
4096,-8.456629753112793,-15.245558738708496
4097,-3.9616663455963135,-7.74505615234375
4098,5.808903217315674,1.4478737115859985
4099,-0.5174040198326111,1.7117849588394165
4100,-3.9019627571105957,1.0620085000991821
4101,3.358858585357666,8.199629783630371
4102,3.2679529190063477,0.7206012606620789
4103,12.62663745880127,3.854933738708496
4104,2.323477268218994,10.395031929016113
4105,0.45098358392715454,1.7445498704910278
4106,19.206573486328125,9.4589204788208
4107,6.4946160316467285,10.867691993713379
4108,-3.1868841648101807,-3.7237884998321533
4109,3.777024507522583,-7.872556686401367
4110,-1.0447134971618652,1.5665476322174072
4111,16.908723831176758,8.24183177947998
4112,4.962835311889648,10.73671817779541
4113,0.048891231417655945,5.007387161254883
4114,2.2455663681030273,-4.454998016357422
4115,0.837608277797699,5.132008075714111
4116,6.155390739440918,-0.028067566454410553
4117,3.048103094100952,1.6352672576904297
4118,1.0843156576156616,2.485590696334839
4119,10.465432167053223,-7.410240650177002
4120,3.827143907546997,10.319138526916504
4121,-1.8568532466888428,-1.6864042282104492
4122,2.618726968765259,5.578786849975586
4123,0.11903046071529388,-6.735579013824463
4124,-1.548951506614685,-1.009610891342163
4125,2.02571439743042,9.893549919128418
4126,-0.36152106523513794,3.834061861038208
4127,16.954635620117188,2.0249366760253906
4128,1.7957234382629395,-4.361274242401123
4129,0.29510027170181274,-1.369769811630249
4130,2.9338836669921875,-3.6124725341796875
4131,9.276067733764648,-2.9800219535827637
4132,1.1212172508239746,-3.056615114212036
4133,4.807628631591797,10.095942497253418
4134,-0.48082369565963745,7.863168716430664
4135,1.1699612140655518,-0.7711494565010071
4136,1.09735906124115,2.866156816482544
4137,0.3074503540992737,8.363265991210938
4138,0.531315803527832,-0.9378796815872192
4139,14.553404808044434,-9.035111427307129
4140,-6.562351703643799,-2.555751085281372
4141,-5.645481586456299,1.8554728031158447
4142,-2.1803743839263916,-1.8634997606277466
4143,-3.479534864425659,1.0145752429962158
4144,-2.587038516998291,-3.328928232192993
4145,1.7647933959960938,-5.424746513366699
4146,-0.6988701224327087,3.5975301265716553
4147,-5.656604290008545,-23.878517150878906
4148,-2.8298614025115967,1.8782309293746948
4149,1.015495777130127,-4.1282806396484375
4150,-0.3892650008201599,3.3156471252441406
4151,-3.107358455657959,2.274677038192749
4152,-5.133860111236572,1.8596043586730957
4153,4.451426982879639,-7.831465721130371
4154,17.99402618408203,-8.979583740234375
4155,0.688736081123352,-0.7961796522140503
4156,-1.5754809379577637,0.16404685378074646
4157,-0.6473734974861145,4.7204389572143555
4158,-6.185221195220947,1.867934226989746
4159,11.769173622131348,3.34653902053833
4160,0.20119012892246246,0.09906188398599625
4161,11.192059516906738,0.7302482724189758
4162,-0.4582992196083069,1.3572372198104858
4163,-1.7033185958862305,-5.532718181610107
4164,-1.389837622642517,1.5113180875778198
4165,10.9128999710083,-3.695812463760376
4166,-2.733654499053955,-2.6758949756622314
4167,0.707667350769043,3.472729444503784
4168,-1.5167664289474487,5.598963737487793
4169,-4.634920120239258,2.5957562923431396
4170,4.632857322692871,-2.0657236576080322
4171,-4.072895526885986,0.19181054830551147
4172,8.69191837310791,4.152453422546387
4173,13.488022804260254,-8.442091941833496
4174,7.000272274017334,3.7743992805480957
4175,1.5936172008514404,-4.312093257904053
4176,-1.5278795957565308,-7.433882236480713
4177,-4.547203540802002,1.532601237297058
4178,0.7372416853904724,0.40474575757980347
4179,-0.9546384215354919,4.410887241363525
4180,-5.540062427520752,2.5456156730651855
4181,18.467756271362305,-1.97149658203125
4182,-0.6093655824661255,1.409848928451538
4183,-1.3516801595687866,6.294920921325684
4184,1.5110046863555908,6.254309177398682
4185,3.3178818225860596,-2.7271268367767334
4186,3.022757053375244,7.620756149291992
4187,19.009157180786133,5.354863166809082
4188,-1.367501139640808,-1.8662999868392944
4189,6.237996578216553,-5.763331890106201
4190,-5.320487022399902,-3.608877420425415
4191,-5.334319114685059,-3.669351100921631
4192,-6.4966864585876465,5.615752220153809
4193,2.1138765811920166,5.312324523925781
4194,0.4166388511657715,1.5582242012023926
4195,-0.7437955141067505,-1.6319445371627808
4196,-0.11063392460346222,-1.668022632598877
4197,7.666889190673828,-0.4964328110218048
4198,2.397463798522949,-4.687575340270996
4199,15.63769817352295,3.037775754928589
4200,3.4730255603790283,8.704010963439941
4201,-0.8011583685874939,4.484490394592285
4202,15.474771499633789,8.28144359588623
4203,-0.28786247968673706,0.6219327449798584
4204,-13.16919231414795,-5.445938587188721
4205,-2.2791237831115723,6.30122709274292
4206,-0.35425978899002075,0.7487779855728149
4207,-1.9724762439727783,-2.7704849243164062
4208,-0.7740100622177124,1.088858962059021
4209,16.972774505615234,2.8506109714508057
4210,0.8162621259689331,-0.7596163749694824
4211,5.413851737976074,-8.683672904968262
4212,-11.721846580505371,-6.496712684631348
4213,-3.999972105026245,2.169203519821167
4214,-3.3165228366851807,0.16041836142539978
4215,-3.6749107837677,1.3751494884490967
4216,6.6720428466796875,-11.683958053588867
4217,1.9321601390838623,0.12128248065710068
4218,4.567086696624756,-1.534897804260254
4219,0.4447779655456543,3.542881965637207
4220,-6.788883686065674,-4.444537162780762
4221,-2.302643060684204,4.091823101043701
4222,-0.28944212198257446,4.753906726837158
4223,0.013404473662376404,3.49678111076355
4224,10.569287300109863,8.265578269958496
4225,1.3821853399276733,-4.063872337341309
4226,5.49755334854126,8.36535358428955
4227,-4.294919967651367,2.6006927490234375
4228,-1.4648611545562744,-13.939289093017578
4229,11.936452865600586,10.550453186035156
4230,10.509222984313965,9.601561546325684
4231,-0.4231424927711487,-0.02705865353345871
4232,-19.880155563354492,-11.210357666015625
4233,4.116607189178467,-9.032443046569824
4234,5.80850887298584,3.6930716037750244
4235,-1.980824589729309,-1.1485621929168701
4236,9.352092742919922,-9.950996398925781
4237,20.02247428894043,7.511379241943359
4238,0.4868701100349426,-4.100285530090332
4239,-4.373202800750732,2.162496566772461
4240,-4.050256729125977,-3.0135576725006104
4241,21.222192764282227,2.2306013107299805
4242,-0.6342365741729736,2.5199952125549316
4243,-3.0876829624176025,4.826072692871094
4244,-3.6556484699249268,3.674204111099243
4245,8.431814193725586,-1.4242973327636719
4246,-1.0024796724319458,-1.7968733310699463
4247,-17.70859718322754,-9.334969520568848
4248,-2.8668220043182373,6.383461952209473
4249,-7.834193706512451,-7.853845119476318
4250,-2.1086292266845703,6.12553596496582
4251,-2.747410535812378,-0.7851539850234985
4252,15.181050300598145,0.44811582565307617
4253,-0.12562035024166107,2.4862663745880127
4254,8.014995574951172,-4.377546787261963
4255,-4.263723850250244,1.3283604383468628
4256,14.761701583862305,5.201091289520264
4257,-1.499544620513916,-2.018463611602783
4258,-4.592740535736084,-7.484446048736572
4259,1.460977554321289,2.855222225189209
4260,-2.5775482654571533,-1.0505576133728027
4261,6.245862007141113,-0.2784535586833954
4262,1.554240107536316,-5.389506816864014
4263,1.36281418800354,9.703927040100098
4264,-4.021765232086182,2.610689163208008
4265,5.833876132965088,0.07649841159582138
4266,17.4831600189209,0.11654462665319443
4267,5.870732307434082,2.0932140350341797
4268,14.004620552062988,0.526466965675354
4269,-1.4434770345687866,-0.10228762775659561
4270,2.0371830463409424,-1.19953453540802
4271,-2.4958975315093994,-8.998852729797363
4272,-0.6542295813560486,1.4458909034729004
4273,3.2588412761688232,-23.476104736328125
4274,16.34903335571289,7.930837631225586
4275,0.27675193548202515,-2.1796419620513916
4276,-2.6616342067718506,-0.5104641914367676
4277,2.7316548824310303,-1.9503977298736572
4278,-1.8554952144622803,-1.234935998916626
4279,5.103640556335449,11.465107917785645
4280,-13.034539222717285,-5.2998046875
4281,-2.541351556777954,5.589760780334473
4282,-2.5528578758239746,1.9894627332687378
4283,4.726967811584473,2.058352470397949
4284,-3.3986778259277344,2.042468547821045
4285,4.317453861236572,-7.558775901794434
4286,3.626134157180786,-6.699061393737793
4287,3.2213237285614014,1.0357540845870972
4288,0.8292056918144226,-2.0904202461242676
4289,-1.2749930620193481,1.8500189781188965
4290,-0.47634243965148926,2.9045770168304443
4291,-3.6978578567504883,-4.0229926109313965
4292,3.4066994190216064,-2.024848222732544
4293,3.2737159729003906,5.838217735290527
4294,-2.514862537384033,-1.0097365379333496
4295,-2.2544288635253906,-3.206237316131592
4296,3.5673348903656006,-8.6245698928833
4297,4.127653121948242,3.2099406719207764
4298,1.6525633335113525,3.0338292121887207
4299,5.055956840515137,14.43179988861084
4300,-3.0389699935913086,0.3787883222103119
4301,0.8181564211845398,9.610854148864746
4302,1.1674548387527466,-0.530210554599762
4303,-3.6369924545288086,2.281719446182251
4304,-0.7477114200592041,1.1083855628967285
4305,1.8326959609985352,-4.601518630981445
4306,6.656898021697998,-10.0479097366333
4307,-6.670888423919678,-2.2708160877227783
4308,-0.06522531807422638,4.745749473571777
4309,-2.503939151763916,-1.704179286956787
4310,-3.553093194961548,-1.6342312097549438
4311,4.633145332336426,0.6198899149894714
4312,-6.052974224090576,-5.951229572296143
4313,-8.158708572387695,6.080185890197754
4314,3.8898708820343018,-2.317868947982788
4315,-5.976987838745117,-2.631200075149536
4316,23.177043914794922,10.209977149963379
4317,3.867633104324341,-7.197360515594482
4318,-1.332063913345337,-7.327195644378662
4319,4.422678470611572,-8.977152824401855
4320,3.8433921337127686,-0.3833506405353546
4321,-1.8810718059539795,4.774038791656494
4322,-2.339765787124634,-1.1226012706756592
4323,8.133866310119629,10.36172866821289
4324,2.7389254570007324,-6.238983154296875
4325,0.9038044810295105,3.199645757675171
4326,12.289345741271973,0.30072131752967834
4327,1.6861969232559204,-0.2846132814884186
4328,0.9860667586326599,-0.02942148596048355
4329,-1.689971923828125,8.566725730895996
4330,4.593955993652344,2.136197328567505
4331,-7.0709404945373535,-6.932602405548096
4332,-0.13033242523670197,3.29695725440979
4333,-5.081716060638428,-8.544729232788086
4334,0.8284642100334167,8.247108459472656
4335,-0.9799500107765198,-1.1257219314575195
4336,-4.214221954345703,1.2633079290390015
4337,-8.38119888305664,5.638315200805664
4338,-1.4877119064331055,7.207716941833496
4339,3.2950186729431152,-0.7577545642852783
4340,5.439760684967041,15.1348295211792
4341,7.770974636077881,3.898662567138672
4342,0.5946447253227234,4.016576290130615
4343,-5.972506046295166,-1.693063497543335
4344,-3.2352755069732666,2.2476541996002197
4345,-4.679492473602295,2.787432909011841
4346,5.1923418045043945,2.398458480834961
4347,5.679666996002197,-10.990543365478516
4348,-3.6350908279418945,1.3144164085388184
4349,-0.2527294158935547,-1.576481819152832
4350,3.6549179553985596,0.21949610114097595
4351,-3.606433153152466,4.209571838378906
4352,4.697022438049316,11.39760684967041
4353,2.1796743869781494,-16.725297927856445
4354,0.5035483837127686,-4.156390190124512
4355,-1.3052115440368652,8.183817863464355
4356,6.168808460235596,-4.822330474853516
4357,5.084341526031494,7.017385005950928
4358,1.6325585842132568,-0.5248236656188965
4359,-3.835233688354492,-0.11570040136575699
4360,2.1484475135803223,-14.357507705688477
4361,-1.855081558227539,1.9806032180786133
4362,-1.8183892965316772,6.2818989753723145
4363,-3.6475279331207275,2.116410970687866
4364,0.7114720344543457,-7.177526473999023
4365,2.5637195110321045,3.4736554622650146
4366,-1.9643712043762207,1.0106744766235352
4367,0.703647792339325,3.3523430824279785
4368,-0.5287927985191345,1.1124049425125122
4369,5.599890232086182,-0.6871000528335571
4370,-3.142702102661133,-2.931657552719116
4371,-3.4798898696899414,0.2374107837677002
4372,7.086250305175781,3.81735897064209
4373,-1.3372777700424194,2.534262180328369
4374,-0.7398785948753357,2.7754790782928467
4375,-1.6564996242523193,6.694100856781006
4376,4.442375183105469,-11.79560661315918
4377,-3.0167062282562256,5.953762054443359
4378,-2.2355031967163086,5.0563883781433105
4379,-3.260115146636963,0.2149645984172821
4380,4.0880913734436035,-7.314164638519287
4381,-3.2467570304870605,1.2318669557571411
4382,2.1413440704345703,-2.9919049739837646
4383,3.217134714126587,-0.690833568572998
4384,1.6459674835205078,5.71261739730835
4385,-4.194826126098633,-2.4512479305267334
4386,-1.2931113243103027,3.3407297134399414
4387,0.9832603335380554,3.3013851642608643
4388,-0.4875827431678772,-7.525460243225098
4389,-4.590077877044678,3.085894823074341
4390,0.455940306186676,-0.2461968958377838
4391,4.7513017654418945,0.488479346036911
4392,-10.995280265808105,-9.995664596557617
4393,2.2776682376861572,-2.3696539402008057
4394,3.7248003482818604,2.6004106998443604
4395,5.4029364585876465,0.36712658405303955
4396,1.9953842163085938,10.179305076599121
4397,1.9651610851287842,7.145944595336914
4398,14.751885414123535,4.696559906005859
4399,0.08284752070903778,3.015890121459961
4400,6.995028495788574,-5.9949188232421875
4401,3.498993158340454,-4.170838356018066
4402,7.551246166229248,9.613232612609863
4403,4.113905429840088,2.1917169094085693
4404,-5.162644863128662,-5.025125026702881
4405,1.637754201889038,-5.030473709106445
4406,4.9796648025512695,3.463026285171509
4407,-1.4132757186889648,3.2606875896453857
4408,8.284398078918457,2.5445117950439453
4409,-2.2490155696868896,-0.8934198617935181
4410,1.5357022285461426,-5.589346408843994
4411,-2.0738210678100586,-0.8416602611541748
4412,3.05143141746521,0.8057152628898621
4413,13.364956855773926,8.857545852661133
4414,-1.2438688278198242,0.3389759659767151
4415,4.354730129241943,-4.415449142456055
4416,-3.194124937057495,-3.0014970302581787
4417,-6.383253574371338,4.742236137390137
4418,-13.385972023010254,-6.288259983062744
4419,1.6825556755065918,-11.244100570678711
4420,2.3365235328674316,-1.529653787612915
4421,-0.2630893588066101,-6.487584590911865
4422,-5.7233052253723145,3.429720640182495
4423,-0.987087607383728,-5.390469074249268
4424,0.395365834236145,3.2735681533813477
4425,-1.8637773990631104,-6.270668983459473
4426,18.543485641479492,7.859612941741943
4427,-1.9877996444702148,-0.5857822299003601
4428,15.43675708770752,2.9341542720794678
4429,-2.9844353199005127,-0.09417944401502609
4430,-2.4046380519866943,1.3389832973480225
4431,4.661263942718506,-7.846721649169922
4432,7.029717922210693,0.057062290608882904
4433,7.471757888793945,-14.50165843963623
4434,-0.8808478116989136,-1.2049880027770996
4435,3.729677438735962,3.185178518295288
4436,-6.2522292137146,4.533759117126465
4437,7.272241115570068,13.48409366607666
4438,-5.580236434936523,2.6845195293426514
4439,-5.424733638763428,2.6154367923736572
4440,1.37699294090271,2.4506964683532715
4441,-3.890207290649414,0.9291096925735474
4442,6.5686821937561035,2.168313980102539
4443,-5.316920280456543,-4.2255988121032715
4444,7.736854553222656,1.602315068244934
4445,9.489908218383789,0.018128477036952972
4446,-7.801063537597656,5.717386245727539
4447,-0.5099090933799744,-9.852327346801758
4448,2.2178571224212646,-0.5680980682373047
4449,-3.0914371013641357,-1.7001899480819702
4450,0.05820968747138977,2.2351081371307373
4451,12.57313346862793,2.565323829650879
4452,11.072195053100586,7.8428955078125
4453,-1.1144580841064453,1.7002379894256592
4454,3.2602550983428955,-0.23868444561958313
4455,-1.6111582517623901,-1.6290783882141113
4456,0.3355500102043152,1.4121252298355103
4457,-7.08519983291626,-6.975482940673828
4458,-2.745817184448242,-1.1122500896453857
4459,15.364588737487793,-6.269124984741211
4460,1.7585419416427612,-4.4605793952941895
4461,-1.6182734966278076,4.359195232391357
4462,12.053257942199707,-4.986273765563965
4463,5.519554138183594,-10.259086608886719
4464,13.14940071105957,-3.2605483531951904
4465,-9.596587181091309,-5.770535945892334
4466,-3.257138967514038,1.4315773248672485
4467,1.4757832288742065,-8.13806438446045
4468,-3.726698398590088,3.0384204387664795
4469,0.6372707486152649,6.907021999359131
4470,16.909154891967773,1.3716641664505005
4471,9.257706642150879,3.1180598735809326
4472,-3.0516934394836426,-0.35437992215156555
4473,-2.254448413848877,4.329284191131592
4474,-0.22889968752861023,0.9649572968482971
4475,-5.816471576690674,-1.673735499382019
4476,-4.524482250213623,2.126729726791382
4477,13.489096641540527,6.424277305603027
4478,-3.4982218742370605,0.3239358067512512
4479,11.449313163757324,-1.3343331813812256
4480,16.87641143798828,1.2497105598449707
4481,1.6220345497131348,-4.0958147048950195
4482,-4.31609582901001,-2.706681489944458
4483,-4.243664264678955,1.4206042289733887
4484,4.468832492828369,0.23210617899894714
4485,8.769359588623047,-0.3457389771938324
4486,3.9668796062469482,8.7814302444458
4487,5.466139316558838,14.391261100769043
4488,-1.3614258766174316,6.102542400360107
4489,0.0708770602941513,-3.909865617752075
4490,-3.766634702682495,1.7198058366775513
4491,-1.7047969102859497,6.772843360900879
4492,5.348842144012451,1.5101512670516968
4493,-4.390858173370361,2.0099000930786133
4494,-1.5001581907272339,0.9260306358337402
4495,10.99218463897705,-3.772235155105591
4496,-7.923409938812256,6.0745673179626465
4497,2.792919635772705,0.7932806015014648
4498,-4.908350467681885,2.03422474861145
4499,-3.2768423557281494,1.6379973888397217
4500,-1.14280104637146,0.9085225462913513
4501,0.9142037034034729,-3.8291642665863037
4502,6.507165431976318,1.5635626316070557
4503,-1.4834452867507935,-1.7999581098556519
4504,11.251309394836426,-3.144073247909546
4505,-5.819502353668213,-2.0260379314422607
4506,-0.21035471558570862,0.32009193301200867
4507,0.4264436960220337,4.435897350311279
4508,-4.038107872009277,-2.016141653060913
4509,-13.723430633544922,-6.342065334320068
4510,-6.822772026062012,4.669365406036377
4511,4.334921836853027,0.10123441368341446
4512,-0.11678851395845413,0.5599874258041382
4513,-8.144038200378418,6.2566704750061035
4514,7.275091171264648,1.5806738138198853
4515,-2.9468441009521484,-6.6729416847229
4516,0.312045156955719,-1.5039427280426025
4517,4.523210525512695,12.911754608154297
4518,18.586950302124023,-3.217987060546875
4519,4.128936290740967,5.500256538391113
4520,16.264389038085938,6.418301582336426
4521,-8.072905540466309,6.260878086090088
4522,-0.4315728545188904,-0.4421452581882477
4523,-0.02318592369556427,7.373708248138428
4524,-1.1763030290603638,6.455864906311035
4525,-2.28979229927063,0.262795627117157
4526,6.1969170570373535,5.512278079986572
4527,-4.317399978637695,2.2671401500701904
4528,-10.25452995300293,-12.681020736694336
4529,0.9690629839897156,4.339848518371582
4530,1.297561526298523,-1.3095626831054688
4531,0.11147390305995941,-2.686861753463745
4532,2.7586004734039307,-5.506142616271973
4533,-0.5890650153160095,3.1561760902404785
4534,-0.13467058539390564,0.4232371747493744
4535,-4.637652397155762,4.23771333694458
4536,0.012063965201377869,3.378995895385742
4537,17.594520568847656,-2.387972593307495
4538,0.17819513380527496,-0.4387158453464508
4539,6.151428699493408,1.1082717180252075
4540,-2.142752170562744,-2.9607579708099365
4541,-3.8446567058563232,-3.818881034851074
4542,16.767467498779297,2.5196328163146973
4543,1.1682989597320557,9.183196067810059
4544,-2.576298952102661,-0.3617505431175232
4545,-1.3311851024627686,4.639774322509766
4546,0.843333899974823,-0.028002090752124786
4547,-0.1125197559595108,1.3945196866989136
4548,-5.654358863830566,-3.2684664726257324
4549,3.0321712493896484,-1.6934925317764282
4550,4.533065319061279,0.38029077649116516
4551,-0.38096803426742554,2.390076160430908
4552,0.050638362765312195,4.6876220703125
4553,-1.7531764507293701,-1.2968027591705322
4554,-1.0140377283096313,-1.0943901538848877
4555,-8.330976486206055,-7.088375568389893
4556,5.720118999481201,-9.469286918640137
4557,18.080360412597656,-0.8722938895225525
4558,-7.340267181396484,-18.295734405517578
4559,19.58646011352539,8.497427940368652
4560,-1.3206995725631714,-0.8803969025611877
4561,2.5945932865142822,-5.510068416595459
4562,7.804206371307373,-3.8860809803009033
4563,-10.570009231567383,-13.605337142944336
4564,-0.9960078597068787,1.44996976852417
4565,4.964268207550049,10.657057762145996
4566,3.954632043838501,-5.782964706420898
4567,8.274552345275879,9.946271896362305
4568,8.093360900878906,-7.848044395446777
4569,-6.098837375640869,-1.8239482641220093
4570,6.057046890258789,1.4897863864898682
4571,-0.5122970938682556,4.092505931854248
4572,3.8527300357818604,-10.171060562133789
4573,10.768145561218262,-4.199207305908203
4574,5.4169440269470215,-2.4722788333892822
4575,3.563441514968872,6.8765153884887695
4576,0.7457876801490784,-0.00638163834810257
4577,14.348183631896973,9.861367225646973
4578,-0.8786465525627136,6.892433166503906
4579,-5.1815900802612305,1.4888272285461426
4580,7.30653715133667,-10.941853523254395
4581,-0.896584689617157,1.494857668876648
4582,-3.4051783084869385,-0.6260219812393188
4583,0.9064119458198547,-3.7717175483703613
4584,-0.6538603901863098,0.5271003246307373
4585,4.2207417488098145,6.956255912780762
4586,-2.89033579826355,-3.0022737979888916
4587,2.4171488285064697,-8.347947120666504
4588,15.131776809692383,1.2035094499588013
4589,-5.5008344650268555,-10.02222728729248
4590,-0.9096793532371521,5.472924709320068
4591,-2.6056137084960938,-1.4322466850280762
4592,-7.26202392578125,5.525961875915527
4593,1.812393069267273,-0.08375734835863113
4594,2.523275375366211,-6.306008815765381
4595,0.5162038803100586,-2.4879019260406494
4596,-1.4689546823501587,2.935833692550659
4597,-2.312264919281006,0.947150707244873
4598,-4.856949806213379,2.609320878982544
4599,-0.7255205512046814,4.481135845184326
4600,-0.37382078170776367,0.5234171152114868
4601,0.20614270865917206,0.09964307397603989
4602,1.861640214920044,1.5923089981079102
4603,7.879475116729736,-4.131254196166992
4604,5.3875837326049805,15.029463768005371
4605,-1.1141066551208496,0.1903603971004486
4606,3.8555843830108643,-6.284165382385254
4607,-4.321273326873779,1.486697793006897
4608,-3.333632230758667,-1.4430173635482788
4609,5.205183982849121,1.5454145669937134
4610,-5.002477169036865,2.8317582607269287
4611,1.913144588470459,-5.085206031799316
4612,-1.5709404945373535,7.111102104187012
4613,9.119338989257812,-2.8018057346343994
4614,1.9804065227508545,2.7024331092834473
4615,4.6108174324035645,-2.1272757053375244
4616,3.250830888748169,6.145627498626709
4617,1.995128870010376,2.5317022800445557
4618,6.692014694213867,9.500205039978027
4619,9.930384635925293,2.6373074054718018
4620,5.4824042320251465,0.900913417339325
4621,-0.052039578557014465,5.566800594329834
4622,3.3798582553863525,-2.436880588531494
4623,-1.5832264423370361,2.7703678607940674
4624,-5.12116003036499,1.4370931386947632
4625,-10.992159843444824,-4.2350897789001465
4626,14.959272384643555,10.644030570983887
4627,5.494404315948486,5.563429832458496
4628,-10.52442455291748,-4.635431289672852
4629,-18.464885711669922,-10.806584358215332
4630,2.134927272796631,-0.9597463607788086
4631,-0.1880776733160019,0.5661810040473938
4632,1.0736429691314697,-0.5870909690856934
4633,-1.3614896535873413,-1.949903964996338
4634,-3.1999409198760986,-0.848282516002655
4635,-0.288180410861969,3.8422646522521973
4636,5.3320393562316895,0.7813478112220764
4637,-0.6422814726829529,-6.649586200714111
4638,-1.7561399936676025,3.1733391284942627
4639,0.2307082861661911,3.396372079849243
4640,-3.72918438911438,-4.1995744705200195
4641,1.9503109455108643,-1.564063549041748
4642,0.05344228446483612,3.227086305618286
4643,-0.11966939270496368,3.637596607208252
4644,1.7754254341125488,-23.46533966064453
4645,1.7247612476348877,6.128427505493164
4646,2.3194572925567627,-6.6597185134887695
4647,22.797332763671875,7.202013969421387
4648,-2.4017601013183594,-19.14826011657715
4649,1.648941993713379,-2.2428698539733887
4650,-1.6252774000167847,-1.754015326499939
4651,-2.1837847232818604,-2.8907880783081055
4652,0.5965418219566345,5.035004615783691
4653,0.6633266806602478,4.194892883300781
4654,0.3422389030456543,4.410490989685059
4655,11.111141204833984,9.578511238098145
4656,-2.354928731918335,2.0792765617370605
4657,-0.9946872591972351,8.35109806060791
4658,22.424571990966797,6.846883296966553
4659,-4.153706073760986,-1.4894866943359375
4660,7.452808380126953,-3.683687925338745
4661,0.3350762724876404,0.43849796056747437
4662,1.6263961791992188,-3.570356607437134
4663,1.484878420829773,-3.8234922885894775
4664,2.584444284439087,0.7676799297332764
4665,-1.5772509574890137,-2.1959564685821533
4666,12.773484230041504,6.167550563812256
4667,9.623505592346191,1.2766374349594116
4668,4.329164028167725,-5.0211944580078125
4669,2.067119598388672,-0.7627285718917847
4670,6.421428680419922,15.243355751037598
4671,-0.09626705944538116,3.5624992847442627
4672,0.591606080532074,-3.4922759532928467
4673,-2.9491989612579346,-1.1049891710281372
4674,0.1664741486310959,-0.17117929458618164
4675,-3.030508041381836,-3.5488412380218506
4676,-3.3185551166534424,1.7198686599731445
4677,19.138452529907227,-3.791201114654541
4678,-11.796868324279785,-6.711383819580078
4679,0.05597500503063202,7.741700172424316
4680,-4.068662166595459,2.3025407791137695
4681,6.1504340171813965,-6.749279022216797
4682,0.8184430003166199,-1.7592101097106934
4683,2.6351189613342285,5.132399559020996
4684,2.0671725273132324,4.509551048278809
4685,-4.8910675048828125,-2.419049024581909
4686,4.6664838790893555,13.933314323425293
4687,1.171130895614624,-12.914106369018555
4688,6.653171062469482,-2.529392719268799
4689,-2.5404093265533447,-1.42788565158844
4690,-8.333125114440918,-2.937389612197876
4691,-7.370957851409912,-7.2661519050598145
4692,5.643317699432373,-3.3649275302886963
4693,-5.1409382820129395,3.469433069229126
4694,-2.3128435611724854,-1.2486990690231323
4695,-0.04394763708114624,-0.32135701179504395
4696,5.987350940704346,14.341931343078613
4697,10.041696548461914,-4.371519088745117
4698,5.574844837188721,-2.115401029586792
4699,-3.90495228767395,-4.681804656982422
4700,15.799683570861816,-3.482365369796753
4701,-3.6545183658599854,1.7465509176254272
4702,18.12679672241211,-4.018857955932617
4703,-0.19348056614398956,-0.35918495059013367
4704,-7.1475090980529785,-5.873604774475098
4705,19.918041229248047,7.530183792114258
4706,17.172428131103516,4.663516044616699
4707,1.466597557067871,-0.21301138401031494
4708,0.3389618396759033,2.720421075820923
4709,0.19983474910259247,-6.0724968910217285
4710,0.6069257855415344,-10.223028182983398
4711,-0.2075478583574295,7.564481735229492
4712,7.108072757720947,11.480361938476562
4713,3.6962218284606934,-3.054828643798828
4714,6.708454608917236,-3.3863348960876465
4715,-0.5021111369132996,6.008218288421631
4716,-1.6969997882843018,8.072848320007324
4717,-2.266031265258789,0.8025121092796326
4718,-4.630712509155273,2.058516025543213
4719,18.770580291748047,-2.7316157817840576
4720,-2.432579278945923,-1.2391033172607422
4721,4.524913787841797,2.3026912212371826
4722,8.546128273010254,4.583638668060303
4723,-4.970263481140137,-2.659583568572998
4724,10.307448387145996,6.581333160400391
4725,0.3967582583427429,4.324558734893799
4726,8.017585754394531,-3.4739294052124023
4727,-4.899143695831299,-2.8454113006591797
4728,2.7376203536987305,-2.979928731918335
4729,-1.3557980060577393,7.436487197875977
4730,4.5088114738464355,3.9444620609283447
4731,7.320608615875244,-6.651804447174072
4732,-4.79189920425415,1.831242561340332
4733,-4.039715766906738,1.1967495679855347
4734,2.1087043285369873,-5.779579162597656
4735,6.993147373199463,8.888903617858887
4736,-5.002079010009766,-10.906926155090332
4737,-7.5357866287231445,-4.889897346496582
4738,9.5916109085083,-0.5382353067398071
4739,-2.8868117332458496,-0.10333161801099777
4740,20.411060333251953,-5.468244552612305
4741,0.16636495292186737,-0.3093793988227844
4742,-2.095410108566284,0.4686197340488434
4743,-0.8573756217956543,1.282099962234497
4744,-8.553190231323242,-3.2287731170654297
4745,-0.30016228556632996,0.35689112544059753
4746,15.727023124694824,0.2318040132522583
4747,0.24938280880451202,0.2592598497867584
4748,-1.9419660568237305,2.490802049636841
4749,0.6642335057258606,6.881096839904785
4750,0.5911178588867188,3.9958860874176025
4751,16.32007598876953,-0.4178617298603058
4752,-0.9688993096351624,2.6412513256073
4753,3.097306489944458,-8.395249366760254
4754,0.8959941267967224,6.792519569396973
4755,-1.9767853021621704,-7.376431941986084
4756,-1.9814602136611938,5.817893981933594
4757,-2.7295114994049072,0.7636295557022095
4758,-5.035746097564697,2.8122713565826416
4759,-5.856147289276123,3.3130404949188232
4760,0.30248159170150757,2.4040112495422363
4761,-0.939749538898468,1.7937116622924805
4762,7.2031426429748535,2.618299722671509
4763,-0.4478350877761841,-5.763066291809082
4764,1.8911855220794678,7.580115795135498
4765,-3.5004289150238037,-0.8274955153465271
4766,10.207046508789062,2.331585645675659
4767,1.1239523887634277,-5.677354335784912
4768,-0.8997886180877686,1.0274338722229004
4769,0.5800821185112,6.820624351501465
4770,-1.172741174697876,-1.201318383216858
4771,-3.098810911178589,2.407525062561035
4772,-2.2353999614715576,-2.631500720977783
4773,2.5248630046844482,-7.147880554199219
4774,11.618618965148926,5.055185317993164
4775,-0.7764425277709961,2.486584186553955
4776,-1.65982985496521,8.1111421585083
4777,-1.6164170503616333,-11.016305923461914
4778,13.633249282836914,7.71192741394043
4779,-2.3056209087371826,-2.663472890853882
4780,-1.2738163471221924,-4.624852657318115
4781,-1.4791368246078491,6.6837968826293945
4782,-1.1778122186660767,0.8247026801109314
4783,-2.0705673694610596,-1.6742572784423828
4784,-1.5251271724700928,6.282045364379883
4785,1.2361946105957031,-0.26181164383888245
4786,0.39328014850616455,-4.347236156463623
4787,-0.6766257882118225,5.300947189331055
4788,0.10036812722682953,-0.2878887355327606
4789,-1.4661893844604492,-2.2847697734832764
4790,-2.721782684326172,-0.7600417137145996
4791,0.7154425978660583,-4.882447242736816
4792,1.1983832120895386,-0.3204067647457123
4793,1.0800493955612183,-9.30492115020752
4794,-15.530305862426758,-12.639901161193848
4795,-3.5647358894348145,1.0861635208129883
4796,3.79986572265625,7.437580585479736
4797,-0.043065547943115234,-0.13217568397521973
4798,-3.444570779800415,0.9283472299575806
4799,-5.785201549530029,3.2223775386810303
4800,13.999924659729004,0.2745908200740814
4801,4.36712121963501,-1.683081030845642
4802,-1.7445238828659058,2.0292322635650635
4803,-0.40535885095596313,4.440090656280518
4804,-0.5139120221138,0.8311167359352112
4805,3.7312872409820557,9.975854873657227
4806,1.0053107738494873,-3.5838348865509033
4807,17.057048797607422,-2.862123727798462
4808,1.6387020349502563,-4.8452348709106445
4809,13.019268989562988,5.858365058898926
4810,-1.7672514915466309,8.630902290344238
4811,-2.3585855960845947,-13.255873680114746
4812,-1.6913365125656128,-1.9727444648742676
4813,-1.2837648391723633,0.04694082587957382
4814,1.065642237663269,9.172314643859863
4815,13.392523765563965,5.7574028968811035
4816,3.7935709953308105,-0.4038088619709015
4817,-0.6498479843139648,1.0652350187301636
4818,-5.367226600646973,-1.9819557666778564
4819,0.5305288434028625,7.957610130310059
4820,7.366184711456299,-1.0738521814346313
4821,0.33543580770492554,0.14840254187583923
4822,-3.912170648574829,-2.3748576641082764
4823,-7.194593906402588,7.204802513122559
4824,-1.1590036153793335,-2.5072519779205322
4825,-1.2745832204818726,1.007545828819275
4826,1.386380672454834,-1.8119913339614868
4827,3.6406991481781006,-8.627140045166016
4828,12.867833137512207,6.537042617797852
4829,1.8982603549957275,10.530855178833008
4830,6.0944504737854,9.039201736450195
4831,14.752636909484863,1.7660713195800781
4832,-1.7091305255889893,-1.4539135694503784
4833,14.792139053344727,-8.66870403289795
4834,1.0839166641235352,-3.923828363418579
4835,-0.609735906124115,0.4959169626235962
4836,-0.46334320306777954,2.1198298931121826
4837,11.44267463684082,6.865909099578857
4838,-0.24162687361240387,2.598130941390991
4839,5.424201011657715,-2.667173385620117
4840,1.325323224067688,-7.136474609375
4841,2.85978102684021,0.7274943590164185
4842,0.5810162425041199,1.1094481945037842
4843,0.6974504590034485,-20.888975143432617
4844,-2.1668128967285156,-0.47365424036979675
4845,-2.902971029281616,-0.8038182258605957
4846,1.8767790794372559,6.128627777099609
4847,1.671104073524475,3.041996717453003
4848,3.0413002967834473,-6.785569190979004
4849,-2.415407180786133,-1.3002909421920776
4850,10.341614723205566,3.0748496055603027
4851,-0.22032530605793,2.8176724910736084
4852,-0.1520049124956131,5.306984901428223
4853,5.383641719818115,1.879213809967041
4854,-0.9080535769462585,-16.511016845703125
4855,-1.8244333267211914,0.0903191864490509
4856,1.3871046304702759,1.4315898418426514
4857,6.676908016204834,0.8184490203857422
4858,9.360414505004883,6.657778263092041
4859,1.6406528949737549,7.280447483062744
4860,13.849003791809082,0.5130419731140137
4861,-2.749058485031128,1.6710548400878906
4862,2.753221273422241,3.221918821334839
4863,7.5543742179870605,-13.170039176940918
4864,-10.76167106628418,-4.1417059898376465
4865,1.395947813987732,-3.9178850650787354
4866,-0.28800255060195923,1.2611033916473389
4867,-1.7986024618148804,5.029923439025879
4868,-4.224259376525879,1.3669030666351318
4869,-5.45121431350708,3.066499948501587
4870,7.159675121307373,9.072239875793457
4871,5.265878200531006,-3.4181151390075684
4872,1.8256243467330933,-3.523249626159668
4873,2.2499663829803467,4.189853668212891
4874,-5.059821605682373,3.237468957901001
4875,13.128954887390137,1.240617275238037
4876,2.9750008583068848,0.5660296678543091
4877,2.1687827110290527,-5.379373073577881
4878,14.24415111541748,3.6525228023529053
4879,6.698227405548096,6.727182388305664
4880,1.9766731262207031,7.106624126434326
4881,-3.0329716205596924,-0.6653119325637817
4882,1.4293678998947144,-5.010869979858398
4883,1.3144878149032593,-0.498780757188797
4884,4.951669216156006,-2.0800979137420654
4885,4.463037967681885,12.822161674499512
4886,-0.997208297252655,6.2554121017456055
4887,-1.633183479309082,0.7175312638282776
4888,0.2465086728334427,0.20369374752044678
4889,19.01030921936035,10.871149063110352
4890,0.16947318613529205,1.8365535736083984
4891,1.086647629737854,-3.5147247314453125
4892,3.8651702404022217,-8.592503547668457
4893,8.600106239318848,2.7437584400177
4894,8.648661613464355,7.502440452575684
4895,-2.8339500427246094,1.5268357992172241
4896,6.291134834289551,1.6091341972351074
4897,5.380238056182861,-13.630143165588379
4898,10.879222869873047,8.631455421447754
4899,-4.2820234298706055,2.5750787258148193
4900,12.497403144836426,8.09849739074707
4901,4.917163372039795,0.6758913397789001
4902,-0.6755815148353577,0.6967116594314575
4903,-1.4054787158966064,-2.4213690757751465
4904,-1.331260085105896,7.08217716217041
4905,-2.442347526550293,-0.26714423298835754
4906,-2.389030933380127,0.23846718668937683
4907,-3.951108694076538,-3.9613091945648193
4908,2.296522378921509,-6.5948896408081055
4909,1.9809391498565674,-3.752225875854492
4910,-0.32424604892730713,2.984314203262329
4911,1.4851185083389282,-0.3170635998249054
4912,5.742074012756348,1.4584097862243652
4913,-5.731154918670654,4.330416679382324
4914,-6.105441570281982,-1.29838228225708
4915,4.092990875244141,4.86575984954834
4916,-3.3725640773773193,-1.226784110069275
4917,2.691408157348633,-4.564919471740723
4918,-3.959886312484741,2.9578640460968018
4919,-5.796136379241943,2.776716947555542
4920,-4.079588413238525,-10.078455924987793
4921,-0.6963204741477966,1.1429561376571655
4922,0.3237084150314331,-2.684227228164673
4923,6.178508281707764,1.7835344076156616
4924,3.7482967376708984,-10.638209342956543
4925,5.778418064117432,-10.66518783569336
4926,6.891494274139404,8.996752738952637
4927,-2.1737046241760254,1.1048078536987305
4928,-0.5594791769981384,5.2272629737854
4929,-3.3377904891967773,1.3700752258300781
4930,12.419075012207031,-2.2237753868103027
4931,9.4666166305542,-5.249892711639404
4932,-11.844975471496582,-6.197326183319092
4933,3.7162744998931885,4.893141269683838
4934,-3.1779026985168457,1.3271689414978027
4935,-3.077566385269165,1.1102255582809448
4936,-0.6986744403839111,4.3442888259887695
4937,11.126952171325684,2.514086961746216
4938,5.802499294281006,4.624587059020996
4939,0.9017764925956726,6.530657768249512
4940,15.960318565368652,9.78044605255127
4941,-0.02195441722869873,-2.1799404621124268
4942,14.776812553405762,-8.603742599487305
4943,-1.3179712295532227,0.614046037197113
4944,14.368390083312988,-1.0705699920654297
4945,1.5338828563690186,1.013000726699829
4946,-0.9151560664176941,-5.946533679962158
4947,-5.405389785766602,-2.8862144947052
4948,19.512500762939453,-10.289280891418457
4949,-3.290313243865967,-1.4947437047958374
4950,1.483633279800415,-1.7808095216751099
4951,-1.653294563293457,2.41389536857605
4952,3.2228176593780518,1.6851593255996704
4953,2.6865384578704834,4.436206340789795
4954,4.974377155303955,13.765289306640625
4955,-1.648857831954956,-1.9520659446716309
4956,0.33006417751312256,-4.559011459350586
4957,-11.918335914611816,-4.314606666564941
4958,-3.9151947498321533,1.8518779277801514
4959,-9.002217292785645,-1.8897720575332642
4960,-8.028764724731445,6.173410415649414
4961,2.373502016067505,-2.442739486694336
4962,-4.350223064422607,-1.2715635299682617
4963,-16.422330856323242,-10.258188247680664
4964,1.528541088104248,-2.065516233444214
4965,-3.4272000789642334,0.2875716984272003
4966,0.22097896039485931,2.7036521434783936
4967,-0.4530245065689087,-2.8433525562286377
4968,3.6712074279785156,6.4947967529296875
4969,8.520150184631348,7.130532264709473
4970,-0.020351067185401917,2.232861280441284
4971,3.1423871517181396,11.427254676818848
4972,4.184706211090088,-0.8646987676620483
4973,1.5529958009719849,5.450160980224609
4974,10.26012897491455,1.455521821975708
4975,-7.365448474884033,3.4159367084503174
4976,0.9973023533821106,-3.979471445083618
4977,14.73555850982666,10.080747604370117
4978,6.7801384925842285,4.973188400268555
4979,13.994282722473145,-1.6593451499938965
4980,-0.5411180257797241,0.36252984404563904
4981,0.6334153413772583,0.11089795082807541
4982,-14.103362083435059,-8.632179260253906
4983,-4.969385147094727,-1.667341709136963
4984,-5.517415523529053,-1.4659596681594849
4985,12.628437995910645,7.901407718658447
4986,14.765870094299316,1.1986994743347168
4987,4.713336944580078,11.467157363891602
4988,-1.2754828929901123,8.405691146850586
4989,0.5906174182891846,-2.3522229194641113
4990,-9.05150032043457,-8.028950691223145
4991,1.9350128173828125,5.326134204864502
4992,-3.363201379776001,1.9930464029312134
4993,-1.294365406036377,0.02608472853899002
4994,0.18702010810375214,2.987692356109619
4995,-0.3860087990760803,-3.630581855773926
4996,-0.012302413582801819,0.9044021368026733
4997,-4.030146598815918,-0.11294927448034286
4998,12.095355033874512,-0.521188497543335
4999,-0.37873947620391846,0.39128750562667847
5000,-13.03200626373291,-7.100523948669434
5001,-1.010140061378479,-1.2419155836105347
5002,1.4436219930648804,7.365026473999023
5003,0.6037229895591736,1.455695390701294
5004,-5.960209369659424,-2.893143892288208
5005,-2.8892319202423096,-0.5845606327056885
5006,2.9476845264434814,10.254874229431152
5007,0.7512893080711365,4.722938060760498
5008,-0.10498183965682983,0.5837811827659607
5009,-5.5478997230529785,2.9403116703033447
5010,-5.85650110244751,-3.1755001544952393
5011,-2.792828321456909,-1.226599931716919
5012,-0.4201691746711731,-9.222857475280762
5013,-1.6991912126541138,-1.5575740337371826
5014,-1.440657615661621,-8.297917366027832
5015,-0.8848137855529785,1.628312587738037
5016,-0.5656898617744446,1.451067566871643
5017,-2.7288661003112793,-10.224465370178223
5018,-0.6070783138275146,0.4877324402332306
5019,7.009276390075684,5.278171062469482
5020,-1.2690964937210083,2.161259651184082
5021,-3.8712055683135986,-4.85804557800293
5022,0.3445020914077759,2.459930658340454
5023,3.4842872619628906,6.09812593460083
5024,4.331512451171875,0.012214981019496918
5025,3.3040454387664795,2.0094501972198486
5026,-0.6229353547096252,-2.67376446723938
5027,-1.7332617044448853,-2.656989574432373
5028,-3.4311835765838623,-1.444545030593872
5029,10.60973834991455,8.15355396270752
5030,5.405643939971924,0.8403273820877075
5031,-0.43155092000961304,1.6656641960144043
5032,-5.551878452301025,2.9606363773345947
5033,19.362516403198242,7.400032997131348
5034,-0.997959554195404,8.399214744567871
5035,-2.47566294670105,-0.5877745151519775
5036,-1.0055792331695557,6.074961185455322
5037,-0.9147527813911438,-2.5447754859924316
5038,13.522326469421387,1.8864353895187378
5039,16.341703414916992,-2.2584011554718018
5040,1.0026192665100098,3.746136426925659
5041,4.910664081573486,3.3848531246185303
5042,6.184333801269531,15.12155532836914
5043,-2.390303373336792,-12.652579307556152
5044,0.29284530878067017,-2.999626874923706
5045,3.3924219608306885,-3.3306243419647217
5046,2.230142831802368,8.235967636108398
5047,-0.0019733458757400513,-5.679289817810059
5048,9.366036415100098,4.240416049957275
5049,10.318148612976074,9.102686882019043
5050,-5.058082103729248,2.862257957458496
5051,1.239017128944397,2.750680446624756
5052,10.842432022094727,0.10837598890066147
5053,22.06326675415039,11.701423645019531
5054,5.318860054016113,-3.768353223800659
5055,-1.2343343496322632,-1.9460017681121826
5056,6.8209404945373535,11.25345516204834
5057,6.9383063316345215,-4.110380172729492
5058,20.112272262573242,-2.0801174640655518
5059,11.788748741149902,2.0520899295806885
5060,20.992076873779297,-5.577155113220215
5061,7.651244640350342,3.0774741172790527
5062,5.846412181854248,-2.02380633354187
5063,-4.1998291015625,2.3585822582244873
5064,1.7960580587387085,1.6888881921768188
5065,0.6443000435829163,7.1394500732421875
5066,2.8304431438446045,2.5885965824127197
5067,0.42790722846984863,-2.2105705738067627
5068,6.814528942108154,-2.0379276275634766
5069,-9.090476036071777,-5.846263408660889
5070,2.1990816593170166,-0.4283957779407501
5071,3.854973077774048,6.509326934814453
5072,4.876674175262451,13.626296043395996
5073,3.4529879093170166,8.950013160705566
5074,4.136668682098389,0.19084489345550537
5075,10.863801002502441,1.9832192659378052
5076,18.45425796508789,10.556710243225098
5077,18.98940658569336,10.066540718078613
5078,6.890377521514893,-1.0244358777999878
5079,7.382883548736572,9.676138877868652
5080,-0.4489235281944275,6.366979122161865
5081,-0.5075555443763733,1.7543368339538574
5082,-1.5808255672454834,6.873044967651367
5083,9.32414722442627,1.389434814453125
5084,-2.880986452102661,-8.195998191833496
5085,3.5311625003814697,-2.656532049179077
5086,-7.35329008102417,-25.189125061035156
5087,2.464024066925049,4.99946928024292
5088,7.3685173988342285,-3.2945353984832764
5089,-2.4508438110351562,-1.2542420625686646
5090,2.974838972091675,7.029422760009766
5091,8.53501033782959,-12.284910202026367
5092,16.503501892089844,2.7602977752685547
5093,-2.7814388275146484,-0.4771329462528229
5094,-0.5790688395500183,3.2435600757598877
5095,-2.7217488288879395,-1.215090036392212
5096,5.078985691070557,14.02367877960205
5097,0.7220712304115295,-0.014707662165164948
5098,7.112802982330322,8.441570281982422
5099,-0.6499884128570557,-0.1498662829399109
5100,-3.677823066711426,1.9348301887512207
5101,-3.9909822940826416,2.3435890674591064
5102,-3.6224234104156494,1.4548286199569702
5103,-0.7928454875946045,-1.1727274656295776
5104,14.007049560546875,0.39872515201568604
5105,5.604897975921631,0.981429934501648
5106,7.879292964935303,-1.4820573329925537
5107,-3.0066051483154297,-1.3023062944412231
5108,11.235210418701172,6.161666393280029
5109,-8.626334190368652,-10.355940818786621
5110,3.4353976249694824,6.261565208435059
5111,-1.831902027130127,5.488300323486328
5112,6.087663173675537,0.9030519723892212
5113,1.416155457496643,-0.8696990609169006
5114,5.939671993255615,-3.0631232261657715
5115,-1.124112844467163,2.907632350921631
5116,1.7775449752807617,-2.033435821533203
5117,0.7765607237815857,-3.0087826251983643
5118,19.95648193359375,3.507283926010132
5119,-2.962817430496216,-2.7200138568878174
5120,-7.6719279289245605,-5.0163774490356445
5121,3.870096445083618,-0.8743847608566284
5122,-3.0983424186706543,-0.2767021954059601
5123,2.55802583694458,-5.714041709899902
5124,-4.870785236358643,1.5324177742004395
5125,-1.4801394939422607,-1.097728967666626
5126,-2.119478464126587,-1.6131471395492554
5127,-2.19258451461792,-0.49303510785102844
5128,10.160371780395508,4.75260066986084
5129,0.5642847418785095,-3.307537078857422
5130,-3.6184892654418945,2.365250825881958
5131,-4.80327033996582,-3.309220314025879
5132,-1.478783369064331,-7.415205955505371
5133,1.721853256225586,-10.855789184570312
5134,1.896040678024292,-1.0200499296188354
5135,0.9632121920585632,0.04375722259283066
5136,-0.9600591063499451,1.0592906475067139
5137,-1.8587952852249146,-0.21632108092308044
5138,0.8363091349601746,-3.9639217853546143
5139,-0.6883431077003479,-12.135540008544922
5140,-5.226863861083984,0.979622483253479
5141,-5.271194934844971,-3.6921095848083496
5142,-0.017819300293922424,0.7357285618782043
5143,1.2234231233596802,-3.2507705688476562
5144,3.6418159008026123,10.217304229736328
5145,8.428969383239746,-12.268174171447754
5146,2.6381113529205322,2.877110481262207
5147,-2.7046689987182617,-6.537621974945068
5148,2.125809907913208,-6.155582427978516
5149,-2.6157867908477783,1.6555566787719727
5150,0.6445532441139221,-0.5440265536308289
5151,3.068969488143921,2.0459885597229004
5152,-1.7191238403320312,-9.856911659240723
5153,-3.118515968322754,-0.8344019055366516
5154,2.230560064315796,-3.969285249710083
5155,10.730217933654785,1.0530459880828857
5156,-2.0940041542053223,-0.45161673426628113
5157,-0.835462749004364,-1.8246122598648071
5158,-0.15393169224262238,5.399579048156738
5159,0.352308452129364,-3.6270530223846436
5160,2.208205461502075,-4.796606063842773
5161,10.573391914367676,-7.415012359619141
5162,2.6217105388641357,9.062950134277344
5163,-16.807727813720703,-8.026715278625488
5164,2.3428118228912354,-19.990591049194336
5165,6.922374248504639,1.0800206661224365
5166,-2.9224603176116943,-1.5292041301727295
5167,-2.809093713760376,-1.761313557624817
5168,-1.5368773937225342,0.270936518907547
5169,13.576074600219727,4.357492446899414
5170,6.949442386627197,1.2788112163543701
5171,-6.482166767120361,3.020941972732544
5172,17.64475440979004,10.413093566894531
5173,4.612514972686768,-8.5911283493042
5174,0.12734673917293549,0.39368146657943726
5175,1.3963342905044556,-3.349220037460327
5176,8.099594116210938,-15.403265953063965
5177,15.33966064453125,-5.6912736892700195
5178,7.45143461227417,8.48193645477295
5179,-1.1761088371276855,7.190147399902344
5180,-6.2559404373168945,-6.135693073272705
5181,-2.5594632625579834,-0.010658413171768188
5182,17.276485443115234,3.685192346572876
5183,1.6176103353500366,4.169407844543457
5184,6.888302803039551,-1.1776319742202759
5185,-1.0845218896865845,-0.9823398590087891
5186,16.200550079345703,3.1252686977386475
5187,-3.453460931777954,2.182457208633423
5188,-5.852100849151611,-7.254438400268555
5189,13.63707447052002,1.7816505432128906
5190,-1.620843768119812,-13.235879898071289
5191,-5.266292095184326,2.8998005390167236
5192,7.736915111541748,-11.1930570602417
5193,18.431856155395508,-2.781561851501465
5194,-8.978632926940918,-2.2218399047851562
5195,0.7127946019172668,9.251360893249512
5196,-8.354344367980957,-1.9480633735656738
5197,9.479728698730469,-2.371870279312134
5198,-11.475947380065918,-6.452885150909424
5199,4.180236339569092,9.366523742675781
5200,-6.287553787231445,-6.336477279663086
5201,4.602757453918457,-2.572939872741699
5202,12.35671329498291,4.061138153076172
5203,1.7549617290496826,-2.1552906036376953
5204,0.7468714118003845,2.9407598972320557
5205,13.735932350158691,0.016295097768306732
5206,5.250012397766113,14.928805351257324
5207,-3.154587507247925,0.959762692451477
5208,-5.996401309967041,-19.653461456298828
5209,0.20769847929477692,-2.6374499797821045
5210,-5.5748372077941895,3.0439541339874268
5211,2.8227193355560303,-1.164804220199585
5212,-8.46744441986084,6.71384334564209
5213,-1.609621286392212,-11.570379257202148
5214,4.8400139808654785,-0.701745331287384
5215,17.20143699645996,1.571593165397644
5216,0.2655659317970276,-2.3357269763946533
5217,-5.201940536499023,2.883934259414673
5218,-0.8557187914848328,-1.2809356451034546
5219,8.163798332214355,1.0132184028625488
5220,9.18877124786377,-2.5308587551116943
5221,-8.965888023376465,-9.492230415344238
5222,-0.1359725147485733,-3.069552183151245
5223,-1.7213754653930664,-2.2221314907073975
5224,15.37757396697998,0.08500108867883682
5225,7.344001293182373,-1.2879410982131958
5226,-0.2199518233537674,6.325739860534668
5227,15.477904319763184,5.934814453125
5228,2.059744119644165,-10.824572563171387
5229,-1.0286980867385864,2.187295436859131
5230,15.374892234802246,-4.471771240234375
5231,15.698923110961914,8.342382431030273
5232,-0.6434163451194763,-7.4517412185668945
5233,-4.34193754196167,4.134927272796631
5234,1.2816451787948608,1.9212414026260376
5235,11.444095611572266,9.781805992126465
5236,0.8222507238388062,2.5749292373657227
5237,1.7439289093017578,-5.128064155578613
5238,-0.4590567946434021,3.041982889175415
5239,0.49670618772506714,1.8685729503631592
5240,-1.0054147243499756,5.657332897186279
5241,6.133175373077393,7.610304355621338
5242,-0.8156723380088806,4.810517311096191
5243,0.18039093911647797,-2.416792154312134
5244,0.43867892026901245,2.6427388191223145
5245,7.606649875640869,3.784754991531372
5246,-4.3463640213012695,-3.6931686401367188
5247,-0.24028177559375763,3.664789915084839
5248,5.073582172393799,7.074459075927734
5249,-0.8563149571418762,-1.2628507614135742
5250,5.946473598480225,-9.83186149597168
5251,3.9580276012420654,3.274062395095825
5252,0.9440918564796448,-4.367346286773682
5253,1.9432995319366455,-8.080424308776855
5254,-2.909717321395874,0.05149751156568527
5255,0.8930619359016418,-3.5017683506011963
5256,2.094320774078369,-3.412132501602173
5257,-2.893915891647339,1.7088217735290527
5258,-4.324399471282959,-1.4566009044647217
5259,-2.903425931930542,-3.330923318862915
5260,-0.6439467072486877,2.6213648319244385
5261,1.3711602687835693,-4.041131973266602
5262,-7.768184185028076,7.346938133239746
5263,-0.4017592668533325,2.972613573074341
5264,14.090116500854492,4.601820945739746
5265,-1.4665231704711914,0.7204917669296265
5266,1.3609521389007568,2.3150205612182617
5267,-4.653749465942383,1.9489550590515137
5268,-2.9362971782684326,-1.1547496318817139
5269,0.26403170824050903,0.12017639726400375
5270,-0.3170351982116699,-3.090113401412964
5271,0.3625752925872803,2.743567705154419
5272,3.754622459411621,-6.956734657287598
5273,1.7996052503585815,4.011871814727783
5274,-5.57680606842041,2.5319879055023193
5275,6.183042526245117,-9.215754508972168
5276,-9.716137886047363,-10.088837623596191
5277,-0.3097512722015381,2.121839761734009
5278,-1.2304272651672363,-3.9577572345733643
5279,-3.986029863357544,3.45963978767395
5280,-1.4895744323730469,1.1203789710998535
5281,0.08963526785373688,4.309946060180664
5282,0.13707806169986725,-0.8472016453742981
5283,10.507513999938965,9.379183769226074
5284,1.9502222537994385,-4.785871982574463
5285,0.6285716891288757,-5.3425445556640625
5286,-0.7729551792144775,-1.4509308338165283
5287,12.711163520812988,-3.970499277114868
5288,-6.997046947479248,6.201930999755859
5289,0.916387140750885,0.17100396752357483
5290,-6.879889965057373,-6.973424911499023
5291,5.3428263664245605,1.4621425867080688
5292,0.10846544802188873,-1.0047305822372437
5293,-4.475061893463135,2.66690993309021
5294,5.456286907196045,-2.0738484859466553
5295,0.7908446192741394,-8.411247253417969
5296,12.175507545471191,4.365072727203369
5297,13.13733959197998,1.9299204349517822
5298,12.069687843322754,-6.36198091506958
5299,16.13153839111328,8.87613296508789
5300,-8.337668418884277,-3.4177603721618652
5301,6.123780727386475,2.632467746734619
5302,3.6384384632110596,0.2834744155406952
5303,-1.7384934425354004,-1.4098153114318848
5304,-0.35457926988601685,1.4374096393585205
5305,6.001445770263672,12.434114456176758
5306,7.309126853942871,9.153090476989746
5307,3.8201804161071777,-8.641182899475098
5308,-1.6351540088653564,-1.8402742147445679
5309,0.4121984839439392,-4.644813060760498
5310,4.9643354415893555,9.049702644348145
5311,-4.184300422668457,2.450266122817993
5312,2.0469799041748047,-1.2228426933288574
5313,-9.540020942687988,5.284720420837402
5314,-5.080811023712158,-3.6417999267578125
5315,-1.82149076461792,-1.9844977855682373
5316,4.510997772216797,-7.572473049163818
5317,-1.7739653587341309,-1.9106671810150146
5318,1.1380343437194824,-2.6728627681732178
5319,0.17062942683696747,3.908352851867676
5320,-0.5692598223686218,4.744049549102783
5321,-3.4013478755950928,-7.125856876373291
5322,13.613232612609863,2.7355833053588867
5323,6.885953426361084,9.42927074432373
5324,-0.6664356589317322,0.16682183742523193
5325,4.015798568725586,11.33203411102295
5326,5.033132553100586,1.3362808227539062
5327,3.2927942276000977,-2.0993378162384033
5328,-0.7147749066352844,1.193548560142517
5329,1.828665018081665,2.7001707553863525
5330,-3.3982131481170654,1.8816636800765991
5331,-1.3506358861923218,7.02120304107666
5332,-4.247827529907227,0.6220304369926453
5333,5.089908123016357,3.0376877784729004
5334,4.081908226013184,8.43891429901123
5335,-0.5323465466499329,2.083530902862549
5336,-0.1818264275789261,3.2780239582061768
5337,14.378647804260254,9.069273948669434
5338,5.902769088745117,1.6308268308639526
5339,-3.8559200763702393,3.3576571941375732
5340,-1.2905827760696411,-2.071383237838745
5341,6.411886692047119,1.8904783725738525
5342,-3.8306026458740234,-3.8381223678588867
5343,-5.71575927734375,-5.769120216369629
5344,3.126535654067993,5.216067314147949
5345,3.2551209926605225,0.6842139959335327
5346,-3.9069957733154297,0.6775100231170654
5347,-3.1800482273101807,1.270704746246338
5348,18.015968322753906,5.398636341094971
5349,19.617748260498047,3.11346173286438
5350,3.144447088241577,4.55533504486084
5351,-6.260904312133789,-3.31829833984375
5352,0.43030887842178345,-1.4550175666809082
5353,5.930509090423584,8.548619270324707
5354,-3.5428390502929688,-5.767049789428711
5355,15.074053764343262,-1.4711599349975586
5356,-3.4371602535247803,-1.4799686670303345
5357,-2.5187265872955322,3.783545732498169
5358,1.6766998767852783,9.799843788146973
5359,-2.547974109649658,0.19166967272758484
5360,0.25727957487106323,0.054649583995342255
5361,15.353740692138672,2.5558741092681885
5362,-3.1628928184509277,-5.753334045410156
5363,3.5786490440368652,4.626716136932373
5364,-5.8788981437683105,-5.968064308166504
5365,2.7910120487213135,-2.172680616378784
5366,-3.9774959087371826,3.123654365539551
5367,8.176285743713379,-4.571599006652832
5368,-5.241723537445068,2.9842302799224854
5369,-1.4867782592773438,-1.7294738292694092
5370,-8.539070129394531,-11.558292388916016
5371,-0.33173006772994995,4.3822760581970215
5372,-7.427260875701904,-4.237054347991943
5373,-0.1780058890581131,5.100484848022461
5374,18.450847625732422,2.262727737426758
5375,0.11235694587230682,-9.1451416015625
5376,16.58715057373047,9.483414649963379
5377,3.2379424571990967,-3.945579767227173
5378,-3.17787504196167,-4.879754066467285
5379,11.249829292297363,9.796868324279785
5380,6.426952838897705,7.6306867599487305
5381,-1.4074523448944092,8.226588249206543
5382,-2.0315003395080566,-3.308055877685547
5383,3.4176149368286133,6.0083208084106445
5384,0.9989030957221985,1.9894075393676758
5385,-4.548065185546875,1.8403853178024292
5386,4.221362113952637,-8.352251052856445
5387,-0.666049063205719,4.059068202972412
5388,-3.4203970432281494,-7.757936477661133
5389,0.3970063328742981,-2.9543139934539795
5390,-1.577758550643921,5.511012554168701
5391,-1.0663119554519653,-2.074380874633789
5392,-2.9166932106018066,1.7972838878631592
5393,-3.01373553276062,1.747889518737793
5394,-2.3358001708984375,-16.247528076171875
5395,-4.7036051750183105,1.2936954498291016
5396,15.6414155960083,2.7630956172943115
5397,-6.5594563484191895,3.379291296005249
5398,-4.823816776275635,3.2024428844451904
5399,13.843598365783691,-3.3875744342803955
5400,-4.75460958480835,0.6832749247550964
5401,5.2742919921875,14.577832221984863
5402,-1.308699607849121,1.2715752124786377
5403,4.794881343841553,0.40418538451194763
5404,-8.247035026550293,5.392125606536865
5405,5.502945899963379,-2.0318500995635986
5406,-0.06476624310016632,2.2975151538848877
5407,0.011786982417106628,5.272546768188477
5408,0.5331680178642273,3.7375757694244385
5409,0.8981210589408875,-0.4050973355770111
5410,12.886107444763184,-3.8801560401916504
5411,0.17355720698833466,0.8569751381874084
5412,9.436565399169922,0.8874620795249939
5413,15.034260749816895,-2.0705957412719727
5414,1.8920502662658691,-6.340095520019531
5415,2.159792184829712,-10.295284271240234
5416,10.86915397644043,-7.747311115264893
5417,22.301076889038086,5.02656364440918
5418,5.5005106925964355,1.7413015365600586
5419,4.396897792816162,0.6690105199813843
5420,5.759139537811279,-3.209955930709839
5421,-0.7583611011505127,-2.330261468887329
5422,-0.8303784728050232,8.255695343017578
5423,-0.8266567587852478,5.205121994018555
5424,4.4217023849487305,11.320327758789062
5425,-0.14558763802051544,7.268585681915283
5426,0.4495317339897156,-1.6982338428497314
5427,-1.6799230575561523,1.9480571746826172
5428,2.4344427585601807,5.5817036628723145
5429,-2.816918134689331,-0.579010009765625
5430,1.0726234912872314,-3.665043354034424
5431,-0.46813130378723145,1.0350795984268188
5432,5.528906345367432,-2.971442222595215
5433,-3.278722047805786,-2.196821451187134
5434,-1.7801079750061035,5.5253190994262695
5435,-1.230067253112793,8.555462837219238
5436,-0.6801125407218933,6.143944263458252
5437,-8.999934196472168,6.6244659423828125
5438,-0.6413583159446716,0.31015604734420776
5439,9.143153190612793,8.398123741149902
5440,17.63355255126953,9.950261116027832
5441,0.08848972618579865,-1.0821281671524048
5442,18.575654983520508,0.5651924014091492
5443,-2.8798582553863525,-2.032952070236206
5444,6.314638137817383,15.379215240478516
5445,-6.70802116394043,-3.1934850215911865
5446,-3.3859164714813232,-2.45628023147583
5447,0.4407176375389099,-3.1439671516418457
5448,-3.6586976051330566,-0.31924542784690857
5449,0.11756153404712677,-2.687206506729126
5450,0.6357100009918213,-1.6486989259719849
5451,0.18232370913028717,-3.636525869369507
5452,2.4336986541748047,9.432561874389648
5453,-2.3138387203216553,-7.807834625244141
5454,6.213711261749268,1.8541114330291748
5455,-5.5310139656066895,2.4547715187072754
5456,19.26357078552246,-1.6226798295974731
5457,1.1328974962234497,-4.949184894561768
5458,6.470596790313721,4.518910884857178
5459,1.2930138111114502,7.0578484535217285
5460,-4.9587721824646,1.391301155090332
5461,0.1251673549413681,1.529291033744812
5462,3.644843339920044,-6.532580375671387
5463,-2.7892677783966064,0.6524270176887512
5464,2.3262786865234375,9.68881893157959
5465,0.35597896575927734,-2.8421409130096436
5466,-10.428555488586426,-4.632503986358643
5467,-1.254133701324463,7.851679801940918
5468,-6.677082061767578,-12.96999454498291
5469,6.016840934753418,1.7097322940826416
5470,-5.725131511688232,3.5215203762054443
5471,4.874260425567627,-0.10514269024133682
5472,2.283715009689331,5.305191516876221
5473,15.041888236999512,-5.372167110443115
5474,2.028749704360962,0.9406177997589111
5475,-2.498737335205078,-1.192344307899475
5476,-3.6290225982666016,-16.79707908630371
5477,-5.656576633453369,5.196648120880127
5478,-4.689981937408447,-6.5459489822387695
5479,-6.783170223236084,-2.156681537628174
5480,-0.42416828870773315,4.3736982345581055
5481,-1.6383872032165527,0.5790366530418396
5482,-0.7304108738899231,-5.7975382804870605
5483,-5.427073001861572,-4.000546455383301
5484,-0.35960251092910767,4.300562858581543
5485,-0.8829683661460876,6.581547737121582
5486,2.1521379947662354,8.932465553283691
5487,1.0127432346343994,-3.4883339405059814
5488,-4.625927448272705,2.7520768642425537
5489,-0.9425062537193298,-1.5940558910369873
5490,-1.9501368999481201,-2.5322983264923096
5491,-1.034970760345459,-1.3345820903778076
5492,13.598429679870605,-0.3979472815990448
5493,4.082557678222656,0.9131574630737305
5494,-5.407808303833008,-3.365734815597534
5495,5.160721302032471,-1.0775516033172607
5496,-0.8484954833984375,-2.744321823120117
5497,-0.243034228682518,0.2535293996334076
5498,-5.048271179199219,1.063633918762207
5499,-5.133009910583496,-9.467255592346191
5500,5.588107109069824,-2.4691050052642822
5501,-0.7079095840454102,3.329213857650757
5502,-1.5236413478851318,-2.056227445602417
5503,2.419529438018799,-6.248368263244629
5504,6.910038471221924,-6.5211615562438965
5505,2.453897714614868,10.37343978881836
5506,0.21399281919002533,-0.45953890681266785
5507,13.536116600036621,-7.683100700378418
5508,-10.1494779586792,-3.5600218772888184
5509,0.20714960992336273,-3.972313165664673
5510,-0.528593897819519,0.4224482476711273
5511,8.298050880432129,2.478961944580078
5512,0.05979494750499725,2.8425838947296143
5513,12.920910835266113,10.489119529724121
5514,4.42111349105835,2.0105042457580566
5515,1.0762208700180054,-5.633912563323975
5516,7.2586870193481445,9.81919002532959
5517,-4.121254920959473,0.847923994064331
5518,9.777207374572754,-2.9874231815338135
5519,3.013942003250122,-4.358918190002441
5520,-3.83571195602417,-2.9351353645324707
5521,-4.165269374847412,-1.2742358446121216
5522,16.225135803222656,-1.0622788667678833
5523,3.2490339279174805,-0.4755840599536896
5524,11.632697105407715,9.35360336303711
5525,3.4444899559020996,-3.9854276180267334
5526,-3.5388994216918945,1.6346476078033447
5527,-1.5486276149749756,-1.8142741918563843
5528,-0.10058046132326126,-0.08057444542646408
5529,-0.4029608964920044,-1.6991400718688965
5530,3.7918860912323,-10.729240417480469
5531,2.1244843006134033,10.244503021240234
5532,-6.619384288787842,-16.412647247314453
5533,5.5503621101379395,0.8416610360145569
5534,1.6107755899429321,5.444384574890137
5535,-0.8780134320259094,5.157471656799316
5536,0.6037142276763916,-4.501801013946533
5537,-3.6699705123901367,3.447331190109253
5538,11.666450500488281,3.4908978939056396
5539,-6.160164833068848,-3.5921385288238525
5540,-0.18685217201709747,7.665914535522461
5541,15.051281929016113,0.00463857501745224
5542,12.635844230651855,6.220725059509277
5543,-1.578184962272644,6.334284782409668
5544,-3.2402985095977783,1.834478497505188
5545,1.1578428745269775,-0.19823896884918213
5546,1.9490926265716553,4.191555023193359
5547,3.6184866428375244,-0.648431658744812
5548,8.49832534790039,-11.959593772888184
5549,4.404547214508057,-5.570217132568359
5550,17.089813232421875,3.4602599143981934
5551,4.451467990875244,8.07044506072998
5552,16.688068389892578,-5.562135696411133
5553,12.217889785766602,-4.30351448059082
5554,-5.526752471923828,-3.715369462966919
5555,3.116137742996216,-1.9080569744110107
5556,7.932067394256592,0.6192378401756287
5557,3.382326126098633,8.932686805725098
5558,-0.9018248915672302,8.083820343017578
5559,-3.6124680042266846,-1.3556058406829834
5560,-10.679842948913574,5.777955055236816
5561,-5.173192977905273,1.480619192123413
5562,-3.674433946609497,1.1182950735092163
5563,0.3682851791381836,0.09421869367361069
5564,2.354511022567749,8.107730865478516
5565,2.3387274742126465,-5.018311023712158
5566,1.4618719816207886,8.820807456970215
5567,0.6164606809616089,-1.6812622547149658
5568,-7.39171838760376,-3.251471757888794
5569,-5.4018473625183105,2.724202871322632
5570,2.3419620990753174,10.289467811584473
5571,6.155101299285889,1.0656813383102417
5572,15.063815116882324,-1.7626465559005737
5573,3.524233102798462,-3.8279922008514404
5574,1.2391732931137085,-4.905221939086914
5575,-0.08317096531391144,3.624850034713745
5576,2.819267511367798,7.758347034454346
5577,-3.150712251663208,-6.451056480407715
5578,0.18284906446933746,-0.06352753192186356
5579,-2.056234359741211,-0.09774404019117355
5580,6.892102241516113,0.721739649772644
5581,-0.14585460722446442,0.5359848141670227
5582,0.17328976094722748,0.3044101297855377
5583,2.1102395057678223,5.0343170166015625
5584,4.984391689300537,13.785271644592285
5585,4.949885845184326,5.747204303741455
5586,-0.8099984526634216,1.8611160516738892
5587,2.751124382019043,-2.1892411708831787
5588,18.73651123046875,10.420893669128418
5589,0.6095409989356995,1.8184560537338257
5590,-0.6036598086357117,3.649073839187622
5591,12.27387809753418,2.8515164852142334
5592,6.323878288269043,-1.6107921600341797
5593,19.375308990478516,10.309407234191895
5594,0.5054671168327332,3.6244161128997803
5595,-0.235634446144104,0.07890082150697708
5596,-5.051977157592773,1.4381943941116333
5597,6.759457111358643,2.0451908111572266
5598,1.9578845500946045,-2.833885431289673
5599,-1.066879153251648,2.9458563327789307
5600,4.5639214515686035,-7.947141647338867
5601,4.667867660522461,-2.4790403842926025
5602,0.06407211720943451,-4.353229522705078
5603,-5.17907190322876,3.612185478210449
5604,-2.7304575443267822,-7.401775360107422
5605,4.899453163146973,14.614312171936035
5606,-4.367794513702393,2.2637202739715576
5607,-1.0942411422729492,3.8618714809417725
5608,-16.122514724731445,-8.331993103027344
5609,-2.5786242485046387,-1.7301429510116577
5610,6.869987487792969,4.66718864440918
5611,10.084101676940918,0.32635146379470825
5612,-3.1547961235046387,0.1809016764163971
5613,14.278386116027832,9.368927955627441
5614,9.370760917663574,-6.569125175476074
5615,-0.7190582156181335,1.0379273891448975
5616,0.3825048804283142,0.8791140913963318
5617,3.434236764907837,6.08062744140625
5618,-0.8699548244476318,1.6013166904449463
5619,4.359306812286377,-7.116742134094238
5620,0.4864392876625061,4.051716327667236
5621,0.49735158681869507,4.530207633972168
5622,6.462277412414551,1.4733986854553223
5623,2.970261812210083,0.4740470051765442
5624,-0.5456641912460327,1.0454683303833008
5625,17.38612937927246,10.582512855529785
5626,-2.9494566917419434,-2.7858338356018066
5627,-2.116734743118286,5.088242530822754
5628,-3.9115376472473145,1.425507664680481
5629,-4.57040548324585,2.899467706680298
5630,13.02900218963623,10.16718864440918
5631,2.1717529296875,10.21914005279541
5632,-0.12325112521648407,-0.025795020163059235
5633,2.6409451961517334,4.754583358764648
5634,-5.237443923950195,-6.813454627990723
5635,-6.1118669509887695,-10.44495677947998
5636,-6.768947124481201,-4.859848976135254
5637,14.984302520751953,0.5060586333274841
5638,-1.4460160732269287,2.6252002716064453
5639,1.0495750904083252,1.9512865543365479
5640,12.650071144104004,0.8337159156799316
5641,-9.637885093688965,-8.141020774841309
5642,2.9726855754852295,-3.590240240097046
5643,6.520138263702393,3.1385610103607178
5644,-3.0501017570495605,1.8413594961166382
5645,-10.792118072509766,-11.05433464050293
5646,1.9538214206695557,2.8523452281951904
5647,-1.5454455614089966,4.79007625579834
5648,-2.7843310832977295,-2.184675455093384
5649,-0.5390396118164062,2.346973180770874
5650,-8.400908470153809,5.5133585929870605
5651,2.330919027328491,3.6187403202056885
5652,9.9120454788208,1.3835442066192627
5653,16.310516357421875,0.2660277783870697
5654,0.8023238778114319,8.75699234008789
5655,7.42030143737793,-0.6272925138473511
5656,6.188954830169678,4.990678787231445
5657,0.7960180640220642,5.368050575256348
5658,-0.5629266500473022,1.3888545036315918
5659,1.950585126876831,4.201107978820801
5660,1.9204778671264648,-3.8807871341705322
5661,-4.881872653961182,-6.049393653869629
5662,0.7255784273147583,-0.41398724913597107
5663,-1.8112812042236328,8.77338695526123
5664,1.4395740032196045,-5.715107440948486
5665,-3.437758207321167,2.3005387783050537
5666,7.742339611053467,9.918679237365723
5667,-2.09281063079834,-2.550692319869995
5668,20.589658737182617,-0.715954065322876
5669,-3.6377148628234863,-10.158397674560547
5670,-5.496757507324219,2.3808364868164062
5671,-0.11429174244403839,1.4705512523651123
5672,-1.052135944366455,7.272808074951172
5673,3.4358129501342773,8.494441986083984
5674,-7.492109775543213,4.209881782531738
5675,6.429610729217529,2.4706766605377197
5676,-2.820784091949463,-3.6634910106658936
5677,-2.1492879390716553,0.4580032229423523
5678,2.9141478538513184,-5.809284210205078
5679,-1.1635088920593262,1.4467711448669434
5680,-0.05558903515338898,3.9848551750183105
5681,17.875932693481445,3.7638511657714844
5682,4.035816669464111,-7.036822319030762
5683,2.105536699295044,5.6736955642700195
5684,-3.0006911754608154,-15.693593978881836
5685,2.862607717514038,-8.747139930725098
5686,2.9845590591430664,-6.581943035125732
5687,1.3937851190567017,0.9940610527992249
5688,-3.4674293994903564,-2.6622631549835205
5689,-7.594334125518799,5.392685413360596
5690,-0.8217735886573792,-1.8456791639328003
5691,5.0817131996154785,0.4074958860874176
5692,-5.209661483764648,2.9296786785125732
5693,6.394049167633057,1.1125199794769287
5694,3.512626886367798,-15.578583717346191
5695,8.649033546447754,-12.4721040725708
5696,-2.0574042797088623,6.060252666473389
5697,20.671903610229492,11.528658866882324
5698,3.887303113937378,6.929770469665527
5699,-4.010655879974365,-13.03465747833252
5700,7.0155720710754395,-3.5326757431030273
5701,2.1882684230804443,9.976058006286621
5702,-7.228353023529053,-6.915957450866699
5703,5.450467586517334,0.19348272681236267
5704,-2.233180284500122,-2.2358736991882324
5705,-2.966400384902954,0.4307330548763275
5706,0.5373635292053223,4.496626853942871
5707,6.982430934906006,9.348484992980957
5708,19.787813186645508,8.000810623168945
5709,-3.7686448097229004,0.1207914724946022
5710,1.2533830404281616,3.786189079284668
5711,7.441262722015381,-6.753105640411377
5712,-1.4347457885742188,8.56176471710205
5713,6.081371784210205,-0.8601843118667603
5714,7.40667200088501,9.334870338439941
5715,-6.79391622543335,-6.333749294281006
5716,0.40667396783828735,0.1298707127571106
5717,-3.818204879760742,1.577955961227417
5718,-0.8387855887413025,1.1539559364318848
5719,14.01928424835205,-4.140650272369385
5720,-3.514193534851074,-4.10298490524292
5721,5.98879861831665,1.5785647630691528
5722,15.251043319702148,-0.36697226762771606
5723,5.074215412139893,3.5637004375457764
5724,10.240107536315918,9.012190818786621
5725,0.08013586699962616,1.2120494842529297
5726,-2.115654468536377,-1.7405301332473755
5727,2.931307315826416,0.3426598906517029
5728,-2.2617249488830566,-1.2385566234588623
5729,-1.548547387123108,-2.140612840652466
5730,7.036158084869385,-3.2584989070892334
5731,-0.279744029045105,0.23794686794281006
5732,6.137835502624512,-9.51874828338623
5733,21.54494857788086,-4.315419673919678
5734,7.290792942047119,1.8910582065582275
5735,-1.0240269899368286,-0.4416707456111908
5736,5.228058338165283,1.7214059829711914
5737,1.1012909412384033,4.3967180252075195
5738,2.443054676055908,10.92546272277832
5739,8.53128719329834,4.398246765136719
5740,0.48559749126434326,3.4954371452331543
5741,-0.647684633731842,1.5058741569519043
5742,-4.0690131187438965,-1.1452648639678955
5743,6.347270488739014,-9.379448890686035
5744,18.853466033935547,-4.998156547546387
5745,11.638449668884277,2.7525975704193115
5746,7.209726810455322,0.28422102332115173
5747,2.332138776779175,-1.0629303455352783
5748,1.7611892223358154,-1.3559033870697021
5749,-3.2733066082000732,0.5484195947647095
5750,-3.4416768550872803,2.8131563663482666
5751,2.845630407333374,-6.669776439666748
5752,-4.424656867980957,1.354356050491333
5753,9.385259628295898,-0.257285475730896
5754,20.441482543945312,-0.0864553228020668
5755,-1.2361085414886475,5.997823715209961
5756,-1.5802606344223022,0.15973052382469177
5757,1.6933088302612305,-2.475132703781128
5758,7.4944353103637695,-2.2728734016418457
5759,3.6337292194366455,3.167371988296509
5760,-2.230307102203369,-2.809458017349243
5761,8.456400871276855,-0.6483590006828308
5762,-4.3163371086120605,-4.3219122886657715
5763,0.8960579037666321,-3.788327932357788
5764,-2.79026198387146,-10.239640235900879
5765,13.004603385925293,-4.345040321350098
5766,-1.4302366971969604,-1.8297340869903564
5767,-12.816731452941895,-5.59193229675293
5768,6.221395969390869,1.435811161994934
5769,0.9395104050636292,-0.8676233887672424
5770,10.042649269104004,-2.7595221996307373
5771,-0.026674702763557434,1.3506464958190918
5772,-0.3124411106109619,1.297071099281311
5773,-4.762732028961182,4.299068450927734
5774,1.3587247133255005,3.6156318187713623
5775,-0.3774147629737854,-9.816718101501465
5776,-1.44254732131958,-2.381460666656494
5777,20.23220443725586,4.768862247467041
5778,2.870281219482422,-5.905362129211426
5779,-4.420270919799805,0.27116766571998596
5780,-4.551144123077393,2.0352423191070557
5781,1.7477599382400513,4.110012054443359
5782,-9.807085990905762,-4.746938705444336
5783,-1.4734923839569092,7.309593677520752
5784,16.313072204589844,10.163426399230957
5785,-5.969523906707764,-3.6807663440704346
5786,-4.385709285736084,2.7040746212005615
5787,-1.8549082279205322,4.8869709968566895
5788,-1.3505301475524902,-1.4556922912597656
5789,-5.442707538604736,2.567901611328125
5790,8.514849662780762,-12.566224098205566
5791,-6.712187767028809,-2.449505567550659
5792,-2.6388723850250244,-2.3784432411193848
5793,13.690291404724121,-1.9303243160247803
5794,1.3781836032867432,-0.21455565094947815
5795,-11.767746925354004,-7.055612564086914
5796,-7.7082977294921875,4.929574012756348
5797,-0.6480163931846619,3.377680540084839
5798,-0.8227095603942871,-1.33356773853302
5799,4.1626057624816895,8.992561340332031
5800,14.386299133300781,2.911280393600464
5801,1.6362513303756714,4.591087818145752
5802,-2.3921821117401123,-13.855690956115723
5803,3.3202357292175293,-5.009263515472412
5804,4.679772853851318,-4.162509918212891
5805,-2.6794581413269043,0.8457024693489075
5806,1.2046749591827393,-4.5429887771606445
5807,6.788084983825684,8.910072326660156
5808,0.9377896189689636,-3.8998005390167236
5809,0.4945129156112671,2.38128662109375
5810,0.31630128622055054,3.5909016132354736
5811,-0.42399948835372925,7.944504261016846
5812,11.563425064086914,6.630858898162842
5813,-4.214454650878906,-2.307011127471924
5814,9.085097312927246,2.3089599609375
5815,-3.7422585487365723,-3.8634655475616455
5816,6.141480445861816,-4.6688642501831055
5817,7.829589366912842,4.828104019165039
5818,0.5094159841537476,5.143524169921875
5819,4.881682872772217,6.400020122528076
5820,-2.31369948387146,-3.4751317501068115
5821,-5.091575622558594,4.086261749267578
5822,-1.63628089427948,3.6192898750305176
5823,2.5485799312591553,4.996819496154785
5824,9.402510643005371,6.750123023986816
5825,1.8001573085784912,-3.7844440937042236
5826,-3.6514856815338135,2.8340208530426025
5827,1.3672559261322021,-4.479311466217041
5828,-1.168576955795288,-4.700268745422363
5829,-7.863366603851318,-5.118034839630127
5830,-0.206985741853714,-0.20608076453208923
5831,1.4186820983886719,0.00877777487039566
5832,-2.9630696773529053,-0.4418174922466278
5833,0.7574322819709778,-13.283763885498047
5834,17.14130973815918,1.1414363384246826
5835,1.0747840404510498,-9.656930923461914
5836,-0.9873420596122742,7.288907051086426
5837,-2.8980488777160645,1.1265830993652344
5838,2.0211172103881836,7.685912132263184
5839,4.68659782409668,1.312240481376648
5840,18.519325256347656,9.208256721496582
5841,4.355623245239258,10.994242668151855
5842,1.034330129623413,-18.05408477783203
5843,3.6104273796081543,-7.117123603820801
5844,5.307338714599609,-8.718409538269043
5845,-4.541820526123047,-12.445513725280762
5846,-5.049847602844238,2.95424747467041
5847,-1.3173326253890991,0.05274222791194916
5848,1.1155884265899658,-0.8132312893867493
5849,-3.91636061668396,3.2144453525543213
5850,-0.7715756297111511,-8.000853538513184
5851,-1.3079192638397217,1.5361613035202026
5852,1.001981258392334,-2.3191311359405518
5853,0.6949341893196106,0.5951035618782043
5854,-5.264003276824951,-3.5812530517578125
5855,5.185369968414307,-10.868570327758789
5856,-2.4147181510925293,-1.123489499092102
5857,-4.1803741455078125,-2.1256937980651855
5858,-6.270662784576416,3.0774338245391846
5859,4.169418811798096,0.4343564212322235
5860,6.044799327850342,9.080270767211914
5861,-3.682584762573242,-1.3912372589111328
5862,2.207674503326416,-2.5259759426116943
5863,12.394335746765137,-0.4955345094203949
5864,13.199170112609863,1.7062032222747803
5865,7.277002334594727,2.727454900741577
5866,-0.25066041946411133,-0.450094610452652
5867,-2.4255635738372803,-1.4304511547088623
5868,-3.127819299697876,-9.446124076843262
5869,0.5788453221321106,-3.4427573680877686
5870,-0.5726211667060852,-1.4774138927459717
5871,-4.314979076385498,0.7283317446708679
5872,9.053215980529785,0.4667930006980896
5873,4.308629512786865,4.326877117156982
5874,11.813590049743652,5.314569473266602
5875,1.9703032970428467,0.26785701513290405
5876,6.005361080169678,1.0836414098739624
5877,-2.1845614910125732,-0.8855290412902832
5878,3.2803142070770264,8.65129280090332
5879,-1.6165831089019775,-19.748550415039062
5880,6.724693775177002,2.3905231952667236
5881,8.375558853149414,6.531735897064209
5882,-1.553428053855896,-2.2922403812408447
5883,3.7584569454193115,8.637417793273926
5884,-2.2357330322265625,-1.4679903984069824
5885,-2.708144426345825,-1.5755951404571533
5886,-1.02520751953125,-3.5749526023864746
5887,16.03192138671875,6.752506256103516
5888,2.5046744346618652,-5.249022960662842
5889,5.044065952301025,0.8600379228591919
5890,-1.0374228954315186,4.280044078826904
5891,10.263524055480957,1.1207749843597412
5892,4.434272289276123,-11.351059913635254
5893,16.737659454345703,2.3248229026794434
5894,14.185043334960938,-8.88609790802002
5895,-6.870856761932373,-12.517446517944336
5896,-2.5752618312835693,0.019355259835720062
5897,3.3239543437957764,-2.9950754642486572
5898,16.400970458984375,5.113222599029541
5899,-0.7782164216041565,0.6813429594039917
5900,-4.560578346252441,2.021125078201294
5901,1.3897194862365723,-1.611184000968933
5902,-1.6717400550842285,6.477629661560059
5903,0.046434685587882996,-2.8145081996917725
5904,-1.9452240467071533,5.554759502410889
5905,1.8942337036132812,-2.479522466659546
5906,-0.7758129835128784,1.708297848701477
5907,-5.488484859466553,2.860124349594116
5908,16.315471649169922,-6.048179626464844
5909,-6.454782962799072,-5.422475814819336
5910,-5.0858917236328125,3.513845205307007
5911,3.084162712097168,-7.201085090637207
5912,-4.68159294128418,1.2356059551239014
5913,1.8228352069854736,4.612795352935791
5914,0.016300126910209656,3.136667490005493
5915,12.54781436920166,8.399611473083496
5916,3.7708899974823,13.114161491394043
5917,-2.383129119873047,0.7728480100631714
5918,15.428812980651855,-6.3006181716918945
5919,17.67662239074707,-2.0781404972076416
5920,3.512301206588745,-6.929714202880859
5921,5.99232816696167,6.47237491607666
5922,19.438709259033203,6.968539714813232
5923,1.3966777324676514,-2.9926180839538574
5924,-10.127861022949219,-5.832416534423828
5925,0.6236487030982971,1.0655571222305298
5926,-1.6958876848220825,-2.0491762161254883
5927,1.4317896366119385,-6.96547269821167
5928,0.062058016657829285,3.5184009075164795
5929,-11.464076042175293,-4.486449241638184
5930,-0.47560548782348633,-3.873324155807495
5931,-2.8033525943756104,6.412357330322266
5932,16.362302780151367,8.509543418884277
5933,5.799781322479248,0.5797240734100342
5934,1.33622407913208,-21.787139892578125
5935,5.285367488861084,15.092167854309082
5936,0.9086684584617615,-12.542496681213379
5937,-4.6250996589660645,-2.299123525619507
5938,1.759800910949707,-6.346681594848633
5939,3.987703561782837,-3.395444393157959
5940,-4.360287189483643,1.5858662128448486
5941,1.277544379234314,-3.3702332973480225
5942,0.6310550570487976,5.056893348693848
5943,0.6932106018066406,-4.202531337738037
5944,-1.5199124813079834,4.983124732971191
5945,-4.098434925079346,-2.294440269470215
5946,-1.2034473419189453,1.2705705165863037
5947,-0.2786996364593506,-3.7300758361816406
5948,3.399531841278076,-6.575590133666992
5949,2.795196294784546,-9.006214141845703
5950,-1.6270670890808105,-1.6379480361938477
5951,4.417144298553467,-12.569737434387207
5952,0.5362804532051086,8.066864967346191
5953,2.267435312271118,2.326719045639038
5954,10.328082084655762,1.0047968626022339
5955,3.3950674533843994,-5.909354209899902
5956,1.7364413738250732,-0.15724343061447144
5957,2.1498639583587646,1.9825637340545654
5958,-2.0230000019073486,-5.662919998168945
5959,-2.101685047149658,-2.725914716720581
5960,0.6405640244483948,6.657588005065918
5961,-2.0994045734405518,-0.9767851829528809
5962,5.433913707733154,8.110430717468262
5963,-4.361818790435791,-4.037830352783203
5964,19.32829475402832,9.534635543823242
5965,-6.084134578704834,-3.9227311611175537
5966,-6.9263739585876465,-19.66373634338379
5967,10.493639945983887,-1.2346919775009155
5968,-3.2719709873199463,0.10347578674554825
5969,20.47671127319336,8.230257987976074
5970,0.26021164655685425,2.230350971221924
5971,-3.0539143085479736,2.4068920612335205
5972,-2.399423122406006,-0.6692093014717102
5973,-0.8899209499359131,0.9680240750312805
5974,-9.1804838180542,-3.75357985496521
5975,12.783675193786621,3.8850934505462646
5976,-1.9531785249710083,-2.3703980445861816
5977,6.883582592010498,-14.103936195373535
5978,15.42819881439209,1.4542542695999146
5979,-3.838294744491577,0.4829087555408478
5980,-10.927644729614258,-5.194697380065918
5981,5.659678936004639,-8.94279670715332
5982,-4.356765270233154,3.2520511150360107
5983,7.499598979949951,-2.721473455429077
5984,-0.6166905760765076,0.4965829849243164
5985,-0.6090275049209595,1.0131269693374634
5986,-4.1465654373168945,0.06355904787778854
5987,-6.008215427398682,-6.1440958976745605
5988,9.980500221252441,4.055937767028809
5989,1.0894372463226318,6.238421440124512
5990,-4.292684555053711,0.5591776371002197
5991,-8.0447359085083,-13.881786346435547
5992,2.089662790298462,3.7278990745544434
5993,-2.1349856853485107,-1.9724845886230469
5994,12.030962944030762,0.8785959482192993
5995,15.214311599731445,-4.3882951736450195
5996,-0.379999577999115,4.8709540367126465
5997,18.545347213745117,-1.2854218482971191
5998,-0.14048917591571808,3.9118311405181885
5999,-5.424382209777832,-2.8207457065582275
6000,18.666282653808594,4.519488334655762
6001,10.55781078338623,-3.6656930446624756
6002,5.6528496742248535,7.038290977478027
6003,-2.9313840866088867,2.768225908279419
6004,1.6808345317840576,-1.0344033241271973
6005,-2.9315340518951416,-5.217369079589844
6006,-0.8621757626533508,0.23584464192390442
6007,3.825730085372925,-6.656163215637207
6008,1.962958812713623,-5.955216884613037
6009,-2.7884888648986816,-1.424461007118225
6010,19.014507293701172,3.7938232421875
6011,-2.7975494861602783,-0.020551063120365143
6012,14.920329093933105,-3.082559823989868
6013,-0.6333699822425842,0.26485374569892883
6014,0.09272535145282745,0.8052505254745483
6015,-1.3426504135131836,7.142347812652588
6016,-0.229066863656044,0.7863948345184326
6017,1.265864610671997,3.2154343128204346
6018,0.35635316371917725,4.204717636108398
6019,1.1759520769119263,-0.5001640319824219
6020,-4.0821685791015625,-3.8224895000457764
6021,3.9406306743621826,-6.6306867599487305
6022,7.054708957672119,-10.574952125549316
6023,0.4557698369026184,-2.6670327186584473
6024,0.17101316154003143,2.6067261695861816
6025,7.977654933929443,0.715099573135376
6026,13.529845237731934,4.684098720550537
6027,1.3158408403396606,-0.3963933289051056
6028,-0.27050846815109253,2.193056344985962
6029,3.998544454574585,-7.870646953582764
6030,-0.8256875872612,6.851418495178223
6031,10.912215232849121,4.51848030090332
6032,-6.780686378479004,-7.266307830810547
6033,-4.8035502433776855,1.9324002265930176
6034,-3.3171699047088623,0.5816813111305237
6035,-4.133477210998535,-0.5354884266853333
6036,12.42785358428955,9.794098854064941
6037,-4.111494064331055,2.3502986431121826
6038,3.718416452407837,2.997408151626587
6039,7.163328647613525,-5.281857013702393
6040,-2.619635581970215,-2.0009829998016357
6041,-0.5462889671325684,1.0808470249176025
6042,-3.2849161624908447,1.4537581205368042
6043,-2.4521634578704834,-1.5428905487060547
6044,-3.2181448936462402,-3.400171995162964
6045,-3.7920644283294678,2.4568049907684326
6046,-1.447878122329712,1.2525861263275146
6047,4.4716057777404785,-8.583793640136719
6048,-0.4797859787940979,1.0247292518615723
6049,-1.6540011167526245,1.3708298206329346
6050,-0.9856093525886536,1.285980463027954
6051,2.0774118900299072,-17.258180618286133
6052,-3.2817189693450928,2.061504364013672
6053,-16.229862213134766,-9.891561508178711
6054,7.086568355560303,-5.654287338256836
6055,-3.5626003742218018,-2.177614450454712
6056,-0.8544482588768005,8.110844612121582
6057,9.51290512084961,5.850282669067383
6058,-0.6811491847038269,1.1710166931152344
6059,-0.7558639645576477,4.444457054138184
6060,2.9339816570281982,-3.9858734607696533
6061,-3.109254837036133,1.9107937812805176
6062,-2.407623767852783,-4.481478691101074
6063,-1.1878464221954346,-0.2151351273059845
6064,4.455354690551758,11.436141967773438
6065,0.9779325127601624,4.763692855834961
6066,3.941629648208618,-0.7244458198547363
6067,-0.4439677596092224,-2.43449068069458
6068,0.6663476824760437,-3.220879316329956
6069,10.72286605834961,2.072854518890381
6070,1.2862129211425781,1.699952244758606
6071,-1.940480351448059,-9.662857055664062
6072,1.423248529434204,-4.310239315032959
6073,7.782740592956543,-11.414904594421387
6074,2.517401695251465,-5.553876876831055
6075,8.676417350769043,3.0197198390960693
6076,2.250760316848755,6.584978103637695
6077,0.8678078055381775,-4.01911735534668
6078,3.8797008991241455,4.938766956329346
6079,-8.652949333190918,-1.908337116241455
6080,2.861776351928711,-1.6360783576965332
6081,-3.253357172012329,4.6249799728393555
6082,11.824446678161621,1.483726978302002
6083,7.001922607421875,7.406383037567139
6084,-4.321244239807129,-3.3953607082366943
6085,-0.5529718995094299,0.3346395790576935
6086,1.0706899166107178,-0.3557460606098175
6087,-0.39452165365219116,0.5060350298881531
6088,2.8908193111419678,0.3823266923427582
6089,-2.140028476715088,-2.0142922401428223
6090,-0.35336560010910034,1.8154221773147583
6091,8.09301471710205,2.597376585006714
6092,-6.6697001457214355,-2.1303467750549316
6093,7.670766830444336,-15.89582347869873
6094,-1.0362728834152222,1.444252848625183
6095,10.436957359313965,6.940765380859375
6096,-1.3891522884368896,6.954741477966309
6097,-1.105818510055542,8.024401664733887
6098,10.632594108581543,-0.3918716609477997
6099,0.19778220355510712,2.6650636196136475
6100,-1.1019561290740967,-2.020158290863037
6101,13.392515182495117,-5.263432025909424
6102,8.111401557922363,-4.101424217224121
6103,-0.8407795429229736,3.3584728240966797
6104,1.1397159099578857,-3.4346117973327637
6105,-0.33467334508895874,4.573665142059326
6106,10.77698040008545,4.032933235168457
6107,-2.487137794494629,-0.900882363319397
6108,6.606629848480225,-4.773306369781494
6109,2.2855384349823,1.8777720928192139
6110,11.160235404968262,-5.874660491943359
6111,-2.448681116104126,-2.4870285987854004
6112,-1.4143247604370117,5.263160228729248
6113,2.008531093597412,1.8681138753890991
6114,-6.255310535430908,4.012085437774658
6115,-8.289810180664062,3.836022138595581
6116,-2.746253490447998,-2.008201837539673
6117,3.4891579151153564,-2.5276753902435303
6118,5.505008697509766,6.43569278717041
6119,0.8651484847068787,4.427549362182617
6120,-3.051504373550415,1.9920380115509033
6121,-10.919636726379395,-4.521286487579346
6122,-7.931532382965088,-11.464766502380371
6123,17.292640686035156,8.200977325439453
6124,-1.429088830947876,-1.425437569618225
6125,-8.057673454284668,-4.328345775604248
6126,-0.08626314252614975,-0.051463671028614044
6127,-1.4594358205795288,-1.1361362934112549
6128,-1.5439931154251099,5.107054233551025
6129,-1.5316567420959473,-0.37382540106773376
6130,-8.807891845703125,5.831990718841553
6131,4.306626319885254,3.1592094898223877
6132,-8.934544563293457,-6.5150909423828125
6133,10.96402645111084,4.701571464538574
6134,4.767783164978027,2.202139139175415
6135,-0.2691124677658081,0.32096946239471436
6136,2.008674383163452,0.5445050597190857
6137,-5.715981960296631,2.9052841663360596
6138,0.8356024622917175,1.8897370100021362
6139,-13.421372413635254,-11.635956764221191
6140,-3.384233236312866,-1.799867868423462
6141,4.2063140869140625,-1.9465579986572266
6142,11.839903831481934,4.686022758483887
6143,-5.232100963592529,1.9476732015609741
6144,6.329555511474609,2.847764730453491
6145,-1.12830650806427,6.817645072937012
6146,3.1605398654937744,5.341007709503174
6147,2.4666354656219482,4.818183898925781
6148,3.031503200531006,-1.877121090888977
6149,5.624989986419678,14.774252891540527
6150,1.8148524761199951,-3.9067437648773193
6151,-5.013352870941162,-2.171038866043091
6152,-4.626062870025635,1.3677434921264648
6153,6.425816059112549,-4.2715959548950195
6154,-3.904571294784546,0.0028652027249336243
6155,-5.317470073699951,-10.50357723236084
6156,18.06378936767578,-3.252577066421509
6157,4.20585823059082,-1.9096384048461914
6158,2.646796464920044,3.023474931716919
6159,-3.0952980518341064,-0.2622448801994324
6160,9.861510276794434,1.6840636730194092
6161,-3.253278970718384,-1.6436221599578857
6162,6.294839382171631,3.8296144008636475
6163,16.391448974609375,1.0581960678100586
6164,-2.921130657196045,-0.863110363483429
6165,-0.18572671711444855,4.657187461853027
6166,5.4679951667785645,0.16093496978282928
6167,-0.9894123673439026,-1.653932809829712
6168,15.42476749420166,2.9695217609405518
6169,6.131779193878174,-9.74817180633545
6170,-0.3133332133293152,3.109219551086426
6171,9.744331359863281,9.087546348571777
6172,-1.725538969039917,-2.5958099365234375
6173,0.6126020550727844,3.002877712249756
6174,-1.2837450504302979,1.3502026796340942
6175,-1.3360052108764648,1.2463510036468506
6176,6.176208019256592,2.1486058235168457
6177,2.151106119155884,-2.5975775718688965
6178,-0.6008941531181335,-2.001481056213379
6179,-1.946128487586975,5.795947074890137
6180,0.817689836025238,9.458370208740234
6181,2.158440351486206,-4.319857120513916
6182,0.19029979407787323,-2.3397176265716553
6183,0.42427897453308105,0.2942231297492981
6184,4.921539783477783,-10.966645240783691
6185,-6.449825286865234,-15.02880573272705
6186,0.045869991183280945,-10.407641410827637
6187,3.073899745941162,8.971529960632324
6188,-6.069606304168701,3.763672351837158
6189,1.5049834251403809,5.2417683601379395
6190,-0.7929545640945435,-0.1758074164390564
6191,-4.403326988220215,-1.0480408668518066
6192,-2.615065813064575,-3.820652484893799
6193,0.49017608165740967,-2.7637460231781006
6194,3.382427453994751,-5.605807304382324
6195,6.6978254318237305,-3.474055528640747
6196,5.347684383392334,-2.6903891563415527
6197,1.2117376327514648,-3.314119577407837
6198,10.918123245239258,-1.2582921981811523
6199,-5.740841388702393,-5.256674766540527
6200,-0.7619766592979431,3.965346574783325
6201,-1.3083409070968628,0.021524526178836823
6202,3.2952778339385986,6.527310371398926
6203,-2.187567949295044,-2.972994327545166
6204,7.219521522521973,8.990438461303711
6205,0.27961230278015137,-0.353170782327652
6206,0.050321370363235474,-2.562736749649048
6207,-0.6016474962234497,0.897778332233429
6208,-3.1797523498535156,1.356526255607605
6209,6.58397912979126,-2.045398712158203
6210,-1.672961950302124,8.015369415283203
6211,17.089580535888672,7.648048400878906
6212,-2.0165555477142334,0.9258394241333008
6213,7.861790180206299,-3.475778579711914
6214,-1.5805821418762207,5.954468727111816
6215,-1.715861201286316,8.190033912658691
6216,8.082062721252441,-0.2742699384689331
6217,3.9704415798187256,-2.6273772716522217
6218,-3.2354495525360107,-3.4109649658203125
6219,2.518998861312866,4.114336013793945
6220,6.5093674659729,-7.31003475189209
6221,-2.0733184814453125,-2.3335869312286377
6222,-3.464369535446167,1.2208315134048462
6223,0.42204344272613525,-0.1939423680305481
6224,-1.4292676448822021,7.00050163269043
6225,-0.8704602122306824,-5.795654296875
6226,11.4113187789917,0.7941740155220032
6227,12.750123023986816,2.3306376934051514
6228,-1.5913972854614258,1.6906572580337524
6229,-7.4519500732421875,-5.553675651550293
6230,3.384101152420044,8.123970031738281
6231,2.581230878829956,-4.406842231750488
6232,-0.348839670419693,0.05967535823583603
6233,1.1435704231262207,-3.2685680389404297
6234,-2.675977945327759,-10.184491157531738
6235,-4.720860958099365,-3.271193265914917
6236,-9.63017749786377,-3.7809908390045166
6237,0.8204922080039978,3.9482548236846924
6238,1.337551236152649,-7.668783187866211
6239,5.675718784332275,2.8481228351593018
6240,-1.43703031539917,8.288287162780762
6241,-3.5634782314300537,3.5263559818267822
6242,-3.8958866596221924,3.199662446975708
6243,-1.1683353185653687,6.314943313598633
6244,-4.311982154846191,5.872753620147705
6245,9.118265151977539,3.3575279712677
6246,-0.06821002066135406,2.3258137702941895
6247,1.3022233247756958,0.9932948350906372
6248,-0.24439091980457306,7.631504058837891
6249,4.677039623260498,6.750347137451172
6250,11.43472957611084,0.21476465463638306
6251,1.8254057168960571,-2.2600111961364746
6252,-1.3128405809402466,-1.5888476371765137
6253,1.047142744064331,-2.0429341793060303
6254,3.8021202087402344,0.8944602012634277
6255,11.037139892578125,6.91840934753418
6256,-7.990790843963623,4.3135085105896
6257,1.6638870239257812,2.8682031631469727
6258,-0.4055016040802002,-0.43487969040870667
6259,-0.5812897086143494,3.4109303951263428
6260,-3.7727158069610596,2.3138599395751953
6261,10.207900047302246,2.31292462348938
6262,8.990578651428223,1.8148744106292725
6263,-0.2040272206068039,0.19873909652233124
6264,-1.3392895460128784,6.004223823547363
6265,-0.19910641014575958,2.3897085189819336
6266,-0.4716256260871887,-0.1057124212384224
6267,-3.8078975677490234,1.1895869970321655
6268,5.640652179718018,-3.1670353412628174
6269,2.165065050125122,1.3878389596939087
6270,-0.2260250598192215,8.172652244567871
6271,5.0026116371154785,-7.78726863861084
6272,-7.0481085777282715,2.7391271591186523
6273,0.5737175941467285,-1.7731136083602905
6274,1.8037655353546143,-0.17902889847755432
6275,-1.0854288339614868,5.75678014755249
6276,0.5095875263214111,3.3082900047302246
6277,1.5994938611984253,-3.1097490787506104
6278,-5.640079021453857,-4.953549385070801
6279,-3.021345853805542,2.270037889480591
6280,-1.8466428518295288,0.9752389192581177
6281,4.378718852996826,-8.0758695602417
6282,1.1304843425750732,0.04134642332792282
6283,-0.1935751885175705,-2.385843276977539
6284,-1.909613013267517,-2.256253719329834
6285,-6.52686882019043,-3.547813892364502
6286,-5.337591171264648,1.930925726890564
6287,-3.9162790775299072,-2.7243764400482178
6288,-6.01237678527832,-12.750866889953613
6289,-2.1472790241241455,3.097353219985962
6290,4.159531593322754,11.029396057128906
6291,-3.301299571990967,1.980698585510254
6292,10.116772651672363,2.6781351566314697
6293,-3.9525692462921143,1.0580885410308838
6294,-10.673684120178223,-4.843010902404785
6295,-1.8848958015441895,-1.1255569458007812
6296,1.7276337146759033,4.672940731048584
6297,0.29558265209198,3.475781202316284
6298,4.443549633026123,-2.7964141368865967
6299,-1.3937525749206543,4.260232448577881
6300,2.522613048553467,7.534527778625488
6301,2.2737743854522705,0.18596404790878296
6302,-2.567502975463867,-1.2717653512954712
6303,1.8439509868621826,0.15230792760849
6304,16.271717071533203,4.335432529449463
6305,-0.9391240477561951,1.2312781810760498
6306,3.1616532802581787,-0.6250052452087402
6307,2.4550812244415283,10.411530494689941
6308,2.8531439304351807,1.0785434246063232
6309,0.6190745234489441,-2.263075351715088
6310,1.8350696563720703,2.077928066253662
6311,5.17158317565918,-9.413607597351074
6312,-4.726393222808838,2.274973154067993
6313,9.07061767578125,0.27354636788368225
6314,-1.5394721031188965,-1.7130417823791504
6315,14.06342601776123,3.9750633239746094
6316,6.698922634124756,6.1013312339782715
6317,-4.564897537231445,-2.498229742050171
6318,13.353102684020996,0.4364152252674103
6319,19.55320930480957,3.952399492263794
6320,11.042557716369629,6.021333694458008
6321,12.543198585510254,-0.9470615386962891
6322,7.410464763641357,0.44556769728660583
6323,2.7591044902801514,-2.1655633449554443
6324,14.536375999450684,1.9697670936584473
6325,-6.996639728546143,-20.606243133544922
6326,1.2841850519180298,-4.5441412925720215
6327,0.6694501042366028,4.060886859893799
6328,3.79491925239563,-6.554315567016602
6329,-1.4086573123931885,-1.2019888162612915
6330,-3.4945857524871826,2.0839524269104004
6331,-4.349895477294922,-5.023855686187744
6332,-5.333119869232178,3.4034526348114014
6333,4.833759784698486,-10.785609245300293
6334,-8.006819725036621,-4.560426235198975
6335,0.700066864490509,-6.039727210998535
6336,0.2736549973487854,2.275811195373535
6337,3.3434336185455322,-11.31153392791748
6338,-1.4895589351654053,5.505359172821045
6339,-4.097926616668701,-1.2062915563583374
6340,-3.335848569869995,2.102156639099121
6341,12.97414493560791,3.677673101425171
6342,-4.870882511138916,-4.61232852935791
6343,-1.6216899156570435,7.623305320739746
6344,11.146154403686523,-1.0545248985290527
6345,0.219796821475029,-7.5897216796875
6346,-0.3718823790550232,0.7842767238616943
6347,-3.4877779483795166,0.35751619935035706
6348,8.89576530456543,0.6618191003799438
6349,-5.982238292694092,-3.682591438293457
6350,13.13315200805664,3.3146908283233643
6351,-2.9035146236419678,-11.40408706665039
6352,1.7747843265533447,6.624528884887695
6353,2.616472005844116,-1.3655881881713867
6354,-7.680899620056152,-26.434120178222656
6355,16.246875762939453,6.713672637939453
6356,0.2912922501564026,-6.105783462524414
6357,0.016399160027503967,-0.9200839996337891
6358,4.515771865844727,-1.9394807815551758
6359,9.857630729675293,2.501281976699829
6360,-2.5213382244110107,-0.6448580622673035
6361,-1.2492835521697998,6.744148254394531
6362,-0.8614650368690491,1.1309492588043213
6363,-1.757928490638733,-1.2511460781097412
6364,-2.5488433837890625,0.3388529419898987
6365,1.0839664936065674,9.138601303100586
6366,-1.699053168296814,1.5692131519317627
6367,1.1370242834091187,5.160482406616211
6368,-2.172199010848999,0.14951598644256592
6369,1.4102897644042969,10.324136734008789
6370,-0.32893091440200806,-6.123602867126465
6371,2.592778444290161,-6.851499557495117
6372,4.493118762969971,7.320624351501465
6373,20.143360137939453,7.541840553283691
6374,8.331692695617676,7.970278263092041
6375,1.9938445091247559,7.226880073547363
6376,-6.371973991394043,-2.066711187362671
6377,14.991740226745605,2.366830825805664
6378,-4.420145511627197,-6.412006855010986
6379,1.7860571146011353,0.2545468211174011
6380,0.1604934185743332,4.177392959594727
6381,-1.7416149377822876,-1.6666712760925293
6382,14.347395896911621,9.643258094787598
6383,-3.596867322921753,1.35819411277771
6384,-5.559864521026611,2.5965352058410645
6385,6.092978000640869,-11.818547248840332
6386,3.2349154949188232,-2.3499505519866943
6387,-4.421842098236084,2.6387693881988525
6388,-3.132415294647217,-0.29569676518440247
6389,-12.984786033630371,-5.284581184387207
6390,19.338701248168945,9.911871910095215
6391,3.300974130630493,-3.0055737495422363
6392,14.20983600616455,3.180168867111206
6393,5.914073467254639,7.835306167602539
6394,0.05950707197189331,0.11320366710424423
6395,-0.5056292414665222,1.163864016532898
6396,-3.1286849975585938,-3.422243356704712
6397,0.3760092854499817,4.431395053863525
6398,-10.073046684265137,-6.409967422485352
6399,8.680670738220215,-9.3395357131958
6400,-0.9902997612953186,1.1184403896331787
6401,13.693747520446777,4.5703277587890625
6402,-4.21863317489624,2.0100440979003906
6403,-2.574045181274414,-1.988987684249878
6404,-2.7469048500061035,-3.2688164710998535
6405,6.702399730682373,5.4861555099487305
6406,3.5747249126434326,7.388899803161621
6407,-1.9030683040618896,6.624386787414551
6408,3.9125730991363525,11.590043067932129
6409,8.627669334411621,-12.455520629882812
6410,-2.2179088592529297,-2.7552578449249268
6411,-1.3194319009780884,0.4327596127986908
6412,2.673931360244751,-7.882036209106445
6413,3.207958936691284,-7.300538063049316
6414,4.667675018310547,13.428020477294922
6415,5.997289180755615,9.468756675720215
6416,11.46335506439209,9.545145034790039
6417,4.731630325317383,3.1394739151000977
6418,7.9730048179626465,1.6404954195022583
6419,5.37011194229126,4.05265474319458
6420,7.509898662567139,10.251627922058105
6421,4.179640769958496,-0.9990764856338501
6422,1.9960172176361084,2.76965069770813
6423,-10.147068977355957,-2.723289728164673
6424,11.640578269958496,-7.958479881286621
6425,7.627797603607178,13.607537269592285
6426,1.340234398841858,5.188209533691406
6427,3.2150771617889404,5.605185508728027
6428,14.893393516540527,0.9110350608825684
6429,-3.140763282775879,-1.1694910526275635
6430,3.713568687438965,0.94732666015625
6431,19.409833908081055,10.625565528869629
6432,-6.101378917694092,-1.7127313613891602
6433,-0.1310989409685135,7.379952430725098
6434,-1.1377699375152588,7.05178689956665
6435,-0.42645174264907837,0.6242721080780029
6436,5.805180549621582,1.3862565755844116
6437,-5.766736030578613,-2.872640609741211
6438,-0.9983437657356262,-0.5157326459884644
6439,0.5152976512908936,3.940873861312866
6440,-0.7424018979072571,-0.23257234692573547
6441,-4.298912525177002,-3.792487382888794
6442,2.5924837589263916,2.5037734508514404
6443,7.109553813934326,9.24344539642334
6444,-3.2998464107513428,1.724562406539917
6445,-6.013960361480713,4.731104850769043
6446,-1.1131092309951782,-1.212284803390503
6447,-0.026852533221244812,-0.9519515037536621
6448,20.650089263916016,8.045000076293945
6449,11.897924423217773,9.241766929626465
6450,-4.237069606781006,-2.0483217239379883
6451,7.284692764282227,-10.816868782043457
6452,-10.4778413772583,-10.00143814086914
6453,0.4443950653076172,-4.954885959625244
6454,3.3152217864990234,-3.332151174545288
6455,4.712173938751221,-9.101434707641602
6456,2.5538411140441895,4.798279762268066
6457,7.695777416229248,9.755926132202148
6458,5.554264545440674,-5.619351387023926
6459,-9.072731971740723,-16.55074691772461
6460,-11.985017776489258,-6.762702465057373
6461,3.1683154106140137,-7.797695159912109
6462,-0.00036759674549102783,4.843669891357422
6463,1.5194673538208008,1.092565894126892
6464,4.184767246246338,-2.701183795928955
6465,-18.961891174316406,-9.86440658569336
6466,-2.8512651920318604,-1.0472196340560913
6467,17.773523330688477,0.3460034728050232
6468,6.220570087432861,4.060610771179199
6469,2.711017370223999,4.902350902557373
6470,3.9198877811431885,-9.010509490966797
6471,-3.173304796218872,2.213212728500366
6472,-3.9598870277404785,-1.3656792640686035
6473,-5.108928203582764,3.1245739459991455
6474,-3.831378936767578,-1.7221006155014038
6475,2.5923664569854736,-6.2955427169799805
6476,12.474392890930176,-7.80832052230835
6477,1.5977272987365723,-0.5587069392204285
6478,-0.31682223081588745,0.37635624408721924
6479,5.096103668212891,-9.113524436950684
6480,-7.146102428436279,-7.781440258026123
6481,-2.3234875202178955,-1.9712660312652588
6482,-7.35826301574707,-1.8378843069076538
6483,19.43389129638672,7.0165486335754395
6484,-0.4261297583580017,7.904623031616211
6485,0.9079844355583191,0.14079967141151428
6486,1.207353115081787,6.462995529174805
6487,2.5903334617614746,-7.245362281799316
6488,-2.397408962249756,0.8734471797943115
6489,0.9252251982688904,0.8598938584327698
6490,2.0690906047821045,8.149958610534668
6491,1.7446889877319336,-10.495404243469238
6492,-2.5613913536071777,-1.3046382665634155
6493,-3.064429759979248,-3.2323405742645264
6494,-4.391978740692139,-6.7433552742004395
6495,1.6633460521697998,-4.383947849273682
6496,12.069975852966309,-3.9182498455047607
6497,6.8964314460754395,2.2389681339263916
6498,3.742372512817383,0.04130060225725174
6499,7.828176021575928,0.030381344258785248
6500,-1.7174406051635742,0.10406913608312607
6501,16.35485076904297,10.798657417297363
6502,-4.361599445343018,2.4855501651763916
6503,-1.2444179058074951,-21.147438049316406
6504,-4.692074775695801,-4.416110992431641
6505,15.48476791381836,-5.71558952331543
6506,5.1270365715026855,-2.591310501098633
6507,20.84825897216797,8.686419486999512
6508,1.9566364288330078,-4.931821346282959
6509,4.527266979217529,-4.42507266998291
6510,-2.7496767044067383,-1.6295973062515259
6511,14.047776222229004,8.193955421447754
6512,6.463918209075928,1.0214978456497192
6513,-1.6552516222000122,-1.4431102275848389
6514,-2.9156289100646973,-13.672717094421387
6515,1.408961296081543,-6.0330963134765625
6516,2.4211642742156982,10.381945610046387
6517,19.160127639770508,10.158806800842285
6518,-0.034265801310539246,2.366450071334839
6519,-0.2655273675918579,2.3390371799468994
6520,4.936548709869385,1.9152202606201172
6521,5.624754905700684,-11.426156044006348
6522,-14.121298789978027,-11.527872085571289
6523,-2.350372314453125,2.356870651245117
6524,0.2589566111564636,-0.3387849032878876
6525,0.9661136269569397,8.277510643005371
6526,4.566481590270996,-10.003681182861328
6527,10.296244621276855,6.580222129821777
6528,4.139779567718506,-0.6712141036987305
6529,-0.3105201721191406,0.7319316864013672
6530,-16.005355834960938,-7.860966682434082
6531,-0.7077544927597046,0.5030194520950317
6532,4.867802143096924,-3.70400071144104
6533,-7.628303050994873,-26.19779396057129
6534,-3.880272388458252,2.5823681354522705
6535,-3.7310378551483154,3.6284730434417725
6536,17.928104400634766,1.7596021890640259
6537,0.5096800923347473,0.044386737048625946
6538,2.1477479934692383,1.9266927242279053
6539,-15.13942813873291,-18.930160522460938
6540,15.178120613098145,7.999834060668945
6541,8.188253402709961,14.2705659866333
6542,2.4405908584594727,-5.929920196533203
6543,-3.20548939704895,-2.3282668590545654
6544,0.6450282335281372,-2.6528542041778564
6545,-4.736763954162598,1.0574172735214233
6546,6.118705749511719,15.968623161315918
6547,3.189666748046875,2.2847397327423096
6548,7.139376640319824,-10.704758644104004
6549,-0.2339915931224823,-0.3924567401409149
6550,-8.055099487304688,-6.936694145202637
6551,1.7622770071029663,4.416282653808594
6552,-4.904834270477295,-1.9318418502807617
6553,-0.5508235096931458,5.183050155639648
6554,-3.89481258392334,0.0688200518488884
6555,3.195347309112549,-1.4303550720214844
6556,-0.8188834190368652,-1.4190045595169067
6557,8.293848991394043,4.1119914054870605
6558,-8.951370239257812,-2.7981207370758057
6559,-3.470449209213257,1.9517717361450195
6560,-0.893002450466156,7.9918317794799805
6561,-7.4175591468811035,3.077275037765503
6562,4.766424655914307,-0.6121577620506287
6563,-2.19401478767395,-8.929055213928223
6564,0.1834276169538498,1.5766561031341553
6565,-7.961543083190918,-18.27682876586914
6566,3.917576551437378,2.3741142749786377
6567,-6.780216693878174,-5.928844451904297
6568,-1.6319059133529663,-8.79007625579834
6569,15.824213981628418,4.975974082946777
6570,8.934828758239746,7.564237594604492
6571,-1.1304105520248413,3.7246062755584717
6572,0.006706491112709045,-0.9904211759567261
6573,21.456920623779297,8.228371620178223
6574,-1.3450382947921753,-1.3292498588562012
6575,-3.717088460922241,1.2462389469146729
6576,20.45716094970703,6.537668228149414
6577,-0.2062639743089676,2.424422264099121
6578,7.08739709854126,-2.7201015949249268
6579,-0.6348726153373718,-2.35522723197937
6580,-2.3407862186431885,1.2487552165985107
6581,2.83129620552063,3.9546074867248535
6582,2.166201591491699,9.250504493713379
6583,-2.229177951812744,-2.718909740447998
6584,3.5297858715057373,7.845210075378418
6585,1.0322518348693848,3.0819928646087646
6586,9.424100875854492,-1.594775676727295
6587,4.826390743255615,-5.477437496185303
6588,-3.6807892322540283,-1.200768232345581
6589,0.2632372975349426,-2.3188560009002686
6590,3.1981699466705322,-3.741811752319336
6591,-10.950699806213379,-7.501184940338135
6592,-2.517082691192627,-2.5356099605560303
6593,3.3645193576812744,0.1435059756040573
6594,12.660268783569336,1.6809974908828735
6595,-5.103226184844971,2.775242805480957
6596,-1.3604297637939453,2.8289153575897217
6597,-4.533299922943115,-1.5693069696426392
6598,1.53797447681427,-0.5710066556930542
6599,-1.3776729106903076,0.5771484375
6600,-0.2787293791770935,-0.43669477105140686
6601,-5.653884410858154,2.459190845489502
6602,-2.8175551891326904,1.8528202772140503
6603,9.275105476379395,5.884451866149902
6604,1.9064877033233643,6.590597152709961
6605,-13.174725532531738,-5.794510364532471
6606,-7.222261905670166,-6.773151874542236
6607,-2.9700429439544678,1.2415635585784912
6608,0.9748310446739197,-7.654294490814209
6609,-3.5077364444732666,0.04249241203069687
6610,-0.44071757793426514,2.907057762145996
6611,-2.252638101577759,-8.406584739685059
6612,-0.7031211853027344,-1.718550205230713
6613,0.5962610840797424,4.59904146194458
6614,-7.3404860496521,-17.19802474975586
6615,0.9741335511207581,-11.240389823913574
6616,0.17890791594982147,3.4084928035736084
6617,0.3215789198875427,6.290282249450684
6618,8.210801124572754,10.257400512695312
6619,2.0351438522338867,-2.7102224826812744
6620,6.3893256187438965,-9.632235527038574
6621,-6.380092144012451,-6.67605447769165
6622,-6.122653007507324,2.906190872192383
6623,-5.070212364196777,-1.6812976598739624
6624,-8.286273956298828,-8.5885591506958
6625,-2.14389967918396,0.5401464700698853
6626,-1.058663249015808,2.453505039215088
6627,4.369543075561523,6.873084545135498
6628,1.3431740999221802,2.762265920639038
6629,-7.274325847625732,-4.024446964263916
6630,-2.1667890548706055,0.6033939719200134
6631,1.0755491256713867,8.3057861328125
6632,-1.3880605697631836,8.39947509765625
6633,12.40770435333252,3.023176908493042
6634,-1.4489673376083374,-2.129544258117676
6635,-0.6908640265464783,1.387879490852356
6636,-12.564038276672363,-7.109277725219727
6637,18.899185180664062,2.536792039871216
6638,-5.218066215515137,3.2297756671905518
6639,-3.0419163703918457,-2.980074644088745
6640,-2.717543840408325,4.1776204109191895
6641,1.1643216609954834,-0.549576997756958
6642,2.5122230052948,-2.848790168762207
6643,-4.529772758483887,-4.989596366882324
6644,0.010800018906593323,-1.2915621995925903
6645,3.037815809249878,-3.78521466255188
6646,-2.357032537460327,4.325279235839844
6647,4.505702018737793,-0.7726460695266724
6648,3.7743899822235107,0.6736821532249451
6649,-5.9264235496521,4.9683942794799805
6650,-0.0029245465993881226,-0.38837960362434387
6651,-1.0999491214752197,7.907341957092285
6652,6.784343242645264,-1.4723186492919922
6653,-1.2024831771850586,4.378122806549072
6654,-1.0617583990097046,-0.8262431025505066
6655,7.422195911407471,3.013093948364258
6656,-3.4048149585723877,-3.1851806640625
6657,5.5629072189331055,0.7604058384895325
6658,-0.7096149325370789,7.810437202453613
6659,-1.7023305892944336,7.3032073974609375
6660,17.385526657104492,-3.12855863571167
6661,21.81739616394043,3.3297667503356934
6662,-3.7718732357025146,-9.027765274047852
6663,4.8151445388793945,0.5939539074897766
6664,0.06102524697780609,0.4899600148200989
6665,2.843691825866699,3.179487466812134
6666,3.2480576038360596,-1.771154522895813
6667,-0.5733435750007629,3.3530569076538086
6668,-0.07578739523887634,0.27721476554870605
6669,-1.5871248245239258,6.231285572052002
6670,0.5117587447166443,2.10092830657959
6671,3.079878330230713,0.6990294456481934
6672,-0.07875283062458038,-1.1654001474380493
6673,1.027189016342163,4.572948932647705
6674,3.4582831859588623,-6.037680625915527
6675,5.22091817855835,3.4085311889648438
6676,-3.213503122329712,-1.1104360818862915
6677,7.836731433868408,4.474796295166016
6678,-9.39128303527832,-6.88075065612793
6679,2.2697694301605225,-0.671111524105072
6680,3.442870855331421,-8.071455001831055
6681,-0.03346675634384155,0.3126872479915619
6682,-5.493544101715088,-5.621643543243408
6683,-2.676226854324341,7.219022274017334
6684,-2.483105182647705,1.5629758834838867
6685,2.901385545730591,2.091991901397705
6686,-5.2530670166015625,-9.97889232635498
6687,17.023338317871094,-6.542790412902832
6688,-4.1295881271362305,0.7638075351715088
6689,20.194337844848633,10.724183082580566
6690,-3.4059865474700928,-1.8479865789413452
6691,-0.7944400906562805,1.0963152647018433
6692,-0.4189895987510681,0.7507166862487793
6693,6.577586650848389,0.9826982021331787
6694,8.826979637145996,-12.755749702453613
6695,-9.133252143859863,-3.3580758571624756
6696,1.493586540222168,-0.007271222770214081
6697,2.198444366455078,5.7562947273254395
6698,11.025212287902832,1.9454123973846436
6699,-0.9255350232124329,2.6826207637786865
6700,-1.9629037380218506,-1.9970247745513916
6701,1.42462956905365,-4.751134395599365
6702,-3.0651609897613525,1.4705963134765625
6703,-1.247254490852356,2.062220811843872
6704,12.739142417907715,10.226025581359863
6705,8.2921724319458,-15.543068885803223
6706,-1.0787171125411987,2.4916834831237793
6707,17.204761505126953,-3.3015925884246826
6708,-0.31901663541793823,-0.43111345171928406
6709,1.9902105331420898,-6.01845645904541
6710,4.765374660491943,7.245730876922607
6711,4.151893615722656,-8.773167610168457
6712,7.449573040008545,9.720637321472168
6713,0.7495054006576538,-6.334001064300537
6714,-2.966583013534546,4.653724193572998
6715,2.0733702182769775,-5.959816932678223
6716,-0.6651606559753418,-0.5800839066505432
6717,3.1077096462249756,1.6831302642822266
6718,-1.2153979539871216,-0.9157379865646362
6719,-5.401159763336182,-5.384947776794434
6720,22.208927154541016,11.25214672088623
6721,-4.0381574630737305,1.9255445003509521
6722,-0.5572119355201721,-1.4339938163757324
6723,-3.599881172180176,-4.356637477874756
6724,3.660334348678589,-8.502264976501465
6725,0.6440286040306091,-3.864814519882202
6726,3.2268121242523193,-7.304203987121582
6727,-0.776134192943573,8.020906448364258
6728,-4.169018268585205,2.1603567600250244
6729,6.238453388214111,1.3178393840789795
6730,16.499387741088867,2.411046028137207
6731,0.15920208394527435,-2.8250389099121094
6732,5.195786952972412,-11.066880226135254
6733,-5.042874813079834,-7.884693622589111
6734,-0.22842355072498322,3.0423779487609863
6735,-3.5055460929870605,2.1691744327545166
6736,0.7599070072174072,-2.2484612464904785
6737,1.4647548198699951,-0.9735080003738403
6738,2.313011884689331,2.384744882583618
6739,-4.634300708770752,-8.7114896774292
6740,-0.45006507635116577,-17.638648986816406
6741,-1.4256304502487183,7.101118564605713
6742,-0.02168382704257965,1.420898199081421
6743,10.887297630310059,-1.0408849716186523
6744,-6.622679233551025,-1.9807486534118652
6745,-4.39768648147583,-2.8006317615509033
6746,-5.614358901977539,-3.2555081844329834
6747,-3.300956964492798,7.3664350509643555
6748,17.99393081665039,5.930240631103516
6749,-11.733549118041992,-9.858826637268066
6750,-3.9539175033569336,-11.058087348937988
6751,5.868028163909912,1.6523377895355225
6752,-15.37113094329834,-14.297904014587402
6753,19.063608169555664,9.349183082580566
6754,0.6844376921653748,0.2654642164707184
6755,4.609822750091553,-0.12450777739286423
6756,-6.640733242034912,3.3800957202911377
6757,1.8504409790039062,5.5665435791015625
6758,2.2859981060028076,-1.2901053428649902
6759,-1.0627809762954712,6.545479774475098
6760,7.4983110427856445,-3.908439874649048
6761,5.048247814178467,9.372431755065918
6762,1.5067379474639893,-6.354082107543945
6763,-0.5581803917884827,1.6514078378677368
6764,7.557002544403076,12.23474407196045
6765,-7.769035816192627,4.189620018005371
6766,-2.8946945667266846,1.7311338186264038
6767,-4.951352596282959,-2.0426454544067383
6768,-2.4802169799804688,0.020241469144821167
6769,1.1232144832611084,1.7048125267028809
6770,-0.9751209616661072,2.2261154651641846
6771,12.903325080871582,1.3526073694229126
6772,-1.172310709953308,0.04162677377462387
6773,12.827166557312012,6.618653774261475
6774,-2.9025235176086426,4.095113754272461
6775,5.221719264984131,-3.762603521347046
6776,-4.9096174240112305,-4.525826930999756
6777,0.5757637619972229,-4.505043029785156
6778,-2.1191673278808594,4.274457931518555
6779,0.5541194081306458,6.396508693695068
6780,7.376039981842041,-5.200008392333984
6781,-3.705883026123047,3.1886250972747803
6782,14.045816421508789,11.021203994750977
6783,2.05531644821167,7.984430313110352
6784,7.32114839553833,2.6297101974487305
6785,-1.5173327922821045,-2.21168851852417
6786,-4.1111273765563965,3.6538634300231934
6787,11.154524803161621,4.209320068359375
6788,0.5126990675926208,-0.26860740780830383
6789,5.298892498016357,-2.694173574447632
6790,-1.9523309469223022,5.530244827270508
6791,9.349958419799805,-9.3893461227417
6792,2.032799243927002,-3.2993245124816895
6793,-1.231318473815918,-2.1026744842529297
6794,-4.616352558135986,-4.440911769866943
6795,1.3674705028533936,4.391823768615723
6796,1.9134483337402344,-4.735459804534912
6797,2.0493884086608887,-0.11361593753099442
6798,5.599640369415283,2.344849109649658
6799,5.075372695922852,-9.331841468811035
6800,-5.477027416229248,-3.786254405975342
6801,20.844955444335938,9.850403785705566
6802,18.768417358398438,2.313275098800659
6803,1.5264792442321777,-4.775474548339844
6804,4.68264102935791,10.374855995178223
6805,5.694031238555908,3.9356095790863037
6806,4.531300067901611,0.5778079032897949
6807,0.4000815749168396,-0.39954373240470886
6808,-4.319953918457031,-6.331937789916992
6809,-6.0358734130859375,-3.671069622039795
6810,0.22752319276332855,0.08023019880056381
6811,1.449901819229126,1.15041983127594
6812,7.198952674865723,-3.8627638816833496
6813,-0.38558077812194824,0.05363759025931358
6814,-2.3606057167053223,-0.9360674619674683
6815,-0.6748592257499695,-1.4602826833724976
6816,-1.9221711158752441,-7.971879005432129
6817,-0.7535356879234314,-2.812049627304077
6818,-9.79521656036377,-4.520827293395996
6819,-3.1678884029388428,1.9466789960861206
6820,-6.516095161437988,-11.299311637878418
6821,-1.534609317779541,-1.5730899572372437
6822,2.105496883392334,-8.674386024475098
6823,3.1876466274261475,0.2987140417098999
6824,-3.6130380630493164,1.3464281558990479
6825,-6.6424431800842285,4.63434362411499
6826,1.1506484746932983,2.41912579536438
6827,5.920975208282471,-1.4455952644348145
6828,-2.4687914848327637,-3.0175929069519043
6829,2.3025619983673096,-0.8817899227142334
6830,-2.7012388706207275,1.6306686401367188
6831,3.6790528297424316,-10.277536392211914
6832,0.1000058501958847,-0.8974834680557251
6833,-3.925138235092163,-1.898773193359375
6834,1.4615390300750732,8.565240859985352
6835,4.086771488189697,-0.9884023666381836
6836,-1.434178352355957,-2.2237889766693115
6837,1.094877004623413,-3.7587921619415283
6838,-1.8244898319244385,-1.7135727405548096
6839,0.6725712418556213,1.2861195802688599
6840,2.1411237716674805,-6.057499885559082
6841,-3.542137861251831,3.3355062007904053
6842,5.27224588394165,-3.188162088394165
6843,1.203382968902588,-3.017141580581665
6844,8.119643211364746,5.574134826660156
6845,-0.7408699989318848,0.12953662872314453
6846,4.29234504699707,13.496230125427246
6847,7.507076263427734,1.7125128507614136
6848,-0.3565874695777893,3.633462905883789
6849,-0.5315772891044617,2.4124531745910645
6850,3.2009823322296143,9.65678882598877
6851,0.2353775054216385,1.1284574270248413
6852,3.260228157043457,-6.054469108581543
6853,-1.4251046180725098,6.902026176452637
6854,3.640306234359741,1.0901447534561157
6855,10.268815040588379,4.921886920928955
6856,-7.415567874908447,-2.7453582286834717
6857,2.417630910873413,10.34215259552002
6858,1.6648285388946533,-2.456388473510742
6859,-2.478069543838501,-0.9072909355163574
6860,-0.30440759658813477,-0.8093103766441345
6861,-2.811893939971924,-2.479858160018921
6862,5.048753261566162,-1.4213521480560303
6863,1.361482858657837,9.391337394714355
6864,-11.630242347717285,-5.738225936889648
6865,-1.7604626417160034,-1.719036340713501
6866,15.159651756286621,3.5550601482391357
6867,-1.2372735738754272,3.144763708114624
6868,1.0723708868026733,-1.669477939605713
6869,-0.32929545640945435,0.0008390992879867554
6870,-0.184665709733963,-2.085632085800171
6871,6.268852710723877,5.419844627380371
6872,3.3499741554260254,-1.6073123216629028
6873,5.430896759033203,-8.216620445251465
6874,-5.666636943817139,-3.7436182498931885
6875,-9.238879203796387,-23.184406280517578
6876,-3.0740480422973633,-9.690765380859375
6877,4.272949695587158,-9.16849422454834
6878,-0.914152979850769,0.9278218746185303
6879,0.8136388659477234,3.9427740573883057
6880,5.255510330200195,-9.973530769348145
6881,-0.1209622472524643,-2.525089979171753
6882,3.649589776992798,-6.913392066955566
6883,-2.9880001544952393,-1.6747384071350098
6884,-0.9127530455589294,1.3805067539215088
6885,-1.7637653350830078,3.2356622219085693
6886,-0.11934469640254974,-2.860598564147949
6887,-3.7762181758880615,-1.7425612211227417
6888,-4.017229080200195,-13.237027168273926
6889,-9.861026763916016,-2.8176658153533936
6890,1.0376417636871338,2.666501522064209
6891,8.579523086547852,2.156388521194458
6892,-0.5733590722084045,0.13648554682731628
6893,-2.7897121906280518,1.6858068704605103
6894,8.660873413085938,-3.3898446559906006
6895,-4.077455043792725,-3.2949702739715576
6896,2.459212064743042,-5.931918144226074
6897,-4.853912353515625,2.2665560245513916
6898,-2.9843647480010986,1.1929035186767578
6899,2.280446767807007,2.8495399951934814
6900,7.7831315994262695,-11.826298713684082
6901,1.23692786693573,9.106266975402832
6902,-4.564228534698486,-4.0073323249816895
6903,-2.362962007522583,-2.46517014503479
6904,-3.5351901054382324,-1.8016376495361328
6905,13.78069019317627,-3.1311419010162354
6906,6.245223045349121,-1.4742684364318848
6907,13.692042350769043,7.05471134185791
6908,3.7909464836120605,-2.641864061355591
6909,0.01571182906627655,3.520663022994995
6910,4.402746677398682,-1.7202527523040771
6911,-1.9152888059616089,5.193120002746582
6912,-1.159547209739685,-1.0623810291290283
6913,-1.9992637634277344,-2.304598569869995
6914,0.6287838220596313,-0.19953548908233643
6915,4.831902980804443,2.835047960281372
6916,3.4534146785736084,7.39302921295166
6917,14.43725299835205,8.956380844116211
6918,1.3797073364257812,5.0236053466796875
6919,-11.750763893127441,-5.585603713989258
6920,10.716141700744629,-3.3526670932769775
6921,18.99956512451172,2.8077950477600098
6922,18.924453735351562,5.067043781280518
6923,0.11581183969974518,0.6102088689804077
6924,-5.387340068817139,3.059717893600464
6925,7.803130626678467,13.802563667297363
6926,-9.181177139282227,5.3639936447143555
6927,-4.613421440124512,-4.415970802307129
6928,-2.23311448097229,-9.896180152893066
6929,-0.705865740776062,-1.9145846366882324
6930,-0.9165292978286743,-1.2718653678894043
6931,-0.16794486343860626,8.521858215332031
6932,-0.3623126149177551,0.1276111900806427
6933,3.596156120300293,1.817043423652649
6934,6.704564571380615,-5.487696647644043
6935,0.19431714713573456,-1.9373512268066406
6936,6.7070536613464355,2.8746020793914795
6937,18.895641326904297,4.1242265701293945
6938,16.257715225219727,2.576195240020752
6939,-2.749208450317383,-0.47649839520454407
6940,-2.25451922416687,2.774271011352539
6941,5.679494380950928,1.0259358882904053
6942,0.30165374279022217,-0.8290019631385803
6943,-5.482300758361816,-5.738500118255615
6944,5.655699253082275,6.859709739685059
6945,-2.890685796737671,0.5200968384742737
6946,12.752135276794434,-2.1244137287139893
6947,-1.5975382328033447,4.754215478897095e-05
6948,3.853922128677368,2.9981935024261475
6949,21.4273738861084,-0.22590962052345276
6950,0.2877577543258667,1.6162080764770508
6951,-1.367687463760376,-4.0062456130981445
6952,5.518484592437744,13.794880867004395
6953,-4.974026203155518,-14.449697494506836
6954,2.29018497467041,-0.5971487760543823
6955,22.07956886291504,9.831676483154297
6956,-12.660890579223633,-17.708967208862305
6957,-3.6047017574310303,1.4193042516708374
6958,-1.5195144414901733,-1.9836554527282715
6959,-5.514617443084717,3.209961414337158
6960,1.667508602142334,-3.9325716495513916
6961,-2.6545519828796387,-0.6131442785263062
6962,3.3665103912353516,-6.783551216125488
6963,-2.368504285812378,0.7267311811447144
6964,-10.930010795593262,-9.672080993652344
6965,7.643904209136963,-3.29630970954895
6966,5.003629684448242,-2.9754340648651123
6967,6.822250843048096,2.5354654788970947
6968,1.373237133026123,3.8999273777008057
6969,0.10572271049022675,7.658951759338379
6970,-8.278456687927246,-2.5297186374664307
6971,-1.578883409500122,6.373356342315674
6972,2.0488531589508057,4.679471015930176
6973,-1.9542686939239502,-1.8178590536117554
6974,-2.774719715118408,-3.3760714530944824
6975,-0.7500335574150085,-2.068251848220825
6976,10.627358436584473,1.5546464920043945
6977,-0.9374417662620544,7.444849491119385
6978,-0.7387225031852722,0.8241336345672607
6979,5.269382953643799,-9.311915397644043
6980,-3.3338797092437744,-12.397500038146973
6981,-0.7197221517562866,0.7296828031539917
6982,-7.561672687530518,-21.398923873901367
6983,-1.5471618175506592,0.8847529292106628
6984,-1.1904150247573853,-1.2257018089294434
6985,-9.126691818237305,-6.435343265533447
6986,-3.77107834815979,0.23165622353553772
6987,-1.7929613590240479,-1.6682716608047485
6988,2.6433746814727783,-1.8943357467651367
6989,-4.893836498260498,-9.032267570495605
6990,3.9875009059906006,9.662321090698242
6991,2.3277270793914795,-4.613284587860107
6992,8.025351524353027,5.593923568725586
6993,0.5558528900146484,4.452356338500977
6994,-1.726898193359375,-1.171613335609436
6995,-0.3448396325111389,-1.9247040748596191
6996,-2.841970682144165,1.6733717918395996
6997,-1.0634746551513672,1.1514121294021606
6998,2.479219675064087,-2.2238776683807373
6999,6.6462202072143555,-3.2837374210357666
7000,-5.93610143661499,-4.170767307281494
7001,-1.068838357925415,5.196722984313965
7002,-0.28227442502975464,1.0639760494232178
7003,-4.592872142791748,-3.720280647277832
7004,-2.1583847999572754,2.1233294010162354
7005,14.05451488494873,-1.1117920875549316
7006,-4.498815059661865,-2.6014695167541504
7007,-0.7248665690422058,-2.185027599334717
7008,-0.14207617938518524,0.2787700593471527
7009,-2.9969499111175537,-3.3640804290771484
7010,1.331461787223816,-5.817465782165527
7011,-1.6309314966201782,-2.1528592109680176
7012,-8.275466918945312,-4.211893081665039
7013,11.512250900268555,6.09600830078125
7014,-1.5594292879104614,0.3241383135318756
7015,4.635695934295654,-8.555624008178711
7016,-1.4826878309249878,3.4628732204437256
7017,1.845339059829712,-10.293400764465332
7018,0.780592143535614,4.883296966552734
7019,1.0251579284667969,-2.1241722106933594
7020,-5.1029372215271,-3.5819783210754395
7021,2.2305591106414795,-1.8743412494659424
7022,9.081795692443848,-0.03173654526472092
7023,-1.9168974161148071,-3.0234835147857666
7024,-1.826345443725586,-0.7196042537689209
7025,5.170678615570068,14.962454795837402
7026,-2.9370975494384766,-3.4843082427978516
7027,3.8765947818756104,-3.4555881023406982
7028,1.6871031522750854,1.0016975402832031
7029,-2.984750986099243,-2.8882434368133545
7030,12.64547061920166,0.9623490571975708
7031,-4.822140216827393,2.8419134616851807
7032,-1.7225090265274048,-1.0648725032806396
7033,-1.648498773574829,-0.9683014154434204
7034,6.0526604652404785,-9.385985374450684
7035,-9.617921829223633,-15.438249588012695
7036,-2.5749945640563965,-2.289360284805298
7037,-5.878015041351318,3.781026601791382
7038,-0.05584082007408142,-0.7261277437210083
7039,-3.1535146236419678,-0.9453650712966919
7040,-1.5484861135482788,-1.3732267618179321
7041,11.953595161437988,4.058816909790039
7042,-3.4424936771392822,-11.598258018493652
7043,0.47538167238235474,4.238612174987793
7044,-2.479386806488037,1.5281094312667847
7045,-0.4791732430458069,0.6233521103858948
7046,2.5245418548583984,-4.599320888519287
7047,-1.4851841926574707,-2.106876850128174
7048,0.39695918560028076,1.543271780014038
7049,3.0682311058044434,5.863377571105957
7050,17.512569427490234,-1.1238776445388794
7051,2.796156883239746,-0.4538167417049408
7052,-1.3857109546661377,1.1869533061981201
7053,-3.346139430999756,0.9066890478134155
7054,-3.1454312801361084,-4.49653959274292
7055,7.81294584274292,10.296778678894043
7056,-5.90570592880249,-2.27933931350708
7057,-1.6283453702926636,5.471403121948242
7058,1.0818138122558594,-0.7548595070838928
7059,7.040518283843994,-1.550270438194275
7060,-0.6939483284950256,1.728044867515564
7061,1.4148825407028198,2.8228251934051514
7062,18.041791915893555,-3.3765861988067627
7063,7.167685031890869,8.455925941467285
7064,-3.9190587997436523,-1.571563482284546
7065,0.985251247882843,2.1871564388275146
7066,-1.1071984767913818,-1.3331276178359985
7067,5.147413730621338,0.4663473069667816
7068,-3.704470157623291,-1.6131383180618286
7069,9.139836311340332,2.7998695373535156
7070,-1.928287148475647,7.202980041503906
7071,0.6034982800483704,-9.667628288269043
7072,9.490496635437012,0.6086919903755188
7073,0.3583295941352844,5.4253249168396
7074,0.5373366475105286,-22.30834197998047
7075,1.172550082206726,-4.423165321350098
7076,10.54173469543457,-1.1854431629180908
7077,5.776490211486816,-1.6492338180541992
7078,-3.6791985034942627,0.4522254765033722
7079,-0.7303481698036194,2.336033821105957
7080,-1.3932366371154785,5.969015121459961
7081,-2.9512994289398193,2.172051191329956
7082,1.5081840753555298,-4.122509002685547
7083,0.44538480043411255,7.028055191040039
7084,-2.525038480758667,0.9988893270492554
7085,-3.9557297229766846,-0.16242048144340515
7086,1.4912424087524414,-4.001379013061523
7087,13.762133598327637,7.0915207862854
7088,5.853243827819824,-3.070791244506836
7089,-7.1348137855529785,-2.7791786193847656
7090,15.08251667022705,-0.29078784584999084
7091,1.9633820056915283,-2.848200798034668
7092,-1.9244189262390137,0.21961930394172668
7093,0.7516666054725647,4.054550647735596
7094,-10.945457458496094,-3.8282644748687744
7095,-0.5495600700378418,0.9756993055343628
7096,10.405695915222168,-3.7340049743652344
7097,10.969552040100098,4.628408432006836
7098,-3.0016677379608154,4.428736686706543
7099,-2.014267921447754,-0.6320086121559143
7100,-8.833319664001465,6.639798164367676
7101,-5.5910491943359375,-2.1778388023376465
7102,8.257538795471191,-0.6639341711997986
7103,1.9990284442901611,2.764580726623535
7104,1.0322788953781128,9.031288146972656
7105,1.5570948123931885,-4.071676254272461
7106,2.8207790851593018,2.208883285522461
7107,-1.4695172309875488,0.9341187477111816
7108,0.37427979707717896,-6.962053298950195
7109,0.43206948041915894,1.8685822486877441
7110,5.836884021759033,7.760560512542725
7111,20.60883140563965,8.767739295959473
7112,2.1448874473571777,1.86505126953125
7113,-0.583635151386261,0.3845299780368805
7114,16.12755584716797,4.241158485412598
7115,2.4908266067504883,-7.518463134765625
7116,-2.088749647140503,0.9880340695381165
7117,0.356697142124176,-2.8361122608184814
7118,4.3037896156311035,7.853849411010742
7119,-2.138124942779541,-1.6672494411468506
7120,7.649991989135742,-4.329860210418701
7121,2.538839817047119,-1.9516186714172363
7122,-2.9329636096954346,-3.6909358501434326
7123,0.27426403760910034,-2.4181787967681885
7124,6.692410945892334,2.8743646144866943
7125,-3.0361809730529785,-1.1827781200408936
7126,-1.7038427591323853,0.5430601239204407
7127,2.8654537200927734,-5.119510173797607
7128,-0.47076672315597534,2.27648663520813
7129,2.934138536453247,2.990443229675293
7130,0.8267233967781067,-3.762075662612915
7131,4.017100811004639,-0.5694878101348877
7132,-2.53316593170166,1.673558235168457
7133,1.765088677406311,1.081813097000122
7134,4.5648698806762695,-4.534283638000488
7135,2.2110822200775146,-2.760176420211792
7136,16.35126495361328,9.319916725158691
7137,8.358997344970703,-8.73990535736084
7138,0.4075244665145874,1.9326915740966797
7139,1.9460933208465576,-4.707606315612793
7140,-4.253299713134766,8.09924030303955
7141,14.309788703918457,1.1393505334854126
7142,8.645655632019043,0.5224378705024719
7143,7.893136501312256,-7.920340538024902
7144,2.3460428714752197,-5.858318328857422
7145,4.012274742126465,6.312089920043945
7146,15.407196044921875,0.827161431312561
7147,5.0255126953125,0.6347827911376953
7148,4.461585998535156,7.768843650817871
7149,-8.755497932434082,-3.3017847537994385
7150,0.5211158394813538,7.795721054077148
7151,-5.03784704208374,2.7693631649017334
7152,-2.27135968208313,-2.0896995067596436
7153,1.3879587650299072,0.7095367908477783
7154,8.387269020080566,-8.749634742736816
7155,-3.590132474899292,1.5348665714263916
7156,-4.99179744720459,2.705980062484741
7157,10.808825492858887,-6.832416534423828
7158,-4.51082706451416,-11.637238502502441
7159,2.242760181427002,10.182106971740723
7160,1.1670032739639282,4.438141822814941
7161,7.101741790771484,-12.125677108764648
7162,-1.245431900024414,6.263373374938965
7163,3.727281332015991,-1.776690125465393
7164,-2.617783784866333,-5.5304646492004395
7165,-2.811399221420288,-8.57131576538086
7166,6.20964241027832,-10.233748435974121
7167,21.333213806152344,9.529316902160645
7168,6.993319988250732,2.5314204692840576
7169,-1.1441513299942017,4.023138523101807
7170,4.5240607261657715,12.024476051330566
7171,-0.518933117389679,1.4083949327468872
7172,-3.818671464920044,1.1065794229507446
7173,-6.965132236480713,-15.275115013122559
7174,22.515995025634766,11.059334754943848
7175,-2.867940664291382,-11.072541236877441
7176,-2.690347909927368,-9.868170738220215
7177,3.17905855178833,-7.186308860778809
7178,-1.0916361808776855,0.7110671997070312
7179,8.371916770935059,3.5957367420196533
7180,0.5772603154182434,1.8065105676651
7181,-5.752727031707764,5.391962051391602
7182,16.713314056396484,-10.079516410827637
7183,-0.38350003957748413,5.258098602294922
7184,3.8512632846832275,-7.677109718322754
7185,0.09792022407054901,-13.613714218139648
7186,7.436608791351318,5.858645439147949
7187,3.78302264213562,6.560558319091797
7188,19.489578247070312,10.823216438293457
7189,1.2400051355361938,-4.026860237121582
7190,-0.461028516292572,-5.789356231689453
7191,1.5470190048217773,1.3639706373214722
7192,2.0659918785095215,8.712862968444824
7193,-17.630210876464844,-10.07103443145752
7194,16.968341827392578,4.665216445922852
7195,-1.9700788259506226,-0.1547241508960724
7196,-1.1977875232696533,5.551534652709961
7197,-2.6743595600128174,-0.7195664048194885
7198,12.02515697479248,9.741069793701172
7199,0.16988836228847504,-4.674726963043213
7200,0.9572791457176208,-0.0646604672074318
7201,1.9477832317352295,9.587920188903809
7202,-2.305521011352539,-0.03414729982614517
7203,-3.0829172134399414,0.7538106441497803
7204,-0.5641080737113953,1.5200936794281006
7205,-0.2854761481285095,0.9843376278877258
7206,-0.2933780550956726,8.1565523147583
7207,2.236180067062378,-1.4500494003295898
7208,-6.688769817352295,3.095512628555298
7209,-3.664839506149292,-3.7193756103515625
7210,11.360882759094238,1.0891865491867065
7211,1.958195447921753,1.8591943979263306
7212,-6.90703821182251,-14.514033317565918
7213,-0.33156102895736694,3.7627713680267334
7214,-3.0968129634857178,3.8345131874084473
7215,-0.6901813745498657,1.241768479347229
7216,-0.5231826901435852,1.70746910572052
7217,-5.063850402832031,-1.4456977844238281
7218,6.796574115753174,10.72313404083252
7219,-4.616447925567627,1.5129027366638184
7220,5.014867305755615,0.048081301152706146
7221,1.6731226444244385,8.436317443847656
7222,4.034406661987305,-4.110030651092529
7223,0.8392898440361023,7.1554179191589355
7224,-1.281184434890747,-1.5348581075668335
7225,6.249441623687744,7.779610633850098
7226,-2.407088041305542,-11.150606155395508
7227,2.4881644248962402,-5.7830305099487305
7228,1.3236579895019531,-4.023298263549805
7229,-2.3114547729492188,-2.9311795234680176
7230,-7.393335819244385,-6.598629951477051
7231,-2.739179849624634,3.6913013458251953
7232,-0.09058244526386261,4.069719314575195
7233,0.8332639336585999,-3.5572664737701416
7234,-4.8163909912109375,-10.332200050354004
7235,4.124371528625488,-1.2558237314224243
7236,-4.244957447052002,-2.1773998737335205
7237,1.6437172889709473,1.0838291645050049
7238,6.64596700668335,5.951912879943848
7239,14.940953254699707,6.385955333709717
7240,4.199286460876465,2.237426280975342
7241,7.570178985595703,-6.208393096923828
7242,-3.56831693649292,-0.6739412546157837
7243,-0.7434696555137634,-1.5977734327316284
7244,3.3132705688476562,-6.668878555297852
7245,-1.8198668956756592,-2.3870749473571777
7246,1.7732579708099365,-4.589001655578613
7247,5.011270046234131,0.7031861543655396
7248,-5.604153156280518,-6.859565258026123
7249,-2.0124337673187256,-1.0385477542877197
7250,1.7966282367706299,-4.544100761413574
7251,1.4969830513000488,0.9572257995605469
7252,-3.127429723739624,-0.6205341815948486
7253,18.377431869506836,9.71077823638916
7254,0.553800106048584,-3.251067876815796
7255,-2.187361717224121,-0.34661027789115906
7256,0.2495736926794052,1.492539882659912
7257,-5.306568622589111,2.490900993347168
7258,18.557537078857422,8.073123931884766
7259,11.165873527526855,-2.8096792697906494
7260,-0.2612023949623108,-2.01935076713562
7261,7.422211647033691,8.680459022521973
7262,4.126733779907227,-8.31743049621582
7263,-0.4854033589363098,1.5284907817840576
7264,18.473289489746094,0.9412831664085388
7265,-12.170268058776855,-5.923144340515137
7266,9.010109901428223,-1.066699743270874
7267,-12.90389347076416,-4.616328239440918
7268,1.902707815170288,6.708456993103027
7269,2.4264461994171143,1.5463125705718994
7270,-1.0318880081176758,8.002874374389648
7271,-2.0901007652282715,6.1689453125
7272,-4.155187129974365,-8.10352897644043
7273,-7.440884113311768,-3.2724807262420654
7274,0.4491574168205261,0.4756048619747162
7275,-3.303755044937134,1.6378746032714844
7276,1.0543969869613647,6.980504035949707
7277,0.7749046087265015,-5.540034294128418
7278,1.5979183912277222,-4.720790863037109
7279,17.068382263183594,-2.077741861343384
7280,4.035436630249023,4.388711929321289
7281,7.400528907775879,2.479423761367798
7282,3.5674545764923096,-1.147587537765503
7283,4.82306432723999,-8.26425838470459
7284,14.787610054016113,4.92514181137085
7285,-2.4367549419403076,-1.0722798109054565
7286,3.7544214725494385,0.6961746215820312
7287,-2.9162065982818604,2.265150785446167
7288,6.661487102508545,-7.376486778259277
7289,1.082369327545166,-4.383251190185547
7290,-1.630604863166809,-2.023486614227295
7291,5.381378650665283,14.864980697631836
7292,11.544608116149902,2.54931902885437
7293,-3.9910213947296143,3.158527135848999
7294,4.719076633453369,13.483320236206055
7295,2.893934488296509,-0.19874981045722961
7296,15.5382661819458,-5.409222602844238
7297,-4.940247058868408,-1.6168010234832764
7298,6.110524654388428,7.1150007247924805
7299,-0.14163292944431305,2.3683273792266846
7300,-1.4586628675460815,-2.616751194000244
7301,3.6774473190307617,6.133880615234375
7302,0.47735416889190674,-1.2136629819869995
7303,17.2576904296875,-3.0337469577789307
7304,-3.2901179790496826,2.2510905265808105
7305,6.614525318145752,-5.782041549682617
7306,-2.42223858833313,-0.7354750633239746
7307,-2.0388646125793457,4.223557472229004
7308,-10.64488697052002,-8.776436805725098
7309,12.948354721069336,-2.0247557163238525
7310,16.08884620666504,4.6425676345825195
7311,-1.7557631731033325,-1.3149678707122803
7312,-13.862557411193848,-6.867196083068848
7313,-7.481476783752441,-2.5335311889648438
7314,-11.85116958618164,-12.753340721130371
7315,-10.626832008361816,-4.91379451751709
7316,-3.0744216442108154,-0.798230767250061
7317,-4.5247039794921875,1.1174616813659668
7318,-1.123387336730957,0.4901179075241089
7319,3.7965261936187744,0.2891746461391449
7320,-5.528031826019287,-3.3440399169921875
7321,1.5846936702728271,-0.6472409963607788
7322,-3.8405587673187256,1.1244478225708008
7323,0.5078644156455994,0.7611072659492493
7324,-3.9989173412323,-1.2997957468032837
7325,13.284769058227539,-0.9149692058563232
7326,-4.96661901473999,2.5242812633514404
7327,3.933504343032837,-0.2813233435153961
7328,-1.8047010898590088,-1.5584161281585693
7329,0.9698482155799866,-6.002764701843262
7330,-5.728841304779053,4.402535915374756
7331,-0.21419551968574524,0.7421532273292542
7332,0.7619202733039856,4.430293083190918
7333,-2.6697769165039062,-1.5477045774459839
7334,-0.9357065558433533,1.2551214694976807
7335,5.528747081756592,-1.3400596380233765
7336,-4.950835704803467,2.3218226432800293
7337,-2.154573917388916,5.064084053039551
7338,1.282680869102478,-1.3713923692703247
7339,-3.4590556621551514,1.8980896472930908
7340,10.473525047302246,-6.741701126098633
7341,-4.721948146820068,-16.042037963867188
7342,19.461509704589844,-2.9849252700805664
7343,1.1304123401641846,0.9351049661636353
7344,3.122082233428955,2.828200101852417
7345,-1.9777042865753174,-0.9608827829360962
7346,-1.7795625925064087,-0.3169304430484772
7347,-3.782853603363037,-8.670408248901367
7348,-1.6130304336547852,-1.3730589151382446
7349,-3.5369598865509033,-1.7970592975616455
7350,2.9152755737304688,0.25306275486946106
7351,-2.0929458141326904,-1.255341649055481
7352,14.601438522338867,2.1916987895965576
7353,3.29771089553833,-3.0030174255371094
7354,-0.8356467485427856,0.9428099989891052
7355,-1.5159356594085693,8.401098251342773
7356,5.264986991882324,14.971317291259766
7357,-0.15967991948127747,0.9108912944793701
7358,0.26496803760528564,-0.5390967726707458
7359,-2.7898898124694824,1.7186143398284912
7360,-4.418283462524414,0.5338749885559082
7361,1.8504939079284668,-0.7313241958618164
7362,0.8040356040000916,-2.8641879558563232
7363,-2.4340109825134277,1.4918166399002075
7364,-1.569139838218689,0.4060933291912079
7365,2.1789262294769287,0.9525320529937744
7366,0.3947129249572754,-2.632091760635376
7367,10.744871139526367,-5.0845046043396
7368,-2.2343037128448486,-1.1310124397277832
7369,0.6056647300720215,0.07317834347486496
7370,0.22991161048412323,7.176605224609375
7371,0.8973535895347595,-7.82707405090332
7372,-1.5541977882385254,-2.1567065715789795
7373,0.49283158779144287,3.502373456954956
7374,-3.2913081645965576,-0.44625791907310486
7375,20.702295303344727,10.526322364807129
7376,9.859650611877441,-0.019531868398189545
7377,0.08752213418483734,1.7019822597503662
7378,1.230316400527954,7.345618724822998
7379,-0.3648606538772583,-2.2782280445098877
7380,-0.24763771891593933,0.009416192770004272
7381,2.1159474849700928,-1.845761775970459
7382,-0.13767631351947784,2.4561564922332764
7383,-5.0914435386657715,2.227590799331665
7384,1.9880139827728271,-13.45414924621582
7385,-10.367278099060059,-3.844290256500244
7386,0.11751966178417206,-6.17549467086792
7387,-2.483814001083374,-2.281907558441162
7388,5.349959850311279,1.6682482957839966
7389,-13.83060073852539,-16.0389347076416
7390,-0.5886582136154175,0.5661748051643372
7391,4.247957706451416,-1.518061637878418
7392,5.089097499847412,-2.8721625804901123
7393,1.4863314628601074,-1.9173800945281982
7394,1.6538959741592407,4.184361457824707
7395,-1.0382788181304932,3.709700345993042
7396,-0.027443602681159973,-7.109023571014404
7397,-1.5331664085388184,1.2035475969314575
7398,0.45190703868865967,1.6321154832839966
7399,-5.266834735870361,3.0637238025665283
7400,5.718832969665527,-0.6681382656097412
7401,8.916864395141602,7.822320938110352
7402,-0.48050713539123535,-3.9371535778045654
7403,1.8335134983062744,0.3319637179374695
7404,-0.99842768907547,5.938660621643066
7405,5.385712146759033,-9.682281494140625
7406,-3.0590579509735107,2.1826651096343994
7407,-3.113048791885376,2.0490784645080566
7408,-1.986724853515625,1.9132479429244995
7409,23.11946678161621,-2.602154493331909
7410,-1.5761926174163818,3.2370097637176514
7411,3.7825071811676025,-6.881479263305664
7412,-3.8939568996429443,-18.468482971191406
7413,-6.203639984130859,-20.851978302001953
7414,-0.35243403911590576,0.6935226917266846
7415,-0.13597334921360016,3.6775779724121094
7416,-0.3111414909362793,1.331699013710022
7417,-4.905782222747803,-9.691965103149414
7418,-2.3102641105651855,-7.645895481109619
7419,1.7727054357528687,-6.149070739746094
7420,-5.224418640136719,-5.354254245758057
7421,20.791126251220703,-0.6436840295791626
7422,-2.2991886138916016,-3.2677886486053467
7423,6.199910640716553,3.362518548965454
7424,0.5802411437034607,5.7722578048706055
7425,-1.6427308320999146,-2.0787346363067627
7426,16.2336483001709,6.2687788009643555
7427,5.893055438995361,-8.823688507080078
7428,-6.209347724914551,5.809394359588623
7429,-3.6999289989471436,-2.4807322025299072
7430,17.63490867614746,6.391148567199707
7431,-4.602358341217041,-1.406487226486206
7432,-0.4896487593650818,-8.9719877243042
7433,-0.249494269490242,2.5934746265411377
7434,0.6886948943138123,2.289396047592163
7435,13.17366886138916,-2.269137382507324
7436,3.9059345722198486,0.6666719913482666
7437,3.095503568649292,7.257858753204346
7438,-13.421399116516113,-17.476360321044922
7439,12.520806312561035,4.657087802886963
7440,-3.7271053791046143,1.258359670639038
7441,7.580498218536377,-11.5217866897583
7442,6.126825332641602,8.354710578918457
7443,21.165891647338867,-0.870102047920227
7444,-1.935738205909729,-4.103387832641602
7445,4.1425628662109375,4.5841193199157715
7446,-0.09017498046159744,-0.49506905674934387
7447,-1.7046566009521484,-2.751249313354492
7448,-0.7062690854072571,0.05919072404503822
7449,10.359694480895996,-0.7264792323112488
7450,1.785982608795166,-4.903668403625488
7451,-1.9504765272140503,0.9335228204727173
7452,12.555798530578613,10.149459838867188
7453,4.275656223297119,12.14647388458252
7454,-3.5865535736083984,0.6548572182655334
7455,0.30850523710250854,-0.44053635001182556
7456,2.756495714187622,0.7873351573944092
7457,-11.05159854888916,-5.274563789367676
7458,13.895214080810547,2.776336908340454
7459,4.845895290374756,6.712085723876953
7460,-4.10296630859375,2.563314199447632
7461,6.315359592437744,11.220559120178223
7462,-7.306853771209717,7.629339694976807
7463,3.761134386062622,-8.281713485717773
7464,-3.3543899059295654,3.3171370029449463
7465,-0.8162909746170044,1.6388262510299683
7466,-4.934595584869385,2.4097254276275635
7467,0.39901095628738403,-0.29945898056030273
7468,-3.6714179515838623,-1.9323756694793701
7469,-0.46056050062179565,1.2273070812225342
7470,-8.445755004882812,4.461443901062012
7471,-3.168149709701538,2.407548666000366
7472,5.0853095054626465,0.423431932926178
7473,-3.516432523727417,-0.1385004222393036
7474,0.7658089399337769,-3.3673384189605713
7475,2.636681318283081,4.572890281677246
7476,-4.488081932067871,-12.111881256103516
7477,-3.336099624633789,-1.3476369380950928
7478,-0.9077296853065491,4.919093608856201
7479,-1.139866590499878,-3.8612754344940186
7480,1.394661545753479,-7.282594680786133
7481,4.704049587249756,5.092784881591797
7482,2.807149887084961,11.37182903289795
7483,-2.746262550354004,-0.4415017068386078
7484,1.529327392578125,-5.794574737548828
7485,8.035662651062012,4.922584533691406
7486,3.437692403793335,0.35194820165634155
7487,-2.0674996376037598,-0.6059145331382751
7488,2.9352872371673584,-6.518762588500977
7489,2.3675732612609863,-9.269392967224121
7490,-2.2282896041870117,1.2974345684051514
7491,5.923635959625244,11.93239688873291
7492,3.458134889602661,-8.464140892028809
7493,4.933333873748779,4.218099594116211
7494,0.6623284816741943,0.014473550021648407
7495,0.22421567142009735,2.4083707332611084
7496,-0.7675872445106506,0.9547775983810425
7497,-1.9188041687011719,-2.944596290588379
7498,1.5900671482086182,-0.6312732696533203
7499,-5.222138404846191,4.093857288360596
7500,-1.3532003164291382,0.7853521704673767
7501,-2.456502914428711,-0.27588582038879395
7502,3.1400444507598877,-1.7002218961715698
7503,-3.593125581741333,-1.7518794536590576
7504,2.203200340270996,-6.1675124168396
7505,1.7846521139144897,-4.716583251953125
7506,1.7199742794036865,-4.649863243103027
7507,-0.08569426834583282,-3.8858885765075684
7508,1.5824187994003296,8.054173469543457
7509,-2.1277530193328857,-6.3733930587768555
7510,-5.049478530883789,7.535167694091797
7511,-14.850074768066406,-14.322025299072266
7512,4.110441207885742,-7.839271545410156
7513,-1.580126404762268,0.6941279172897339
7514,-3.300931453704834,0.985294759273529
7515,-0.3284347653388977,-3.34472918510437
7516,-2.277355909347534,0.9919961094856262
7517,3.540024757385254,-2.3924076557159424
7518,1.3730266094207764,-3.7316529750823975
7519,4.068440914154053,-8.6816987991333
7520,9.39113998413086,9.054890632629395
7521,-0.6698407530784607,-12.27910327911377
7522,2.545297861099243,-7.220979690551758
7523,18.752490997314453,-3.9012796878814697
7524,-1.2415752410888672,-0.5421267151832581
7525,-7.6716628074646,-3.321885108947754
7526,4.237822532653809,-8.39548397064209
7527,-2.9947192668914795,0.5977905988693237
7528,9.909506797790527,-10.57089900970459
7529,6.207834720611572,11.543933868408203
7530,1.4499062299728394,1.3238805532455444
7531,2.116715431213379,-0.6980511546134949
7532,-1.2706704139709473,0.6911947727203369
7533,12.804244041442871,2.592149019241333
7534,9.080753326416016,-4.959558963775635
7535,6.202672481536865,-4.684736251831055
7536,0.5049353241920471,0.1677839159965515
7537,-0.2768365144729614,0.09553851932287216
7538,1.7046897411346436,-6.458797454833984
7539,-0.5908785462379456,4.930181980133057
7540,-2.499124050140381,-0.8173074722290039
7541,2.898827075958252,-5.809051513671875
7542,-3.24625301361084,1.700477123260498
7543,4.252983093261719,7.418221473693848
7544,-0.23888321220874786,8.2378568649292
7545,15.06989574432373,7.808836936950684
7546,1.3502870798110962,2.345290184020996
7547,5.124623775482178,-2.5465221405029297
7548,-6.321163654327393,-6.347136497497559
7549,-0.5930759310722351,1.2982776165008545
7550,2.0786373615264893,-5.975791931152344
7551,2.272156000137329,-0.28759944438934326
7552,-3.4042129516601562,1.106203317642212
7553,-0.4978334307670593,4.509099006652832
7554,0.5632091760635376,0.3809187114238739
7555,-11.382655143737793,-7.92909049987793
7556,6.576504230499268,1.042277455329895
7557,-1.7518360614776611,0.3976631164550781
7558,3.1232011318206787,-4.884178161621094
7559,-4.099010944366455,3.1857359409332275
7560,3.6975669860839844,-6.748868465423584
7561,7.402855396270752,-10.821009635925293
7562,-0.3246690630912781,6.624183177947998
7563,-6.755887508392334,-10.141228675842285
7564,-1.1100600957870483,-1.4348493814468384
7565,0.5242043137550354,1.781027913093567
7566,-0.8957974314689636,2.0001375675201416
7567,-4.5228800773620605,-11.480165481567383
7568,-2.7651526927948,-0.49273601174354553
7569,9.839339256286621,-9.192926406860352
7570,7.408756732940674,6.633051872253418
7571,2.792069911956787,0.7175096273422241
7572,1.2683355808258057,8.48869800567627
7573,-3.376652479171753,-1.255945086479187
7574,-0.8956521153450012,2.543739080429077
7575,-4.23755407333374,-2.688265085220337
7576,0.992451012134552,-1.1756322383880615
7577,2.072392225265503,-2.8007638454437256
7578,-0.35385555028915405,4.539353370666504
7579,-4.748781681060791,1.1905343532562256
7580,-11.971749305725098,-6.765973091125488
7581,-0.5348201990127563,1.3873845338821411
7582,3.8741061687469482,8.333602905273438
7583,-4.488845348358154,-2.69897198677063
7584,-2.0855891704559326,-2.4965031147003174
7585,-1.9291929006576538,-0.8278775811195374
7586,-0.7048068642616272,1.7612512111663818
7587,14.434797286987305,-1.7656176090240479
7588,-1.9992822408676147,7.3361029624938965
7589,-1.0985101461410522,2.1425766944885254
7590,0.2768855094909668,-0.4303734004497528
7591,-1.1565521955490112,-1.1777150630950928
7592,17.26593589782715,-3.2986366748809814
7593,3.341581344604492,-9.575874328613281
7594,7.511537551879883,3.4704558849334717
7595,4.432403087615967,-6.646846294403076
7596,-5.692004680633545,-2.3786468505859375
7597,6.186742305755615,-3.077461004257202
7598,-3.215634346008301,-0.19535177946090698
7599,-3.9278533458709717,-2.830629348754883
7600,-0.5510250926017761,5.574524879455566
7601,-3.722101926803589,-3.9837000370025635
7602,6.364325046539307,-10.172503471374512
7603,-4.47224760055542,2.668314218521118
7604,-1.1032161712646484,7.703116416931152
7605,4.258970737457275,6.379697799682617
7606,-0.34469687938690186,1.4022172689437866
7607,-1.729133129119873,0.34171542525291443
7608,-5.03489351272583,-2.2537782192230225
7609,-0.38135915994644165,2.37211275100708
7610,-4.205521106719971,1.7357182502746582
7611,-1.4702303409576416,0.775291383266449
7612,-1.7150707244873047,0.272526353597641
7613,4.062827110290527,8.254491806030273
7614,2.736440420150757,0.49624699354171753
7615,-4.145116806030273,1.534658670425415
7616,-5.185681343078613,-10.10925006866455
7617,-1.2825796604156494,7.136078834533691
7618,14.652113914489746,-4.912096977233887
7619,-6.050157070159912,-2.6227920055389404
7620,-2.9546148777008057,-11.877730369567871
7621,0.8564268946647644,0.8791944980621338
7622,6.140383243560791,7.851443290710449
7623,-0.8637682795524597,-2.0142719745635986
7624,-4.284998416900635,-5.62227725982666
7625,-5.305430889129639,-1.3213542699813843
7626,6.045244216918945,4.746849060058594
7627,-3.0956642627716064,-0.22092154622077942
7628,1.096724271774292,-1.8211380243301392
7629,-4.741204738616943,0.8229318857192993
7630,0.680258572101593,-3.209326982498169
7631,-5.1992268562316895,2.457385778427124
7632,-0.6687635779380798,1.5100281238555908
7633,-1.5237258672714233,-1.7755537033081055
7634,0.7897859215736389,7.931952476501465
7635,19.703468322753906,4.883627891540527
7636,-2.5326011180877686,1.4309746026992798
7637,6.2970099449157715,9.898575782775879
7638,8.588918685913086,2.1898694038391113
7639,0.1678038090467453,-2.2574222087860107
7640,-3.5177345275878906,2.454232931137085
7641,4.958495616912842,4.93930721282959
7642,1.4336237907409668,-9.434654235839844
7643,-0.5260380506515503,0.8750271797180176
7644,-4.0449066162109375,2.85744309425354
7645,5.95434045791626,1.6252598762512207
7646,7.040618419647217,9.165732383728027
7647,-2.73368239402771,-1.8987619876861572
7648,-2.8030014038085938,1.714073657989502
7649,-0.4720151424407959,0.8826882243156433
7650,0.1689254492521286,5.602177143096924
7651,-1.5829906463623047,-14.15932559967041
7652,5.32874870300293,2.274758815765381
7653,17.62470245361328,-0.5167055130004883
7654,7.090744495391846,7.757350444793701
7655,-2.1036410331726074,-2.494866132736206
7656,-4.12746000289917,-12.663414001464844
7657,3.8464267253875732,-1.6797282695770264
7658,-2.813645601272583,1.6009197235107422
7659,-6.673428058624268,-4.399806976318359
7660,3.4200327396392822,-9.107096672058105
7661,-1.4474983215332031,-2.0348432064056396
7662,-4.962177753448486,2.502042055130005
7663,0.3868008255958557,0.41553226113319397
7664,-0.5087570548057556,5.04677677154541
7665,18.89118194580078,7.750357627868652
7666,-2.15592885017395,-14.186298370361328
7667,7.635781288146973,-12.698014259338379
7668,-0.11338898539543152,0.3152153491973877
7669,-2.0501632690429688,6.589230537414551
7670,-9.531706809997559,-8.576772689819336
7671,-0.690942108631134,-0.2573169767856598
7672,0.4059085249900818,-3.585881471633911
7673,12.460640907287598,-4.368821144104004
7674,-1.399419903755188,1.302464246749878
7675,-3.4001238346099854,1.9281415939331055
7676,3.119239091873169,-6.156323432922363
7677,4.888530731201172,-0.9692375659942627
7678,2.455552339553833,-5.520135402679443
7679,-4.646040439605713,-10.207059860229492
7680,-3.6465163230895996,0.5836443305015564
7681,1.25395667552948,-3.1362617015838623
7682,-0.9568803310394287,-3.1678409576416016
7683,-0.24007339775562286,0.7678762078285217
7684,-5.018041133880615,1.7677534818649292
7685,-10.038777351379395,-5.002351760864258
7686,-2.87994647026062,-3.8155219554901123
7687,-1.5467469692230225,-1.2350540161132812
7688,2.421830415725708,-5.336701393127441
7689,6.998031139373779,-10.665769577026367
7690,0.5178300142288208,-3.123015880584717
7691,6.045793056488037,1.5943317413330078
7692,7.240407943725586,-0.5832507014274597
7693,2.378025770187378,2.1366829872131348
7694,-3.2690415382385254,2.2630317211151123
7695,4.250523567199707,-2.7737491130828857
7696,8.507479667663574,-9.077484130859375
7697,-1.160037636756897,-1.8028457164764404
7698,0.2614508867263794,0.5802187919616699
7699,-3.9884376525878906,1.156540870666504
7700,1.145710825920105,7.743474006652832
7701,-4.379309177398682,2.56711745262146
7702,-0.09339220821857452,1.3320541381835938
7703,0.36488085985183716,6.066327095031738
7704,-2.6459617614746094,2.2747368812561035
7705,-3.396624803543091,-3.9317896366119385
7706,15.268851280212402,-9.272638320922852
7707,-1.7037521600723267,2.9661147594451904
7708,4.791001796722412,-8.593790054321289
7709,-5.025313377380371,2.4192593097686768
7710,1.9487073421478271,4.682682991027832
7711,-3.680953025817871,1.4134836196899414
7712,-5.595863342285156,-3.4490950107574463
7713,-1.3345885276794434,-7.277368068695068
7714,7.195770740509033,-5.407834053039551
7715,0.5245813131332397,0.6181005835533142
7716,0.401994526386261,2.6618027687072754
7717,12.379083633422852,-0.5174763202667236
7718,15.32784366607666,0.5860814452171326
7719,12.95750904083252,4.669563293457031
7720,2.6751205921173096,-4.1705169677734375
7721,1.3673646450042725,-1.8741064071655273
7722,8.871728897094727,7.256009578704834
7723,1.7792733907699585,5.550551414489746
7724,-4.732844829559326,2.8160979747772217
7725,-11.09679889678955,-6.292268753051758
7726,-1.5055251121520996,-0.9362970590591431
7727,1.5842746496200562,-1.3870824575424194
7728,5.453731536865234,-8.597033500671387
7729,-6.677742004394531,2.576902151107788
7730,-2.8651065826416016,-0.43063780665397644
7731,0.3760615587234497,-2.3170671463012695
7732,14.873886108398438,2.494755268096924
7733,12.69603157043457,3.9907093048095703
7734,3.2722904682159424,1.8638767004013062
7735,-2.899859666824341,-2.0181772708892822
7736,-2.23561954498291,1.6009191274642944
7737,-0.6473142504692078,-1.9365341663360596
7738,-1.953737735748291,-1.7242374420166016
7739,-2.2651803493499756,1.040019154548645
7740,2.115492343902588,2.387014150619507
7741,-1.505415439605713,8.3576078414917
7742,-1.017008662223816,5.533910751342773
7743,3.2749452590942383,-7.617134094238281
7744,0.40721094608306885,-7.721234321594238
7745,-6.874707221984863,6.799744606018066
7746,13.156689643859863,-8.486374855041504
7747,16.63277816772461,4.654532432556152
7748,0.5262143611907959,2.795342206954956
7749,-0.28749358654022217,0.9785670638084412
7750,15.59072208404541,7.404318809509277
7751,-3.950298547744751,1.1251521110534668
7752,-2.7986526489257812,0.7206091284751892
7753,-5.337996006011963,1.838417649269104
7754,14.190669059753418,0.62525475025177
7755,-2.276905059814453,0.8860692977905273
7756,8.864287376403809,0.49330422282218933
7757,3.8214926719665527,-7.065058708190918
7758,0.7581315636634827,-0.14343586564064026
7759,-4.73703670501709,2.9449870586395264
7760,3.9534523487091064,6.081341743469238
7761,-4.487364292144775,2.8350765705108643
7762,-3.949289560317993,2.110088348388672
7763,-3.4567863941192627,-2.6830320358276367
7764,19.7667179107666,8.109429359436035
7765,-5.63138484954834,-4.610874176025391
7766,0.637249767780304,6.783347129821777
7767,-3.806560516357422,-11.77359676361084
7768,7.006863117218018,-6.761453151702881
7769,-2.2689995765686035,-0.3063903748989105
7770,7.287037372589111,1.022714376449585
7771,-4.521112442016602,-1.474420189857483
7772,12.897261619567871,1.4557135105133057
7773,19.642581939697266,1.6012855768203735
7774,0.9080889821052551,-3.562023162841797
7775,2.129119396209717,1.0224567651748657
7776,-10.799619674682617,-6.834765911102295
7777,-6.984164714813232,-6.1138129234313965
7778,7.128628730773926,-6.324550151824951
7779,5.302371501922607,12.508818626403809
7780,0.06493978202342987,2.7540557384490967
7781,-0.5441997051239014,-2.0695407390594482
7782,-3.810645341873169,0.7972416877746582
7783,1.9609761238098145,-4.82623291015625
7784,-9.76931095123291,-9.501267433166504
7785,13.107514381408691,-4.847806930541992
7786,2.9982826709747314,0.6623894572257996
7787,-0.9946665167808533,7.600948810577393
7788,0.08730535209178925,2.7242584228515625
7789,9.254036903381348,3.543778657913208
7790,-1.9635756015777588,7.5819501876831055
7791,-10.091873168945312,-13.479034423828125
7792,-0.5998525619506836,-3.8308064937591553
7793,-3.5835201740264893,1.3302465677261353
7794,-1.914196491241455,0.6778517365455627
7795,-0.5527240633964539,7.6300950050354
7796,-5.823551654815674,-11.646040916442871
7797,-0.6534605622291565,-0.21109920740127563
7798,-2.3432552814483643,1.2907137870788574
7799,-3.7276530265808105,-2.101166009902954
7800,11.653386116027832,2.433152437210083
7801,-3.2310855388641357,1.903038740158081
7802,2.42067813873291,6.717884063720703
7803,2.2319843769073486,1.665649652481079
7804,-0.6584327816963196,1.8005648851394653
7805,4.718269348144531,1.4717124700546265
7806,-0.7058135271072388,1.4697619676589966
7807,1.8547770977020264,-2.271960735321045
7808,4.274892330169678,-8.926085472106934
7809,15.895813941955566,-6.901247978210449
7810,15.577265739440918,5.964235305786133
7811,0.7966164946556091,-1.366779088973999
7812,-0.29921117424964905,0.0654829666018486
7813,-2.0136938095092773,-1.6853866577148438
7814,0.6108114123344421,-0.5112417340278625
7815,1.7372162342071533,9.071101188659668
7816,2.4980385303497314,-5.1772894859313965
7817,0.1782809942960739,2.9965574741363525
7818,0.8985502123832703,2.0387024879455566
7819,1.5754380226135254,-5.319639205932617
7820,-1.093442678451538,6.464651584625244
7821,1.1389539241790771,7.946348190307617
7822,6.7709245681762695,9.401019096374512
7823,2.7948150634765625,2.0108249187469482
7824,-4.070034027099609,3.303051710128784
7825,-9.01339340209961,-16.97249984741211
7826,10.629364967346191,-7.3326311111450195
7827,-0.11293800175189972,3.4279024600982666
7828,-5.2825846672058105,-2.9871103763580322
7829,-1.5527628660202026,1.2799391746520996
7830,4.364753246307373,-7.119278430938721
7831,0.48351794481277466,0.0962812528014183
7832,5.460733890533447,3.496471643447876
7833,-3.3376638889312744,-4.075215816497803
7834,-5.432734966278076,-20.565378189086914
7835,1.7915080785751343,-5.919841766357422
7836,4.126594543457031,-5.049141883850098
7837,3.0807106494903564,1.3952305316925049
7838,3.0061347484588623,3.4370930194854736
7839,-10.125422477722168,5.948066711425781
7840,-4.84354305267334,-10.5611572265625
7841,4.723326683044434,-8.901206970214844
7842,6.1794538497924805,-2.9009478092193604
7843,-0.5554114580154419,2.1567769050598145
7844,-3.907782793045044,1.3260051012039185
7845,1.7605057954788208,1.1346485614776611
7846,-1.38312828540802,0.3819286823272705
7847,-3.3773136138916016,-12.263522148132324
7848,-3.0177862644195557,2.3858654499053955
7849,17.315855026245117,5.580284595489502
7850,-4.507172584533691,-1.8496050834655762
7851,1.021996259689331,2.6620500087738037
7852,-3.7970142364501953,-19.12726402282715
7853,12.278183937072754,4.438226699829102
7854,-4.815673351287842,7.536642074584961
7855,11.454751014709473,-7.220242023468018
7856,-4.821201801300049,-2.2020580768585205
7857,-3.696173906326294,1.9991364479064941
7858,18.25619888305664,5.771999835968018
7859,-3.4194376468658447,-1.42167067527771
7860,-8.2817964553833,-6.4934868812561035
7861,1.370898723602295,2.8997840881347656
7862,-0.3201647400856018,0.5699312686920166
7863,10.718597412109375,-4.09121561050415
7864,-1.3213574886322021,-4.676670074462891
7865,-1.2336442470550537,-17.160259246826172
7866,7.392556667327881,-6.628429412841797
7867,5.998843193054199,2.2589845657348633
7868,16.91470718383789,0.8718964457511902
7869,-6.201552867889404,4.482320785522461
7870,6.1591315269470215,-2.3840901851654053
7871,-2.9727561473846436,2.2362916469573975
7872,15.834588050842285,2.482278347015381
7873,5.695412635803223,-9.209044456481934
7874,2.8745806217193604,-2.3491933345794678
7875,1.366965651512146,2.2742817401885986
7876,-6.131022930145264,-2.4557101726531982
7877,0.31712448596954346,1.7229933738708496
7878,-11.387690544128418,-6.958597183227539
7879,-7.629434108734131,-3.063356637954712
7880,9.486698150634766,10.106524467468262
7881,-0.8287096619606018,0.8935102224349976
7882,-0.04469333589076996,0.8688762784004211
7883,-2.611192464828491,-1.1216670274734497
7884,-3.4085233211517334,-7.004374980926514
7885,4.167316913604736,1.157318353652954
7886,4.70012903213501,-2.416726589202881
7887,3.368553638458252,0.42437273263931274
7888,-1.6386990547180176,-1.624640941619873
7889,3.5637733936309814,-7.0436859130859375
7890,1.2723842859268188,7.9633893966674805
7891,-3.111088752746582,-1.4799277782440186
7892,-2.790515184402466,-10.550540924072266
7893,-10.963001251220703,-7.257905006408691
7894,6.269176959991455,1.096901535987854
7895,9.25507640838623,6.482134819030762
7896,5.038065433502197,-9.117426872253418
7897,-9.65319538116455,-18.926925659179688
7898,-6.323341369628906,-5.960853099822998
7899,-0.5184513926506042,-2.8018434047698975
7900,-0.5458991527557373,1.7455706596374512
7901,-2.4376866817474365,1.042474389076233
7902,11.88015079498291,5.792754173278809
7903,-0.4507830739021301,1.4670912027359009
7904,-2.273616075515747,2.053828239440918
7905,-6.218605995178223,-8.861774444580078
7906,0.8345444798469543,3.4437179565429688
7907,0.8116583824157715,-1.6476686000823975
7908,6.926286220550537,-1.6453428268432617
7909,12.54500675201416,0.6003069281578064
7910,-0.7065649032592773,0.45794478058815
7911,5.603059768676758,0.510445237159729
7912,6.278106212615967,1.4116777181625366
7913,-8.260637283325195,-5.861026763916016
7914,-1.7553068399429321,-1.5196384191513062
7915,5.5451531410217285,9.786338806152344
7916,2.5275723934173584,-12.502058982849121
7917,0.684680700302124,-3.771702527999878
7918,-3.1535251140594482,-11.64291000366211
7919,1.811152696609497,1.241491675376892
7920,-2.6205942630767822,-1.5390545129776
7921,3.9093945026397705,-8.719947814941406
7922,-4.732256889343262,2.7962982654571533
7923,19.84848976135254,-4.295993804931641
7924,0.3697649836540222,2.7834455966949463
7925,6.0695600509643555,3.514390707015991
7926,-0.39543062448501587,1.0507371425628662
7927,-14.914163589477539,-7.356767654418945
7928,-4.674121379852295,1.993219256401062
7929,4.88469123840332,1.194572925567627
7930,2.305037021636963,6.059086799621582
7931,-0.22130437195301056,-6.840818405151367
7932,-0.1309264898300171,-0.23912453651428223
7933,8.469635009765625,-12.187699317932129
7934,8.247669219970703,-5.68245267868042
7935,-4.200681209564209,1.456409215927124
7936,-0.9989619851112366,-0.18496209383010864
7937,6.320322513580322,-0.013988517224788666
7938,-1.1088651418685913,-2.183476448059082
7939,1.705816626548767,-4.5604248046875
7940,-2.2035233974456787,-0.5184848308563232
7941,-6.956112861633301,5.870329856872559
7942,-4.537796497344971,-1.8787510395050049
7943,-1.4180843830108643,1.3271815776824951
7944,-10.835836410522461,-4.912320137023926
7945,-2.5199060440063477,1.5326321125030518
7946,-0.5283849835395813,-8.565031051635742
7947,3.441068410873413,-16.048524856567383
7948,16.78408432006836,-3.5347633361816406
7949,-0.3056526184082031,0.8642609119415283
7950,1.696912407875061,-5.994573593139648
7951,18.659194946289062,5.646705150604248
7952,1.9432671070098877,-1.0740724802017212
7953,-0.37359532713890076,0.09587683528661728
7954,-7.709935665130615,-4.250120639801025
7955,5.047008037567139,6.858123779296875
7956,-7.202507019042969,-5.290874481201172
7957,-4.395711898803711,1.0414239168167114
7958,4.994472980499268,-11.3663330078125
7959,-1.5934510231018066,-1.6577301025390625
7960,21.192241668701172,1.4742966890335083
7961,-1.1080812215805054,-1.2697350978851318
7962,5.488970756530762,-8.670794486999512
7963,8.032511711120605,1.1538575887680054
7964,-5.326193332672119,5.537132263183594
7965,2.0153145790100098,-0.7001254558563232
7966,-4.6770734786987305,-1.9228644371032715
7967,-1.3360515832901,4.059924125671387
7968,-0.7362584471702576,5.8565802574157715
7969,-18.062484741210938,-10.664918899536133
7970,1.4580105543136597,1.172593593597412
7971,17.913158416748047,-1.4855451583862305
7972,14.320591926574707,-9.191751480102539
7973,1.521762728691101,3.417598009109497
7974,17.933412551879883,2.2388226985931396
7975,2.032196044921875,-4.520700454711914
7976,1.3620749711990356,3.22782826423645
7977,-2.001279354095459,0.6605972051620483
7978,-1.4400652647018433,0.19931961596012115
7979,-17.203994750976562,-14.721899032592773
7980,5.42281436920166,-8.633416175842285
7981,8.251877784729004,-3.122314929962158
7982,-0.8952885270118713,-1.9484639167785645
7983,0.7347139716148376,7.1077070236206055
7984,6.382516384124756,1.0480854511260986
7985,-7.175259113311768,-2.3136284351348877
7986,2.2183473110198975,-2.4768917560577393
7987,-1.7652168273925781,-1.4217005968093872
7988,2.745274305343628,0.33398205041885376
7989,-2.3599014282226562,4.887014389038086
7990,-9.006291389465332,-7.063635349273682
7991,2.4523303508758545,-1.4120832681655884
7992,-1.603886604309082,-1.6013871431350708
7993,-1.3065277338027954,5.1151041984558105
7994,-3.3513166904449463,-1.5357377529144287
7995,-2.6013219356536865,-0.43222615122795105
7996,6.424591541290283,0.9573830366134644
7997,-0.5161647796630859,1.0092217922210693
7998,-3.8240966796875,-1.327001929283142
7999,15.910138130187988,-1.14259672164917
8000,5.751223564147949,0.7355567216873169
8001,5.650333881378174,-5.0283918380737305
8002,1.974034070968628,1.7938227653503418
8003,0.29074347019195557,-2.6722404956817627
8004,0.721028745174408,2.8782246112823486
8005,3.3981516361236572,-6.501875877380371
8006,6.849887371063232,10.876819610595703
8007,-0.6165475249290466,7.600771903991699
8008,-8.658905982971191,6.78339958190918
8009,1.2564384937286377,-3.798046827316284
8010,7.680409908294678,-3.174938440322876
8011,-2.2230050563812256,1.405886173248291
8012,2.7912938594818115,-8.232343673706055
8013,-2.7900147438049316,-0.8982415199279785
8014,0.1309949904680252,0.09298982471227646
8015,-5.807469367980957,2.732680082321167
8016,-0.9471025466918945,-0.08447364717721939
8017,0.8543384671211243,-5.507134437561035
8018,-2.884755849838257,-3.240175485610962
8019,0.010805293917655945,3.1402597427368164
8020,5.850921630859375,1.5223417282104492
8021,-5.1074299812316895,1.811762809753418
8022,-0.4395514726638794,0.882938027381897
8023,-0.5191201567649841,1.5124907493591309
8024,-3.7190754413604736,-13.27207088470459
8025,6.177871227264404,7.484924793243408
8026,-11.185957908630371,-4.454242706298828
8027,-1.40321683883667,1.281591534614563
8028,-2.2658464908599854,0.8724925518035889
8029,15.52652645111084,1.3235291242599487
8030,17.526233673095703,-8.189001083374023
8031,-6.023279666900635,-5.144890308380127
8032,-8.97402572631836,6.03054666519165
8033,-5.0742058753967285,2.299240827560425
8034,3.401787042617798,-24.57700538635254
8035,3.971176862716675,1.4949297904968262
8036,2.281106472015381,9.339832305908203
8037,4.355642795562744,0.12632682919502258
8038,2.058464527130127,-4.5076189041137695
8039,-4.6873459815979,-4.633386611938477
8040,10.990952491760254,-1.6410136222839355
8041,-0.8345239758491516,0.8830437660217285
8042,4.133918285369873,-4.936415195465088
8043,-0.1295681595802307,0.581375241279602
8044,-0.5791313052177429,2.248932123184204
8045,1.6550025939941406,-4.579474449157715
8046,2.6047990322113037,6.883470058441162
8047,2.915231943130493,2.5478947162628174
8048,-4.787619590759277,-18.41400146484375
8049,5.1978631019592285,3.4947988986968994
8050,0.85153728723526,-3.111933946609497
8051,11.73509407043457,-4.637312412261963
8052,6.442006587982178,6.7349748611450195
8053,9.651851654052734,5.833871841430664
8054,2.2283360958099365,-0.5896315574645996
8055,0.27349549531936646,-2.345959424972534
8056,0.5000090003013611,-2.99239182472229
8057,-0.111027792096138,-3.2834556102752686
8058,-1.2895773649215698,-1.9113056659698486
8059,-4.897903919219971,-8.324694633483887
8060,-8.805120468139648,-23.17207908630371
8061,-3.1655454635620117,1.2724685668945312
8062,11.486363410949707,6.398533821105957
8063,-0.29164057970046997,3.194650411605835
8064,-4.377799034118652,-4.451037406921387
8065,14.371092796325684,-2.749366044998169
8066,-8.360520362854004,-6.364134788513184
8067,20.243467330932617,-1.1681411266326904
8068,-5.338218688964844,-2.6374101638793945
8069,4.35884428024292,-4.8365983963012695
8070,5.45618200302124,1.2554048299789429
8071,1.773245096206665,1.3117858171463013
8072,-10.037650108337402,-5.7254557609558105
8073,-5.283721923828125,-1.691341519355774
8074,21.74346923828125,7.813835144042969
8075,10.298616409301758,8.324004173278809
8076,-2.19494891166687,-1.6840685606002808
8077,4.584131717681885,-15.909293174743652
8078,21.725753784179688,5.061138153076172
8079,-2.4765024185180664,1.1408798694610596
8080,-5.6504058837890625,-6.202946662902832
8081,13.832097053527832,7.4782185554504395
8082,21.059329986572266,-0.6982822418212891
8083,3.514585256576538,-7.709737777709961
8084,-1.5825623273849487,1.2268223762512207
8085,-4.834717273712158,3.1802427768707275
8086,-8.598129272460938,-7.581245422363281
8087,-1.414169192314148,4.54089879989624
8088,-0.7472466826438904,4.884204864501953
8089,-2.3471882343292236,1.9825770854949951
8090,-4.219028949737549,-2.1549861431121826
8091,1.243046760559082,-1.5133333206176758
8092,1.5185695886611938,0.9859861135482788
8093,6.657046318054199,1.695849061012268
8094,-16.453903198242188,-8.703949928283691
8095,1.3921129703521729,-6.05024528503418
8096,-2.57133150100708,1.6833388805389404
8097,-0.8188757300376892,3.084698438644409
8098,10.195456504821777,3.2825255393981934
8099,-0.7770861983299255,6.855410575866699
8100,-1.5542831420898438,7.744786739349365
8101,-5.275514125823975,-1.8527913093566895
8102,-6.915573596954346,-2.3037636280059814
8103,3.206881046295166,0.37770262360572815
8104,-1.3637229204177856,-1.5004405975341797
8105,11.557706832885742,4.99222993850708
8106,-1.3677563667297363,-2.086230993270874
8107,18.613441467285156,-3.016540765762329
8108,0.29811257123947144,-2.024473190307617
8109,3.677711248397827,-1.5481414794921875
8110,-11.776261329650879,-5.336162090301514
8111,-1.4651236534118652,-0.322884202003479
8112,7.324840068817139,-10.649560928344727
8113,-1.4297958612442017,0.8054706454277039
8114,1.231909990310669,7.246736526489258
8115,12.453156471252441,1.201851487159729
8116,-11.636134147644043,-7.868555068969727
8117,0.517085611820221,3.6979176998138428
8118,-0.7789177298545837,7.096395492553711
8119,0.373287558555603,0.5589476823806763
8120,2.5635697841644287,1.2229609489440918
8121,7.724818706512451,-2.855449914932251
8122,21.371124267578125,12.012682914733887
8123,-2.0128116607666016,0.023028776049613953
8124,4.85142707824707,-8.319496154785156
8125,-1.266068458557129,2.2133195400238037
8126,0.5976057648658752,-3.587892532348633
8127,16.310420989990234,0.33611342310905457
8128,-17.69720458984375,-10.030804634094238
8129,-4.000918388366699,2.922572374343872
8130,-1.2776106595993042,1.1632294654846191
8131,8.795793533325195,0.9436533451080322
8132,12.76318645477295,1.0813392400741577
8133,3.500671625137329,-7.522775650024414
8134,7.342440128326416,-5.199965000152588
8135,-2.7676494121551514,-1.1240756511688232
8136,-11.514883041381836,-23.03131866455078
8137,2.20766019821167,7.072342872619629
8138,3.4160022735595703,-1.3949759006500244
8139,7.26146936416626,7.6280059814453125
8140,2.4433670043945312,10.511762619018555
8141,2.4780256748199463,0.29905080795288086
8142,-3.302236318588257,-2.109041213989258
8143,2.8172202110290527,-6.0029497146606445
8144,-0.5645261406898499,2.3751227855682373
8145,5.315246105194092,0.500990092754364
8146,1.6631364822387695,-0.7241907119750977
8147,-0.22215862572193146,-2.74257493019104
8148,5.895143032073975,-4.299917221069336
8149,3.7287065982818604,-8.11699104309082
8150,0.4634891152381897,0.6360130906105042
8151,6.4251909255981445,3.0749080181121826
8152,-0.2597505450248718,-5.598021507263184
8153,2.452380657196045,3.747377634048462
8154,-2.5434927940368652,-0.7859598994255066
8155,-1.680776834487915,1.0937029123306274
8156,1.066447138786316,4.400655746459961
8157,-0.5867794156074524,6.211556911468506
8158,2.429900884628296,3.8264758586883545
8159,0.5787294507026672,8.034441947937012
8160,1.4841642379760742,1.0237345695495605
8161,17.112743377685547,-0.6714166402816772
8162,0.07344047725200653,3.445312738418579
8163,6.160790920257568,-9.620461463928223
8164,10.570509910583496,10.205208778381348
8165,1.5715460777282715,-2.9332430362701416
8166,-3.7141549587249756,-6.585216999053955
8167,-3.0808403491973877,1.2479393482208252
8168,-2.096184253692627,-0.6766498684883118
8169,0.7715380787849426,8.221651077270508
8170,-2.2753195762634277,-2.513517379760742
8171,-1.0808659791946411,-5.428932189941406
8172,17.524097442626953,5.504029273986816
8173,10.043801307678223,8.342494010925293
8174,12.212746620178223,1.4979314804077148
8175,-0.5795713663101196,0.7872013449668884
8176,-2.841294288635254,-12.316152572631836
8177,6.274710178375244,1.8473553657531738
8178,-0.06688185036182404,1.2232074737548828
8179,-5.123753547668457,-10.295539855957031
8180,-5.592615127563477,-1.9910447597503662
8181,1.7703139781951904,-5.485533237457275
8182,1.3236699104309082,-0.41434189677238464
8183,3.227294445037842,-7.9412031173706055
8184,4.078911304473877,6.0515007972717285
8185,-1.8151929378509521,-2.1444990634918213
8186,1.562119960784912,5.709402084350586
8187,14.000359535217285,3.4716203212738037
8188,7.210257053375244,-5.690554141998291
8189,-3.412856340408325,-4.002588272094727
8190,-1.5108329057693481,-6.995944976806641
8191,4.591923236846924,-10.096429824829102
8192,-4.455001354217529,1.8705556392669678
8193,18.2705078125,3.325993776321411
8194,-2.753636360168457,-7.555657386779785
8195,9.119523048400879,-6.261870384216309
8196,-2.9004828929901123,-2.411156415939331
8197,0.6017069220542908,-3.3096959590911865
8198,3.4076199531555176,5.913682460784912
8199,-0.9421951174736023,1.2579126358032227
8200,-1.419234275817871,1.354722023010254
8201,-0.8896716237068176,-1.2398490905761719
8202,-2.5995962619781494,-1.8988051414489746
8203,1.8320777416229248,-6.480581283569336
8204,11.138240814208984,5.732664108276367
8205,1.8197211027145386,-6.605335712432861
8206,-2.8786683082580566,0.4315202534198761
8207,23.995920181274414,-7.625493049621582
8208,-1.6908607482910156,6.684771537780762
8209,-1.0446592569351196,1.6550589799880981
8210,-2.4508774280548096,0.7579106092453003
8211,15.788971900939941,1.860563039779663
8212,-1.9241999387741089,3.800607919692993
8213,5.229753017425537,-1.7139580249786377
8214,1.39739191532135,-0.2949727475643158
8215,5.06771993637085,-0.4998404085636139
8216,2.4690823554992676,5.485495567321777
8217,-0.5139853358268738,-8.600146293640137
8218,5.736292362213135,1.518621563911438
8219,-0.6686265468597412,0.7923107147216797
8220,-1.5072721242904663,4.717572212219238
8221,6.224216938018799,7.777997970581055
8222,-2.8638453483581543,-16.69301414489746
8223,3.171248435974121,-7.952482223510742
8224,4.363918304443359,-7.3401079177856445
8225,0.2052135318517685,-0.8079927563667297
8226,-4.06540060043335,2.8372628688812256
8227,-14.591225624084473,-8.960598945617676
8228,-0.18832726776599884,7.827320575714111
8229,-1.8986399173736572,-1.3470087051391602
8230,0.15647898614406586,-4.013543128967285
8231,-1.947281837463379,1.814263105392456
8232,6.687739372253418,-5.357620716094971
8233,-0.04185982048511505,3.975691556930542
8234,5.613356113433838,-2.4727299213409424
8235,6.29400110244751,-1.3402554988861084
8236,0.15163187682628632,4.548190116882324
8237,1.9809939861297607,-4.814308166503906
8238,-0.919383704662323,5.467652320861816
8239,-5.995928764343262,3.6735761165618896
8240,0.9382506012916565,-0.4998715817928314
8241,2.577824115753174,-4.4545392990112305
8242,6.833412170410156,2.2971031665802
8243,6.304114818572998,2.065703868865967
8244,0.5410478711128235,-3.3740150928497314
8245,12.096160888671875,7.097312927246094
8246,3.614529848098755,-4.34963321685791
8247,6.477640151977539,7.628872871398926
8248,-3.8713202476501465,1.2418038845062256
8249,5.900138854980469,12.702422142028809
8250,7.233789443969727,-0.4867387115955353
8251,0.8804756999015808,6.7095232009887695
8252,2.6698193550109863,-7.671252250671387
8253,19.878318786621094,4.107047080993652
8254,1.2509551048278809,2.803372859954834
8255,6.52278470993042,-7.065576553344727
8256,-4.405127048492432,2.380734920501709
8257,-0.7293840050697327,0.41208451986312866
8258,3.057992458343506,0.3314772844314575
8259,-0.7093175053596497,-0.23595896363258362
8260,1.6300132274627686,6.043099403381348
8261,1.1174378395080566,6.823908805847168
8262,6.150622844696045,1.3435068130493164
8263,-3.786519765853882,-2.4976089000701904
8264,-9.157872200012207,-4.396265029907227
8265,-4.1112518310546875,0.9141774773597717
8266,-1.155500054359436,4.398015022277832
8267,-3.1282920837402344,-0.5933239459991455
8268,12.686785697937012,10.350279808044434
8269,13.026163101196289,1.6975038051605225
8270,20.150959014892578,1.9635264873504639
8271,-1.9250359535217285,-1.4164624214172363
8272,-0.9347440004348755,-2.1202480792999268
8273,-1.6558022499084473,-2.439741849899292
8274,0.6555379033088684,8.505324363708496
8275,0.44338852167129517,-3.579364538192749
8276,-1.0917069911956787,-9.84287166595459
8277,0.48242419958114624,4.283199310302734
8278,3.6856472492218018,-6.766759872436523
8279,4.919466972351074,-4.167704105377197
8280,-0.05102069675922394,-14.25487232208252
8281,-1.987780213356018,-9.610051155090332
8282,-3.72322154045105,-1.7348933219909668
8283,2.532622814178467,-6.507671356201172
8284,0.4366970658302307,4.643317222595215
8285,3.1426961421966553,-2.913652181625366
8286,1.3227033615112305,-4.384790420532227
8287,-3.573732376098633,-3.8539717197418213
8288,6.070625305175781,-9.92595386505127
8289,-0.7288276553153992,8.160113334655762
8290,24.23666763305664,7.216997146606445
8291,-0.5437033772468567,-5.366937160491943
8292,-0.304686963558197,-12.758445739746094
8293,-0.419464647769928,1.3402682542800903
8294,8.373300552368164,-2.6002097129821777
8295,2.1461825370788574,6.735110282897949
8296,-4.107362747192383,1.5198262929916382
8297,2.3796756267547607,9.357529640197754
8298,5.076850414276123,1.9418648481369019
8299,-0.5380531549453735,0.24053499102592468
8300,6.595599174499512,-2.6229498386383057
8301,-5.338855743408203,-2.9040558338165283
8302,0.7368985414505005,-3.7141964435577393
8303,-0.003996148705482483,1.6745450496673584
8304,18.696203231811523,-3.0347509384155273
8305,-4.434322834014893,2.96126651763916
8306,16.749267578125,10.693795204162598
8307,12.529862403869629,9.936495780944824
8308,0.2573607563972473,0.45455676317214966
8309,-11.951787948608398,-10.086540222167969
8310,4.30156135559082,3.1977548599243164
8311,2.7722256183624268,-5.833988189697266
8312,4.977537631988525,9.936650276184082
8313,3.096649646759033,-0.7229742407798767
8314,6.101467609405518,-0.9747707843780518
8315,0.6684709787368774,-3.0844836235046387
8316,6.637747287750244,-2.4492366313934326
8317,5.2069573402404785,6.749384880065918
8318,3.1905267238616943,0.5602684020996094
8319,2.520482301712036,-5.242496013641357
8320,10.410470008850098,1.2946820259094238
8321,1.9049885272979736,2.8002665042877197
8322,-2.2203502655029297,-2.000983476638794
8323,5.99086856842041,1.4148197174072266
8324,-3.232090711593628,-0.1270349621772766
8325,3.7802951335906982,-10.33895206451416
8326,-0.6834916472434998,4.630407333374023
8327,15.369650840759277,-2.892597198486328
8328,2.144468307495117,1.002231478691101
8329,-1.6507561206817627,0.9874430894851685
8330,-3.374666213989258,9.00976848602295
8331,13.197734832763672,0.08320968598127365
8332,2.610348701477051,4.438398838043213
8333,1.8100303411483765,6.032337188720703
8334,3.123176097869873,6.227611541748047
8335,11.38820743560791,2.1002960205078125
8336,11.778489112854004,-8.459858894348145
8337,2.2223849296569824,-7.269646644592285
8338,-0.5076389312744141,3.1989660263061523
8339,-4.267013072967529,3.8356025218963623
8340,11.012557029724121,2.435788154602051
8341,10.015181541442871,0.8708857893943787
8342,0.7852916121482849,6.631314754486084
8343,-2.0142946243286133,1.9008461236953735
8344,5.56554651260376,7.645586013793945
8345,5.779714107513428,12.691038131713867
8346,-0.466391921043396,1.5254974365234375
8347,-4.059296607971191,1.265584945678711
8348,-2.7583696842193604,1.8569204807281494
8349,-8.336987495422363,-8.141199111938477
8350,1.4592150449752808,7.7241315841674805
8351,10.334404945373535,8.880284309387207
8352,1.271438717842102,1.35598623752594
8353,8.804017066955566,-12.717008590698242
8354,3.717351198196411,6.972835540771484
8355,0.324596643447876,0.4614797532558441
8356,-1.5345940589904785,7.074245929718018
8357,-1.7080812454223633,0.3537881374359131
8358,-2.9038918018341064,0.4222879111766815
8359,3.9133636951446533,-7.651946067810059
8360,7.790627479553223,-0.4027425944805145
8361,14.455845832824707,-5.8417816162109375
8362,6.285091876983643,-5.434275150299072
8363,-0.1411036103963852,-3.73521089553833
8364,-2.0266072750091553,1.3989386558532715
8365,-5.064815044403076,-2.0282957553863525
8366,-9.03971004486084,5.029602527618408
8367,-2.215769052505493,-2.9305782318115234
8368,-3.088944673538208,1.4067833423614502
8369,-1.5360054969787598,1.2052762508392334
8370,-3.8249027729034424,-6.6539483070373535
8371,6.617922306060791,-4.244626522064209
8372,-0.5538797378540039,0.6967584490776062
8373,2.3989901542663574,1.1036239862442017
8374,-2.8798375129699707,-0.6194597482681274
8375,-6.661895275115967,3.1448042392730713
8376,-0.14049062132835388,0.2840680480003357
8377,-3.547325849533081,2.4674572944641113
8378,0.5172895789146423,-6.422975540161133
8379,1.8148565292358398,-5.096803188323975
8380,0.06063513457775116,2.860560655593872
8381,-5.9267578125,-19.478660583496094
8382,2.8772106170654297,-6.546424865722656
8383,1.854816198348999,-0.42750105261802673
8384,-4.327847003936768,-18.133434295654297
8385,-5.047730922698975,-5.8911590576171875
8386,6.97722864151001,-1.2781412601470947
8387,-7.715531349182129,-6.101131916046143
8388,3.318880796432495,-2.153062105178833
8389,-2.796400785446167,-5.2917704582214355
8390,6.776325225830078,1.841357707977295
8391,-2.34596586227417,-1.3979296684265137
8392,0.9369599223136902,1.2744884490966797
8393,-0.999713122844696,1.0669177770614624
8394,3.7955198287963867,0.6110525727272034
8395,3.525503396987915,-10.189000129699707
8396,-4.325162410736084,-4.727709770202637
8397,-7.431319713592529,-8.793283462524414
8398,6.6822333335876465,-0.3270126283168793
8399,17.031208038330078,8.123631477355957
8400,9.600711822509766,-4.535539150238037
8401,-1.877458095550537,0.7718676328659058
8402,-2.4363646507263184,-1.3296356201171875
8403,14.330601692199707,3.6425492763519287
8404,-1.5096125602722168,0.2072048783302307
8405,-0.2678571343421936,1.8837745189666748
8406,1.3428828716278076,-7.193660736083984
8407,2.2118289470672607,-0.4804193675518036
8408,-2.451469659805298,0.10952948778867722
8409,-1.6101794242858887,-7.454794883728027
8410,1.3976693153381348,-8.697405815124512
8411,-3.9287726879119873,-4.404638290405273
8412,5.463325500488281,7.180050849914551
8413,-4.0050530433654785,1.4771296977996826
8414,-1.5678329467773438,8.299263000488281
8415,-4.142337799072266,-2.5711519718170166
8416,-2.9850997924804688,1.3988903760910034
8417,-2.291659116744995,-10.031841278076172
8418,0.5568144917488098,7.984786510467529
8419,-3.231215000152588,2.43410325050354
8420,4.288313388824463,9.90954303741455
8421,-0.5274826288223267,-0.15100476145744324
8422,3.1834657192230225,0.7981205582618713
8423,1.635794758796692,1.2255841493606567
8424,1.2865283489227295,-5.353466510772705
8425,-4.336246967315674,2.4218366146087646
8426,8.131256103515625,-8.974839210510254
8427,-5.185716152191162,3.0412135124206543
8428,7.908573627471924,2.7981197834014893
8429,0.49492335319519043,-4.0616607666015625
8430,-0.7260504364967346,-0.7287486791610718
8431,5.002123832702637,-11.126303672790527
8432,-0.09853346645832062,-8.438102722167969
8433,-0.996458113193512,0.5076875686645508
8434,0.6684707403182983,2.142542839050293
8435,4.291083812713623,-13.11995792388916
8436,0.30035400390625,4.0654191970825195
8437,-3.3158137798309326,2.2407915592193604
8438,-1.0298019647598267,-1.1913682222366333
8439,4.152087688446045,5.557567596435547
8440,1.9514825344085693,1.1315442323684692
8441,0.22435252368450165,4.182129859924316
8442,19.532278060913086,7.170783996582031
8443,-2.8496358394622803,0.36423254013061523
8444,14.53292179107666,-5.134034633636475
8445,2.1085665225982666,9.21354866027832
8446,15.10410213470459,6.963161468505859
8447,-4.009617328643799,0.8497869968414307
8448,-0.7590901255607605,1.5838677883148193
8449,4.638929843902588,-0.04685423523187637
8450,0.6648568511009216,2.1923515796661377
8451,9.438431739807129,8.136398315429688
8452,2.710373640060425,-5.6304426193237305
8453,-2.31253981590271,-2.5034382343292236
8454,6.508326053619385,7.8957719802856445
8455,1.4557881355285645,-0.059256263077259064
8456,-2.215632200241089,-2.887805223464966
8457,5.662104606628418,8.703383445739746
8458,8.950150489807129,-3.8643381595611572
8459,-3.604642391204834,-4.7525105476379395
8460,18.456207275390625,-1.050055742263794
8461,1.2458508014678955,6.80039644241333
8462,1.2899905443191528,-3.408221483230591
8463,-5.399298667907715,-6.064237594604492
8464,-7.556153774261475,-10.164318084716797
8465,8.74743938446045,8.061357498168945
8466,4.225643634796143,-8.489092826843262
8467,9.974963188171387,1.4901190996170044
8468,-2.2711894512176514,-1.44193696975708
8469,-5.115336894989014,2.45818829536438
8470,16.842182159423828,7.315279006958008
8471,5.1651997566223145,7.744311332702637
8472,0.54075688123703,-8.590815544128418
8473,5.321602821350098,15.142176628112793
8474,-3.1455018520355225,-3.527630090713501
8475,0.9998090863227844,-0.32710620760917664
8476,2.0296409130096436,-0.4889938533306122
8477,1.270268440246582,-0.5074004530906677
8478,4.269137859344482,8.119686126708984
8479,-2.2413084506988525,-0.4535886347293854
8480,-4.941709041595459,2.687427043914795
8481,1.959904670715332,1.3092011213302612
8482,-2.191394090652466,1.415877342224121
8483,-1.712864875793457,-11.651130676269531
8484,-12.626029014587402,-10.771807670593262
8485,3.7699320316314697,0.30911940336227417
8486,12.530182838439941,-1.7858033180236816
8487,1.5933349132537842,1.20437490940094
8488,12.205082893371582,9.511143684387207
8489,3.29679799079895,-1.225739598274231
8490,1.0191030502319336,6.5763654708862305
8491,-0.10717137157917023,4.019460201263428
8492,2.2043025493621826,-6.436306953430176
8493,-4.257119655609131,-1.814408540725708
8494,5.636241436004639,2.0441863536834717
8495,-3.068486452102661,-1.552382469177246
8496,20.988231658935547,7.57634973526001
8497,13.16297435760498,1.1683710813522339
8498,2.6136691570281982,0.25422295928001404
8499,18.042020797729492,1.3960559368133545
8500,-9.380763053894043,-3.1023452281951904
8501,-0.20680542290210724,3.746925115585327
8502,3.0445680618286133,-10.013964653015137
8503,-5.688440322875977,4.6845622062683105
8504,16.91068458557129,3.690840244293213
8505,4.427525043487549,2.7450549602508545
8506,-0.6643332839012146,7.309215068817139
8507,7.340311527252197,4.850275039672852
8508,-1.4787781238555908,7.21809196472168
8509,-2.9733238220214844,-0.09732288867235184
8510,-1.1900928020477295,6.835395336151123
8511,1.9468231201171875,-4.704523086547852
8512,6.034887790679932,0.27098122239112854
8513,20.638916015625,4.822333812713623
8514,0.10204152762889862,3.5890371799468994
8515,-2.67299222946167,-0.054832883179187775
8516,14.492415428161621,9.200371742248535
8517,-0.7075145244598389,1.5030404329299927
8518,5.95734167098999,-5.512673377990723
8519,2.2594258785247803,-6.778992652893066
8520,5.409076690673828,-5.086058616638184
8521,-12.23908519744873,-4.356297016143799
8522,-1.28280508518219,-2.1564297676086426
8523,-0.1296655684709549,0.375898152589798
8524,9.256452560424805,4.998620510101318
8525,5.71316385269165,-0.20707550644874573
8526,-4.081060886383057,-11.543752670288086
8527,-3.277811050415039,1.0522555112838745
8528,-5.440304279327393,-9.68024730682373
8529,8.488298416137695,16.59122085571289
8530,-1.271819829940796,1.122401237487793
8531,18.501741409301758,-3.016268014907837
8532,-5.048191070556641,7.295596122741699
8533,0.8115740418434143,2.091874361038208
8534,-7.6734185218811035,-4.038064956665039
8535,9.371720314025879,-4.198944091796875
8536,-5.502845764160156,-12.559535026550293
8537,-0.05131368339061737,0.45919063687324524
8538,-5.035677909851074,2.909984827041626
8539,0.9972103238105774,8.115087509155273
8540,-15.950587272644043,-8.298905372619629
8541,3.3918793201446533,6.7172770500183105
8542,4.22567892074585,6.467340469360352
8543,0.9283047318458557,0.07428773492574692
8544,6.701467037200928,-0.4312644898891449
8545,-0.43136948347091675,4.348355293273926
8546,3.0538442134857178,10.82724380493164
8547,-4.687100887298584,2.724325180053711
8548,-1.8381788730621338,-1.734915018081665
8549,6.441217422485352,-11.669005393981934
8550,-0.5344118475914001,-0.46720120310783386
8551,6.977629661560059,-0.32007673382759094
8552,3.3261587619781494,-1.1758899688720703
8553,0.41894465684890747,5.985692977905273
8554,0.7243050336837769,3.4534146785736084
8555,0.3094177842140198,3.682953119277954
8556,0.14360420405864716,4.8582963943481445
8557,-5.370391368865967,-9.17562198638916
8558,0.20783619582653046,-14.753743171691895
8559,13.932415962219238,3.728827714920044
8560,-0.7027172446250916,2.085324287414551
8561,2.641680955886841,-1.5737982988357544
8562,2.776003122329712,8.648983001708984
8563,-0.30553311109542847,1.3184609413146973
8564,8.05034351348877,2.5339927673339844
8565,-1.9717576503753662,-3.0823404788970947
8566,-10.879801750183105,5.679594039916992
8567,0.32113760709762573,3.7579190731048584
8568,-1.075062870979309,-1.5652835369110107
8569,6.666087627410889,-3.5024659633636475
8570,-2.3428499698638916,4.557027816772461
8571,8.275720596313477,-1.707515001296997
8572,-0.03569646179676056,7.800675392150879
8573,-0.12653107941150665,7.0432562828063965
8574,15.061028480529785,3.220757484436035
8575,-15.7476167678833,-8.344849586486816
8576,13.910605430603027,-9.063239097595215
8577,-3.134366750717163,0.0033403560519218445
8578,-5.680850505828857,2.825718402862549
8579,-4.063112258911133,0.6695985794067383
8580,-2.9711625576019287,1.599799633026123
8581,-1.1974186897277832,8.390960693359375
8582,-7.28085994720459,-14.795275688171387
8583,-4.566608428955078,-4.906768798828125
8584,3.0330352783203125,-20.850358963012695
8585,2.923755407333374,-1.9179844856262207
8586,0.34078091382980347,0.6230125427246094
8587,-10.35994815826416,-6.365956783294678
8588,5.83706521987915,6.553669452667236
8589,-4.6201348304748535,3.685337543487549
8590,-1.6127079725265503,-0.15150508284568787
8591,-1.5564225912094116,6.555391311645508
8592,-0.8873226046562195,0.35305264592170715
8593,17.975723266601562,7.193361282348633
8594,-4.643895626068115,1.6884253025054932
8595,-3.2553393840789795,-1.2916622161865234
8596,2.149564266204834,4.407756805419922
8597,-2.81673526763916,-1.4948320388793945
8598,0.29393261671066284,3.939589262008667
8599,-0.3983253240585327,-1.8931567668914795
8600,-2.0935885906219482,4.339239597320557
8601,12.001426696777344,6.996237754821777
8602,6.258738994598389,-10.905062675476074
8603,-2.652963638305664,1.1043729782104492
8604,3.727708339691162,10.107499122619629
8605,-1.636918067932129,6.955301284790039
8606,-9.851334571838379,-5.094355583190918
8607,-0.9577013850212097,5.766510963439941
8608,10.449363708496094,-2.077875852584839
8609,-0.699194610118866,-1.621587872505188
8610,7.987069606781006,-7.500069618225098
8611,-6.85445499420166,-16.02686882019043
8612,4.95346212387085,0.3716571629047394
8613,-0.24280945956707,-2.5620381832122803
8614,2.7710540294647217,-1.9853999614715576
8615,-2.344277858734131,-2.9466071128845215
8616,-1.5379854440689087,-11.886117935180664
8617,-1.4521870613098145,-2.711524486541748
8618,0.26571983098983765,1.1030176877975464
8619,-0.6214215159416199,0.1924661099910736
8620,0.34096282720565796,-9.888516426086426
8621,-3.534322500228882,-6.8160481452941895
8622,1.4815267324447632,-0.1807076632976532
8623,2.4166712760925293,-5.042555332183838
8624,-1.2694904804229736,0.47570136189460754
8625,6.599364757537842,-1.5155787467956543
8626,-1.8328675031661987,5.418271541595459
8627,2.230116605758667,8.446860313415527
8628,-7.841602802276611,7.292661190032959
8629,3.116377115249634,-6.055352210998535
8630,-7.717594623565674,3.8090052604675293
8631,1.0255135297775269,-4.046073913574219
8632,3.727538824081421,-3.913686990737915
8633,8.51208209991455,5.537453651428223
8634,-0.4606832265853882,-0.2901868224143982
8635,-3.103175640106201,-1.637725830078125
8636,0.8641828894615173,2.1684415340423584
8637,4.933176517486572,-0.3126623034477234
8638,-0.36235374212265015,1.166579008102417
8639,8.733216285705566,0.3955788314342499
8640,19.522520065307617,9.180010795593262
8641,-10.570558547973633,-8.015707969665527
8642,4.212634563446045,-2.9959936141967773
8643,21.12646484375,-1.3448009490966797
8644,1.038763165473938,8.180323600769043
8645,-0.15724308788776398,3.254741668701172
8646,3.2407639026641846,0.4087585210800171
8647,-0.822421133518219,-9.234101295471191
8648,-1.9408494234085083,0.8815284967422485
8649,-0.46372169256210327,1.0723142623901367
8650,-0.18823428452014923,2.9894793033599854
8651,-3.9478886127471924,-0.17382481694221497
8652,0.09663422405719757,0.0399162694811821
8653,9.039196968078613,-5.618082046508789
8654,-1.4657926559448242,-1.6761023998260498
8655,1.448660135269165,3.967963933944702
8656,3.6838526725769043,4.408694267272949
8657,0.905573308467865,8.409249305725098
8658,7.663975715637207,7.103915214538574
8659,2.257619619369507,1.2738782167434692
8660,-5.303493976593018,-17.792510986328125
8661,6.448948383331299,1.2889372110366821
8662,-1.630480408668518,0.47106677293777466
8663,1.311812400817871,-2.4796557426452637
8664,-4.962953567504883,2.4514615535736084
8665,15.712082862854004,8.914433479309082
8666,3.895679235458374,-1.4433503150939941
8667,-0.9437229037284851,1.029259443283081
8668,4.852384090423584,-4.850542068481445
8669,-0.5986053943634033,-0.34048256278038025
8670,-7.446565628051758,4.614325523376465
8671,-1.949373483657837,-0.996700644493103
8672,-8.698819160461426,-7.055296421051025
8673,5.343526363372803,-0.5378393530845642
8674,-0.451737642288208,1.0532269477844238
8675,-0.5562260746955872,5.008671760559082
8676,3.2663257122039795,-5.609313488006592
8677,-3.7819411754608154,2.181182622909546
8678,-1.3266428709030151,-5.935286045074463
8679,6.768005847930908,4.3864054679870605
8680,-3.98012638092041,0.4831927716732025
8681,1.7926416397094727,-4.009402751922607
8682,9.02958869934082,-0.36247822642326355
8683,-1.8417888879776,-0.028392665088176727
8684,18.062217712402344,7.070634841918945
8685,0.2793644070625305,0.1670692265033722
8686,9.380499839782715,4.552455425262451
8687,-11.233892440795898,-16.570974349975586
8688,-6.009515285491943,3.5454323291778564
8689,-1.6658164262771606,-1.3663614988327026
8690,-2.203108787536621,-0.7516101598739624
8691,1.6096539497375488,0.2533797323703766
8692,-14.509242057800293,-10.899761199951172
8693,6.7474684715271,2.5145928859710693
8694,-10.485188484191895,-6.698771953582764
8695,-15.058382987976074,-10.309012413024902
8696,0.5621432662010193,9.062845230102539
8697,10.94051456451416,3.266516923904419
8698,-3.7232906818389893,-1.6741623878479004
8699,-5.85228967666626,-13.409113883972168
8700,-3.160919427871704,-0.038482435047626495
8701,-3.0601372718811035,-16.31833267211914
8702,-1.7543067932128906,-6.4162821769714355
8703,4.554017543792725,-2.0447025299072266
8704,-3.072709321975708,0.0856824517250061
8705,-7.580440998077393,-2.5574989318847656
8706,1.649814248085022,1.831176519393921
8707,-1.0622014999389648,1.3303054571151733
8708,-3.434703826904297,1.947279453277588
8709,-0.07859821617603302,0.637143611907959
8710,-1.492623209953308,0.7791367769241333
8711,-2.225820541381836,2.114781618118286
8712,16.25806427001953,-2.6742236614227295
8713,2.4723193645477295,2.037320375442505
8714,9.676490783691406,0.29958638548851013
8715,0.030157580971717834,0.07981536537408829
8716,1.8262319564819336,-0.05237112194299698
8717,14.140969276428223,0.8071492910385132
8718,6.736301422119141,1.496658444404602
8719,-2.8299427032470703,0.1265377402305603
8720,-4.627238750457764,1.9922759532928467
8721,0.1474645584821701,7.007845878601074
8722,8.269070625305176,-12.228500366210938
8723,9.65301513671875,-10.22546100616455
8724,-0.015727460384368896,0.04267335683107376
8725,5.369078159332275,-2.617732286453247
8726,1.8754198551177979,3.4578206539154053
8727,-0.608799159526825,4.390477657318115
8728,-5.660803318023682,-5.313960075378418
8729,-4.389431476593018,-17.454586029052734
8730,11.684064865112305,-4.823337554931641
8731,-2.4600989818573,-0.019326619803905487
8732,18.456863403320312,-3.4509387016296387
8733,-1.0365458726882935,0.9987004399299622
8734,5.370916843414307,-1.2907567024230957
8735,1.4637680053710938,1.242079496383667
8736,7.601759433746338,9.640999794006348
8737,-7.816985130310059,3.5280373096466064
8738,2.6441640853881836,2.4707231521606445
8739,-3.8754098415374756,1.1769832372665405
8740,0.3719732165336609,0.07056822627782822
8741,-0.8380820155143738,7.74291467666626
8742,2.551353931427002,1.1426050662994385
8743,1.3063541650772095,9.869525909423828
8744,0.1935298889875412,-13.30968189239502
8745,-0.9080889821052551,5.589134216308594
8746,-11.840047836303711,-8.671279907226562
8747,-3.534263849258423,-3.571101665496826
8748,-4.452131748199463,2.3045899868011475
8749,15.575272560119629,10.485974311828613
8750,3.695413827896118,-8.50180721282959
8751,-2.628865957260132,-0.18873298168182373
8752,-1.7829726934432983,-1.4918913841247559
8753,-2.3149869441986084,1.478345513343811
8754,3.0054709911346436,7.769911766052246
8755,-5.658053874969482,1.6465846300125122
8756,5.5045623779296875,4.362120628356934
8757,-0.12719126045703888,-2.9120609760284424
8758,-1.3898720741271973,-1.985337734222412
8759,-3.722412586212158,2.4050486087799072
8760,1.032560110092163,-14.932005882263184
8761,-1.043147325515747,-2.6522467136383057
8762,7.255125999450684,0.7443673610687256
8763,2.385354995727539,-5.1900954246521
8764,-3.2582130432128906,-0.1401989758014679
8765,4.641849040985107,-0.4518692195415497
8766,-0.019274666905403137,3.728910446166992
8767,4.887983798980713,3.771150827407837
8768,11.296111106872559,-2.36757493019104
8769,-1.07942533493042,-0.5237014889717102
8770,1.115275263786316,-4.698504447937012
8771,-6.699429035186768,3.3825135231018066
8772,6.255817890167236,7.798299789428711
8773,-2.3848459720611572,1.7052220106124878
8774,-8.248295783996582,4.416769027709961
8775,0.027995839715003967,-1.1668682098388672
8776,-9.300348281860352,-12.722249984741211
8777,5.5199480056762695,-10.151078224182129
8778,-0.4699353575706482,7.83782434463501
8779,4.517605781555176,0.5912600159645081
8780,6.396060466766357,-0.17442667484283447
8781,1.475264072418213,-0.6703954339027405
8782,-3.588488817214966,0.33541399240493774
8783,-5.19951868057251,-2.445272445678711
8784,0.04102729260921478,-0.4921737015247345
8785,15.787569999694824,-1.9655802249908447
8786,2.3757827281951904,9.835634231567383
8787,13.266377449035645,-1.5333828926086426
8788,4.155059337615967,6.891274452209473
8789,4.112773418426514,7.849740028381348
8790,13.753766059875488,1.5236165523529053
8791,-2.856041193008423,1.4752333164215088
8792,-2.58463716506958,3.787515878677368
8793,-0.8219523429870605,1.4560565948486328
8794,-3.96914005279541,2.1835687160491943
8795,-0.5649951100349426,1.4234834909439087
8796,2.6863327026367188,-1.6675620079040527
8797,9.469801902770996,7.607659339904785
8798,0.27506428956985474,2.741586685180664
8799,3.1299631595611572,-7.885420799255371
8800,0.2418946474790573,-5.4010820388793945
8801,5.801538944244385,-6.425856590270996
8802,3.1883742809295654,-2.501647710800171
8803,-0.5338283777236938,1.9465986490249634
8804,-0.8682728409767151,-2.310537338256836
8805,1.0863550901412964,-0.09987429529428482
8806,2.5565826892852783,-8.173757553100586
8807,2.681811809539795,7.307910919189453
8808,-0.28424885869026184,-0.6402313709259033
8809,-1.356934666633606,-1.4314838647842407
8810,16.951183319091797,11.331274032592773
8811,-1.0425310134887695,1.0972400903701782
8812,2.4703404903411865,-1.0778313875198364
8813,-2.1135671138763428,-2.389115333557129
8814,0.12203989923000336,0.28903844952583313
8815,-7.931529521942139,-4.248570919036865
8816,-6.489832401275635,-9.567421913146973
8817,-0.6202629208564758,1.450648546218872
8818,15.061260223388672,-5.0806884765625
8819,-4.011154651641846,2.21370005607605
8820,-5.817296504974365,-2.351309061050415
8821,-0.06719774007797241,0.7026562690734863
8822,9.321316719055176,4.603639125823975
8823,19.302413940429688,-6.54178524017334
8824,13.129572868347168,-5.7832350730896
8825,20.422122955322266,8.082026481628418
8826,11.397039413452148,3.224929094314575
8827,-2.3527355194091797,0.8834787607192993
8828,-0.7736384272575378,-1.720190405845642
8829,0.8648536801338196,-0.3252214193344116
8830,-1.191463828086853,-2.307314395904541
8831,7.783371925354004,-13.010456085205078
8832,1.365567684173584,1.508331537246704
8833,-6.648060321807861,3.0604352951049805
8834,-4.67659330368042,-7.889785289764404
8835,-3.475062131881714,-0.6372666358947754
8836,-1.4124932289123535,-5.595062732696533
8837,-1.6638147830963135,1.3668392896652222
8838,0.4914357662200928,-5.7628865242004395
8839,3.9633724689483643,-2.0372207164764404
8840,5.607510089874268,3.74027419090271
8841,-8.301233291625977,-7.51332426071167
8842,18.625293731689453,9.47077751159668
8843,-1.7518301010131836,-12.870329856872559
8844,-2.1665468215942383,-2.3443007469177246
8845,-1.754765272140503,1.155963659286499
8846,0.5455183982849121,-1.3899035453796387
8847,-1.726904034614563,4.661651611328125
8848,2.302849531173706,-5.032768726348877
8849,-3.174659490585327,-8.179173469543457
8850,-1.3991467952728271,8.165613174438477
8851,2.9079434871673584,2.987072229385376
8852,-5.127895355224609,-21.549022674560547
8853,-0.5227993726730347,1.5281193256378174
8854,14.273777961730957,3.6760365962982178
8855,4.9328107833862305,14.300755500793457
8856,-4.529982089996338,-8.996160507202148
8857,2.1849777698516846,7.229058742523193
8858,12.234333038330078,-2.0475473403930664
8859,5.20485258102417,14.587333679199219
8860,-1.463542103767395,-0.8405613303184509
8861,1.5281479358673096,-18.08135414123535
8862,-3.5049142837524414,1.3780590295791626
8863,5.04638671875,5.36400842666626
8864,2.2292990684509277,-5.645565032958984
8865,-2.8773159980773926,-2.93913197517395
8866,4.283717632293701,-2.798548936843872
8867,0.7194721102714539,7.947507858276367
8868,4.39154052734375,-7.9004011154174805
8869,-8.070503234863281,4.329703330993652
8870,2.733790159225464,0.6119353771209717
8871,1.2890108823776245,8.966888427734375
8872,-1.4691908359527588,0.7382569313049316
8873,1.6202988624572754,-0.4387158453464508
8874,1.7432405948638916,0.8588153719902039
8875,0.15969188511371613,-1.1934071779251099
8876,3.235727310180664,-6.631755828857422
8877,-0.7666482329368591,0.9751691222190857
8878,-7.337563991546631,5.3530097007751465
8879,15.622864723205566,-2.043426752090454
8880,0.17851899564266205,-1.1995314359664917
8881,4.2454447746276855,8.182052612304688
8882,-3.637812614440918,-1.5670673847198486
8883,-1.6382994651794434,1.0277793407440186
8884,-6.365896224975586,3.9091622829437256
8885,1.1816692352294922,8.27577018737793
8886,-4.348031520843506,0.8641238212585449
8887,-1.7803670167922974,5.533382415771484
8888,-1.7171270847320557,-2.321287155151367
8889,-2.6672565937042236,2.4957666397094727
8890,-2.998447895050049,-0.7727711200714111
8891,-2.5618131160736084,0.15330085158348083
8892,12.223893165588379,0.6468104720115662
8893,6.514881610870361,-6.2500410079956055
8894,9.694803237915039,-6.792905807495117
8895,-7.8208699226379395,-1.7700448036193848
8896,0.17327003180980682,4.895709991455078
8897,7.056694507598877,10.535222053527832
8898,6.331284046173096,-2.442539691925049
8899,2.133533239364624,-0.3175886869430542
8900,-1.267194151878357,-7.935243606567383
8901,-1.772566795349121,3.5419881343841553
8902,-0.6220282316207886,0.8424960374832153
8903,-0.011928096413612366,2.4758477210998535
8904,-1.3791954517364502,6.880971431732178
8905,3.6805765628814697,5.630832672119141
8906,-1.1268703937530518,1.6864469051361084
8907,-1.107961893081665,8.176070213317871
8908,2.762009382247925,-3.1335036754608154
8909,-2.7346856594085693,1.1752371788024902
8910,-2.573322057723999,-8.562682151794434
8911,5.64906644821167,1.2050970792770386
8912,3.2054038047790527,-2.5187489986419678
8913,-2.942608118057251,-1.1402664184570312
8914,1.4204427003860474,-2.79484224319458
8915,0.5082650780677795,2.4421133995056152
8916,-0.2634863257408142,6.432021141052246
8917,-1.677019715309143,0.5971059203147888
8918,6.759296417236328,1.476832628250122
8919,2.724261999130249,1.3484060764312744
8920,0.30404311418533325,-8.656872749328613
8921,-2.8575165271759033,-3.537726402282715
8922,2.4889066219329834,-5.723027229309082
8923,4.329412937164307,-9.83884048461914
8924,-1.0383507013320923,1.4883450269699097
8925,0.46215754747390747,-3.327343225479126
8926,-7.107925891876221,-6.115206718444824
8927,-1.7478317022323608,-4.456268787384033
8928,5.1933369636535645,-8.599255561828613
8929,-2.3669209480285645,-20.638656616210938
8930,0.6915030479431152,-0.9038807153701782
8931,7.855090618133545,5.625679016113281
8932,-3.4729771614074707,-0.9812608957290649
8933,12.279207229614258,8.229897499084473
8934,8.254945755004883,-0.9908499717712402
8935,-1.0834285020828247,2.052584409713745
8936,-0.706307053565979,-1.9802634716033936
8937,1.3237396478652954,-1.795741319656372
8938,3.8758113384246826,-7.368804931640625
8939,1.7008097171783447,0.13387277722358704
8940,-2.5297014713287354,-0.20661616325378418
8941,1.5311450958251953,-1.9542746543884277
8942,5.219427585601807,14.940345764160156
8943,21.172229766845703,11.150891304016113
8944,4.393540382385254,-1.754119873046875
8945,-0.47122806310653687,0.3488005995750427
8946,1.0853517055511475,9.17643928527832
8947,15.128870964050293,5.036215305328369
8948,-0.5844986438751221,-2.9881396293640137
8949,-0.07604227215051651,-0.7241130471229553
8950,-0.8292019963264465,2.4949331283569336
8951,-6.888045787811279,-8.257635116577148
8952,0.8364858031272888,-0.15697214007377625
8953,-6.242306232452393,-6.874294281005859
8954,-1.4498769044876099,0.3990139067173004
8955,-5.991672039031982,2.9674885272979736
8956,-2.0002593994140625,5.365664482116699
8957,6.581784725189209,2.9955925941467285
8958,-4.228632926940918,-3.812577486038208
8959,-8.439416885375977,-19.557985305786133
8960,1.861191987991333,-0.7018367648124695
8961,16.818920135498047,8.004007339477539
8962,-0.4638708829879761,-0.5123082399368286
8963,-3.3305044174194336,9.649321556091309
8964,11.489485740661621,-4.894114017486572
8965,-4.1726765632629395,2.1302363872528076
8966,3.3580801486968994,2.005629539489746
8967,17.6090087890625,4.630514144897461
8968,1.4781204462051392,2.668050527572632
8969,-3.6978628635406494,0.7701354026794434
8970,0.8236068487167358,-4.691612243652344
8971,-2.513230562210083,1.7943631410598755
8972,-1.6400632858276367,1.6485639810562134
8973,1.7029035091400146,10.244466781616211
8974,4.051891803741455,-1.393930435180664
8975,-4.49601936340332,-5.305981159210205
8976,1.8537654876708984,8.986166954040527
8977,2.2573959827423096,0.1809709370136261
8978,0.9658474326133728,2.382844924926758
8979,-2.0314581394195557,-2.1942336559295654
8980,-0.29524677991867065,3.8319385051727295
8981,9.617498397827148,5.417717933654785
8982,0.3925275206565857,-2.776745080947876
8983,6.53286075592041,-4.269507884979248
8984,0.42007070779800415,0.510097861289978
8985,-0.3745514750480652,-8.092170715332031
8986,5.294947147369385,-8.315943717956543
8987,-0.795147180557251,0.22518965601921082
8988,2.8807828426361084,-5.558005332946777
8989,-1.866541862487793,7.055736541748047
8990,-0.398894727230072,8.194950103759766
8991,1.1809067726135254,-4.114595413208008
8992,-1.0105724334716797,7.77593994140625
8993,15.482536315917969,9.535807609558105
8994,8.717780113220215,0.8755133152008057
8995,9.759415626525879,1.9220715761184692
8996,0.03517906367778778,-1.986375093460083
8997,-1.6358518600463867,7.270294189453125
8998,0.8155909776687622,-0.13986414670944214
8999,15.84992504119873,0.07060977071523666
9000,4.536503791809082,12.655942916870117
9001,-5.100379943847656,-1.8803714513778687
9002,1.0470261573791504,-0.13480111956596375
9003,14.291033744812012,1.948349952697754
9004,8.196165084838867,5.1766276359558105
9005,-2.273317813873291,-0.6810507774353027
9006,7.350276947021484,-3.5630035400390625
9007,-1.2672005891799927,-4.610652446746826
9008,-4.664265155792236,3.026677131652832
9009,-2.7307801246643066,1.8418582677841187
9010,1.324570655822754,3.019508123397827
9011,-2.0790510177612305,1.3122942447662354
9012,15.164175033569336,3.440467119216919
9013,4.113705158233643,6.998729705810547
9014,-0.5908657908439636,-20.228511810302734
9015,-4.665956020355225,-1.6790850162506104
9016,-1.372337818145752,0.11450245976448059
9017,0.7871893048286438,4.2904276847839355
9018,-3.1935009956359863,0.13741350173950195
9019,-9.060636520385742,-5.969088554382324
9020,-0.8292354941368103,7.829037666320801
9021,17.04508399963379,2.3152823448181152
9022,14.05868911743164,6.021685600280762
9023,-9.456384658813477,-9.003994941711426
9024,-4.028722763061523,1.632405161857605
9025,4.270386219024658,11.196005821228027
9026,4.854349613189697,-1.8163905143737793
9027,18.834049224853516,-3.289998769760132
9028,-3.8167855739593506,3.350308656692505
9029,-8.107396125793457,-3.470109224319458
9030,2.277451276779175,-4.769103050231934
9031,-7.250979900360107,3.4673635959625244
9032,-3.44826340675354,-3.5166356563568115
9033,-7.0488715171813965,-6.414078235626221
9034,-0.7915099263191223,-5.2648725509643555
9035,1.9284765720367432,-7.9804229736328125
9036,-11.948029518127441,-7.768771171569824
9037,4.825987339019775,-7.3956403732299805
9038,8.40107536315918,1.4787993431091309
9039,-2.174715280532837,-1.32852303981781
9040,6.343532562255859,-7.544866561889648
9041,-6.65207052230835,-11.218194961547852
9042,3.2830088138580322,-5.888787269592285
9043,11.02973747253418,1.3002195358276367
9044,-5.61355447769165,-3.223403215408325
9045,0.5876772999763489,7.301253318786621
9046,3.076138734817505,-1.5478403568267822
9047,-1.008689284324646,-1.5563712120056152
9048,0.2746797800064087,0.024019792675971985
9049,-1.9831998348236084,-1.5779025554656982
9050,7.185410022735596,5.958489418029785
9051,-0.5818961262702942,1.8713514804840088
9052,-0.5711222887039185,-1.718155860900879
9053,5.9827656745910645,1.8563766479492188
9054,7.6783647537231445,-0.4169115126132965
9055,-6.045234203338623,-9.24985122680664
9056,1.9875764846801758,-3.6532514095306396
9057,-2.998349189758301,-6.6641154289245605
9058,0.6409304141998291,2.315258502960205
9059,21.46642303466797,3.2297897338867188
9060,-0.5124556422233582,-4.84874153137207
9061,-4.029493808746338,-3.854703664779663
9062,-1.5253113508224487,0.1718592643737793
9063,-7.530284404754639,-4.787533760070801
9064,-2.945777416229248,0.07280324399471283
9065,6.73944091796875,5.8179402351379395
9066,16.828649520874023,-1.778118371963501
9067,1.1060631275177002,9.843945503234863
9068,0.9703624844551086,-7.808255672454834
9069,-2.7834885120391846,-0.11326175183057785
9070,10.558318138122559,8.17833423614502
9071,-0.2952369451522827,1.297714352607727
9072,0.12711696326732635,-2.919830083847046
9073,1.9192845821380615,1.4181687831878662
9074,-1.2474260330200195,8.247597694396973
9075,20.26850128173828,7.484726905822754
9076,-3.2491471767425537,1.7759461402893066
9077,11.330458641052246,-0.5909642577171326
9078,4.411400318145752,0.5266997218132019
9079,-1.951910138130188,-8.224943161010742
9080,-2.196723222732544,-3.0325679779052734
9081,3.806107997894287,-9.604670524597168
9082,-1.652527928352356,6.988685131072998
9083,-3.198754072189331,0.9796454906463623
9084,1.3229267597198486,8.010665893554688
9085,17.606311798095703,0.7402387261390686
9086,0.8220008015632629,7.870186805725098
9087,5.355236530303955,3.5816805362701416
9088,9.155205726623535,4.325190544128418
9089,3.300859212875366,0.4897230267524719
9090,-2.276482582092285,-4.489168167114258
9091,10.04025936126709,2.6443777084350586
9092,3.9638264179229736,4.091538429260254
9093,1.1055188179016113,-3.121264934539795
9094,-6.32670259475708,-11.172775268554688
9095,3.494959831237793,0.7918581962585449
9096,4.703299522399902,-8.254047393798828
9097,6.128525257110596,15.296720504760742
9098,8.279437065124512,8.007271766662598
9099,0.27313071489334106,-0.334705114364624
9100,-11.771533966064453,-8.154891014099121
9101,-1.7411844730377197,-1.1543781757354736
9102,-15.897684097290039,-12.576040267944336
9103,15.511839866638184,1.1081457138061523
9104,3.435340642929077,0.5858982801437378
9105,3.05631947517395,-14.578006744384766
9106,6.195467948913574,2.405402898788452
9107,-5.803120136260986,-1.6260569095611572
9108,-4.1636505126953125,2.079822063446045
9109,6.069332122802734,-11.069918632507324
9110,4.365680694580078,0.13817575573921204
9111,-0.4932700991630554,3.480201005935669
9112,1.7663733959197998,-1.2730002403259277
9113,-6.388005256652832,3.550086736679077
9114,6.416562557220459,1.9992992877960205
9115,1.5410335063934326,2.7652266025543213
9116,-0.16190002858638763,-0.25218209624290466
9117,18.404178619384766,7.253296375274658
9118,1.5725959539413452,-2.1370887756347656
9119,8.24925422668457,-3.2785532474517822
9120,-1.4570246934890747,-12.500445365905762
9121,-4.922854900360107,2.781641960144043
9122,2.656057119369507,-4.781096458435059
9123,-0.05724586546421051,2.02679181098938
9124,-3.7449123859405518,0.4558541774749756
9125,0.48486751317977905,4.430262088775635
9126,-0.8486825823783875,3.8457417488098145
9127,12.731343269348145,-0.5275240540504456
9128,7.210573673248291,-3.486203908920288
9129,1.3970892429351807,-2.7345199584960938
9130,3.320655584335327,10.157184600830078
9131,3.8873541355133057,1.3865965604782104
9132,-0.9757855534553528,-14.869379043579102
9133,1.5793806314468384,5.761691093444824
9134,-3.8917577266693115,2.2008039951324463
9135,-4.406319618225098,0.9057589769363403
9136,-1.371605634689331,1.0189838409423828
9137,2.486992835998535,-4.878904342651367
9138,3.137058973312378,-6.926140308380127
9139,3.1590659618377686,-7.722795009613037
9140,0.025774464011192322,4.024709701538086
9141,-1.6102522611618042,-11.720874786376953
9142,6.08807897567749,1.2230571508407593
9143,2.87947678565979,1.7185370922088623
9144,1.5671929121017456,5.316708564758301
9145,0.33554476499557495,0.6653150320053101
9146,-1.1780133247375488,6.414480209350586
9147,8.17322826385498,5.382394313812256
9148,1.535732388496399,-0.23559758067131042
9149,-0.47968369722366333,2.136683702468872
9150,-8.352581977844238,-5.03779411315918
9151,-0.7633628845214844,2.7798211574554443
9152,4.328348636627197,-7.072768211364746
9153,-3.8934719562530518,3.6965389251708984
9154,16.095130920410156,1.329085350036621
9155,-2.035487174987793,-0.2142670750617981
9156,8.678560256958008,2.930978298187256
9157,-5.621431827545166,2.81779408454895
9158,3.3662846088409424,-0.47794458270072937
9159,5.5410847663879395,-1.0104875564575195
9160,-2.2947933673858643,0.4323347210884094
9161,-0.5257852673530579,2.283712148666382
9162,15.118597984313965,10.283753395080566
9163,-1.5521445274353027,4.11326789855957
9164,13.807994842529297,-3.0807416439056396
9165,-10.354984283447266,-14.45255184173584
9166,-1.8014633655548096,3.4502270221710205
9167,5.949580669403076,-3.5144975185394287
9168,15.312033653259277,-6.5423583984375
9169,6.75691556930542,4.386515140533447
9170,3.6943771839141846,1.407968521118164
9171,-6.769900798797607,-1.5709389448165894
9172,14.438715934753418,5.176685810089111
9173,2.897355794906616,-5.75789737701416
9174,0.14960335195064545,1.6531281471252441
9175,-1.026727318763733,1.0431822538375854
9176,2.859548568725586,-1.13425612449646
9177,19.497224807739258,3.213921308517456
9178,-4.213357925415039,-5.0926995277404785
9179,-0.2681666612625122,3.4132726192474365
9180,0.2086534947156906,7.412106037139893
9181,1.7002018690109253,3.4759061336517334
9182,-3.950868844985962,-2.53302001953125
9183,2.019732713699341,6.470989227294922
9184,-2.8048593997955322,-1.1132352352142334
9185,0.015757709741592407,-0.9641566276550293
9186,-3.6026194095611572,0.2333119511604309
9187,7.44266939163208,-6.121208667755127
9188,10.338767051696777,8.507346153259277
9189,2.8610260486602783,0.14331141114234924
9190,-3.958836793899536,3.2463724613189697
9191,-5.144812107086182,-2.158176898956299
9192,1.46976637840271,6.528781890869141
9193,6.040516376495361,2.4001734256744385
9194,7.26705265045166,13.641507148742676
9195,-0.04331941902637482,-20.526668548583984
9196,0.496687650680542,0.3980628550052643
9197,-7.042275905609131,-9.640973091125488
9198,3.5024254322052,0.8238866329193115
9199,-5.0367751121521,-1.975698471069336
9200,-2.8199007511138916,-1.1747825145721436
9201,-4.285968780517578,2.941495656967163
9202,11.756268501281738,4.530376434326172
9203,-0.535854160785675,4.924985885620117
9204,-0.9357246160507202,0.3630131781101227
9205,-1.1592926979064941,7.941256523132324
9206,-1.5131044387817383,8.603672981262207
9207,4.129324436187744,-8.922711372375488
9208,0.5408207178115845,0.009305439889431
9209,-7.877224445343018,6.182178974151611
9210,17.9674072265625,2.0946433544158936
9211,5.583948612213135,-9.050846099853516
9212,-3.318535566329956,1.0603456497192383
9213,14.319314002990723,4.575315952301025
9214,-4.0536322593688965,2.118452787399292
9215,3.681903123855591,5.330564498901367
9216,-1.8423793315887451,-1.4090479612350464
9217,-1.171345591545105,-4.511146068572998
9218,5.205252170562744,-4.045382976531982
9219,-3.9677510261535645,-5.817934513092041
9220,-1.7412000894546509,1.9555447101593018
9221,11.778360366821289,7.638851165771484
9222,-7.749148368835449,-11.936967849731445
9223,1.1948697566986084,7.361013889312744
9224,0.388180136680603,1.0531389713287354
9225,0.0722530335187912,-0.9287087917327881
9226,1.9738070964813232,-5.028505325317383
9227,20.479312896728516,10.454676628112793
9228,8.828853607177734,-6.829479217529297
9229,-8.230447769165039,-3.6792728900909424
9230,-2.458482027053833,-0.48899707198143005
9231,-1.6914798021316528,0.1748884618282318
9232,3.2446610927581787,4.891487121582031
9233,7.19760799407959,5.150259494781494
9234,-1.700222373008728,-1.5546072721481323
9235,0.02473609149456024,5.733569145202637
9236,16.563749313354492,0.7859193086624146
9237,0.7659520506858826,7.695807456970215
9238,15.684000968933105,2.17620587348938
9239,-5.677972793579102,-8.65623950958252
9240,-2.6721041202545166,1.3337740898132324
9241,-4.588361740112305,1.8824958801269531
9242,-5.874487400054932,-3.217165946960449
9243,-9.376733779907227,6.01577615737915
9244,-5.447643756866455,3.5090808868408203
9245,-1.9998977184295654,-1.4995630979537964
9246,-4.806752681732178,-7.66579008102417
9247,-5.827793598175049,-3.7035984992980957
9248,3.6887834072113037,-6.719511985778809
9249,0.6930734515190125,4.677741527557373
9250,5.04770040512085,14.12938404083252
9251,-7.682445049285889,-5.971729278564453
9252,14.462023735046387,10.758255958557129
9253,-1.8594566583633423,-2.2803494930267334
9254,11.062012672424316,4.829159736633301
9255,-1.341453194618225,0.9981533288955688
9256,-5.260324954986572,-4.225866317749023
9257,1.4640650749206543,-0.04807276278734207
9258,16.969717025756836,-2.864529848098755
9259,0.8438813090324402,0.12297793477773666
9260,4.541977882385254,0.36477115750312805
9261,1.3278757333755493,-0.10619012266397476
9262,5.4895920753479,-2.0934481620788574
9263,8.66075611114502,-8.98726749420166
9264,-2.5035743713378906,-1.1542874574661255
9265,-1.6741478443145752,-1.5728490352630615
9266,-4.007380485534668,1.820669174194336
9267,-1.2645483016967773,4.332696437835693
9268,1.9734609127044678,2.4926934242248535
9269,0.7555528283119202,6.809441566467285
9270,0.027588412165641785,4.003324508666992
9271,-0.7941147089004517,2.94138503074646
9272,3.929711103439331,-7.00717830657959
9273,-0.6698072552680969,2.9498469829559326
9274,-2.8031320571899414,1.0123931169509888
9275,-0.5345273613929749,1.6375800371170044
9276,19.655845642089844,2.8985848426818848
9277,-1.6297153234481812,1.0448417663574219
9278,-2.394986391067505,-7.974978446960449
9279,0.9226376414299011,3.5754716396331787
9280,-1.4720332622528076,0.6528037786483765
9281,1.150390625,4.467636585235596
9282,2.47627854347229,-8.076020240783691
9283,-1.6108955144882202,7.038262844085693
9284,-2.4715545177459717,-3.5117056369781494
9285,5.798572063446045,2.0711007118225098
9286,-1.949578046798706,0.4664291739463806
9287,3.3551840782165527,-5.367724895477295
9288,-5.126327991485596,1.967165231704712
9289,18.484262466430664,0.03911971300840378
9290,4.963164329528809,-9.11209774017334
9291,-5.461585998535156,2.564521312713623
9292,5.2551679611206055,11.8283052444458
9293,0.8300221562385559,5.071682453155518
9294,-4.106293678283691,-4.561028957366943
9295,-2.889841079711914,-1.0049216747283936
9296,-0.9835972189903259,7.533238410949707
9297,-0.9955485463142395,0.6250211000442505
9298,0.1972610503435135,0.5753856897354126
9299,0.8478853106498718,4.356515884399414
9300,0.20731793344020844,-6.32820987701416
9301,-1.0497496128082275,7.099884986877441
9302,3.7159271240234375,3.652620553970337
9303,3.6363651752471924,0.4121529161930084
9304,-2.5483648777008057,-3.458364486694336
9305,-0.18287725746631622,8.726469039916992
9306,-3.604055404663086,-0.044090308248996735
9307,-1.6352440118789673,-2.178840398788452
9308,-10.0338716506958,6.04081916809082
9309,9.77692985534668,1.2782886028289795
9310,-2.1880810260772705,-2.823403835296631
9311,5.170345306396484,15.16502857208252
9312,1.5665709972381592,1.2565629482269287
9313,-3.4624502658843994,0.0802757665514946
9314,-1.642154574394226,-2.5071334838867188
9315,-1.4343528747558594,-4.839189529418945
9316,2.5719802379608154,0.6322572231292725
9317,1.365647554397583,3.9715049266815186
9318,-5.746535301208496,-2.3710830211639404
9319,-2.227783441543579,-0.2836783528327942
9320,20.33946418762207,-5.46768045425415
9321,-2.2533199787139893,1.263471007347107
9322,-3.557209014892578,2.6531808376312256
9323,4.050137996673584,-3.165813684463501
9324,3.908693552017212,6.021522045135498
9325,2.772976875305176,-6.9350409507751465
9326,4.127931118011475,-7.082057952880859
9327,1.0968176126480103,1.4953533411026
9328,-0.7779875993728638,3.3108625411987305
9329,19.249290466308594,6.221534729003906
9330,6.782628536224365,-5.506038665771484
9331,0.8445011973381042,-0.33843517303466797
9332,-2.1034300327301025,1.5155837535858154
9333,4.8823699951171875,1.712577223777771
9334,-1.085213303565979,0.24340075254440308
9335,-3.732849359512329,2.249110460281372
9336,-1.8419585227966309,-2.290680170059204
9337,0.8221933245658875,-3.9623405933380127
9338,-6.2083001136779785,-3.4230525493621826
9339,-0.6156632900238037,0.6673653721809387
9340,17.20999526977539,3.138988733291626
9341,1.9380362033843994,9.621502876281738
9342,-12.541756629943848,-11.47412395477295
9343,-11.48085880279541,-6.2759528160095215
9344,13.527959823608398,6.559840202331543
9345,0.23665036261081696,1.7598825693130493
9346,1.3345732688903809,-0.7046008110046387
9347,-1.4124557971954346,8.116658210754395
9348,7.73556661605835,-12.58661937713623
9349,0.5255862474441528,0.17465683817863464
9350,6.508147239685059,-5.358763694763184
9351,2.3020598888397217,-2.235823392868042
9352,14.743393898010254,6.43458366394043
9353,-0.7109953165054321,-2.067901372909546
9354,-0.8876312971115112,-2.1301774978637695
9355,3.7434799671173096,3.154411554336548
9356,0.8525663018226624,-0.05622897297143936
9357,-1.4625270366668701,0.20461729168891907
9358,18.039016723632812,1.1720565557479858
9359,-2.951179027557373,0.1357363760471344
9360,3.3370425701141357,1.3916951417922974
9361,3.534740924835205,-10.31155776977539
9362,12.403969764709473,7.72217321395874
9363,7.1756367683410645,5.288847923278809
9364,9.996123313903809,-4.11466646194458
9365,-14.691054344177246,-8.087841987609863
9366,3.504469633102417,0.2886422574520111
9367,11.086148262023926,0.6278002858161926
9368,0.04915855824947357,1.923675775527954
9369,-1.029413104057312,-0.23140767216682434
9370,-3.163588047027588,-9.316250801086426
9371,-0.23242296278476715,-2.2129690647125244
9372,0.0456879585981369,-8.395167350769043
9373,-0.8289875388145447,-1.316741943359375
9374,2.3240997791290283,0.5794265866279602
9375,2.2515547275543213,9.99340534210205
9376,15.893847465515137,10.78633975982666
9377,5.236155986785889,5.2937726974487305
9378,8.893718719482422,0.17996779084205627
9379,-3.6102163791656494,-3.5653645992279053
9380,-3.67639422416687,-1.1607390642166138
9381,-11.00498104095459,-7.273611068725586
9382,6.20541524887085,1.1923099756240845
9383,19.50101661682129,10.585921287536621
9384,-0.25899413228034973,0.5288872718811035
9385,0.34412556886672974,4.057933807373047
9386,-0.4081811308860779,1.0026018619537354
9387,-0.046296849846839905,-3.8936092853546143
9388,14.147604942321777,9.919066429138184
9389,-6.598351955413818,5.016790390014648
9390,2.6203553676605225,6.401919364929199
9391,-3.6824755668640137,-7.122461795806885
9392,-1.0384812355041504,7.98971700668335
9393,-1.3411628007888794,0.039612822234630585
9394,-0.12862440943717957,0.3024693727493286
9395,4.334128379821777,-6.804476737976074
9396,-4.020752429962158,-1.2722601890563965
9397,2.0504109859466553,8.730290412902832
9398,14.03754711151123,0.100102998316288
9399,1.8411874771118164,-1.9540109634399414
9400,4.059765815734863,10.881285667419434
9401,1.8810269832611084,1.0699352025985718
9402,12.547085762023926,-0.6783249974250793
9403,0.8430371880531311,-0.40730175375938416
9404,-2.499389410018921,1.8174312114715576
9405,6.190484523773193,7.525465965270996
9406,-12.716525077819824,-23.82191276550293
9407,8.983201026916504,3.532597303390503
9408,5.726953983306885,-0.42139169573783875
9409,-0.6771776676177979,0.23379188776016235
9410,-1.360012412071228,6.815042018890381
9411,0.9048507809638977,-5.397810935974121
9412,-0.09756029397249222,0.028250329196453094
9413,10.94775390625,0.8882378935813904
9414,5.152451992034912,-11.37137508392334
9415,11.886652946472168,7.466495990753174
9416,3.624033212661743,-9.10440731048584
9417,17.426525115966797,-10.249340057373047
9418,-0.13828155398368835,0.38531139492988586
9419,-8.334769248962402,-11.581934928894043
9420,2.730125665664673,-6.956703186035156
9421,-2.6528689861297607,-11.021498680114746
9422,-4.594008445739746,-2.289149284362793
9423,1.4958113431930542,-1.895434856414795
9424,-0.06230528652667999,2.256878137588501
9425,-5.759771823883057,1.2245380878448486
9426,-4.202940940856934,-2.1499271392822266
9427,-0.028539881110191345,-1.9837515354156494
9428,-2.8623132705688477,-1.6481480598449707
9429,-1.701972246170044,-1.626381754875183
9430,0.4118104577064514,-1.5643706321716309
9431,0.9850667119026184,-1.3628326654434204
9432,2.009573221206665,-0.8479008674621582
9433,1.6949132680892944,1.0505666732788086
9434,-17.2482852935791,-11.31316089630127
9435,5.633924961090088,1.647489309310913
9436,-1.9071258306503296,-0.6219714283943176
9437,-0.6475446820259094,1.1031358242034912
9438,-0.34586039185523987,0.06551198661327362
9439,0.3063082695007324,3.0806524753570557
9440,3.8815619945526123,-6.8404035568237305
9441,-2.5724668502807617,-0.22480589151382446
9442,-5.929810047149658,-6.284155368804932
9443,1.5870654582977295,5.756896018981934
9444,-0.5371261835098267,0.720705509185791
9445,-2.2256078720092773,-1.4602563381195068
9446,0.7350702881813049,-3.7906534671783447
9447,0.8284345269203186,-3.308617115020752
9448,17.334117889404297,-2.552572727203369
9449,0.25566035509109497,4.170965194702148
9450,0.5007250905036926,-8.74845027923584
9451,13.735222816467285,5.885653495788574
9452,-1.1540420055389404,-0.9691152572631836
9453,5.435885906219482,4.463662147521973
9454,1.1338099241256714,7.812631607055664
9455,0.36762070655822754,0.43282783031463623
9456,-4.981381416320801,1.697258710861206
9457,2.134890079498291,8.579756736755371
9458,-7.500311851501465,-5.663712978363037
9459,-2.208526849746704,-2.6540842056274414
9460,-1.1905405521392822,7.697567462921143
9461,-0.5458766222000122,1.5040647983551025
9462,1.5406204462051392,-5.139111518859863
9463,1.4738764762878418,-0.34815409779548645
9464,-8.591113090515137,-6.496748924255371
9465,12.979247093200684,5.386175632476807
9466,6.394754886627197,7.1549601554870605
9467,-2.575578212738037,5.0372161865234375
9468,-0.13023443520069122,-8.781535148620605
9469,-4.543169021606445,2.0661115646362305
9470,3.3612377643585205,-0.08325118571519852
9471,-1.6936125755310059,8.387860298156738
9472,1.964977502822876,1.6476490497589111
9473,1.0620155334472656,-6.318444728851318
9474,-4.042713165283203,0.19520771503448486
9475,-1.1575303077697754,2.800412893295288
9476,-11.373556137084961,-6.812921524047852
9477,-1.4553881883621216,6.287027359008789
9478,8.961113929748535,-5.768812656402588
9479,-3.111795663833618,-2.315338373184204
9480,5.922303676605225,2.149376392364502
9481,5.454949855804443,0.05846452713012695
9482,9.761971473693848,8.69079303741455
9483,-3.4500091075897217,-13.338479042053223
9484,8.120686531066895,6.689478874206543
9485,0.6000984311103821,5.667327404022217
9486,0.32184654474258423,8.485527038574219
9487,-4.744452953338623,2.25583815574646
9488,4.8393025398254395,0.5878177881240845
9489,-10.899079322814941,5.789706230163574
9490,-6.968174457550049,6.824886322021484
9491,18.072938919067383,2.212111711502075
9492,8.705120086669922,4.933077812194824
9493,-1.6834216117858887,-2.1435060501098633
9494,-0.7234811782836914,0.6623307466506958
9495,0.309841513633728,-3.599327802658081
9496,-5.628913402557373,-18.27562713623047
9497,14.776350975036621,-1.4223151206970215
9498,-3.6751046180725098,1.7313802242279053
9499,-3.9932050704956055,2.226638078689575
9500,-12.62406063079834,-10.489947319030762
9501,0.4508848786354065,-2.9645159244537354
9502,2.9166972637176514,0.9200149178504944
9503,2.061129331588745,-2.503909111022949
9504,1.162285327911377,-0.14855968952178955
9505,-3.86039137840271,-2.414440155029297
9506,0.5698258876800537,3.9149281978607178
9507,6.814952373504639,5.628796577453613
9508,3.48864483833313,8.34464168548584
9509,17.091583251953125,-2.09537672996521
9510,4.428968906402588,-0.6643774509429932
9511,4.900753498077393,1.8377623558044434
9512,-0.528011679649353,1.6173064708709717
9513,20.63477897644043,11.469316482543945
9514,9.52274227142334,-3.2311291694641113
9515,13.856402397155762,1.4985641241073608
9516,2.0880303382873535,5.729642868041992
9517,0.35917896032333374,1.7270958423614502
9518,1.5513324737548828,0.6479612588882446
9519,-5.2866339683532715,3.135612726211548
9520,4.911162853240967,6.185315132141113
9521,0.8609678149223328,-3.219895839691162
9522,16.093994140625,6.946820259094238
9523,1.1533056497573853,-3.6003596782684326
9524,12.577536582946777,2.972804307937622
9525,4.837053298950195,5.982922554016113
9526,-2.3781330585479736,1.2121137380599976
9527,5.920841693878174,-0.4855717122554779
9528,-0.06763826310634613,1.9877007007598877
9529,1.0809811353683472,-0.2938617765903473
9530,-1.7221449613571167,-1.5677742958068848
9531,-4.193383693695068,-4.707785129547119
9532,-2.5910534858703613,-3.1759541034698486
9533,-1.8029180765151978,-1.3894565105438232
9534,-4.190486907958984,0.9376893043518066
9535,-3.321272134780884,1.8914999961853027
9536,1.2815766334533691,3.1248292922973633
9537,-7.060756206512451,-12.810171127319336
9538,4.622961044311523,-10.83359432220459
9539,3.6794800758361816,1.3400870561599731
9540,0.022254034876823425,-0.9749715328216553
9541,16.027956008911133,10.633875846862793
9542,9.531882286071777,3.39182710647583
9543,-0.6776995658874512,-1.7284597158432007
9544,-1.4196288585662842,0.08763498067855835
9545,-1.1153554916381836,1.4665215015411377
9546,-0.7950184345245361,0.911755383014679
9547,-1.7026718854904175,2.1610453128814697
9548,-2.9817304611206055,-2.3726534843444824
9549,2.1057121753692627,0.8321581482887268
9550,2.6051883697509766,0.01907353848218918
9551,-2.412945508956909,1.75460684299469
9552,-1.227947473526001,8.039533615112305
9553,-2.9638397693634033,-0.3980208933353424
9554,0.24936901032924652,-7.783010482788086
9555,13.734707832336426,6.912808418273926
9556,-2.6511006355285645,-11.559006690979004
9557,-2.1865158081054688,-4.515748023986816
9558,-3.0348501205444336,-14.95894718170166
9559,-3.3327975273132324,1.7808808088302612
9560,11.733431816101074,-3.609706163406372
9561,0.6570696830749512,3.0258190631866455
9562,13.584118843078613,0.4389999508857727
9563,0.8568505644798279,8.438105583190918
9564,-2.8761494159698486,-4.219986438751221
9565,3.2709686756134033,-8.172571182250977
9566,-0.5942438244819641,5.73994255065918
9567,-3.0253961086273193,-3.0962140560150146
9568,-15.865601539611816,-7.2829270362854
9569,13.642939567565918,-2.439617872238159
9570,3.136463165283203,-1.4036941528320312
9571,2.005290985107422,0.31484195590019226
9572,6.749269008636475,-5.742639541625977
9573,1.303025722503662,-3.7116427421569824
9574,11.188948631286621,-3.1766855716705322
9575,-3.7580931186676025,-19.53866958618164
9576,-1.2140141725540161,3.9977328777313232
9577,-1.453173279762268,-1.9856185913085938
9578,18.315832138061523,-5.357525825500488
9579,-14.645668983459473,-7.1534223556518555
9580,-0.2259020358324051,7.816422462463379
9581,-0.3129886984825134,3.246914863586426
9582,1.0578945875167847,6.4427056312561035
9583,4.639187335968018,10.298378944396973
9584,4.414610385894775,8.83421802520752
9585,-9.421817779541016,-17.924345016479492
9586,-0.5629828572273254,-0.08841533213853836
9587,-4.017796516418457,1.3010567426681519
9588,-9.618475914001465,-16.00193214416504
9589,-3.0036041736602783,1.4560518264770508
9590,2.2895162105560303,7.5295820236206055
9591,3.558985471725464,-1.6048369407653809
9592,3.775075674057007,-2.8565404415130615
9593,2.7209649085998535,-5.880655288696289
9594,-1.674532175064087,-3.2017242908477783
9595,3.315473794937134,0.44290879368782043
9596,1.491966962814331,3.5588443279266357
9597,-2.6444876194000244,-9.302578926086426
9598,4.612392902374268,-3.7843306064605713
9599,17.148244857788086,0.6832733750343323
9600,11.471378326416016,-5.44645881652832
9601,0.0878181904554367,8.095616340637207
9602,3.209468126296997,0.2262897789478302
9603,7.747251987457275,-0.19256362318992615
9604,-2.456881046295166,-0.38555702567100525
9605,-3.8980159759521484,1.5034314393997192
9606,7.795779705047607,-0.9069057703018188
9607,-2.507096529006958,0.5458068251609802
9608,-1.1374067068099976,1.887668251991272
9609,-2.049774169921875,2.568168878555298
9610,4.785522937774658,6.8639936447143555
9611,6.216744899749756,3.5603549480438232
9612,-5.2389044761657715,-10.168251037597656
9613,-3.446021318435669,1.2025352716445923
9614,-3.9542152881622314,-1.2572768926620483
9615,-1.6449779272079468,-5.13761043548584
9616,-7.595425605773926,-6.955585479736328
9617,6.98993444442749,-10.639851570129395
9618,19.05061912536621,2.911464214324951
9619,-0.8737583160400391,-1.903599500656128
9620,-1.4585850238800049,1.2021772861480713
9621,-0.401356041431427,0.16312876343727112
9622,2.0675554275512695,5.033057689666748
9623,6.052618026733398,15.319230079650879
9624,0.8468777537345886,6.763168811798096
9625,-3.1033082008361816,-12.621517181396484
9626,-9.805797576904297,-3.469707727432251
9627,-4.178811550140381,3.977877616882324
9628,0.6921989321708679,-0.2631257176399231
9629,0.7112048268318176,-0.6554335951805115
9630,-1.0224075317382812,8.184679985046387
9631,0.6932176351547241,0.21098680794239044
9632,1.386001706123352,-0.4825919568538666
9633,-1.4973024129867554,-1.134788155555725
9634,11.73964786529541,-6.65956449508667
9635,9.931270599365234,4.779026031494141
9636,4.208271503448486,-0.3438458740711212
9637,2.132249593734741,-7.918231010437012
9638,9.20647144317627,5.293211936950684
9639,1.887357234954834,-4.295999050140381
9640,7.662616729736328,0.6026194095611572
9641,-2.8355274200439453,-3.5668187141418457
9642,13.377021789550781,10.768962860107422
9643,3.521454095840454,7.021291732788086
9644,6.029064178466797,1.3462231159210205
9645,6.4568352699279785,-0.18621668219566345
9646,-2.1163811683654785,-1.0391426086425781
9647,4.710010051727295,-3.442365884780884
9648,-0.9987373948097229,1.0650525093078613
9649,-0.7296494245529175,1.0937389135360718
9650,-1.9881471395492554,0.7062820792198181
9651,3.678035020828247,-2.2383944988250732
9652,21.118135452270508,10.714764595031738
9653,1.8289425373077393,1.4621315002441406
9654,-2.586376905441284,-0.19481518864631653
9655,7.735152244567871,9.996106147766113
9656,3.6152780055999756,0.9538824558258057
9657,13.79123592376709,4.562437057495117
9658,3.5055856704711914,-10.431063652038574
9659,-3.385786771774292,-3.2120120525360107
9660,-4.539468288421631,-1.173812985420227
9661,2.7809817790985107,-2.32539439201355
9662,-1.106466293334961,0.8737285733222961
9663,16.774423599243164,-3.403693199157715
9664,2.810220956802368,-3.5803120136260986
9665,4.282435894012451,7.777743339538574
9666,-5.671359539031982,-4.117378234863281
9667,-10.579283714294434,-3.7360942363739014
9668,0.710195779800415,-0.18533918261528015
9669,-0.13008053600788116,3.3008944988250732
9670,3.4611752033233643,-20.682222366333008
9671,16.756492614746094,10.91855525970459
9672,-1.4307869672775269,7.058318138122559
9673,-15.191800117492676,-10.443888664245605
9674,-8.244266510009766,6.948746681213379
9675,3.853752851486206,7.915843486785889
9676,-0.9039229154586792,1.222823143005371
9677,1.0865412950515747,-9.806422233581543
9678,18.155569076538086,4.144893169403076
9679,7.81825065612793,-1.2498306035995483
9680,4.183104991912842,8.849401473999023
9681,3.945796251296997,-12.52370834350586
9682,-4.813026428222656,2.1867730617523193
9683,14.208295822143555,-2.0254313945770264
9684,10.165753364562988,6.840771675109863
9685,-5.129054546356201,2.0224084854125977
9686,-2.0385522842407227,-2.1771414279937744
9687,1.479936122894287,0.9860920310020447
9688,-0.5170180797576904,0.6789572238922119
9689,-1.6217191219329834,7.979729175567627
9690,4.149435520172119,-13.115891456604004
9691,-4.720920562744141,2.4532711505889893
9692,0.8044072389602661,3.631772994995117
9693,7.813583850860596,2.9052579402923584
9694,15.351996421813965,-2.724574565887451
9695,21.91359519958496,3.251307249069214
9696,7.8042731285095215,-3.4716620445251465
9697,0.654784619808197,2.8413844108581543
9698,-3.1734538078308105,0.7694441676139832
9699,-12.596420288085938,-12.756505012512207
9700,-0.8959583044052124,2.7355353832244873
9701,-1.0870331525802612,1.1439189910888672
9702,-1.3556153774261475,6.426947593688965
9703,9.545476913452148,0.8289431929588318
9704,3.0997889041900635,3.3736069202423096
9705,-2.3678715229034424,0.9424342513084412
9706,-2.5514822006225586,-1.4725894927978516
9707,-4.760025501251221,-3.300588846206665
9708,1.611006498336792,2.1969971656799316
9709,-1.696629285812378,-2.2712347507476807
9710,8.426948547363281,-0.26609674096107483
9711,1.3750417232513428,-1.8035330772399902
9712,1.5157403945922852,8.552593231201172
9713,2.821528434753418,-5.730649948120117
9714,-1.6463704109191895,6.8279595375061035
9715,6.216274738311768,-4.004842758178711
9716,17.570850372314453,6.234201431274414
9717,1.5747966766357422,-6.316424369812012
9718,-14.422402381896973,-9.270581245422363
9719,1.8858704566955566,-7.194375038146973
9720,-3.764493227005005,0.100450299680233
9721,5.312802314758301,11.859269142150879
9722,2.2590525150299072,0.960157036781311
9723,-3.994000196456909,-3.8026421070098877
9724,2.589574098587036,-0.3161661922931671
9725,-0.4826081395149231,-0.028536774218082428
9726,4.559134006500244,-4.132810115814209
9727,3.552913188934326,7.536368370056152
9728,-1.71380615234375,7.606095790863037
9729,0.6299317479133606,-1.6537082195281982
9730,-1.3953741788864136,5.085381031036377
9731,-1.3736345767974854,0.690660297870636
9732,12.474566459655762,10.040679931640625
9733,-1.1993277072906494,-4.409764289855957
9734,-2.4916884899139404,-0.7746347188949585
9735,-5.605566024780273,-14.521561622619629
9736,16.209285736083984,6.579975128173828
9737,-10.134164810180664,-6.58825159072876
9738,10.434807777404785,2.162465810775757
9739,-1.058457374572754,6.873322486877441
9740,3.157130002975464,-2.708427667617798
9741,3.5112104415893555,8.749796867370605
9742,6.896909236907959,1.4933992624282837
9743,12.0165376663208,6.752089023590088
9744,18.964149475097656,-0.4537836015224457
9745,-18.11280059814453,-12.25087833404541
9746,10.257098197937012,6.851541996002197
9747,7.453518390655518,2.64164137840271
9748,-1.8516783714294434,-2.193746566772461
9749,2.461653232574463,-5.444697856903076
9750,-0.7301003932952881,3.219670295715332
9751,0.6924394965171814,-0.6153815984725952
9752,-1.5951581001281738,-0.48266759514808655
9753,1.4593522548675537,0.24481138586997986
9754,-8.539715766906738,5.482117176055908
9755,1.6672648191452026,-10.020010948181152
9756,-2.1923210620880127,-2.900242805480957
9757,-4.179220676422119,2.4056687355041504
9758,-7.601627826690674,-5.615908622741699
9759,0.5345219373703003,0.30867353081703186
9760,2.075040340423584,8.192663192749023
9761,-1.079416036605835,-1.2368180751800537
9762,-1.4845876693725586,-1.0193537473678589
9763,5.409919261932373,-2.0513713359832764
9764,0.7974236011505127,4.628523826599121
9765,6.82722282409668,4.315128803253174
9766,-15.716974258422852,-9.859705924987793
9767,-0.2969018220901489,1.859605312347412
9768,2.245225429534912,-5.357451438903809
9769,8.214881896972656,-3.4044535160064697
9770,2.4559226036071777,-5.730738162994385
9771,-2.2673325538635254,-5.346427917480469
9772,-7.76274299621582,-4.649680137634277
9773,-2.8942887783050537,-1.850710153579712
9774,4.18106746673584,-10.735193252563477
9775,0.7962785363197327,4.008697986602783
9776,-0.6377113461494446,0.7473706603050232
9777,1.4867358207702637,-16.258380889892578
9778,8.027019500732422,14.042149543762207
9779,-2.4762704372406006,-0.5610549449920654
9780,8.186386108398438,-4.217338562011719
9781,3.99482798576355,-0.04197699576616287
9782,-1.3969756364822388,-1.0549397468566895
9783,3.7833940982818604,-12.211393356323242
9784,8.290970802307129,-11.895157814025879
9785,5.178072452545166,-0.7466169595718384
9786,0.11249522864818573,3.008441686630249
9787,-8.13977336883545,-5.073344707489014
9788,1.9975669384002686,-0.9742857217788696
9789,-1.449105143547058,6.135371685028076
9790,11.404166221618652,0.5355998277664185
9791,-0.3668481707572937,5.973285675048828
9792,-0.017199933528900146,-0.8142529129981995
9793,1.2696332931518555,-1.6881377696990967
9794,9.943142890930176,3.146355152130127
9795,0.4069872498512268,5.179869174957275
9796,-1.7478173971176147,1.2678946256637573
9797,2.3785336017608643,10.210538864135742
9798,-12.465300559997559,-7.50772762298584
9799,-2.3532257080078125,0.8905439972877502
9800,0.08460579812526703,-3.9588282108306885
9801,-10.923855781555176,-8.54147720336914
9802,19.810867309570312,7.207813262939453
9803,16.384714126586914,4.63015604019165
9804,1.4300363063812256,-2.0455803871154785
9805,15.7886323928833,-5.729856491088867
9806,-1.952797293663025,7.687125205993652
9807,-1.4416366815567017,1.5231006145477295
9808,2.8286049365997314,0.4436137080192566
9809,-1.5124768018722534,6.510488510131836
9810,8.087554931640625,-2.175276517868042
9811,1.0064204931259155,2.2597477436065674
9812,-3.409726142883301,0.9575449228286743
9813,-4.609012126922607,3.597447156906128
9814,3.3231778144836426,-9.194319725036621
9815,0.3751067519187927,4.785623073577881
9816,6.9654693603515625,11.812407493591309
9817,2.9018843173980713,-1.3272655010223389
9818,3.905813455581665,-1.9794981479644775
9819,-13.690604209899902,-16.299102783203125
9820,9.377748489379883,-3.1429858207702637
9821,7.467658519744873,-11.313639640808105
9822,9.190934181213379,-5.58552360534668
9823,-4.158331394195557,1.0178959369659424
9824,-2.7366740703582764,-3.1841464042663574
9825,17.805587768554688,6.246316432952881
9826,5.344784259796143,0.5940871834754944
9827,1.5483893156051636,0.9187670946121216
9828,5.848837375640869,5.740198135375977
9829,-3.8615546226501465,2.0201034545898438
9830,6.344197750091553,15.386462211608887
9831,4.695842742919922,-7.519413948059082
9832,10.617087364196777,-3.835463285446167
9833,9.351571083068848,6.201779365539551
9834,1.004449486732483,-0.2761516571044922
9835,-13.808844566345215,-7.1070709228515625
9836,0.15344135463237762,-0.15280064940452576
9837,14.374152183532715,-4.65498685836792
9838,-0.0814131647348404,-3.732243776321411
9839,13.173954963684082,-0.8430661559104919
9840,0.4892647862434387,9.032744407653809
9841,-4.741693019866943,3.792900323867798
9842,4.138698577880859,-3.911302328109741
9843,0.8580442070960999,-0.6578155755996704
9844,1.0491589307785034,3.749398708343506
9845,3.940505266189575,0.7547110915184021
9846,14.703309059143066,3.4024033546447754
9847,15.77834701538086,-1.7185641527175903
9848,0.8033177852630615,3.0325443744659424
9849,-7.982263565063477,5.431464195251465
9850,-4.424839496612549,2.426082134246826
9851,-4.167713642120361,2.800541400909424
9852,-4.85954475402832,-2.965595006942749
9853,2.9510748386383057,-0.7483901977539062
9854,1.0042804479599,7.469527244567871
9855,0.2140987366437912,5.615437030792236
9856,0.7129605412483215,-17.44751739501953
9857,12.079804420471191,6.794621467590332
9858,1.9342412948608398,5.180793285369873
9859,6.48724889755249,6.776115894317627
9860,2.1947391033172607,0.755683183670044
9861,-2.6263153553009033,1.2969977855682373
9862,16.02663230895996,9.505403518676758
9863,-1.1070966720581055,6.597377777099609
9864,-0.019310906529426575,-10.18152141571045
9865,2.4216604232788086,10.161376953125
9866,-2.3449485301971436,-10.16653823852539
9867,-1.8452022075653076,6.512788772583008
9868,2.1938271522521973,-4.90973424911499
9869,1.9636931419372559,1.169911503791809
9870,-1.2674497365951538,0.5528668761253357
9871,6.193238735198975,10.835129737854004
9872,0.03433065116405487,3.3197174072265625
9873,-1.7874618768692017,5.804830074310303
9874,14.940016746520996,3.2017674446105957
9875,-2.9289135932922363,-11.980134010314941
9876,-6.333782196044922,-9.203351974487305
9877,-3.133143901824951,0.00363941490650177
9878,-1.0218404531478882,1.753577709197998
9879,8.612156867980957,10.717514991760254
9880,2.048445463180542,1.9525188207626343
9881,6.984714031219482,0.9168938398361206
9882,-0.5744912624359131,1.033765196800232
9883,-1.5578862428665161,-5.302005767822266
9884,-1.403686285018921,8.158662796020508
9885,3.3311264514923096,7.608669281005859
9886,13.54472827911377,4.351018905639648
9887,-1.1675852537155151,2.363680839538574
9888,1.702153205871582,5.82846212387085
9889,-1.836183786392212,1.4914171695709229
9890,0.2546793222427368,-2.353243112564087
9891,-1.243003010749817,-1.9098708629608154
9892,3.0508251190185547,-4.8779683113098145
9893,-5.540746212005615,2.466601610183716
9894,-0.8114750981330872,-3.8458564281463623
9895,-10.52448558807373,-3.9666178226470947
9896,4.668365955352783,1.8802777528762817
9897,0.9541286826133728,0.2430214285850525
9898,2.722581624984741,-7.1472063064575195
9899,-1.4510362148284912,4.651096343994141
9900,-1.1380454301834106,5.942530632019043
9901,0.42873430252075195,3.196753740310669
9902,-4.270504951477051,-1.2950553894042969
9903,-13.876070976257324,-11.708221435546875
9904,-1.007293462753296,1.174646019935608
9905,0.777669370174408,-4.610503196716309
9906,19.724525451660156,5.80622673034668
9907,4.861522197723389,-8.04691219329834
9908,-2.017122745513916,-2.1576714515686035
9909,-1.2469676733016968,0.8862140774726868
9910,4.28700065612793,10.710247993469238
9911,-1.2067092657089233,-0.09540129452943802
9912,10.132437705993652,2.442492961883545
9913,-2.345004081726074,-12.121499061584473
9914,-2.5080907344818115,0.08967451751232147
9915,-0.08780689537525177,2.5120229721069336
9916,12.877692222595215,5.972404479980469
9917,20.5887451171875,0.1565820872783661
9918,-17.836719512939453,-10.21905517578125
9919,5.252540111541748,0.9193885326385498
9920,-7.426407814025879,-12.642919540405273
9921,8.369016647338867,14.228078842163086
9922,-5.9396467208862305,2.2530081272125244
9923,6.157464981079102,8.427258491516113
9924,-1.702078938484192,1.9774634838104248
9925,-3.3263001441955566,1.6524282693862915
9926,3.7658891677856445,-1.6392810344696045
9927,-0.3566064238548279,7.428618907928467
9928,-14.417414665222168,-9.008930206298828
9929,-0.15954871475696564,3.0554020404815674
9930,-1.662322998046875,-8.958162307739258
9931,-3.961984395980835,-4.4172563552856445
9932,1.9340929985046387,1.3636406660079956
9933,16.144989013671875,-0.2131238579750061
9934,17.146188735961914,-5.246424674987793
9935,0.5709527134895325,-9.528412818908691
9936,12.939796447753906,-0.0964694693684578
9937,2.546647310256958,-10.65505313873291
9938,0.5148049592971802,0.08028199523687363
9939,0.37371498346328735,0.4611959159374237
9940,-0.8949477672576904,2.0045220851898193
9941,-0.5966885685920715,3.139115571975708
9942,0.7334232926368713,4.172900199890137
9943,1.6789872646331787,1.0260707139968872
9944,-12.242328643798828,-10.265774726867676
9945,22.692520141601562,9.100349426269531
9946,1.2904542684555054,-4.962413787841797
9947,17.30487823486328,1.9190484285354614
9948,0.5295194983482361,7.258322715759277
9949,-3.1096694469451904,0.9737261533737183
9950,-2.2353506088256836,-5.043710231781006
9951,-5.3108134269714355,-11.174983024597168
9952,-4.130234718322754,2.169739007949829
9953,2.8904035091400146,-2.499135971069336
9954,-2.4657351970672607,-9.939765930175781
9955,1.9580726623535156,6.711246967315674
9956,-19.082305908203125,-16.0312442779541
9957,2.2563629150390625,9.45069694519043
9958,6.084203243255615,1.7913602590560913
9959,0.26433032751083374,-3.0346415042877197
9960,21.49551773071289,11.59583854675293
9961,4.278854846954346,8.760452270507812
9962,6.371832847595215,1.5517325401306152
9963,2.189378499984741,9.253080368041992
9964,-4.0724382400512695,2.073974132537842
9965,-1.7454113960266113,-1.359071135520935
9966,-2.621769905090332,-5.501293659210205
9967,3.500784158706665,0.3746570646762848
9968,-4.416032314300537,-8.166626930236816
9969,8.350423812866211,-0.21658563613891602
9970,8.459691047668457,3.1882436275482178
9971,9.984562873840332,0.027140550315380096
9972,10.366303443908691,2.9752748012542725
9973,4.723559856414795,2.1006267070770264
9974,-2.7705979347229004,1.0299346446990967
9975,1.2593600749969482,5.585545539855957
9976,2.948350429534912,-0.2996360659599304
9977,-1.1827654838562012,8.134204864501953
9978,-2.3885083198547363,-2.3406312465667725
9979,0.6982178688049316,2.444317579269409
9980,-1.224227786064148,1.504018783569336
9981,-5.407354831695557,-13.226346015930176
9982,0.3035758137702942,4.1294708251953125
9983,-3.4118826389312744,0.21789662539958954
9984,-1.3841631412506104,8.068673133850098
9985,-5.106781959533691,2.772350549697876
9986,-3.7227184772491455,-2.2516682147979736
9987,-1.301496148109436,1.1003540754318237
9988,-3.667163372039795,0.15741002559661865
9989,-0.08695049583911896,-0.5412375926971436
9990,-10.364408493041992,-11.885412216186523
9991,-9.211905479431152,-5.415923118591309
9992,1.6351736783981323,-5.356707572937012
9993,-2.5998828411102295,-9.406411170959473
9994,2.794341564178467,2.3049869537353516
9995,0.02028767764568329,3.246351957321167
9996,2.8367624282836914,8.587382316589355
9997,3.064513921737671,-7.13974666595459
9998,0.6183921694755554,4.661290645599365
9999,0.8903883099555969,-0.2351756989955902
10000,14.362198829650879,3.0491974353790283
10001,2.5257956981658936,3.195274829864502
10002,2.9966766834259033,-2.4880917072296143
10003,8.29870891571045,2.0691497325897217
10004,1.754157304763794,3.2042267322540283
10005,-0.430422842502594,-5.932866096496582
10006,20.213640213012695,10.715143203735352
10007,-4.081479072570801,-1.6377428770065308
10008,-1.8442811965942383,-18.9898681640625
10009,-0.8490592837333679,0.9445420503616333
10010,4.358847618103027,1.3624117374420166
10011,18.492685317993164,11.333901405334473
10012,0.7449026107788086,-0.00929231196641922
10013,9.14206600189209,-6.431061744689941
10014,6.614719867706299,-3.8564774990081787
10015,-3.333014726638794,1.6737653017044067
10016,21.225282669067383,8.466715812683105
10017,7.861937999725342,3.5827486515045166
10018,-1.237686038017273,2.0279581546783447
10019,4.259246349334717,-1.4827266931533813
10020,0.8175491690635681,2.8535332679748535
10021,1.6509097814559937,5.5887908935546875
10022,0.755672037601471,0.8762921094894409
10023,-9.492063522338867,-7.408047676086426
10024,-0.5201703310012817,-3.8605268001556396
10025,12.807330131530762,1.2808433771133423
10026,10.756108283996582,8.292191505432129
10027,5.379121780395508,-3.4035627841949463
10028,16.124168395996094,1.4993575811386108
10029,11.396834373474121,8.06013298034668
10030,12.140313148498535,9.808557510375977
10031,3.7992441654205322,0.11662968248128891
10032,-0.7829397320747375,2.9331586360931396
10033,5.104854583740234,7.112320899963379
10034,12.866425514221191,-6.3831682205200195
10035,0.577495813369751,3.0325913429260254
10036,-2.5296385288238525,-8.260913848876953
10037,-1.1332142353057861,-3.4944474697113037
10038,2.6149935722351074,-8.75621509552002
10039,-2.2193284034729004,-5.792938709259033
10040,-3.5386106967926025,-0.6451357007026672
10041,2.0677170753479004,6.784785747528076
10042,-6.756185531616211,-6.421546936035156
10043,-2.611868143081665,1.4352309703826904
10044,17.571226119995117,4.360379695892334
10045,3.0849649906158447,4.427897930145264
10046,-1.6932379007339478,-1.3577821254730225
10047,8.519079208374023,5.967953681945801
10048,-1.5685557126998901,-5.162554740905762
10049,1.1771525144577026,-3.7131471633911133
10050,20.8507022857666,4.530971527099609
10051,-0.32807326316833496,3.408971071243286
10052,-0.9010253548622131,1.7395673990249634
10053,2.158560037612915,1.822758674621582
10054,16.537067413330078,0.5120975375175476
10055,9.976126670837402,1.589086651802063
10056,0.452089786529541,1.9135255813598633
10057,3.3541276454925537,-2.074467658996582
10058,-2.209458112716675,-0.34434500336647034
10059,8.125060081481934,6.881443977355957
10060,14.924515724182129,-2.0322694778442383
10061,6.891901016235352,-1.1716556549072266
10062,1.0637879371643066,-0.22559216618537903
10063,-0.18150408565998077,0.7839179039001465
10064,2.3217504024505615,9.4627103805542
10065,1.6553013324737549,-3.9686758518218994
10066,18.940185546875,-3.103165864944458
10067,4.737447738647461,1.8745197057724
10068,6.440112590789795,0.006067715585231781
10069,-1.1806820631027222,-4.379266738891602
10070,1.3974634408950806,0.7709280252456665
10071,6.726651191711426,10.690673828125
10072,19.355260848999023,3.8936398029327393
10073,5.5909037590026855,5.280118465423584
10074,-7.955801486968994,-5.459324359893799
10075,-7.658741474151611,-12.261260032653809
10076,-1.8368639945983887,-1.9436776638031006
10077,11.42935848236084,2.3373234272003174
10078,-3.0876402854919434,-14.913257598876953
10079,4.75615930557251,-3.1434977054595947
10080,-2.9224326610565186,2.1376376152038574
10081,-2.927711248397827,4.397312164306641
10082,-1.714024543762207,7.060809135437012
10083,6.7370429039001465,0.43803152441978455
10084,6.915832996368408,-2.2575016021728516
10085,2.9985928535461426,3.851712703704834
10086,-3.130734443664551,4.930859565734863
10087,1.76035475730896,-14.688936233520508
10088,4.15360689163208,0.5016374588012695
10089,6.273269176483154,-11.22447681427002
10090,0.8260687589645386,-5.727730751037598
10091,-1.1061718463897705,1.1820687055587769
10092,-0.9115439057350159,5.578125
10093,1.124894142150879,2.191995143890381
10094,0.295204222202301,0.6491389870643616
10095,0.7903285622596741,-1.3770630359649658
10096,0.324654221534729,-0.045267097651958466
10097,4.021344184875488,5.430697441101074
10098,1.082463026046753,2.061406135559082
10099,-5.097740650177002,-8.121036529541016
10100,3.246990442276001,5.086833477020264
10101,2.7613728046417236,-6.036233425140381
10102,4.734514236450195,1.4612233638763428
10103,6.071263790130615,-9.120025634765625
10104,2.689438581466675,0.3723623752593994
10105,0.9874346852302551,3.5633466243743896
10106,22.18220329284668,6.989603042602539
10107,2.3261210918426514,6.957575798034668
10108,14.832779884338379,-8.94123363494873
10109,-7.02872371673584,-3.1315345764160156
10110,-3.2408647537231445,-8.29177474975586
10111,0.5584842562675476,4.685760974884033
10112,20.987314224243164,-3.406536340713501
10113,1.285973310470581,-2.363112211227417
10114,13.223801612854004,-6.274820804595947
10115,0.7772679924964905,-0.4043796956539154
10116,-3.6706225872039795,-18.087141036987305
10117,-0.24405570328235626,3.0562779903411865
10118,-1.2233309745788574,-2.1356375217437744
10119,17.24995231628418,0.031386636197566986
10120,8.50005054473877,-4.640870094299316
10121,5.294030666351318,0.2556481659412384
10122,6.388193607330322,0.2543712258338928
10123,-1.4649081230163574,7.066687107086182
10124,3.9444220066070557,-2.579726219177246
10125,6.426855087280273,1.0403002500534058
10126,6.873401165008545,1.752598524093628
10127,1.4169790744781494,-3.7924230098724365
10128,0.33128291368484497,2.625575304031372
10129,12.212717056274414,10.467185020446777
10130,2.7954084873199463,6.184501647949219
10131,18.018356323242188,10.81518840789795
10132,4.543107509613037,3.7950637340545654
10133,0.36414796113967896,3.4020192623138428
10134,6.419461727142334,10.833062171936035
10135,-2.505638360977173,2.5331218242645264
10136,8.685383796691895,2.9789278507232666
10137,6.369268894195557,10.115185737609863
10138,1.9581549167633057,-0.47989341616630554
10139,4.752457618713379,-8.684743881225586
10140,-1.0942171812057495,0.503738522529602
10141,-1.0587191581726074,7.17485237121582
10142,21.985694885253906,8.72045612335205
10143,19.130420684814453,7.730105400085449
10144,-1.0346258878707886,1.7074238061904907
10145,6.823012828826904,-2.5305891036987305
10146,-10.71282958984375,-6.928807258605957
10147,6.422537803649902,-9.72973918914795
10148,12.337367057800293,0.43770888447761536
10149,-16.5419979095459,-10.537997245788574
10150,2.96167254447937,-21.940977096557617
10151,7.856614589691162,-4.803983688354492
10152,5.174018859863281,-3.913034677505493
10153,0.4362220764160156,0.8546488881111145
10154,3.1936213970184326,4.885479927062988
10155,14.01772403717041,-3.0443778038024902
10156,20.497394561767578,-3.493224620819092
10157,-6.238748550415039,-7.516234397888184
10158,23.047283172607422,6.540338516235352
10159,7.60329532623291,2.2500624656677246
10160,15.843775749206543,10.617779731750488
10161,20.870933532714844,7.852928161621094
10162,2.783129930496216,-6.315600395202637
10163,3.621959924697876,9.691363334655762
10164,1.0555806159973145,-1.475517988204956
10165,4.50046443939209,-2.9029769897460938
10166,-4.680384159088135,0.6771610975265503
10167,-4.013848781585693,1.345112919807434
10168,-0.45012372732162476,-2.7006490230560303
10169,-0.12070004642009735,1.054058313369751
10170,-0.8468256592750549,0.9911099672317505
10171,-3.7131710052490234,-17.910737991333008
10172,3.067098379135132,-2.0476856231689453
10173,6.821455478668213,-0.29568806290626526
10174,-6.164577960968018,-11.701037406921387
10175,-5.068052291870117,-3.896685838699341
10176,8.611234664916992,-0.4932343661785126
10177,0.7367770075798035,3.5941898822784424
10178,14.08195972442627,3.411552667617798
10179,6.393435001373291,4.472132205963135
10180,5.661991119384766,13.082243919372559
10181,-6.362525463104248,-10.399803161621094
10182,-4.920170783996582,-9.891773223876953
10183,-11.116686820983887,-4.210079193115234
10184,-6.3535475730896,-1.450258731842041
10185,17.71456527709961,9.055469512939453
10186,-0.8355665802955627,-8.044069290161133
10187,-1.1460745334625244,-2.6997597217559814
10188,0.2117374986410141,2.2098591327667236
10189,-17.298892974853516,-16.06503677368164
10190,15.59273624420166,9.727168083190918
10191,-2.3008859157562256,1.4536141157150269
10192,-0.25191327929496765,1.1622278690338135
10193,0.8209803700447083,6.953774929046631
10194,10.348496437072754,8.93873405456543
10195,10.601243019104004,-5.594232082366943
10196,-3.007495880126953,-10.974600791931152
10197,4.84393310546875,7.492984294891357
10198,13.886242866516113,9.809310913085938
10199,-13.063096046447754,-9.45559024810791
10200,8.640583992004395,-4.185615539550781
10201,16.979503631591797,7.923801898956299
10202,11.057172775268555,-3.7908689975738525
10203,-4.969749927520752,3.6557953357696533
10204,20.846698760986328,4.623425006866455
10205,-0.7535136938095093,1.713014006614685
10206,2.858245611190796,3.5395114421844482
10207,-2.2419912815093994,1.48794424533844
10208,-8.253508567810059,-22.958065032958984
10209,15.867814064025879,9.504979133605957
10210,3.8438332080841064,-6.86392068862915
10211,20.51439666748047,6.350532054901123
10212,14.596263885498047,1.7480127811431885
10213,4.448363780975342,5.918549537658691
10214,0.9204218983650208,1.745267629623413
10215,-3.7786004543304443,-0.7166510224342346
10216,-1.166414499282837,-24.840932846069336
10217,1.2747546434402466,2.8614070415496826
10218,1.7101153135299683,2.9100077152252197
10219,0.8527985215187073,-5.218504428863525
10220,3.199571371078491,-1.9733989238739014
10221,10.098360061645508,5.332813739776611
10222,-6.292448043823242,-8.047119140625
10223,16.085371017456055,1.4155054092407227
10224,4.73447847366333,-3.1388683319091797
10225,13.73243236541748,-3.946340322494507
10226,2.594559907913208,3.757185697555542
10227,-2.5476796627044678,-2.1066811084747314
10228,13.797564506530762,9.260756492614746
10229,3.0241920948028564,-1.9576594829559326
10230,21.817569732666016,9.45730972290039
10231,-5.067111968994141,-5.151375770568848
10232,6.875078201293945,8.862181663513184
10233,2.314145803451538,-0.95185387134552
10234,1.8198933601379395,4.165690898895264
10235,3.4438846111297607,-3.7650649547576904
10236,14.243963241577148,10.2653226852417
10237,12.21371841430664,-2.619969367980957
10238,5.874849796295166,4.490328311920166
10239,3.4471921920776367,6.065877437591553
10240,-0.53304523229599,7.617396831512451
10241,-0.32876092195510864,-1.737865924835205
10242,-9.918705940246582,-5.377028465270996
10243,19.696142196655273,6.504818916320801
10244,14.246014595031738,-2.135404348373413
10245,1.2852575778961182,8.913846015930176
10246,-0.7083709239959717,0.45120668411254883
10247,-3.5211639404296875,0.9385871291160583
10248,2.707143545150757,3.9006831645965576
10249,5.359797954559326,15.10307788848877
10250,-1.343993902206421,3.6396777629852295
10251,7.637122631072998,9.643081665039062
10252,-13.905126571655273,-11.77578353881836
10253,-8.98520565032959,-9.511632919311523
10254,7.874871730804443,-3.599135637283325
10255,-4.733316421508789,1.9107087850570679
10256,-1.0194323062896729,-3.806300163269043
10257,3.8773128986358643,8.943946838378906
10258,-3.8368635177612305,-2.0827126502990723
10259,-1.377638339996338,7.580225944519043
10260,1.3975096940994263,-2.7500171661376953
10261,5.493993282318115,14.899693489074707
10262,-4.300612449645996,-7.397810459136963
10263,1.2668558359146118,0.8248545527458191
10264,15.916985511779785,7.779977321624756
10265,3.625642776489258,13.995797157287598
10266,1.7674908638000488,2.162160634994507
10267,1.248096227645874,-0.16163763403892517
10268,-6.942248821258545,-7.5169525146484375
10269,7.168883800506592,-2.2707879543304443
10270,2.9326109886169434,0.12264617532491684
10271,1.4993529319763184,0.6138017177581787
10272,4.869740962982178,-10.217585563659668
10273,1.6830155849456787,-9.802252769470215
10274,8.580567359924316,3.0883078575134277
10275,1.7871819734573364,0.9983611106872559
10276,0.04526607692241669,-2.561432361602783
10277,14.676098823547363,0.030824922025203705
10278,8.111528396606445,1.2593822479248047
10279,-11.476245880126953,-19.847244262695312
10280,13.452254295349121,-1.5294461250305176
10281,4.420985698699951,-2.8730387687683105
10282,6.270224094390869,0.6377014517784119
10283,11.363801956176758,9.370478630065918
10284,6.435975074768066,1.2138044834136963
10285,-5.958198070526123,-4.573451995849609
10286,-9.448427200317383,-2.093484878540039
10287,3.104003429412842,3.6817567348480225
10288,-4.910155296325684,2.5594794750213623
10289,21.008373260498047,2.1241161823272705
10290,-0.6863813996315002,1.1870265007019043
10291,0.6123204231262207,0.15765246748924255
10292,0.7376022934913635,-0.8628858923912048
10293,19.790176391601562,-1.5368903875350952
10294,-0.9931817054748535,2.680727243423462
10295,10.545616149902344,7.451352119445801
10296,-2.0277726650238037,0.8789008855819702
10297,-0.6998469233512878,-4.0933990478515625
10298,1.037400245666504,0.1388128399848938
10299,5.119457721710205,5.902273178100586
10300,1.0367563962936401,-4.0194902420043945
10301,-2.7442739009857178,4.622259140014648
10302,-2.7729485034942627,-5.575624465942383
10303,5.003764629364014,10.99625301361084
10304,7.750903606414795,6.050830841064453
10305,5.042579650878906,4.806559085845947
10306,-1.230245590209961,4.813843250274658
10307,-2.9024899005889893,-0.8810380697250366
10308,1.332884430885315,4.023539066314697
10309,-1.3994576930999756,7.873480319976807
10310,0.9467294812202454,4.223489284515381
10311,-2.026482105255127,0.5818244814872742
10312,12.00156307220459,1.9705727100372314
10313,-5.140857219696045,-1.4919387102127075
10314,21.896587371826172,3.7238008975982666
10315,2.386634111404419,-16.055076599121094
10316,7.031160831451416,-1.4826551675796509
10317,-5.314938545227051,-16.88052749633789
10318,0.19261975586414337,0.4049645960330963
10319,5.277410507202148,1.1838784217834473
10320,20.179725646972656,-2.0422160625457764
10321,8.665006637573242,-3.403780698776245
10322,18.754056930541992,10.89785385131836
10323,5.005386829376221,1.2662951946258545
10324,4.9170918464660645,2.8210856914520264
10325,-7.720082759857178,-5.88117790222168
10326,0.670747697353363,-9.900769233703613
10327,-7.881765842437744,-8.709285736083984
10328,-3.4042787551879883,-2.0319595336914062
10329,1.225974440574646,-2.673482894897461
10330,7.829467296600342,4.9036946296691895
10331,13.780632019042969,10.384516716003418
10332,-3.3324897289276123,2.1200332641601562
10333,11.217753410339355,-7.7982177734375
10334,9.315729141235352,-0.02453146129846573
10335,3.304241180419922,12.728730201721191
10336,-8.913938522338867,-6.514378547668457
10337,-1.2141146659851074,1.087798833847046
10338,-3.8227968215942383,2.3995561599731445
10339,9.371010780334473,8.68443489074707
10340,-2.8616526126861572,-2.587033748626709
10341,-1.0907635688781738,1.0006340742111206
10342,-2.0504488945007324,-8.778570175170898
10343,-12.102437019348145,-7.111969470977783
10344,21.604047775268555,9.22601318359375
10345,-3.754011869430542,-2.409527540206909
10346,2.221912384033203,3.620805263519287
10347,5.383054256439209,12.627225875854492
10348,5.05521821975708,4.294231414794922
10349,-0.9466627240180969,-1.3574466705322266
10350,1.5449109077453613,6.1409502029418945
10351,0.5310296416282654,-2.102107286453247
10352,3.7122623920440674,-3.3532214164733887
10353,4.387265682220459,10.825074195861816
10354,-3.161203384399414,1.6138992309570312
10355,6.002387523651123,-2.312361478805542
10356,-3.959972858428955,-10.661240577697754
10357,5.479483604431152,7.338159561157227
10358,4.388467311859131,-2.4833786487579346
10359,0.7218723893165588,6.911384105682373
10360,-9.729801177978516,-5.080573558807373
10361,-1.503085970878601,7.122136116027832
10362,12.946370124816895,9.371014595031738
10363,-11.71395492553711,-9.802388191223145
10364,-0.29985272884368896,0.5038849115371704
10365,1.9662163257598877,9.610200881958008
10366,1.7992292642593384,3.817438840866089
10367,1.01527738571167,-0.13632041215896606
10368,-0.3183475732803345,0.6067384481430054
10369,19.792686462402344,11.112488746643066
10370,15.337058067321777,7.433163166046143
10371,3.126678705215454,1.7407208681106567
10372,-12.824187278747559,-7.873549938201904
10373,1.0406659841537476,8.355382919311523
10374,0.3308044672012329,2.3798530101776123
10375,-3.1378653049468994,2.511734962463379
10376,-0.23336830735206604,0.21283063292503357
10377,8.96151065826416,-0.7022889852523804
10378,-0.17716141045093536,4.442176342010498
10379,2.450141191482544,8.996554374694824
10380,6.679699420928955,5.35513973236084
10381,4.4459228515625,-0.11691544204950333
10382,9.033504486083984,8.458126068115234
10383,6.556936740875244,-10.996416091918945
10384,0.3183073401451111,-4.354022026062012
10385,4.677796840667725,2.909766912460327
10386,8.36025619506836,-6.252247333526611
10387,3.51658296585083,5.926293849945068
10388,4.085262775421143,0.8202390670776367
10389,1.7844741344451904,-5.4783549308776855
10390,3.4632112979888916,6.394716262817383
10391,2.4333655834198,-5.429527282714844
10392,7.3541035652160645,9.791029930114746
10393,0.9339672923088074,0.5722360610961914
10394,1.1064125299453735,-2.264916181564331
10395,-5.554553508758545,-19.35520362854004
10396,10.449544906616211,3.1147377490997314
10397,-0.8179578185081482,5.212075233459473
10398,0.4560433626174927,0.1718040108680725
10399,5.0530290603637695,5.219747543334961
10400,6.960821628570557,1.400449514389038
10401,14.774992942810059,-1.4451251029968262
10402,-3.7722136974334717,-11.964472770690918
10403,5.600131511688232,-2.8768928050994873
10404,0.40120673179626465,-3.331735849380493
10405,-3.480618715286255,0.6757525205612183
10406,1.6750569343566895,-1.7547607421875
10407,-0.7755315899848938,0.8592860102653503
10408,18.162425994873047,6.041380405426025
10409,2.78296160697937,7.4308013916015625
10410,8.014348983764648,4.17747163772583
10411,4.048969745635986,4.739286422729492
10412,-8.919554710388184,-4.611706256866455
10413,-5.657191753387451,2.3746848106384277
10414,4.855816841125488,11.78015422821045
10415,2.8462672233581543,-4.819136619567871
10416,3.396402597427368,6.209689140319824
10417,-10.403121948242188,-14.1129150390625
10418,8.475517272949219,-0.3257279098033905
10419,-6.914134502410889,-26.179710388183594
10420,5.024632930755615,-2.3623111248016357
10421,14.28745174407959,1.0745247602462769
10422,3.286294460296631,3.6887409687042236
10423,9.90483570098877,7.343425750732422
10424,-0.7298431396484375,0.8098053932189941
10425,21.00994873046875,8.047624588012695
10426,-1.683402180671692,8.071149826049805
10427,2.729882001876831,0.9653465151786804
10428,3.848750352859497,-2.289069652557373
10429,20.927095413208008,2.6952967643737793
10430,3.712348699569702,8.803553581237793
10431,2.8238422870635986,-5.657641410827637
10432,-0.01312457025051117,3.2108938694000244
10433,2.257578134536743,7.5964555740356445
10434,0.45376497507095337,2.8793985843658447
10435,-3.9581449031829834,-11.777777671813965
10436,1.4005489349365234,-4.036834716796875
10437,-0.8543071746826172,4.790281295776367
10438,-0.6323566436767578,0.955549418926239
10439,10.454148292541504,5.416398525238037
10440,0.39888447523117065,-1.9323527812957764
10441,-3.671048402786255,-2.3734030723571777
10442,5.021050930023193,4.7709856033325195
10443,2.10650897026062,3.207350969314575
10444,8.056649208068848,5.4415740966796875
10445,-5.911950588226318,-6.0826921463012695
10446,2.430187940597534,0.3374183773994446
10447,4.217233657836914,2.0213189125061035
10448,-4.510145664215088,4.032642841339111
10449,4.060984134674072,-0.02127549797296524
10450,4.84459924697876,-3.058128595352173
10451,-1.5546119213104248,-2.2464170455932617
10452,4.688392162322998,-10.505208969116211
10453,2.021411895751953,6.646803379058838
10454,-12.444818496704102,-12.534944534301758
10455,2.272908926010132,11.012677192687988
10456,1.2221693992614746,-2.31833553314209
10457,1.0530953407287598,-1.3556913137435913
10458,-7.603453159332275,-7.761171817779541
10459,2.225144863128662,2.6409239768981934
10460,2.2968153953552246,-5.271605014801025
10461,-0.5005502104759216,1.456345796585083
10462,-1.909949541091919,-0.1340687870979309
10463,6.171762466430664,-3.5600149631500244
10464,11.582002639770508,-1.4084374904632568
10465,16.58895492553711,7.8511857986450195
10466,21.011674880981445,2.7840945720672607
10467,19.92530059814453,5.371169090270996
10468,2.767888307571411,4.767048358917236
10469,-4.357783317565918,-3.5492942333221436
10470,-2.3994195461273193,0.012834809720516205
10471,-4.682098865509033,-3.0021488666534424
10472,-3.190692186355591,-2.6852638721466064
10473,5.029676914215088,-9.346641540527344
10474,-6.728576183319092,-7.546804428100586
10475,-1.802930474281311,-2.3296546936035156
10476,1.4918437004089355,1.0675501823425293
10477,-0.03780175745487213,7.066351890563965
10478,5.7868452072143555,1.0140661001205444
10479,2.5740973949432373,-0.1439131200313568
10480,-13.836567878723145,-8.317231178283691
10481,-0.6272911429405212,1.9989689588546753
10482,0.43162405490875244,-0.7525385618209839
10483,9.401762962341309,3.4539401531219482
10484,5.7766571044921875,2.587674379348755
10485,-2.8541791439056396,-5.321628570556641
10486,2.580355167388916,-4.702858924865723
10487,4.481081962585449,10.323090553283691
10488,1.652271032333374,1.4469305276870728
10489,0.9407688975334167,8.31263542175293
10490,1.0931068658828735,-0.27698302268981934
10491,-4.525514125823975,2.553936243057251
10492,0.6986789107322693,4.730597496032715
10493,-2.969531774520874,-0.34566643834114075
10494,-0.1319003701210022,2.530644655227661
10495,3.072307825088501,-2.5997378826141357
10496,2.842651605606079,3.2806904315948486
10497,0.059693530201911926,3.7932474613189697
10498,-0.04616363346576691,1.6975654363632202
10499,16.23853302001953,3.1414453983306885
10500,7.090587139129639,2.6505167484283447
10501,-0.7154737114906311,-8.797205924987793
10502,1.7311112880706787,9.127811431884766
10503,-12.066550254821777,-7.254210472106934
10504,2.131831169128418,4.106983184814453
10505,2.188716411590576,-16.38214111328125
10506,-5.840756416320801,-7.165613174438477
10507,12.066657066345215,10.00264835357666
10508,5.1602277755737305,-0.3978433907032013
10509,-3.7759757041931152,-9.823746681213379
10510,4.992939472198486,7.1819915771484375
10511,14.073627471923828,9.2070951461792
10512,-6.0277204513549805,-18.31585693359375
10513,14.370795249938965,-0.2584913671016693
10514,13.95544147491455,10.92271614074707
10515,-4.393494129180908,-1.053076982498169
10516,12.794790267944336,1.5547094345092773
10517,-0.4069627523422241,1.719071626663208
10518,-1.3514587879180908,0.45245638489723206
10519,-9.48231315612793,-3.936206102371216
10520,13.01904010772705,-1.818007230758667
10521,13.79938793182373,-1.2406268119812012
10522,3.981203317642212,2.5407698154449463
10523,17.41927719116211,0.3294847309589386
10524,-0.09508700668811798,4.022568225860596
10525,3.571924924850464,8.230043411254883
10526,-0.8447703123092651,-2.0901052951812744
10527,-2.5787875652313232,-4.289834022521973
10528,3.6450469493865967,1.8703728914260864
10529,-6.96516752243042,-6.363858222961426
10530,0.055778250098228455,4.903658866882324
10531,-6.118136882781982,5.280177116394043
10532,2.9171011447906494,4.534397602081299
10533,-17.367769241333008,-12.129434585571289
10534,-2.0570921897888184,2.727839708328247
10535,13.64072322845459,-0.6376162767410278
10536,13.684085845947266,4.651558876037598
10537,17.836267471313477,10.26616382598877
10538,1.5289915800094604,8.758734703063965
10539,17.286941528320312,10.542012214660645
10540,0.10671241581439972,0.8658471703529358
10541,-6.035696029663086,-5.7713236808776855
10542,6.3369364738464355,5.450767517089844
10543,4.8205246925354,-3.5505716800689697
10544,6.648860454559326,5.46221923828125
10545,-5.077311992645264,-3.9196197986602783
10546,3.697366952896118,-10.967230796813965
10547,0.41183388233184814,-2.2751200199127197
10548,1.930332899093628,2.3199918270111084
10549,5.387580394744873,4.779740333557129
10550,-2.0519657135009766,1.8385523557662964
10551,7.274282932281494,-10.5927095413208
10552,3.612308979034424,0.7546355724334717
10553,2.709970712661743,3.1493871212005615
10554,3.2564597129821777,-3.966965913772583
10555,5.603747367858887,-2.578687906265259
10556,-1.7490919828414917,-1.950273036956787
10557,-4.268275260925293,0.42684420943260193
10558,17.992250442504883,10.7190580368042
10559,3.068427085876465,3.0543415546417236
10560,4.235878944396973,11.329991340637207
10561,3.5867135524749756,-2.292456865310669
10562,-4.045474529266357,-1.234592080116272
10563,16.980457305908203,6.903544902801514
10564,-6.114291667938232,-3.235872983932495
10565,3.7554070949554443,3.5039074420928955
10566,11.241985321044922,6.375250816345215
10567,13.917731285095215,-2.1214277744293213
10568,8.399352073669434,-4.678327560424805
10569,-1.063950777053833,-1.2786157131195068
10570,1.7680590152740479,-1.2203195095062256
10571,-0.9235910177230835,-4.543750762939453
10572,10.354662895202637,-8.259442329406738
10573,-0.054003313183784485,-2.480924129486084
10574,-0.5338096618652344,-2.784900665283203
10575,1.3124507665634155,4.333704948425293
10576,-10.23830509185791,-9.731463432312012
10577,0.3339565396308899,2.1596767902374268
10578,9.505154609680176,1.1526843309402466
10579,12.822325706481934,-6.379268169403076
10580,-0.4457671046257019,2.193174362182617
10581,2.1361262798309326,-1.1852182149887085
10582,-4.370718955993652,2.435396432876587
10583,1.5056174993515015,-5.877639293670654
10584,7.813991546630859,10.158015251159668
10585,9.856728553771973,2.0421204566955566
10586,0.5321835875511169,-4.410524368286133
10587,-2.526270627975464,1.1898536682128906
10588,-0.5025308132171631,2.7663114070892334
10589,6.073880672454834,3.617535352706909
10590,3.9317352771759033,1.1606049537658691
10591,-0.6431400775909424,-1.454110026359558
10592,0.29448944330215454,-4.305601119995117
10593,-6.259486675262451,-8.122082710266113
10594,-4.022089958190918,3.4313571453094482
10595,15.925004005432129,11.376601219177246
10596,-0.2747917175292969,-3.4264767169952393
10597,-0.6120580434799194,-5.102076053619385
10598,4.393665313720703,1.2959306240081787
10599,-1.5483144521713257,4.419368267059326
10600,5.947014331817627,1.5072791576385498
10601,4.65100622177124,-4.396948337554932
10602,-1.9317156076431274,6.726164817810059
10603,19.022985458374023,9.514066696166992
10604,0.7089554071426392,2.054682731628418
10605,0.25251495838165283,-0.0002457424998283386
10606,-1.2506822347640991,-11.838397026062012
10607,1.3885447978973389,-2.0140507221221924
10608,17.410993576049805,7.445784568786621
10609,20.070695877075195,-3.2355053424835205
10610,-2.506240129470825,0.7945308685302734
10611,16.575496673583984,6.775996685028076
10612,1.8977482318878174,5.804522514343262
10613,1.6077549457550049,-6.794190406799316
10614,17.041873931884766,11.261886596679688
10615,1.182305097579956,0.449529230594635
10616,1.1395869255065918,2.6296517848968506
10617,5.292059421539307,4.9718017578125
10618,-9.63830852508545,-7.178274154663086
10619,-14.035874366760254,-9.251588821411133
10620,18.130584716796875,2.317448616027832
10621,1.681384563446045,1.0118762254714966
10622,0.7645931839942932,8.443078994750977
10623,12.545628547668457,4.838202476501465
10624,-4.637197017669678,-11.012703895568848
10625,22.373577117919922,7.8551859855651855
10626,-2.057737112045288,-4.469351768493652
10627,0.6490470767021179,4.697857856750488
10628,9.763834953308105,-1.928164005279541
10629,4.600682735443115,12.72550106048584
10630,-14.964604377746582,-13.482206344604492
10631,6.237259864807129,1.8790762424468994
10632,4.888972759246826,1.6996378898620605
10633,-3.1726717948913574,-2.5480120182037354
10634,-1.9536879062652588,7.516637802124023
10635,8.78969669342041,2.9852349758148193
10636,-1.3402092456817627,0.6854493618011475
10637,16.94484519958496,7.127625465393066
10638,-1.725414514541626,-1.6246424913406372
10639,4.243769645690918,1.1171300411224365
10640,-4.25918436050415,2.3641738891601562
10641,5.223752975463867,7.239582061767578
10642,-3.651602029800415,0.5593159198760986
10643,1.3475456237792969,0.4563671946525574
10644,-0.08144427835941315,2.348447322845459
10645,3.763505697250366,3.592249870300293
10646,2.4558629989624023,-5.473853588104248
10647,-1.7478829622268677,-2.301731824874878
10648,13.064849853515625,-8.505110740661621
10649,3.2683300971984863,-1.7328095436096191
10650,-3.053656578063965,0.9733455181121826
10651,3.9944283962249756,6.484429359436035
10652,3.49543833732605,6.250864505767822
10653,0.6982532143592834,5.922096252441406
10654,-3.0623812675476074,2.480229616165161
10655,-4.186562538146973,-3.5895707607269287
10656,11.218050956726074,9.847057342529297
10657,0.16142337024211884,-1.756672739982605
10658,-3.8340256214141846,-3.6348252296447754
10659,18.14279556274414,10.349017143249512
10660,1.8095073699951172,-1.2338390350341797
10661,14.662199020385742,8.992216110229492
10662,21.626750946044922,2.1026129722595215
10663,-1.0542563199996948,7.056097030639648
10664,-1.132446050643921,-1.2242586612701416
10665,0.2817610502243042,-2.0960114002227783
10666,-0.36816510558128357,-4.686944484710693
10667,-3.636004686355591,1.574375867843628
10668,-3.1832737922668457,2.5816972255706787
10669,-0.5948110818862915,1.238710641860962
10670,-4.21666145324707,-2.9865753650665283
10671,0.05407349765300751,3.9907495975494385
10672,-0.6025824546813965,0.38250187039375305
10673,-13.204327583312988,-4.0193023681640625
10674,15.709285736083984,-0.5474010705947876
10675,-1.273861050605774,-1.5492823123931885
10676,4.9359612464904785,4.810015678405762
10677,18.594446182250977,4.751032829284668
10678,-0.4933367371559143,-0.0629931315779686
10679,1.451594352722168,0.6684393882751465
10680,2.0682551860809326,-0.6185293197631836
10681,10.566069602966309,8.6233549118042
10682,10.430266380310059,6.383800506591797
10683,3.3087809085845947,-2.3932559490203857
10684,2.231511354446411,-0.7804107666015625
10685,12.798977851867676,-2.015589714050293
10686,1.9782447814941406,3.636164426803589
10687,15.53348445892334,11.107544898986816
10688,15.727532386779785,3.4422008991241455
10689,0.6044021248817444,-6.7337727546691895
10690,6.293790340423584,-3.334894895553589
10691,-4.790388584136963,1.2646093368530273
10692,-0.4654553532600403,4.451874732971191
10693,-0.6972199082374573,-1.971879243850708
10694,1.759422779083252,-0.8466624617576599
10695,9.053013801574707,1.2605466842651367
10696,-3.9737579822540283,-15.192591667175293
10697,-0.7605757117271423,-2.846454381942749
10698,3.6901421546936035,0.5628159046173096
10699,-9.113941192626953,-11.616578102111816
10700,4.55908727645874,-14.425017356872559
10701,-1.152321457862854,-1.828324794769287
10702,5.694920063018799,4.491009712219238
10703,21.58924102783203,9.376150131225586
10704,-4.039026737213135,-1.6797864437103271
10705,0.3870430588722229,-7.113018035888672
10706,-0.5168105959892273,-0.002804964780807495
10707,-1.9826232194900513,6.393146514892578
10708,1.6732466220855713,2.5513150691986084
10709,6.244695663452148,0.5796447396278381
10710,1.9720463752746582,6.329978942871094
10711,4.051710605621338,10.524104118347168
10712,-0.8653022646903992,-13.796893119812012
10713,6.030354022979736,5.862893104553223
10714,5.250404357910156,3.389258861541748
10715,2.006568431854248,-2.0387139320373535
10716,21.807039260864258,8.51431941986084
10717,3.4883368015289307,-14.983057975769043
10718,-2.004732370376587,0.6628165245056152
10719,1.449286937713623,-2.8966434001922607
10720,18.465673446655273,9.867825508117676
10721,-11.122074127197266,-5.905989170074463
10722,0.9382981657981873,0.41592442989349365
10723,17.927600860595703,8.131235122680664
10724,2.0994532108306885,3.0277786254882812
10725,2.4032132625579834,-5.236124038696289
10726,3.2454473972320557,7.913110256195068
10727,12.777359962463379,10.556639671325684
10728,0.4754449129104614,1.2386407852172852
10729,-3.0962564945220947,1.4347455501556396
10730,-14.904204368591309,-7.417806625366211
10731,-8.00332260131836,-8.49305248260498
10732,4.1964850425720215,3.74892258644104
10733,-2.1646640300750732,1.4128755331039429
10734,10.876787185668945,2.004331588745117
10735,-4.668949604034424,-14.693098068237305
10736,17.9601993560791,10.558980941772461
10737,4.156421184539795,6.741549015045166
10738,-0.40140536427497864,1.1626179218292236
10739,-0.7916519045829773,-4.480137348175049
10740,1.2329668998718262,-0.1498083472251892
10741,2.904064416885376,-1.9023728370666504
10742,0.4702393412590027,0.5109724402427673
10743,4.279798984527588,-1.5690083503723145
10744,-0.5634869933128357,3.9793403148651123
10745,2.8655574321746826,6.666362285614014
10746,0.32243120670318604,-0.39435014128685
10747,3.446418523788452,-0.6894329786300659
10748,0.19597430527210236,-3.4737799167633057
10749,-4.164985179901123,0.803169310092926
10750,-7.882023811340332,-10.674210548400879
10751,-1.577616572380066,-12.045550346374512
10752,1.853545904159546,3.3649682998657227
10753,10.579961776733398,5.636902809143066
10754,0.40336036682128906,0.3203527629375458
10755,5.208168983459473,3.6681721210479736
10756,7.180915355682373,8.79778003692627
10757,-5.002342700958252,-4.657051086425781
10758,9.685354232788086,5.607950687408447
10759,3.818727970123291,9.612839698791504
10760,1.1578660011291504,-3.3398373126983643
10761,-3.1534295082092285,0.8962737917900085
10762,2.999218702316284,-1.8830583095550537
10763,-0.15762700140476227,1.817886233329773
10764,-3.3432118892669678,-2.241989850997925
10765,-0.5692917704582214,6.249082565307617
10766,-0.9382011890411377,7.003165245056152
10767,-4.351006031036377,-0.6967608332633972
10768,2.271787405014038,-2.6692850589752197
10769,-3.8004350662231445,-4.028893947601318
10770,2.477311134338379,6.982077121734619
10771,1.4713495969772339,0.5097761154174805
10772,-0.14577339589595795,0.9321256279945374
10773,2.056627035140991,-4.670074462890625
10774,0.07273563742637634,0.5953836441040039
10775,1.063878059387207,-0.3722941279411316
10776,-2.781876802444458,-1.846391201019287
10777,-1.9365508556365967,-3.144927501678467
10778,19.702892303466797,7.438178062438965
10779,3.0391786098480225,-0.604885995388031
10780,-2.649308204650879,-2.7073519229888916
10781,1.2854793071746826,-2.709261655807495
10782,0.1714814156293869,1.3151613473892212
10783,0.566789448261261,-0.0539814755320549
10784,9.165071487426758,2.8324761390686035
10785,5.188286304473877,7.583639621734619
10786,6.857967853546143,0.1681378185749054
10787,-1.4288058280944824,-20.877592086791992
10788,7.1696085929870605,7.0581769943237305
10789,1.4183520078659058,8.244614601135254
10790,18.871917724609375,7.861656188964844
10791,12.228768348693848,9.519054412841797
10792,-4.754895210266113,-1.7871348857879639
10793,6.503432750701904,5.963680267333984
10794,-0.5655120611190796,0.893559992313385
10795,0.8705046772956848,-2.40826153755188
10796,3.18481707572937,0.40835699439048767
10797,1.8928823471069336,2.0325100421905518
10798,3.1969552040100098,-2.503079891204834
10799,2.561368465423584,7.644258975982666
10800,1.5419769287109375,9.359919548034668
10801,-0.5512236952781677,1.6178035736083984
10802,0.4303744435310364,0.9612653255462646
10803,5.152612686157227,2.050652027130127
10804,-4.163840293884277,-3.667076349258423
10805,5.805042266845703,7.162897109985352
10806,7.309253692626953,1.5411021709442139
10807,-3.835958242416382,0.9553838968276978
10808,-5.601526260375977,-5.78828763961792
10809,3.026987075805664,4.025325775146484
10810,15.373263359069824,-1.9333088397979736
10811,0.9481481909751892,-8.192803382873535
10812,-0.2465549260377884,7.8887224197387695
10813,14.043846130371094,1.9221620559692383
10814,16.316585540771484,-7.087803840637207
10815,-5.064476013183594,2.4660098552703857
10816,-16.07797622680664,-12.408645629882812
10817,1.937990665435791,-2.8762290477752686
10818,-4.101866722106934,-3.945093870162964
10819,0.4178711175918579,0.7195473909378052
10820,1.3082022666931152,0.8235480785369873
10821,14.38006591796875,0.6732702255249023
10822,5.084503650665283,-4.954739093780518
10823,0.7033541798591614,0.12392369657754898
10824,0.8251913189888,-0.19061845541000366
10825,18.02533721923828,10.560149192810059
10826,-3.8653833866119385,-0.9486711025238037
10827,-0.32262492179870605,0.47051653265953064
10828,0.3780490756034851,-0.08868981152772903
10829,1.447373390197754,2.459134578704834
10830,2.036207437515259,-3.293567419052124
10831,11.703537940979004,8.018743515014648
10832,-3.4574007987976074,1.902407169342041
10833,-5.0011820793151855,2.8961586952209473
10834,5.41636323928833,1.5286465883255005
10835,-6.614805698394775,-4.754577159881592
10836,-1.0499889850616455,6.455989837646484
10837,2.2373268604278564,9.211977005004883
10838,5.436636924743652,5.472932815551758
10839,4.779164791107178,12.818955421447754
10840,14.023613929748535,0.5680856704711914
10841,-1.3118526935577393,0.2769027054309845
10842,15.591947555541992,3.2381880283355713
10843,13.269844055175781,2.3940532207489014
10844,-11.947848320007324,-9.604133605957031
10845,-0.6515958309173584,-0.15248891711235046
10846,4.232788562774658,0.3529660999774933
10847,-2.105638265609741,-1.778266429901123
10848,-1.4544377326965332,7.0923566818237305
10849,-8.024731636047363,-4.375832557678223
10850,17.963247299194336,9.452757835388184
10851,0.22862909734249115,3.847639322280884
10852,4.666107654571533,7.02625036239624
10853,-2.764350652694702,-3.314680337905884
10854,0.9923611283302307,0.8660773634910583
10855,1.108782410621643,-12.467547416687012
10856,-3.4454829692840576,-3.2062158584594727
10857,-0.6342394351959229,0.18727737665176392
10858,5.532207012176514,1.4824628829956055
10859,2.5237581729888916,9.115702629089355
10860,-1.6416187286376953,-10.899657249450684
10861,17.577974319458008,1.516594409942627
10862,3.4684951305389404,7.901394844055176
10863,-0.64652419090271,-1.3795526027679443
10864,7.422304630279541,10.329266548156738
10865,6.36249303817749,1.820997714996338
10866,20.01056671142578,9.538480758666992
10867,6.839322566986084,2.3771779537200928
10868,14.513070106506348,3.8124048709869385
10869,0.13445226848125458,0.5610852241516113
10870,8.626263618469238,-3.1475424766540527
10871,-1.2067844867706299,-1.1717004776000977
10872,0.8959807753562927,-10.14130973815918
10873,-2.416491746902466,-14.971919059753418
10874,0.7340938448905945,5.255062103271484
10875,0.3407377600669861,1.388681411743164
10876,7.596591472625732,6.654278755187988
10877,-0.7218791842460632,0.6056685447692871
10878,6.98751163482666,1.520630121231079
10879,1.851067304611206,-8.586119651794434
10880,0.17714087665081024,1.1222546100616455
10881,8.059556007385254,14.200089454650879
10882,8.123303413391113,6.1864013671875
10883,17.92836570739746,5.557864665985107
10884,-1.5932466983795166,-1.1639866828918457
10885,0.04058168828487396,-6.8748779296875
10886,0.2617407441139221,-13.355681419372559
10887,11.144880294799805,2.5186269283294678
10888,7.566122055053711,6.138011932373047
10889,-6.245850086212158,3.4562108516693115
10890,15.112876892089844,10.069588661193848
10891,19.35237693786621,8.27668571472168
10892,-13.729219436645508,-5.247855186462402
10893,-4.275722026824951,-2.784869909286499
10894,-2.614686965942383,0.5764563679695129
10895,9.523106575012207,4.893159866333008
10896,1.7730889320373535,9.060399055480957
10897,0.8172922730445862,0.05403169244527817
10898,-0.9295156598091125,-12.542888641357422
10899,0.11037479341030121,7.693801403045654
10900,3.439297676086426,3.1232430934906006
10901,-4.46826171875,-10.980167388916016
10902,15.314372062683105,4.418988227844238
10903,14.255464553833008,6.891349792480469
10904,-12.192594528198242,-11.250449180603027
10905,0.4222238063812256,4.0823283195495605
10906,5.689599990844727,3.2391350269317627
10907,16.03818702697754,-2.931328535079956
10908,0.9191946387290955,8.410360336303711
10909,20.54493522644043,11.612506866455078
10910,4.958836078643799,0.7122101783752441
10911,16.232242584228516,0.03665228933095932
10912,-0.10726113617420197,3.5487864017486572
10913,-2.7742576599121094,-1.935335397720337
10914,-3.992293119430542,-3.0205304622650146
10915,-6.594385623931885,-2.7111124992370605
10916,0.09060461819171906,1.040663719177246
10917,-8.924779891967773,-2.216104030609131
10918,-0.5194401741027832,1.508539080619812
10919,0.5198081731796265,6.231151103973389
10920,4.025063991546631,-2.2129323482513428
10921,-5.576480865478516,-19.37823486328125
10922,-8.246865272521973,-10.178293228149414
10923,3.135026216506958,9.707554817199707
10924,1.548391580581665,-4.263275623321533
10925,2.1807308197021484,10.455426216125488
10926,13.188918113708496,9.050930976867676
10927,3.4798996448516846,11.75279712677002
10928,-3.86531138420105,-1.3193763494491577
10929,14.722599983215332,5.319058418273926
10930,11.531145095825195,1.456252932548523
10931,21.598665237426758,10.074210166931152
10932,-3.4253528118133545,-6.9636969566345215
10933,-3.496459722518921,3.2815439701080322
10934,17.76673698425293,-1.0810450315475464
10935,21.706607818603516,5.117836952209473
10936,-3.751464605331421,0.49215906858444214
10937,-13.639510154724121,-10.043879508972168
10938,2.249054193496704,-2.505087375640869
10939,-4.565609455108643,-5.560722351074219
10940,4.178520202636719,2.238175392150879
10941,3.444500684738159,5.354545593261719
10942,0.8760194182395935,6.790803909301758
10943,2.8566296100616455,9.2129545211792
10944,-13.230467796325684,-13.848104476928711
10945,1.572817087173462,-2.8119571208953857
10946,2.888421058654785,-2.119079351425171
10947,10.904770851135254,2.027693510055542
10948,-0.4036060571670532,0.04365571588277817
10949,-3.5987918376922607,-14.46216869354248
10950,15.888749122619629,9.549586296081543
10951,9.722518920898438,-1.2571682929992676
10952,2.943533182144165,2.8305294513702393
10953,-1.4779620170593262,4.634294033050537
10954,0.12205527722835541,-1.4784917831420898
10955,13.246106147766113,-4.983932971954346
10956,9.735028266906738,-4.639273643493652
10957,1.2859300374984741,-2.4453928470611572
10958,1.0359939336776733,4.2973785400390625
10959,-4.482418537139893,-4.61872673034668
10960,-1.8894829750061035,5.674046516418457
10961,-1.0513556003570557,-6.06281852722168
10962,18.55828857421875,0.172090083360672
10963,0.10640428960323334,-0.4035087525844574
10964,-0.6332915425300598,0.8009300231933594
10965,3.9704477787017822,5.638256072998047
10966,15.53297233581543,6.754631996154785
10967,-7.805305004119873,-6.52840518951416
10968,3.6183133125305176,-1.352482557296753
10969,3.3747713565826416,-1.897848129272461
10970,1.4319043159484863,-3.6171228885650635
10971,-2.035449266433716,-2.077810525894165
10972,16.157493591308594,1.1148436069488525
10973,-1.3811676502227783,4.5270819664001465
10974,17.132343292236328,10.290297508239746
10975,-8.129474639892578,-8.66077709197998
10976,3.3188014030456543,-1.7039859294891357
10977,1.3285173177719116,9.768519401550293
10978,6.515209674835205,10.628642082214355
10979,-0.018291041254997253,0.17330977320671082
10980,-3.7221338748931885,-1.751861572265625
10981,5.327133655548096,-3.1231672763824463
10982,-12.177809715270996,-4.555727005004883
10983,18.915006637573242,8.737545013427734
10984,-1.3947604894638062,1.381537675857544
10985,12.751358985900879,-2.440600872039795
10986,-4.352912902832031,-1.1381537914276123
10987,1.9608142375946045,4.643204689025879
10988,1.5209438800811768,-3.923571825027466
10989,2.066941976547241,6.2239227294921875
10990,1.911405324935913,6.461237907409668
10991,0.18458552658557892,0.155828058719635
10992,22.190650939941406,10.835967063903809
10993,-4.160177230834961,-2.3626210689544678
10994,-2.382204294204712,-3.124906063079834
10995,-4.650630474090576,-19.522083282470703
10996,11.852487564086914,7.411568641662598
10997,-1.6215553283691406,-2.2840969562530518
10998,1.7893017530441284,-4.93290376663208
10999,-0.5478417277336121,-14.48018741607666
11000,-6.759106159210205,-2.41567063331604
11001,0.7756626009941101,7.471303462982178
11002,-3.793186902999878,-3.9115211963653564
11003,-4.941120624542236,-4.762073516845703
11004,10.931722640991211,5.273476600646973
11005,1.7054213285446167,9.79255485534668
11006,3.7384486198425293,-6.725693225860596
11007,-6.926115036010742,-2.294891119003296
11008,-8.045063018798828,-6.576375484466553
11009,0.4298176169395447,4.619236946105957
11010,-1.25156569480896,-2.1947860717773438
11011,-7.296498775482178,-8.036953926086426
11012,17.655914306640625,6.824941158294678
11013,8.575397491455078,-0.39746615290641785
11014,-1.3647592067718506,1.6745768785476685
11015,5.277069568634033,15.136555671691895
11016,-4.9019455909729,-1.9994935989379883
11017,1.653425693511963,-1.1283401250839233
11018,5.979877948760986,5.117197036743164
11019,16.773571014404297,7.646638870239258
11020,12.314452171325684,-1.1976261138916016
11021,15.588375091552734,7.308193683624268
11022,-6.318284034729004,-11.576294898986816
11023,2.473581552505493,1.461462140083313
11024,19.7593936920166,6.796575546264648
11025,7.364563465118408,1.4050030708312988
11026,-1.0346463918685913,6.961696624755859
11027,-3.2531750202178955,-3.207780122756958
11028,5.856692790985107,-9.311617851257324
11029,-1.2909691333770752,-1.2437931299209595
11030,-1.526432991027832,0.007920973002910614
11031,3.237067937850952,4.998515605926514
11032,8.246124267578125,3.851240873336792
11033,2.2589809894561768,-0.602520227432251
11034,-1.6928868293762207,3.9127142429351807
11035,9.296714782714844,-4.789403915405273
11036,-1.9664956331253052,1.671766757965088
11037,-1.9052135944366455,-2.6160666942596436
11038,3.132981300354004,5.79987096786499
11039,11.06353759765625,0.8813942074775696
11040,-0.7038993835449219,-3.255021333694458
11041,1.4734482765197754,-1.9253904819488525
11042,1.4710339307785034,0.706632673740387
11043,3.0719692707061768,2.788048505783081
11044,-1.7038638591766357,-1.51339590549469
11045,3.816840887069702,-4.585255146026611
11046,-2.26130747795105,6.355140686035156
11047,1.0203971862792969,6.6511454582214355
11048,17.05124282836914,9.53586483001709
11049,19.14303970336914,7.845707893371582
11050,6.1969451904296875,-4.930489540100098
11051,-12.03940486907959,-13.880980491638184
11052,18.139352798461914,4.65708589553833
11053,16.697097778320312,4.349209785461426
11054,6.75641393661499,6.3709211349487305
11055,6.745215892791748,1.393961787223816
11056,2.2661097049713135,-0.8506457805633545
11057,5.642538547515869,1.8579561710357666
11058,4.939089298248291,1.096815586090088
11059,16.977989196777344,5.775712490081787
11060,-3.2966411113739014,-6.554468154907227
11061,11.10096263885498,8.468337059020996
11062,0.07217033207416534,0.4185214936733246
11063,-4.491255760192871,-8.582477569580078
11064,1.1600065231323242,-2.3743197917938232
11065,14.758649826049805,1.598015308380127
11066,19.048328399658203,6.503828048706055
11067,2.6574318408966064,-0.6487870812416077
11068,-9.384013175964355,-5.267995834350586
11069,1.6715549230575562,-4.307889938354492
11070,1.5722317695617676,2.4545273780822754
11071,4.355310916900635,-2.541231393814087
11072,1.566309928894043,0.0066047534346580505
11073,-2.5388362407684326,0.920897901058197
11074,5.258431911468506,4.381391525268555
11075,7.223791122436523,12.870115280151367
11076,0.9621631503105164,-3.4601809978485107
11077,17.588438034057617,5.0879058837890625
11078,0.14891962707042694,6.83551025390625
11079,1.495988130569458,-1.5868651866912842
11080,2.3341548442840576,8.164570808410645
11081,4.662186145782471,12.540107727050781
11082,3.453599452972412,8.386540412902832
11083,2.5243396759033203,-0.10465160757303238
11084,-4.591744899749756,3.0949225425720215
11085,21.444149017333984,6.436976432800293
11086,4.428949356079102,-7.660253524780273
11087,-0.631635308265686,-0.2691914737224579
11088,1.536120057106018,-1.008841633796692
11089,-4.2361063957214355,-9.139476776123047
11090,3.294222116470337,-2.269052028656006
11091,3.539484739303589,3.18404221534729
11092,3.218350648880005,-6.3565263748168945
11093,-2.5370986461639404,3.66229510307312
11094,-4.874944686889648,2.9456522464752197
11095,2.0242016315460205,-6.111007213592529
11096,-3.54514479637146,1.601300835609436
11097,0.7368011474609375,0.39665570855140686
11098,1.341496229171753,-0.31152722239494324
11099,12.943195343017578,0.3067379891872406
11100,2.186809778213501,2.9574291706085205
11101,-0.556779146194458,-0.013263709843158722
11102,-5.574621677398682,2.453868865966797
11103,0.8096783757209778,8.531495094299316
11104,4.384310245513916,4.264454364776611
11105,4.040970325469971,-13.399482727050781
11106,-0.10977824032306671,-0.21142509579658508
11107,0.15966390073299408,-0.9164342880249023
11108,8.740700721740723,6.930052757263184
11109,4.298819065093994,8.686280250549316
11110,5.400932312011719,-0.6071867346763611
11111,13.6361722946167,10.779755592346191
11112,2.10650897026062,-5.362063884735107
11113,3.4313766956329346,6.964672565460205
11114,2.399580717086792,4.010228633880615
11115,0.5684323310852051,1.7288882732391357
11116,6.007874011993408,9.698351860046387
11117,-15.366862297058105,-13.484138488769531
11118,1.7885514497756958,-3.6527211666107178
11119,10.809636116027832,8.731593132019043
11120,6.324278831481934,1.0395328998565674
11121,16.82053565979004,1.2751606702804565
11122,17.9197940826416,-1.700788140296936
11123,-11.765241622924805,-11.006026268005371
11124,8.620113372802734,4.345098495483398
11125,2.8926589488983154,3.1355388164520264
11126,4.6357102394104,3.6257412433624268
11127,4.240711688995361,11.208623886108398
11128,19.932947158813477,6.898113250732422
11129,-2.436540365219116,0.9986193180084229
11130,-0.9064891934394836,-0.16904321312904358
11131,-0.11984090507030487,0.6596746444702148
11132,0.5271256566047668,7.249011039733887
11133,11.46515941619873,-3.2332732677459717
11134,-1.3260334730148315,-3.210845708847046
11135,21.113082885742188,10.7385835647583
11136,-14.391341209411621,-11.223620414733887
11137,4.592844486236572,4.174858093261719
11138,-0.43111133575439453,1.2646477222442627
11139,22.4058837890625,9.81483268737793
11140,-15.27776050567627,-7.814565181732178
11141,-4.827348232269287,-3.2356693744659424
11142,-2.0942094326019287,-1.5014094114303589
11143,18.50277328491211,-9.31689453125
11144,2.624084949493408,4.173511028289795
11145,4.252622604370117,2.011587142944336
11146,8.319534301757812,3.730060338973999
11147,-2.837730646133423,-1.722766399383545
11148,-12.612516403198242,-4.809639930725098
11149,6.505218505859375,-1.655534267425537
11150,4.22184419631958,-2.137583017349243
11151,7.593894958496094,9.627699851989746
11152,3.5856258869171143,3.4540719985961914
11153,-7.563971996307373,6.3849029541015625
11154,-4.665322780609131,2.6933677196502686
11155,12.371685028076172,4.209550380706787
11156,2.4545674324035645,-5.308862686157227
11157,0.008513316512107849,3.6846659183502197
11158,1.4295282363891602,3.7705719470977783
11159,4.977090835571289,13.572286605834961
11160,22.79518699645996,0.7688367366790771
11161,1.7123708724975586,-0.3079117238521576
11162,9.673247337341309,4.032104015350342
11163,-5.606192111968994,-3.8050522804260254
11164,1.8074244260787964,-0.3123699724674225
11165,0.20470307767391205,-1.8939154148101807
11166,16.356616973876953,-7.213530540466309
11167,-9.093182563781738,-9.049216270446777
11168,1.2104235887527466,-2.018179178237915
11169,-0.11124472320079803,-2.122203826904297
11170,3.5719616413116455,0.9561055302619934
11171,19.8511962890625,7.419240951538086
11172,-4.582413673400879,-14.927430152893066
11173,5.155531406402588,-1.953057050704956
11174,-0.21937555074691772,-2.371765375137329
11175,9.541184425354004,-6.7110772132873535
11176,0.7234158515930176,-3.9922373294830322
11177,2.0043344497680664,5.7716827392578125
11178,-0.04817371070384979,-1.8209953308105469
11179,2.0998613834381104,-10.503562927246094
11180,3.067089557647705,-2.2289819717407227
11181,-11.037694931030273,-4.878591060638428
11182,11.493863105773926,5.936654567718506
11183,5.609846591949463,4.005125522613525
11184,-2.728341817855835,0.013492844998836517
11185,-7.058809757232666,-6.523162841796875
11186,17.617938995361328,-4.471121311187744
11187,-0.5931153297424316,1.051613211631775
11188,-14.19973373413086,-18.904550552368164
11189,0.28356248140335083,4.084254741668701
11190,1.386603593826294,-0.34107330441474915
11191,11.012102127075195,6.474536895751953
11192,7.649850845336914,-0.6857247352600098
11193,-2.5980007648468018,-0.8698639869689941
11194,-0.4326021075248718,0.8642703294754028
11195,0.7477994561195374,-10.380593299865723
11196,14.300206184387207,-3.6725356578826904
11197,-6.644917964935303,-5.04195499420166
11198,-0.8970023989677429,-4.290052890777588
11199,0.2888665199279785,-2.615067958831787
11200,16.72120475769043,9.453890800476074
11201,-9.918420791625977,-5.193483829498291
11202,-2.7372825145721436,-1.4821993112564087
11203,16.173799514770508,-1.3979370594024658
11204,3.9249284267425537,7.582879543304443
11205,-3.458608388900757,1.254372239112854
11206,2.9324190616607666,-1.6304410696029663
11207,3.798557996749878,5.676469802856445
11208,-0.14554865658283234,1.5681164264678955
11209,-1.3347527980804443,-14.509765625
11210,-0.5672776103019714,0.651441216468811
11211,4.887003421783447,0.13822528719902039
11212,-9.082531929016113,-6.222589015960693
11213,1.62644362449646,5.056079387664795
11214,3.1258225440979004,11.337579727172852
11215,-1.0151861906051636,6.388472557067871
11216,1.1906769275665283,1.2305057048797607
11217,-4.357503414154053,-4.126657485961914
11218,13.001578330993652,-4.871509552001953
11219,3.8306190967559814,2.3860743045806885
11220,17.96756935119629,11.2311372756958
11221,1.6411595344543457,9.470736503601074
11222,0.8050884008407593,5.045255661010742
11223,4.188330173492432,5.65477991104126
11224,-4.396842002868652,0.6883322596549988
11225,-7.285590171813965,-14.943312644958496
11226,-6.430787086486816,-12.092804908752441
11227,-3.1253769397735596,-4.412732124328613
11228,-16.406444549560547,-9.466873168945312
11229,-7.664896488189697,-6.4666595458984375
11230,14.530932426452637,3.1534767150878906
11231,5.255422115325928,-0.7342530488967896
11232,6.8472676277160645,8.843925476074219
11233,0.9821928143501282,7.533409118652344
11234,0.1220734566450119,0.8125852346420288
11235,1.0926791429519653,9.432893753051758
11236,-3.7082221508026123,1.6981366872787476
11237,-0.7229381799697876,0.7454347014427185
11238,-0.29619014263153076,-5.275846004486084
11239,0.14874093234539032,8.678257942199707
11240,5.610901355743408,2.043752670288086
11241,-2.605656862258911,-2.53035569190979
11242,-16.915315628051758,-8.32530403137207
11243,4.201104640960693,4.633676052093506
11244,-0.10587604343891144,-1.138761281967163
11245,1.6499367952346802,3.5538759231567383
11246,7.12760591506958,-4.098784446716309
11247,-0.4549236297607422,1.343204379081726
11248,-0.006085053086280823,3.319476842880249
11249,-12.685662269592285,-10.25312328338623
11250,2.272458791732788,-0.21036890149116516
11251,15.42963981628418,-6.5507683753967285
11252,12.704340934753418,5.833831787109375
11253,12.392960548400879,-0.5230635404586792
11254,-1.2409460544586182,0.7765620350837708
11255,-1.1006704568862915,1.2397371530532837
11256,3.1744704246520996,-10.634574890136719
11257,-0.1857515126466751,4.721532821655273
11258,-1.2849560976028442,6.650904655456543
11259,19.132965087890625,7.119179725646973
11260,11.666016578674316,9.151779174804688
11261,4.797327041625977,-2.1250627040863037
11262,-0.41506075859069824,1.4522970914840698
11263,-13.878273963928223,-13.028349876403809
11264,-1.0673741102218628,-6.824904918670654
11265,-0.6299722194671631,0.507483720779419
11266,4.183186054229736,8.538775444030762
11267,-1.295957326889038,1.117861032485962
11268,2.7520205974578857,1.485884428024292
11269,3.436802864074707,6.901514053344727
11270,1.5926252603530884,3.842785596847534
11271,18.148677825927734,8.030763626098633
11272,1.986896276473999,-0.20315739512443542
11273,6.532900333404541,2.6818668842315674
11274,1.3803483247756958,-1.5115004777908325
11275,5.666102886199951,1.531470775604248
11276,-4.280512809753418,-5.980027675628662
11277,16.158828735351562,4.97462272644043
11278,-2.8281033039093018,0.7686145305633545
11279,4.035624980926514,5.588137626647949
11280,18.205402374267578,7.858602523803711
11281,2.77608060836792,7.961174964904785
11282,10.082358360290527,-5.688769340515137
11283,7.4235944747924805,0.809586763381958
11284,10.75164794921875,9.4655122756958
11285,18.092729568481445,9.845108032226562
11286,-5.516402721405029,-2.5418872833251953
11287,-10.501330375671387,-10.055584907531738
11288,3.788541078567505,7.009478569030762
11289,0.12132848799228668,3.7173619270324707
11290,-10.840139389038086,-16.739845275878906
11291,-2.599958658218384,-2.0977447032928467
11292,7.106856822967529,14.0822114944458
11293,-15.818764686584473,-7.786696910858154
11294,14.349760055541992,7.574382305145264
11295,18.62964630126953,6.284979820251465
11296,-4.09102725982666,1.2090623378753662
11297,0.030089065432548523,5.335318088531494
11298,4.737287998199463,3.301471710205078
11299,0.040728166699409485,0.36192238330841064
11300,4.320929050445557,-7.137812614440918
11301,-7.306986331939697,-4.489889144897461
11302,11.179336547851562,9.421326637268066
11303,-7.974935054779053,-6.2725372314453125
11304,-3.0215370655059814,2.105400323867798
11305,-14.431683540344238,-12.43272590637207
11306,4.409882068634033,-7.817500114440918
11307,15.563032150268555,5.195956707000732
11308,-2.5727508068084717,-0.15516746044158936
11309,3.6283607482910156,7.1335272789001465
11310,0.5249043703079224,-2.923212766647339
11311,1.666735053062439,5.313541412353516
11312,-13.460213661193848,-5.194674491882324
11313,11.15211009979248,2.29998779296875
11314,14.689915657043457,0.1696857511997223
11315,2.4537298679351807,5.173257827758789
11316,-1.3531384468078613,0.18918496370315552
11317,2.192639112472534,-5.219188690185547
11318,18.006227493286133,10.2345552444458
11319,21.304920196533203,9.94891357421875
11320,5.1168036460876465,11.727961540222168
11321,1.6096456050872803,-0.5747211575508118
11322,1.279179334640503,-0.8212480545043945
11323,-1.5603822469711304,0.9330923557281494
11324,7.036888599395752,-3.2011923789978027
11325,14.62767505645752,7.917346477508545
11326,10.905234336853027,8.921311378479004
11327,-0.13435982167720795,-3.5714361667633057
11328,1.5151137113571167,0.17288385331630707
11329,5.192534446716309,-0.5704328417778015
11330,-1.6131303310394287,-0.05745319277048111
11331,-1.6331051588058472,-8.938704490661621
11332,19.616107940673828,7.793932914733887
11333,7.728522777557373,-1.083579421043396
11334,7.170979022979736,6.1956915855407715
11335,-2.1305155754089355,-1.7220802307128906
11336,-0.7270001173019409,-1.8650188446044922
11337,-10.410627365112305,-9.429282188415527
11338,12.53988265991211,-0.5183115005493164
11339,13.830282211303711,10.274121284484863
11340,-3.099159002304077,1.4354981184005737
11341,0.957990825176239,2.0470309257507324
11342,2.0219335556030273,4.460963249206543
11343,3.229828119277954,5.522913455963135
11344,-7.095749378204346,-6.652881145477295
11345,-1.9912762641906738,0.09027721732854843
11346,3.864009141921997,5.375266075134277
11347,-2.773545503616333,1.4935654401779175
11348,18.56304168701172,0.5263059139251709
11349,-3.0862913131713867,-12.25085735321045
11350,4.413582801818848,4.321349143981934
11351,-2.8273682594299316,-10.879119873046875
11352,2.5033199787139893,-0.43756940960884094
11353,-4.096614837646484,-13.143111228942871
11354,-1.1343978643417358,0.7241206765174866
11355,3.427889108657837,4.375071048736572
11356,-5.676357746124268,-5.679570198059082
11357,-11.106290817260742,-9.345952987670898
11358,7.329841136932373,9.300080299377441
11359,0.6711423993110657,-1.9960334300994873
11360,-4.01545524597168,0.9488366842269897
11361,17.60362434387207,7.492444038391113
11362,5.287718296051025,14.748547554016113
11363,0.7482049465179443,4.738955974578857
11364,-5.921517848968506,-5.69023323059082
11365,-0.408214271068573,0.7872072458267212
11366,-1.150752305984497,-4.686215877532959
11367,-19.090106964111328,-10.272516250610352
11368,-8.32491397857666,-10.021852493286133
11369,-4.420539379119873,2.636495590209961
11370,2.368497610092163,-4.949993133544922
11371,4.189754962921143,-2.060635566711426
11372,3.650299072265625,0.6877683401107788
11373,-12.525311470031738,-17.173625946044922
11374,0.20212770998477936,2.3772695064544678
11375,1.8359096050262451,4.9349589347839355
11376,2.5518300533294678,4.3987298011779785
11377,8.085495948791504,-7.331423282623291
11378,3.179539918899536,9.255911827087402
11379,7.418124675750732,5.675697326660156
11380,10.576827049255371,4.733830451965332
11381,-0.9667226076126099,1.318570852279663
11382,23.235990524291992,0.9464734792709351
11383,1.418835163116455,-4.245295524597168
11384,0.37366533279418945,5.936518669128418
11385,0.6837587356567383,-2.9652187824249268
11386,0.1968916803598404,0.16475385427474976
11387,19.90620231628418,8.838028907775879
11388,14.416775703430176,4.1554412841796875
11389,-2.9827139377593994,0.47307777404785156
11390,14.916481971740723,10.770712852478027
11391,4.745697498321533,-12.904019355773926
11392,1.9825987815856934,-2.3430137634277344
11393,4.392964839935303,4.354290962219238
11394,-8.04055118560791,-6.126561164855957
11395,2.8209803104400635,2.382559299468994
11396,-3.8682453632354736,-1.9098715782165527
11397,0.9793270230293274,-4.068455696105957
11398,-2.9857699871063232,-0.6614949107170105
11399,19.57926368713379,9.85528564453125
11400,-9.67192554473877,-4.047251224517822
11401,21.361846923828125,8.23698902130127
11402,7.9002203941345215,-1.053553819656372
11403,-1.8043396472930908,7.460661888122559
11404,2.4503729343414307,1.096242904663086
11405,-10.255887031555176,7.476293087005615
11406,3.3564486503601074,-6.317806720733643
11407,1.246665120124817,2.5776963233947754
11408,-9.784319877624512,-13.664205551147461
11409,-4.389492511749268,-16.271413803100586
11410,-1.7228492498397827,-2.798772096633911
11411,0.7757864594459534,-3.272794485092163
11412,10.899759292602539,8.871197700500488
11413,-8.937644004821777,-5.822077751159668
11414,1.1756775379180908,-0.14836347103118896
11415,2.756932497024536,4.482850551605225
11416,4.980188846588135,-1.0994120836257935
11417,3.096082925796509,-6.3092193603515625
11418,-0.9681193828582764,-2.382112741470337
11419,2.3784618377685547,4.527695655822754
11420,7.79373025894165,-13.35849666595459
11421,0.5086852312088013,2.352459192276001
11422,5.672177791595459,0.8522530794143677
11423,1.6153557300567627,-5.926602363586426
11424,-1.2647439241409302,6.865287780761719
11425,19.100292205810547,11.029202461242676
11426,14.763298988342285,1.0309799909591675
11427,6.780166149139404,-5.366761684417725
11428,1.7975056171417236,-5.173702239990234
11429,16.719135284423828,10.597805976867676
11430,7.24751091003418,-7.950728416442871
11431,0.9495072960853577,-2.029546022415161
11432,16.211071014404297,-3.018880605697632
11433,4.085202217102051,-0.10072217136621475
11434,-2.991687536239624,-2.3087680339813232
11435,0.6486725211143494,4.646861553192139
11436,-13.520816802978516,-13.492507934570312
11437,8.058745384216309,2.8861639499664307
11438,-2.6877646446228027,-5.636320114135742
11439,15.941340446472168,3.1089375019073486
11440,5.940103530883789,1.179680585861206
11441,-2.6831328868865967,-1.462230920791626
11442,3.9206693172454834,1.7417007684707642
11443,6.787949085235596,9.74886703491211
11444,8.443324089050293,-4.644988059997559
11445,6.131742477416992,8.48006534576416
11446,3.639211416244507,-1.0883582830429077
11447,12.155425071716309,9.746493339538574
11448,1.36911940574646,9.224982261657715
11449,3.442504644393921,-0.6907492280006409
11450,5.970236301422119,3.8595640659332275
11451,0.7086024880409241,0.07353975623846054
11452,1.952897310256958,-5.962687015533447
11453,1.2202876806259155,8.695183753967285
11454,-2.5686542987823486,0.8578475713729858
11455,11.860013008117676,7.935359954833984
11456,3.006054162979126,-1.783232569694519
11457,5.155518054962158,-0.04316136986017227
11458,18.823070526123047,-0.3267117440700531
11459,3.87711501121521,3.2092182636260986
11460,-6.546604633331299,-11.205113410949707
11461,4.552669048309326,1.0396591424942017
11462,-5.617415428161621,-3.1144773960113525
11463,15.62331485748291,2.6869189739227295
11464,-4.795607089996338,1.3130265474319458
11465,-0.16746075451374054,-0.09025705605745316
11466,11.875356674194336,-0.20765379071235657
11467,-11.439616203308105,-7.169485569000244
11468,-1.5384184122085571,-2.5366086959838867
11469,7.790555000305176,3.0975534915924072
11470,-3.185439348220825,0.4120851755142212
11471,7.450350761413574,-1.576511263847351
11472,3.754140853881836,7.6941351890563965
11473,-11.664345741271973,-16.071826934814453
11474,-9.27855396270752,-7.007687091827393
11475,15.113197326660156,-1.4402804374694824
11476,-0.20550735294818878,-10.746237754821777
11477,6.870960712432861,-0.6460949182510376
11478,3.4111320972442627,4.998569488525391
11479,-1.4664020538330078,4.887883186340332
11480,3.307525873184204,5.402373790740967
11481,2.1327855587005615,-6.229100227355957
11482,2.2140378952026367,-8.900768280029297
11483,4.454993724822998,2.3137149810791016
11484,-2.515195369720459,-2.2099883556365967
11485,6.824019908905029,6.8004937171936035
11486,21.205371856689453,9.965004920959473
11487,-1.542649745941162,1.1606268882751465
11488,-5.378506660461426,-5.138254165649414
11489,-5.585476875305176,-3.715904951095581
11490,1.8015515804290771,2.9423978328704834
11491,-0.9867690801620483,2.5195000171661377
11492,-0.7187631130218506,1.5161582231521606
11493,-5.32744836807251,2.7215144634246826
11494,2.012969732284546,-11.272698402404785
11495,-2.3141133785247803,-0.5650280117988586
11496,-0.700604259967804,-7.067278861999512
11497,-10.685698509216309,-5.158153533935547
11498,15.161103248596191,-0.18782863020896912
11499,-14.76876163482666,-12.980561256408691
11500,0.03947828710079193,-2.1118552684783936
11501,-0.061380624771118164,0.5292621850967407
11502,0.6092684864997864,5.172701358795166
11503,-0.6379726529121399,0.11929734796285629
11504,-0.36501240730285645,-6.790770530700684
11505,15.412328720092773,1.8270676136016846
11506,3.5643928050994873,12.44649600982666
11507,13.695791244506836,6.216886520385742
11508,15.806078910827637,3.8831660747528076
11509,0.8575014472007751,-0.5041983127593994
11510,0.20847363770008087,-2.6485073566436768
11511,-0.2426844984292984,6.192098617553711
11512,21.61977767944336,9.809117317199707
11513,0.4124501347541809,5.094858169555664
11514,3.596238374710083,10.957815170288086
11515,18.829282760620117,-2.1697514057159424
11516,10.817721366882324,9.103493690490723
11517,17.20587158203125,-2.996453046798706
11518,6.935325622558594,9.410179138183594
11519,1.2719945907592773,8.044652938842773
11520,14.713133811950684,-0.8631801009178162
11521,4.948780536651611,11.502464294433594
11522,8.41176986694336,4.027136325836182
11523,12.215106010437012,0.3734574615955353
11524,9.477519035339355,-7.06651496887207
11525,-1.1519553661346436,-9.906679153442383
11526,15.652892112731934,-2.919420003890991
11527,-3.747809648513794,2.5810036659240723
11528,-0.8864583373069763,-1.3018364906311035
11529,-0.6328002214431763,-1.7125635147094727
11530,-4.571336269378662,1.3537133932113647
11531,7.701786994934082,1.468395471572876
11532,3.712405204772949,7.520645618438721
11533,17.692106246948242,6.080859661102295
11534,-0.7944891452789307,0.3365621566772461
11535,2.8275864124298096,11.220451354980469
11536,1.0656330585479736,-0.4330250918865204
11537,9.604948997497559,-1.0566296577453613
11538,1.9677064418792725,-6.9485931396484375
11539,8.784021377563477,7.616247177124023
11540,-4.591676712036133,-2.604663610458374
11541,6.796372890472412,-4.829474449157715
11542,-0.3159414529800415,-0.31297188997268677
11543,13.335494995117188,3.995485782623291
11544,0.1230216771364212,-0.5673137307167053
11545,10.336861610412598,0.7756122350692749
11546,-1.3120052814483643,1.3748167753219604
11547,-0.1123216301202774,4.661252021789551
11548,4.467494964599609,2.7529804706573486
11549,-2.6247689723968506,-0.3362303078174591
11550,2.7906267642974854,-2.169830560684204
11551,2.002020835876465,10.646108627319336
11552,1.1969127655029297,-2.9794065952301025
11553,-0.5365304946899414,1.3417004346847534
11554,1.8965210914611816,0.6987325549125671
11555,-0.05857546627521515,-8.135207176208496
11556,10.224180221557617,8.464204788208008
11557,3.1407482624053955,-1.8587855100631714
11558,-2.2503364086151123,0.7805444002151489
11559,0.8376780152320862,0.9646104574203491
11560,-7.0164408683776855,3.4175660610198975
11561,-0.8132147789001465,1.6390764713287354
11562,2.693372964859009,0.40440860390663147
11563,-4.302604675292969,1.5874459743499756
11564,1.7308919429779053,-1.5746983289718628
11565,4.744093894958496,4.548815727233887
11566,16.47283935546875,10.450814247131348
11567,-4.075657844543457,0.7608309984207153
11568,10.180205345153809,4.408581733703613
11569,-8.449763298034668,-5.122950077056885
11570,-1.0392441749572754,-10.415863990783691
11571,3.26223087310791,3.0726749897003174
11572,-0.030669644474983215,-2.4835479259490967
11573,10.93116283416748,-0.675855815410614
11574,-0.8940449357032776,0.806410551071167
11575,6.582088470458984,5.432233810424805
11576,-5.258137226104736,3.539562940597534
11577,1.5800938606262207,2.8453872203826904
11578,12.34986400604248,-3.54840350151062
11579,4.629140377044678,12.491425514221191
11580,5.373483180999756,4.3239898681640625
11581,9.147385597229004,8.02958869934082
11582,1.5467019081115723,-5.620794296264648
11583,7.358856201171875,12.290730476379395
11584,0.49189239740371704,-2.8713767528533936
11585,4.676968097686768,1.3609598875045776
11586,-3.9651544094085693,0.5837379097938538
11587,13.938509941101074,1.7294323444366455
11588,20.495820999145508,7.793363571166992
11589,2.2244794368743896,3.503361463546753
11590,0.5382267832756042,5.1065216064453125
11591,0.07733641564846039,0.6488539576530457
11592,-0.3693912625312805,5.946147918701172
11593,-10.358418464660645,-9.22769832611084
11594,2.7877986431121826,2.2018587589263916
11595,2.2964043617248535,10.376651763916016
11596,-2.669517755508423,-2.2314469814300537
11597,6.895421504974365,11.826945304870605
11598,1.85319185256958,1.0448042154312134
11599,-4.347227096557617,-2.9201228618621826
11600,3.1608598232269287,9.198351860046387
11601,0.24073533713817596,3.6258041858673096
11602,16.307666778564453,-2.3806240558624268
11603,1.3679708242416382,1.5633442401885986
11604,6.119687557220459,-3.661085844039917
11605,6.911749362945557,2.5557944774627686
11606,-5.695323467254639,3.6443746089935303
11607,7.543245792388916,-0.9051944017410278
11608,14.359375,11.106801986694336
11609,-5.004244327545166,-3.0160138607025146
11610,-0.0586668998003006,-13.218466758728027
11611,-2.6250393390655518,0.8208035230636597
11612,-2.0497612953186035,-2.258922815322876
11613,-2.0351572036743164,-15.153258323669434
11614,5.811071872711182,3.465379476547241
11615,2.6093146800994873,0.9225144386291504
11616,21.72536277770996,11.640351295471191
11617,10.699813842773438,-2.5997567176818848
11618,12.214076042175293,-5.134795188903809
11619,-2.897399663925171,-6.890174865722656
11620,-4.25669527053833,3.3885533809661865
11621,-1.4590506553649902,2.7454283237457275
11622,3.624500274658203,-9.334498405456543
11623,3.27249813079834,2.4678916931152344
11624,1.372779369354248,4.989536762237549
11625,-2.1160459518432617,-2.3341307640075684
11626,5.765422344207764,-4.302814960479736
11627,-1.1648956537246704,-1.5317704677581787
11628,-0.20784015953540802,0.45966312289237976
11629,4.118162631988525,6.182994365692139
11630,5.070434093475342,-2.9706599712371826
11631,4.7347493171691895,-20.751293182373047
11632,2.847935914993286,-7.722263336181641
11633,-3.8355581760406494,-9.81076717376709
11634,-9.489235877990723,-7.846017360687256
11635,8.785514831542969,6.663263320922852
11636,-7.745423793792725,-3.8652217388153076
11637,-3.141545534133911,-2.4799423217773438
11638,-0.37884002923965454,-1.9524424076080322
11639,-1.881157398223877,-2.0409514904022217
11640,8.091748237609863,3.149096727371216
11641,0.9657183289527893,-3.658759832382202
11642,3.841444730758667,11.189030647277832
11643,17.645858764648438,-4.026666641235352
11644,6.042440891265869,-0.798920750617981
11645,16.420406341552734,5.975066184997559
11646,0.36389589309692383,0.2863174080848694
11647,1.9349582195281982,-2.0031559467315674
11648,11.913806915283203,9.731465339660645
11649,0.9555101990699768,5.814711570739746
11650,4.41172981262207,2.2609848976135254
11651,3.254850149154663,2.785275936126709
11652,-11.741971015930176,-7.81797456741333
11653,4.494004726409912,0.3334667980670929
11654,-15.616913795471191,-14.274320602416992
11655,-2.1817750930786133,-1.7238376140594482
11656,-7.597015857696533,-2.319139242172241
11657,1.9195432662963867,0.832030177116394
11658,5.21417760848999,-3.8971264362335205
11659,1.8113396167755127,-4.127092361450195
11660,11.275222778320312,9.63770866394043
11661,-3.165365695953369,2.422935962677002
11662,4.377054214477539,10.86420726776123
11663,-4.209292411804199,-4.095125198364258
11664,8.082487106323242,6.975130081176758
11665,19.039981842041016,-3.2497806549072266
11666,-1.6837692260742188,-3.176299810409546
11667,4.095430850982666,1.189242959022522
11668,-13.965871810913086,-8.93153190612793
11669,7.469724655151367,6.086569309234619
11670,0.589159369468689,5.339156150817871
11671,-0.9788388609886169,1.5118262767791748
11672,16.529741287231445,10.53693962097168
11673,10.158824920654297,-0.1447412669658661
11674,0.04805202782154083,3.1846249103546143
11675,13.1635160446167,4.790036201477051
11676,-4.976968765258789,-4.170027256011963
11677,6.175623416900635,-3.923307180404663
11678,0.1333213895559311,0.7421550750732422
11679,1.0429340600967407,-1.5356762409210205
11680,0.2961481809616089,5.297907829284668
11681,-9.797046661376953,-8.958868980407715
11682,-9.28902816772461,-19.210493087768555
11683,-0.4925972819328308,1.2792823314666748
11684,3.192919969558716,2.194777250289917
11685,4.401534080505371,-0.15507230162620544
11686,-0.705800473690033,1.7267364263534546
11687,0.5550792813301086,1.1835095882415771
11688,9.654309272766113,2.899364471435547
11689,-3.678901433944702,-4.884990692138672
11690,3.1062443256378174,8.600045204162598
11691,-2.904754877090454,-3.3179423809051514
11692,-2.8474059104919434,-5.905416488647461
11693,14.846813201904297,5.634332180023193
11694,8.891040802001953,6.883027076721191
11695,2.2361881732940674,9.211637496948242
11696,13.802391052246094,-1.4922633171081543
11697,-0.3584776520729065,-0.24030908942222595
11698,-3.789490222930908,1.0371218919754028
11699,-1.0982162952423096,-0.6580760478973389
11700,-8.744227409362793,-2.43727445602417
11701,-0.7920780777931213,-6.258481979370117
11702,16.895692825317383,8.617037773132324
11703,13.537300109863281,-2.52164626121521
11704,-2.962355852127075,-7.142212867736816
11705,4.305257797241211,-2.8292505741119385
11706,7.785041809082031,4.645673751831055
11707,2.3699018955230713,-6.629146099090576
11708,2.3045010566711426,3.347376823425293
11709,0.14917759597301483,9.003116607666016
11710,-0.7759687304496765,-4.144227504730225
11711,-0.3353501558303833,4.113247394561768
11712,11.468174934387207,7.27119255065918
11713,5.120224475860596,-8.886462211608887
11714,-2.8887510299682617,-5.752069473266602
11715,3.7942960262298584,3.453195810317993
11716,12.9420747756958,5.440070152282715
11717,0.21017025411128998,-2.688354253768921
11718,13.013691902160645,-5.963592529296875
11719,-1.2906545400619507,-6.4455060958862305
11720,20.00952911376953,-0.3198795020580292
11721,-12.677842140197754,-12.205281257629395
11722,15.836625099182129,-2.3445327281951904
11723,3.8856890201568604,2.003181219100952
11724,-1.0898008346557617,-6.196238994598389
11725,-2.9600772857666016,-0.9609535932540894
11726,-2.2709076404571533,-1.2379910945892334
11727,0.218218132853508,4.113546371459961
11728,18.180147171020508,-0.28834888339042664
11729,-3.3801262378692627,0.8302731513977051
11730,1.0707356929779053,0.37052518129348755
11731,-1.670536994934082,-1.4921625852584839
11732,16.96811866760254,3.3814444541931152
11733,5.049320697784424,-8.354691505432129
11734,3.8206331729888916,2.453921318054199
11735,3.051020383834839,6.299847602844238
11736,5.61163330078125,-0.023635901510715485
11737,6.174412727355957,8.68078899383545
11738,-2.953399896621704,0.5453439354896545
11739,-0.9513034224510193,0.9737027883529663
11740,-3.0879671573638916,1.9745042324066162
11741,3.748821973800659,5.634894371032715
11742,0.3761119246482849,-2.675537586212158
11743,2.640374183654785,3.513324737548828
11744,-0.20163972675800323,3.9097979068756104
11745,0.7061462998390198,-1.6842892169952393
11746,-1.178519606590271,-1.864945888519287
11747,-1.0957982540130615,-0.08565235882997513
11748,-1.2203954458236694,-10.562804222106934
11749,1.782740592956543,6.335641860961914
11750,-4.786971092224121,3.8228306770324707
11751,11.371652603149414,9.554116249084473
11752,7.768870830535889,-5.2787346839904785
11753,14.343762397766113,1.0915579795837402
11754,-7.044179439544678,-27.332096099853516
11755,16.159372329711914,6.281580924987793
11756,-9.131087303161621,-17.003990173339844
11757,-3.9725959300994873,-3.3910982608795166
11758,19.566593170166016,2.9608447551727295
11759,-2.423839569091797,0.7115318179130554
11760,-8.11114501953125,-8.43490219116211
11761,1.610121488571167,10.001011848449707
11762,3.7781074047088623,-2.221597194671631
11763,-1.9111909866333008,1.394287109375
11764,3.0686123371124268,4.972348213195801
11765,1.9545817375183105,0.1981106400489807
11766,14.960206031799316,10.705710411071777
11767,1.3456401824951172,-3.814213514328003
11768,0.5889798998832703,-6.248867988586426
11769,-3.3462812900543213,1.7146031856536865
11770,-3.2186224460601807,1.331357479095459
11771,0.690760612487793,-1.7560052871704102
11772,-0.056081220507621765,-2.5120108127593994
11773,2.518017053604126,-6.847564220428467
11774,5.929877758026123,1.3757531642913818
11775,7.654729843139648,6.225566864013672
11776,-0.60166335105896,0.9208633899688721
11777,-1.386648178100586,-5.404512405395508
11778,3.5784223079681396,3.913020372390747
11779,-3.077366828918457,-1.0642799139022827
11780,7.258412837982178,12.17880916595459
11781,1.995720624923706,1.0524410009384155
11782,15.093356132507324,0.9513980150222778
11783,-1.651856541633606,-0.9690732955932617
11784,-11.45457935333252,-3.4124438762664795
11785,0.5667100548744202,-2.895012140274048
11786,0.5053116679191589,-10.60319995880127
11787,4.646517276763916,-3.385106325149536
11788,5.320620059967041,2.5220162868499756
11789,3.688638925552368,-7.1174211502075195
11790,4.63945198059082,4.735217571258545
11791,-7.700442790985107,-7.750328540802002
11792,4.135237216949463,6.802239418029785
11793,14.589947700500488,6.74234676361084
11794,4.29095458984375,-2.2719743251800537
11795,3.6636483669281006,0.07508733123540878
11796,1.7048571109771729,2.462512731552124
11797,1.9438865184783936,-2.827908992767334
11798,2.046774387359619,-1.715775966644287
11799,-4.445250034332275,-2.6241724491119385
11800,6.974196434020996,0.3252885341644287
11801,0.7156571745872498,0.21578824520111084
11802,10.624398231506348,6.3059983253479
11803,-4.850052356719971,-1.9131669998168945
11804,1.9307773113250732,6.815467357635498
11805,1.6527634859085083,-2.5105769634246826
11806,4.965099334716797,-1.8144001960754395
11807,8.032187461853027,-0.7897215485572815
11808,0.1319923847913742,0.5494084358215332
11809,3.785795211791992,6.526149749755859
11810,14.06113052368164,9.52952766418457
11811,6.056826114654541,-4.305463790893555
11812,-0.4811100363731384,4.348702430725098
11813,5.574453830718994,5.00229549407959
11814,-2.953505754470825,-15.035881996154785
11815,4.189806938171387,-10.172327995300293
11816,21.27275276184082,9.545154571533203
11817,-0.7774589657783508,0.9892176389694214
11818,0.021904274821281433,4.289156436920166
11819,9.106245994567871,-2.720601797103882
11820,9.9441556930542,0.10636880248785019
11821,3.9599320888519287,-6.412178993225098
11822,1.0789610147476196,8.690143585205078
11823,-7.239588260650635,4.937056541442871
11824,12.721226692199707,-8.338613510131836
11825,0.25634098052978516,0.4231359362602234
11826,5.848448276519775,-2.5674803256988525
11827,-8.12501335144043,-28.330303192138672
11828,3.089548349380493,7.632170677185059
11829,7.232140064239502,6.953089237213135
11830,5.966963291168213,-5.573871612548828
11831,20.650970458984375,11.82386302947998
11832,-4.10073184967041,-4.486673831939697
11833,19.13290786743164,-4.217794895172119
11834,-0.7719973921775818,4.775997161865234
11835,0.06231801211833954,3.5193755626678467
11836,-14.027836799621582,-8.369922637939453
11837,7.399773597717285,7.502294540405273
11838,0.8996620774269104,-7.06912899017334
11839,1.4873602390289307,0.1499153971672058
11840,-6.782397747039795,-23.985950469970703
11841,-1.8088796138763428,2.0255117416381836
11842,15.626648902893066,1.0990113019943237
11843,2.9728758335113525,5.267797470092773
11844,8.385281562805176,2.4303572177886963
11845,1.808121919631958,3.857966661453247
11846,2.221447706222534,-9.344332695007324
11847,-7.187177658081055,-8.959416389465332
11848,-11.623912811279297,-11.960040092468262
11849,10.914237022399902,8.788168907165527
11850,2.4511311054229736,-5.9899067878723145
11851,2.7740108966827393,4.441567420959473
11852,-1.3443591594696045,-0.939349889755249
11853,8.126066207885742,1.6878764629364014
11854,11.249600410461426,9.445923805236816
11855,13.907270431518555,-8.205771446228027
11856,0.46008360385894775,2.028628349304199
11857,-2.6823575496673584,4.408071994781494
11858,3.9234745502471924,5.067216873168945
11859,-0.22149930894374847,-0.33635345101356506
11860,14.38479995727539,1.316800594329834
11861,-3.26013445854187,1.2934569120407104
11862,13.24888801574707,2.7909324169158936
11863,0.922718346118927,9.079974174499512
11864,-12.753754615783691,-11.07320499420166
11865,-4.969078540802002,1.5838733911514282
11866,-12.31380558013916,-4.5696258544921875
11867,2.3604657649993896,2.7641682624816895
11868,-0.08402247726917267,2.709080696105957
11869,-1.71479070186615,-3.7511229515075684
11870,2.654395818710327,-1.5380136966705322
11871,0.3646801710128784,-3.6124751567840576
11872,3.89172101020813,-7.011028289794922
11873,15.591506958007812,-6.248256206512451
11874,9.438605308532715,-7.85958194732666
11875,9.949310302734375,5.781464576721191
11876,3.719933271408081,1.8457093238830566
11877,-9.713040351867676,-9.749259948730469
11878,-0.017323747277259827,4.977693557739258
11879,8.723952293395996,4.412991523742676
11880,-0.827934741973877,-5.789772033691406
11881,14.806422233581543,2.2572968006134033
11882,7.4906182289123535,1.6518878936767578
11883,4.360605239868164,3.594245195388794
11884,-7.356492042541504,-13.576922416687012
11885,3.6621201038360596,-0.6768971085548401
11886,0.7133289575576782,3.5047147274017334
11887,-3.347151279449463,-3.437209367752075
11888,1.3919799327850342,-2.367854595184326
11889,4.940989017486572,12.9708833694458
11890,-11.881363868713379,-11.839313507080078
11891,3.5274336338043213,-2.384673833847046
11892,-0.4427335262298584,1.4963693618774414
11893,-11.754361152648926,-13.026362419128418
11894,0.5224446654319763,1.6905808448791504
11895,3.7351553440093994,3.019916296005249
11896,2.6462020874023438,-3.221418619155884
11897,20.958032608032227,1.9010651111602783
11898,-2.6443474292755127,-2.8591887950897217
11899,5.8321213722229,-0.21684712171554565
11900,20.010231018066406,10.44892692565918
11901,3.4713001251220703,-8.703157424926758
11902,19.608434677124023,3.86661696434021
11903,12.933673858642578,9.606772422790527
11904,-5.509740352630615,-2.237908124923706
11905,-0.15982067584991455,2.272533893585205
11906,-3.2351560592651367,-3.874861717224121
11907,2.5469486713409424,5.966597557067871
11908,4.695488452911377,3.7093679904937744
11909,-0.4299042820930481,-3.2398910522460938
11910,17.38949966430664,4.639290809631348
11911,5.375650405883789,2.737382650375366
11912,13.611973762512207,10.481045722961426
11913,-3.661407470703125,2.7622153759002686
11914,-6.07423734664917,-11.600218772888184
11915,-1.8874402046203613,-1.806276559829712
11916,-2.4540646076202393,-6.941392421722412
11917,8.703997611999512,-8.265265464782715
11918,15.845479011535645,11.283882141113281
11919,-6.903616428375244,-4.206752777099609
11920,14.188179969787598,-2.9540810585021973
11921,-2.848675489425659,0.10851999372243881
11922,-1.6920558214187622,-2.624663829803467
11923,6.098621368408203,1.9279546737670898
11924,-4.682072162628174,-4.343791484832764
11925,2.7129392623901367,0.039105914533138275
11926,0.009094789624214172,3.6550118923187256
11927,17.014663696289062,7.183797836303711
11928,-1.3998969793319702,2.022564649581909
11929,22.74338722229004,9.880593299865723
11930,1.3724641799926758,-0.1563461720943451
11931,0.4505486488342285,0.6348876357078552
11932,-1.6436636447906494,0.9361685514450073
11933,-1.011905312538147,1.04460608959198
11934,0.5789624452590942,-3.2746689319610596
11935,3.811583995819092,10.92987060546875
11936,18.114513397216797,10.350890159606934
11937,-3.7295353412628174,0.45059967041015625
11938,-2.9847187995910645,-1.192388653755188
11939,1.770366907119751,6.473262310028076
11940,1.530122995376587,-1.7790783643722534
11941,4.778041362762451,-2.2386538982391357
11942,21.812807083129883,-0.29794082045555115
11943,2.100651502609253,-1.7614684104919434
11944,14.708412170410156,10.749022483825684
11945,7.872180461883545,7.06312370300293
11946,-5.869543552398682,3.2471587657928467
11947,-1.2796541452407837,-3.504890203475952
11948,2.4005327224731445,0.7981995344161987
11949,1.1675398349761963,0.9048676490783691
11950,18.906156539916992,8.4315185546875
11951,0.3912011981010437,0.40472570061683655
11952,-5.754351615905762,-4.041845321655273
11953,4.561285495758057,-7.8002119064331055
11954,3.1685104370117188,5.155783653259277
11955,-0.9671807885169983,0.8284923434257507
11956,0.012985453009605408,0.17164644598960876
11957,-2.650869607925415,-5.200686454772949
11958,2.0321762561798096,-1.2209343910217285
11959,-0.4222901165485382,1.5585675239562988
11960,2.230790615081787,-1.8873246908187866
11961,4.274416446685791,-3.6810405254364014
11962,7.948448657989502,0.8750190734863281
11963,4.796098232269287,0.3424045145511627
11964,0.3156015872955322,-0.00018245726823806763
11965,8.551690101623535,4.321850776672363
11966,9.886038780212402,7.926867485046387
11967,2.433943510055542,2.406576633453369
11968,2.100003719329834,10.79477596282959
11969,-0.42718106508255005,-3.210874319076538
11970,1.2832200527191162,-4.401270389556885
11971,-2.136057138442993,-3.353217601776123
11972,12.14095401763916,-0.1719992458820343
11973,1.7763265371322632,3.993469715118408
11974,-0.8671236634254456,2.014918327331543
11975,0.3988218903541565,0.4317488372325897
11976,-15.949305534362793,-13.36580753326416
11977,-1.4787876605987549,-15.267560005187988
11978,5.059915065765381,8.618978500366211
11979,0.7316110134124756,4.782197952270508
11980,-2.863737106323242,-13.054953575134277
11981,8.67358112335205,-8.415514945983887
11982,11.89792537689209,9.490463256835938
11983,-4.4313435554504395,-2.0014638900756836
11984,8.597052574157715,-7.489138603210449
11985,-14.082324028015137,-11.014699935913086
11986,12.746041297912598,5.129549980163574
11987,0.3655110001564026,0.40419474244117737
11988,6.893439292907715,-4.226034641265869
11989,8.084582328796387,-5.330254077911377
11990,2.9010212421417236,-1.7054977416992188
11991,-8.731047630310059,-6.412439823150635
11992,-2.357118606567383,-3.4946129322052
11993,0.24447141587734222,-1.8127355575561523
11994,4.336060047149658,-5.7992844581604
11995,-0.5143061876296997,0.0366009846329689
11996,2.009172201156616,-2.6160929203033447
11997,17.16884994506836,9.955351829528809
11998,-7.122127532958984,-7.353090763092041
11999,5.707329750061035,-2.920372724533081
12000,-0.5938565731048584,-5.191429615020752
12001,-6.598846912384033,3.610018491744995
12002,-0.00479540228843689,3.3274152278900146
12003,3.5582897663116455,2.7186672687530518
12004,-0.14811904728412628,4.008738040924072
12005,2.288390874862671,-5.25889253616333
12006,4.604972839355469,4.915802001953125
12007,-0.472209632396698,3.0313093662261963
12008,20.315946578979492,11.715361595153809
12009,-1.0278645753860474,-1.7832345962524414
12010,4.057322025299072,12.847013473510742
12011,-14.14376449584961,-9.500532150268555
12012,-7.122429847717285,-9.199662208557129
12013,-0.12454862892627716,6.081523895263672
12014,5.7720842361450195,7.959705352783203
12015,-1.708844780921936,2.2416226863861084
12016,1.330491542816162,-10.421430587768555
12017,8.364716529846191,5.648046493530273
12018,-0.1399880200624466,2.5423171520233154
12019,15.110441207885742,8.003941535949707
12020,14.562621116638184,4.473081111907959
12021,-0.4956675171852112,1.5216834545135498
12022,4.208122730255127,-7.277213096618652
12023,6.877854824066162,1.9182593822479248
12024,-3.6897451877593994,-1.8797276020050049
12025,-0.9096729755401611,5.137203216552734
12026,2.4634783267974854,3.01926589012146
12027,3.8010146617889404,7.638550758361816
12028,13.172857284545898,6.868103981018066
12029,-1.0289961099624634,-1.6735070943832397
12030,18.08002281188965,6.44338846206665
12031,0.3034895062446594,4.076932907104492
12032,-0.5468277931213379,-4.700172424316406
12033,-10.365042686462402,-9.340840339660645
12034,3.066603422164917,5.915539741516113
12035,7.333309650421143,-1.0411531925201416
12036,-3.318662166595459,-11.893479347229004
12037,4.536288738250732,3.648808002471924
12038,-5.937602996826172,-13.070982933044434
12039,2.6712090969085693,-0.9227865934371948
12040,-0.7180429100990295,-2.7367069721221924
12041,2.798895835876465,8.580180168151855
12042,-7.051144123077393,-3.4594883918762207
12043,3.1213181018829346,4.917924880981445
12044,12.91591739654541,2.629966974258423
12045,0.13100196421146393,3.9074490070343018
12046,6.268632411956787,0.09130360931158066
12047,10.218050956726074,7.470658302307129
12048,11.905961036682129,-2.264495611190796
12049,-7.991127014160156,-10.54818058013916
12050,3.7769439220428467,5.163853645324707
12051,-13.896807670593262,-11.268691062927246
12052,1.761304497718811,-1.2101540565490723
12053,14.791626930236816,11.098116874694824
12054,5.073678970336914,5.521463871002197
12055,2.482694625854492,2.7778468132019043
12056,-3.798969268798828,-16.082698822021484
12057,0.8115234375,-1.183211326599121
12058,2.9520785808563232,-0.944753885269165
12059,1.280505657196045,9.310101509094238
12060,1.5868046283721924,1.9291813373565674
12061,0.4062213897705078,0.3048967123031616
12062,0.46152621507644653,2.815478563308716
12063,5.665277004241943,0.3476026952266693
12064,1.3446476459503174,-3.2732183933258057
12065,13.124418258666992,2.0156331062316895
12066,-0.7856218814849854,0.274458110332489
12067,-3.5502002239227295,2.3274447917938232
12068,5.1177754402160645,4.552927017211914
12069,-0.47374624013900757,1.5471346378326416
12070,-4.981502056121826,2.760111093521118
12071,-6.530365943908691,-8.467955589294434
12072,9.13382625579834,6.338759899139404
12073,7.945077419281006,-0.38529375195503235
12074,-0.32047098875045776,-1.255326271057129
12075,8.3662748336792,-2.631807565689087
12076,-13.132756233215332,-6.013673782348633
12077,11.095909118652344,-0.27065882086753845
12078,3.053511619567871,0.12193810194730759
12079,3.6508028507232666,2.031989097595215
12080,17.83279800415039,0.6963324546813965
12081,1.8036408424377441,-1.6102652549743652
12082,1.6254945993423462,3.4311776161193848
12083,1.9662683010101318,-0.11309266835451126
12084,0.5622209310531616,-2.807884931564331
12085,17.5700626373291,2.5736894607543945
12086,2.1371657848358154,2.806227922439575
12087,18.83266258239746,1.0500915050506592
12088,2.6765902042388916,4.814760208129883
12089,-0.11426271498203278,-0.1988341212272644
12090,-1.3292007446289062,-2.564432144165039
12091,2.172175884246826,0.5389306545257568
12092,-1.3486562967300415,-0.35168224573135376
12093,-1.8905158042907715,-2.2817342281341553
12094,16.060087203979492,3.3994858264923096
12095,2.2910778522491455,-5.335472583770752
12096,4.031147480010986,5.48702335357666
12097,9.863503456115723,-0.028624512255191803
12098,-1.7629733085632324,-5.728115558624268
12099,-0.21435262262821198,2.302001953125
12100,4.892913341522217,-7.827787399291992
12101,1.9051110744476318,7.135677337646484
12102,-9.394025802612305,-10.630773544311523
12103,9.835858345031738,6.86354923248291
12104,1.5669331550598145,-0.5725055932998657
12105,1.3097577095031738,-20.631155014038086
12106,-0.6427606344223022,-1.4383506774902344
12107,0.9616495966911316,7.606232643127441
12108,-0.6908530592918396,0.5144160389900208
12109,-4.7746357917785645,2.534262180328369
12110,5.312990665435791,0.7189290523529053
12111,-3.972949504852295,1.4319126605987549
12112,-1.9655828475952148,5.802004814147949
12113,2.741595983505249,3.767167329788208
12114,-1.8761283159255981,-1.2320809364318848
12115,-1.0031187534332275,1.105012059211731
12116,-0.3137182593345642,1.3199044466018677
12117,2.6466476917266846,3.1820247173309326
12118,8.902220726013184,-9.29851245880127
12119,-3.0863993167877197,-3.1907079219818115
12120,0.660010576248169,0.12114285677671432
12121,0.6179630756378174,0.5576654672622681
12122,-13.518710136413574,-8.817376136779785
12123,3.067359685897827,8.567018508911133
12124,-0.23017913103103638,-0.3451697528362274
12125,-18.94005012512207,-15.776679039001465
12126,-1.178049087524414,-1.796981930732727
12127,-3.0929906368255615,-0.747578501701355
12128,1.9532418251037598,-0.27974629402160645
12129,4.134088516235352,10.132969856262207
12130,1.7830688953399658,6.233238697052002
12131,13.072625160217285,-3.2618844509124756
12132,0.8525215983390808,1.9124315977096558
12133,4.815270900726318,0.2757190763950348
12134,0.4577201008796692,0.7585095167160034
12135,-2.5576140880584717,-1.8419609069824219
12136,4.49440336227417,4.602636337280273
12137,4.258317470550537,5.732674598693848
12138,1.387019157409668,-0.3411201536655426
12139,-0.46647024154663086,4.189542770385742
12140,2.7184486389160156,2.8353912830352783
12141,13.437631607055664,5.677559852600098
12142,10.399443626403809,4.209623336791992
12143,4.466153621673584,5.481924057006836
12144,2.5994367599487305,0.38929644227027893
12145,13.201854705810547,6.670375823974609
12146,-8.266375541687012,-23.879762649536133
12147,4.068850040435791,4.0518035888671875
12148,-11.530830383300781,-8.964653968811035
12149,1.8931925296783447,5.146795749664307
12150,-15.936885833740234,-10.873902320861816
12151,-2.816617250442505,1.1175510883331299
12152,3.0190541744232178,2.598327875137329
12153,-0.8774086833000183,0.9509552121162415
12154,-1.1175768375396729,1.1160204410552979
12155,-3.896854877471924,-3.187838315963745
12156,12.763293266296387,7.07445764541626
12157,23.006061553955078,10.750006675720215
12158,-0.04568864405155182,0.9566444158554077
12159,-2.8549811840057373,-0.5338029265403748
12160,-7.684115886688232,-10.899287223815918
12161,-4.0141754150390625,3.1244280338287354
12162,0.6943445801734924,0.23466938734054565
12163,-0.8013291358947754,-2.031737804412842
12164,11.554229736328125,1.8007134199142456
12165,-3.516911745071411,-3.096240758895874
12166,-12.061992645263672,-9.804247856140137
12167,-2.2655694484710693,1.3634475469589233
12168,5.166759014129639,0.957891047000885
12169,-2.7762298583984375,-3.094667434692383
12170,-2.4773004055023193,-0.07758285850286484
12171,0.8739153742790222,-1.2351539134979248
12172,-9.851387023925781,-10.017745018005371
12173,0.2393970638513565,0.7921236753463745
12174,-3.600287914276123,-2.662973165512085
12175,4.6149139404296875,-8.466032028198242
12176,-3.822788953781128,5.659280776977539
12177,0.9624155163764954,-3.3548529148101807
12178,22.423336029052734,7.801133155822754
12179,4.167482852935791,0.14674630761146545
12180,3.05654239654541,-2.6014535427093506
12181,-0.18841882050037384,-8.325518608093262
12182,-3.3120124340057373,-15.215237617492676
12183,1.754602313041687,5.872392177581787
12184,-5.879568099975586,-2.9955952167510986
12185,6.298737525939941,3.2725937366485596
12186,-0.38610637187957764,0.851646363735199
12187,-11.195948600769043,-6.431521892547607
12188,0.6088587641716003,0.38860583305358887
12189,10.865252494812012,6.283763408660889
12190,3.483823537826538,3.6408932209014893
12191,-0.8690298199653625,-3.0925984382629395
12192,-4.645077228546143,-9.658342361450195
12193,-5.904572486877441,-12.26917839050293
12194,-3.553086042404175,-7.145532608032227
12195,3.464012861251831,10.09172534942627
12196,-0.356343150138855,4.754550933837891
12197,-0.3683343529701233,-10.546717643737793
12198,6.414458751678467,-4.643105983734131
12199,-9.555063247680664,-7.895563125610352
12200,-17.306114196777344,-15.108033180236816
12201,7.4936604499816895,-0.8484896421432495
12202,0.26589101552963257,0.5149983167648315
12203,5.214199542999268,6.269352436065674
12204,13.678906440734863,0.4057658612728119
12205,8.125115394592285,5.959643363952637
12206,-1.466224193572998,-1.0195064544677734
12207,-0.888006865978241,-1.5437943935394287
12208,-5.088451862335205,3.6626977920532227
12209,4.061377048492432,7.149456024169922
12210,-5.46040678024292,2.3149445056915283
12211,6.101848125457764,2.5882232189178467
12212,12.950839042663574,4.189133167266846
12213,-0.015337184071540833,8.205077171325684
12214,7.906446933746338,2.992384433746338
12215,10.348999977111816,1.3812328577041626
12216,1.9060814380645752,-5.4526238441467285
12217,-1.9019745588302612,6.753671646118164
12218,-1.384004831314087,-1.593862771987915
12219,6.600602626800537,5.465856075286865
12220,-1.732417345046997,-1.1014902591705322
12221,2.9752728939056396,-2.9897329807281494
12222,3.295193672180176,-4.051535129547119
12223,3.349531412124634,5.6029157638549805
12224,-5.591155052185059,2.5732614994049072
12225,-2.6457366943359375,-5.150205612182617
12226,-0.638370156288147,1.1982108354568481
12227,-3.952502489089966,-18.846508026123047
12228,1.552016258239746,-0.19347932934761047
12229,0.7858167290687561,3.2046563625335693
12230,-3.338580846786499,-11.415200233459473
12231,14.504542350769043,10.874688148498535
12232,0.6443465352058411,-0.8391644954681396
12233,13.510785102844238,6.979376792907715
12234,15.078886985778809,1.101454257965088
12235,-4.049572467803955,6.97484016418457
12236,-0.0014226436614990234,1.6382949352264404
12237,9.501798629760742,-1.380552887916565
12238,-0.4287639856338501,-0.1220904067158699
12239,9.456310272216797,2.3342483043670654
12240,11.016386032104492,1.3053141832351685
12241,2.6531360149383545,6.020572662353516
12242,1.0556972026824951,3.1901261806488037
12243,-2.4897701740264893,-5.141173362731934
12244,1.3020617961883545,4.680963516235352
12245,3.441077470779419,-1.1989728212356567
12246,-0.578074038028717,0.6896074414253235
12247,1.2569339275360107,3.0927083492279053
12248,10.20344352722168,4.947474479675293
12249,11.642047882080078,3.9279277324676514
12250,0.05163641273975372,1.1583421230316162
12251,7.313045024871826,-4.72777795791626
12252,4.411557197570801,2.1170194149017334
12253,-1.3879488706588745,-2.7357702255249023
12254,-2.420961856842041,-1.772402286529541
12255,11.440523147583008,5.650485515594482
12256,-0.36545342206954956,-2.989182710647583
12257,1.8155194520950317,7.255158424377441
12258,4.1747870445251465,6.544065952301025
12259,0.3452983498573303,6.053915977478027
12260,12.214237213134766,5.583929061889648
12261,0.8156728744506836,-0.18525263667106628
12262,3.7246012687683105,9.411625862121582
12263,-4.636302471160889,-4.554265975952148
12264,0.7612716555595398,4.630518913269043
12265,-0.5122905373573303,-8.862767219543457
12266,9.005096435546875,-2.727154493331909
12267,2.1545398235321045,-4.678399562835693
12268,-7.079688549041748,-6.010159492492676
12269,-2.954533338546753,1.5259180068969727
12270,3.9506218433380127,6.672629356384277
12271,2.161731719970703,3.1755239963531494
12272,17.248153686523438,9.123929977416992
12273,0.5068090558052063,-1.4684606790542603
12274,5.074820041656494,8.555298805236816
12275,-0.2851986885070801,2.213599443435669
12276,0.04475411772727966,0.11786632239818573
12277,-1.3466036319732666,-8.083940505981445
12278,1.8874256610870361,5.091856479644775
12279,0.06025762856006622,3.7472469806671143
12280,-4.017760753631592,-14.30388355255127
12281,4.917182445526123,13.194079399108887
12282,18.63697052001953,4.658181190490723
12283,6.534529209136963,2.8213632106781006
12284,12.390583038330078,9.99167537689209
12285,15.71431827545166,6.720704555511475
12286,0.6813528537750244,-0.3597452938556671
12287,2.2833595275878906,4.536358833312988
12288,4.60945463180542,11.762351036071777
12289,1.1453906297683716,-5.9075188636779785
12290,13.284879684448242,-7.882691383361816
12291,15.078104019165039,9.703970909118652
12292,7.756448268890381,5.276725769042969
12293,20.9917049407959,4.909601211547852
12294,2.831717014312744,-15.083695411682129
12295,-11.48001766204834,-5.974992752075195
12296,4.27969217300415,14.609271049499512
12297,10.28813362121582,-0.3501598536968231
12298,9.698993682861328,1.0137609243392944
12299,6.631297588348389,3.588754415512085
12300,-3.7764737606048584,1.7720954418182373
12301,-2.1327285766601562,-0.6885722279548645
12302,13.454534530639648,1.3410892486572266
12303,0.05717200040817261,0.1740151047706604
12304,-2.3193745613098145,0.8692304491996765
12305,5.168691158294678,1.252454161643982
12306,7.17301607131958,-10.906022071838379
12307,-2.7253711223602295,-0.12383731454610825
12308,8.072444915771484,4.791170120239258
12309,13.441112518310547,0.4683931767940521
12310,-1.449120044708252,-1.9637436866760254
12311,5.740362644195557,1.3352673053741455
12312,0.3127816319465637,-20.147022247314453
12313,0.24436543881893158,0.3895404636859894
12314,3.73659348487854,7.485461235046387
12315,4.293665885925293,13.619829177856445
12316,-2.648238182067871,-2.895612955093384
12317,0.10619910061359406,0.44364526867866516
12318,-0.628559410572052,2.5806961059570312
12319,-4.878316879272461,-17.078012466430664
12320,-6.858482837677002,-4.759685516357422
12321,17.646421432495117,7.746548175811768
12322,-0.07778629660606384,0.0920373946428299
12323,14.102033615112305,5.592818260192871
12324,-2.327195882797241,-21.782506942749023
12325,5.1203389167785645,4.29433536529541
12326,-0.1899532824754715,5.100362777709961
12327,1.0456788539886475,0.43404534459114075
12328,10.107808113098145,-3.8109381198883057
12329,-3.9225127696990967,-5.319185733795166
12330,4.336161136627197,-2.4328367710113525
12331,-0.0198136568069458,-1.8432999849319458
12332,13.25052547454834,8.786639213562012
12333,-3.602712869644165,-3.039910078048706
12334,-4.870758056640625,2.283025026321411
12335,1.5115000009536743,-1.278713345527649
12336,3.8322436809539795,8.815802574157715
12337,7.753701686859131,3.021909713745117
12338,21.450592041015625,9.071553230285645
12339,-4.525296211242676,-2.3761343955993652
12340,4.010822296142578,6.428213596343994
12341,6.110759735107422,13.696126937866211
12342,4.824416637420654,0.8462796211242676
12343,17.81271743774414,8.211276054382324
12344,1.2852576971054077,-3.847278356552124
12345,-0.5436056852340698,-0.10253950208425522
12346,3.6780917644500732,4.033892631530762
12347,4.939359188079834,0.6532848477363586
12348,-1.0842130184173584,1.627700924873352
12349,10.610408782958984,4.113214015960693
12350,6.555734157562256,-2.0141549110412598
12351,-9.991708755493164,-13.573409080505371
12352,7.372345924377441,-10.729354858398438
12353,6.746225357055664,5.4446587562561035
12354,14.910622596740723,9.486217498779297
12355,-7.457345485687256,4.382568359375
12356,-4.491942882537842,-2.458242893218994
12357,-0.6496762633323669,1.2933284044265747
12358,-2.601426362991333,-9.560338020324707
12359,-4.7501606941223145,1.918489694595337
12360,1.9482121467590332,1.4481393098831177
12361,3.874086618423462,1.948644995689392
12362,-16.107608795166016,-11.646529197692871
12363,-0.8889572024345398,-1.7545098066329956
12364,5.683175563812256,0.8594101071357727
12365,18.407939910888672,0.6421080827713013
12366,4.718855381011963,6.048336029052734
12367,0.002785012125968933,7.48806095123291
12368,-16.38164520263672,-9.560232162475586
12369,3.973341226577759,-3.294265031814575
12370,1.8985347747802734,3.7563016414642334
12371,4.570828914642334,0.30796703696250916
12372,-12.88830280303955,-15.129158973693848
12373,6.632843494415283,6.76705265045166
12374,-11.0443754196167,-10.78606128692627
12375,5.515724182128906,4.289481163024902
12376,-7.710831165313721,-9.051265716552734
12377,-0.15778867900371552,0.7111952304840088
12378,0.8475019335746765,6.748588562011719
12379,14.202984809875488,8.334856033325195
12380,-0.5450692176818848,0.47031235694885254
12381,3.523094892501831,3.6737658977508545
12382,-0.3987029194831848,0.7738608121871948
12383,10.305543899536133,-3.2542519569396973
12384,4.415142059326172,5.017608642578125
12385,22.387924194335938,9.907135963439941
12386,0.02417151629924774,7.674553871154785
12387,-6.277217388153076,-3.334373950958252
12388,15.45382308959961,2.3923821449279785
12389,-4.160730361938477,-2.5667564868927
12390,2.3730103969573975,9.432003021240234
12391,4.8517231941223145,1.2256932258605957
12392,-0.5361358523368835,0.10760804265737534
12393,10.28493595123291,3.014518976211548
12394,-0.9713731408119202,-1.4762171506881714
12395,5.772353172302246,6.353612899780273
12396,4.84362268447876,12.597970008850098
12397,-0.07807020843029022,-0.9813232421875
12398,-1.4106473922729492,0.025697730481624603
12399,1.1262235641479492,1.9602949619293213
12400,20.013046264648438,5.600090026855469
12401,1.8836219310760498,-2.6498987674713135
12402,-1.9583219289779663,5.993566513061523
12403,-9.290611267089844,-8.174386024475098
12404,16.447669982910156,1.8533694744110107
12405,-17.052078247070312,-11.276895523071289
12406,-2.312143087387085,-1.402827501296997
12407,5.827815532684326,1.5367915630340576
12408,2.540595769882202,10.371281623840332
12409,12.278450965881348,-4.138716697692871
12410,2.792315721511841,0.24151811003684998
12411,0.5922191739082336,-0.01164359599351883
12412,1.5364214181900024,8.455313682556152
12413,-1.7792656421661377,0.6707921028137207
12414,2.027188539505005,0.9601049423217773
12415,7.4091010093688965,10.01233196258545
12416,16.866352081298828,-3.1185944080352783
12417,9.43935489654541,4.215498924255371
12418,13.209541320800781,4.346027851104736
12419,-2.0862674713134766,-3.196511745452881
12420,-0.8826283812522888,1.8096284866333008
12421,-0.8049005270004272,-1.42274808883667
12422,-5.210873603820801,-8.161993980407715
12423,-4.25206995010376,2.7025890350341797
12424,-1.1466317176818848,0.34890392422676086
12425,4.992433071136475,-2.0997936725616455
12426,2.1339967250823975,6.803835868835449
12427,0.5296891927719116,0.13578835129737854
12428,13.046381950378418,9.560372352600098
12429,5.515449523925781,5.591100215911865
12430,-2.887140989303589,-1.5733152627944946
12431,0.20180897414684296,3.8109476566314697
12432,11.028742790222168,5.867362022399902
12433,1.6769115924835205,-10.574079513549805
12434,16.66905403137207,6.789466381072998
12435,1.580819845199585,-10.45910358428955
12436,3.238379716873169,-2.891366720199585
12437,1.582193374633789,9.21873664855957
12438,21.276691436767578,-1.525537371635437
12439,3.4791946411132812,11.733186721801758
12440,2.9192049503326416,5.549437046051025
12441,-4.707348346710205,-9.705937385559082
12442,1.297654151916504,-3.4942679405212402
12443,1.829392433166504,7.616505146026611
12444,-2.235682487487793,-13.350687026977539
12445,20.822111129760742,-5.0348381996154785
12446,-12.3466157913208,-9.968256950378418
12447,2.2667620182037354,10.05741024017334
12448,-0.1219223290681839,2.536879301071167
12449,13.88866138458252,-1.0786134004592896
12450,0.6598721146583557,-10.092085838317871
12451,-0.16741539537906647,-1.3465373516082764
12452,13.305347442626953,-0.6773275136947632
12453,6.773125171661377,5.815500736236572
12454,4.13136625289917,-1.922642469406128
12455,4.49329948425293,0.7448427677154541
12456,13.68205738067627,-2.989227056503296
12457,24.0948429107666,10.672734260559082
12458,-3.9534478187561035,-4.878827095031738
12459,15.156598091125488,-4.6432108879089355
12460,7.743502140045166,5.107296943664551
12461,0.16390632092952728,4.145946502685547
12462,6.50123929977417,8.507987022399902
12463,18.100040435791016,5.4282546043396
12464,-5.925497531890869,-5.392420768737793
12465,9.287541389465332,-3.430499792098999
12466,-1.566709041595459,8.143573760986328
12467,3.3926210403442383,5.509992599487305
12468,3.9633677005767822,-6.5277605056762695
12469,6.521271705627441,2.8791229724884033
12470,-2.2556850910186768,0.7288739085197449
12471,0.9574021697044373,8.413748741149902
12472,2.313361644744873,-20.14095687866211
12473,3.4950642585754395,5.715485095977783
12474,-1.449263095855713,-1.9129765033721924
12475,8.796645164489746,7.990725040435791
12476,8.703593254089355,7.066915988922119
12477,-4.880829334259033,1.2173559665679932
12478,5.733173847198486,1.9044960737228394
12479,5.905384063720703,0.8447631597518921
12480,-1.9917714595794678,-6.118297100067139
12481,2.1403582096099854,-1.5158908367156982
12482,-4.071591377258301,1.332504391670227
12483,19.746856689453125,11.200396537780762
12484,-4.095290184020996,-3.3947064876556396
12485,0.556747317314148,2.5304977893829346
12486,-4.045059680938721,1.5012996196746826
12487,-2.121091365814209,-1.1877024173736572
12488,1.6711032390594482,-3.05287504196167
12489,-1.2265825271606445,6.622274398803711
12490,-6.030022144317627,-11.784619331359863
12491,-3.2529356479644775,-0.10450681298971176
12492,4.8659987449646,4.078000545501709
12493,5.139374256134033,-8.815045356750488
12494,0.37538206577301025,0.5283544063568115
12495,19.29486656188965,-2.3802311420440674
12496,-3.7329623699188232,-1.6073038578033447
12497,12.20095157623291,7.1500020027160645
12498,0.6035709977149963,0.04162611812353134
12499,0.12294994294643402,0.627018392086029
12500,1.7331836223602295,0.5908288359642029
12501,-6.9257493019104,-10.753630638122559
12502,-5.127230167388916,-9.323908805847168
12503,-1.431054711341858,7.180942535400391
12504,-1.894171953201294,7.018166542053223
12505,-0.4497106671333313,4.883800983428955
12506,-3.403883218765259,-1.6687031984329224
12507,-5.5786213874816895,-6.578513145446777
12508,2.44209361076355,-3.1633968353271484
12509,8.428216934204102,7.016750335693359
12510,3.294358730316162,-0.7569098472595215
12511,1.6096701622009277,3.860809326171875
12512,4.48494291305542,0.3817879259586334
12513,-0.6585685014724731,0.46793678402900696
12514,-1.3472257852554321,-1.387669563293457
12515,-6.806390285491943,-5.977256774902344
12516,13.125947952270508,0.5898630619049072
12517,5.210398197174072,0.19683119654655457
12518,-1.9492212533950806,5.083029270172119
12519,0.4197843670845032,-3.0729548931121826
12520,9.279505729675293,7.558332443237305
12521,-8.305418968200684,-13.566140174865723
12522,-0.8815234303474426,-1.235213279724121
12523,-6.973869800567627,-3.685656785964966
12524,2.560478448867798,-0.9500149488449097
12525,15.413492202758789,3.152437925338745
12526,-2.593735933303833,-3.395434617996216
12527,0.5447257161140442,2.3317995071411133
12528,10.286894798278809,6.8206257820129395
12529,-3.1841228008270264,-2.9415245056152344
12530,-1.5157381296157837,-1.8234786987304688
12531,7.449568271636963,4.901500701904297
12532,0.31601613759994507,6.541520595550537
12533,1.7393453121185303,-4.3715057373046875
12534,4.006197452545166,6.698168754577637
12535,0.32790517807006836,4.253559112548828
12536,-1.0465562343597412,0.08851989358663559
12537,-12.732529640197754,-15.56952953338623
12538,-4.015399932861328,2.1240692138671875
12539,16.756393432617188,6.164366722106934
12540,-10.080795288085938,-16.886981964111328
12541,9.298747062683105,-5.2027411460876465
12542,6.069058895111084,12.665502548217773
12543,1.9230148792266846,7.900425910949707
12544,0.2211972326040268,-1.9115955829620361
12545,0.9522661566734314,8.292520523071289
12546,2.9546616077423096,8.573872566223145
12547,7.546886444091797,-3.848365306854248
12548,-2.8679685592651367,-0.9407038688659668
12549,7.516839981079102,13.146488189697266
12550,19.140207290649414,10.036027908325195
12551,11.131805419921875,6.878547191619873
12552,-0.3456396758556366,1.215509057044983
12553,-1.3846895694732666,7.031902313232422
12554,10.247260093688965,-0.8964952230453491
12555,2.7800443172454834,-3.9040491580963135
12556,15.567266464233398,-4.157405853271484
12557,-11.697763442993164,-5.794146537780762
12558,18.230236053466797,-0.5943076610565186
12559,6.634770393371582,11.020177841186523
12560,5.225156307220459,-3.9421846866607666
12561,6.454452037811279,-14.139976501464844
12562,4.153278827667236,-4.207096576690674
12563,4.300225257873535,9.812443733215332
12564,16.17671012878418,1.97791588306427
12565,7.636178493499756,-11.035003662109375
12566,-3.3119263648986816,-6.168799877166748
12567,-5.297403812408447,-2.7906076908111572
12568,-1.8479211330413818,4.972393989562988
12569,4.125463962554932,10.338067054748535
12570,3.7882463932037354,-2.9405293464660645
12571,4.434281826019287,-1.2063332796096802
12572,-4.432305812835693,3.5855391025543213
12573,-8.71825122833252,-3.825523853302002
12574,6.689821720123291,1.3301167488098145
12575,-4.045528411865234,-5.765816688537598
12576,13.555753707885742,3.0476300716400146
12577,-1.5876257419586182,3.2204701900482178
12578,1.8888659477233887,9.512873649597168
12579,-6.641575336456299,5.543279647827148
12580,12.741412162780762,10.273985862731934
12581,-2.0652012825012207,-1.1946868896484375
12582,3.6873927116394043,-7.134016036987305
12583,2.8742120265960693,2.3641397953033447
12584,1.3185644149780273,-5.3210649490356445
12585,-4.037785053253174,-4.566944122314453
12586,6.182939052581787,2.222820520401001
12587,-0.14762766659259796,5.297235488891602
12588,4.524564266204834,-9.010660171508789
12589,0.1588333696126938,2.9341015815734863
12590,0.33976298570632935,-0.7440007925033569
12591,21.218441009521484,9.623693466186523
12592,22.624797821044922,-1.0001497268676758
12593,-0.6717312932014465,1.3930091857910156
12594,5.321480751037598,0.8433800935745239
12595,0.1587579995393753,3.6340811252593994
12596,1.3713480234146118,9.10637092590332
12597,0.7394869923591614,-25.696067810058594
12598,-5.845139026641846,3.7153470516204834
12599,3.787377119064331,4.689874172210693
12600,0.57797771692276,5.186544418334961
12601,4.440110683441162,0.6425027847290039
12602,2.333059549331665,0.16521969437599182
12603,1.020604133605957,2.4364707469940186
12604,-1.2494142055511475,6.245756149291992
12605,-11.246983528137207,-9.898638725280762
12606,20.551015853881836,4.047834873199463
12607,0.8133804202079773,0.9558984041213989
12608,18.28573226928711,0.3285743296146393
12609,21.06507110595703,6.926041603088379
12610,18.499006271362305,-6.105194091796875
12611,16.975170135498047,8.280156135559082
12612,-14.855652809143066,-8.135007858276367
12613,1.6667424440383911,1.0110427141189575
12614,2.3836166858673096,4.16608190536499
12615,5.754491329193115,7.776210784912109
12616,8.269739151000977,6.884582042694092
12617,14.479649543762207,10.273929595947266
12618,2.652785062789917,1.5999155044555664
12619,3.9208004474639893,7.462048530578613
12620,-2.3490259647369385,-2.1332271099090576
12621,6.743772029876709,5.822657585144043
12622,4.394215106964111,9.85301685333252
12623,-1.1147481203079224,2.230865240097046
12624,19.657018661499023,10.60908031463623
12625,0.5102893710136414,6.705514907836914
12626,12.601641654968262,6.718855857849121
12627,22.78162956237793,6.36700439453125
12628,7.626405239105225,1.436957597732544
12629,3.9339993000030518,5.984048843383789
12630,0.8998191952705383,-0.49887576699256897
12631,3.175697088241577,-6.117513656616211
12632,7.135939121246338,5.1375508308410645
12633,5.17618989944458,15.136536598205566
12634,0.07414458692073822,3.904740571975708
12635,-3.274444818496704,-10.928706169128418
12636,19.8779354095459,-1.800926685333252
12637,-0.6678436398506165,-6.960030555725098
12638,1.7698802947998047,-5.684313774108887
12639,6.591708660125732,1.8461668491363525
12640,-0.007981672883033752,-2.1816325187683105
12641,-3.1156556606292725,0.6792811155319214
12642,2.0057122707366943,1.2482991218566895
12643,-1.513101577758789,-1.8957839012145996
12644,-3.3175740242004395,-0.8287384510040283
12645,-0.391232430934906,1.0027761459350586
12646,3.6641392707824707,6.3075385093688965
12647,8.259336471557617,-0.23316404223442078
12648,10.523201942443848,6.561707496643066
12649,0.22146569192409515,-2.4858973026275635
12650,2.445439100265503,-1.7234728336334229
12651,3.027674436569214,4.064628601074219
12652,5.239883899688721,15.043107986450195
12653,0.676280677318573,5.4561357498168945
12654,4.003457069396973,0.9249756336212158
12655,0.1287005990743637,0.7727023363113403
12656,-13.590067863464355,-16.417144775390625
12657,9.33758544921875,6.91899299621582
12658,2.1207773685455322,2.9449336528778076
12659,16.143360137939453,-2.5897223949432373
12660,1.3016972541809082,-2.538015604019165
12661,-2.0948727130889893,-3.17984676361084
12662,3.432720899581909,3.8422935009002686
12663,10.581698417663574,-2.816500663757324
12664,4.023983478546143,5.053882598876953
12665,4.333713054656982,4.141547203063965
12666,0.16437937319278717,-0.3814854919910431
12667,-8.037482261657715,-2.260249376296997
12668,9.386884689331055,-7.14829158782959
12669,-10.894761085510254,-18.170461654663086
12670,-2.174426317214966,-2.9937703609466553
12671,-2.227806806564331,-0.7315481305122375
12672,8.046564102172852,4.020191669464111
12673,18.052764892578125,10.753475189208984
12674,1.3923405408859253,0.8110501170158386
12675,-2.880267381668091,1.7864961624145508
12676,5.038122653961182,14.676668167114258
12677,0.6087380051612854,-3.1259827613830566
12678,19.370065689086914,11.272377967834473
12679,-3.2613511085510254,0.7037280201911926
12680,-0.20765246450901031,-2.6911261081695557
12681,-9.396449089050293,-9.125184059143066
12682,-0.3540315628051758,4.63831090927124
12683,6.1267008781433105,1.7841267585754395
12684,-0.3385188579559326,0.769738495349884
12685,18.24557113647461,-4.426060199737549
12686,-12.674269676208496,-7.2323174476623535
12687,5.139729976654053,-2.135589361190796
12688,13.129069328308105,1.2922112941741943
12689,-1.060834288597107,0.976188600063324
12690,4.900523662567139,5.422636032104492
12691,0.04448707401752472,4.933785915374756
12692,16.60332489013672,-0.03410384804010391
12693,-13.423338890075684,-7.410956859588623
12694,11.818175315856934,1.3181796073913574
12695,7.8169426918029785,-2.586894989013672
12696,-2.7126832008361816,-12.507655143737793
12697,-2.10998797416687,-1.9243085384368896
12698,8.07404613494873,-6.564269065856934
12699,-2.751243829727173,2.4342634677886963
12700,4.359564781188965,-3.6918962001800537
12701,3.2169368267059326,7.681912422180176
12702,1.636505126953125,-1.6053589582443237
12703,-5.062615871429443,-2.5088319778442383
12704,-0.2872301936149597,-10.355713844299316
12705,11.901140213012695,5.8313307762146
12706,0.8826423287391663,8.109111785888672
12707,-11.918490409851074,-10.88830280303955
12708,3.5693552494049072,6.861364364624023
12709,-0.5240621566772461,-2.4148433208465576
12710,5.469618320465088,6.097437858581543
12711,3.03533673286438,2.6330103874206543
12712,-10.005799293518066,-5.960433006286621
12713,2.3451900482177734,5.272165298461914
12714,-8.46114730834961,-8.03369426727295
12715,0.8999280333518982,0.1922440230846405
12716,-13.712702751159668,-5.101136207580566
12717,17.953834533691406,8.025786399841309
12718,-16.54874038696289,-12.107405662536621
12719,-4.683529376983643,-5.127834320068359
12720,4.268444538116455,5.339198112487793
12721,-1.8668314218521118,-2.070073366165161
12722,-7.472645282745361,-20.685413360595703
12723,1.3495956659317017,4.409578800201416
12724,-2.8504202365875244,2.6278111934661865
12725,4.503669261932373,5.998744010925293
12726,20.808874130249023,11.252625465393066
12727,11.604004859924316,9.669599533081055
12728,19.376157760620117,5.4649786949157715
12729,-4.198005199432373,-14.930343627929688
12730,-5.96191930770874,-7.03428840637207
12731,1.7160369157791138,6.1826934814453125
12732,-10.86132526397705,-9.638147354125977
12733,4.045872211456299,-2.2312347888946533
12734,-1.2132328748703003,-0.029791347682476044
12735,3.4086365699768066,9.521594047546387
12736,17.02707290649414,10.341015815734863
12737,0.5190262198448181,2.5036370754241943
12738,1.6040747165679932,-4.698352336883545
12739,22.06245994567871,3.476419687271118
12740,11.470731735229492,9.330927848815918
12741,-2.715351104736328,-5.200956344604492
12742,-4.01198673248291,-0.8102496266365051
12743,0.09411154687404633,0.532724142074585
12744,-2.2899398803710938,-0.9858129024505615
12745,9.978837013244629,6.62952184677124
12746,-6.380495548248291,-9.614089012145996
12747,15.015115737915039,1.2446963787078857
12748,-0.5815931558609009,-4.82532262802124
12749,-12.31030559539795,-12.175066947937012
12750,0.995833694934845,-2.4328205585479736
12751,0.4217022657394409,0.0533914789557457
12752,15.239387512207031,1.030267357826233
12753,-3.8678905963897705,-5.250260353088379
12754,3.412858486175537,9.247568130493164
12755,6.547598361968994,2.232576847076416
12756,12.173019409179688,-5.508459091186523
12757,2.043452024459839,10.264113426208496
12758,9.731893539428711,4.1073150634765625
12759,17.203479766845703,-3.4600307941436768
12760,4.215047359466553,-7.7474470138549805
12761,3.2424185276031494,8.087794303894043
12762,6.008637428283691,-1.1465270519256592
12763,-3.8148739337921143,0.8590190410614014
12764,1.725745677947998,3.14318585395813
12765,2.1175129413604736,-4.888783931732178
12766,14.690298080444336,1.6548185348510742
12767,3.264737606048584,0.9436706304550171
12768,4.764364719390869,4.349806785583496
12769,0.36695921421051025,-3.4880528450012207
12770,1.8108136653900146,-2.087815046310425
12771,-0.2739066183567047,0.5641710162162781
12772,4.13815450668335,3.460711717605591
12773,1.7837646007537842,-4.362941741943359
12774,-14.170023918151855,-11.561891555786133
12775,17.018198013305664,5.502497673034668
12776,6.129021167755127,3.3617327213287354
12777,12.157747268676758,4.032737731933594
12778,1.6723865270614624,1.3409578800201416
12779,-1.6066625118255615,-4.291051387786865
12780,1.0761524438858032,-2.0690906047821045
12781,-3.6501550674438477,-1.2086243629455566
12782,-4.01291036605835,-0.0446382537484169
12783,2.771865129470825,-0.7898614406585693
12784,0.4972442388534546,0.006745196878910065
12785,2.6320700645446777,2.879408836364746
12786,5.371352672576904,5.653277397155762
12787,2.1063034534454346,0.664566159248352
12788,4.110716342926025,-2.0053200721740723
12789,0.640388548374176,8.549973487854004
12790,7.886281490325928,3.3407552242279053
12791,22.772523880004883,7.900906562805176
12792,6.730111122131348,9.508350372314453
12793,-3.2232630252838135,1.947868824005127
12794,1.5791079998016357,1.0385488271713257
12795,15.840956687927246,7.109488487243652
12796,3.1369380950927734,7.0959391593933105
12797,3.5850260257720947,5.5007758140563965
12798,5.006059169769287,-2.6890311241149902
12799,-3.456665277481079,-2.8991708755493164
12800,-1.7292461395263672,-1.1680707931518555
12801,-0.08344710618257523,0.8624411821365356
12802,15.829092979431152,-7.38140344619751
12803,3.3500359058380127,11.055240631103516
12804,-8.141257286071777,-9.645545959472656
12805,12.156920433044434,8.503596305847168
12806,-4.354433059692383,2.8471333980560303
12807,1.6921591758728027,-11.800247192382812
12808,0.5333804488182068,3.6681621074676514
12809,-3.221710443496704,-3.0531725883483887
12810,22.771343231201172,10.431422233581543
12811,-8.296500205993652,-7.680385112762451
12812,-5.386436939239502,-9.883015632629395
12813,2.66495680809021,3.2493534088134766
12814,-17.397119522094727,-15.199273109436035
12815,16.753204345703125,-1.6781377792358398
12816,5.58996057510376,12.479101181030273
12817,4.092147350311279,1.5375276803970337
12818,1.1626230478286743,-5.240966796875
12819,-4.933472156524658,-9.600878715515137
12820,8.178184509277344,3.965801954269409
12821,-1.8602620363235474,-3.220025062561035
12822,21.456266403198242,6.532474040985107
12823,3.4759228229522705,-0.0063496604561805725
12824,-3.833742141723633,-2.279607057571411
12825,4.103915214538574,9.608511924743652
12826,11.241690635681152,9.258675575256348
12827,15.142742156982422,5.480363845825195
12828,-11.33830738067627,-4.19520902633667
12829,1.528482437133789,3.660719633102417
12830,-3.2623941898345947,-0.07951144129037857
12831,16.914934158325195,-0.42070624232292175
12832,1.236687421798706,-3.46065354347229
12833,5.889481544494629,1.0162733793258667
12834,21.77899742126465,11.429518699645996
12835,5.01493501663208,11.263298988342285
12836,-12.779773712158203,-4.949148654937744
12837,0.5247352719306946,-3.435485601425171
12838,6.195672512054443,5.105589866638184
12839,-6.206831455230713,2.2476980686187744
12840,0.7824880480766296,-0.21295836567878723
12841,1.7210173606872559,1.7475049495697021
12842,1.8909718990325928,-1.9702293872833252
12843,13.238550186157227,-6.916103363037109
12844,4.0369791984558105,-2.537139415740967
12845,-2.915814161300659,-2.4761033058166504
12846,5.448009014129639,-3.3208863735198975
12847,1.4538733959197998,2.0714213848114014
12848,3.599999189376831,7.860566139221191
12849,2.03387713432312,5.4116106033325195
12850,-0.7740353941917419,5.34571647644043
12851,4.453629016876221,-9.557973861694336
12852,-7.828339576721191,-2.7184958457946777
12853,13.99104118347168,7.861210823059082
12854,3.4585940837860107,-1.6771790981292725
12855,16.51996612548828,2.2800607681274414
12856,-5.3213701248168945,-3.356821060180664
12857,-1.6785492897033691,-1.4110100269317627
12858,-16.717357635498047,-14.128509521484375
12859,-3.1827898025512695,2.0881192684173584
12860,7.52733850479126,-7.077690124511719
12861,-5.089381217956543,-2.3704850673675537
12862,-8.57457447052002,-7.697638988494873
12863,1.0988495349884033,0.5732293128967285
12864,2.888634443283081,4.893540859222412
12865,-11.164580345153809,-7.449735164642334
12866,-16.69199562072754,-9.174172401428223
12867,17.227497100830078,5.6568498611450195
12868,-5.468190670013428,-4.461681365966797
12869,4.262000560760498,4.113217353820801
12870,2.3540844917297363,-4.551372051239014
12871,-1.65984308719635,2.545278787612915
12872,5.240826606750488,-9.399982452392578
12873,1.3944981098175049,5.8581461906433105
12874,4.885213375091553,-1.054430603981018
12875,6.410166263580322,-2.8654892444610596
12876,1.8044147491455078,-4.004889965057373
12877,2.0119810104370117,-0.3455246090888977
12878,-0.63848477602005,1.0253732204437256
12879,9.718443870544434,7.721043109893799
12880,-8.522775650024414,-8.5474214553833
12881,22.208843231201172,8.875627517700195
12882,6.634464740753174,5.7140092849731445
12883,11.451322555541992,-5.676555633544922
12884,16.131311416625977,6.213942527770996
12885,-0.2938510775566101,6.640702724456787
12886,19.4397029876709,1.758253574371338
12887,-1.3189613819122314,-1.8878848552703857
12888,0.019314199686050415,-0.4245665967464447
12889,-3.4652822017669678,1.127083659172058
12890,6.770426273345947,5.675690174102783
12891,-7.229666233062744,-7.361766815185547
12892,0.15993885695934296,-3.929480791091919
12893,7.4945220947265625,13.39077377319336
12894,16.488542556762695,-1.4228317737579346
12895,12.519356727600098,4.952327251434326
12896,9.410358428955078,7.9124956130981445
12897,6.180060863494873,5.167900085449219
12898,4.724031925201416,-2.488464593887329
12899,13.720879554748535,8.941040992736816
12900,-0.02445565164089203,0.14734211564064026
12901,1.2761428356170654,0.10679147392511368
12902,-0.2685862183570862,4.517636299133301
12903,-14.097716331481934,-11.622092247009277
12904,-3.0303049087524414,-5.509521961212158
12905,-18.259641647338867,-11.932491302490234
12906,5.6468071937561035,4.649913787841797
12907,0.44298380613327026,-1.5058693885803223
12908,-6.6638383865356445,3.297705888748169
12909,8.186810493469238,10.400357246398926
12910,9.028607368469238,-2.5247058868408203
12911,2.8266661167144775,0.3443912863731384
12912,1.1928757429122925,-2.620147943496704
12913,2.434476613998413,-4.728998184204102
12914,8.21254825592041,5.399135589599609
12915,-3.426586866378784,1.2340145111083984
12916,-3.386171579360962,-2.4308786392211914
12917,0.004213616251945496,0.8101951479911804
12918,-13.304490089416504,-7.996293067932129
12919,2.5903830528259277,2.495297908782959
12920,-0.9970971941947937,1.3264412879943848
12921,4.863075256347656,0.8453729152679443
12922,12.247321128845215,-2.362548351287842
12923,2.6915712356567383,-1.57444167137146
12924,3.0748836994171143,2.466485023498535
12925,5.413736343383789,1.430161952972412
12926,8.183806419372559,6.219987392425537
12927,0.07186762988567352,-4.319423675537109
12928,18.26546859741211,7.9518938064575195
12929,1.9375133514404297,0.6536827087402344
12930,20.79320526123047,0.649421215057373
12931,-3.491495370864868,-0.436566025018692
12932,6.789276599884033,8.426459312438965
12933,1.0495035648345947,0.03691598027944565
12934,2.774480104446411,0.1347326934337616
12935,5.929885387420654,7.28511381149292
12936,15.427258491516113,-0.8268091082572937
12937,3.655742883682251,5.254664421081543
12938,6.6048808097839355,1.6335344314575195
12939,-1.8298052549362183,-1.5968021154403687
12940,-4.087215900421143,1.6384880542755127
12941,0.9557562470436096,2.4688241481781006
12942,-3.1739611625671387,-0.9848096370697021
12943,4.146183967590332,4.257600784301758
12944,1.985661268234253,-1.654555320739746
12945,-1.508037805557251,-15.525189399719238
12946,12.438457489013672,2.9218497276306152
12947,23.454126358032227,4.944949150085449
12948,0.11122943460941315,3.8200085163116455
12949,-5.962805271148682,4.59695291519165
12950,0.7120624780654907,2.791858434677124
12951,14.457588195800781,10.800219535827637
12952,-0.7049126029014587,-1.3876255750656128
12953,-1.7749987840652466,-12.89028263092041
12954,3.6973016262054443,-3.1825928688049316
12955,-1.077759861946106,0.3824111819267273
12956,1.2802977561950684,0.958672821521759
12957,6.621222496032715,1.8305599689483643
12958,5.649824619293213,-2.4585964679718018
12959,-8.686400413513184,-8.436983108520508
12960,2.0475149154663086,3.332221746444702
12961,20.965036392211914,4.957317352294922
12962,2.0060248374938965,0.077687107026577
12963,1.4505949020385742,-6.643995761871338
12964,2.919610023498535,-3.7200801372528076
12965,16.46132469177246,1.0631217956542969
12966,13.647265434265137,10.684196472167969
12967,0.18569622933864594,-0.31907057762145996
12968,-3.650803804397583,1.3282856941223145
12969,0.1686774343252182,3.020254611968994
12970,20.350366592407227,11.112305641174316
12971,4.632248401641846,10.163491249084473
12972,14.2791109085083,10.64182186126709
12973,0.5882462859153748,2.594815731048584
12974,-0.7325433492660522,1.712667465209961
12975,18.607189178466797,4.60637092590332
12976,2.3781087398529053,-5.262829303741455
12977,2.009437084197998,0.7087802886962891
12978,-0.29585880041122437,0.4708690345287323
12979,20.190025329589844,9.337891578674316
12980,18.162731170654297,-0.4724583923816681
12981,-0.7761167287826538,1.6887664794921875
12982,3.2969071865081787,1.5474176406860352
12983,-0.0016986578702926636,0.07972003519535065
12984,9.2737455368042,-1.4113630056381226
12985,1.025018572807312,-2.7982828617095947
12986,-5.132360935211182,-3.3840041160583496
12987,-3.4550702571868896,-6.039823532104492
12988,-0.5457044243812561,-4.912155628204346
12989,15.714055061340332,8.8322172164917
12990,20.195215225219727,10.964566230773926
12991,3.4189770221710205,-2.96696400642395
12992,-1.9318773746490479,-1.6252591609954834
12993,2.1898159980773926,-0.7783111333847046
12994,13.851839065551758,-2.6482174396514893
12995,12.711150169372559,-8.605948448181152
12996,-0.8924444913864136,3.184476613998413
12997,5.072933673858643,6.825227737426758
12998,-3.371899366378784,0.4570417106151581
12999,5.084596157073975,5.172717094421387
13000,5.7586774826049805,5.505464553833008
13001,-0.2727888226509094,-0.5067051649093628
13002,1.3609957695007324,9.530729293823242
13003,-3.5928456783294678,2.4364259243011475
13004,1.8230401277542114,4.378766059875488
13005,-3.594362258911133,-2.0097198486328125
13006,4.358282566070557,-2.909731149673462
13007,-5.021363735198975,-3.2703285217285156
13008,-7.7812275886535645,-6.756844520568848
13009,1.9001104831695557,5.508913993835449
13010,7.933563709259033,0.002607963979244232
13011,7.809967994689941,0.3985784649848938
13012,7.601670265197754,6.189321994781494
13013,5.581892013549805,2.5684866905212402
13014,-0.12552829086780548,0.07215546816587448
13015,-6.94816780090332,-6.068944931030273
13016,20.15980339050293,8.798473358154297
13017,-4.965626239776611,-20.316452026367188
13018,-1.7798906564712524,-2.5428740978240967
13019,1.7376940250396729,9.725201606750488
13020,15.032511711120605,2.31113600730896
13021,-0.0845830887556076,0.15078482031822205
13022,23.35242462158203,11.445103645324707
13023,-5.797948360443115,-6.5958452224731445
13024,8.510103225708008,-2.1370604038238525
13025,11.441736221313477,-5.4906511306762695
13026,-0.21681064367294312,-0.016996465623378754
13027,-3.7871878147125244,2.7313644886016846
13028,17.31089973449707,2.2639005184173584
13029,-2.2206227779388428,0.04214521497488022
13030,6.216032028198242,1.972961664199829
13031,0.5645341873168945,0.770336925983429
13032,1.1252139806747437,-0.6034589409828186
13033,5.322275638580322,4.551536560058594
13034,4.037084579467773,9.865392684936523
13035,4.441107749938965,14.273846626281738
13036,-1.461766242980957,-0.7147669792175293
13037,-0.6740149259567261,-0.12123049050569534
13038,19.422607421875,0.8427938222885132
13039,1.838568925857544,-8.46081829071045
13040,6.392253398895264,5.47379207611084
13041,-7.893731117248535,-7.499140739440918
13042,-1.1365587711334229,1.7997020483016968
13043,0.6599562168121338,4.680768966674805
13044,15.368193626403809,9.467703819274902
13045,-0.6527358889579773,-0.14365795254707336
13046,-0.5320279598236084,0.6838197708129883
13047,2.949439287185669,1.2665081024169922
13048,-4.867115497589111,2.6487457752227783
13049,-1.937584400177002,-7.283709526062012
13050,7.014080047607422,0.6611140370368958
13051,1.4447100162506104,-0.23414430022239685
13052,-3.5698020458221436,-1.1004934310913086
13053,7.498637676239014,2.9957919120788574
13054,10.332261085510254,-0.6421117782592773
13055,3.625018358230591,5.25264835357666
13056,0.11448757350444794,4.274040222167969
13057,9.074712753295898,7.258998870849609
13058,-0.9761236310005188,1.5713889598846436
13059,-2.0555968284606934,-1.889302372932434
13060,0.08903531730175018,-2.4148457050323486
13061,-10.7627592086792,-8.615900993347168
13062,23.32379913330078,4.344627857208252
13063,22.280200958251953,3.726391553878784
13064,0.3664068579673767,-0.037808649241924286
13065,5.469817638397217,0.9838250875473022
13066,-13.727930068969727,-11.464081764221191
13067,13.298600196838379,10.50285530090332
13068,20.241315841674805,4.350139141082764
13069,9.250533103942871,7.743535995483398
13070,-0.2470131665468216,1.2653337717056274
13071,-1.559664249420166,-2.7795464992523193
13072,-2.453937292098999,-15.418256759643555
13073,-2.050128698348999,-8.993364334106445
13074,1.0410281419754028,-2.6108810901641846
13075,-1.1344988346099854,4.159392356872559
13076,5.555228233337402,0.9455832242965698
13077,7.908568859100342,6.536760330200195
13078,13.094826698303223,8.795239448547363
13079,0.6368486285209656,-0.7504646182060242
13080,4.336759567260742,0.9843842387199402
13081,0.1253180056810379,-0.041864462196826935
13082,-1.988739252090454,3.0513651371002197
13083,14.5449800491333,-5.187142848968506
13084,-1.206122636795044,0.9459943771362305
13085,-1.704003930091858,1.072062611579895
13086,0.23670066893100739,-3.831228017807007
13087,5.030364990234375,3.5793962478637695
13088,-1.9483083486557007,6.5032854080200195
13089,-0.47799253463745117,-0.07345686107873917
13090,4.864140510559082,-1.8390445709228516
13091,-2.0528628826141357,-1.9581687450408936
13092,21.87674903869629,7.844086647033691
13093,5.610912799835205,4.41475772857666
13094,9.909667015075684,8.097393035888672
13095,-6.626669883728027,-5.172065258026123
13096,13.050433158874512,0.6561689376831055
13097,1.0577657222747803,6.264362335205078
13098,14.249475479125977,11.244208335876465
13099,-0.1721106320619583,-2.0879716873168945
13100,4.354201316833496,-2.179788827896118
13101,-1.1219658851623535,-1.656785011291504
13102,0.8435888886451721,-0.9677221775054932
13103,0.7828198075294495,9.303349494934082
13104,-0.5677683353424072,0.7313894033432007
13105,9.547294616699219,3.498059034347534
13106,12.023771286010742,6.738702774047852
13107,-17.779802322387695,-10.031259536743164
13108,10.818140029907227,2.1585211753845215
13109,2.9682018756866455,-1.5958338975906372
13110,6.427401065826416,-6.09478235244751
13111,13.196709632873535,9.823188781738281
13112,-1.260591983795166,-4.732199668884277
13113,17.39067840576172,9.859840393066406
13114,-2.0530612468719482,-1.689332365989685
13115,4.822604179382324,2.0869126319885254
13116,-4.974852085113525,-3.3376262187957764
13117,8.402000427246094,-3.863574743270874
13118,13.155372619628906,8.38027286529541
13119,-1.113483190536499,5.016406059265137
13120,9.923382759094238,7.062017440795898
13121,1.9387671947479248,-4.388808250427246
13122,8.461493492126465,-4.156206130981445
13123,-0.3666694164276123,-0.9698607921600342
13124,1.2346912622451782,-3.028783082962036
13125,-7.962522029876709,-4.290223121643066
13126,3.0864620208740234,-21.310871124267578
13127,4.620764255523682,14.04115104675293
13128,15.649374961853027,1.8276482820510864
13129,-8.354901313781738,4.813121795654297
13130,2.909414291381836,0.44254982471466064
13131,10.24589729309082,6.646127700805664
13132,12.04694652557373,-4.941615104675293
13133,21.003910064697266,10.917434692382812
13134,2.000887393951416,0.5899307131767273
13135,10.251545906066895,3.005643606185913
13136,11.338305473327637,0.7521644234657288
13137,2.4536986351013184,0.16054359078407288
13138,16.625873565673828,-10.957989692687988
13139,-2.526264190673828,-2.3421432971954346
13140,-7.244369029998779,-13.331217765808105
13141,-1.260886788368225,-3.3020670413970947
13142,2.24170184135437,-3.2986931800842285
13143,1.5773098468780518,3.1082465648651123
13144,2.412743091583252,-4.526825428009033
13145,5.972411632537842,1.892759084701538
13146,-2.52480411529541,-4.157444953918457
13147,12.629427909851074,-0.5044563412666321
13148,1.4863982200622559,9.286871910095215
13149,-1.376725435256958,-4.2559356689453125
13150,-3.5188419818878174,-2.723140239715576
13151,0.8188259601593018,-3.925435781478882
13152,15.333024024963379,-1.8460605144500732
13153,0.11579559743404388,3.133200168609619
13154,-7.3574371337890625,-4.932384490966797
13155,4.248215198516846,-1.6155478954315186
13156,19.485610961914062,-4.130709648132324
13157,-2.8787786960601807,-13.644026756286621
13158,1.2561423778533936,8.275440216064453
13159,2.119717836380005,8.220978736877441
13160,22.571102142333984,3.638568162918091
13161,10.348640441894531,4.14225435256958
13162,12.591370582580566,6.333196640014648
13163,-4.566817760467529,-22.854244232177734
13164,-2.845608949661255,-2.951925039291382
13165,1.5191655158996582,-0.18815258145332336
13166,23.652027130126953,10.735153198242188
13167,5.699215888977051,4.880675792694092
13168,3.3470375537872314,-7.6430134773254395
13169,10.482319831848145,5.540863037109375
13170,23.47113037109375,10.202164649963379
13171,0.12694402039051056,-0.11193078011274338
13172,19.867290496826172,9.144437789916992
13173,13.0922212600708,-2.010622978210449
13174,3.24783992767334,12.214797019958496
13175,2.585449457168579,-17.977449417114258
13176,2.4982845783233643,9.248272895812988
13177,-16.951622009277344,-13.137866020202637
13178,6.034472942352295,8.864253044128418
13179,2.9249954223632812,5.871720314025879
13180,-7.68972110748291,-25.775978088378906
13181,22.078216552734375,7.944818019866943
13182,0.32929831743240356,1.6345123052597046
13183,2.9703526496887207,5.659549713134766
13184,-8.665681838989258,-3.396296977996826
13185,1.5788612365722656,-2.043553113937378
13186,-1.7666363716125488,0.8710878491401672
13187,-3.2253835201263428,-15.785992622375488
13188,-14.849324226379395,-12.54100513458252
13189,-6.448354244232178,-4.579771995544434
13190,0.8729591965675354,-1.328291416168213
13191,-1.2421048879623413,-1.7032661437988281
13192,4.17030143737793,-10.113503456115723
13193,0.9184098839759827,1.519461750984192
13194,2.6011221408843994,-1.4073505401611328
13195,2.4035675525665283,9.526837348937988
13196,2.822314977645874,-7.349460124969482
13197,-4.716057777404785,-6.390810966491699
13198,18.690757751464844,5.191320419311523
13199,3.448402166366577,-3.7364566326141357
13200,19.90994644165039,7.223877429962158
13201,-2.250385046005249,-0.8581489324569702
13202,-6.3801140785217285,-5.928809642791748
13203,15.617949485778809,-6.329156398773193
13204,5.384557247161865,-3.6056642532348633
13205,3.2822940349578857,-1.4468005895614624
13206,4.425919532775879,13.328495979309082
13207,20.721397399902344,3.30668044090271
13208,8.451231956481934,-3.2377283573150635
13209,5.8090500831604,1.5096566677093506
13210,-7.629327297210693,-3.2248785495758057
13211,-10.12841510772705,-9.26934814453125
13212,-11.465738296508789,-3.995760202407837
13213,-0.1090361624956131,-10.047873497009277
13214,12.233383178710938,7.47344970703125
13215,-2.9506473541259766,2.612658739089966
13216,3.2214789390563965,0.09703179448843002
13217,-4.605671405792236,-3.8018620014190674
13218,-0.6509566903114319,-0.9287701845169067
13219,12.303059577941895,7.471057891845703
13220,-12.325569152832031,-4.281255722045898
13221,7.867112636566162,6.71824312210083
13222,-2.414090394973755,-15.616472244262695
13223,12.10811710357666,-7.855957508087158
13224,-7.673848628997803,-7.440560340881348
13225,-0.6619849801063538,3.579601287841797
13226,-0.7342926263809204,-0.019710339605808258
13227,0.14076398313045502,1.228004813194275
13228,3.0861377716064453,4.917204856872559
13229,2.2963600158691406,-9.090221405029297
13230,2.1936402320861816,0.8406585454940796
13231,6.331434726715088,5.752513408660889
13232,-2.1238362789154053,-0.46113452315330505
13233,2.0820820331573486,2.766249895095825
13234,2.287703037261963,-7.934382438659668
13235,-3.8212740421295166,0.29504892230033875
13236,2.9798085689544678,1.3543591499328613
13237,-13.764813423156738,-10.154241561889648
13238,-1.952599287033081,-4.8121232986450195
13239,3.3420164585113525,-3.5972015857696533
13240,11.190391540527344,6.965533256530762
13241,-5.909054279327393,-5.654977321624756
13242,-4.855214595794678,-1.303985595703125
13243,4.640658378601074,2.7789947986602783
13244,4.763115406036377,0.44884297251701355
13245,3.038933277130127,-0.9553053379058838
13246,19.70276641845703,7.211854457855225
13247,0.8811011910438538,3.191049814224243
13248,2.00779128074646,5.152833938598633
13249,0.6215622425079346,6.7512640953063965
13250,-1.9369957447052002,6.193093776702881
13251,0.6902893781661987,4.9564337730407715
13252,-1.4295316934585571,-5.6366167068481445
13253,-4.983764171600342,1.6643893718719482
13254,7.111667633056641,4.378522872924805
13255,11.698454856872559,5.072479724884033
13256,0.20391280949115753,-3.2645583152770996
13257,6.12250280380249,0.9903362393379211
13258,3.582402467727661,4.1788105964660645
13259,4.8972883224487305,-8.243157386779785
13260,1.544734239578247,-1.4218621253967285
13261,5.174368381500244,13.696700096130371
13262,-4.153711318969727,-1.1333014965057373
13263,10.378658294677734,7.086456298828125
13264,6.775014400482178,5.396222114562988
13265,-6.0925397872924805,-5.775635719299316
13266,2.1336669921875,2.2409133911132812
13267,-6.972715377807617,-5.20033597946167
13268,1.7393192052841187,-2.386735439300537
13269,10.155613899230957,-3.334467887878418
13270,12.052929878234863,10.100234031677246
13271,9.204833030700684,-2.475918769836426
13272,9.011734962463379,5.930319309234619
13273,-10.02198314666748,-22.585641860961914
13274,1.868067979812622,6.181055545806885
13275,6.451304912567139,1.4168639183044434
13276,-2.5253653526306152,0.30052050948143005
13277,3.890101671218872,8.96703815460205
13278,-3.235384702682495,-15.514479637145996
13279,5.071305274963379,5.441282749176025
13280,-2.9574520587921143,-2.4639198780059814
13281,-12.842874526977539,-12.298652648925781
13282,4.425238609313965,1.1046098470687866
13283,-2.2253706455230713,-4.740902423858643
13284,0.8801608681678772,1.2363622188568115
13285,5.2006916999816895,5.514681339263916
13286,-5.834036350250244,-5.722850322723389
13287,-12.724435806274414,-8.449153900146484
13288,2.579536199569702,-5.638995170593262
13289,5.116374969482422,6.234237194061279
13290,3.376441240310669,6.176687240600586
13291,0.671136200428009,4.208489418029785
13292,21.656721115112305,10.506237030029297
13293,-2.7540524005889893,1.3382455110549927
13294,-0.5138832926750183,0.8496965169906616
13295,-0.2441316694021225,1.0020921230316162
13296,0.7920663356781006,0.16209197044372559
13297,-4.107192516326904,-7.554383754730225
13298,9.673861503601074,8.134648323059082
13299,10.18468189239502,0.6110929250717163
13300,3.6008434295654297,5.072990894317627
13301,-3.3496854305267334,0.22108879685401917
13302,14.88801097869873,-0.14886698126792908
13303,4.189378261566162,10.98558521270752
13304,2.8442180156707764,4.599578380584717
13305,-12.235949516296387,-11.51870059967041
13306,4.5025315284729,6.888009548187256
13307,-0.24570389091968536,-0.07906550914049149
13308,14.18323802947998,10.151896476745605
13309,0.5147039890289307,0.43278494477272034
13310,-0.5041956305503845,-0.06939034909009933
13311,-3.1184310913085938,-9.241448402404785
13312,-3.54530930519104,-2.860844850540161
13313,4.571103096008301,1.8097299337387085
13314,8.28787899017334,2.2625372409820557
13315,-0.5027167797088623,3.3835859298706055
13316,-6.337832450866699,-2.3516945838928223
13317,0.7380403280258179,6.516565322875977
13318,3.9600985050201416,1.1299577951431274
13319,13.634480476379395,-3.7331855297088623
13320,3.950141668319702,-1.3663206100463867
13321,2.90936541557312,-8.273466110229492
13322,13.872081756591797,-4.762454986572266
13323,8.723435401916504,0.34560999274253845
13324,3.3721721172332764,3.8911020755767822
13325,-0.5275041460990906,0.23980745673179626
13326,-1.110602617263794,-14.930790901184082
13327,-3.320542573928833,-1.6129333972930908
13328,2.58955454826355,-1.3170433044433594
13329,-0.658572256565094,0.008978210389614105
13330,-1.6572734117507935,-1.9236831665039062
13331,-0.4035729169845581,5.172701358795166
13332,9.740160942077637,8.377373695373535
13333,2.0947890281677246,8.03902816772461
13334,-1.4661285877227783,6.975766658782959
13335,-9.969646453857422,-8.992901802062988
13336,7.303299427032471,-0.1076119914650917
13337,11.361550331115723,8.531277656555176
13338,0.5530007481575012,7.088631629943848
13339,7.971059322357178,3.48429274559021
13340,-1.216484785079956,-4.835323333740234
13341,-0.20283164083957672,6.5041069984436035
13342,-0.6526689529418945,1.9348154067993164
13343,12.59622859954834,-2.6580798625946045
13344,5.217355728149414,9.41648006439209
13345,7.622167110443115,6.262407302856445
13346,7.652065753936768,-0.9323511123657227
13347,4.936473369598389,-8.684412956237793
13348,22.002262115478516,4.699635982513428
13349,-3.1085331439971924,4.410226821899414
13350,-5.108903884887695,4.320234298706055
13351,-2.956092119216919,-2.610062837600708
13352,1.447452187538147,-0.35468947887420654
13353,-3.1287033557891846,2.027860403060913
13354,-1.8341275453567505,-0.8952656984329224
13355,7.305105209350586,6.23878812789917
13356,3.9902231693267822,5.407450199127197
13357,-2.6851861476898193,4.0200724601745605
13358,-0.5217900276184082,4.395832061767578
13359,0.8979993462562561,4.95587158203125
13360,8.429605484008789,-3.145918846130371
13361,-15.081768989562988,-9.874439239501953
13362,18.805700302124023,8.330862045288086
13363,2.2094907760620117,3.3105013370513916
13364,19.188138961791992,9.484132766723633
13365,0.6297432780265808,3.3896095752716064
13366,5.844659328460693,6.967053413391113
13367,13.756041526794434,10.064797401428223
13368,7.600557804107666,0.19109460711479187
13369,-1.3505007028579712,6.965133190155029
13370,1.0849674940109253,1.2219932079315186
13371,1.2498219013214111,0.14193421602249146
13372,15.811927795410156,-1.0470526218414307
13373,-11.142687797546387,-24.36382484436035
13374,7.690596103668213,6.527929306030273
13375,15.539665222167969,-1.3970370292663574
13376,-0.5337791442871094,-3.941218614578247
13377,9.634324073791504,-7.746181488037109
13378,15.86164379119873,-6.42902946472168
13379,1.0593903064727783,5.178758144378662
13380,11.951018333435059,6.966233253479004
13381,6.282532215118408,3.366528272628784
13382,5.130199909210205,14.576675415039062
13383,15.648336410522461,9.648468971252441
13384,-6.157923221588135,-4.6171417236328125
13385,2.7093958854675293,0.5752881169319153
13386,5.728946685791016,-3.023689031600952
13387,15.42505168914795,6.911288261413574
13388,5.03337287902832,6.994974613189697
13389,2.437211275100708,3.690082311630249
13390,2.7929368019104004,6.000310897827148
13391,22.54286003112793,10.711621284484863
13392,3.8118176460266113,4.467767715454102
13393,2.9826319217681885,2.830867052078247
13394,21.612062454223633,4.619570732116699
13395,21.60951805114746,5.885225296020508
13396,4.6436028480529785,-3.5235912799835205
13397,4.619723796844482,2.016629934310913
13398,3.4835987091064453,10.956029891967773
13399,16.202390670776367,8.293532371520996
13400,12.905086517333984,1.638929009437561
13401,2.672780990600586,3.6188366413116455
13402,0.6146346926689148,4.459652900695801
13403,14.892593383789062,-1.1582317352294922
13404,9.966470718383789,-0.347738653421402
13405,4.068091869354248,8.524567604064941
13406,0.04545523226261139,3.4869916439056396
13407,2.332923173904419,10.915688514709473
13408,10.183182716369629,-6.61002779006958
13409,-6.726474285125732,-5.483565807342529
13410,18.042308807373047,4.433927059173584
13411,3.075941801071167,1.288161277770996
13412,-0.0346958190202713,-1.4846394062042236
13413,12.296774864196777,3.545712947845459
13414,17.71105194091797,2.413989782333374
13415,2.1051783561706543,-3.6009764671325684
13416,11.203983306884766,8.315122604370117
13417,3.568615436553955,6.192641258239746
13418,5.1335768699646,-2.7395708560943604
13419,-2.5881314277648926,0.5804105401039124
13420,-5.295138359069824,-5.36824369430542
13421,1.2702827453613281,7.420849323272705
13422,21.175800323486328,7.451440811157227
13423,-0.41384994983673096,-3.2872958183288574
13424,7.901562213897705,4.096515655517578
13425,15.316285133361816,11.122966766357422
13426,-2.445927858352661,-7.778828144073486
13427,6.068077087402344,0.7048578858375549
13428,-1.5648975372314453,-2.4302008152008057
13429,2.5659677982330322,7.8144636154174805
13430,-15.250733375549316,-15.325494766235352
13431,3.53344988822937,-1.5571922063827515
13432,2.9482173919677734,-7.114615440368652
13433,0.7236705422401428,-9.156363487243652
13434,-0.39701569080352783,-1.326245903968811
13435,0.3566799759864807,3.0664970874786377
13436,15.844901084899902,10.937960624694824
13437,16.982654571533203,7.36259651184082
13438,-3.7681100368499756,-1.1032896041870117
13439,1.737087607383728,1.9424068927764893
13440,6.111445903778076,8.095922470092773
13441,3.1171700954437256,-4.728797912597656
13442,-1.151291012763977,-2.81882643699646
13443,15.975953102111816,6.107732772827148
13444,-3.6752779483795166,-2.976093053817749
13445,-12.651551246643066,-11.582867622375488
13446,22.04449462890625,2.7533609867095947
13447,2.3866355419158936,2.824608325958252
13448,13.985021591186523,10.125880241394043
13449,2.8524651527404785,-2.7873694896698
13450,2.1890854835510254,2.947542428970337
13451,1.7494913339614868,1.4441107511520386
13452,-9.190154075622559,-6.975436687469482
13453,7.659882068634033,4.577310562133789
13454,3.511096715927124,3.70649790763855
13455,5.454162120819092,-3.859769582748413
13456,12.243528366088867,1.0701189041137695
13457,3.8440744876861572,0.5406039357185364
13458,2.4794394969940186,11.374214172363281
13459,-3.856144666671753,-6.501155853271484
13460,-4.6875386238098145,-8.661845207214355
13461,-1.335026741027832,3.058673620223999
13462,1.804331660270691,4.36945104598999
13463,-1.2198784351348877,-5.421572685241699
13464,0.20640666782855988,0.9833122491836548
13465,5.632422924041748,-3.071847677230835
13466,-1.722266435623169,-12.988493919372559
13467,22.887399673461914,12.1190767288208
13468,3.0717179775238037,-1.5267702341079712
13469,21.92705535888672,10.953438758850098
13470,8.592517852783203,6.932110786437988
13471,4.344382286071777,0.1266990602016449
13472,-8.13698673248291,5.888591766357422
13473,20.993778228759766,4.669467926025391
13474,6.162964344024658,-0.6535281538963318
13475,3.0993127822875977,0.3285924196243286
13476,-3.2328577041625977,-1.7582621574401855
13477,9.631756782531738,1.8694610595703125
13478,-0.09861548244953156,-1.3208560943603516
13479,3.1443865299224854,5.342381000518799
13480,12.859203338623047,4.559446334838867
13481,5.6246256828308105,2.7749078273773193
13482,-1.7400479316711426,-8.816155433654785
13483,5.44445276260376,4.204111099243164
13484,1.24765944480896,-3.908622980117798
13485,0.13829152286052704,0.19429758191108704
13486,21.5772705078125,-1.0844444036483765
13487,-0.2932378053665161,1.1212937831878662
13488,1.0289604663848877,-1.8354521989822388
13489,-0.9845442175865173,-10.083711624145508
13490,2.6441569328308105,10.030797958374023
13491,-0.7650930285453796,-9.31662654876709
13492,17.04832649230957,-0.9540269374847412
13493,18.0959415435791,1.8725018501281738
13494,16.718387603759766,1.2329882383346558
13495,-3.6794240474700928,1.1710922718048096
13496,-5.79773473739624,2.386810541152954
13497,-4.346343517303467,2.4866788387298584
13498,-1.4846694469451904,-1.5073786973953247
13499,1.3695454597473145,3.177860975265503
13500,4.3289408683776855,-7.076695919036865
13501,2.1933271884918213,2.4031505584716797
13502,16.645231246948242,-1.891618013381958
13503,-9.063956260681152,-3.514341115951538
13504,-3.0352113246917725,-0.9702320098876953
13505,-0.4236152768135071,2.054286241531372
13506,-8.509478569030762,-4.720808506011963
13507,-0.6820087432861328,1.0519579648971558
13508,4.872227668762207,0.40792351961135864
13509,-2.5872271060943604,4.319402694702148
13510,-2.8752245903015137,1.4887518882751465
13511,5.742359161376953,5.446915626525879
13512,-0.33536985516548157,0.4688359797000885
13513,-3.8413002490997314,-7.118654251098633
13514,1.1768698692321777,-1.6736454963684082
13515,20.495418548583984,11.574110984802246
13516,-15.468120574951172,-8.523277282714844
13517,-4.8354268074035645,-9.044352531433105
13518,-2.5683796405792236,-1.881707787513733
13519,22.416837692260742,10.867968559265137
13520,16.2242431640625,5.6447062492370605
13521,21.61737823486328,11.39928150177002
13522,5.56380558013916,-16.055036544799805
13523,-11.42734146118164,-3.471947193145752
13524,-3.0250866413116455,-17.86823081970215
13525,-2.9903931617736816,1.5643463134765625
13526,-13.574706077575684,-8.716595649719238
13527,5.173664569854736,-2.160127878189087
13528,-0.8844922780990601,-0.11765501648187637
13529,6.9313836097717285,8.12956428527832
13530,0.227742001414299,-18.88467025756836
13531,6.541195869445801,-2.6531567573547363
13532,0.239219531416893,4.105441570281982
13533,-0.6813138723373413,-1.8223289251327515
13534,17.90824317932129,2.0957467555999756
13535,18.67819595336914,-1.1374961137771606
13536,-8.99852466583252,5.434422492980957
13537,14.05284595489502,3.353668451309204
13538,2.2923970222473145,-2.3613955974578857
13539,4.504782199859619,-3.056558132171631
13540,0.3380802869796753,2.5079236030578613
13541,-1.0713825225830078,-8.699589729309082
13542,10.980583190917969,-3.145648956298828
13543,-4.420225620269775,2.467036485671997
13544,-1.1687928438186646,-2.7263169288635254
13545,0.9887456297874451,-4.024172782897949
13546,1.6720829010009766,1.647239327430725
13547,18.685848236083984,6.200432777404785
13548,6.491964817047119,1.5035631656646729
13549,-7.4587273597717285,-6.751651287078857
13550,0.10751907527446747,2.033677101135254
13551,2.9148707389831543,7.668341636657715
13552,12.812837600708008,10.359953880310059
13553,20.4638671875,9.329345703125
13554,-2.8782920837402344,2.452179193496704
13555,4.396961212158203,-7.780945777893066
13556,-9.36291217803955,-9.8865966796875
13557,3.2901182174682617,0.6687030792236328
13558,1.533092737197876,4.3141584396362305
13559,4.018977165222168,1.5640795230865479
13560,3.7426226139068604,8.490394592285156
13561,5.802769184112549,7.472232341766357
13562,2.0061988830566406,8.729035377502441
13563,2.963327169418335,5.46687126159668
13564,1.499781608581543,-1.8646812438964844
13565,3.3403384685516357,9.051416397094727
13566,4.537069320678711,10.271125793457031
13567,-0.0004880279302597046,-3.2911791801452637
13568,20.696056365966797,7.347291469573975
13569,-3.2759506702423096,-3.4182732105255127
13570,20.508670806884766,9.920583724975586
13571,6.5187201499938965,4.2232208251953125
13572,0.5508007407188416,0.6394563913345337
13573,-0.8879633545875549,1.8780206441879272
13574,11.651836395263672,9.7173490524292
13575,0.7274046540260315,0.13840697705745697
13576,-11.377276420593262,-5.329684734344482
13577,2.9886534214019775,-5.371161460876465
13578,-7.504014015197754,-3.093052387237549
13579,3.8981945514678955,3.337073564529419
13580,1.540144920349121,4.6139984130859375
13581,2.141169309616089,5.998554229736328
13582,2.4917843341827393,1.4649460315704346
13583,20.476909637451172,6.467077255249023
13584,0.7739257216453552,-2.574941873550415
13585,0.01991419494152069,-6.068098068237305
13586,5.580549716949463,1.3800849914550781
13587,1.6522424221038818,-2.876305341720581
13588,-18.886892318725586,-14.167718887329102
13589,-2.6770758628845215,1.1307069063186646
13590,4.489595890045166,4.457056999206543
13591,4.108275413513184,9.136183738708496
13592,-0.8881416916847229,0.8685425519943237
13593,20.677433013916016,8.11337947845459
13594,-2.4780030250549316,-2.112234354019165
13595,0.054123684763908386,3.424118757247925
13596,0.5784205794334412,-6.674511432647705
13597,15.03084945678711,2.363835334777832
13598,15.64731216430664,-9.397503852844238
13599,2.3975284099578857,-1.5249638557434082
13600,-2.3576815128326416,-14.695308685302734
13601,-12.091606140136719,-8.476181983947754
13602,0.2568969130516052,-0.24760502576828003
13603,1.5723985433578491,3.4882490634918213
13604,-10.526817321777344,-12.848809242248535
13605,4.9897966384887695,5.182032108306885
13606,0.21120904386043549,-3.467832326889038
13607,4.017428874969482,10.189175605773926
13608,22.214107513427734,1.403348445892334
13609,-0.6778607964515686,4.891615867614746
13610,-1.4912376403808594,1.5197709798812866
13611,11.570917129516602,8.045318603515625
13612,-0.04288189113140106,-2.359290599822998
13613,-6.26939058303833,-6.8984527587890625
13614,3.236501932144165,-9.955056190490723
13615,3.658210515975952,-2.0065481662750244
13616,5.154355525970459,-7.752411365509033
13617,1.9899787902832031,10.011860847473145
13618,4.09305477142334,2.5216896533966064
13619,-1.7183787822723389,-2.445176601409912
13620,4.1545209884643555,-7.571946144104004
13621,6.021342754364014,-3.2761051654815674
13622,0.42054980993270874,6.655448913574219
13623,1.545568823814392,3.1959898471832275
13624,8.64705753326416,-0.6224050521850586
13625,0.02032811939716339,0.047509826719760895
13626,7.685703754425049,-2.0406455993652344
13627,18.506330490112305,-0.19710639119148254
13628,16.593334197998047,2.03889799118042
13629,-13.057851791381836,-9.214529991149902
13630,3.5913732051849365,-2.348140001296997
13631,18.843177795410156,11.227593421936035
13632,16.168888092041016,-0.1936582624912262
13633,6.293212890625,1.8951836824417114
13634,9.35141658782959,6.320304870605469
13635,-6.979220390319824,-7.776415824890137
13636,9.555788040161133,6.94455623626709
13637,6.917017459869385,-3.589839458465576
13638,-1.3916478157043457,-22.325664520263672
13639,-5.931558609008789,-2.1468842029571533
13640,2.2616405487060547,1.0728905200958252
13641,4.8345441818237305,-13.122493743896484
13642,-0.27444013953208923,0.8284679651260376
13643,0.30380862951278687,-1.883707046508789
13644,-0.23110301792621613,-4.953672885894775
13645,-1.224850058555603,0.1394071877002716
13646,-18.02248191833496,-12.304455757141113
13647,11.36768913269043,-2.7077810764312744
13648,1.1411266326904297,0.721346914768219
13649,-9.806014060974121,-3.6928391456604004
13650,-5.557193279266357,-4.317105770111084
13651,0.9510405659675598,-1.5333929061889648
13652,-0.5779080390930176,0.024756021797657013
13653,0.5535474419593811,-3.2005813121795654
13654,-3.799562931060791,-2.2758214473724365
13655,-6.313432693481445,-6.503235816955566
13656,5.172122478485107,0.26128438115119934
13657,-15.4248628616333,-9.68801212310791
13658,-2.5435400009155273,-1.9788484573364258
13659,15.183361053466797,10.073668479919434
13660,21.691570281982422,11.243363380432129
13661,6.805404186248779,6.398026466369629
13662,0.07315418124198914,-0.48445484042167664
13663,-0.09042827785015106,2.316091299057007
13664,2.1376893520355225,9.7412748336792
13665,24.249252319335938,11.876568794250488
13666,3.1416566371917725,-6.38674259185791
13667,-4.057591915130615,0.9936673641204834
13668,18.725849151611328,6.938503265380859
13669,0.21995823085308075,2.97255802154541
13670,-0.5028048157691956,0.08366850763559341
13671,2.638702154159546,-2.5773069858551025
13672,20.86151123046875,4.159267425537109
13673,3.8400027751922607,-7.458314418792725
13674,7.346545696258545,0.4778771698474884
13675,-4.28646993637085,1.5630152225494385
13676,-1.787566900253296,1.6832201480865479
13677,-3.945502519607544,1.3566160202026367
13678,10.912649154663086,5.601835250854492
13679,-1.4092750549316406,-1.7113547325134277
13680,-4.529261112213135,-6.778892517089844
13681,0.6921858191490173,-6.495756149291992
13682,-3.7022855281829834,0.20928356051445007
13683,3.5585505962371826,5.549777507781982
13684,11.711137771606445,0.2565041184425354
13685,9.629498481750488,5.45644474029541
13686,4.0655903816223145,13.449328422546387
13687,3.6839468479156494,8.113090515136719
13688,0.9661120772361755,-3.374750852584839
13689,1.7053025960922241,0.9323615431785583
13690,3.979954481124878,-7.474185943603516
13691,5.2963480949401855,-8.681859970092773
13692,2.1014933586120605,-1.7071545124053955
13693,2.1656126976013184,9.02761173248291
13694,-2.6415159702301025,-0.9213607311248779
13695,7.734506607055664,1.7669615745544434
13696,-1.5746667385101318,4.914229393005371
13697,10.112068176269531,9.158411026000977
13698,0.8283597826957703,2.1955032348632812
13699,3.481006145477295,0.8321929574012756
13700,0.3674420118331909,2.6900794506073
13701,-0.043191954493522644,-3.3243491649627686
13702,-5.880009651184082,-11.656779289245605
13703,13.046854019165039,3.575899362564087
13704,-12.22265911102295,-7.335487365722656
13705,12.622020721435547,7.753684043884277
13706,11.885092735290527,-7.166760444641113
13707,-8.347482681274414,-8.994912147521973
13708,-0.3363235592842102,-3.93074631690979
13709,-3.038116693496704,1.3144115209579468
13710,1.924678087234497,-3.238943338394165
13711,0.2071395367383957,-0.7907015085220337
13712,1.7238481044769287,-5.146689414978027
13713,1.7903764247894287,1.4523169994354248
13714,5.613519191741943,1.765467643737793
13715,4.913668155670166,3.8734469413757324
13716,-2.8612473011016846,1.6835190057754517
13717,3.591092824935913,10.910849571228027
13718,1.061922311782837,2.795214891433716
13719,2.233186960220337,1.8726831674575806
13720,18.925371170043945,8.876312255859375
13721,-3.9922661781311035,1.9273428916931152
13722,2.516615152359009,-1.4099853038787842
13723,17.567874908447266,10.695473670959473
13724,-2.7568519115448,2.6631412506103516
13725,9.502115249633789,6.739945411682129
13726,-1.5074779987335205,-1.675682544708252
13727,3.8410756587982178,9.62555980682373
13728,-2.5010945796966553,0.7151694297790527
13729,2.737107753753662,-0.29840144515037537
13730,3.9856579303741455,0.9505823254585266
13731,4.198619365692139,-7.5816497802734375
13732,-1.5306438207626343,-3.947826623916626
13733,-0.47917890548706055,-1.161954402923584
13734,-2.119946002960205,5.8297247886657715
13735,-11.191873550415039,-6.895369529724121
13736,14.289399147033691,10.298844337463379
13737,24.74126625061035,11.220444679260254
13738,1.8342363834381104,3.5740702152252197
13739,18.810163497924805,-3.097604513168335
13740,3.0879738330841064,4.4677324295043945
13741,-0.8113886117935181,-1.5856908559799194
13742,3.5974133014678955,3.3236074447631836
13743,17.179636001586914,3.191063642501831
13744,7.336253643035889,5.413372039794922
13745,2.6249427795410156,-1.9305717945098877
13746,0.2856106758117676,0.40629634261131287
13747,-11.376675605773926,-20.476856231689453
13748,1.4657260179519653,3.5803287029266357
13749,1.090926170349121,-4.468642711639404
13750,3.5800371170043945,8.454069137573242
13751,2.401959180831909,-0.8997079133987427
13752,5.5578837394714355,5.60532283782959
13753,7.9165215492248535,0.7883387804031372
13754,-4.133213043212891,0.6122397780418396
13755,9.103789329528809,4.003366947174072
13756,7.626699447631836,-2.7589383125305176
13757,1.6973870992660522,-7.437876224517822
13758,7.4255547523498535,-12.814254760742188
13759,1.1340746879577637,-3.680532693862915
13760,19.891334533691406,7.044386863708496
13761,-2.238835573196411,-26.186878204345703
13762,1.0985920429229736,7.40247106552124
13763,11.951592445373535,-0.9477465152740479
13764,4.445165157318115,0.08282937854528427
13765,6.054323673248291,4.366943836212158
13766,-4.320602893829346,2.7631635665893555
13767,3.4800961017608643,4.977764129638672
13768,-1.9728059768676758,1.1906226873397827
13769,-1.8633689880371094,1.1577777862548828
13770,-1.9862357378005981,-10.83942985534668
13771,2.004002094268799,-4.969239234924316
13772,7.846463680267334,-0.4730812609195709
13773,7.1253533363342285,5.88438606262207
13774,4.915404796600342,6.3816680908203125
13775,3.7253029346466064,6.319571495056152
13776,-1.9911175966262817,6.9685444831848145
13777,-0.3145338296890259,0.785256564617157
13778,14.7103910446167,10.567166328430176
13779,-0.47204136848449707,3.0626380443573
13780,2.246591806411743,3.1715171337127686
13781,11.282726287841797,2.6998794078826904
13782,10.190600395202637,-1.0264887809753418
13783,6.5174784660339355,1.087111473083496
13784,4.602219104766846,-1.1388564109802246
13785,3.0616304874420166,4.878483295440674
13786,6.645464897155762,1.196717381477356
13787,14.820756912231445,0.7129161357879639
13788,2.51104998588562,0.20631638169288635
13789,14.492897987365723,9.18956470489502
13790,-1.7920182943344116,-6.126397609710693
13791,-2.8714101314544678,0.27636483311653137
13792,1.4722295999526978,-6.11659574508667
13793,-1.3609540462493896,1.58163321018219
13794,-0.7189741730690002,0.9860273003578186
13795,3.391324043273926,4.280607223510742
13796,-2.38348650932312,1.5598325729370117
13797,-0.5259698033332825,-0.07263857871294022
13798,2.388888120651245,1.6949182748794556
13799,-1.3158934116363525,-8.684784889221191
13800,13.096795082092285,5.285495281219482
13801,7.105184078216553,0.6836938858032227
13802,4.144157886505127,9.729222297668457
13803,16.59124183654785,-0.7437748908996582
13804,-3.3480937480926514,-14.005294799804688
13805,0.6800182461738586,0.08939488977193832
13806,13.32551097869873,9.703423500061035
13807,-3.7673189640045166,-1.4103424549102783
13808,2.351094961166382,-5.9948344230651855
13809,0.9165984988212585,8.737637519836426
13810,-10.712069511413574,-14.654154777526855
13811,-1.427179217338562,7.083743095397949
13812,-0.05358095467090607,-0.8078908324241638
13813,1.1652371883392334,3.9902563095092773
13814,14.173674583435059,3.5683329105377197
13815,15.206748008728027,1.0533497333526611
13816,-0.1522914171218872,-0.6069453954696655
13817,5.227221965789795,-7.892261505126953
13818,7.478278160095215,5.262449264526367
13819,2.4333577156066895,1.2986640930175781
13820,1.160552740097046,-4.493661880493164
13821,5.413271427154541,1.8433295488357544
13822,2.090061902999878,5.93988561630249
13823,-6.611563682556152,-9.280957221984863
13824,-6.314033508300781,-12.375100135803223
13825,0.9683565497398376,7.876860618591309
13826,6.4715752601623535,-3.972432851791382
13827,6.060231685638428,-4.766396522521973
13828,-1.759830117225647,-2.195542097091675
13829,19.42461585998535,-0.7271292805671692
13830,2.3784167766571045,6.490570545196533
13831,-0.1966658979654312,1.1503381729125977
13832,9.88343334197998,1.6442219018936157
13833,12.501862525939941,4.974462509155273
13834,-17.68931007385254,-12.491344451904297
13835,0.8280671238899231,0.3305087983608246
13836,2.413724184036255,10.662703514099121
13837,1.1786739826202393,0.8623570203781128
13838,-4.796894550323486,-5.936809539794922
13839,8.649213790893555,-1.7784740924835205
13840,3.201484203338623,-5.966855525970459
13841,-5.802789211273193,-2.132847547531128
13842,-5.045179843902588,-15.856836318969727
13843,0.38541096448898315,-8.352618217468262
13844,-8.791169166564941,-5.4651947021484375
13845,2.972763776779175,0.29451262950897217
13846,18.231536865234375,10.381402015686035
13847,-3.031266689300537,-1.009359359741211
13848,10.292526245117188,3.051683187484741
13849,3.3170344829559326,-7.358057498931885
13850,-6.449894428253174,4.197062015533447
13851,-1.2276067733764648,1.447645902633667
13852,1.2668296098709106,-3.143747091293335
13853,6.212389945983887,-2.3822383880615234
13854,3.037472724914551,3.9578115940093994
13855,17.034011840820312,6.243064880371094
13856,5.373126029968262,7.855866432189941
13857,-0.8497057557106018,-0.7509186267852783
13858,-2.8368043899536133,-13.303295135498047
13859,-4.039250373840332,2.5591228008270264
13860,9.299288749694824,-3.057993173599243
13861,-1.416534423828125,-4.010427951812744
13862,-1.9343547821044922,-1.7915667295455933
13863,3.015904188156128,-2.2986347675323486
13864,-2.8142106533050537,-2.355717658996582
13865,-2.7998592853546143,-5.145525932312012
13866,3.8482320308685303,8.517267227172852
13867,12.144209861755371,-1.386491060256958
13868,2.6683385372161865,0.24089178442955017
13869,18.842422485351562,1.4861159324645996
13870,-10.639169692993164,-9.65864372253418
13871,-6.714113712310791,-2.29484224319458
13872,-3.6075353622436523,1.7438522577285767
13873,2.736598014831543,0.5609202980995178
13874,-0.8425859808921814,-0.30534741282463074
13875,3.849022150039673,4.963099479675293
13876,-2.320504665374756,-6.145305633544922
13877,6.014976978302002,-2.25492525100708
13878,-0.6915153861045837,-2.6131222248077393
13879,-0.5264347195625305,2.076619863510132
13880,-9.82950496673584,-12.586565971374512
13881,-3.5990488529205322,1.8372876644134521
13882,0.5500869154930115,-0.20747807621955872
13883,2.929037094116211,0.023847125470638275
13884,1.0620882511138916,1.9648879766464233
13885,-5.4869561195373535,-6.600924015045166
13886,-4.70790433883667,1.9692224264144897
13887,18.520092010498047,9.857124328613281
13888,1.3773480653762817,0.7003577351570129
13889,-0.5194961428642273,0.5358083844184875
13890,-1.8548007011413574,-1.7704107761383057
13891,21.447830200195312,4.177510738372803
13892,-5.027683734893799,-3.80022931098938
13893,15.334338188171387,-3.6277122497558594
13894,20.418684005737305,9.135190963745117
13895,1.7364306449890137,1.1198164224624634
13896,3.9832961559295654,8.021199226379395
13897,3.7886977195739746,2.298442840576172
13898,4.048386573791504,-7.4445109367370605
13899,2.6544106006622314,-7.731346130371094
13900,1.627129077911377,-1.5687460899353027
13901,2.613342523574829,0.1974031627178192
13902,1.5984654426574707,-0.1499948799610138
13903,10.23520278930664,4.8529510498046875
13904,0.5519840121269226,0.25130102038383484
13905,4.741658687591553,4.917806625366211
13906,2.6830453872680664,5.109275817871094
13907,2.89013409614563,-0.4401082694530487
13908,3.5055530071258545,-1.8262184858322144
13909,-1.7430846691131592,1.5504863262176514
13910,3.316899299621582,0.19994759559631348
13911,3.507807731628418,9.706303596496582
13912,-2.537677049636841,-20.849674224853516
13913,2.8979179859161377,2.633861780166626
13914,19.25613021850586,-0.4033864438533783
13915,-1.9223580360412598,0.6052320003509521
13916,7.039179801940918,-3.770833730697632
13917,6.961075305938721,6.4780778884887695
13918,-0.8243737816810608,0.6175692081451416
13919,15.43736743927002,6.8618950843811035
13920,1.233881950378418,4.9896650314331055
13921,13.876294136047363,6.880899429321289
13922,1.5776503086090088,7.35436487197876
13923,1.3960230350494385,4.9148478507995605
13924,6.207630157470703,1.3609336614608765
13925,4.299019813537598,1.663486361503601
13926,2.034442901611328,-6.169620037078857
13927,17.8192138671875,-0.5324461460113525
13928,4.82113790512085,2.031423568725586
13929,7.155255317687988,9.809378623962402
13930,-1.2580621242523193,-3.062455892562866
13931,0.00931154191493988,4.131218433380127
13932,23.456153869628906,9.97253131866455
13933,6.442503452301025,1.8115832805633545
13934,8.584027290344238,2.3582355976104736
13935,7.749151706695557,-0.9769214391708374
13936,0.941920816898346,-4.092704772949219
13937,-2.0962696075439453,-0.34164419770240784
13938,-2.828944683074951,-4.337623596191406
13939,11.003443717956543,-6.595955848693848
13940,0.19248776137828827,-8.618481636047363
13941,9.109663009643555,7.285401344299316
13942,7.226901531219482,-3.1218183040618896
13943,17.527278900146484,0.12115242332220078
13944,3.944563150405884,9.709193229675293
13945,-2.795926094055176,-0.30354681611061096
13946,0.42094987630844116,3.0874247550964355
13947,2.2791340351104736,-1.3564348220825195
13948,0.32014358043670654,-0.03616919368505478
13949,-0.4935699701309204,-0.3177745044231415
13950,23.803306579589844,7.354556560516357
13951,4.752139091491699,-2.9749910831451416
13952,0.5380311608314514,4.779781341552734
13953,5.698416709899902,1.5761202573776245
13954,-3.5387566089630127,1.235327959060669
13955,1.2531588077545166,3.2141950130462646
13956,9.097505569458008,-4.816765785217285
13957,3.9146344661712646,3.6660029888153076
13958,6.297466278076172,-3.839313507080078
13959,-2.9001717567443848,-0.31752264499664307
13960,0.22199954092502594,-0.1280156672000885
13961,-2.6950109004974365,-1.7124056816101074
13962,2.650104284286499,-6.137097358703613
13963,3.8301594257354736,3.342876434326172
13964,19.055971145629883,9.059435844421387
13965,13.492363929748535,-0.8280799388885498
13966,-6.204830646514893,3.109423875808716
13967,-3.8702805042266846,-6.822112083435059
13968,-18.55953025817871,-11.759918212890625
13969,0.41715580224990845,8.993680000305176
13970,-1.2388896942138672,-3.724623680114746
13971,0.680037260055542,2.3667891025543213
13972,16.308610916137695,-2.5257129669189453
13973,18.18605613708496,11.290695190429688
13974,2.9311318397521973,5.602936267852783
13975,1.8020761013031006,-1.7373489141464233
13976,1.7156933546066284,-0.9953677654266357
13977,-13.669217109680176,-10.712810516357422
13978,-4.3130364418029785,-1.7282127141952515
13979,5.12228536605835,-3.999807119369507
13980,15.542367935180664,10.203034400939941
13981,2.8527653217315674,3.2206103801727295
13982,5.1255621910095215,3.0627222061157227
13983,-5.98704195022583,-5.090181827545166
13984,-4.134736061096191,-11.228056907653809
13985,15.108792304992676,5.831582546234131
13986,1.0129530429840088,-0.37590664625167847
13987,14.504469871520996,8.215960502624512
13988,-3.158930540084839,-1.8507914543151855
13989,1.5330146551132202,6.169342041015625
13990,1.1287314891815186,2.9747631549835205
13991,3.3713185787200928,-1.857160210609436
13992,3.6230828762054443,-1.5225577354431152
13993,-4.224753379821777,2.624976873397827
13994,2.06791615486145,0.21599453687667847
13995,3.6048645973205566,2.565117359161377
13996,-4.398637294769287,-6.877712726593018
13997,-9.38689136505127,-1.7795748710632324
13998,7.8395304679870605,2.8062527179718018
13999,-1.9189763069152832,-0.7380831241607666
14000,0.44025343656539917,0.02940114587545395
14001,-2.761258602142334,-0.9608861207962036
14002,8.123170852661133,1.265423059463501
14003,-1.4161343574523926,-0.4630805552005768
14004,-7.552231311798096,-12.586501121520996
14005,-10.491329193115234,-7.720034599304199
14006,8.352070808410645,-2.576303482055664
14007,9.514795303344727,0.3292662799358368
14008,3.4451138973236084,-1.3935918807983398
14009,21.490201950073242,3.9658820629119873
14010,4.174954414367676,4.331202507019043
14011,1.2454266548156738,-2.7114932537078857
14012,-1.2071548700332642,0.26402002573013306
14013,3.7813751697540283,11.654147148132324
14014,-15.917154312133789,-12.410101890563965
14015,16.581546783447266,11.274645805358887
14016,17.42340660095215,5.940032958984375
14017,-0.5750937461853027,2.1834022998809814
14018,2.0228657722473145,2.477861166000366
14019,19.33890151977539,11.733508110046387
14020,1.401149034500122,1.8249024152755737
14021,-3.584372043609619,1.2312872409820557
14022,2.9496819972991943,4.955685615539551
14023,6.309996128082275,5.377171516418457
14024,-6.4751505851745605,-8.52464485168457
14025,8.49273681640625,-4.171873569488525
14026,0.3409179449081421,-6.168694019317627
14027,-3.0670011043548584,-13.369283676147461
14028,-2.6486809253692627,-4.1289167404174805
14029,2.283750295639038,-3.2682669162750244
14030,-0.3781249523162842,-5.669365406036377
14031,-2.510751485824585,-2.0201399326324463
14032,-0.9062752723693848,-1.4997117519378662
14033,-1.5836966037750244,1.3307514190673828
14034,4.460956573486328,4.749117374420166
14035,6.245849132537842,2.08758282661438
14036,2.309868335723877,-6.930187225341797
14037,2.1319077014923096,-7.30671501159668
14038,-0.45944827795028687,3.062304735183716
14039,9.270466804504395,3.549572229385376
14040,0.20217753946781158,3.632450819015503
14041,4.263463020324707,1.2782365083694458
14042,8.759708404541016,7.299625396728516
14043,-3.57175612449646,-2.990161180496216
14044,0.5385814309120178,-1.275359869003296
14045,3.7637979984283447,-2.5123088359832764
14046,0.6232685446739197,-1.4768812656402588
14047,10.01822280883789,-0.7008026838302612
14048,4.325094699859619,-10.07494068145752
14049,20.34323501586914,1.3919329643249512
14050,4.804667949676514,10.811835289001465
14051,-0.6324478387832642,0.5492743849754333
14052,6.330647945404053,14.96733570098877
14053,-8.81460189819336,-4.072371006011963
14054,2.9478204250335693,5.893617153167725
14055,-2.3768014907836914,-1.1691861152648926
14056,3.972872495651245,5.5522565841674805
14057,1.4040626287460327,9.11667537689209
14058,0.01412130892276764,3.445452928543091
14059,-10.72603702545166,-8.034804344177246
14060,-7.365806579589844,-18.02322006225586
14061,-4.795307636260986,1.061077356338501
14062,-1.5261210203170776,7.484410285949707
14063,3.1184637546539307,6.960212707519531
14064,1.5301785469055176,-0.9348278045654297
14065,11.528717994689941,1.8120198249816895
14066,-4.327120780944824,-2.8444182872772217
14067,-4.658873558044434,-3.0191714763641357
14068,14.831421852111816,8.074077606201172
14069,-13.17604923248291,-24.7812442779541
14070,11.078038215637207,9.204198837280273
14071,-5.1126179695129395,-4.2994842529296875
14072,0.07242359220981598,-2.8411364555358887
14073,9.752875328063965,0.46304604411125183
14074,6.198330402374268,-4.756059646606445
14075,19.264171600341797,7.221332550048828
14076,-10.65299129486084,-4.053260326385498
14077,3.6628012657165527,5.708119869232178
14078,-0.6860371232032776,-2.9509828090667725
14079,2.290785074234009,-2.084599733352661
14080,6.011375904083252,14.2837495803833
14081,5.1078715324401855,7.372334003448486
14082,9.204002380371094,5.471196174621582
14083,0.8180529475212097,-6.154213905334473
14084,3.68546199798584,0.40367504954338074
14085,3.387195587158203,-1.546992301940918
14086,-8.776610374450684,-5.808624267578125
14087,0.2896290421485901,2.5642731189727783
14088,1.0005784034729004,-3.812141180038452
14089,3.3439857959747314,0.6466990113258362
14090,12.256261825561523,3.55826473236084
14091,10.596257209777832,-1.3339297771453857
14092,-2.6489362716674805,-17.211246490478516
14093,-1.276123285293579,1.0921677350997925
14094,-3.2071807384490967,-4.278491497039795
14095,-4.290860652923584,-4.784403324127197
14096,0.842380702495575,-3.3912813663482666
14097,5.996376991271973,-1.079879879951477
14098,-0.939798891544342,1.0394724607467651
14099,1.4010039567947388,8.042522430419922
14100,10.220316886901855,8.378933906555176
14101,-3.1682116985321045,2.806244134902954
14102,-2.8264811038970947,-10.062552452087402
14103,0.32398176193237305,-2.5213849544525146
14104,-13.290014266967773,-8.62427806854248
14105,0.9742112755775452,3.549041986465454
14106,-1.2528128623962402,-1.4524105787277222
14107,3.6461586952209473,9.84223461151123
14108,-13.640241622924805,-8.208341598510742
14109,3.162407875061035,7.104060649871826
14110,10.796698570251465,-4.114678382873535
14111,-1.4991647005081177,-2.524724245071411
14112,10.296868324279785,5.546313285827637
14113,22.513723373413086,4.028076171875
14114,3.8324882984161377,-7.235042572021484
14115,3.5426552295684814,-7.879217147827148
14116,1.8029167652130127,2.319507122039795
14117,-1.2972303628921509,7.5564117431640625
14118,2.48545241355896,6.278987407684326
14119,-0.018720075488090515,2.9174983501434326
14120,3.2431814670562744,0.3722144663333893
14121,-12.019442558288574,-14.775089263916016
14122,4.814340114593506,-3.490185022354126
14123,-7.055875301361084,-2.153230905532837
14124,11.618695259094238,9.410027503967285
14125,1.3409637212753296,-2.785998582839966
14126,-6.162759304046631,3.6402275562286377
14127,0.0548539012670517,-3.3783774375915527
14128,-0.5673750042915344,-1.2284331321716309
14129,-20.316879272460938,-13.549057960510254
14130,-2.4635815620422363,6.341636657714844
14131,6.746828556060791,-2.2959790229797363
14132,3.7895822525024414,6.687028884887695
14133,10.711549758911133,2.4816343784332275
14134,4.974000930786133,-8.288227081298828
14135,-1.0820506811141968,0.5687685012817383
14136,0.31394147872924805,1.2463384866714478
14137,17.730894088745117,9.411784172058105
14138,15.566800117492676,-3.264784574508667
14139,-0.0830216258764267,-0.08135207742452621
14140,2.125577688217163,5.900686264038086
14141,-2.631589412689209,-7.657740592956543
14142,-4.3064703941345215,-0.3080715835094452
14143,3.96362042427063,4.756264686584473
14144,4.927026748657227,-1.3437559604644775
14145,-0.24383683502674103,-1.9995524883270264
14146,8.030280113220215,6.686375617980957
14147,-4.6068243980407715,1.0678040981292725
14148,11.705055236816406,3.815713405609131
14149,2.34582257270813,-1.0000576972961426
14150,0.16335727274417877,0.45375964045524597
14151,-3.6651833057403564,0.1840093731880188
14152,2.4002134799957275,9.305713653564453
14153,2.105712890625,-1.454648733139038
14154,-13.836020469665527,-12.485245704650879
14155,8.427214622497559,4.231217861175537
14156,0.651056706905365,4.366616249084473
14157,4.158993244171143,-7.251294136047363
14158,2.215195894241333,-5.501932621002197
14159,15.310227394104004,-0.8285874128341675
14160,22.880905151367188,9.91417121887207
14161,-1.7564127445220947,-9.767481803894043
14162,-3.052462339401245,0.9555661678314209
14163,-0.6530554890632629,-1.3254207372665405
14164,-1.8522284030914307,3.929835557937622
14165,-3.4615278244018555,0.41418400406837463
14166,-3.3568050861358643,4.679140567779541
14167,-2.0278170108795166,0.841094970703125
14168,-14.82958698272705,-11.62565803527832
14169,0.9318111538887024,8.792016983032227
14170,3.4986166954040527,1.8357701301574707
14171,1.9986331462860107,-5.185023307800293
14172,-6.916431427001953,-1.8677003383636475
14173,20.896312713623047,1.7850779294967651
14174,1.8616328239440918,-0.7583526968955994
14175,-1.3256444931030273,1.6785690784454346
14176,17.115333557128906,-0.03501567989587784
14177,-2.9190213680267334,-1.7528074979782104
14178,-1.05150306224823,6.650105953216553
14179,21.79391098022461,1.189110279083252
14180,-0.9721135497093201,1.6458630561828613
14181,5.550846099853516,1.126184105873108
14182,-1.3565258979797363,0.9409847259521484
14183,4.56028938293457,-3.59391713142395
14184,-8.334183692932129,-14.64892864227295
14185,4.068364143371582,12.879926681518555
14186,4.059418201446533,6.033864974975586
14187,0.10405470430850983,3.8823928833007812
14188,-1.414922833442688,7.087922096252441
14189,-3.279456853866577,0.5821169018745422
14190,9.170248985290527,8.83620834350586
14191,6.544118404388428,1.6984379291534424
14192,-0.8690561652183533,-15.372326850891113
14193,14.320430755615234,7.699442386627197
14194,-0.20132975280284882,2.4829928874969482
14195,0.6578463315963745,0.1248202994465828
14196,6.352456569671631,8.476515769958496
14197,-5.723106861114502,4.174954414367676
14198,8.615774154663086,-3.2190442085266113
14199,-2.936870574951172,1.020787239074707
14200,-0.7834425568580627,-3.4589040279388428
14201,11.915518760681152,-0.9760422706604004
14202,7.380283832550049,2.7224838733673096
14203,0.9276725649833679,8.427857398986816
14204,6.840931415557861,0.27831676602363586
14205,2.1846134662628174,9.067265510559082
14206,-12.01036262512207,-11.67083740234375
14207,2.0836846828460693,-5.370762348175049
14208,1.1269398927688599,0.39429378509521484
14209,5.415618419647217,-1.4984030723571777
14210,-0.0788033977150917,-3.7717626094818115
14211,1.1098607778549194,-0.35888412594795227
14212,5.64050817489624,4.015209674835205
14213,1.1446733474731445,1.778172254562378
14214,4.143557071685791,-2.877464771270752
14215,11.468951225280762,-1.3530564308166504
14216,0.6919946074485779,9.219440460205078
14217,-0.5360395908355713,0.0388474240899086
14218,-3.344564199447632,4.780758857727051
14219,3.785493850708008,-1.2662403583526611
14220,5.767612934112549,-0.20792880654335022
14221,0.6534415483474731,3.9746501445770264
14222,20.097042083740234,11.08836555480957
14223,3.0529441833496094,1.8657126426696777
14224,1.0041687488555908,2.158576488494873
14225,3.0334630012512207,12.039892196655273
14226,-19.877979278564453,-12.107789993286133
14227,12.527180671691895,2.548144578933716
14228,-1.4760286808013916,5.587244510650635
14229,16.25925064086914,8.054187774658203
14230,10.679107666015625,2.94183611869812
14231,2.5468838214874268,9.605530738830566
14232,0.5254603624343872,4.676522254943848
14233,1.570530891418457,9.590221405029297
14234,8.412684440612793,5.6292524337768555
14235,-2.941248893737793,-9.7795991897583
14236,4.754608154296875,5.904533386230469
14237,-0.5824041962623596,5.252342224121094
14238,0.5704174041748047,-3.391688108444214
14239,-8.062420845031738,-7.183647155761719
14240,1.5491971969604492,0.9947707056999207
14241,8.62947940826416,-8.187994956970215
14242,12.701253890991211,7.061575889587402
14243,-0.9745205044746399,1.6551032066345215
14244,-1.800560474395752,-12.92414379119873
14245,-5.420523643493652,-5.4584059715271
14246,-0.9692918658256531,-2.4273862838745117
14247,4.5690531730651855,12.381487846374512
14248,16.12190818786621,3.29120135307312
14249,-8.216947555541992,-12.78195858001709
14250,-3.0719215869903564,-3.2837307453155518
14251,6.662383079528809,3.5176808834075928
14252,-10.002965927124023,-12.388980865478516
14253,19.48259735107422,10.376996994018555
14254,-3.610591173171997,2.5555574893951416
14255,15.422176361083984,-1.471092700958252
14256,7.380537033081055,9.18803882598877
14257,3.542424440383911,6.171276092529297
14258,3.90045428276062,1.15156090259552
14259,0.8295320868492126,-3.354377031326294
14260,-5.867074012756348,-23.754364013671875
14261,-4.069762229919434,-10.153105735778809
14262,-0.10087372362613678,-5.318508148193359
14263,17.82199478149414,3.4166600704193115
14264,-5.674790859222412,-25.384441375732422
14265,0.5083052515983582,-3.225414514541626
14266,-3.3791723251342773,-15.698954582214355
14267,6.267822742462158,-3.012327194213867
14268,0.5007935166358948,2.3886044025421143
14269,2.1152937412261963,8.597169876098633
14270,-5.6155829429626465,-4.200448989868164
14271,14.885210990905762,9.633665084838867
14272,21.59099769592285,-0.36502692103385925
14273,1.902106523513794,6.062374114990234
14274,-3.679424524307251,1.4412603378295898
14275,-6.610942363739014,-5.546195983886719
14276,0.6996769309043884,0.5757812261581421
14277,13.028409957885742,1.726495385169983
14278,-2.313762903213501,-18.343368530273438
14279,-0.330313503742218,-2.004455804824829
14280,0.3331149220466614,3.9739573001861572
14281,2.6811916828155518,1.1014093160629272
14282,-3.711864471435547,-4.182636260986328
14283,11.460897445678711,3.5755958557128906
14284,1.4964253902435303,-0.3495528995990753
14285,6.613120079040527,10.28740406036377
14286,3.338270425796509,6.174503326416016
14287,20.367733001708984,10.885733604431152
14288,-5.854571342468262,-5.476244926452637
14289,-6.649526119232178,-21.638214111328125
14290,0.02867107093334198,8.331244468688965
14291,12.076992988586426,9.265080451965332
14292,17.852249145507812,5.295716762542725
14293,1.4894615411758423,-1.9883873462677002
14294,10.528862953186035,-1.9341914653778076
14295,0.4172157645225525,-5.049990653991699
14296,3.5319318771362305,6.484057426452637
14297,19.40252685546875,2.6918160915374756
14298,-0.5642575621604919,0.4807926416397095
14299,-2.510441303253174,-12.027226448059082
14300,12.14449405670166,-4.015210151672363
14301,-1.1442874670028687,1.3597638607025146
14302,8.507044792175293,4.35094690322876
14303,0.6156652569770813,3.4785237312316895
14304,5.027287006378174,4.693427562713623
14305,2.7430992126464844,6.275752067565918
14306,-0.8181625008583069,0.6348097324371338
14307,-0.02848474681377411,-2.0273354053497314
14308,-5.819817066192627,-3.959984064102173
14309,4.0082268714904785,12.154670715332031
14310,-0.7985599637031555,1.746994972229004
14311,2.7346742153167725,0.8859267234802246
14312,-11.249772071838379,-10.103592872619629
14313,-13.977578163146973,-8.669824600219727
14314,-7.261952877044678,-7.320714950561523
14315,-0.567886233329773,-5.288981914520264
14316,4.284464359283447,10.837201118469238
14317,3.215535879135132,1.9846323728561401
14318,-1.998415470123291,1.681899070739746
14319,1.9184298515319824,-0.39642903208732605
14320,5.032155990600586,-8.712689399719238
14321,0.8297635912895203,2.5801680088043213
14322,-10.222453117370605,-4.273837089538574
14323,-14.480198860168457,-8.778359413146973
14324,17.317930221557617,1.2962151765823364
14325,-2.5899977684020996,2.7708399295806885
14326,5.495596408843994,12.359405517578125
14327,13.487021446228027,-1.6205523014068604
14328,0.5368595719337463,-2.5389504432678223
14329,-2.6725733280181885,-1.6259833574295044
14330,4.799735069274902,13.117459297180176
14331,-8.35233211517334,-2.781628370285034
14332,12.22232723236084,1.6691465377807617
14333,1.9119939804077148,6.984012126922607
14334,-0.6630721688270569,5.146400451660156
14335,0.9531798958778381,-4.767563819885254
14336,4.448087215423584,5.871408462524414
14337,21.528621673583984,6.166388034820557
14338,-2.5680923461914062,-2.54683780670166
14339,0.19577251374721527,0.22969800233840942
14340,-3.9587490558624268,2.3601160049438477
14341,3.094151020050049,6.992850303649902
14342,11.179142951965332,-3.5031402111053467
14343,15.53040599822998,-2.143575429916382
14344,5.145550727844238,0.38495680689811707
14345,-0.3564188480377197,3.852872133255005
14346,17.035045623779297,10.313189506530762
14347,22.808895111083984,4.896463871002197
14348,20.469343185424805,0.49532249569892883
14349,1.1100049018859863,-0.0789308175444603
14350,3.927236795425415,12.026464462280273
14351,23.34598159790039,11.072369575500488
14352,21.79948616027832,10.272604942321777
14353,-13.768256187438965,-9.856568336486816
14354,11.81147289276123,-1.5630824565887451
14355,-1.1826456785202026,-2.2779951095581055
14356,-1.1927435398101807,5.0004448890686035
14357,-3.619729995727539,-7.322798728942871
14358,-0.10402584075927734,-0.022595323622226715
14359,7.817453861236572,5.750129699707031
14360,-14.90099048614502,-10.169053077697754
14361,-0.8199150562286377,-4.487519264221191
14362,14.005678176879883,7.031937122344971
14363,0.4798205494880676,7.6873779296875
14364,-0.2533891797065735,0.435548335313797
14365,3.5490355491638184,6.346513271331787
14366,2.373128652572632,-2.6692910194396973
14367,16.91102409362793,8.072168350219727
14368,6.30839729309082,1.91837739944458
14369,-0.8254911303520203,-3.1019651889801025
14370,0.9516990780830383,2.3473472595214844
14371,1.421562671661377,-3.836395025253296
14372,14.213431358337402,10.503592491149902
14373,-2.095869541168213,-11.624275207519531
14374,3.102825164794922,0.7565929889678955
14375,0.569503903388977,-0.30313268303871155
14376,1.0017499923706055,9.066163063049316
14377,0.7080199718475342,-4.105090618133545
14378,-8.718375205993652,-7.407089710235596
14379,17.578100204467773,2.1378366947174072
14380,2.1374237537384033,-0.5283642411231995
14381,-1.3669531345367432,-9.891931533813477
14382,3.298276424407959,-4.291826248168945
14383,-15.626399040222168,-13.288472175598145
14384,4.3525896072387695,0.07104691118001938
14385,7.389615058898926,-14.595076560974121
14386,1.0524688959121704,-0.5230900049209595
14387,-8.767516136169434,-20.953336715698242
14388,11.442416191101074,-7.801939964294434
14389,10.848536491394043,8.487469673156738
14390,-2.4547693729400635,-0.7449766397476196
14391,8.72516918182373,4.101006507873535
14392,4.015860080718994,-8.047767639160156
14393,13.97881031036377,2.464711904525757
14394,-4.064894199371338,-6.643050193786621
14395,9.650093078613281,4.547893047332764
14396,-0.5690900683403015,3.3259856700897217
14397,-1.4182274341583252,-1.3224444389343262
14398,-9.408377647399902,-2.6971933841705322
14399,13.867827415466309,-0.4826664626598358
14400,-1.9913601875305176,1.49199378490448
14401,10.417065620422363,7.988437175750732
14402,2.146216630935669,-1.6290141344070435
14403,8.190827369689941,7.204671859741211
14404,-6.837732791900635,3.019451379776001
14405,0.2605212330818176,5.611019611358643
14406,2.771959066390991,-5.30204439163208
14407,-3.018364191055298,1.6947270631790161
14408,-1.2408246994018555,7.0138349533081055
14409,1.2711470127105713,-0.07038529962301254
14410,15.851605415344238,-2.9926199913024902
14411,1.4515395164489746,8.214293479919434
14412,5.907968521118164,-8.90331745147705
14413,-11.647713661193848,-6.6094465255737305
14414,-0.6056941747665405,0.5471570491790771
14415,-2.9293417930603027,0.058377139270305634
14416,3.1734557151794434,-9.723841667175293
14417,1.0397224426269531,-0.08873153477907181
14418,-1.2657816410064697,-14.708910942077637
14419,0.233501598238945,-3.2179081439971924
14420,8.923377990722656,7.329412460327148
14421,1.7703132629394531,0.20326486229896545
14422,11.33989143371582,1.653902530670166
14423,5.282575607299805,1.8106298446655273
14424,5.93508768081665,1.4849352836608887
14425,12.52509593963623,8.575335502624512
14426,4.42120361328125,-1.7216200828552246
14427,18.34772491455078,2.2083187103271484
14428,-2.542559862136841,-16.656757354736328
14429,-5.028922080993652,-4.27863073348999
14430,-1.1109508275985718,0.9345129132270813
14431,-0.15912719070911407,-18.191509246826172
14432,3.819265604019165,-5.807042121887207
14433,16.049087524414062,7.129868984222412
14434,0.46785968542099,-0.03279242664575577
14435,2.373250722885132,3.2246720790863037
14436,3.241779088973999,0.3948308825492859
14437,2.581627368927002,1.0529974699020386
14438,6.201265811920166,1.9112281799316406
14439,2.1556403636932373,0.4473048746585846
14440,-5.026468753814697,2.865422487258911
14441,7.78807258605957,6.432608604431152
14442,-12.925042152404785,-4.549354076385498
14443,5.761662006378174,1.3941645622253418
14444,-12.1727876663208,-5.426621437072754
14445,-2.6622579097747803,-12.603178977966309
14446,1.4296513795852661,-4.08687162399292
14447,13.074399948120117,5.641449451446533
14448,13.71642780303955,3.584132194519043
14449,10.830571174621582,-1.2781479358673096
14450,14.33293628692627,4.974067687988281
14451,7.932429790496826,2.2505009174346924
14452,0.915790855884552,0.8816025257110596
14453,1.2508256435394287,-4.408624172210693
14454,-0.7910383343696594,0.808207094669342
14455,9.258712768554688,3.007977247238159
14456,10.369572639465332,9.945984840393066
14457,-0.6660653352737427,0.15183204412460327
14458,2.7895755767822266,-3.961273431777954
14459,1.0890743732452393,2.80683970451355
14460,-3.31243896484375,-1.4485329389572144
14461,-3.2028937339782715,-4.732197284698486
14462,4.127206325531006,10.38133430480957
14463,2.138780355453491,-2.3568522930145264
14464,20.247268676757812,-0.5189175605773926
14465,2.618560552597046,-4.230616092681885
14466,5.944625377655029,4.364368438720703
14467,12.857571601867676,-6.167470932006836
14468,5.24810791015625,-2.2844741344451904
14469,-6.017390727996826,3.0171728134155273
14470,-1.408974051475525,3.5681912899017334
14471,1.7167142629623413,4.182674884796143
14472,3.020141363143921,-1.6619069576263428
14473,3.823453187942505,4.027902126312256
14474,1.060416340827942,9.815443992614746
14475,2.1602602005004883,10.202689170837402
14476,-1.4936670064926147,7.082229137420654
14477,-1.0317320823669434,-0.01761896163225174
14478,8.120695114135742,-4.006200790405273
14479,17.050321578979492,0.10699894279241562
14480,-3.1227900981903076,-6.1781158447265625
14481,-0.4504232406616211,3.396484613418579
14482,14.710296630859375,11.065603256225586
14483,8.667928695678711,3.7474377155303955
14484,1.1830406188964844,-6.453707695007324
14485,6.454334259033203,2.469123601913452
14486,17.21758270263672,-0.4401150643825531
14487,1.1055853366851807,8.72428035736084
14488,6.819134712219238,5.839119911193848
14489,-3.1283652782440186,2.441301107406616
14490,3.246685743331909,-1.4444262981414795
14491,9.036337852478027,-1.2122714519500732
14492,4.162357330322266,10.58193588256836
14493,-6.528621196746826,4.5545454025268555
14494,-2.298156976699829,-0.8232817053794861
14495,-3.319117307662964,1.7953577041625977
14496,23.765308380126953,10.645434379577637
14497,-1.4363421201705933,-1.5999956130981445
14498,-3.297508478164673,-11.608443260192871
14499,1.3257545232772827,4.130031585693359
14500,0.2810356616973877,0.7198607325553894
14501,1.076896071434021,8.03964900970459
14502,-13.816817283630371,-9.815153121948242
14503,-5.336073875427246,-15.203049659729004
14504,8.38604736328125,1.8700675964355469
14505,16.57085418701172,4.588947772979736
14506,11.313399314880371,6.996521949768066
14507,-4.623836040496826,-3.4686086177825928
14508,0.6825901865959167,6.422356605529785
14509,2.6333863735198975,0.6221485733985901
14510,12.975373268127441,8.61439037322998
14511,6.294567108154297,5.921611309051514
14512,3.6422135829925537,5.408865928649902
14513,-1.4802768230438232,-2.7340376377105713
14514,-0.6753693222999573,6.5066351890563965
14515,-1.0972158908843994,-4.2165937423706055
14516,7.988736629486084,-2.124620199203491
14517,-9.544933319091797,-8.774826049804688
14518,1.681536078453064,2.3120791912078857
14519,-14.0769681930542,-9.999465942382812
14520,20.69016456604004,1.900482416152954
14521,-2.4677734375,-4.6739420890808105
14522,13.234363555908203,-2.3474202156066895
14523,-11.125855445861816,-3.675117254257202
14524,10.092856407165527,1.852931022644043
14525,6.45424747467041,9.173999786376953
14526,18.290184020996094,0.6299506425857544
14527,1.7688665390014648,-6.338306903839111
14528,-0.9858558177947998,-4.667129993438721
14529,-0.9187362790107727,0.10069092363119125
14530,11.725701332092285,3.783421754837036
14531,1.3214927911758423,2.6145389080047607
14532,11.827300071716309,9.431612968444824
14533,-5.967034816741943,-4.776666641235352
14534,-1.3508918285369873,1.4894403219223022
14535,-6.786692142486572,-6.409351348876953
14536,1.1499536037445068,-0.14334508776664734
14537,7.327377796173096,5.7816009521484375
14538,-5.535384178161621,-4.582104682922363
14539,18.98318862915039,5.483484268188477
14540,-3.359206438064575,-11.974446296691895
14541,-0.6042235493659973,0.8065704703330994
14542,-6.5456719398498535,-2.632277727127075
14543,-9.05505657196045,-4.112550258636475
14544,21.027469635009766,1.8936498165130615
14545,6.847723960876465,6.016035556793213
14546,4.620364665985107,-9.539950370788574
14547,11.45208740234375,-7.967333793640137
14548,1.700284481048584,5.537781715393066
14549,-1.2339495420455933,2.7175614833831787
14550,18.990339279174805,0.9639618396759033
14551,-1.583991527557373,0.6674431562423706
14552,-5.160786151885986,-3.7552711963653564
14553,12.7612943649292,4.987719535827637
14554,0.30112630128860474,3.6077218055725098
14555,5.274346828460693,2.619415044784546
14556,2.383608102798462,-5.589361190795898
14557,16.560728073120117,-2.349271535873413
14558,5.818252086639404,-0.1280249059200287
14559,-4.151798248291016,-2.4690792560577393
14560,8.121479988098145,0.7766340374946594
14561,4.791009902954102,6.5564985275268555
14562,5.557728290557861,1.6435405015945435
14563,-9.414167404174805,-14.70376205444336
14564,0.4256129264831543,0.06421975046396255
14565,19.66289520263672,5.444667816162109
14566,-2.7762084007263184,-2.745760917663574
14567,-4.190079689025879,-1.2530126571655273
14568,-0.6436457633972168,0.16098713874816895
14569,-3.966110944747925,-1.5442261695861816
14570,-3.138880491256714,-5.029468059539795
14571,0.12314440310001373,-2.266456365585327
14572,-6.546888828277588,-3.276489496231079
14573,5.390566349029541,2.6643311977386475
14574,-0.5814438462257385,-0.5849829912185669
14575,0.2346433848142624,3.937161684036255
14576,-0.8540782928466797,-2.550916910171509
14577,5.3400092124938965,-2.1033120155334473
14578,4.498667240142822,-0.6105266213417053
14579,3.6209428310394287,7.549931049346924
14580,7.0990071296691895,-4.095986366271973
14581,7.2842888832092285,3.948122501373291
14582,1.6071146726608276,0.3945983052253723
14583,0.4883156418800354,4.725010395050049
14584,7.016768932342529,-2.530064105987549
14585,1.1412770748138428,-0.8028450012207031
14586,-2.4644758701324463,-1.1536370515823364
14587,0.5162204504013062,-3.4096896648406982
14588,1.2405450344085693,9.060208320617676
14589,6.849890232086182,-8.931546211242676
14590,17.312536239624023,10.4650239944458
14591,9.488149642944336,0.20957154035568237
14592,-1.3044686317443848,-1.6613692045211792
14593,-1.370926856994629,2.6270463466644287
14594,0.7392793297767639,-0.2688387334346771
14595,18.13669776916504,6.8983306884765625
14596,-1.6823232173919678,0.33813318610191345
14597,3.957735300064087,4.773189544677734
14598,5.68483304977417,3.1660678386688232
14599,1.777291178703308,10.182124137878418
14600,4.898313045501709,5.231842994689941
14601,4.23867654800415,9.960232734680176
14602,-3.5328915119171143,-2.6937458515167236
14603,-0.4860385060310364,-2.387742280960083
14604,3.3735291957855225,9.169425010681152
14605,9.592827796936035,7.675042629241943
14606,-5.669501304626465,-6.9025750160217285
14607,0.11526702344417572,0.8783817291259766
14608,-3.960313558578491,1.3023544549942017
14609,5.6044535636901855,6.967326641082764
14610,-3.934056043624878,2.1515953540802
14611,4.9199442863464355,-1.7923930883407593
14612,3.1239659786224365,7.574578285217285
14613,2.3772382736206055,-4.884383201599121
14614,1.8398988246917725,9.865641593933105
14615,2.157062530517578,-3.676436185836792
14616,1.1201038360595703,3.396989583969116
14617,-1.7054532766342163,-2.2653441429138184
14618,-1.1395137310028076,1.2085239887237549
14619,-0.024170592427253723,8.362460136413574
14620,-1.7033193111419678,-2.2844574451446533
14621,5.760284900665283,-4.594730854034424
14622,-0.37680649757385254,1.394822120666504
14623,11.903695106506348,-6.286613464355469
14624,0.322439968585968,4.037286758422852
14625,-7.149930953979492,-5.439743518829346
14626,10.3482084274292,-4.768333911895752
14627,-0.75173419713974,-1.509470820426941
14628,15.192180633544922,9.982065200805664
14629,-0.38838303089141846,-1.8908636569976807
14630,-0.14803345501422882,2.8200724124908447
14631,-6.077006816864014,-11.526541709899902
14632,10.032049179077148,-0.7764595746994019
14633,5.178211212158203,15.25000286102295
14634,-1.1093409061431885,-0.12421128898859024
14635,17.578893661499023,2.9557044506073
14636,6.005652904510498,2.0328526496887207
14637,1.8629882335662842,6.617563724517822
14638,12.583749771118164,3.0462381839752197
14639,0.3004816174507141,-1.1715288162231445
14640,-10.684584617614746,-13.602045059204102
14641,20.464397430419922,7.899225234985352
14642,3.7167763710021973,4.0643463134765625
14643,13.1777982711792,7.593387126922607
14644,0.2509223222732544,3.9088351726531982
14645,3.076249122619629,0.6092333793640137
14646,-2.3560283184051514,-1.7710188627243042
14647,1.0539588928222656,-5.948075771331787
14648,-11.937125205993652,-9.442185401916504
14649,16.582555770874023,6.367396354675293
14650,-2.6275203227996826,-3.301023244857788
14651,0.04673697054386139,4.069468975067139
14652,-2.34092116355896,-0.051239244639873505
14653,-5.753140449523926,-12.881073951721191
14654,-0.09806536883115768,0.2981383800506592
14655,3.4635579586029053,6.878603935241699
14656,0.6284639835357666,5.105398178100586
14657,4.462306499481201,3.7161800861358643
14658,6.571223258972168,8.529887199401855
14659,3.780924081802368,8.049110412597656
14660,-6.268552303314209,-4.9755425453186035
14661,0.33080947399139404,0.3725183308124542
14662,0.7438041567802429,-3.797304630279541
14663,14.327366828918457,8.651130676269531
14664,-3.119495391845703,-5.397391319274902
14665,1.981560230255127,-4.592978477478027
14666,2.5807597637176514,-6.042850494384766
14667,-2.072295665740967,1.3448710441589355
14668,6.009039878845215,9.160418510437012
14669,-4.165253162384033,-13.557411193847656
14670,-14.252379417419434,-11.33907413482666
14671,2.680907726287842,4.751332759857178
14672,4.084079265594482,6.898505210876465
14673,-2.411503553390503,0.13990849256515503
14674,4.725037097930908,1.9744662046432495
14675,0.8412914872169495,-0.2969304919242859
14676,17.61554718017578,4.629060745239258
14677,0.9204770922660828,5.790189743041992
14678,19.168659210205078,-0.7627784013748169
14679,17.14883041381836,10.100444793701172
14680,-2.56207013130188,1.445893406867981
14681,-10.479044914245605,-7.570107460021973
14682,1.9453880786895752,-0.6603471040725708
14683,3.1557018756866455,-6.197371959686279
14684,-1.2402299642562866,0.6636958122253418
14685,-4.463122844696045,2.4588916301727295
14686,8.385462760925293,-3.855785369873047
14687,-1.3749831914901733,-5.809816360473633
14688,4.157680034637451,9.173914909362793
14689,4.731282711029053,13.37385082244873
14690,4.523719310760498,-8.783705711364746
14691,2.5166547298431396,1.4425761699676514
14692,4.263646125793457,7.463322639465332
14693,7.45087194442749,-0.5567775368690491
14694,13.833878517150879,-5.919109344482422
14695,1.468685507774353,-4.446972846984863
14696,4.811598300933838,13.42087459564209
14697,-1.9867204427719116,-15.1986665725708
14698,-2.280191659927368,-3.0763087272644043
14699,9.68790340423584,1.9044544696807861
14700,2.2488832473754883,1.9740190505981445
14701,-0.9198764562606812,1.2519245147705078
14702,10.040909767150879,-3.142636775970459
14703,0.9477813839912415,5.867607116699219
14704,6.028524875640869,1.6663230657577515
14705,-16.890743255615234,-11.830760955810547
14706,4.238414287567139,7.863038063049316
14707,5.313600063323975,1.9880300760269165
14708,0.2255537062883377,0.21566149592399597
14709,-3.3557820320129395,-0.9454350471496582
14710,21.99746322631836,10.829097747802734
14711,14.709983825683594,0.8261791467666626
14712,-2.003807544708252,-2.9586246013641357
14713,3.204559087753296,6.587128162384033
14714,0.020271196961402893,2.036107301712036
14715,0.0683564692735672,-0.20772969722747803
14716,12.193500518798828,9.331887245178223
14717,5.059749126434326,9.86194133758545
14718,-10.388078689575195,-13.061507225036621
14719,-5.4151129722595215,-2.7865395545959473
14720,-1.9493396282196045,-1.0937143564224243
14721,19.57252311706543,7.617401123046875
14722,0.1864021271467209,-0.06763362139463425
14723,-2.6222009658813477,-13.447905540466309
14724,12.21169662475586,9.7045259475708
14725,1.8617711067199707,-21.238250732421875
14726,5.9081807136535645,6.028336524963379
14727,2.1955299377441406,-4.373585224151611
14728,-8.860230445861816,-7.108804702758789
14729,5.102694988250732,-7.993556976318359
14730,3.638559103012085,-2.7554867267608643
14731,-5.863899230957031,-5.961952209472656
14732,1.580145239830017,-5.09423828125
14733,-3.4408552646636963,1.187644362449646
14734,10.069421768188477,-4.972186088562012
14735,2.8082950115203857,-8.120504379272461
14736,1.444029688835144,-1.7635142803192139
14737,-1.9997663497924805,-15.517321586608887
14738,1.2539023160934448,-3.665081262588501
14739,-4.862742900848389,-5.20704984664917
14740,4.076461315155029,6.132419109344482
14741,6.2525315284729,-4.173696517944336
14742,1.0444245338439941,3.329420328140259
14743,-14.36335277557373,-5.456813335418701
14744,2.16326642036438,5.724395751953125
14745,-12.036530494689941,-9.593269348144531
14746,-6.718545436859131,-21.276287078857422
14747,-14.078619956970215,-8.050950050354004
14748,4.680300712585449,4.540280342102051
14749,-3.1810507774353027,-2.7117340564727783
14750,-7.787957668304443,-5.008869171142578
14751,-2.29420804977417,-0.14875105023384094
14752,-2.274491310119629,0.06330301612615585
14753,0.20688317716121674,-1.1521897315979004
14754,-2.356018543243408,-2.9819931983947754
14755,-0.11524863541126251,3.279099702835083
14756,17.72674560546875,8.426339149475098
14757,3.9234206676483154,7.330940246582031
14758,-1.1025713682174683,-1.7132470607757568
14759,11.145607948303223,1.6518735885620117
14760,1.505262017250061,0.6272798776626587
14761,10.979540824890137,6.12541389465332
14762,21.48244285583496,1.3246819972991943
14763,12.107963562011719,-5.820542335510254
14764,2.4121553897857666,-1.0457992553710938
14765,4.335746765136719,1.1003916263580322
14766,-1.1566095352172852,-6.867611408233643
14767,-0.4061177968978882,-1.1036125421524048
14768,-2.976491689682007,-15.787751197814941
14769,-3.321106195449829,-4.070260047912598
14770,3.7853782176971436,7.856207847595215
14771,6.8171772956848145,-4.873475074768066
14772,-13.673542976379395,-5.94156551361084
14773,-0.5789186954498291,-4.6886467933654785
14774,3.8853189945220947,4.615338325500488
14775,3.419363260269165,3.4379231929779053
14776,2.9098565578460693,1.9049559831619263
14777,5.0123209953308105,5.251983642578125
14778,2.289536714553833,3.6420469284057617
14779,0.083316370844841,1.5433088541030884
14780,-9.210755348205566,-5.608325481414795
14781,-15.989572525024414,-10.768957138061523
14782,-2.036436080932617,5.530755043029785
14783,-8.970992088317871,-6.706255912780762
14784,-14.893643379211426,-7.961071014404297
14785,17.39712142944336,0.187043696641922
14786,1.6381950378417969,5.2670578956604
14787,0.9488492608070374,1.857154130935669
14788,13.533324241638184,7.1457414627075195
14789,1.8364710807800293,0.5258962512016296
14790,13.241571426391602,1.088926076889038
14791,0.7895331978797913,8.729589462280273
14792,5.907534122467041,3.643634796142578
14793,18.227558135986328,4.415771484375
14794,3.2508018016815186,6.767736434936523
14795,4.022504806518555,0.3293726146221161
14796,5.179097652435303,4.772974491119385
14797,-0.6298479437828064,-17.858314514160156
14798,15.741622924804688,9.215738296508789
14799,3.8671681880950928,3.8665595054626465
14800,22.722503662109375,-4.467948913574219
14801,0.592367947101593,3.301664352416992
14802,-4.326902866363525,1.0355784893035889
14803,5.369471073150635,6.11549711227417
14804,19.735074996948242,-1.2827177047729492
14805,20.718326568603516,8.409760475158691
14806,2.115438222885132,-4.801603317260742
14807,13.316593170166016,0.5343431234359741
14808,-6.688528060913086,-6.0253801345825195
14809,8.65638256072998,-6.92439079284668
14810,7.182986259460449,3.1932289600372314
14811,1.6304762363433838,-0.3500576317310333
14812,10.970746994018555,0.04581523686647415
14813,-3.110506772994995,-1.3442206382751465
14814,0.5840598940849304,-3.7626819610595703
14815,0.7803869843482971,2.872948169708252
14816,17.685646057128906,9.839194297790527
14817,3.8046276569366455,7.822617530822754
14818,-2.808128595352173,-11.51567554473877
14819,0.27610933780670166,-7.461549758911133
14820,4.801647663116455,-3.7834246158599854
14821,0.35367876291275024,1.4874670505523682
14822,12.857895851135254,5.290246486663818
14823,-0.9473439455032349,-5.306282997131348
14824,2.756734848022461,7.758664131164551
14825,-7.713827610015869,-11.730252265930176
14826,2.6130850315093994,-0.670731782913208
14827,-2.355999708175659,-7.979002952575684
14828,18.819734573364258,10.294816017150879
14829,1.8805911540985107,8.885563850402832
14830,-1.7872459888458252,-7.075103759765625
14831,7.682329177856445,-2.032633066177368
14832,-0.05262894928455353,-3.95843243598938
14833,17.98900604248047,5.988866806030273
14834,3.1388018131256104,7.611732482910156
14835,15.399575233459473,7.099494457244873
14836,21.19469451904297,6.741629600524902
14837,5.455037593841553,7.433227062225342
14838,-0.2456943541765213,-3.7708513736724854
14839,10.312043190002441,-1.0286322832107544
14840,18.200040817260742,5.459671974182129
14841,8.22187614440918,-7.089486122131348
14842,4.876399040222168,3.8213131427764893
14843,15.456351280212402,7.542453765869141
14844,4.611107349395752,6.052783966064453
14845,1.5899721384048462,-2.3910369873046875
14846,0.8465726971626282,-3.0667598247528076
14847,-3.5765647888183594,-2.1381943225860596
14848,1.95166015625,6.744108200073242
14849,-0.18250204622745514,3.403336763381958
14850,8.893169403076172,5.852405548095703
14851,15.974562644958496,-3.9141271114349365
14852,-0.008343890309333801,4.740232944488525
14853,0.5303124785423279,0.1993466466665268
14854,-0.31933408975601196,0.46321550011634827
14855,16.361387252807617,9.075743675231934
14856,3.5243842601776123,-5.690901279449463
14857,-1.9280141592025757,1.646140456199646
14858,5.329547882080078,6.854819297790527
14859,3.5869858264923096,5.685729026794434
14860,1.6547598838806152,9.149316787719727
14861,13.801453590393066,8.689703941345215
14862,-6.49275541305542,-7.871270656585693
14863,17.606950759887695,4.280228137969971
14864,-12.362103462219238,-7.718778133392334
14865,3.8922574520111084,2.1165835857391357
14866,16.259977340698242,-1.9661829471588135
14867,7.384407997131348,1.8661866188049316
14868,-0.8386751413345337,2.577496290206909
14869,-1.1883341073989868,0.9392021298408508
14870,0.9209237694740295,-1.1046104431152344
14871,1.730156421661377,-4.865911483764648
14872,-12.002398490905762,-11.779099464416504
14873,2.232435703277588,0.994047224521637
14874,-1.7751394510269165,0.898750901222229
14875,1.40407133102417,-0.44468364119529724
14876,6.781457901000977,1.7404999732971191
14877,0.23957256972789764,4.0481038093566895
14878,-7.510717868804932,-9.408709526062012
14879,-3.2230610847473145,-17.350597381591797
14880,-5.739378929138184,-11.018916130065918
14881,4.452473163604736,13.694994926452637
14882,-3.9336276054382324,-18.668285369873047
14883,-0.891826868057251,-1.9956958293914795
14884,0.9000137448310852,1.0556597709655762
14885,0.7325143218040466,0.4120748043060303
14886,6.955562591552734,11.093464851379395
14887,3.18963885307312,-2.2324705123901367
14888,5.286773681640625,4.661150932312012
14889,4.022217273712158,2.1103713512420654
14890,0.6878564953804016,0.5765472054481506
14891,5.30009126663208,-7.581479072570801
14892,-8.041167259216309,-9.078558921813965
14893,15.591991424560547,3.9184682369232178
14894,13.315083503723145,1.7207456827163696
14895,4.108105659484863,-2.255553722381592
14896,9.110372543334961,8.381211280822754
14897,0.41654878854751587,3.1854593753814697
14898,5.38349723815918,1.6336089372634888
14899,-1.3754007816314697,-1.0901825428009033
14900,3.794678211212158,12.007502555847168
14901,-4.8269572257995605,-23.60226058959961
14902,4.0968546867370605,9.245198249816895
14903,17.863340377807617,2.3950588703155518
14904,5.245540142059326,-1.7443389892578125
14905,20.468067169189453,2.8940236568450928
14906,5.966642379760742,-1.4182286262512207
14907,5.774750709533691,0.4188300371170044
14908,-1.8920025825500488,2.95393443107605
14909,6.927006721496582,-2.9403138160705566
14910,-1.0908150672912598,-2.9448511600494385
14911,11.591545104980469,-3.8380653858184814
14912,0.2582894563674927,3.2211718559265137
14913,-7.277081489562988,-22.020355224609375
14914,-1.456580638885498,-1.383121132850647
14915,2.3884308338165283,3.851949691772461
14916,-0.10986445844173431,1.5330994129180908
14917,-2.347343683242798,-1.4466073513031006
14918,5.440293788909912,7.419376850128174
14919,-0.9838008880615234,1.0120166540145874
14920,-9.495390892028809,-10.31890869140625
14921,-1.5235252380371094,6.5751237869262695
14922,5.345682621002197,1.7041265964508057
14923,3.0872416496276855,-5.457918167114258
14924,-3.6438632011413574,-14.272871971130371
14925,0.3180806040763855,-2.6279494762420654
14926,-1.0083580017089844,-0.6639547348022461
14927,8.897177696228027,6.92076301574707
14928,1.0733072757720947,-0.14776462316513062
14929,-2.3435933589935303,-1.0581496953964233
14930,1.033311367034912,-1.0399706363677979
14931,5.3315324783325195,8.817296981811523
14932,-0.5273814797401428,-2.5069849491119385
14933,6.626256465911865,6.413552761077881
14934,-4.313747882843018,-9.584221839904785
14935,7.8635783195495605,10.0172758102417
14936,2.1754324436187744,2.7837371826171875
14937,23.554359436035156,10.828167915344238
14938,0.8497087359428406,-4.77653169631958
14939,-2.714496374130249,-2.313138246536255
14940,-11.306662559509277,-8.623974800109863
14941,4.390099048614502,11.985013008117676
14942,6.063066482543945,4.292501449584961
14943,3.3401339054107666,-9.509612083435059
14944,-2.7950828075408936,-3.4072182178497314
14945,-2.763969659805298,0.39513635635375977
14946,4.892438888549805,8.018726348876953
14947,0.8748013377189636,7.389416694641113
14948,8.815225601196289,7.505887031555176
14949,-9.039463996887207,-9.196377754211426
14950,-7.150329113006592,-12.802031517028809
14951,15.359274864196777,8.990615844726562
14952,2.921886682510376,1.5020989179611206
14953,1.7194902896881104,3.3153653144836426
14954,0.7178399562835693,4.5177178382873535
14955,1.8801023960113525,6.186324119567871
14956,2.5920791625976562,0.9885381460189819
14957,-16.907394409179688,-15.116377830505371
14958,-4.781593322753906,3.5428335666656494
14959,0.1402553766965866,0.911957859992981
14960,0.8064559698104858,0.7200223207473755
14961,-14.08593463897705,-9.2644681930542
14962,3.395437717437744,-8.556724548339844
14963,0.19803820550441742,3.864206552505493
14964,3.7756264209747314,5.85091495513916
14965,3.119210958480835,3.9809460639953613
14966,5.687707901000977,4.112951755523682
14967,14.476971626281738,-0.7841559648513794
14968,-0.29443520307540894,-5.195035934448242
14969,-1.345556616783142,1.263042688369751
14970,-0.07988214492797852,0.6558284759521484
14971,0.9781208634376526,-8.904963493347168
14972,5.618313312530518,1.6125725507736206
14973,-12.807902336120605,-12.790499687194824
14974,8.308526039123535,0.8681390285491943
14975,2.2332041263580322,0.05555906146764755
14976,2.4022154808044434,3.2944633960723877
14977,-3.1698496341705322,2.01295804977417
14978,-4.354058742523193,1.6382931470870972
14979,1.3337104320526123,-6.223178386688232
14980,-1.8888531923294067,-2.464660882949829
14981,2.263131856918335,-1.0037829875946045
14982,14.2905855178833,-0.03893468528985977
14983,8.917912483215332,7.647230625152588
14984,5.317613124847412,15.423542976379395
14985,10.665919303894043,8.806485176086426
14986,-5.168697834014893,-8.953585624694824
14987,-5.516251087188721,-1.8723056316375732
14988,0.8801692128181458,-0.3063543736934662
14989,0.8045681715011597,4.698163032531738
14990,-0.24265344440937042,2.9178640842437744
14991,-2.555880308151245,-4.095704078674316
14992,10.977461814880371,-4.390514373779297
14993,3.7580513954162598,10.986330032348633
14994,-4.104996681213379,2.12532639503479
14995,0.8227652311325073,0.6006627678871155
14996,0.015506908297538757,-3.9227449893951416
14997,2.7303524017333984,-8.19249153137207
14998,1.37037992477417,8.30998420715332
14999,13.465615272521973,-4.154339790344238
15000,0.8970391154289246,0.3284889757633209
15001,5.695883750915527,5.044973850250244
15002,21.18416976928711,9.018074989318848
15003,-15.19411849975586,-7.324564456939697
15004,-1.1459565162658691,-3.623075485229492
15005,2.7294094562530518,-1.2218575477600098
15006,4.551395893096924,-9.204933166503906
15007,0.27604836225509644,4.347234725952148
15008,8.409324645996094,-14.705305099487305
15009,-13.075176239013672,-11.645410537719727
15010,-0.420942485332489,4.375258922576904
15011,-2.486672878265381,-1.3738281726837158
15012,1.2650418281555176,3.547039747238159
15013,6.875137805938721,-10.618331909179688
15014,5.971222877502441,-2.5891313552856445
15015,-2.796555757522583,-0.6916704177856445
15016,1.4706432819366455,2.538499593734741
15017,2.4384875297546387,-10.20790958404541
15018,-0.3327035903930664,4.564603805541992
15019,7.212364673614502,-3.002978563308716
15020,-0.6089836955070496,2.7793731689453125
15021,0.5433104038238525,4.693565368652344
15022,-5.042717933654785,-6.484915256500244
15023,-12.0487699508667,-11.651642799377441
15024,-1.6918060779571533,-1.446185827255249
15025,-1.8244545459747314,-0.07149148732423782
15026,-1.3403092622756958,-2.21948504447937
15027,-2.044062852859497,-7.899044990539551
15028,4.804016590118408,-4.529763221740723
15029,20.646648406982422,4.57728910446167
15030,18.816598892211914,6.826904296875
15031,-8.536699295043945,-11.98192310333252
15032,7.038657188415527,3.543093204498291
15033,-3.0162394046783447,-1.1143691539764404
15034,10.515266418457031,1.8910260200500488
15035,-0.01066751778125763,0.46949493885040283
15036,-2.60971736907959,-3.943812608718872
15037,3.7793526649475098,9.00947380065918
15038,5.635608196258545,-9.62992000579834
15039,-0.2771906852722168,1.6005408763885498
15040,-3.1315252780914307,-1.9874558448791504
15041,6.166026592254639,-0.5090018510818481
15042,-0.09451310336589813,2.6983869075775146
15043,-1.3844192028045654,1.8547747135162354
15044,-2.214810371398926,-14.171770095825195
15045,5.864498615264893,1.1243999004364014
15046,4.95160436630249,-2.7326648235321045
15047,2.2164306640625,-4.336337089538574
15048,3.1310458183288574,-0.5232846140861511
15049,-1.25443696975708,-3.9107367992401123
15050,4.796153545379639,1.9228986501693726
15051,23.09285545349121,5.087437629699707
15052,3.2010657787323,6.66789436340332
15053,-9.147364616394043,-7.378468036651611
15054,0.34817975759506226,4.19776725769043
15055,5.344984531402588,2.6840877532958984
15056,1.1202436685562134,-5.016322135925293
15057,23.70688819885254,11.977585792541504
15058,5.626539707183838,1.2032443284988403
15059,5.537482738494873,0.708886444568634
15060,7.964492321014404,0.7484966516494751
15061,4.532573699951172,8.661494255065918
15062,1.2299658060073853,0.6790713667869568
15063,0.26515698432922363,0.5169531106948853
15064,21.422775268554688,4.046361923217773
15065,0.9619969725608826,0.34605666995048523
15066,6.978682994842529,9.348660469055176
15067,11.482160568237305,1.2075809240341187
15068,4.064126014709473,12.120033264160156
15069,4.899263381958008,-8.214890480041504
15070,-1.6881282329559326,-20.540233612060547
15071,1.3922443389892578,4.13024377822876
15072,21.096872329711914,10.250105857849121
15073,-3.4966025352478027,-4.502399921417236
15074,3.869961977005005,3.922713041305542
15075,1.0934088230133057,-3.0223400592803955
15076,3.453805685043335,8.00964069366455
15077,-2.217869997024536,4.790991306304932
15078,-5.3102030754089355,-7.423394203186035
15079,-8.536882400512695,-8.35490894317627
15080,-3.2856335639953613,0.6296910643577576
15081,1.7560443878173828,1.2067577838897705
15082,-0.9527576565742493,-3.330561876296997
15083,-0.21811158955097198,4.15158748626709
15084,-4.207679748535156,-6.919099807739258
15085,4.787456512451172,1.087813138961792
15086,11.25447940826416,4.973759651184082
15087,-17.569019317626953,-14.855030059814453
15088,11.554910659790039,9.768200874328613
15089,1.1683471202850342,4.542788505554199
15090,0.7047557234764099,-0.34172284603118896
15091,2.9667868614196777,-1.353295922279358
15092,-0.057076528668403625,0.25230473279953003
15093,-3.6806728839874268,-3.5193333625793457
15094,6.949397087097168,3.120603322982788
15095,7.464088439941406,-3.5761427879333496
15096,1.5608751773834229,-3.907036066055298
15097,8.021586418151855,6.00324821472168
15098,-0.43146324157714844,-4.0720086097717285
15099,13.875134468078613,10.3308687210083
15100,-0.4059460759162903,-13.247450828552246
15101,4.371407985687256,-2.6919820308685303
15102,12.572138786315918,9.837052345275879
15103,20.405567169189453,9.077302932739258
15104,-0.7191517353057861,-2.413344144821167
15105,15.319476127624512,4.9809441566467285
15106,5.223610877990723,-3.7454335689544678
15107,2.2318708896636963,9.55383586883545
15108,18.12946319580078,1.2447969913482666
15109,-4.279032230377197,1.2236884832382202
15110,-0.2491842657327652,7.108065605163574
15111,-0.6195859313011169,-13.297505378723145
15112,-4.2501044273376465,-19.576194763183594
15113,-2.0680036544799805,-6.955676555633545
15114,10.053812026977539,-2.004932165145874
15115,-2.6334073543548584,-1.184863805770874
15116,21.02794647216797,1.5534306764602661
15117,-1.5880446434020996,1.09977388381958
15118,12.678897857666016,-1.8152565956115723
15119,10.319636344909668,0.5068569183349609
15120,1.179680585861206,9.865906715393066
15121,-1.0333374738693237,-1.907932996749878
15122,2.569131374359131,7.5065202713012695
15123,5.570997714996338,7.566155910491943
15124,4.709570407867432,14.690743446350098
15125,7.655811786651611,-3.876849889755249
15126,-9.586762428283691,-7.3585944175720215
15127,-3.0197534561157227,0.8906484842300415
15128,1.386215090751648,-0.916435956954956
15129,1.0046738386154175,2.28489351272583
15130,-5.627567291259766,2.6014721393585205
15131,8.596273422241211,-1.6339588165283203
15132,1.643627643585205,5.219637870788574
15133,-1.9711366891860962,-0.607500433921814
15134,11.522345542907715,-6.279932022094727
15135,3.765962839126587,3.9974818229675293
15136,2.042631149291992,-6.050298690795898
15137,-3.0053858757019043,-1.4499015808105469
15138,1.9952869415283203,-4.891974449157715
15139,-2.0374763011932373,-0.25362420082092285
15140,1.8405790328979492,-1.6554913520812988
15141,-10.11925220489502,-6.423120498657227
15142,3.8254950046539307,-1.0877903699874878
15143,0.22921131551265717,3.526397943496704
15144,-0.6153129935264587,1.5468412637710571
15145,-2.5077364444732666,1.1374826431274414
15146,-0.1855485737323761,0.8369733691215515
15147,-11.92670726776123,-6.392239570617676
15148,-0.8546603322029114,-1.6574536561965942
15149,10.138248443603516,2.706296682357788
15150,-2.725273847579956,-1.5315604209899902
15151,2.0451018810272217,-14.056096076965332
15152,-4.672354698181152,-1.4082423448562622
15153,4.5407586097717285,6.203760623931885
15154,-0.4933199882507324,4.830862045288086
15155,-2.4876904487609863,-4.280030727386475
15156,-1.2009007930755615,0.5619961619377136
15157,-2.4138522148132324,1.3929476737976074
15158,-9.309306144714355,-3.840855360031128
15159,-3.7978708744049072,-16.96288299560547
15160,-3.963681936264038,-2.9181718826293945
15161,-9.412703514099121,-8.113598823547363
15162,2.782341241836548,0.16852547228336334
15163,10.486364364624023,-6.349571704864502
15164,3.7846109867095947,6.690541744232178
15165,8.438475608825684,4.156832695007324
15166,2.7264678478240967,4.993253707885742
15167,15.452289581298828,9.196990013122559
15168,-2.639394998550415,-10.380696296691895
15169,1.3423798084259033,9.630938529968262
15170,10.885177612304688,-1.1368643045425415
15171,1.325681209564209,-2.171231508255005
15172,10.848065376281738,2.541809320449829
15173,7.317951679229736,5.605752944946289
15174,-5.796457767486572,-5.361674785614014
15175,-6.387602806091309,-4.803308486938477
15176,5.486279010772705,-0.6825624704360962
15177,7.210285663604736,-3.8541858196258545
15178,-3.274463176727295,-1.1327871084213257
15179,-0.3443603217601776,-2.778033494949341
15180,-2.026655673980713,-6.554594993591309
15181,0.3589770197868347,3.8033790588378906
15182,0.37919706106185913,-1.7336586713790894
15183,-10.581043243408203,-12.049060821533203
15184,3.5488507747650146,3.3940846920013428
15185,1.5871875286102295,0.5522107481956482
15186,7.228061199188232,-2.2613017559051514
15187,-0.7190815806388855,-0.10206905752420425
15188,10.75830364227295,5.476287364959717
15189,6.682340145111084,10.104860305786133
15190,-2.8280937671661377,-4.7202253341674805
15191,11.53984546661377,-0.9678794145584106
15192,-2.271888256072998,-1.4290862083435059
15193,0.29326295852661133,4.732234001159668
15194,8.547694206237793,-5.469456672668457
15195,1.6993190050125122,-1.24420964717865
15196,-1.0881482362747192,0.9582237005233765
15197,6.000978469848633,4.976414203643799
15198,-1.5531256198883057,-0.716529130935669
15199,-14.611166954040527,-12.719823837280273
15200,-1.0594067573547363,0.08176732808351517
15201,-6.48167085647583,-6.501940727233887
15202,-2.232555866241455,-0.3167281448841095
15203,3.6257407665252686,8.048999786376953
15204,3.652677297592163,-21.608402252197266
15205,6.827245712280273,1.3968786001205444
15206,2.813734292984009,5.06965970993042
15207,-6.649478912353516,-6.08051061630249
15208,10.505672454833984,-5.090781211853027
15209,-4.868144989013672,2.7464895248413086
15210,1.702077865600586,2.481682538986206
15211,9.177145957946777,-1.3610200881958008
15212,3.61675763130188,6.899264335632324
15213,-1.514444351196289,0.006531797349452972
15214,4.208193778991699,-4.169618129730225
15215,-9.685952186584473,-14.085159301757812
15216,-0.16494226455688477,-0.15714341402053833
15217,20.283349990844727,5.148759841918945
15218,-0.1957464963197708,2.2215235233306885
15219,15.74455738067627,-2.8739101886749268
15220,2.5366015434265137,1.1711366176605225
15221,-3.1144330501556396,3.496060848236084
15222,15.799528121948242,-2.8837807178497314
15223,19.029888153076172,-2.2314929962158203
15224,12.606258392333984,1.314396619796753
15225,-0.14291976392269135,2.416330575942993
15226,7.977741718292236,-4.039380073547363
15227,2.3422489166259766,-6.943602561950684
15228,6.273930072784424,6.868476867675781
15229,4.365597248077393,3.2821037769317627
15230,-4.4158430099487305,-22.26734161376953
15231,8.347315788269043,2.2031548023223877
15232,18.566389083862305,4.705039978027344
15233,1.4613876342773438,-1.9039223194122314
15234,-8.856687545776367,-1.760225772857666
15235,-2.3870160579681396,-1.193024754524231
15236,2.0382931232452393,-0.21313133835792542
15237,-13.530318260192871,-22.5621337890625
15238,18.746368408203125,5.04072904586792
15239,1.6489005088806152,2.977348804473877
15240,-0.38015949726104736,-0.2291645109653473
15241,0.6157940626144409,5.877829551696777
15242,0.7771005630493164,-4.747159957885742
15243,-0.23606735467910767,0.8091092705726624
15244,21.557573318481445,9.190545082092285
15245,4.916874408721924,5.159146308898926
15246,4.359354019165039,-2.449659824371338
15247,1.8130784034729004,6.532242774963379
15248,5.268441677093506,13.297513961791992
15249,4.420819282531738,9.210745811462402
15250,6.465559482574463,8.175679206848145
15251,-2.4966723918914795,2.059087038040161
15252,-12.743887901306152,-8.775933265686035
15253,-0.6474002599716187,0.30369505286216736
15254,-14.486977577209473,-12.735623359680176
15255,3.77054762840271,8.644750595092773
15256,-8.281804084777832,-7.336606502532959
15257,-6.1341776847839355,-3.871856212615967
15258,10.971586227416992,-4.565859794616699
15259,3.296091318130493,2.10225772857666
15260,1.1741864681243896,-1.2783982753753662
15261,-1.5415723323822021,1.7911531925201416
15262,5.053397178649902,0.6275583505630493
15263,-5.788077354431152,-2.455213785171509
15264,6.974502086639404,-4.128698825836182
15265,4.694925308227539,-4.525050640106201
15266,-0.4747276306152344,0.713628351688385
15267,-2.571613073348999,-1.1985688209533691
15268,12.43325138092041,2.084928274154663
15269,-8.184720039367676,-14.825434684753418
15270,3.2249937057495117,7.373085021972656
15271,-3.8414618968963623,-5.974385738372803
15272,19.717899322509766,10.065372467041016
15273,8.883718490600586,5.455464839935303
15274,-7.8708319664001465,-11.443036079406738
15275,6.562973976135254,0.040708087384700775
15276,-15.206990242004395,-10.915748596191406
15277,-3.7130653858184814,-6.502866268157959
15278,2.8618242740631104,3.7909207344055176
15279,8.939599990844727,-6.117008209228516
15280,-7.470138072967529,4.7239089012146
15281,-14.85936164855957,-11.765408515930176
15282,3.8490898609161377,2.289738416671753
15283,22.35327911376953,3.098893642425537
15284,1.7201857566833496,-0.35048505663871765
15285,-3.166069507598877,-11.300440788269043
15286,4.64395809173584,-7.750597953796387
15287,4.65174674987793,-7.369863510131836
15288,-1.8377554416656494,-2.1190762519836426
15289,-6.142543315887451,-3.5511136054992676
15290,5.624730587005615,7.511626243591309
15291,15.471953392028809,9.77047061920166
15292,-2.0042309761047363,0.029145099222660065
15293,5.182098865509033,8.02578067779541
15294,-3.9414126873016357,0.9708318710327148
15295,5.986577987670898,6.087122917175293
15296,5.321741580963135,6.618916034698486
15297,-0.07009167969226837,2.8369510173797607
15298,3.369417428970337,4.793015956878662
15299,-10.598845481872559,-13.765952110290527
15300,5.377816677093506,9.36190128326416
15301,-4.074913024902344,1.876354694366455
15302,7.527507305145264,6.2486114501953125
15303,-7.001580715179443,-3.783907413482666
15304,2.8782827854156494,11.66344928741455
15305,16.28451919555664,10.475997924804688
15306,3.807236909866333,8.499823570251465
15307,9.026461601257324,8.540465354919434
15308,-4.312475204467773,-13.51440143585205
15309,2.14176344871521,9.508970260620117
15310,5.068740367889404,-8.449984550476074
15311,-1.7311608791351318,-2.084843873977661
15312,-1.6251957416534424,0.8596580028533936
15313,-2.473860263824463,-7.261745929718018
15314,7.199251174926758,6.523093223571777
15315,0.17116044461727142,-2.4925167560577393
15316,17.700210571289062,2.6092915534973145
15317,0.19980590045452118,3.9410412311553955
15318,-7.288867473602295,-22.682937622070312
15319,2.6679582595825195,1.2807729244232178
15320,0.0019119679927825928,-0.21493712067604065
15321,-12.611700057983398,-10.610518455505371
15322,6.187501430511475,1.1533300876617432
15323,-3.1246917247772217,2.0690231323242188
15324,0.8778679966926575,0.032837532460689545
15325,-6.820713043212891,-3.8511202335357666
15326,-0.6397000551223755,-2.547053813934326
15327,17.235889434814453,-5.837584018707275
15328,3.4234445095062256,12.653141975402832
15329,0.6819631457328796,-2.8379886150360107
15330,3.3312344551086426,6.69849967956543
15331,5.267643451690674,15.069258689880371
15332,-0.36436325311660767,0.49340584874153137
15333,8.623080253601074,-12.615159034729004
15334,-0.9701730608940125,-1.0836548805236816
15335,11.103494644165039,3.1681935787200928
15336,1.9017984867095947,-4.999532699584961
15337,-2.123908519744873,6.1197710037231445
15338,-15.432379722595215,-12.047830581665039
15339,-7.658157825469971,-5.237398624420166
15340,10.70844554901123,1.851413369178772
15341,-1.6270899772644043,-2.27770733833313
15342,12.356689453125,3.71146559715271
15343,4.938252925872803,-2.6748287677764893
15344,7.438333988189697,2.7507503032684326
15345,3.116668462753296,8.795727729797363
15346,-5.730040550231934,-9.956872940063477
15347,4.270270824432373,0.9193747043609619
15348,2.964021921157837,-2.0017483234405518
15349,-2.388340473175049,-8.358477592468262
15350,-7.6995625495910645,-6.462327480316162
15351,3.1450045108795166,0.1850530505180359
15352,0.9781271815299988,8.227869033813477
15353,2.189317226409912,1.218437671661377
15354,-8.471319198608398,-4.570694923400879
15355,22.352684020996094,3.8683061599731445
15356,-10.65344524383545,-8.460251808166504
15357,4.546299457550049,-9.287582397460938
15358,12.94719409942627,2.5876874923706055
15359,8.885577201843262,-2.002833366394043
15360,20.26374626159668,1.486191749572754
15361,6.098878860473633,5.2317304611206055
15362,0.9890760779380798,-3.0221669673919678
15363,3.4965057373046875,3.794978380203247
15364,10.956765174865723,-4.044668674468994
15365,1.9224560260772705,10.068370819091797
15366,23.63425636291504,11.166038513183594
15367,12.596150398254395,5.388425827026367
15368,7.970260143280029,7.270298957824707
15369,-0.11117188632488251,2.8359692096710205
15370,15.06404972076416,3.220367670059204
15371,-2.8891448974609375,2.0322892665863037
15372,-0.8929474949836731,3.5650956630706787
15373,-10.305000305175781,-3.6121151447296143
15374,3.571460008621216,6.52358865737915
15375,0.6251862645149231,-3.743727684020996
15376,17.852067947387695,10.01201343536377
15377,17.9459285736084,8.348194122314453
15378,-2.7073707580566406,-1.224363088607788
15379,2.9674911499023438,9.996085166931152
15380,18.317203521728516,0.933539092540741
15381,-1.3750920295715332,-1.6184427738189697
15382,-1.4593024253845215,4.649556636810303
15383,-4.692157745361328,-3.6879489421844482
15384,3.9931118488311768,4.846312522888184
15385,0.20734809339046478,0.5500238537788391
15386,5.946838855743408,1.2773545980453491
15387,-4.575567245483398,-8.477208137512207
15388,20.820037841796875,5.655383110046387
15389,5.008755207061768,2.408949136734009
15390,-7.049245834350586,-6.663872718811035
15391,0.9091575741767883,-0.4041512906551361
15392,-1.8257310390472412,-1.727858543395996
15393,8.822463989257812,3.2821924686431885
15394,12.83606243133545,9.926443099975586
15395,15.28188419342041,11.04570198059082
15396,17.156518936157227,9.134283065795898
15397,1.9527239799499512,-2.5292961597442627
15398,3.543523073196411,5.082731246948242
15399,3.947272539138794,5.868169784545898
15400,2.1741113662719727,3.7425458431243896
15401,-4.400068759918213,-8.318902015686035
15402,-1.1152942180633545,0.19127783179283142
15403,-0.038738325238227844,-3.725745916366577
15404,3.7713382244110107,0.7017618417739868
15405,0.5880147814750671,-0.16760388016700745
15406,-0.1988750845193863,-1.4765979051589966
15407,-2.044037342071533,-5.9903764724731445
15408,11.788973808288574,2.0780842304229736
15409,7.313450813293457,11.514328956604004
15410,-7.8701276779174805,-9.273924827575684
15411,-1.0462193489074707,-0.7497164607048035
15412,3.3479015827178955,4.912875652313232
15413,1.5267635583877563,6.211118698120117
15414,-0.32220757007598877,-0.15836364030838013
15415,-1.022352933883667,4.402098655700684
15416,2.4509871006011963,-6.404889106750488
15417,8.348353385925293,-6.386198997497559
15418,-3.6715338230133057,-3.525817632675171
15419,1.5614147186279297,-6.971685409545898
15420,7.123627185821533,5.485711097717285
15421,0.967551052570343,2.802520275115967
15422,2.7250611782073975,3.9744861125946045
15423,-3.402869701385498,-0.953850269317627
15424,6.335719585418701,-9.641990661621094
15425,-0.9290634393692017,-6.757676124572754
15426,1.6400177478790283,-0.2184934914112091
15427,9.614757537841797,1.392560362815857
15428,17.358736038208008,0.0760662779211998
15429,0.35169655084609985,0.4894319474697113
15430,15.356470108032227,-2.707850217819214
15431,2.017484664916992,4.343677997589111
15432,-2.4704396724700928,3.79667592048645
15433,-7.858890056610107,-22.57622528076172
15434,-3.966602087020874,-2.4453608989715576
15435,7.720060348510742,-11.136240005493164
15436,-13.533795356750488,-13.293312072753906
15437,4.120120048522949,-0.029575802385807037
15438,0.16522960364818573,3.6659433841705322
15439,4.100439548492432,1.9889211654663086
15440,-4.9645304679870605,-2.135932207107544
15441,7.926344394683838,4.576021194458008
15442,-0.2923028767108917,0.17389652132987976
15443,3.7749054431915283,0.8204747438430786
15444,3.7307240962982178,0.7290226221084595
15445,8.84142780303955,1.9886929988861084
15446,-2.571927785873413,-1.0565413236618042
15447,2.786958932876587,-0.5160784721374512
15448,-4.2164106369018555,-1.6150847673416138
15449,0.17639504373073578,-7.4963507652282715
15450,20.67137908935547,-6.7912678718566895
15451,3.7271018028259277,8.583380699157715
15452,7.075311183929443,-1.2925798892974854
15453,-0.6288322806358337,4.92435359954834
15454,4.067404747009277,8.001065254211426
15455,-3.0970215797424316,4.1016669273376465
15456,9.890795707702637,9.073599815368652
15457,9.058917045593262,7.023877143859863
15458,15.5262451171875,-1.7885031700134277
15459,13.815486907958984,0.8516380786895752
15460,9.490561485290527,2.9625160694122314
15461,-5.0004096031188965,-6.064441204071045
15462,4.478837013244629,10.353323936462402
15463,10.995285034179688,-0.018943406641483307
15464,-1.2901499271392822,-1.677646279335022
15465,-2.5072500705718994,0.6535319089889526
15466,-5.468085289001465,4.490476608276367
15467,2.3216192722320557,7.49449348449707
15468,6.2008056640625,1.643117904663086
15469,-2.1910159587860107,-12.766365051269531
15470,3.7746500968933105,8.206246376037598
15471,3.5683181285858154,3.6482293605804443
15472,14.744449615478516,4.515816688537598
15473,1.6928534507751465,9.460816383361816
15474,18.366722106933594,8.146310806274414
15475,5.76107931137085,4.985908031463623
15476,1.6726505756378174,-1.9739038944244385
15477,11.262045860290527,6.953892230987549
15478,9.840276718139648,0.9562041759490967
15479,13.900090217590332,8.813302040100098
15480,7.534111499786377,-3.917341470718384
15481,0.29161471128463745,5.162728309631348
15482,2.4984989166259766,0.23884576559066772
15483,3.5411980152130127,-8.5783109664917
15484,2.759944200515747,-0.5895494222640991
15485,-17.94123077392578,-14.68459701538086
15486,7.780375957489014,-3.2613630294799805
15487,2.3999171257019043,0.08496055752038956
15488,-7.17978048324585,-6.6245436668396
15489,2.543339729309082,-3.4083099365234375
15490,10.723806381225586,3.545494794845581
15491,1.4103341102600098,-0.5063786506652832
15492,-19.38768768310547,-13.93354320526123
15493,5.00405740737915,4.513933181762695
15494,-2.325977087020874,-3.0407233238220215
15495,4.05429220199585,6.375674247741699
15496,3.8758299350738525,7.882591247558594
15497,4.433559894561768,0.38833072781562805
15498,-0.11691184341907501,3.087498903274536
15499,-2.4871280193328857,-10.795161247253418
15500,-0.7579881548881531,5.957354545593262
15501,-16.417953491210938,-12.704743385314941
15502,-6.005390644073486,-10.352839469909668
15503,4.256699085235596,-2.306757926940918
15504,0.05551670491695404,3.6406400203704834
15505,2.858903169631958,-3.430220127105713
15506,9.131735801696777,7.794653415679932
15507,0.7703632712364197,3.197467565536499
15508,-1.7091155052185059,2.622584581375122
15509,0.8492913842201233,5.950735092163086
15510,-3.0544159412384033,1.5096677541732788
15511,0.22852222621440887,8.71414852142334
15512,-14.223906517028809,-9.765710830688477
15513,0.34406912326812744,-2.8001599311828613
15514,2.3527846336364746,0.1395624727010727
15515,6.9461565017700195,2.3784172534942627
15516,2.0948002338409424,3.0585010051727295
15517,10.468188285827637,9.074402809143066
15518,4.261288166046143,-2.054084300994873
15519,-2.6631076335906982,-18.699722290039062
15520,-1.6819326877593994,6.682883262634277
15521,0.5961949229240417,6.303323745727539
15522,0.5634158253669739,-6.8630852699279785
15523,16.35995864868164,5.703557014465332
15524,-7.311594486236572,-21.959720611572266
15525,-0.11255998909473419,-8.310018539428711
15526,-8.575278282165527,-2.359161853790283
15527,-8.139184951782227,-5.534053802490234
15528,1.1436760425567627,0.37045806646347046
15529,7.789022445678711,-3.6984071731567383
15530,2.5896759033203125,-5.453901767730713
15531,2.486546754837036,4.368677139282227
15532,-4.826209545135498,3.0882928371429443
15533,5.799850940704346,13.651871681213379
15534,-5.828947067260742,-11.201159477233887
15535,9.542756080627441,6.436970233917236
15536,2.5620291233062744,6.84913444519043
15537,6.656787395477295,5.78752326965332
15538,-2.500717878341675,-2.3396971225738525
15539,0.8704367280006409,-0.9247118234634399
15540,-5.630490303039551,-2.2702784538269043
15541,3.562093496322632,8.822772979736328
15542,0.3757026195526123,1.5017061233520508
15543,-4.921241283416748,-5.543281555175781
15544,-5.371766090393066,2.9398093223571777
15545,-4.755557537078857,-2.5671536922454834
15546,5.825809001922607,10.4811372756958
15547,-2.196016788482666,-4.049183368682861
15548,2.68721604347229,-5.041790962219238
15549,1.089694857597351,-3.36387038230896
15550,9.204901695251465,-9.872092247009277
15551,18.125791549682617,2.455735445022583
15552,-5.282411575317383,-20.874727249145508
15553,3.0938706398010254,2.301713466644287
15554,4.479419231414795,14.11672306060791
15555,5.2123637199401855,11.628216743469238
15556,-3.1002206802368164,2.8351986408233643
15557,0.710751473903656,1.6571671962738037
15558,21.131410598754883,9.929398536682129
15559,2.7020413875579834,4.858176231384277
15560,4.198209762573242,3.6424505710601807
15561,1.4281368255615234,-2.5565969944000244
15562,6.441666126251221,0.06365817040205002
15563,2.8906004428863525,4.61545991897583
15564,0.4309232831001282,-3.645643949508667
15565,-2.280836820602417,-1.1781069040298462
15566,10.692931175231934,2.7479135990142822
15567,-0.5805537104606628,0.8607361912727356
15568,7.2519612312316895,2.4816486835479736
15569,18.549896240234375,4.124026298522949
15570,1.1502788066864014,-0.7843411564826965
15571,1.2104249000549316,4.296264171600342
15572,17.67521095275879,3.7726473808288574
15573,2.2441670894622803,1.0110132694244385
15574,8.67735481262207,-1.4121601581573486
15575,0.7757071256637573,0.15891776978969574
15576,7.9394659996032715,-6.3228864669799805
15577,4.132436752319336,0.9175898432731628
15578,0.985150158405304,9.052054405212402
15579,-8.67987060546875,-22.574548721313477
15580,12.240889549255371,1.19475257396698
15581,5.401187419891357,-3.5227444171905518
15582,19.966278076171875,7.785200119018555
15583,16.819316864013672,9.417486190795898
15584,5.170985698699951,4.2632293701171875
15585,-2.312553882598877,-2.2522799968719482
15586,-1.6988369226455688,8.170918464660645
15587,11.419440269470215,8.917512893676758
15588,6.879370212554932,1.5288463830947876
15589,-5.843851089477539,-5.682035446166992
15590,2.5159385204315186,-1.169344425201416
15591,18.7960205078125,10.226897239685059
15592,1.9763734340667725,8.771029472351074
15593,-4.372518539428711,-1.3920698165893555
15594,-12.629572868347168,-4.375932216644287
15595,-2.7965188026428223,0.21831724047660828
15596,1.4265587329864502,3.153470754623413
15597,-9.82895565032959,-9.2119779586792
15598,2.3146724700927734,4.985956192016602
15599,-2.44850754737854,-1.4730162620544434
15600,16.485502243041992,-1.0356078147888184
15601,7.436614513397217,-4.015769958496094
15602,-0.2273547202348709,-1.2428010702133179
15603,0.9545698761940002,-2.6704986095428467
15604,-1.800325870513916,-2.252495527267456
15605,9.44282054901123,-0.309438556432724
15606,11.143387794494629,7.581698417663574
15607,-2.9195587635040283,-2.1319994926452637
15608,4.279384613037109,-0.811002254486084
15609,19.540653228759766,10.498787879943848
15610,2.45786452293396,8.857209205627441
15611,2.982511043548584,7.672971248626709
15612,-0.9955902695655823,-1.379206657409668
15613,-0.7369738817214966,-1.8336522579193115
15614,-0.36994796991348267,8.845114707946777
15615,-2.0759994983673096,0.26516193151474
15616,8.149097442626953,-5.352917671203613
15617,8.148202896118164,-5.155517578125
15618,-14.916203498840332,-10.671679496765137
15619,14.456655502319336,-3.380244016647339
15620,-0.021265745162963867,0.5678932070732117
15621,1.5411745309829712,4.829683780670166
15622,13.928555488586426,9.236806869506836
15623,2.3280961513519287,-4.235610485076904
15624,18.624298095703125,-0.41677746176719666
15625,-5.417876720428467,-3.66601824760437
15626,3.7416598796844482,4.327516555786133
15627,10.009278297424316,8.25090503692627
15628,14.251469612121582,4.308383941650391
15629,-4.176094055175781,-0.9274941682815552
15630,-0.16653023660182953,2.9122886657714844
15631,-1.7812843322753906,4.571928977966309
15632,-0.7871872782707214,0.9834092855453491
15633,0.7507173418998718,3.512972593307495
15634,-6.697197437286377,-7.054836273193359
15635,12.036338806152344,0.731652021408081
15636,-4.32675838470459,-4.587091445922852
15637,-1.6689982414245605,8.66218090057373
15638,2.0322811603546143,-1.162259817123413
15639,-0.8344034552574158,0.9881268739700317
15640,-9.68368911743164,-14.04661750793457
15641,13.720067977905273,4.92803430557251
15642,-12.732110977172852,-4.446643352508545
15643,4.708700180053711,-2.3169846534729004
15644,7.644239902496338,1.2318086624145508
15645,-9.006499290466309,-7.671962738037109
15646,-0.905348002910614,-13.019700050354004
15647,1.3191721439361572,1.3046245574951172
15648,-13.517600059509277,-10.247126579284668
15649,3.725862979888916,8.51468563079834
15650,-1.8203024864196777,-11.329571723937988
15651,1.305748462677002,5.3514790534973145
15652,2.6385700702667236,-5.13509464263916
15653,3.0684287548065186,-0.08853710442781448
15654,-0.39765679836273193,-0.7229980230331421
15655,4.654927730560303,8.44398307800293
15656,-0.702509880065918,3.133134126663208
15657,-7.359307289123535,-7.454583168029785
15658,21.332304000854492,0.5658161640167236
15659,1.1594750881195068,9.255550384521484
15660,22.670339584350586,4.076967239379883
15661,-1.2464087009429932,0.07151926308870316
15662,6.136556625366211,5.565217018127441
15663,3.871323347091675,1.047737956047058
15664,-0.505538284778595,0.5161416530609131
15665,19.294404983520508,-1.481497049331665
15666,-2.030576705932617,-1.2314283847808838
15667,-6.068854808807373,-7.293617248535156
15668,-17.066774368286133,-10.512679100036621
15669,-2.9353487491607666,1.9816055297851562
15670,-6.476104259490967,-3.63724684715271
15671,-4.21396541595459,-4.267777442932129
15672,1.1150221824645996,0.6063057780265808
15673,1.3055129051208496,2.816660165786743
15674,-11.282508850097656,-7.347033500671387
15675,-2.2120208740234375,0.1640200912952423
15676,5.358880519866943,-0.007925964891910553
15677,1.3186529874801636,3.7108867168426514
15678,-0.6005951166152954,-2.0221736431121826
15679,-17.177934646606445,-14.198199272155762
15680,-4.998138427734375,-2.4405057430267334
15681,-0.5532765984535217,6.0742692947387695
15682,13.530810356140137,-5.5861430168151855
15683,-1.8454149961471558,7.905570030212402
15684,12.070798873901367,0.547791063785553
15685,3.943988084793091,5.051588535308838
15686,12.08857250213623,9.7258882522583
15687,3.7938356399536133,-2.175020933151245
15688,-1.9192899465560913,-0.3723294138908386
15689,-4.5890703201293945,2.421827793121338
15690,0.24991001188755035,0.5583906173706055
15691,-5.761772632598877,-5.383184909820557
15692,8.754101753234863,-3.572314739227295
15693,3.4760076999664307,-8.77280330657959
15694,-2.4529528617858887,-12.959343910217285
15695,-3.6398532390594482,-5.365650177001953
15696,1.9989144802093506,9.012505531311035
15697,-1.4768054485321045,1.390921950340271
15698,-3.991016387939453,2.1315791606903076
15699,-0.4696180820465088,0.9167414903640747
15700,2.9251530170440674,11.737061500549316
15701,0.037825509905815125,7.43382453918457
15702,6.05387020111084,5.115945816040039
15703,0.6398581862449646,-2.0417144298553467
15704,-9.513429641723633,5.0032548904418945
15705,2.5447332859039307,2.3944833278656006
15706,2.9418389797210693,3.3742988109588623
15707,-2.8717973232269287,-19.63284683227539
15708,1.8996891975402832,-6.017293930053711
15709,5.480276584625244,7.458125591278076
15710,-1.785921573638916,-1.34739089012146
15711,0.6287854313850403,8.577999114990234
15712,22.069286346435547,3.2687389850616455
15713,2.7334022521972656,2.045842409133911
15714,-2.1251978874206543,5.033196926116943
15715,1.1749520301818848,-0.0605737641453743
15716,-2.429456949234009,-2.6254289150238037
15717,3.023023843765259,3.1641294956207275
15718,-2.1650867462158203,-1.495806097984314
15719,12.04086971282959,7.5480828285217285
15720,0.6016654968261719,0.43109560012817383
15721,-4.431769847869873,3.1936724185943604
15722,-2.0402934551239014,-2.6627542972564697
15723,1.3018842935562134,8.797179222106934
15724,-3.533400297164917,-5.658796310424805
15725,1.2493915557861328,-3.3136463165283203
15726,4.057158946990967,5.267602443695068
15727,16.805007934570312,5.871811866760254
15728,-5.364825248718262,-1.851651668548584
15729,-3.6667213439941406,2.30118989944458
15730,3.4131546020507812,-0.6550350189208984
15731,-0.6311454176902771,0.9184269905090332
15732,10.33385181427002,2.793872833251953
15733,-5.135924339294434,-9.954068183898926
15734,1.6107760667800903,8.640693664550781
15735,6.282890796661377,-3.0795886516571045
15736,3.598248243331909,0.6750302314758301
15737,4.976569652557373,4.500974655151367
15738,4.602169036865234,1.0796165466308594
15739,11.908928871154785,-2.382805109024048
15740,-3.9012248516082764,-5.7159504890441895
15741,18.316165924072266,7.289763927459717
15742,-2.078402519226074,-8.14795207977295
15743,0.3789548873901367,-0.14065417647361755
15744,4.367066383361816,1.1877402067184448
15745,0.9282751679420471,-0.7795863151550293
15746,3.6290950775146484,-8.611977577209473
15747,-5.316262245178223,-8.679800033569336
15748,5.137538909912109,14.78664493560791
15749,1.5183266401290894,4.313455104827881
15750,0.3805188536643982,3.0085625648498535
15751,1.7613972425460815,6.202620983123779
15752,-7.114826679229736,-5.359033584594727
15753,3.8327043056488037,10.008683204650879
15754,3.7076358795166016,4.902458667755127
15755,-0.17814582586288452,-2.1977899074554443
15756,-2.7320656776428223,0.5964695811271667
15757,20.617292404174805,6.263763904571533
15758,19.033899307250977,8.19672679901123
15759,-2.2544333934783936,-2.52260422706604
15760,-0.3269181251525879,4.509632110595703
15761,0.18361921608448029,-4.050852298736572
15762,5.623950958251953,-1.2359524965286255
15763,1.603001356124878,2.0617635250091553
15764,3.015641689300537,0.44486674666404724
15765,22.13336753845215,8.910202980041504
15766,-6.850059986114502,-4.404244422912598
15767,2.992650032043457,5.783280849456787
15768,-12.93162727355957,-9.659098625183105
15769,6.905853271484375,-3.8442399501800537
15770,2.070976495742798,7.948125839233398
15771,-5.052802085876465,2.6458740234375
15772,2.5916476249694824,-9.252870559692383
15773,-5.961728572845459,-1.7615305185317993
15774,-5.617091655731201,-5.421605587005615
15775,3.783353567123413,6.069737911224365
15776,18.781063079833984,-0.7817964553833008
15777,-6.274369239807129,-3.9449284076690674
15778,21.39815902709961,6.527220726013184
15779,2.4583308696746826,-0.8607099652290344
15780,3.8810808658599854,-2.61832594871521
15781,-9.403682708740234,-7.999849319458008
15782,-3.6636669635772705,-1.3675053119659424
15783,4.453312397003174,14.014769554138184
15784,5.992886066436768,1.8930754661560059
15785,-0.5569953918457031,-0.10950847715139389
15786,-0.7114943265914917,3.553480863571167
15787,0.6315699219703674,0.5253856182098389
15788,5.113672256469727,10.129277229309082
15789,0.9638002514839172,8.835030555725098
15790,2.3590052127838135,-9.122357368469238
15791,-0.5261434316635132,-2.3029558658599854
15792,15.669293403625488,6.551409721374512
15793,7.3919243812561035,5.982450485229492
15794,-3.0594561100006104,-23.959396362304688
15795,11.363343238830566,0.6514397263526917
15796,16.68613624572754,2.4269955158233643
15797,3.8809564113616943,9.851067543029785
15798,-0.0963384360074997,0.7026517987251282
15799,-2.7013447284698486,-13.320113182067871
15800,10.835762977600098,6.690445899963379
15801,3.948103189468384,6.260080337524414
15802,6.2339396476745605,-3.661480188369751
15803,4.165711402893066,1.2123875617980957
15804,3.324603319168091,5.6378254890441895
15805,9.644495010375977,7.765559196472168
15806,1.4975900650024414,1.3498752117156982
15807,-1.187201738357544,-6.5375261306762695
15808,0.5464999079704285,-1.6478594541549683
15809,-1.6143596172332764,0.7772385478019714
15810,8.359271049499512,2.9005534648895264
15811,-1.4825103282928467,-4.352265357971191
15812,-10.485024452209473,-12.176386833190918
15813,-5.35516357421875,2.01033353805542
15814,-17.99066734313965,-11.843693733215332
15815,1.1132487058639526,-0.1374506950378418
15816,1.0274440050125122,5.575873851776123
15817,-8.570237159729004,-7.341987609863281
15818,4.362521648406982,4.919316291809082
15819,1.1237894296646118,-0.031114153563976288
15820,21.54484748840332,3.271209955215454
15821,-14.012431144714355,-11.54488754272461
15822,11.38476848602295,6.522571563720703
15823,-3.8226914405822754,-1.4496123790740967
15824,19.12568473815918,11.150313377380371
15825,20.575363159179688,3.3936190605163574
15826,3.639430284500122,1.7501195669174194
15827,-0.7665991187095642,1.3047252893447876
15828,0.515393078327179,1.2618203163146973
15829,2.8111374378204346,4.280770301818848
15830,4.741115093231201,6.258085250854492
15831,1.1753357648849487,-3.6941757202148438
15832,19.00602149963379,0.4177089035511017
15833,-11.228734970092773,-17.495718002319336
15834,3.4737536907196045,-1.6750457286834717
15835,5.040055751800537,2.0390663146972656
15836,-0.4002074599266052,0.3458695113658905
15837,-0.9024291634559631,-0.17212972044944763
15838,12.161425590515137,7.156928062438965
15839,13.008993148803711,5.866847991943359
15840,-3.337580442428589,-7.331892967224121
15841,-5.852875709533691,-10.289657592773438
15842,20.590612411499023,5.613681793212891
15843,3.5409014225006104,10.179533958435059
15844,-2.0614514350891113,-6.730878829956055
15845,3.8831703662872314,5.001601219177246
15846,14.054181098937988,4.520036697387695
15847,1.9466195106506348,3.489032745361328
15848,3.571230888366699,9.526509284973145
15849,5.206249713897705,6.320959091186523
15850,-2.994994640350342,-2.470219373703003
15851,3.266929864883423,5.40908670425415
15852,-4.32831335067749,-1.7810313701629639
15853,-6.803347110748291,-6.135931015014648
15854,4.265364170074463,5.188196659088135
15855,3.579231023788452,5.337161064147949
15856,-1.7604016065597534,-2.1761977672576904
15857,1.2230557203292847,4.3898606300354
15858,-0.2549876868724823,-2.704406261444092
15859,4.17838716506958,0.5088379979133606
15860,4.392945289611816,-2.5933825969696045
15861,-5.498600482940674,-9.353055000305176
15862,18.347248077392578,10.46981143951416
15863,1.6955116987228394,-6.542584419250488
15864,-11.177596092224121,-8.364015579223633
15865,2.0631465911865234,7.386493682861328
15866,-0.23599041998386383,-2.3245999813079834
15867,4.305761814117432,11.774337768554688
15868,-11.890069007873535,-11.038678169250488
15869,-0.7384671568870544,0.7027150392532349
15870,2.035754442214966,-0.07958696037530899
15871,17.66385841369629,0.4531342089176178
15872,-1.3486905097961426,-1.1353628635406494
15873,0.20342324674129486,5.680593967437744
15874,-8.079866409301758,-11.820939064025879
15875,2.126615524291992,-5.461478233337402
15876,-13.303101539611816,-24.03750228881836
15877,2.637186288833618,0.9393094182014465
15878,0.1790836900472641,-2.8513267040252686
15879,7.797634601593018,-3.0813486576080322
15880,-3.1752662658691406,-2.2660834789276123
15881,-3.0551064014434814,-1.6713474988937378
15882,0.6426201462745667,-2.8286116123199463
15883,3.439634084701538,4.38050651550293
15884,1.8734595775604248,0.9161838889122009
15885,3.5858137607574463,-10.071667671203613
15886,1.49294912815094,4.290134906768799
15887,-2.776721715927124,4.916633129119873
15888,-2.827641248703003,-1.693587064743042
15889,13.819327354431152,-5.114460468292236
15890,12.260499954223633,10.082401275634766
15891,-0.635882556438446,-8.42424488067627
15892,6.991710186004639,-3.288334846496582
15893,-0.8681372404098511,-7.427864074707031
15894,3.4433722496032715,3.54954195022583
15895,8.566113471984863,-5.447665214538574
15896,-2.8544185161590576,-7.3803391456604
15897,-10.124459266662598,-17.002302169799805
15898,4.543409824371338,-3.044218063354492
15899,3.1107394695281982,8.507608413696289
15900,21.44193458557129,10.779963493347168
15901,-1.4854793548583984,0.3532886207103729
15902,5.017088890075684,-2.074455738067627
15903,-1.6012555360794067,1.4400436878204346
15904,2.61765456199646,4.763492584228516
15905,-1.5531699657440186,0.8088005781173706
15906,3.2876663208007812,-2.8476288318634033
15907,1.878187894821167,1.0771194696426392
15908,2.6479685306549072,6.2614054679870605
15909,-5.34555721282959,-11.639154434204102
15910,0.8314144015312195,-2.6848342418670654
15911,-6.958306789398193,-6.555877685546875
15912,1.6437431573867798,-6.73826789855957
15913,21.183439254760742,10.751265525817871
15914,-2.546826124191284,-1.1814807653427124
15915,12.82624340057373,-4.21202278137207
15916,10.004963874816895,0.6981077194213867
15917,-3.495590925216675,-14.661897659301758
15918,1.2261897325515747,5.175583839416504
15919,1.1285946369171143,0.012768842279911041
15920,5.501335620880127,-1.9656429290771484
15921,2.206299066543579,7.2692179679870605
15922,2.6319735050201416,-0.7318786978721619
15923,3.9259259700775146,-2.3053834438323975
15924,-0.9537748694419861,-3.312030076980591
15925,10.808184623718262,-8.109204292297363
15926,10.181042671203613,5.3471879959106445
15927,9.673224449157715,8.220290184020996
15928,-0.7241564393043518,4.892648220062256
15929,5.1131062507629395,0.6833382844924927
15930,8.680008888244629,-12.63129711151123
15931,5.075494289398193,-2.9946072101593018
15932,2.2426018714904785,-5.345351696014404
15933,2.707132577896118,-5.263365745544434
15934,3.1400554180145264,0.8654865026473999
15935,-0.8712583184242249,1.3458850383758545
15936,-3.9895071983337402,2.136693000793457
15937,1.5738542079925537,3.4286673069000244
15938,-5.438776016235352,1.3535466194152832
15939,2.4357588291168213,5.0910234451293945
15940,10.803951263427734,5.45518159866333
15941,-0.773398756980896,-1.6787437200546265
15942,2.332343339920044,10.086848258972168
15943,-4.443360805511475,-11.155827522277832
15944,3.651761770248413,3.9446146488189697
15945,7.8732075691223145,0.9127506017684937
15946,0.057996585965156555,-0.3072258532047272
15947,-4.786306858062744,-17.809425354003906
15948,-18.53215789794922,-14.24771785736084
15949,5.347618579864502,4.743383884429932
15950,3.67726469039917,-1.9255945682525635
15951,3.688711404800415,-1.607686161994934
15952,13.939068794250488,10.273589134216309
15953,-0.17464430630207062,-0.02811495214700699
15954,9.704578399658203,5.885810852050781
15955,-13.124828338623047,-24.50851821899414
15956,4.183781147003174,6.665034770965576
15957,3.683915376663208,5.467909336090088
15958,0.41229116916656494,2.706733465194702
15959,16.888654708862305,1.5201054811477661
15960,-6.216763496398926,-5.22509765625
15961,0.15422900021076202,3.089348077774048
15962,1.450472354888916,-1.119055986404419
15963,21.94569206237793,9.27226734161377
15964,-1.7503266334533691,-13.772110939025879
15965,2.26971697807312,3.694898843765259
15966,1.2659375667572021,-3.53698468208313
15967,-1.717804193496704,0.9019762277603149
15968,4.569242000579834,-2.14666748046875
15969,1.3890767097473145,1.14907705783844
15970,-4.026813507080078,2.72091007232666
15971,7.387376308441162,0.4232529103755951
15972,3.7112843990325928,5.900941848754883
15973,0.26428794860839844,-3.268784761428833
15974,-0.19951756298542023,-0.6938000917434692
15975,8.454007148742676,3.8198254108428955
15976,2.139071226119995,10.409119606018066
15977,20.191946029663086,11.005071640014648
15978,0.7573962807655334,-0.1764383614063263
15979,-5.482542514801025,-5.63056755065918
15980,1.8480770587921143,4.464868545532227
15981,20.139263153076172,3.4151718616485596
15982,-0.3940497040748596,0.9926793575286865
15983,3.1767241954803467,3.507277011871338
15984,-4.461501598358154,1.0858474969863892
15985,-3.811183452606201,1.507958173751831
15986,0.02522939443588257,-0.5774551630020142
15987,-0.6642418503761292,2.4842474460601807
15988,-2.195183277130127,2.1891326904296875
15989,1.7637234926223755,-0.2600836455821991
15990,7.555944442749023,-11.308069229125977
15991,13.462723731994629,3.0750656127929688
15992,-9.201321601867676,-14.398571968078613
15993,18.18429946899414,-2.3934662342071533
15994,15.394485473632812,11.355379104614258
15995,-5.330136775970459,-2.3326728343963623
15996,-3.0951082706451416,-11.716256141662598
15997,2.268305540084839,7.45460319519043
15998,-11.111090660095215,-11.011033058166504
15999,2.392751455307007,-1.1111458539962769
16000,21.587570190429688,3.433415412902832
16001,3.730194330215454,-7.042746543884277
16002,-1.357765555381775,2.3220486640930176
16003,-8.858492851257324,-9.349692344665527
16004,-15.142659187316895,-14.46437931060791
16005,-0.6830238103866577,-2.3598618507385254
16006,6.468272686004639,-2.412212610244751
16007,-0.8855441212654114,5.096901893615723
16008,2.381547689437866,2.008812665939331
16009,-0.22578388452529907,0.48909857869148254
16010,0.8558927178382874,-0.4480533301830292
16011,4.780854225158691,3.870166063308716
16012,0.38694876432418823,5.359469413757324
16013,6.00359582901001,0.8989690542221069
16014,-9.509812355041504,-7.593842029571533
16015,14.199943542480469,1.4818637371063232
16016,4.229119777679443,5.833977699279785
16017,-1.443669080734253,7.111407279968262
16018,18.204261779785156,5.34335470199585
16019,-11.142149925231934,-11.20433235168457
16020,-0.9488964080810547,7.338649749755859
16021,9.308960914611816,4.524389266967773
16022,0.930337131023407,-0.4317188560962677
16023,0.8170461654663086,-0.9884209632873535
16024,7.481229782104492,4.203886985778809
16025,-5.876477241516113,-4.424267768859863
16026,0.17465321719646454,0.29026123881340027
16027,3.3805854320526123,2.1789052486419678
16028,6.145962715148926,4.915544509887695
16029,12.186114311218262,7.115009307861328
16030,0.1850416213274002,1.6815598011016846
16031,6.247058391571045,0.14333555102348328
16032,-2.5386006832122803,-1.6829715967178345
16033,0.550736129283905,-1.2832398414611816
16034,0.42632371187210083,0.41892504692077637
16035,-7.292627334594727,-9.213545799255371
16036,-8.125221252441406,-15.703225135803223
16037,3.573223114013672,-3.7295544147491455
16038,-3.586775064468384,-3.3012568950653076
16039,-6.145007610321045,3.2680013179779053
16040,15.44697380065918,-0.23949536681175232
16041,1.721750020980835,3.935138702392578
16042,-9.496687889099121,-8.122714042663574
16043,-1.8948982954025269,7.643080711364746
16044,3.1326427459716797,0.7624034881591797
16045,0.730182945728302,8.522736549377441
16046,-2.8509304523468018,-8.709607124328613
16047,-0.7063880562782288,5.158605575561523
16048,5.014711856842041,14.727702140808105
16049,-1.774207592010498,-2.5033934116363525
16050,6.056853771209717,6.77161979675293
16051,10.367966651916504,0.36048972606658936
16052,-2.3271124362945557,-7.472078323364258
16053,1.9401495456695557,4.4368720054626465
16054,3.0613739490509033,0.5947569012641907
16055,-3.000213384628296,-13.544475555419922
16056,-3.845160722732544,1.1356027126312256
16057,-3.4710500240325928,-6.763164520263672
16058,-0.7331838011741638,6.630332946777344
16059,-10.63040542602539,-5.298915386199951
16060,11.224897384643555,4.863333702087402
16061,-0.17707155644893646,0.38906556367874146
16062,1.4324917793273926,-4.454494476318359
16063,-1.776000738143921,-7.806789398193359
16064,6.060889720916748,-4.641735076904297
16065,14.50164794921875,-8.97867202758789
16066,0.8896803259849548,-3.0700185298919678
16067,2.5416839122772217,-1.404004693031311
16068,9.073232650756836,2.933892011642456
16069,-2.126131772994995,-6.793842315673828
16070,6.147807598114014,1.4121439456939697
16071,3.080735921859741,-1.3396525382995605
16072,-4.226404666900635,-7.150075912475586
16073,-0.2235151082277298,6.449529647827148
16074,0.3208734393119812,6.010406494140625
16075,-0.1608809381723404,3.2531185150146484
16076,-1.583712100982666,4.591259002685547
16077,0.7112855911254883,-2.611567974090576
16078,6.767219066619873,11.08958911895752
16079,7.956902027130127,0.8926817178726196
16080,3.21775484085083,6.254563808441162
16081,22.711055755615234,3.773965835571289
16082,12.49392318725586,-1.9820258617401123
16083,18.54401206970215,-0.7163450717926025
16084,4.2571635246276855,6.615187644958496
16085,1.936774492263794,-0.8624053597450256
16086,0.38868433237075806,3.4082062244415283
16087,2.824887990951538,-6.436515808105469
16088,3.0415596961975098,5.147722244262695
16089,21.197338104248047,7.885375499725342
16090,9.328136444091797,6.519983768463135
16091,3.735978841781616,0.30935201048851013
16092,2.774688959121704,2.368804693222046
16093,14.866683006286621,-2.6184821128845215
16094,20.799480438232422,5.988550662994385
16095,1.32888662815094,3.6669843196868896
16096,-0.04980696737766266,0.03506205230951309
16097,17.91775894165039,4.349267959594727
16098,6.205647945404053,3.0822701454162598
16099,15.360641479492188,10.158564567565918
16100,0.49640709161758423,-1.4107694625854492
16101,-8.975870132446289,-10.664162635803223
16102,4.649189472198486,0.3043382465839386
16103,19.583208084106445,7.278567314147949
16104,-1.1929278373718262,1.2064183950424194
16105,6.475496768951416,5.2925705909729
16106,0.4917641282081604,-0.09124533087015152
16107,2.083347797393799,1.0728461742401123
16108,13.160043716430664,-7.184771537780762
16109,-2.850393295288086,0.23073416948318481
16110,-7.683739185333252,-8.361397743225098
16111,0.8462356925010681,0.017627976834774017
16112,2.5280392169952393,8.128005981445312
16113,4.194450855255127,4.253896236419678
16114,-0.8179847002029419,5.238089561462402
16115,-6.910315036773682,-15.9484281539917
16116,2.9174916744232178,1.028288722038269
16117,-2.964662790298462,2.4642493724823
16118,2.1722514629364014,-1.9259581565856934
16119,0.21907095611095428,1.57194185256958
16120,7.4672112464904785,-3.170299768447876
16121,-6.71702241897583,-15.024870872497559
16122,-0.7905170917510986,1.1370697021484375
16123,12.530006408691406,-5.440103530883789
16124,10.188490867614746,-4.828869819641113
16125,-10.26235294342041,-6.199968338012695
16126,5.09178352355957,6.5840559005737305
16127,4.380603313446045,4.5950822830200195
16128,5.490881443023682,5.035093307495117
16129,0.6702914834022522,3.287715196609497
16130,19.286296844482422,9.382040977478027
16131,4.48250675201416,10.900181770324707
16132,3.805365800857544,-2.9859235286712646
16133,13.782182693481445,0.44260212779045105
16134,11.56605052947998,8.90291690826416
16135,11.443523406982422,2.3454627990722656
16136,6.943863391876221,0.46623340249061584
16137,6.384237289428711,1.4960654973983765
16138,21.358678817749023,3.396359443664551
16139,20.223831176757812,0.17709043622016907
16140,-2.388608694076538,-1.0479577779769897
16141,5.9142680168151855,-9.147847175598145
16142,19.261882781982422,3.416853427886963
16143,-14.596053123474121,-13.688986778259277
16144,-3.1715314388275146,-8.169447898864746
16145,-0.8320601582527161,0.6900681853294373
16146,7.492398738861084,-2.7236104011535645
16147,-7.256025791168213,-4.346390724182129
16148,13.528024673461914,4.213716983795166
16149,-4.190598011016846,2.2730960845947266
16150,13.354326248168945,-2.833911180496216
16151,-5.199369430541992,3.6175708770751953
16152,5.28203821182251,-10.27051830291748
16153,-6.397806644439697,-4.76723051071167
16154,-2.6152255535125732,-10.687398910522461
16155,0.6689638495445251,4.283122539520264
16156,3.0829646587371826,4.915063381195068
16157,6.814887046813965,6.082259178161621
16158,-0.07620979845523834,0.9645519256591797
16159,11.01760196685791,5.561270713806152
16160,0.5762109756469727,4.560323715209961
16161,5.386559009552002,-4.705648422241211
16162,3.4713408946990967,5.068700790405273
16163,7.514349460601807,0.6351455450057983
16164,2.979708433151245,-7.13705587387085
16165,-10.09740924835205,-9.147233009338379
16166,3.165593385696411,-1.6083333492279053
16167,14.584450721740723,8.552374839782715
16168,2.0762393474578857,10.31502628326416
16169,21.9946231842041,9.024089813232422
16170,14.225188255310059,7.010005474090576
16171,0.61072838306427,1.5590183734893799
16172,20.322065353393555,7.000408172607422
16173,10.423983573913574,-3.170323133468628
16174,0.027619436383247375,0.3069065511226654
16175,6.958917140960693,-6.109780311584473
16176,2.6159861087799072,-6.053510665893555
16177,-2.645193338394165,0.14486882090568542
16178,2.054137706756592,-0.6505956649780273
16179,21.160736083984375,5.921700477600098
16180,-4.9058098793029785,2.2132558822631836
16181,0.7644785046577454,-0.852603554725647
16182,21.96174430847168,9.881353378295898
16183,1.8467633724212646,4.121341705322266
16184,-0.1374521702528,-3.5462381839752197
16185,-3.452944040298462,0.9113734364509583
16186,1.0203559398651123,-0.916764497756958
16187,-5.708103179931641,-12.697943687438965
16188,-5.575875759124756,2.192700147628784
16189,14.97004222869873,-2.601116895675659
16190,18.17753791809082,10.218952178955078
16191,8.3544282913208,-2.447566509246826
16192,1.1359128952026367,-0.003696240484714508
16193,-0.6048063039779663,1.366666555404663
16194,16.181659698486328,-0.906914472579956
16195,2.5151379108428955,2.648035764694214
16196,18.470600128173828,1.9090235233306885
16197,-3.4899723529815674,-1.0650168657302856
16198,10.491015434265137,5.42873477935791
16199,3.939765214920044,-0.7384281158447266
16200,5.404336929321289,5.888835430145264
16201,16.814729690551758,4.019503116607666
16202,-0.2592576742172241,-1.3781721591949463
16203,1.7720627784729004,-2.5491418838500977
16204,0.3749351501464844,0.35459813475608826
16205,3.781750202178955,0.6832805871963501
16206,1.0056262016296387,3.7567713260650635
16207,22.97987174987793,7.462703227996826
16208,8.49206256866455,6.083924293518066
16209,-3.640639305114746,-4.43704891204834
16210,-1.6849110126495361,0.8276376724243164
16211,6.349093914031982,0.7960028648376465
16212,0.3190416097640991,-0.2612210512161255
16213,4.218151092529297,2.249760389328003
16214,-3.7909634113311768,-13.838502883911133
16215,2.158529281616211,7.162086009979248
16216,6.282157897949219,0.6832650899887085
16217,2.6194398403167725,9.583754539489746
16218,-5.171427249908447,2.015930652618408
16219,6.611673831939697,1.8448834419250488
16220,-9.285115242004395,-7.36440372467041
16221,-5.593714237213135,2.0282914638519287
16222,-11.044754981994629,-7.442458629608154
16223,12.449431419372559,2.4773943424224854
16224,7.550309658050537,5.6917314529418945
16225,-2.869213819503784,-2.64347767829895
16226,7.521600246429443,5.450964450836182
16227,-3.2553412914276123,-1.982060432434082
16228,10.176020622253418,6.936280727386475
16229,15.664643287658691,10.041304588317871
16230,8.102057456970215,2.1241514682769775
16231,-0.6998476386070251,0.5914232730865479
16232,-0.15737922489643097,-0.38385212421417236
16233,18.342754364013672,-2.4570748805999756
16234,-3.2688779830932617,-8.902566909790039
16235,14.03981876373291,2.5026421546936035
16236,2.2823824882507324,6.835186958312988
16237,16.300731658935547,9.966538429260254
16238,-2.9777028560638428,-0.45185020565986633
16239,-0.2904125452041626,1.3150250911712646
16240,-3.253011465072632,-12.70458984375
16241,-0.08699750900268555,0.5556698441505432
16242,-3.7241554260253906,-14.480910301208496
16243,4.807743072509766,4.50082540512085
16244,-5.192371368408203,-9.888921737670898
16245,-6.810221195220947,-10.60246753692627
16246,2.9723377227783203,-6.096554756164551
16247,-3.7512741088867188,-3.568889617919922
16248,7.994210720062256,6.915104866027832
16249,-0.3035063147544861,-0.11353475600481033
16250,-0.28765493631362915,-2.833590507507324
16251,-6.077399730682373,-4.871957778930664
16252,2.5010526180267334,-0.9438724517822266
16253,1.0541421175003052,-3.3839762210845947
16254,3.3538095951080322,2.645557165145874
16255,14.131875038146973,9.723767280578613
16256,-3.8266634941101074,-7.217554092407227
16257,0.6915866732597351,1.2693943977355957
16258,-15.85898494720459,-13.709573745727539
16259,1.7145435810089111,-13.199625015258789
16260,-8.046602249145508,-20.191917419433594
16261,-4.037376403808594,-16.936874389648438
16262,3.006554126739502,7.370307445526123
16263,7.8816237449646,0.21966615319252014
16264,9.406373023986816,5.948073863983154
16265,3.4951298236846924,6.090190410614014
16266,0.8357864022254944,4.391053199768066
16267,-0.45020365715026855,0.6134066581726074
16268,1.5239962339401245,0.2356877624988556
16269,1.4110498428344727,2.8926022052764893
16270,22.747907638549805,9.684086799621582
16271,-4.3663225173950195,3.380589246749878
16272,-0.9832507967948914,0.18407022953033447
16273,-0.5740249752998352,5.31121826171875
16274,-9.998583793640137,5.4405646324157715
16275,-3.0239315032958984,0.060832880437374115
16276,-0.15628038346767426,-2.8014025688171387
16277,-0.1584138125181198,1.274452567100525
16278,6.1012115478515625,4.373721122741699
16279,15.63502311706543,10.609091758728027
16280,13.775030136108398,10.880370140075684
16281,-14.388229370117188,-14.271441459655762
16282,11.677826881408691,5.967358112335205
16283,2.639676809310913,0.7922240495681763
16284,14.849319458007812,-2.4534270763397217
16285,-2.417262315750122,-4.411435604095459
16286,3.6928067207336426,1.7648060321807861
16287,2.188788414001465,8.151798248291016
16288,-7.202271938323975,-1.681528091430664
16289,2.4529306888580322,5.697049617767334
16290,-3.0230371952056885,0.6872009634971619
16291,2.274833917617798,8.432975769042969
16292,2.4603683948516846,2.283151388168335
16293,7.059593677520752,-5.045001983642578
16294,-1.7395210266113281,-19.458637237548828
16295,0.4333614110946655,0.18190625309944153
16296,13.752008438110352,-1.1726486682891846
16297,2.6354076862335205,-0.9683860540390015
16298,1.08516263961792,1.4366354942321777
16299,-13.809327125549316,-12.752819061279297
16300,0.1730719655752182,0.23259490728378296
16301,-0.5943960547447205,0.931073784828186
16302,-14.539201736450195,-11.421917915344238
16303,17.637691497802734,6.016901016235352
16304,5.155095100402832,5.25797176361084
16305,14.709328651428223,5.133857250213623
16306,22.69221305847168,6.265774726867676
16307,7.3024749755859375,-8.76790714263916
16308,7.577244758605957,9.553760528564453
16309,-0.42866599559783936,1.336478352546692
16310,0.6278684735298157,-3.2696163654327393
16311,1.5959320068359375,5.204733371734619
16312,5.783633708953857,-10.59951400756836
16313,-9.833553314208984,-9.86542797088623
16314,8.772515296936035,7.288904666900635
16315,-0.7668781876564026,-1.7206443548202515
16316,5.172658920288086,-9.143635749816895
16317,14.037979125976562,-0.3911902606487274
16318,8.840002059936523,-0.5039055943489075
16319,3.012611150741577,-7.771310806274414
16320,0.450370728969574,1.8537307977676392
16321,-5.345374584197998,-5.163822650909424
16322,4.061059951782227,12.931187629699707
16323,-0.5357378125190735,3.823023557662964
16324,4.203586101531982,11.578010559082031
16325,23.510051727294922,8.071880340576172
16326,0.6434575915336609,-4.263516426086426
16327,11.259063720703125,9.513137817382812
16328,3.1904056072235107,7.744385242462158
16329,-4.462407112121582,-18.117870330810547
16330,-0.8230299353599548,0.5866033434867859
16331,2.9822700023651123,-6.825778961181641
16332,-3.697838068008423,1.204538345336914
16333,1.1096925735473633,2.6006650924682617
16334,0.666215717792511,-5.698817729949951
16335,-2.6508522033691406,-11.60690975189209
16336,1.9524009227752686,-1.8807497024536133
16337,6.148987293243408,1.8682754039764404
16338,-0.3166733384132385,-5.672347068786621
16339,0.5136043429374695,-1.4597283601760864
16340,2.1569554805755615,-0.9144318103790283
16341,9.752723693847656,8.368021011352539
16342,-8.086845397949219,-3.497292995452881
16343,3.5159995555877686,-6.969719886779785
16344,3.3049204349517822,-1.383189082145691
16345,6.763261795043945,-3.7056562900543213
16346,9.366942405700684,-8.69034481048584
16347,2.4218661785125732,9.325128555297852
16348,6.573314666748047,1.229282259941101
16349,23.689617156982422,-3.541982412338257
16350,3.76836895942688,4.267669200897217
16351,3.2547242641448975,1.916682243347168
16352,10.023289680480957,5.839032173156738
16353,0.8489013314247131,-4.6131205558776855
16354,3.189809560775757,-1.4916654825210571
16355,2.4396724700927734,-6.098634719848633
16356,3.3761420249938965,-0.3260327875614166
16357,0.8573988080024719,2.232879400253296
16358,0.425773561000824,0.9767038822174072
16359,-3.2004053592681885,1.7159569263458252
16360,1.4124035835266113,1.1470592021942139
16361,8.161330223083496,-4.95358943939209
16362,-15.463397979736328,-9.768228530883789
16363,21.781177520751953,9.595898628234863
16364,-0.04526732861995697,2.4295308589935303
16365,-2.2104554176330566,-10.852437019348145
16366,3.7024168968200684,6.637001991271973
16367,-2.914320707321167,-1.0890169143676758
16368,23.275310516357422,5.693601608276367
16369,-10.105917930603027,-9.291248321533203
16370,2.274787187576294,-5.852994918823242
16371,-0.32225722074508667,1.2598907947540283
16372,18.28851890563965,6.859547138214111
16373,2.0307986736297607,-1.794546365737915
16374,0.515052855014801,6.607977867126465
16375,2.505960464477539,-1.242601752281189
16376,11.818835258483887,-3.8711986541748047
16377,0.5144989490509033,0.6485140919685364
16378,-0.01635695993900299,3.0468432903289795
16379,1.7338993549346924,4.148997783660889
16380,1.9959743022918701,0.3283844292163849
16381,14.964740753173828,10.062427520751953
16382,4.231383323669434,0.4370081424713135
16383,-1.5322357416152954,1.3057788610458374
16384,0.3886365294456482,3.5432934761047363
16385,0.02755655348300934,3.199446439743042
16386,-3.38222599029541,-12.76231861114502
16387,3.2051329612731934,7.405934810638428
16388,-1.8002550601959229,8.55357837677002
16389,1.4059011936187744,-4.002760410308838
16390,4.0996527671813965,6.038980007171631
16391,3.5723721981048584,7.339510440826416
16392,0.7700815796852112,2.064417600631714
16393,7.372788906097412,9.468474388122559
16394,0.7392311692237854,0.009881816804409027
16395,8.268017768859863,-2.4173479080200195
16396,23.09424591064453,0.913852334022522
16397,1.7212669849395752,-2.7020485401153564
16398,-1.6548101902008057,-1.7552354335784912
16399,-4.0773210525512695,1.3400630950927734
16400,3.3156583309173584,-7.515519142150879
16401,3.2731008529663086,4.1970014572143555
16402,-0.4504239559173584,0.32860812544822693
16403,0.14191101491451263,-2.208893060684204
16404,1.0582029819488525,-0.19964155554771423
16405,11.54649829864502,8.993695259094238
16406,-3.05871319770813,-17.13956069946289
16407,8.960161209106445,-5.9560089111328125
16408,-0.33521944284439087,0.9954773783683777
16409,18.40819549560547,2.064091205596924
16410,6.531931400299072,2.085538864135742
16411,6.715800762176514,5.859433650970459
16412,-2.893547296524048,-15.495463371276855
16413,3.5214738845825195,8.287214279174805
16414,1.7261813879013062,9.88725757598877
16415,-0.8986965417861938,-1.493410348892212
16416,-1.3129985332489014,-1.2345404624938965
16417,1.2859973907470703,3.366482973098755
16418,-10.85977840423584,-12.807199478149414
16419,4.004988670349121,6.101742267608643
16420,-1.8855555057525635,1.0580517053604126
16421,16.540620803833008,-2.0583078861236572
16422,-3.651052236557007,-5.06974458694458
16423,0.1072186678647995,4.121562480926514
16424,1.717456340789795,8.520140647888184
16425,1.3628325462341309,6.061178207397461
16426,22.363889694213867,10.073141098022461
16427,6.333709239959717,1.7835502624511719
16428,14.061927795410156,-4.935308933258057
16429,0.1844484657049179,-0.03356287628412247
16430,-9.967781066894531,-16.84315299987793
16431,-1.1855862140655518,-0.12733134627342224
16432,-5.8384294509887695,-5.622105598449707
16433,9.585886001586914,-7.908681869506836
16434,18.924789428710938,3.7791998386383057
16435,-2.600111722946167,0.3171609044075012
16436,-6.209883689880371,-6.077772617340088
16437,5.710800647735596,-2.633708953857422
16438,8.314082145690918,-11.901981353759766
16439,13.372346878051758,8.9647855758667
16440,9.427881240844727,2.6326959133148193
16441,-5.618696212768555,2.0600132942199707
16442,-0.6230173707008362,0.30476269125938416
16443,9.478344917297363,1.7938255071640015
16444,-17.857271194458008,-12.090606689453125
16445,-0.512042760848999,4.112203598022461
16446,5.423009395599365,-0.052326418459415436
16447,-3.7796802520751953,2.099970817565918
16448,15.131913185119629,5.709417343139648
16449,14.87414264678955,5.772165298461914
16450,-8.208062171936035,-8.10912036895752
16451,17.5599308013916,5.823960304260254
16452,16.779800415039062,8.917023658752441
16453,17.776622772216797,-6.408993244171143
16454,-6.607114791870117,-2.9689104557037354
16455,-0.7505806684494019,-1.369173288345337
16456,-1.3792977333068848,4.11064338684082
16457,-0.10470223426818848,-5.703708171844482
16458,1.1425808668136597,-3.2298028469085693
16459,1.057976245880127,-2.448390483856201
16460,-2.0846447944641113,-4.171027660369873
16461,-1.8769339323043823,1.2393031120300293
16462,5.360208034515381,-4.292295455932617
16463,-2.681358814239502,-10.1150541305542
16464,11.411872863769531,7.244790554046631
16465,10.676787376403809,6.85772180557251
16466,8.58440113067627,5.059246063232422
16467,14.36589241027832,2.84470272064209
16468,0.5746259093284607,3.353681802749634
16469,4.052450180053711,6.560046672821045
16470,1.724254846572876,4.490423202514648
16471,-2.1633336544036865,-18.26601791381836
16472,19.067401885986328,-2.256366014480591
16473,14.1255521774292,10.752264022827148
16474,-2.2472083568573,0.9871203899383545
16475,0.2514546513557434,0.27941131591796875
16476,2.5287926197052,-2.1814475059509277
16477,8.056793212890625,8.700653076171875
16478,4.639728546142578,1.5202703475952148
16479,-4.267177581787109,1.5983413457870483
16480,1.6020036935806274,0.12343578785657883
16481,1.0458405017852783,3.5547850131988525
16482,19.099681854248047,10.221333503723145
16483,11.3468656539917,6.327949523925781
16484,-1.093632698059082,1.131133794784546
16485,7.351958751678467,-2.8772318363189697
16486,14.289209365844727,0.1776759922504425
16487,0.37321120500564575,1.5230525732040405
16488,-4.626264572143555,-4.85306453704834
16489,-3.8274500370025635,4.8228068351745605
16490,-17.532930374145508,-12.445085525512695
16491,18.70125389099121,-0.6345979571342468
16492,4.02758264541626,-2.5457139015197754
16493,1.0044300556182861,-2.560999870300293
16494,-4.8460774421691895,2.291314125061035
16495,-6.8924665451049805,2.9485158920288086
16496,-11.260702133178711,-19.244983673095703
16497,10.86148452758789,8.887188911437988
16498,-1.1278941631317139,-1.2082167863845825
16499,-3.0373642444610596,1.7551896572113037
16500,-2.784236192703247,0.1981337070465088
16501,-0.47562021017074585,1.3328886032104492
16502,5.7641496658325195,-4.339957237243652
16503,0.6511680483818054,0.13841915130615234
16504,-1.6370636224746704,0.6317436695098877
16505,2.0111703872680664,-7.477343559265137
16506,4.121022701263428,-3.0657527446746826
16507,2.1006133556365967,1.0973373651504517
16508,3.764163017272949,-0.9715381860733032
16509,-5.641843795776367,-2.725726842880249
16510,-2.572376012802124,-8.551207542419434
16511,5.021617412567139,14.72020435333252
16512,-2.049379825592041,-6.243993759155273
16513,2.651232957839966,4.45252799987793
16514,-6.644566059112549,-13.194658279418945
16515,4.9244561195373535,-9.1137113571167
16516,-0.48215633630752563,1.5032265186309814
16517,-0.1372285634279251,7.375960350036621
16518,0.2467236965894699,-2.4938623905181885
16519,6.295441150665283,1.1403422355651855
16520,10.91175365447998,0.14605560898780823
16521,13.716227531433105,1.143082857131958
16522,5.300354957580566,-1.6212352514266968
16523,14.718138694763184,3.6053600311279297
16524,-7.171620845794678,-2.0255675315856934
16525,7.959269046783447,13.158354759216309
16526,1.2909168004989624,3.7166130542755127
16527,1.9836621284484863,4.4774675369262695
16528,-4.11452579498291,1.5244481563568115
16529,3.0599169731140137,3.794121503829956
16530,3.9994728565216064,8.037862777709961
16531,13.714783668518066,8.316399574279785
16532,22.749746322631836,10.516629219055176
16533,7.609435081481934,5.211428642272949
16534,-2.767399549484253,0.5078432559967041
16535,1.8821008205413818,5.296853542327881
16536,2.5621209144592285,-0.8693323731422424
16537,2.082955837249756,1.901979923248291
16538,-4.788438320159912,-8.034093856811523
16539,17.014514923095703,5.751737117767334
16540,-0.9141924977302551,-3.4279367923736572
16541,15.880114555358887,7.887834548950195
16542,-0.33087894320487976,0.8478254079818726
16543,0.3277246952056885,0.724612832069397
16544,0.4322285056114197,0.5157417058944702
16545,13.593729019165039,-2.1393351554870605
16546,1.9708621501922607,0.6446581482887268
16547,-5.613589763641357,-2.6088578701019287
16548,-4.040986061096191,-0.05761624127626419
16549,3.7827186584472656,-9.56922435760498
16550,9.805351257324219,-5.442432880401611
16551,-6.434314250946045,-3.151664972305298
16552,1.2780053615570068,-0.2384047508239746
16553,-6.107047080993652,-25.295541763305664
16554,0.6432621479034424,0.21515414118766785
16555,7.5467305183410645,6.197371482849121
16556,4.96973180770874,1.6937835216522217
16557,16.341632843017578,-3.134305715560913
16558,-10.66992473602295,-10.819647789001465
16559,-0.5985921025276184,1.706594705581665
16560,3.9780285358428955,5.3290629386901855
16561,-1.3633506298065186,1.2368121147155762
16562,19.248580932617188,9.179400444030762
16563,4.093944072723389,2.3424198627471924
16564,6.292798042297363,5.239046096801758
16565,1.3940446376800537,0.7980308532714844
16566,4.894431114196777,-10.092818260192871
16567,3.780362367630005,-1.8927950859069824
16568,17.099096298217773,4.652828216552734
16569,5.743162155151367,-8.949967384338379
16570,2.0600545406341553,2.6829886436462402
16571,-4.6050896644592285,-1.605344295501709
16572,-2.0288479328155518,2.8398752212524414
16573,17.266027450561523,-0.8427920341491699
16574,3.34363055229187,1.2398953437805176
16575,16.731243133544922,9.957097053527832
16576,-0.9595072865486145,1.2040681838989258
16577,-0.5250715613365173,-13.660810470581055
16578,6.4552083015441895,8.678421974182129
16579,6.661421775817871,-1.6661481857299805
16580,-1.17472243309021,-2.0422871112823486
16581,2.652768850326538,-1.910231351852417
16582,2.1018478870391846,-1.3222205638885498
16583,8.027619361877441,-0.8200210928916931
16584,-2.7139499187469482,-0.7576712369918823
16585,5.126290321350098,1.4577604532241821
16586,3.570537805557251,7.951208114624023
16587,2.393158435821533,10.208123207092285
16588,18.71636962890625,2.735727071762085
16589,1.5717525482177734,3.714820623397827
16590,-9.100072860717773,-6.070481300354004
16591,-3.4477827548980713,-3.1928963661193848
16592,-5.013647079467773,3.0797455310821533
16593,8.264310836791992,-5.257683753967285
16594,-10.188799858093262,-8.653449058532715
16595,14.94338321685791,-8.809545516967773
16596,7.5248003005981445,1.3265913724899292
16597,15.91451358795166,10.374942779541016
16598,4.761405944824219,-10.430596351623535
16599,-2.1772851943969727,0.0423901304602623
16600,5.963130950927734,1.2229347229003906
16601,-4.803659915924072,2.310974359512329
16602,11.087400436401367,9.071907043457031
16603,-2.5295560359954834,-11.516927719116211
16604,7.47622537612915,-6.497623443603516
16605,1.569037914276123,-0.4225485622882843
16606,4.107585430145264,6.465856075286865
16607,-2.371349334716797,-2.952284097671509
16608,1.4355764389038086,-1.3810900449752808
16609,18.75122833251953,10.438167572021484
16610,-5.583719730377197,3.0012705326080322
16611,5.1162333488464355,5.34019660949707
16612,-13.881299018859863,-16.29181480407715
16613,-8.322665214538574,-5.1240715980529785
16614,9.66029167175293,-5.299069404602051
16615,2.8350722789764404,1.4860275983810425
16616,5.756953716278076,7.103169918060303
16617,5.073951721191406,-8.142895698547363
16618,-1.8044047355651855,-9.366930961608887
16619,1.6413153409957886,-1.263152837753296
16620,0.8618033528327942,1.119547963142395
16621,0.45020633935928345,0.16528666019439697
16622,-11.301531791687012,-4.384793281555176
16623,3.524399518966675,5.004862308502197
16624,2.2861320972442627,-6.115214824676514
16625,-17.188499450683594,-14.334486961364746
16626,18.119422912597656,7.4663777351379395
16627,5.835842609405518,1.9727411270141602
16628,-1.6942836046218872,-4.60338020324707
16629,-12.846482276916504,-8.900177001953125
16630,0.7340083718299866,-8.650840759277344
16631,0.12687285244464874,0.9215885400772095
16632,7.414490222930908,-2.5090582370758057
16633,24.369619369506836,10.686837196350098
16634,-4.577207088470459,3.0446112155914307
16635,4.091807842254639,-1.7483110427856445
16636,-10.03918170928955,-7.534948348999023
16637,4.004527568817139,5.547951698303223
16638,0.25301283597946167,-4.0124711990356445
16639,9.842991828918457,2.337970733642578
16640,3.217000722885132,-2.7484445571899414
16641,3.0228781700134277,5.714214324951172
16642,5.405811786651611,-2.763794422149658
16643,2.3249776363372803,-7.433245658874512
16644,-1.387960433959961,-10.664011001586914
16645,5.448354244232178,15.07934856414795
16646,-1.2224457263946533,-0.8291188478469849
16647,-12.016145706176758,-6.871747016906738
16648,0.7465848922729492,-1.0834368467330933
16649,1.1720436811447144,-4.259385108947754
16650,0.42057740688323975,0.6238322854042053
16651,19.264236450195312,7.048137664794922
16652,6.3290910720825195,8.168932914733887
16653,-1.3528540134429932,-0.08438987284898758
16654,-0.9106546640396118,-4.036359786987305
16655,0.8379369378089905,2.004819869995117
16656,5.155005931854248,0.5458819270133972
16657,11.319541931152344,1.6040762662887573
16658,-5.698045253753662,-4.013472080230713
16659,16.484081268310547,6.47975492477417
16660,2.123934745788574,-0.4348333775997162
16661,17.973936080932617,11.21358585357666
16662,-1.3234586715698242,-0.890653133392334
16663,0.06781776249408722,-3.625300645828247
16664,1.1118297576904297,-7.597656726837158
16665,-2.4128105640411377,-3.352923631668091
16666,-3.1693742275238037,2.102512836456299
16667,-0.6109097599983215,0.9785577058792114
16668,0.3601066470146179,4.484701633453369
16669,-5.324245929718018,2.309701681137085
16670,-0.11328674852848053,5.74993896484375
16671,0.0027558058500289917,-5.661953926086426
16672,-13.404894828796387,-9.587416648864746
16673,20.362754821777344,7.119661331176758
16674,11.809971809387207,9.61159610748291
16675,-0.9619614481925964,4.926003456115723
16676,0.6947001218795776,4.668990612030029
16677,-7.877148628234863,-7.423490524291992
16678,14.861320495605469,5.337543487548828
16679,19.65047836303711,6.907593727111816
16680,-2.5350914001464844,-2.660121202468872
16681,4.738859176635742,-8.376296043395996
16682,4.549057483673096,-5.3372273445129395
16683,0.5799105763435364,0.13083475828170776
16684,17.4136962890625,3.9899330139160156
16685,-4.975000858306885,-4.366284370422363
16686,1.899183988571167,9.915099143981934
16687,-2.5852856636047363,1.7384395599365234
16688,1.2739708423614502,-0.05510083585977554
16689,2.8600008487701416,-6.367854118347168
16690,4.106431007385254,3.8165338039398193
16691,2.8641204833984375,4.6585774421691895
16692,1.66121506690979,-0.08036450296640396
16693,5.709322452545166,5.1919636726379395
16694,12.656258583068848,3.0623080730438232
16695,5.186607837677002,-3.684216260910034
16696,-0.10748100280761719,0.9710284471511841
16697,18.572710037231445,2.11212420463562
16698,4.070555210113525,-2.6925647258758545
16699,-7.288741588592529,-13.572270393371582
16700,1.1419992446899414,2.705793619155884
16701,-2.247573137283325,-0.04218897968530655
16702,5.420953750610352,9.239503860473633
16703,3.436495780944824,1.266671895980835
16704,5.033929824829102,-3.1755573749542236
16705,-6.773573875427246,-8.555574417114258
16706,-10.988398551940918,-9.209830284118652
16707,1.9567062854766846,5.639325141906738
16708,1.444333791732788,-1.6118319034576416
16709,15.703784942626953,-5.0137739181518555
16710,-0.0475662499666214,4.210834503173828
16711,1.4146630764007568,-3.45828914642334
16712,-1.548850655555725,1.3010045289993286
16713,-18.406112670898438,-12.713576316833496
16714,3.555126190185547,4.119790077209473
16715,2.0411930084228516,8.611483573913574
16716,-1.8889305591583252,7.27194356918335
16717,-0.675049364566803,0.9547814130783081
16718,-1.9567172527313232,-3.6881561279296875
16719,3.9892685413360596,-4.973695755004883
16720,2.6537959575653076,0.37521758675575256
16721,0.7923521995544434,-2.1360960006713867
16722,9.895125389099121,-0.5942202806472778
16723,-3.3307809829711914,1.4549477100372314
16724,1.170008659362793,-0.18436706066131592
16725,-4.264348983764648,-11.118685722351074
16726,-9.613078117370605,-7.351962566375732
16727,-3.182842969894409,0.12891575694084167
16728,6.361492156982422,0.5633851885795593
16729,0.2738687992095947,0.4316408336162567
16730,-15.127549171447754,-11.698939323425293
16731,5.475493431091309,4.3481597900390625
16732,3.708496570587158,-2.0064167976379395
16733,-7.821655750274658,-3.5682766437530518
16734,-9.875494003295898,-7.599761486053467
16735,0.7981239557266235,6.276036262512207
16736,-0.461043119430542,1.8112173080444336
16737,0.099027618765831,1.3225420713424683
16738,0.09717349708080292,0.15704607963562012
16739,-3.34001088142395,-15.74440860748291
16740,8.869183540344238,-0.38916635513305664
16741,5.066138744354248,-1.43290376663208
16742,16.090679168701172,-5.193436145782471
16743,0.959473192691803,-3.930619478225708
16744,0.0011957138776779175,0.8044319748878479
16745,0.2992926836013794,0.07015495747327805
16746,3.5790247917175293,-7.527405738830566
16747,-0.07676710188388824,4.84351921081543
16748,1.9159431457519531,-2.2577364444732666
16749,1.1060353517532349,8.56110668182373
16750,-0.33825525641441345,-2.242835760116577
16751,1.3486398458480835,-1.114838719367981
16752,-2.9197335243225098,0.9519010782241821
16753,2.738712787628174,-1.2906699180603027
16754,-3.4882752895355225,0.04112400859594345
16755,12.347092628479004,-2.1571102142333984
16756,-0.9966393113136292,-5.734563827514648
16757,4.268733978271484,-4.258783340454102
16758,8.491715431213379,-0.5319263935089111
16759,-0.43100517988204956,6.18304443359375
16760,-3.113177537918091,-3.3081343173980713
16761,-0.9371054172515869,1.3403955698013306
16762,2.759439706802368,1.083454966545105
16763,19.47130584716797,3.495351552963257
16764,3.628941059112549,-1.7239060401916504
16765,2.8411898612976074,-1.7128053903579712
16766,4.070161819458008,8.48685073852539
16767,-2.073032855987549,-2.5200812816619873
16768,3.395575761795044,0.520881712436676
16769,-0.5950904488563538,-6.233386993408203
16770,-4.887515544891357,-1.9452130794525146
16771,-5.8989973068237305,-6.378406524658203
16772,5.909486770629883,8.135161399841309
16773,0.8225116729736328,-0.32670465111732483
16774,5.395422458648682,-4.276678562164307
16775,8.552412033081055,1.7852404117584229
16776,-13.087494850158691,-12.420975685119629
16777,5.2715325355529785,15.122132301330566
16778,1.7649719715118408,2.385080099105835
16779,1.9319298267364502,4.5417585372924805
16780,4.695685386657715,-8.792174339294434
16781,0.6155192255973816,-1.8266639709472656
16782,21.267314910888672,8.957113265991211
16783,3.5770065784454346,5.263927459716797
16784,-1.7779910564422607,-2.309216022491455
16785,3.3434298038482666,-2.1807548999786377
16786,-2.094189405441284,-10.056472778320312
16787,1.0108610391616821,-1.061859369277954
16788,-4.461779594421387,-3.3047842979431152
16789,0.41340309381484985,8.360245704650879
16790,0.12988881766796112,-4.354349136352539
16791,22.344226837158203,8.924284934997559
16792,1.3984928131103516,-2.019077777862549
16793,-3.4540202617645264,1.4017493724822998
16794,-8.628279685974121,-8.501928329467773
16795,9.558442115783691,5.194068908691406
16796,-4.110302925109863,-6.226166725158691
16797,15.187667846679688,11.104256629943848
16798,-14.483899116516113,-13.05683422088623
16799,-2.0049657821655273,1.278927206993103
16800,8.78062915802002,-3.388662576675415
16801,-4.651421070098877,-2.3843631744384766
16802,2.4034576416015625,4.592950820922852
16803,2.504082441329956,-6.9224138259887695
16804,19.28327178955078,3.7524170875549316
16805,9.242171287536621,7.040105819702148
16806,1.974792242050171,1.6829345226287842
16807,16.904024124145508,-0.0620410218834877
16808,0.7194638848304749,2.205497980117798
16809,-4.523730754852295,1.5338376760482788
16810,-2.429628372192383,-14.648624420166016
16811,18.973848342895508,10.535215377807617
16812,6.430771350860596,1.5193121433258057
16813,9.188811302185059,7.711370468139648
16814,3.3715851306915283,4.371415615081787
16815,10.66862678527832,6.412323951721191
16816,3.251915693283081,0.9155958890914917
16817,3.6182210445404053,7.612932205200195
16818,8.609662055969238,7.261125564575195
16819,-5.972927570343018,-2.381701946258545
16820,-0.8989362120628357,-2.7658965587615967
16821,-1.2764801979064941,-2.642279863357544
16822,0.4156307578086853,0.0967697724699974
16823,-3.7207014560699463,2.037952423095703
16824,3.848660707473755,-2.2347559928894043
16825,-3.634949207305908,-1.763792872428894
16826,-10.318670272827148,-16.52836036682129
16827,-1.53227961063385,-2.2937228679656982
16828,-14.840327262878418,-9.065382957458496
16829,20.029874801635742,8.96313190460205
16830,8.266581535339355,-3.920452356338501
16831,-7.496717929840088,-4.541936874389648
16832,4.5066351890563965,10.64554500579834
16833,-1.552045464515686,0.5031416416168213
16834,6.856074810028076,9.601157188415527
16835,-1.0210047960281372,1.7717714309692383
16836,-2.7974655628204346,-1.3577251434326172
16837,1.5540297031402588,-1.9097568988800049
16838,19.577524185180664,6.87477445602417
16839,-0.03967437148094177,0.6240834593772888
16840,1.7850368022918701,2.4493227005004883
16841,3.153336524963379,3.0478756427764893
16842,11.932271003723145,-4.8351263999938965
16843,-1.5526127815246582,-4.728656768798828
16844,-1.7699482440948486,-2.1106879711151123
16845,-1.460175633430481,1.2826944589614868
16846,1.2782845497131348,2.345449209213257
16847,7.012568473815918,8.913130760192871
16848,5.884822368621826,-3.2923190593719482
16849,7.947080135345459,4.819559574127197
16850,-6.3315253257751465,-14.302047729492188
16851,16.454994201660156,9.6846342086792
16852,-10.403536796569824,-7.8476409912109375
16853,19.495288848876953,2.5090222358703613
16854,5.537133693695068,-10.257357597351074
16855,2.210637331008911,7.00193977355957
16856,-13.146782875061035,-15.469797134399414
16857,12.142190933227539,1.901745319366455
16858,7.037301540374756,-5.713348388671875
16859,-0.6396451592445374,2.9679362773895264
16860,10.425471305847168,0.5243918895721436
16861,-2.577083110809326,-3.311487913131714
16862,6.096729755401611,5.726532459259033
16863,1.360979437828064,9.58401870727539
16864,17.88019371032715,11.300666809082031
16865,3.3898775577545166,6.758135795593262
16866,11.819583892822266,-9.336773872375488
16867,-0.5835235714912415,2.9452555179595947
16868,2.1958048343658447,0.7758185863494873
16869,11.578009605407715,7.592306137084961
16870,-15.598372459411621,-10.88691520690918
16871,1.25173020362854,-3.1285111904144287
16872,1.295557975769043,2.518495798110962
16873,-4.951559066772461,2.47851300239563
16874,6.356695652008057,1.1583243608474731
16875,19.901966094970703,-2.518463373184204
16876,0.4712895154953003,-0.09177795797586441
16877,2.8781578540802,-1.9383037090301514
16878,-5.003018856048584,-19.31390380859375
16879,3.8065741062164307,6.162113189697266
16880,2.3278396129608154,10.711577415466309
16881,3.4219911098480225,-2.768975257873535
16882,5.09976863861084,6.86199951171875
16883,-1.8209103345870972,-0.5090941190719604
16884,0.10706926882266998,0.9733899831771851
16885,19.25893211364746,-0.6848798990249634
16886,-2.5964629650115967,-7.441340446472168
16887,-0.495169997215271,0.2861623764038086
16888,-15.952438354492188,-12.422348022460938
16889,1.121258020401001,1.9979547262191772
16890,3.6018970012664795,6.6038360595703125
16891,23.403079986572266,5.018101692199707
16892,-0.9808604717254639,3.264496326446533
16893,-5.5412139892578125,-5.345367908477783
16894,12.140031814575195,9.817066192626953
16895,4.216233730316162,-7.454916000366211
16896,2.295363426208496,10.675633430480957
16897,2.0267255306243896,2.360185384750366
16898,-0.3405671715736389,0.9988865852355957
16899,-0.5571190118789673,-6.3086957931518555
16900,9.875231742858887,-5.556914329528809
16901,12.614649772644043,0.23199352622032166
16902,16.312719345092773,6.209619045257568
16903,-3.575045347213745,-4.428216934204102
16904,-3.0540671348571777,-1.7188801765441895
16905,1.5793957710266113,-0.2632485330104828
16906,7.851867198944092,4.579159736633301
16907,3.1340413093566895,-1.0791113376617432
16908,-0.3033273220062256,0.49542638659477234
16909,16.223648071289062,5.984066009521484
16910,6.554657936096191,1.2106218338012695
16911,-4.510773658752441,-15.724470138549805
16912,9.44725513458252,2.4270589351654053
16913,4.075885772705078,-1.9519877433776855
16914,11.923316955566406,-6.331381320953369
16915,-4.81974458694458,-16.82901382446289
16916,12.697616577148438,2.572026014328003
16917,-2.8128726482391357,2.238532781600952
16918,7.809117794036865,2.46081805229187
16919,-4.7595343589782715,-4.777721405029297
16920,-0.13222838938236237,-3.09035325050354
16921,5.917746067047119,5.687592506408691
16922,22.66983413696289,10.784811019897461
16923,0.8150282502174377,0.1808398962020874
16924,2.055988073348999,-0.30286285281181335
16925,24.75267791748047,6.76535701751709
16926,0.8414049744606018,-0.10061366111040115
16927,-16.34395980834961,-11.838179588317871
16928,2.589953660964966,6.956217288970947
16929,-4.8768534660339355,-8.58697509765625
16930,12.414284706115723,4.336126327514648
16931,1.180177927017212,-1.6800477504730225
16932,-2.4230659008026123,1.0668339729309082
16933,2.5733437538146973,2.7447245121002197
16934,3.516120195388794,10.510540962219238
16935,13.46494197845459,-0.6169600486755371
16936,-1.8429752588272095,-2.2678802013397217
16937,11.337127685546875,0.6974401473999023
16938,1.221730351448059,8.924869537353516
16939,-3.435105085372925,-13.066488265991211
16940,-7.301551342010498,-6.331036567687988
16941,17.552778244018555,9.586838722229004
16942,10.153568267822266,3.056276559829712
16943,16.401506423950195,8.227459907531738
16944,1.7882106304168701,-0.4028790295124054
16945,-1.5048108100891113,-15.967204093933105
16946,0.49728572368621826,4.228183746337891
16947,2.352688789367676,4.663576126098633
16948,0.6251830458641052,8.042314529418945
16949,3.9034359455108643,-2.374447822570801
16950,14.323199272155762,-5.721217155456543
16951,0.5635513067245483,0.33544299006462097
16952,2.1099674701690674,1.2895734310150146
16953,-5.660642147064209,-6.604442596435547
16954,20.16414451599121,-0.10556922107934952
16955,1.1047513484954834,2.3742568492889404
16956,3.333677291870117,2.0425570011138916
16957,3.8227756023406982,-1.9525885581970215
16958,18.414596557617188,0.5971037149429321
16959,-2.3974931240081787,-0.15956130623817444
16960,2.7344868183135986,0.5837396383285522
16961,12.836493492126465,-6.2006402015686035
16962,-1.6748995780944824,1.2780393362045288
16963,-1.507157325744629,-2.0414841175079346
16964,2.948593854904175,-0.24685415625572205
16965,15.301671028137207,10.008488655090332
16966,-4.752445697784424,-1.162879228591919
16967,0.5964236855506897,-4.510855674743652
16968,-3.6406636238098145,1.7774455547332764
16969,-3.587596893310547,-13.830321311950684
16970,0.06298147141933441,3.396488904953003
16971,3.170897960662842,4.534716606140137
16972,0.5631738901138306,0.41385918855667114
16973,16.79754638671875,-7.289922714233398
16974,20.189075469970703,10.554987907409668
16975,3.0046699047088623,2.6568737030029297
16976,-0.737943708896637,2.2038886547088623
16977,-2.0184972286224365,-1.993119478225708
16978,8.340099334716797,6.883971214294434
16979,2.0827949047088623,6.242677211761475
16980,7.206887245178223,-4.179011344909668
16981,15.710347175598145,6.849643707275391
16982,-1.661515474319458,-6.963894844055176
16983,6.895877361297607,5.472412109375
16984,3.007413387298584,-4.321842193603516
16985,2.7044079303741455,0.3872028887271881
16986,19.35080337524414,5.595553398132324
16987,7.269062519073486,0.22350537776947021
16988,13.399625778198242,-6.855536460876465
16989,4.492705821990967,8.58230209350586
16990,5.062869071960449,14.985526084899902
16991,1.0509719848632812,-14.570328712463379
16992,0.70620197057724,4.413248062133789
16993,8.65937614440918,1.5329865217208862
16994,-0.9827932119369507,0.36994633078575134
16995,12.305334091186523,-0.8260834217071533
16996,-17.95899200439453,-13.416180610656738
16997,-5.832012176513672,-5.535712242126465
16998,12.661770820617676,-0.06387064605951309
16999,0.45316267013549805,0.5748414993286133
17000,4.383616924285889,-2.357940435409546
17001,11.132390022277832,-5.014443874359131
17002,12.853558540344238,0.19803741574287415
17003,-4.400513172149658,2.483386516571045
17004,23.203502655029297,5.02992057800293
17005,9.64775276184082,-6.896609783172607
17006,4.045090675354004,-7.219913482666016
17007,22.869384765625,4.139222145080566
17008,19.9955997467041,8.88005542755127
17009,0.6510506868362427,-0.3947899639606476
17010,-5.000032424926758,-16.60321807861328
17011,16.256305694580078,5.597269058227539
17012,1.0170862674713135,2.2697808742523193
17013,7.4471635818481445,0.8157336711883545
17014,5.885758876800537,5.358860969543457
17015,-0.3549076318740845,0.5026366710662842
17016,-6.414945602416992,2.292612075805664
17017,3.9378015995025635,0.5089467167854309
17018,-14.384267807006836,-10.172392845153809
17019,12.402674674987793,-3.4799091815948486
17020,2.088170289993286,1.6808886528015137
17021,-0.8365712761878967,2.2511346340179443
17022,2.990161895751953,1.9972918033599854
17023,5.83079195022583,5.028815269470215
17024,1.43534517288208,4.975565433502197
17025,4.0102009773254395,-7.156763076782227
17026,6.950327396392822,-0.3194425404071808
17027,9.430191040039062,4.362715721130371
17028,-6.4043121337890625,-2.959324836730957
17029,19.778594970703125,10.316161155700684
17030,4.569136619567871,4.387552261352539
17031,-4.447775840759277,-15.148944854736328
17032,4.778055667877197,2.9882285594940186
17033,2.1649088859558105,6.922231674194336
17034,-0.3969155550003052,-2.042978525161743
17035,-1.932985782623291,-3.229466199874878
17036,17.536169052124023,8.249051094055176
17037,13.939645767211914,2.6558473110198975
17038,7.019173622131348,1.4762885570526123
17039,-1.161306381225586,-6.5250139236450195
17040,-15.56440258026123,-11.147602081298828
17041,21.602813720703125,8.068452835083008
17042,6.392989158630371,-9.617886543273926
17043,3.6309311389923096,-1.5931037664413452
17044,2.639380693435669,-1.7994657754898071
17045,7.847193241119385,-0.5698594450950623
17046,12.425467491149902,-3.7846438884735107
17047,-9.343716621398926,-13.061150550842285
17048,2.18147873878479,-5.327551364898682
17049,1.2246897220611572,-0.3242183029651642
17050,0.03191874921321869,3.2071540355682373
17051,24.723434448242188,10.468812942504883
17052,0.2781151533126831,3.8393468856811523
17053,16.3338623046875,-0.42709043622016907
17054,17.122480392456055,10.896891593933105
17055,0.06368575990200043,3.488394021987915
17056,0.6462620496749878,-0.1304417848587036
17057,0.581195056438446,3.283327341079712
17058,-0.496701180934906,-1.7403569221496582
17059,1.7747992277145386,-2.100543737411499
17060,18.408334732055664,2.5751724243164062
17061,1.572441577911377,1.497880458831787
17062,4.262094974517822,4.922966480255127
17063,-8.48438549041748,-28.33211898803711
17064,3.3151941299438477,5.951003074645996
17065,6.572726249694824,5.752781867980957
17066,0.3947896361351013,-1.2800993919372559
17067,4.585710048675537,13.70778751373291
17068,6.646653652191162,10.715041160583496
17069,-7.336756706237793,-7.568384647369385
17070,18.181058883666992,6.880092620849609
17071,-0.524823784828186,-0.12274778634309769
17072,11.375781059265137,-0.7433671951293945
17073,1.1199090480804443,-4.144933700561523
17074,-2.813922166824341,0.28010496497154236
17075,4.590087890625,4.608490943908691
17076,4.493206977844238,4.767460823059082
17077,1.289595127105713,-0.2655986249446869
17078,2.0625932216644287,-0.713188886642456
17079,1.4668031930923462,0.7170859575271606
17080,0.23950324952602386,2.394317865371704
17081,-5.522495269775391,2.7284913063049316
17082,-2.511375904083252,-15.433438301086426
17083,0.7288663387298584,0.6695979833602905
17084,-9.617756843566895,-13.292874336242676
17085,0.6087639331817627,-2.5442678928375244
17086,-5.033022880554199,-16.732139587402344
17087,8.998496055603027,-0.9315183162689209
17088,4.685686111450195,9.490579605102539
17089,8.787534713745117,4.336031913757324
17090,14.44555377960205,-2.8917629718780518
17091,1.0457121133804321,-3.5807158946990967
17092,3.418159008026123,-2.1669914722442627
17093,-14.482640266418457,-12.53186321258545
17094,0.33506107330322266,-0.1412334144115448
17095,14.390674591064453,-1.6604317426681519
17096,-1.4393463134765625,-6.456143379211426
17097,-2.939990997314453,-15.127397537231445
17098,4.815429210662842,4.294589042663574
17099,0.13583959639072418,0.06738957017660141
17100,11.788503646850586,9.80013370513916
17101,1.352905511856079,3.279102325439453
17102,-0.9133404493331909,0.30765587091445923
17103,9.109429359436035,-0.3672521412372589
17104,0.38764089345932007,-0.5407546758651733
17105,3.7915446758270264,-2.0618646144866943
17106,0.3297434449195862,-1.6852238178253174
17107,4.1659111976623535,-2.6666948795318604
17108,16.402799606323242,3.731532335281372
17109,6.2522454261779785,-5.100140571594238
17110,-3.7764337062835693,-2.193551778793335
17111,-0.3181140124797821,1.0702868700027466
17112,1.225582242012024,-5.5511298179626465
17113,13.085847854614258,-1.346078872680664
17114,-5.474048614501953,-8.497200965881348
17115,13.43276309967041,3.0733582973480225
17116,1.2554705142974854,-1.4768223762512207
17117,1.3236545324325562,7.728871822357178
17118,12.004968643188477,3.9779276847839355
17119,0.6216070055961609,-1.9777014255523682
17120,1.8968102931976318,5.182886600494385
17121,16.468358993530273,2.2422730922698975
17122,-10.768759727478027,-4.35499382019043
17123,-0.0012048035860061646,6.966592788696289
17124,5.070552825927734,-8.889288902282715
17125,-3.070199966430664,3.201789140701294
17126,9.941802024841309,3.4161059856414795
17127,-3.338163137435913,-1.4841418266296387
17128,1.181530237197876,0.005985133349895477
17129,9.496935844421387,5.910614967346191
17130,1.522423505783081,-16.576065063476562
17131,13.620161056518555,1.6292521953582764
17132,16.03335952758789,9.738852500915527
17133,-11.263219833374023,-17.256956100463867
17134,2.3055200576782227,9.056845664978027
17135,-1.8106293678283691,-1.8822730779647827
17136,-1.7178653478622437,-10.407938957214355
17137,13.166536331176758,-3.239823818206787
17138,-1.2805994749069214,0.9993522763252258
17139,20.720291137695312,11.001086235046387
17140,-2.474935293197632,-2.19734263420105
17141,-9.704207420349121,-8.783256530761719
17142,15.84213924407959,-1.3589364290237427
17143,7.262223243713379,11.855517387390137
17144,-1.7746727466583252,0.01920885592699051
17145,-1.1174393892288208,0.7230472564697266
17146,-2.209995746612549,-12.209579467773438
17147,2.8451216220855713,4.529424667358398
17148,-5.396325588226318,-12.831734657287598
17149,-6.175031661987305,-17.20164680480957
17150,11.478053092956543,3.7048025131225586
17151,-1.4873383045196533,-6.73012638092041
17152,12.58447551727295,-5.117094993591309
17153,2.678650140762329,-0.4103989899158478
17154,5.499151706695557,-3.6581618785858154
17155,22.423503875732422,5.688716888427734
17156,-2.5188257694244385,1.666422963142395
17157,22.286643981933594,10.665077209472656
17158,0.8883846402168274,-0.4777320325374603
17159,3.7374911308288574,10.477728843688965
17160,-4.614783763885498,1.6939644813537598
17161,5.872849941253662,1.8820617198944092
17162,5.010695934295654,-2.78470778465271
17163,4.844424724578857,-8.140496253967285
17164,9.498030662536621,6.004073143005371
17165,2.187746286392212,-22.808006286621094
17166,0.004792004823684692,0.14154359698295593
17167,9.272226333618164,5.904269218444824
17168,4.871605396270752,-8.964940071105957
17169,8.153634071350098,4.826456069946289
17170,17.068302154541016,2.917384147644043
17171,-2.47109317779541,3.760493040084839
17172,5.032268047332764,-0.8332799077033997
17173,11.678647994995117,7.731367111206055
17174,0.6452543139457703,-0.6894471645355225
17175,-1.035840630531311,1.5636097192764282
17176,4.034689426422119,5.599761009216309
17177,13.316612243652344,6.047837257385254
17178,9.304009437561035,7.4125847816467285
17179,1.0111982822418213,-0.70819491147995
17180,11.236981391906738,2.2423324584960938
17181,5.187642574310303,-2.3291964530944824
17182,6.004968643188477,4.439974784851074
17183,-1.2503316402435303,-9.566424369812012
17184,14.12855052947998,10.622326850891113
17185,3.198057174682617,-2.4652395248413086
17186,2.239196538925171,3.687810182571411
17187,-4.811734676361084,1.8147506713867188
17188,0.08395303785800934,3.558708906173706
17189,10.177289962768555,-7.132063388824463
17190,5.138237476348877,6.643106460571289
17191,5.313900470733643,-8.793181419372559
17192,14.464371681213379,7.084743976593018
17193,2.6021692752838135,-0.06232666224241257
17194,9.087419509887695,2.1760764122009277
17195,7.8426032066345215,2.7187349796295166
17196,-0.7281650900840759,-7.354100704193115
17197,-1.3231194019317627,-7.826379776000977
17198,10.623316764831543,4.378884315490723
17199,15.070347785949707,7.955549240112305
17200,11.395501136779785,0.613404393196106
17201,20.66470718383789,10.315166473388672
17202,8.917116165161133,6.789634704589844
17203,-0.5740517377853394,-6.322281837463379
17204,15.075394630432129,-2.463681221008301
17205,22.53110694885254,10.858587265014648
17206,-0.9560300707817078,-12.463391304016113
17207,-0.3878094553947449,-6.470884799957275
17208,2.538618564605713,-2.517718553543091
17209,12.370255470275879,9.66126823425293
17210,-1.5030659437179565,1.298524022102356
17211,1.7645339965820312,-0.13790619373321533
17212,0.1183917373418808,-1.4740122556686401
17213,-9.465469360351562,-11.75417423248291
17214,-2.8230907917022705,-4.225841045379639
17215,-1.961991786956787,-2.5622031688690186
17216,3.8463289737701416,0.9120445251464844
17217,2.153974771499634,0.3465205430984497
17218,-0.09116001427173615,-8.672286987304688
17219,-7.045640468597412,-14.940779685974121
17220,12.339162826538086,-9.337958335876465
17221,-4.655716419219971,-5.87089729309082
17222,1.8547511100769043,4.893749713897705
17223,5.299778461456299,-8.569643020629883
17224,3.817136287689209,4.158689498901367
17225,10.293119430541992,-4.256084442138672
17226,3.464028835296631,6.602602958679199
17227,-0.4538295269012451,-3.5438287258148193
17228,13.220519065856934,2.7511918544769287
17229,-2.0202255249023438,2.0227701663970947
17230,2.5664799213409424,-5.334422588348389
17231,-0.8871803283691406,4.918564796447754
17232,4.886735916137695,-3.9707038402557373
17233,3.350881338119507,-2.2705538272857666
17234,-14.403538703918457,-11.239251136779785
17235,0.6787473559379578,1.7603719234466553
17236,0.33633238077163696,-3.513878345489502
17237,-0.0534166544675827,-0.10131066292524338
17238,14.682595252990723,1.9819785356521606
17239,10.867422103881836,1.5816028118133545
17240,3.989962339401245,0.23596733808517456
17241,2.5437281131744385,10.954850196838379
17242,11.32966423034668,8.26492977142334
17243,20.78157615661621,0.10357715934515
17244,2.8948068618774414,2.1051597595214844
17245,10.244290351867676,-1.0768463611602783
17246,-6.893762588500977,-14.661872863769531
17247,21.83601951599121,10.284612655639648
17248,-3.824705123901367,-2.8137457370758057
17249,16.69850730895996,7.920862197875977
17250,5.084586143493652,1.3980270624160767
17251,3.403449773788452,12.448885917663574
17252,22.496898651123047,10.399866104125977
17253,-11.131807327270508,-6.756417274475098
17254,-4.519588947296143,0.13075336813926697
17255,21.3525333404541,10.596601486206055
17256,-5.972629070281982,-9.125490188598633
17257,2.7527143955230713,2.735585927963257
17258,-0.9849650859832764,-0.3936851918697357
17259,1.7118723392486572,-8.864529609680176
17260,0.48330897092819214,-2.743955612182617
17261,-0.06558884680271149,3.2923872470855713
17262,21.28763771057129,5.702944755554199
17263,-6.645749568939209,-4.283412933349609
17264,-10.31633472442627,-10.810078620910645
17265,0.23053906857967377,3.5881688594818115
17266,4.572816848754883,12.627585411071777
17267,13.377230644226074,8.869291305541992
17268,0.26052653789520264,0.13191567361354828
17269,-1.1902461051940918,0.7526756525039673
17270,3.9355175495147705,-2.9390547275543213
17271,-7.115482330322266,-4.688959121704102
17272,4.310404300689697,11.536989212036133
17273,5.901684284210205,5.431159973144531
17274,3.000925302505493,-7.069746971130371
17275,4.109190940856934,0.4865754246711731
17276,19.832603454589844,0.9179480075836182
17277,-3.663811206817627,-2.0879483222961426
17278,9.655019760131836,2.3396518230438232
17279,3.887072801589966,7.762068271636963
17280,21.838817596435547,4.545163154602051
17281,19.058013916015625,8.417943954467773
17282,8.057616233825684,5.679715156555176
17283,3.457310438156128,0.04232611507177353
17284,-5.788470268249512,-15.013306617736816
17285,18.770238876342773,0.4423300325870514
17286,21.725797653198242,4.5032453536987305
17287,0.0013051480054855347,3.230297088623047
17288,21.870769500732422,9.901849746704102
17289,-0.29300230741500854,2.9927871227264404
17290,4.485355377197266,6.616512298583984
17291,1.4116690158843994,9.730658531188965
17292,1.9128470420837402,-3.507467031478882
17293,5.1324076652526855,3.323812246322632
17294,18.620450973510742,10.302291870117188
17295,-2.717475652694702,-11.805017471313477
17296,12.589425086975098,2.2339019775390625
17297,4.112734317779541,-1.6460566520690918
17298,1.9188015460968018,0.08126770704984665
17299,2.784961223602295,-1.4314982891082764
17300,-1.0410370826721191,0.980487585067749
17301,22.672801971435547,4.027102470397949
17302,-2.9905216693878174,1.7973287105560303
17303,-5.857527256011963,-5.591238975524902
17304,-1.2183419466018677,4.939367294311523
17305,3.4391696453094482,4.934630870819092
17306,-1.1132757663726807,1.193952202796936
17307,-5.893380641937256,4.372506141662598
17308,17.01907730102539,-2.6580212116241455
17309,5.364405155181885,-1.9482052326202393
17310,-3.7093775272369385,0.12082120031118393
17311,-1.9722955226898193,2.236569881439209
17312,1.9465522766113281,-6.100184440612793
17313,4.973283767700195,-10.677807807922363
17314,3.013131856918335,-1.9837918281555176
17315,4.613598346710205,-2.8823461532592773
17316,4.4616827964782715,2.743352174758911
17317,-4.1313323974609375,1.7087465524673462
17318,12.893294334411621,5.401590347290039
17319,-5.384757995605469,-10.49316692352295
17320,0.014599606394767761,3.5447914600372314
17321,18.017955780029297,1.355656623840332
17322,14.866686820983887,5.503589153289795
17323,-2.710075855255127,-7.47596549987793
17324,4.29461145401001,13.236735343933105
17325,6.688187122344971,0.9753867387771606
17326,-1.743147373199463,-2.3638741970062256
17327,7.9202046394348145,-6.892401695251465
17328,16.11745834350586,-1.0043644905090332
17329,3.2271053791046143,4.897988796234131
17330,-15.06404972076416,-9.490708351135254
17331,5.6082682609558105,0.42871588468551636
17332,20.297502517700195,7.582082748413086
17333,8.143608093261719,-4.666301250457764
17334,-4.818689346313477,-2.8287057876586914
17335,-3.1482152938842773,-3.2868878841400146
17336,-5.468517780303955,-2.6190574169158936
17337,12.579351425170898,-8.2139310836792
17338,-2.4130585193634033,1.462086796760559
17339,7.036875247955322,0.0011896118521690369
17340,-2.539353609085083,-0.09974438697099686
17341,-6.839700698852539,5.8359174728393555
17342,18.83665657043457,10.433802604675293
17343,3.7806663513183594,-2.6878297328948975
17344,9.632040023803711,-0.8218470215797424
17345,-2.113675355911255,1.0927832126617432
17346,12.27153205871582,-1.6661617755889893
17347,8.146529197692871,-2.494640827178955
17348,-9.954212188720703,-9.804821014404297
17349,18.077653884887695,6.0592241287231445
17350,8.21435260772705,-2.6095855236053467
17351,11.265886306762695,6.279626846313477
17352,15.289068222045898,-0.18049761652946472
17353,1.2666866779327393,0.1571095883846283
17354,6.962487697601318,-2.991537570953369
17355,-7.075583457946777,-8.507092475891113
17356,2.7047150135040283,2.3391361236572266
17357,1.9363412857055664,3.0045864582061768
17358,1.8573400974273682,3.51772403717041
17359,19.797534942626953,5.343494892120361
17360,11.036225318908691,3.725832223892212
17361,-4.326077938079834,1.3627792596817017
17362,-0.5451467037200928,1.152660608291626
17363,16.73464584350586,6.065968036651611
17364,6.164003372192383,0.9165139198303223
17365,-4.6324992179870605,2.333164691925049
17366,1.880723237991333,-3.19023060798645
17367,0.2721993923187256,4.197941780090332
17368,-5.827877998352051,-25.402353286743164
17369,6.124192714691162,-5.533751964569092
17370,0.4511721134185791,0.5467057824134827
17371,1.8337295055389404,-3.5558433532714844
17372,6.349950790405273,6.580585956573486
17373,9.619662284851074,7.424779891967773
17374,13.120607376098633,9.838837623596191
17375,3.5795719623565674,-2.763657331466675
17376,-1.459329605102539,7.114502906799316
17377,-4.185349941253662,-3.339082956314087
17378,5.201963424682617,-5.7671403884887695
17379,0.8260398507118225,2.204636573791504
17380,-1.3126788139343262,-1.313171625137329
17381,3.5195775032043457,0.3311045467853546
17382,-6.830384731292725,-4.71043062210083
17383,9.48884105682373,8.121225357055664
17384,1.3899171352386475,4.186363220214844
17385,0.8028984665870667,7.745180130004883
17386,-3.221724033355713,4.470724105834961
17387,0.6547651886940002,8.334609985351562
17388,-0.33302146196365356,-0.4276857078075409
17389,2.2413108348846436,4.485905647277832
17390,-0.23970229923725128,-1.1844658851623535
17391,6.320309638977051,-2.0773539543151855
17392,14.617932319641113,10.6184720993042
17393,23.30513572692871,9.447540283203125
17394,1.7200721502304077,-3.4939279556274414
17395,5.533429145812988,-3.855327606201172
17396,2.6571478843688965,-4.063468933105469
17397,-4.317301273345947,2.0387110710144043
17398,12.553947448730469,4.30647087097168
17399,2.8145222663879395,-0.6420908570289612
17400,8.255550384521484,6.754873275756836
17401,4.598596572875977,5.815956115722656
17402,3.010483980178833,10.914780616760254
17403,7.894877910614014,7.028158664703369
17404,-3.0069282054901123,-2.279891014099121
17405,1.9396705627441406,-0.28966718912124634
17406,-2.449916124343872,1.9034552574157715
17407,9.808334350585938,7.654763221740723
17408,2.8698267936706543,-4.954243183135986
17409,3.7569360733032227,-10.887986183166504
17410,-4.059507369995117,-0.07017118483781815
17411,-0.4439760446548462,0.8249832987785339
17412,-5.747082233428955,-6.1037187576293945
17413,3.5502610206604004,5.29296350479126
17414,1.8465814590454102,-3.1813509464263916
17415,0.22951050102710724,3.8523547649383545
17416,20.38660430908203,11.380636215209961
17417,12.120076179504395,5.879149913787842
17418,-0.16381651163101196,-0.06412360817193985
17419,1.3101129531860352,0.5790623426437378
17420,-1.005986213684082,0.3421469032764435
17421,16.78759765625,-0.22098001837730408
17422,7.37684440612793,0.7238837480545044
17423,-3.543409585952759,0.5038016438484192
17424,-12.111235618591309,-8.308671951293945
17425,-0.9592285752296448,-3.1496455669403076
17426,-7.943196773529053,-8.360108375549316
17427,4.64393949508667,-3.4750993251800537
17428,0.44142115116119385,1.1449589729309082
17429,0.10748125612735748,-1.7002429962158203
17430,1.3639986515045166,4.6367106437683105
17431,12.868428230285645,8.204355239868164
17432,-7.567887306213379,-2.854991912841797
17433,4.753378391265869,-2.8826522827148438
17434,2.27150297164917,5.848821640014648
17435,1.252920389175415,8.694108963012695
17436,-0.6293426156044006,0.7792445421218872
17437,5.1310858726501465,-3.775421380996704
17438,0.10681609809398651,4.955537796020508
17439,-4.676982879638672,-14.782755851745605
17440,0.28843963146209717,0.48789235949516296
17441,-9.005006790161133,-2.5094258785247803
17442,-0.19734717905521393,-2.7188303470611572
17443,5.848378658294678,-2.532357692718506
17444,-9.911347389221191,-3.1556713581085205
17445,6.70375394821167,10.006473541259766
17446,-0.055413618683815,2.961153268814087
17447,3.427244186401367,0.19664719700813293
17448,-0.20195619761943817,-4.014047622680664
17449,-6.76361608505249,-5.99542236328125
17450,20.456396102905273,8.409088134765625
17451,22.640445709228516,9.101286888122559
17452,-0.8388757109642029,-2.928072452545166
17453,-1.319612979888916,-5.556527137756348
17454,4.719162464141846,-3.0046794414520264
17455,6.514808177947998,5.462862491607666
17456,3.516343832015991,4.819510459899902
17457,-5.485722064971924,-5.468703269958496
17458,-4.19218635559082,-1.6645182371139526
17459,0.1704045981168747,3.885028123855591
17460,14.221283912658691,11.236668586730957
17461,3.0793964862823486,-0.16356390714645386
17462,1.8588683605194092,-0.4644816815853119
17463,1.0556460618972778,-1.4334746599197388
17464,-4.979528427124023,-3.3178656101226807
17465,3.5443923473358154,4.1521711349487305
17466,1.7892274856567383,4.961639881134033
17467,2.1638851165771484,6.61513614654541
17468,-2.576403856277466,-2.476759433746338
17469,-9.542000770568848,-7.973476409912109
17470,2.3078248500823975,10.173839569091797
17471,21.734323501586914,-5.783976078033447
17472,12.292098045349121,-3.353888750076294
17473,20.826160430908203,3.897488832473755
17474,-3.1788768768310547,-15.593388557434082
17475,-3.0622591972351074,0.5323251485824585
17476,-1.8313205242156982,-1.8038334846496582
17477,15.538834571838379,10.151421546936035
17478,-7.309567928314209,5.904511451721191
17479,6.395208358764648,-1.7825945615768433
17480,0.7692117691040039,3.7007861137390137
17481,4.463634967803955,-0.006767250597476959
17482,4.5581536293029785,-2.6391866207122803
17483,2.3802926540374756,9.572128295898438
17484,12.274767875671387,9.891694068908691
17485,0.21560730040073395,1.0397238731384277
17486,16.376644134521484,5.56085205078125
17487,3.9758317470550537,6.956182479858398
17488,10.187095642089844,8.31608772277832
17489,7.822524547576904,-6.577966690063477
17490,5.446969985961914,1.7046654224395752
17491,-0.21404965221881866,0.918435275554657
17492,23.64841079711914,9.79387378692627
17493,18.830278396606445,-0.9474837779998779
17494,-7.238851070404053,-25.74821662902832
17495,24.21291160583496,6.623805046081543
17496,7.850975513458252,-1.9678211212158203
17497,1.271376371383667,-0.028084300458431244
17498,4.138012409210205,-1.9563720226287842
17499,5.85183572769165,1.451761245727539
17500,-0.38945484161376953,-1.5471192598342896
17501,-13.708775520324707,-10.642526626586914
17502,1.0740076303482056,-0.07099542766809464
17503,3.689697027206421,-0.9765989780426025
17504,2.3107247352600098,-0.9737138748168945
17505,22.180316925048828,8.765437126159668
17506,19.371475219726562,7.503141403198242
17507,-1.495945692062378,-2.0031025409698486
17508,3.3597824573516846,-15.12553882598877
17509,1.8088055849075317,1.3116017580032349
17510,-0.3937441408634186,0.2309478521347046
17511,0.9944537281990051,2.6475608348846436
17512,-18.19001007080078,-11.835226058959961
17513,7.868160724639893,5.689764499664307
17514,-3.8629117012023926,2.9981069564819336
17515,-9.341897964477539,-8.728736877441406
17516,3.3952877521514893,6.447491645812988
17517,6.304768085479736,8.806962013244629
17518,-1.8237099647521973,-1.0742305517196655
17519,-8.306245803833008,-19.62855339050293
17520,-1.4835951328277588,-0.09999118000268936
17521,-2.932164430618286,1.8586236238479614
17522,-12.75352954864502,-12.079141616821289
17523,3.1351969242095947,6.122345924377441
17524,16.054370880126953,-8.64637279510498
17525,-1.7274643182754517,1.9680030345916748
17526,1.3767259120941162,-0.2737114131450653
17527,-3.40067982673645,-15.39899730682373
17528,12.441492080688477,0.49237456917762756
17529,6.130534648895264,0.7816709280014038
17530,7.472225666046143,3.893254518508911
17531,-3.026970386505127,1.3562636375427246
17532,6.514876842498779,3.736294984817505
17533,8.255616188049316,-4.530428886413574
17534,0.6135694980621338,4.666034698486328
17535,0.6103700399398804,0.006653927266597748
17536,0.6761947274208069,8.531994819641113
17537,10.168606758117676,5.880945205688477
17538,-0.04972071945667267,-3.848536252975464
17539,7.242086410522461,-5.148833274841309
17540,2.2277047634124756,-0.7196480631828308
17541,3.322831630706787,3.3049111366271973
17542,0.31720536947250366,3.676844596862793
17543,12.497457504272461,4.31584358215332
17544,12.086528778076172,-1.6464757919311523
17545,2.325204849243164,-0.6811951398849487
17546,0.8000615239143372,0.34597912430763245
17547,-3.2584664821624756,-9.727234840393066
17548,-1.4157366752624512,-2.040332555770874
17549,-2.256070137023926,-3.8926899433135986
17550,19.86268424987793,7.486269950866699
17551,1.7613450288772583,3.329449415206909
17552,-6.005504131317139,-1.5533305406570435
17553,3.9294660091400146,6.033679008483887
17554,13.1644287109375,3.860708475112915
17555,-11.621255874633789,-10.718602180480957
17556,12.673836708068848,5.836065292358398
17557,-12.040526390075684,-8.993390083312988
17558,9.56992244720459,3.422027349472046
17559,-12.515299797058105,-15.316878318786621
17560,5.31725549697876,4.7999467849731445
17561,3.083911657333374,11.164412498474121
17562,12.64724063873291,10.243199348449707
17563,13.191929817199707,1.3343071937561035
17564,3.8530547618865967,6.87424373626709
17565,3.162107467651367,0.9064041972160339
17566,3.9122703075408936,8.418073654174805
17567,2.6852309703826904,-1.1303050518035889
17568,4.439881324768066,4.893824577331543
17569,10.643834114074707,-1.3066847324371338
17570,3.517627239227295,-3.102947950363159
17571,2.014813184738159,-0.5750037431716919
17572,23.671646118164062,10.161334037780762
17573,3.5771002769470215,4.49381685256958
17574,0.6678218841552734,-7.886378288269043
17575,-2.501889228820801,-1.855280876159668
17576,-2.5046074390411377,-5.696677207946777
17577,2.1374313831329346,7.613020896911621
17578,2.993177652359009,11.864489555358887
17579,13.29944896697998,0.13446569442749023
17580,15.996794700622559,9.142451286315918
17581,0.9488149285316467,0.469822496175766
17582,4.438165187835693,-1.8568511009216309
17583,12.074601173400879,-5.2919087409973145
17584,6.637393474578857,5.24411678314209
17585,-1.8879401683807373,-1.2116211652755737
17586,2.8826358318328857,5.627673149108887
17587,4.4141974449157715,13.282849311828613
17588,6.125359058380127,4.499178886413574
17589,1.4124356508255005,0.9471787214279175
17590,0.07007388770580292,-5.396580219268799
17591,-2.136841058731079,0.5481376647949219
17592,2.758793592453003,-0.5869702100753784
17593,-11.946846961975098,-12.641703605651855
17594,-0.9690137505531311,4.653945446014404
17595,1.2252562046051025,-0.32662779092788696
17596,12.857077598571777,-0.3192037045955658
17597,17.723655700683594,-3.7975594997406006
17598,2.5199038982391357,6.5874505043029785
17599,4.114391326904297,-8.783953666687012
17600,4.6899495124816895,-7.738868713378906
17601,11.877906799316406,-7.709841728210449
17602,-11.498688697814941,-7.681298732757568
17603,-4.410146236419678,-3.7040207386016846
17604,-2.368544340133667,0.5087799429893494
17605,-0.22912868857383728,1.2915384769439697
17606,19.998783111572266,7.961862564086914
17607,3.7825207710266113,3.1350011825561523
17608,-3.0614728927612305,-14.552042007446289
17609,2.2107436656951904,4.534199237823486
17610,1.1917517185211182,0.5252565145492554
17611,4.083962440490723,-0.01103142648935318
17612,-2.6410210132598877,2.2638018131256104
17613,0.363835871219635,-2.306997776031494
17614,-9.572981834411621,-17.414276123046875
17615,4.9106364250183105,1.5565968751907349
17616,1.9412841796875,2.0078165531158447
17617,3.1409149169921875,1.1425538063049316
17618,-3.142592668533325,-0.975548267364502
17619,-2.7774739265441895,-7.139294624328613
17620,0.6150163412094116,6.3444671630859375
17621,4.956068992614746,0.2725681960582733
17622,2.63767671585083,2.3371737003326416
17623,-8.392511367797852,-8.64242172241211
17624,-1.3750149011611938,1.0414555072784424
17625,-8.881091117858887,-7.630221843719482
17626,-0.6075192093849182,7.0057549476623535
17627,20.095094680786133,9.097237586975098
17628,-5.870541572570801,-5.934392929077148
17629,13.488167762756348,10.391962051391602
17630,4.30194616317749,11.91650390625
17631,-5.248344898223877,-6.904373645782471
17632,4.22129487991333,5.343113899230957
17633,11.508429527282715,0.32071760296821594
17634,4.219842433929443,5.707906723022461
17635,-3.2864320278167725,3.6488335132598877
17636,-9.701403617858887,5.589962959289551
17637,22.237869262695312,3.7550456523895264
17638,0.2050103396177292,-6.980424880981445
17639,-13.693469047546387,-6.338214874267578
17640,-2.5803778171539307,-13.049050331115723
17641,6.1646809577941895,-1.478313684463501
17642,-4.854278087615967,-4.558078289031982
17643,1.3236026763916016,0.823728084564209
17644,2.1973702907562256,-1.5509859323501587
17645,7.38618803024292,1.9485442638397217
17646,3.0712621212005615,2.128694534301758
17647,-1.2106530666351318,0.7437653541564941
17648,0.459544837474823,3.151348829269409
17649,1.8597757816314697,-5.469779014587402
17650,13.178024291992188,-5.708776473999023
17651,3.9633562564849854,11.20630931854248
17652,2.450105905532837,10.703557968139648
17653,11.4147367477417,-0.5533277988433838
17654,-0.4700213074684143,-4.239912986755371
17655,11.746637344360352,8.078468322753906
17656,-3.126721143722534,-5.384050369262695
17657,-5.130120754241943,-4.736427307128906
17658,10.890982627868652,-2.728085517883301
17659,-2.027963876724243,-0.832213282585144
17660,-1.3333022594451904,-3.376340866088867
17661,6.7018256187438965,-5.215865135192871
17662,24.374528884887695,10.391559600830078
17663,2.461200475692749,-2.0413827896118164
17664,0.47671419382095337,-1.4647775888442993
17665,1.9712975025177002,-5.269916534423828
17666,7.666049003601074,7.482545852661133
17667,3.631035804748535,-6.102107524871826
17668,2.719475269317627,7.519442558288574
17669,5.782068252563477,4.50048828125
17670,2.353386640548706,-1.861210584640503
17671,7.0606913566589355,9.852075576782227
17672,11.363317489624023,8.764117240905762
17673,-3.1048409938812256,0.7859228849411011
17674,4.324561595916748,0.3015575706958771
17675,5.077403545379639,1.4717903137207031
17676,6.6369099617004395,5.2978315353393555
17677,-4.140392780303955,-1.504948616027832
17678,2.025588035583496,1.351332187652588
17679,16.90662384033203,3.903519868850708
17680,5.457149982452393,0.9493748545646667
17681,3.240168571472168,-1.842431902885437
17682,-4.9470696449279785,-3.1285791397094727
17683,-3.4750871658325195,0.4897148311138153
17684,6.232100963592529,4.370611667633057
17685,16.924421310424805,2.6928579807281494
17686,5.236069679260254,-3.6414687633514404
17687,20.619548797607422,8.087064743041992
17688,12.41221809387207,0.32477161288261414
17689,-2.448887586593628,-7.22528076171875
17690,-9.129132270812988,-19.490907669067383
17691,3.8845598697662354,6.904914855957031
17692,-4.102192401885986,1.6158655881881714
17693,13.027450561523438,0.5886974334716797
17694,13.431529998779297,6.668121814727783
17695,0.9970865845680237,9.257485389709473
17696,1.3084609508514404,3.153926134109497
17697,6.838206768035889,5.795886993408203
17698,3.81496000289917,8.844805717468262
17699,4.611207008361816,11.451704978942871
17700,-9.09514331817627,-21.454023361206055
17701,-0.5904759764671326,0.5553796887397766
17702,-1.6977671384811401,6.482759475708008
17703,-15.413875579833984,-14.88669204711914
17704,-0.6635738611221313,3.4953627586364746
17705,6.8741326332092285,1.1454269886016846
17706,16.040218353271484,-4.5177001953125
17707,-0.88601154088974,-2.774014472961426
17708,2.659069299697876,-2.1812078952789307
17709,1.8523778915405273,-1.777374505996704
17710,13.736187934875488,1.1066229343414307
17711,17.854843139648438,10.526297569274902
17712,1.4062042236328125,-0.1955389380455017
17713,11.153164863586426,3.551767349243164
17714,-5.675044536590576,-14.006946563720703
17715,-0.5522988438606262,-8.706197738647461
17716,3.2973906993865967,-1.7379717826843262
17717,-5.208102703094482,-3.4048078060150146
17718,17.23830795288086,-5.790931224822998
17719,1.1569124460220337,-5.746125221252441
17720,10.72558307647705,-7.975879669189453
17721,1.311909794807434,-4.204113483428955
17722,2.2168447971343994,-2.971825361251831
17723,23.274564743041992,10.333681106567383
17724,-7.159183025360107,-7.103200912475586
17725,-8.055198669433594,-8.857400894165039
17726,-6.916323184967041,-26.321088790893555
17727,-4.1507415771484375,-3.4871490001678467
17728,-4.385552406311035,-14.97188663482666
17729,-2.2587926387786865,-0.7177836894989014
17730,-8.42091178894043,-5.462116241455078
17731,3.22536563873291,5.220803260803223
17732,10.20413875579834,-7.559216499328613
17733,2.6095669269561768,3.3602330684661865
17734,2.3871967792510986,-1.0068063735961914
17735,18.18338394165039,2.84930419921875
17736,0.6627039313316345,8.386670112609863
17737,11.267048835754395,9.182612419128418
17738,-6.634108066558838,4.020556449890137
17739,-0.9047310948371887,3.508305788040161
17740,5.238046646118164,-3.2108843326568604
17741,0.43474721908569336,5.435614109039307
17742,9.539742469787598,8.412618637084961
17743,22.340808868408203,10.589320182800293
17744,9.840662956237793,-4.145712375640869
17745,-1.888144612312317,-1.578474998474121
17746,7.427428245544434,5.5855536460876465
17747,-4.589532852172852,-8.629334449768066
17748,-0.29252511262893677,0.6661800146102905
17749,6.610099792480469,2.6504387855529785
17750,6.224414825439453,5.102437973022461
17751,-2.4968314170837402,1.7088356018066406
17752,-1.0104092359542847,1.0297174453735352
17753,1.739416480064392,-0.1699388325214386
17754,5.2404327392578125,-5.064907073974609
17755,0.6056986451148987,7.238121032714844
17756,2.515044689178467,4.075130462646484
17757,5.915544509887695,-2.835240125656128
17758,-4.897590160369873,-16.71938133239746
17759,-11.032713890075684,-9.642521858215332
17760,-17.816938400268555,-13.457976341247559
17761,1.0919840335845947,0.9652522802352905
17762,0.9243174195289612,4.942087650299072
17763,-2.8294131755828857,1.672605276107788
17764,2.5485970973968506,3.596849203109741
17765,9.194830894470215,3.464367628097534
17766,-3.1288416385650635,-9.171592712402344
17767,-5.474437713623047,-4.355170249938965
17768,1.2956421375274658,6.307380676269531
17769,7.674750328063965,5.430109024047852
17770,-0.5313740372657776,5.625051975250244
17771,-1.372601866722107,-1.8268579244613647
17772,-3.7253048419952393,-3.2345595359802246
17773,0.5546380877494812,3.4111526012420654
17774,16.216365814208984,-7.06330680847168
17775,3.074352979660034,9.795658111572266
17776,2.162057876586914,8.870087623596191
17777,-4.498345851898193,-11.311692237854004
17778,-2.6118574142456055,-3.7036354541778564
17779,-11.31066608428955,-9.27068042755127
17780,-4.594738006591797,-3.805352210998535
17781,21.13248062133789,10.919189453125
17782,23.382617950439453,10.806801795959473
17783,-0.6387235522270203,1.0978941917419434
17784,-3.6482961177825928,2.6843225955963135
17785,-8.592888832092285,-12.390215873718262
17786,3.210280418395996,4.60731315612793
17787,9.81954288482666,8.508915901184082
17788,-0.9689942002296448,0.9730365872383118
17789,-1.2551398277282715,-15.29118537902832
17790,1.306172251701355,-3.1016101837158203
17791,5.683184623718262,5.369729995727539
17792,0.023405000567436218,2.783493757247925
17793,-1.6087970733642578,-2.3599002361297607
17794,0.41580790281295776,-4.2431159019470215
17795,3.2517597675323486,-1.0353962182998657
17796,-0.6580448746681213,1.9116096496582031
17797,12.174776077270508,-3.774336576461792
17798,3.4779255390167236,0.7829552292823792
17799,-2.81766676902771,0.7673182487487793
17800,22.79677391052246,3.9627017974853516
17801,12.74463176727295,-1.8183482885360718
17802,-15.837233543395996,-8.872170448303223
17803,13.5859956741333,9.000234603881836
17804,-15.266901969909668,-11.566018104553223
17805,1.151904821395874,-4.7565717697143555
17806,8.05405330657959,-4.924244403839111
17807,4.23884916305542,10.574349403381348
17808,16.33306121826172,7.030221462249756
17809,3.570359945297241,3.287440299987793
17810,-11.500348091125488,-14.942916870117188
17811,1.2404054403305054,2.7974512577056885
17812,2.432832717895508,-0.9775876998901367
17813,20.158920288085938,9.062823295593262
17814,4.966275691986084,5.143300533294678
17815,8.009872436523438,-3.18086314201355
17816,-0.043193519115448,2.087465524673462
17817,2.8585050106048584,-9.474897384643555
17818,16.456336975097656,3.047250986099243
17819,14.276921272277832,-4.939080238342285
17820,-10.310359954833984,-19.551937103271484
17821,-3.5302655696868896,0.8052583336830139
17822,4.520659446716309,1.4030920267105103
17823,16.959495544433594,5.258536338806152
17824,21.490798950195312,7.104923248291016
17825,7.949263095855713,0.6596349477767944
17826,12.913814544677734,6.41317081451416
17827,-1.3039379119873047,4.198419570922852
17828,4.3010101318359375,4.118826389312744
17829,-0.21775205433368683,-0.8221051692962646
17830,-3.271284341812134,-3.050121545791626
17831,-3.706986427307129,-1.2720093727111816
17832,4.2074737548828125,-0.5879709720611572
17833,13.673898696899414,-4.502588272094727
17834,1.8952088356018066,0.29496997594833374
17835,-1.9986696243286133,3.963959217071533
17836,-2.079838752746582,0.7575798630714417
17837,-13.497328758239746,-5.542882919311523
17838,0.5910321474075317,5.13771390914917
17839,4.0922980308532715,0.47028473019599915
17840,23.612031936645508,9.549695014953613
17841,-1.4522926807403564,8.648176193237305
17842,13.710597038269043,-6.73464298248291
17843,-0.31671053171157837,1.1606647968292236
17844,1.5366413593292236,5.347493648529053
17845,5.5193610191345215,2.2048168182373047
17846,2.0004189014434814,1.6378732919692993
17847,3.2857391834259033,-3.929766893386841
17848,23.396926879882812,10.032083511352539
17849,4.03941011428833,-2.1780877113342285
17850,0.3311397433280945,4.33047342300415
17851,1.6148297786712646,-9.309662818908691
17852,22.4362850189209,10.592482566833496
17853,-3.2091052532196045,-5.506945610046387
17854,19.769367218017578,10.32337474822998
17855,3.21452260017395,6.930138111114502
17856,-1.018221139907837,1.2407861948013306
17857,-7.16475772857666,-12.225414276123047
17858,-2.3038110733032227,-0.4230269491672516
17859,23.474679946899414,9.621756553649902
17860,8.370433807373047,-0.7799072265625
17861,17.303163528442383,-6.022387504577637
17862,3.700462579727173,5.796485424041748
17863,4.022441387176514,-1.8532390594482422
17864,0.5149092674255371,4.73323917388916
17865,-7.001180171966553,-6.493127822875977
17866,5.453367233276367,15.043623924255371
17867,0.37332016229629517,-0.674103856086731
17868,-8.236665725708008,-2.0643930435180664
17869,-7.25093412399292,-4.163884162902832
17870,-15.633328437805176,-6.654387950897217
17871,14.865675926208496,-6.837098121643066
17872,2.5459001064300537,9.363003730773926
17873,-4.546621322631836,2.357267141342163
17874,-1.0212197303771973,-17.67096710205078
17875,4.865493297576904,4.551189422607422
17876,-4.341515064239502,-9.744183540344238
17877,-0.044990792870521545,-3.7985665798187256
17878,-10.802742958068848,-3.3693530559539795
17879,-2.960958480834961,-1.2032883167266846
17880,2.204507350921631,-3.5701239109039307
17881,-3.371565580368042,2.037355661392212
17882,-7.11721134185791,-5.249184608459473
17883,3.5087664127349854,4.8722124099731445
17884,-3.287702798843384,-0.5743060111999512
17885,16.636184692382812,0.2924751341342926
17886,2.2865729331970215,-0.788963794708252
17887,4.7879414558410645,4.616420269012451
17888,-2.0596044063568115,-2.8065969944000244
17889,0.6810513138771057,8.503495216369629
17890,4.801004886627197,6.18092155456543
17891,16.548858642578125,-4.350823879241943
17892,-1.2636178731918335,-5.02482271194458
17893,1.6094151735305786,-6.895236968994141
17894,6.380888938903809,-1.1839501857757568
17895,17.132492065429688,5.3440141677856445
17896,-0.7376506924629211,-5.079372406005859
17897,7.490830421447754,-6.118886947631836
17898,14.933598518371582,6.972116470336914
17899,12.115941047668457,-2.649444818496704
17900,-0.6100559830665588,-3.051172971725464
17901,1.446121096611023,-0.6811608076095581
17902,14.558335304260254,1.3700587749481201
17903,2.742741584777832,0.45293065905570984
17904,7.2024455070495605,4.041683197021484
17905,12.510823249816895,-4.045597076416016
17906,2.3997035026550293,-0.7969391345977783
17907,8.531089782714844,-4.359050273895264
17908,4.928425312042236,3.580237865447998
17909,1.4122552871704102,0.7266817092895508
17910,-9.270508766174316,-7.924583435058594
17911,1.4012713432312012,0.935466468334198
17912,9.861871719360352,0.8764128088951111
17913,16.03826332092285,8.517145156860352
17914,4.502552509307861,5.700870513916016
17915,5.078432559967041,14.89805793762207
17916,-1.4830818176269531,-1.7661492824554443
17917,1.0575546026229858,0.9735374450683594
17918,6.3063578605651855,1.4492061138153076
17919,5.619544506072998,-4.803837776184082
17920,2.434370994567871,5.118066787719727
17921,-2.647390365600586,0.06630053371191025
17922,1.6601088047027588,2.0984058380126953
17923,-4.54990816116333,-2.7996456623077393
17924,-0.747199535369873,0.9540866613388062
17925,-0.7270117998123169,-5.542957305908203
17926,15.970698356628418,1.3742587566375732
17927,8.319476127624512,5.242833137512207
17928,5.614112377166748,0.8944005966186523
17929,5.0687432289123535,0.7797873020172119
17930,3.0638303756713867,-7.631516456604004
17931,-1.2772085666656494,1.0815284252166748
17932,11.524672508239746,5.307634353637695
17933,13.814404487609863,6.283660888671875
17934,0.2975212335586548,4.025815010070801
17935,-1.038404941558838,-0.43553218245506287
17936,14.102008819580078,10.414450645446777
17937,-7.135854244232178,-5.390007019042969
17938,0.9171915650367737,0.1263641119003296
17939,2.3459575176239014,7.695855140686035
17940,-16.98893165588379,-12.241633415222168
17941,-2.1878645420074463,-1.1623594760894775
17942,2.418447732925415,3.371042013168335
17943,14.998930931091309,7.175614356994629
17944,-13.576594352722168,-22.515756607055664
17945,20.202938079833984,2.465505361557007
17946,-14.083025932312012,-12.479340553283691
17947,8.833191871643066,-4.033116340637207
17948,17.04050636291504,8.148838996887207
17949,1.9416046142578125,-0.7023895978927612
17950,4.592103481292725,5.108283519744873
17951,-0.34740740060806274,-2.6427814960479736
17952,7.013796329498291,-11.830565452575684
17953,-0.6847090125083923,-6.88474178314209
17954,3.046105146408081,-1.2645931243896484
17955,-3.884234666824341,-1.8513003587722778
17956,8.21618366241455,-1.4089405536651611
17957,7.201463222503662,9.008533477783203
17958,5.694768905639648,1.6050745248794556
17959,2.279517889022827,4.633039474487305
17960,1.0942260026931763,-1.0279943943023682
17961,-1.0220602750778198,-3.516606092453003
17962,13.823430061340332,5.733635902404785
17963,2.4212350845336914,-7.493312835693359
17964,4.690454959869385,4.244250774383545
17965,14.878813743591309,6.596005439758301
17966,16.51124382019043,11.126025199890137
17967,7.318638324737549,0.2536078989505768
17968,-1.5287301540374756,-21.644485473632812
17969,0.1989840418100357,0.5818340182304382
17970,14.84918212890625,1.739108920097351
17971,18.975238800048828,5.202486991882324
17972,5.90012788772583,2.0311591625213623
17973,12.083657264709473,3.2171437740325928
17974,5.104250907897949,1.9060074090957642
17975,-1.8809744119644165,-6.655594825744629
17976,1.2067310810089111,-0.839995801448822
17977,-0.41482484340667725,0.29133710265159607
17978,-1.8377000093460083,-3.54414439201355
17979,18.1301212310791,1.3291159868240356
17980,0.05582435429096222,-0.13288569450378418
17981,5.325018405914307,5.491687297821045
17982,-13.555269241333008,-23.627544403076172
17983,5.65388822555542,-0.7734882235527039
17984,19.53998565673828,-2.017484664916992
17985,3.0066654682159424,0.8906781673431396
17986,1.7188949584960938,0.07888003438711166
17987,-2.995361089706421,0.9403818845748901
17988,2.64646577835083,-1.454113245010376
17989,4.716899394989014,7.939894676208496
17990,-0.5267425179481506,-0.38201791048049927
17991,1.7478622198104858,9.719365119934082
17992,8.323746681213379,-12.123618125915527
17993,-0.6785354018211365,0.9861621856689453
17994,-10.15726089477539,-3.383336305618286
17995,18.276723861694336,-1.2842085361480713
17996,3.2156550884246826,-5.9145379066467285
17997,0.06382100284099579,4.94993782043457
17998,-14.849461555480957,-9.617083549499512
17999,-4.894588470458984,-9.778828620910645
18000,1.7383081912994385,6.655679225921631
18001,-3.705394983291626,1.284305214881897
18002,-1.9335312843322754,-4.845841407775879
18003,6.084306240081787,-8.559488296508789
18004,-0.6928783059120178,0.5705617070198059
18005,-13.690022468566895,-5.3865509033203125
18006,-6.547770023345947,-3.5582945346832275
18007,-2.247220993041992,-1.7637548446655273
18008,15.080880165100098,-7.8348917961120605
18009,5.288357734680176,0.9008621573448181
18010,-1.3626770973205566,6.972834587097168
18011,3.602426767349243,5.575888633728027
18012,23.142074584960938,9.684468269348145
18013,10.9227294921875,7.261863708496094
18014,14.570003509521484,6.233713150024414
18015,10.513283729553223,-0.20081183314323425
18016,16.17108726501465,1.4708272218704224
18017,-2.1434366703033447,-18.65990447998047
18018,18.447683334350586,3.0297553539276123
18019,-0.44091957807540894,1.3821978569030762
18020,-0.2112392634153366,0.5024445652961731
18021,0.006114020943641663,1.7923429012298584
18022,12.958229064941406,-1.3129075765609741
18023,14.122418403625488,10.596948623657227
18024,4.33534574508667,-2.153761386871338
18025,1.6145100593566895,4.6648454666137695
18026,2.042212724685669,6.4446845054626465
18027,-1.2283692359924316,-5.294034004211426
18028,-7.684502124786377,-4.182992458343506
18029,17.130359649658203,11.09268856048584
18030,11.173487663269043,-3.1717517375946045
18031,1.2132521867752075,3.5620176792144775
18032,2.0057079792022705,-1.5999131202697754
18033,3.785402536392212,4.0755109786987305
18034,0.058873578906059265,-1.6395862102508545
18035,2.2260870933532715,-5.00321626663208
18036,21.63059425354004,8.527209281921387
18037,-1.1960512399673462,1.5617302656173706
18038,3.612314462661743,-8.801462173461914
18039,16.684499740600586,10.582047462463379
18040,10.64984130859375,-3.975963830947876
18041,17.546825408935547,4.677846431732178
18042,1.9752752780914307,2.531808853149414
18043,-10.037155151367188,-8.83864688873291
18044,2.7464799880981445,-7.042102813720703
18045,3.305375099182129,6.444074630737305
18046,-1.2614564895629883,-4.327607154846191
18047,-2.9150683879852295,-4.414072036743164
18048,-0.6407323479652405,0.2243455946445465
18049,1.7257369756698608,-2.2398407459259033
18050,2.9525463581085205,-8.031637191772461
18051,0.7313334345817566,3.765319585800171
18052,-6.9934797286987305,-7.178339004516602
18053,5.2943949699401855,-2.9948995113372803
18054,18.754093170166016,3.4397084712982178
18055,-9.608555793762207,-8.2044038772583
18056,1.038362979888916,7.517963886260986
18057,0.4364868998527527,5.210474491119385
18058,16.874364852905273,-4.040095329284668
18059,7.907561779022217,6.697070121765137
18060,3.390242576599121,-1.3501079082489014
18061,22.445194244384766,10.050025939941406
18062,14.490925788879395,-3.979322671890259
18063,-2.0245654582977295,-1.776639461517334
18064,22.816482543945312,11.342028617858887
18065,-0.09709297120571136,2.9801242351531982
18066,0.7750561237335205,0.12352120131254196
18067,-0.3498573899269104,0.208358496427536
18068,4.596712112426758,1.573667049407959
18069,17.516935348510742,5.9991679191589355
18070,-1.214806079864502,7.370115280151367
18071,3.192025899887085,-6.317779064178467
18072,4.468419075012207,-8.673396110534668
18073,-0.8716753125190735,1.1573964357376099
18074,5.351853847503662,6.1656365394592285
18075,6.7834649085998535,-1.7217597961425781
18076,-5.72833776473999,-13.130265235900879
18077,22.167415618896484,10.358488082885742
18078,0.6588705778121948,-1.5268007516860962
18079,-1.9858787059783936,-2.0744876861572266
18080,-3.872652769088745,0.608004093170166
18081,2.18538498878479,-1.508660078048706
18082,0.4765072464942932,5.121243000030518
18083,1.9266445636749268,2.7326579093933105
18084,17.47504997253418,-0.48826518654823303
18085,2.2732579708099365,-0.9542535543441772
18086,18.936676025390625,6.537195205688477
18087,11.023531913757324,-0.09467778354883194
18088,-3.569244861602783,0.8957540988922119
18089,-4.9906697273254395,1.1721880435943604
18090,2.7416646480560303,-0.6950991749763489
18091,-13.443097114562988,-18.880645751953125
18092,-5.825227737426758,-4.2835373878479
18093,0.7034902572631836,-3.5414040088653564
18094,0.2216823250055313,-3.140329599380493
18095,-2.706801176071167,-18.189220428466797
18096,4.544841289520264,-2.9144058227539062
18097,0.0972897857427597,3.4514808654785156
18098,1.9491970539093018,7.359447002410889
18099,-3.4080724716186523,0.7188187837600708
18100,4.82064962387085,-2.026358127593994
18101,1.2419068813323975,7.966962814331055
18102,-16.409622192382812,-14.434367179870605
18103,0.9832054972648621,1.264001727104187
18104,-1.7848986387252808,-1.7028093338012695
18105,0.41298919916152954,0.7498367428779602
18106,6.934833526611328,0.8752764463424683
18107,-1.2953370809555054,4.132197380065918
18108,2.2787394523620605,9.17054557800293
18109,4.375669479370117,5.281580924987793
18110,6.344367980957031,1.304821491241455
18111,16.540897369384766,8.862236022949219
18112,-3.961456537246704,0.9050417542457581
18113,6.9614338874816895,6.15378475189209
18114,5.071469783782959,-8.784029006958008
18115,4.096855640411377,0.1872204840183258
18116,5.735965251922607,12.504254341125488
18117,5.728671550750732,5.7502617835998535
18118,-6.757356643676758,-9.598441123962402
18119,19.56722640991211,4.05808162689209
18120,-4.783715724945068,-4.688249588012695
18121,-0.0015644878149032593,-0.24057015776634216
18122,-6.610278606414795,-3.897197961807251
18123,-2.3967745304107666,-0.8769470453262329
18124,10.823332786560059,1.7825977802276611
18125,5.545351028442383,3.917940616607666
18126,0.99167400598526,-3.41935658454895
18127,-2.1472911834716797,-4.61202335357666
18128,6.299991130828857,0.42382776737213135
18129,6.364250659942627,1.450991153717041
18130,21.07081413269043,5.816434383392334
18131,8.763957977294922,0.6380758285522461
18132,-13.244011878967285,-11.498839378356934
18133,5.395934581756592,5.632671356201172
18134,-10.739541053771973,-9.878294944763184
18135,7.340208530426025,-0.07157675176858902
18136,-0.7911937236785889,1.0397274494171143
18137,8.899476051330566,7.287491798400879
18138,1.9244611263275146,0.4662199318408966
18139,-4.109061241149902,-3.360902786254883
18140,5.774799823760986,3.686014413833618
18141,0.7732898592948914,4.324588775634766
18142,-1.746726632118225,2.1530251502990723
18143,-13.262961387634277,-23.078310012817383
18144,-2.8923375606536865,0.5658251047134399
18145,19.916040420532227,6.731590270996094
18146,4.770872592926025,13.413344383239746
18147,18.23468780517578,6.4034857749938965
18148,-4.545356273651123,-7.399935722351074
18149,4.62272310256958,-11.268343925476074
18150,0.10340283811092377,0.4087115526199341
18151,-1.9837160110473633,-0.9434378147125244
18152,0.34080368280410767,-0.052726782858371735
18153,-3.057171583175659,1.8722249269485474
18154,3.6558804512023926,-2.491703987121582
18155,-1.1959460973739624,-0.21935054659843445
18156,-6.0546698570251465,-5.865408420562744
18157,1.193756341934204,5.24384880065918
18158,7.5700531005859375,0.6190102696418762
18159,3.539858341217041,4.839645862579346
18160,0.5327151417732239,2.4334187507629395
18161,-6.217642307281494,2.5377025604248047
18162,5.2725396156311035,6.623292446136475
18163,-0.6645896434783936,-1.0484412908554077
18164,-3.2213308811187744,-0.9154882431030273
18165,-15.712848663330078,-12.599479675292969
18166,-2.0042219161987305,-0.3282157778739929
18167,10.891885757446289,7.511438369750977
18168,-10.182792663574219,-13.429413795471191
18169,9.103135108947754,4.9484758377075195
18170,-2.1283013820648193,0.003647319972515106
18171,-9.326621055603027,-6.234933376312256
18172,19.81026840209961,9.19328784942627
18173,3.6981332302093506,7.063082695007324
18174,3.0448524951934814,-2.2641656398773193
18175,-0.14041872322559357,-0.30006393790245056
18176,-2.724982738494873,-6.741696357727051
18177,1.0971977710723877,6.280353546142578
18178,2.7059991359710693,-4.420736312866211
18179,-6.024841785430908,3.4565589427948
18180,3.061957836151123,0.24251797795295715
18181,1.111452341079712,8.922402381896973
18182,12.923359870910645,4.511494159698486
18183,1.8901937007904053,-8.520965576171875
18184,4.534358024597168,6.7061567306518555
18185,-1.2727302312850952,-2.5909101963043213
18186,-1.8349733352661133,5.869762420654297
18187,12.164802551269531,-1.3727807998657227
18188,-1.2714958190917969,4.9907379150390625
18189,4.359248161315918,2.779038667678833
18190,8.18996810913086,7.0063042640686035
18191,0.1894627958536148,4.862635135650635
18192,15.96191120147705,3.0364346504211426
18193,4.3814921379089355,4.049476623535156
18194,19.78235626220703,3.843090057373047
18195,6.947131156921387,-0.8941947221755981
18196,-0.4701225161552429,0.3917156755924225
18197,13.457388877868652,0.8294193744659424
18198,-2.802896738052368,4.6649298667907715
18199,7.558070659637451,6.5076680183410645
18200,1.043769359588623,9.102091789245605
18201,-1.0032329559326172,-4.065830230712891
18202,-3.980881690979004,-1.972043514251709
18203,5.409034252166748,11.621408462524414
18204,0.325359046459198,4.600620746612549
18205,-0.8342171311378479,-1.6984951496124268
18206,-0.5106435418128967,-6.03209114074707
18207,10.912666320800781,1.4875370264053345
18208,-2.2694785594940186,1.2012485265731812
18209,-1.3303149938583374,-1.0099117755889893
18210,-3.384402275085449,-0.17740222811698914
18211,3.8742992877960205,9.47729778289795
18212,2.2012782096862793,9.337580680847168
18213,5.6882500648498535,1.328670620918274
18214,-3.686047077178955,-2.573949098587036
18215,-3.2182986736297607,-0.1956113874912262
18216,0.7211260199546814,0.0070777758955955505
18217,1.519164800643921,-3.325843095779419
18218,0.35321539640426636,0.7350547313690186
18219,3.3224923610687256,0.570896565914154
18220,7.306973934173584,-2.4395596981048584
18221,21.207860946655273,4.562473773956299
18222,5.511030673980713,10.168413162231445
18223,3.0270845890045166,4.25567626953125
18224,-3.749544143676758,0.40740063786506653
18225,15.830832481384277,4.876903057098389
18226,1.6065133810043335,4.527927875518799
18227,6.265974044799805,10.877001762390137
18228,-1.226945400238037,-3.2627413272857666
18229,-4.800785541534424,-5.334077835083008
18230,7.100039482116699,5.991733551025391
18231,-1.168857455253601,-0.7907615303993225
18232,13.679560661315918,-0.6140344142913818
18233,-16.582061767578125,-15.81579303741455
18234,13.453827857971191,10.637303352355957
18235,-0.40750008821487427,1.4668270349502563
18236,-0.8396117091178894,-1.9125087261199951
18237,0.9233778119087219,2.050623893737793
18238,0.9834763407707214,-0.11047910898923874
18239,11.823529243469238,5.791975975036621
18240,6.7420735359191895,-4.039179801940918
18241,-0.49689221382141113,2.2300684452056885
18242,2.162599802017212,4.939419746398926
18243,4.130692005157471,9.443967819213867
18244,-2.4469540119171143,1.6133153438568115
18245,-0.2946287989616394,-2.609238624572754
18246,-0.07079990208148956,-1.871962070465088
18247,-1.3883039951324463,1.3501217365264893
18248,-2.848799228668213,-14.918573379516602
18249,1.7453162670135498,5.5763092041015625
18250,-4.393290042877197,-7.933256149291992
18251,-2.1938059329986572,-1.3098682165145874
18252,-6.680042266845703,-1.7642748355865479
18253,-4.430962085723877,-1.847678780555725
18254,12.010008811950684,-0.09356663376092911
18255,0.5205988883972168,-2.667985677719116
18256,4.827415943145752,14.03206729888916
18257,17.953895568847656,10.39178466796875
18258,1.5877692699432373,-0.4858643710613251
18259,-7.27335262298584,-22.552465438842773
18260,-10.539281845092773,-9.011176109313965
18261,-0.6766104102134705,0.8572174310684204
18262,-8.860688209533691,-16.850278854370117
18263,-5.545445442199707,-3.1591837406158447
18264,2.7464842796325684,-6.424895763397217
18265,-1.2370879650115967,-2.2472808361053467
18266,-2.7647922039031982,-13.135180473327637
18267,2.9758448600769043,-5.913789749145508
18268,6.135969161987305,3.3568787574768066
18269,0.37895578145980835,-4.506099700927734
18270,0.6679272055625916,5.305251121520996
18271,0.05434490740299225,3.248311758041382
18272,-0.4565010070800781,5.530856132507324
18273,6.609017848968506,2.556959867477417
18274,-11.345589637756348,-8.471665382385254
18275,-1.808260440826416,1.013002634048462
18276,-1.4843339920043945,-0.5067960023880005
18277,9.017212867736816,-9.574198722839355
18278,-0.25441277027130127,-3.6319096088409424
18279,-0.060213714838027954,2.1934964656829834
18280,7.506277561187744,0.16747716069221497
18281,0.5570561289787292,-0.0053313300013542175
18282,-3.5703353881835938,-15.951857566833496
18283,1.2549026012420654,-5.1434102058410645
18284,-0.7754030227661133,-0.316857248544693
18285,6.421627044677734,9.286988258361816
18286,4.774632930755615,-2.372844934463501
18287,3.774060010910034,6.50794792175293
18288,-0.712300717830658,1.6612871885299683
18289,17.983060836791992,1.0335863828659058
18290,11.531740188598633,8.720843315124512
18291,2.019240379333496,-8.082148551940918
18292,1.0166034698486328,7.259626865386963
18293,12.877875328063965,-0.9452049732208252
18294,-1.8958988189697266,-4.200117111206055
18295,6.915308952331543,8.749119758605957
18296,2.8534352779388428,-0.7816970944404602
18297,-0.22763502597808838,0.39482876658439636
18298,15.370492935180664,7.87250280380249
18299,3.4969561100006104,-1.877790927886963
18300,-0.6164875030517578,0.428293377161026
18301,22.353649139404297,8.348541259765625
18302,4.044220447540283,4.3126702308654785
18303,10.455294609069824,-5.4787702560424805
18304,3.3464481830596924,0.43809494376182556
18305,-2.0118281841278076,-11.28322696685791
18306,-8.439582824707031,-9.277875900268555
18307,16.572425842285156,-0.11121437698602676
18308,10.99520206451416,3.8589422702789307
18309,8.787003517150879,2.5882484912872314
18310,0.5921692252159119,1.235692024230957
18311,-8.696391105651855,-1.7292652130126953
18312,3.2112390995025635,-8.114877700805664
18313,-16.09126853942871,-14.264315605163574
18314,-1.4869160652160645,-1.9407188892364502
18315,-8.149547576904297,-6.700015544891357
18316,-4.1643967628479,-3.7606120109558105
18317,16.638416290283203,7.798803329467773
18318,19.250606536865234,0.8379316329956055
18319,3.04827618598938,-1.763096809387207
18320,8.3751802444458,4.33765983581543
18321,1.8566162586212158,-7.851170063018799
18322,4.62594747543335,3.9922375679016113
18323,3.29626202583313,-0.5080264210700989
18324,12.934520721435547,4.040292739868164
18325,3.9272959232330322,-1.1640211343765259
18326,-1.5195434093475342,3.5945682525634766
18327,17.395601272583008,1.2674736976623535
18328,12.648388862609863,-0.7293765544891357
18329,-0.9817794561386108,-3.809964895248413
18330,6.315046310424805,8.354004859924316
18331,2.5116028785705566,-1.2876019477844238
18332,-0.04168568551540375,-0.07857739180326462
18333,-2.100672483444214,-2.963562488555908
18334,0.06647275388240814,-4.216958999633789
18335,-0.5703942179679871,7.123495101928711
18336,-3.9350969791412354,1.19819974899292
18337,-5.562437534332275,-4.695947647094727
18338,21.922128677368164,11.52071475982666
18339,5.327832221984863,4.139734745025635
18340,-3.180049180984497,2.050013303756714
18341,-2.0148520469665527,-0.4246591627597809
18342,0.9104623198509216,-3.1762940883636475
18343,3.3980705738067627,-8.874534606933594
18344,4.517024993896484,-4.04887056350708
18345,4.992305278778076,-1.1224465370178223
18346,2.244166612625122,-4.786699295043945
18347,-16.300050735473633,-8.60220718383789
18348,-6.230764865875244,-1.6624066829681396
18349,-11.743681907653809,-7.7714314460754395
18350,-5.165004253387451,-2.092191457748413
18351,1.533735752105713,-1.7554888725280762
18352,2.3441741466522217,-8.654519081115723
18353,17.73560333251953,2.5102365016937256
18354,0.3124884366989136,-0.1799740493297577
18355,-1.7525190114974976,1.1586272716522217
18356,3.9466030597686768,-7.963247299194336
18357,-2.1126532554626465,0.2594020366668701
18358,-0.42980921268463135,-3.0574700832366943
18359,4.819872856140137,4.001410007476807
18360,4.8629961013793945,-0.8365957736968994
18361,20.398759841918945,8.429902076721191
18362,21.211830139160156,5.465624809265137
18363,22.52855682373047,4.2058281898498535
18364,1.6425271034240723,0.08928590267896652
18365,4.917916297912598,1.1772783994674683
18366,0.4227246046066284,-1.128035306930542
18367,20.715696334838867,10.587482452392578
18368,11.802448272705078,-5.390141010284424
18369,8.975910186767578,1.5049108266830444
18370,0.2628924250602722,-11.57756519317627
18371,-3.287553071975708,-17.40701675415039
18372,2.245321273803711,5.655359268188477
18373,17.256534576416016,-2.9146344661712646
18374,22.88762855529785,7.348599433898926
18375,0.4306402802467346,0.28127145767211914
18376,17.93027687072754,2.2681238651275635
18377,-11.244624137878418,-8.03991413116455
18378,-1.3676812648773193,7.125619888305664
18379,5.938856601715088,5.643192291259766
18380,4.02226448059082,12.133163452148438
18381,-0.4503561854362488,-0.9042012691497803
18382,-7.883406162261963,-4.818838119506836
18383,0.19898830354213715,0.31528231501579285
18384,15.65379810333252,-3.5133373737335205
18385,3.9424259662628174,2.8926355838775635
18386,15.051029205322266,8.15092945098877
18387,0.25933510065078735,-5.838991165161133
18388,-0.9941555857658386,1.9703717231750488
18389,-0.8489741086959839,2.968733549118042
18390,-0.4851224422454834,1.4678840637207031
18391,-1.8161075115203857,-0.6505776643753052
18392,3.7436470985412598,6.999814033508301
18393,5.3804802894592285,8.206814765930176
18394,6.81873083114624,-2.3610899448394775
18395,17.77477264404297,4.172783374786377
18396,1.3531053066253662,-0.1618613302707672
18397,-0.8642240166664124,0.48762133717536926
18398,-2.368046998977661,-11.18169116973877
18399,4.913452625274658,6.492959022521973
18400,4.4258928298950195,2.1941940784454346
18401,7.733055591583252,-4.645301342010498
18402,-2.141500949859619,0.08406179398298264
18403,5.0395588874816895,-4.916892051696777
18404,4.87920618057251,-8.059502601623535
18405,6.385402202606201,6.155737400054932
18406,2.215607166290283,-5.247097015380859
18407,-4.080810546875,-8.811564445495605
18408,9.461772918701172,0.07420020550489426
18409,9.301728248596191,5.451744079589844
18410,8.940764427185059,-7.448725700378418
18411,3.2240853309631348,-2.5363571643829346
18412,2.0523645877838135,-0.8474689722061157
18413,-6.043209552764893,-12.657243728637695
18414,2.123187303543091,-4.055044651031494
18415,-1.7336328029632568,-1.2834235429763794
18416,-2.712515115737915,-12.14224910736084
18417,4.249450206756592,-6.0983405113220215
18418,-1.724631667137146,6.373992919921875
18419,0.02181670069694519,0.6593010425567627
18420,2.1470999717712402,0.3066210150718689
18421,-1.4023017883300781,0.2720490097999573
18422,2.7191121578216553,10.707159996032715
18423,10.883462905883789,4.8359527587890625
18424,3.0409650802612305,10.089448928833008
18425,-3.186206817626953,-8.999262809753418
18426,8.30923843383789,0.6973959803581238
18427,16.128036499023438,10.524559020996094
18428,-2.5888123512268066,0.07732211798429489
18429,-0.7137524485588074,-5.996987342834473
18430,15.610222816467285,-7.814840316772461
18431,-11.24658203125,-10.9705171585083
18432,8.342013359069824,9.73652458190918
18433,8.222051620483398,6.515254020690918
18434,-3.270134210586548,1.007311224937439
18435,7.199036598205566,-1.8648930788040161
18436,12.537749290466309,-1.2301688194274902
18437,-6.871809482574463,-5.442381858825684
18438,-1.363996982574463,-7.732329368591309
18439,-1.7029025554656982,0.11906566470861435
18440,10.221400260925293,6.425100326538086
18441,6.4827656745910645,1.1089826822280884
18442,0.03238719701766968,-0.0270426943898201
18443,15.600597381591797,3.386931896209717
18444,5.6165385246276855,7.179913520812988
18445,-8.73359489440918,-4.918173313140869
18446,-10.310592651367188,-6.507676124572754
18447,-0.6716489195823669,-1.9216539859771729
18448,2.9506001472473145,-1.4465097188949585
18449,-0.3111240863800049,-0.014687411487102509
18450,-2.649775743484497,-8.506271362304688
18451,1.970184087753296,-6.15103816986084
18452,0.4550486207008362,7.978170871734619
18453,21.51099395751953,2.6190896034240723
18454,6.375761985778809,-10.090766906738281
18455,-3.78357195854187,-3.0693604946136475
18456,9.68526554107666,-3.6277544498443604
18457,23.000194549560547,5.906985759735107
18458,19.248369216918945,10.849831581115723
18459,13.656844139099121,-0.12283382564783096
18460,7.334629058837891,6.1719279289245605
18461,10.435315132141113,8.457531929016113
18462,16.092998504638672,10.102335929870605
18463,18.094722747802734,-0.6190685033798218
18464,5.271389007568359,-5.697145462036133
18465,4.246728420257568,7.045178413391113
18466,12.861125946044922,3.647221326828003
18467,16.620723724365234,8.096742630004883
18468,14.682079315185547,1.9234380722045898
18469,5.800958156585693,0.563996434211731
18470,6.533703327178955,-3.4820950031280518
18471,-0.12309117615222931,-2.4993674755096436
18472,-2.198195695877075,-13.557550430297852
18473,3.2247793674468994,-1.5836666822433472
18474,-3.820732355117798,-1.3765983581542969
18475,0.9908143877983093,8.382306098937988
18476,12.31196117401123,-1.677411437034607
18477,6.4955220222473145,-1.5140464305877686
18478,0.3048543930053711,-4.619913578033447
18479,9.362868309020996,4.58443021774292
18480,-4.917847633361816,-2.1841721534729004
18481,3.2230727672576904,-0.8005098700523376
18482,2.6997838020324707,9.561443328857422
18483,4.52741813659668,-2.0418128967285156
18484,-0.48446589708328247,5.866327285766602
18485,9.836573600769043,0.025315962731838226
18486,-1.1545510292053223,-1.2196040153503418
18487,1.4521028995513916,-9.838150978088379
18488,3.8258748054504395,5.084512233734131
18489,-2.5955889225006104,0.33396854996681213
18490,2.477678060531616,2.1820218563079834
18491,-0.8891323208808899,-2.2619900703430176
18492,13.367854118347168,-8.897006034851074
18493,-14.28327751159668,-12.685582160949707
18494,11.961984634399414,2.307270050048828
18495,8.092536926269531,1.3668968677520752
18496,11.781704902648926,3.015540838241577
18497,12.864298820495605,-3.3011984825134277
18498,3.57477068901062,5.605046272277832
18499,15.432111740112305,-1.1179115772247314
18500,-1.2763423919677734,0.6618754267692566
18501,2.5520365238189697,-1.153409719467163
18502,-3.7708635330200195,-13.512227058410645
18503,-3.708423376083374,0.607036828994751
18504,4.806211948394775,-2.19958233833313
18505,3.917280912399292,7.095652103424072
18506,4.493452548980713,-9.412386894226074
18507,1.6464756727218628,1.3546085357666016
18508,17.541027069091797,1.0663732290267944
18509,0.9993454813957214,6.797235488891602
18510,23.779939651489258,8.081308364868164
18511,14.440829277038574,0.9582234025001526
18512,-12.951251029968262,-5.4958930015563965
18513,-2.7568490505218506,-15.519501686096191
18514,4.978506088256836,14.514534950256348
18515,-3.085338830947876,-0.26953521370887756
18516,2.856590747833252,1.3645045757293701
18517,-0.3624836206436157,0.4248187839984894
18518,-1.341620683670044,0.5763439536094666
18519,-8.552417755126953,-18.753814697265625
18520,-2.1150097846984863,7.070568084716797
18521,13.295027732849121,6.903220176696777
18522,7.4107866287231445,-10.829833030700684
18523,-0.46203649044036865,0.3977281153202057
18524,-1.0217671394348145,-5.368598937988281
18525,7.450058937072754,-0.4482262432575226
18526,1.8735930919647217,-0.19824889302253723
18527,5.265584468841553,-3.725451946258545
18528,5.050206661224365,-0.41734352707862854
18529,2.7289621829986572,-2.2524502277374268
18530,5.199913501739502,14.95128345489502
18531,10.480146408081055,8.144311904907227
18532,19.005260467529297,7.249816417694092
18533,2.645942449569702,-1.0322449207305908
18534,-6.874488353729248,2.1971333026885986
18535,0.12242104113101959,3.4128029346466064
18536,4.072454929351807,11.865612030029297
18537,-7.166835308074951,-6.5700883865356445
18538,0.2592378854751587,0.26062631607055664
18539,-4.569852352142334,-1.6194367408752441
18540,-0.6021009087562561,5.817707061767578
18541,4.536972999572754,4.672311305999756
18542,-0.15563912689685822,-3.3529117107391357
18543,1.2516850233078003,-9.22542667388916
18544,-9.332670211791992,-7.583189487457275
18545,-0.813817024230957,1.9494051933288574
18546,11.334386825561523,2.232513904571533
18547,23.664644241333008,10.569136619567871
18548,9.6585693359375,0.332309365272522
18549,0.28315073251724243,1.223027229309082
18550,5.198104381561279,4.446156978607178
18551,21.175168991088867,11.205278396606445
18552,19.257165908813477,1.9216485023498535
18553,3.556584358215332,-9.151220321655273
18554,-2.8402915000915527,1.4119261503219604
18555,1.4276282787322998,-11.672959327697754
18556,4.207326412200928,0.9282383918762207
18557,-1.6158535480499268,-2.031958818435669
18558,4.823282241821289,-8.384516716003418
18559,4.533376693725586,-7.966557502746582
18560,-7.403794288635254,-11.748218536376953
18561,23.149789810180664,10.830931663513184
18562,1.4680492877960205,-0.3388024568557739
18563,0.08936552703380585,7.376413345336914
18564,-8.353826522827148,-6.292740821838379
18565,-2.8616299629211426,-11.111567497253418
18566,13.29172134399414,3.505554437637329
18567,0.7017303109169006,6.641792297363281
18568,3.3343803882598877,-0.5837810039520264
18569,1.9927258491516113,-5.378671169281006
18570,-4.968474864959717,-2.49379563331604
18571,8.3012113571167,4.246862411499023
18572,3.4472496509552,5.490719795227051
18573,4.093657970428467,5.512720108032227
18574,18.21076774597168,3.1482937335968018
18575,4.274270057678223,4.760278701782227
18576,2.4174904823303223,11.002418518066406
18577,5.600274085998535,-0.021070100367069244
18578,3.8910133838653564,4.35758113861084
18579,3.96205735206604,1.981631875038147
18580,-13.187403678894043,-16.95370101928711
18581,0.3956752419471741,0.2731057107448578
18582,3.6524713039398193,-0.28850847482681274
18583,1.7319860458374023,0.335588663816452
18584,4.67887544631958,-0.05454239994287491
18585,-2.034234046936035,1.9890364408493042
18586,2.044400215148926,-5.271252632141113
18587,4.744274616241455,2.25044322013855
18588,2.8010947704315186,-6.152957916259766
18589,-6.2848734855651855,-7.101277828216553
18590,2.4347214698791504,-1.1185812950134277
18591,-2.8118033409118652,0.25533658266067505
18592,17.395544052124023,-2.966804265975952
18593,8.919461250305176,-0.11750773340463638
18594,-4.10668420791626,-2.2738735675811768
18595,-5.616534233093262,-5.715173721313477
18596,-6.6144890785217285,-11.374951362609863
18597,1.961200475692749,-1.2729363441467285
18598,19.52770233154297,3.342451810836792
18599,-1.1090853214263916,-1.8197050094604492
18600,2.3586947917938232,-4.564976692199707
18601,2.1558785438537598,0.43243607878685
18602,-1.9907076358795166,1.6051490306854248
18603,-11.036438941955566,-5.268284797668457
18604,17.79752540588379,1.389577865600586
18605,6.6403584480285645,1.504921555519104
18606,5.685623645782471,4.628604412078857
18607,1.8187036514282227,-1.179661750793457
18608,0.12908540666103363,-8.667218208312988
18609,1.122683048248291,-4.609122276306152
18610,-12.230347633361816,-11.44682788848877
18611,0.7930727601051331,8.859151840209961
18612,7.78855562210083,0.8863096237182617
18613,-1.134143352508545,4.511950492858887
18614,-5.889840126037598,-2.098583936691284
18615,5.3993353843688965,-2.8869712352752686
18616,8.577786445617676,0.03651680797338486
18617,1.0662044286727905,-0.02413252741098404
18618,-1.331791639328003,0.8173197507858276
18619,4.834007740020752,-3.307826042175293
18620,19.71536636352539,10.65650463104248
18621,2.02411150932312,10.114317893981934
18622,-3.074033498764038,0.5818902850151062
18623,-7.0897393226623535,-6.543803691864014
18624,-1.3226983547210693,0.09534164518117905
18625,20.725709915161133,-0.07932016998529434
18626,8.720874786376953,5.351019859313965
18627,-0.9212248921394348,0.5018928647041321
18628,18.535818099975586,-5.790159225463867
18629,6.4124016761779785,5.590185165405273
18630,1.3779550790786743,-5.333324432373047
18631,5.1751179695129395,-2.6404199600219727
18632,3.5067555904388428,8.604918479919434
18633,0.3495299816131592,-5.176531791687012
18634,5.83641242980957,0.34899070858955383
18635,14.694711685180664,0.8048204183578491
18636,17.354965209960938,0.5739696025848389
18637,-1.441213607788086,0.13614869117736816
18638,-1.4227203130722046,0.9697580337524414
18639,5.67191219329834,-1.9123561382293701
18640,10.614136695861816,-4.476256370544434
18641,4.318606853485107,12.232043266296387
18642,5.251135349273682,-2.646817922592163
18643,7.341994762420654,-5.411576747894287
18644,-0.03343312442302704,1.5695006847381592
18645,-5.554262638092041,-5.59709358215332
18646,4.743218421936035,1.8921010494232178
18647,2.2475247383117676,4.832858562469482
18648,5.366966724395752,-4.6470770835876465
18649,10.051501274108887,3.094008207321167
18650,10.023612022399902,8.324701309204102
18651,13.443572998046875,-0.6133666038513184
18652,2.6450726985931396,-5.186991214752197
18653,7.664625644683838,6.401457786560059
18654,12.498621940612793,-4.39133358001709
18655,14.203311920166016,9.307243347167969
18656,3.146912097930908,-3.438551187515259
18657,-1.6570123434066772,-2.2351443767547607
18658,18.547258377075195,10.626282691955566
18659,23.240726470947266,8.993847846984863
18660,-5.070146083831787,2.2289559841156006
18661,9.7633638381958,7.564938545227051
18662,10.074967384338379,-4.155951976776123
18663,10.094657897949219,-6.892711639404297
18664,4.444163799285889,-8.59825611114502
18665,18.26016616821289,-0.5769621729850769
18666,-0.19746744632720947,-5.558704376220703
18667,-1.4153480529785156,-0.010980658233165741
18668,1.1962878704071045,5.685776233673096
18669,1.60587739944458,1.689302921295166
18670,13.135346412658691,1.1782703399658203
18671,2.3206512928009033,-5.930205821990967
18672,3.573155641555786,-2.478692054748535
18673,-8.806766510009766,-18.06450653076172
18674,8.979970932006836,-0.661682665348053
18675,-7.746805191040039,-6.529227256774902
18676,0.691352367401123,1.7918180227279663
18677,-2.951718807220459,-10.507439613342285
18678,-13.774602890014648,-16.221843719482422
18679,8.233627319335938,-1.181043267250061
18680,-6.829527378082275,-12.125329971313477
18681,-3.258867025375366,-13.08365249633789
18682,6.198126792907715,4.024405479431152
18683,19.463354110717773,7.736044883728027
18684,-4.244002819061279,3.0035507678985596
18685,1.6769356727600098,3.387938976287842
18686,7.12761926651001,1.888102412223816
18687,-0.8807262182235718,1.0958669185638428
18688,2.52998423576355,7.333975791931152
18689,-2.4089858531951904,-1.7965693473815918
18690,15.239716529846191,-3.824082136154175
18691,-3.3522865772247314,0.7767143249511719
18692,-1.4951037168502808,0.03655632585287094
18693,3.2760355472564697,4.643181800842285
18694,1.0923330783843994,4.0439229011535645
18695,22.812042236328125,9.532920837402344
18696,21.110111236572266,5.8009233474731445
18697,1.6068922281265259,9.499170303344727
18698,4.205741882324219,-1.1087422370910645
18699,1.8701722621917725,-4.82777738571167
18700,-10.832707405090332,-10.957331657409668
18701,4.478975772857666,5.036331653594971
18702,19.498397827148438,9.899076461791992
18703,14.652235984802246,0.5549618005752563
18704,6.801225185394287,-0.6715492010116577
18705,0.8421865105628967,2.072173833847046
18706,3.8881266117095947,4.408580780029297
18707,1.9969725608825684,6.490576267242432
18708,4.24355936050415,12.104681968688965
18709,-1.9814530611038208,-18.23628044128418
18710,4.2416863441467285,6.884674549102783
18711,0.38489407300949097,-2.4274747371673584
18712,3.9780824184417725,-0.4355962574481964
18713,15.097951889038086,9.948020935058594
18714,-18.208232879638672,-15.726310729980469
18715,18.85200309753418,10.711058616638184
18716,12.838656425476074,-5.669192314147949
18717,1.818540096282959,-0.29595425724983215
18718,-2.7843544483184814,-1.4160970449447632
18719,3.2747716903686523,4.629342079162598
18720,-3.277796983718872,-7.514993667602539
18721,-0.6676627993583679,0.39252832531929016
18722,7.121017932891846,2.4382264614105225
18723,-5.362403392791748,2.811596393585205
18724,0.4977560043334961,2.150334358215332
18725,6.037650108337402,-1.6484808921813965
18726,13.089250564575195,5.337087631225586
18727,2.3217103481292725,2.4580769538879395
18728,1.3321187496185303,4.749270915985107
18729,14.431609153747559,7.2496819496154785
18730,6.8170084953308105,2.7840001583099365
18731,-1.8157384395599365,0.41606631875038147
18732,-2.5137553215026855,-3.7802505493164062
18733,0.636975884437561,-0.12084392458200455
18734,2.7859771251678467,-2.296625852584839
18735,18.218482971191406,3.4469518661499023
18736,-1.5790854692459106,-9.13863754272461
18737,3.2973828315734863,-1.7415611743927002
18738,4.470056533813477,-2.8416800498962402
18739,-1.8028584718704224,0.9552268981933594
18740,6.9439005851745605,1.6546401977539062
18741,4.590163230895996,5.665004253387451
18742,-0.1522103101015091,-2.8115737438201904
18743,16.889270782470703,1.7072319984436035
18744,-15.813780784606934,-10.667339324951172
18745,2.4556641578674316,-5.372172832489014
18746,-0.38744544982910156,-4.55839729309082
18747,1.5803287029266357,-6.219391822814941
18748,1.9634439945220947,3.738506555557251
18749,-7.634994983673096,-20.823287963867188
18750,2.576202392578125,8.393465995788574
18751,-0.039562150835990906,3.399425506591797
18752,4.7724928855896,4.8672566413879395
18753,-14.922612190246582,-9.606939315795898
18754,18.253597259521484,-0.009890235960483551
18755,-1.1783066987991333,0.9806878566741943
18756,0.864562451839447,0.5779146552085876
18757,19.264663696289062,1.5148241519927979
18758,-0.17664863169193268,2.3398592472076416
18759,13.765179634094238,3.2389872074127197
18760,-1.735076665878296,-2.1447668075561523
18761,4.062755584716797,9.293880462646484
18762,2.5649492740631104,-0.9771077632904053
18763,-5.816565036773682,-11.028401374816895
18764,0.6423709988594055,0.1598404347896576
18765,-1.896794319152832,-11.034367561340332
18766,20.111194610595703,9.827991485595703
18767,1.988086462020874,-1.434535026550293
18768,0.6884768605232239,0.005450405180454254
18769,21.819059371948242,8.755282402038574
18770,4.814115524291992,6.681052207946777
18771,-7.005459308624268,-6.239452838897705
18772,1.0392004251480103,4.864503860473633
18773,2.7959396839141846,3.7081081867218018
18774,-9.354290962219238,5.7372283935546875
18775,-1.3296133279800415,1.2699403762817383
18776,-1.876554012298584,-9.56017780303955
18777,1.8666436672210693,-4.137102127075195
18778,0.17222951352596283,3.895763635635376
18779,9.161953926086426,7.865869998931885
18780,-7.765140056610107,-5.64455509185791
18781,-2.2721915245056152,1.413546085357666
18782,-0.12745198607444763,0.1721011996269226
18783,-5.067265510559082,3.76812481880188
18784,-2.93058705329895,-0.02663780003786087
18785,-0.3322160243988037,0.02495945245027542
18786,-6.259201526641846,-12.435946464538574
18787,-6.4282426834106445,2.502807855606079
18788,0.15618862211704254,0.23288774490356445
18789,0.02494196593761444,8.216629981994629
18790,21.845191955566406,9.298256874084473
18791,-0.7857887148857117,-0.14578726887702942
18792,15.450963020324707,0.2563544809818268
18793,7.110040664672852,3.4221351146698
18794,0.4297497868537903,8.837536811828613
18795,4.864891529083252,4.587165832519531
18796,-7.238566875457764,-22.620487213134766
18797,-0.4918891191482544,-0.7792499661445618
18798,7.336687088012695,-15.120606422424316
18799,2.761990785598755,-3.3712007999420166
18800,18.712682723999023,9.584794998168945
18801,-7.693118572235107,-6.619534492492676
18802,-3.810608148574829,-0.6422198414802551
18803,2.328533411026001,-5.019687652587891
18804,-3.066185712814331,-0.07908783107995987
18805,7.842803478240967,-0.2763982117176056
18806,-3.3582842350006104,1.212812900543213
18807,18.726587295532227,8.53022575378418
18808,-16.41637420654297,-15.901171684265137
18809,9.160080909729004,-1.34033203125
18810,17.503007888793945,2.178765058517456
18811,4.246425151824951,-2.782083749771118
18812,2.9143478870391846,-6.530368804931641
18813,17.682689666748047,4.8939313888549805
18814,-3.400763750076294,-0.41284677386283875
18815,-2.884392499923706,-4.466158866882324
18816,1.0546834468841553,-0.08499593287706375
18817,3.2073404788970947,-8.591975212097168
18818,-2.1583876609802246,-0.935303807258606
18819,-16.557214736938477,-14.601396560668945
18820,-3.2071778774261475,1.2839235067367554
18821,-8.07288646697998,-16.180578231811523
18822,-0.29755526781082153,4.347981929779053
18823,8.293529510498047,-11.806906700134277
18824,0.6153320670127869,8.2559175491333
18825,11.74207878112793,0.9730928540229797
18826,-3.941424608230591,-5.563880920410156
18827,0.976384699344635,-0.8628557920455933
18828,0.42851722240448,-2.295401096343994
18829,3.293149948120117,10.398669242858887
18830,11.072484970092773,7.641315460205078
18831,1.605726957321167,6.748488903045654
18832,4.615756511688232,-0.480969101190567
18833,12.041433334350586,3.2888882160186768
18834,0.2980775833129883,4.0724358558654785
18835,-2.0379178524017334,-9.538311958312988
18836,2.5159053802490234,-1.3937690258026123
18837,-2.5773026943206787,-0.7814134955406189
18838,-8.704611778259277,-13.51081657409668
18839,1.0444324016571045,-0.3510051965713501
18840,15.534737586975098,-3.3813629150390625
18841,-13.048531532287598,-20.427780151367188
18842,22.189861297607422,3.820906162261963
18843,8.49621868133545,-2.736818552017212
18844,4.022852420806885,4.178472995758057
18845,1.451838731765747,-1.7986066341400146
18846,-11.580656051635742,-19.311626434326172
18847,-5.712618827819824,-1.8764415979385376
18848,12.934487342834473,-1.9729888439178467
18849,15.823930740356445,8.856610298156738
18850,0.5422552227973938,2.0495455265045166
18851,21.53030014038086,3.4890124797821045
18852,-4.066577911376953,-3.7571377754211426
18853,5.872344493865967,-4.963057518005371
18854,5.720003604888916,-2.804673433303833
18855,0.6483730673789978,8.512337684631348
18856,-3.9793248176574707,-5.126983165740967
18857,-8.903899192810059,4.009240627288818
18858,-1.5626568794250488,-2.320096731185913
18859,-5.913014888763428,-6.1553239822387695
18860,-0.8064367175102234,0.9098474979400635
18861,-1.594559669494629,-1.9334096908569336
18862,3.7563812732696533,-11.272699356079102
18863,-3.0095012187957764,-1.2602174282073975
18864,-0.15858814120292664,-0.8128451108932495
18865,-6.16127347946167,-2.137503147125244
18866,12.73230266571045,3.4381625652313232
18867,-2.854275941848755,-1.697638750076294
18868,9.256682395935059,5.055821418762207
18869,2.5048158168792725,-6.1554975509643555
18870,1.9719855785369873,-5.262669086456299
18871,-4.254573822021484,-13.824936866760254
18872,0.15229158103466034,6.138119220733643
18873,2.0838425159454346,4.516843318939209
18874,-3.983781099319458,1.2996889352798462
18875,-6.4422993659973145,-6.760595321655273
18876,1.6848338842391968,1.2281588315963745
18877,-6.204586029052734,-8.607871055603027
18878,-1.1789218187332153,-2.6092240810394287
18879,17.713502883911133,9.671194076538086
18880,0.2112606018781662,0.4713822901248932
18881,-5.1167192459106445,-8.563790321350098
18882,11.176844596862793,7.075563430786133
18883,-0.8313292860984802,1.8752665519714355
18884,2.6475419998168945,-2.1217031478881836
18885,5.688292980194092,3.0154409408569336
18886,0.8394610285758972,8.386764526367188
18887,-0.5687021613121033,6.906057357788086
18888,19.511205673217773,-0.6976979970932007
18889,20.129467010498047,10.184133529663086
18890,2.9551544189453125,7.231346130371094
18891,1.4063942432403564,1.6070585250854492
18892,15.070538520812988,6.9061126708984375
18893,3.45206618309021,-9.530077934265137
18894,0.7044031023979187,-3.848424196243286
18895,2.049710988998413,-6.032557964324951
18896,12.486388206481934,1.263322353363037
18897,-3.180248498916626,1.902312159538269
18898,9.572347640991211,5.574038982391357
18899,4.069343566894531,10.5123291015625
18900,-0.30355018377304077,-0.4061400592327118
18901,1.2776482105255127,-4.045953750610352
18902,-0.4139501452445984,5.263704299926758
18903,3.0809082984924316,-1.6783790588378906
18904,-0.2285282164812088,-2.234112024307251
18905,-6.430560111999512,-15.893473625183105
18906,4.070103168487549,5.566365718841553
18907,10.607426643371582,-6.967171669006348
18908,-4.606759548187256,2.3046414852142334
18909,-1.9218530654907227,-8.499783515930176
18910,-9.325505256652832,-2.430560350418091
18911,16.54315185546875,0.20429447293281555
18912,7.766391277313232,-1.290387749671936
18913,-0.3972145915031433,-0.9236648082733154
18914,13.978754997253418,-1.7875444889068604
18915,1.742101788520813,6.070566654205322
18916,21.5119686126709,10.661091804504395
18917,-9.929349899291992,-21.833080291748047
18918,3.2331957817077637,-1.618229866027832
18919,6.52808952331543,10.491840362548828
18920,3.379490852355957,5.612752914428711
18921,0.42136234045028687,0.1291939914226532
18922,12.300257682800293,3.2413995265960693
18923,-3.4893620014190674,-11.518586158752441
18924,-0.378290057182312,1.049339771270752
18925,-0.9530180096626282,-1.2685250043869019
18926,3.790963888168335,-7.319952011108398
18927,-1.1624557971954346,-8.180909156799316
18928,6.757962703704834,-1.8051044940948486
18929,-9.341148376464844,-7.116003513336182
18930,10.180607795715332,-2.632352590560913
18931,-0.3208884596824646,2.900568962097168
18932,-1.4396530389785767,0.8891692161560059
18933,21.399921417236328,10.49952507019043
18934,5.16119384765625,3.0257339477539062
18935,6.0107622146606445,3.147555112838745
18936,6.425971984863281,-11.06226634979248
18937,-0.8755239844322205,-14.31845760345459
18938,14.732247352600098,-0.1271807849407196
18939,-6.322615146636963,-3.9502055644989014
18940,1.6406325101852417,-1.8827565908432007
18941,-1.6788489818572998,-1.434509038925171
18942,-0.016908958554267883,-7.561039924621582
18943,-0.641141414642334,4.992459774017334
18944,-5.377231121063232,-5.118391036987305
18945,0.06931604444980621,3.5754435062408447
18946,-4.721937656402588,-6.4004974365234375
18947,1.5971733331680298,0.1305643618106842
18948,0.25582385063171387,2.41853928565979
18949,-13.854874610900879,-8.1006498336792
18950,-2.1269190311431885,-11.423338890075684
18951,3.5869462490081787,-7.005083084106445
18952,-9.103034973144531,-4.806863307952881
18953,4.826644420623779,4.5628509521484375
18954,2.444488763809204,-3.0280544757843018
18955,4.159351825714111,9.076058387756348
18956,2.79235577583313,7.2082109451293945
18957,8.810171127319336,6.872906684875488
18958,0.5027526617050171,0.535951554775238
18959,5.773173809051514,7.5025105476379395
18960,2.133383274078369,10.629570960998535
18961,0.30916059017181396,4.652872562408447
18962,0.8936758637428284,-5.343191146850586
18963,2.2931902408599854,10.202865600585938
18964,15.379530906677246,7.56063175201416
18965,-2.9978880882263184,-10.636636734008789
18966,-1.8693182468414307,-3.706195831298828
18967,10.818739891052246,1.4772052764892578
18968,2.625077486038208,2.642062187194824
18969,15.283778190612793,10.66123104095459
18970,-4.992447376251221,-6.680147171020508
18971,6.478402137756348,-9.453911781311035
18972,5.543074607849121,3.8116912841796875
18973,-14.284089088439941,-10.942578315734863
18974,1.8770411014556885,-7.184479713439941
18975,-0.3279041051864624,3.7000885009765625
18976,2.728193521499634,8.583428382873535
18977,2.2123818397521973,2.679417610168457
18978,2.606996536254883,4.481454372406006
18979,-0.2377975732088089,3.9305241107940674
18980,3.6598169803619385,5.435759544372559
18981,3.986309766769409,-1.7639023065567017
18982,5.101498126983643,4.854086399078369
18983,-1.0058306455612183,6.657129287719727
18984,1.4188597202301025,-12.090237617492676
18985,4.434265613555908,6.805458068847656
18986,3.698131561279297,-7.922898292541504
18987,-1.4198169708251953,2.738910436630249
18988,1.4499014616012573,-2.77154278755188
18989,4.418715476989746,11.96533203125
18990,-1.1076602935791016,-1.9450151920318604
18991,15.293000221252441,-4.313458442687988
18992,3.470226526260376,0.4061439037322998
18993,0.25629228353500366,4.087118625640869
18994,2.88195538520813,1.2857733964920044
18995,4.161584854125977,0.5004672408103943
18996,6.955779552459717,2.1783111095428467
18997,6.148246765136719,0.5283439755439758
18998,-4.333984851837158,-0.8663601875305176
18999,4.21555757522583,8.240228652954102
19000,1.1640374660491943,3.0424997806549072
19001,0.3726757764816284,3.6244359016418457
19002,2.4613876342773438,-5.247209548950195
19003,6.369372844696045,-1.1831645965576172
19004,0.5430992245674133,2.350041151046753
19005,4.323469638824463,11.956412315368652
19006,-0.9987859129905701,-10.076462745666504
19007,-0.8891051411628723,-1.7486114501953125
19008,5.961209774017334,0.20498517155647278
19009,-1.3172550201416016,-1.7621076107025146
19010,0.6401661038398743,2.101083755493164
19011,5.66951322555542,1.7742398977279663
19012,2.7910876274108887,0.015588246285915375
19013,1.7033494710922241,0.38517725467681885
19014,-3.3402628898620605,-3.5076816082000732
19015,6.3536295890808105,-4.822021007537842
19016,-4.229894161224365,-13.39391803741455
19017,0.4294971823692322,-3.1726114749908447
19018,-1.4925506114959717,-0.6676721572875977
19019,8.971100807189941,0.9586741924285889
19020,5.682228088378906,-1.656750202178955
19021,4.525707721710205,5.858618259429932
19022,-9.184840202331543,-8.440793991088867
19023,7.215127468109131,3.817399501800537
19024,12.95438289642334,10.366290092468262
19025,7.428723335266113,2.311755895614624
19026,5.786701202392578,5.453164100646973
19027,0.8918831944465637,8.616803169250488
19028,-0.2571893632411957,0.13422846794128418
19029,11.68191146850586,3.467836856842041
19030,11.554692268371582,-7.572713851928711
19031,14.532428741455078,0.15017756819725037
19032,14.826869010925293,11.29674243927002
19033,13.303725242614746,-7.774798393249512
19034,-0.7191585898399353,-1.8660370111465454
19035,3.5348660945892334,-7.219719409942627
19036,2.9878056049346924,-2.3953936100006104
19037,-2.216264486312866,3.413771390914917
19038,3.7220263481140137,6.000415325164795
19039,-1.8531200885772705,-2.631110429763794
19040,-3.005424737930298,-7.108970642089844
19041,1.3387559652328491,-5.728017807006836
19042,10.613299369812012,2.7822177410125732
19043,3.730177640914917,9.4541597366333
19044,3.0522634983062744,-6.926342010498047
19045,-2.6065592765808105,-1.8440625667572021
19046,9.430359840393066,7.79265022277832
19047,4.541006088256836,10.476188659667969
19048,-3.740832805633545,-1.756024718284607
19049,-0.08396506309509277,2.467876672744751
19050,9.452936172485352,-1.7826703786849976
19051,9.454292297363281,7.827395439147949
19052,-1.6970062255859375,1.713645339012146
19053,-6.556397914886475,-19.609283447265625
19054,22.61599349975586,4.69905948638916
19055,2.16814923286438,-0.17692792415618896
19056,-1.8310914039611816,-2.668468713760376
19057,0.7700738310813904,7.331404685974121
19058,21.64488983154297,11.904915809631348
19059,7.868590831756592,1.5394291877746582
19060,-14.93215274810791,-13.831490516662598
19061,2.696479082107544,4.802961826324463
19062,6.577317714691162,6.2992143630981445
19063,13.472509384155273,10.88153076171875
19064,18.07088279724121,0.8596094846725464
19065,2.5277702808380127,2.6831791400909424
19066,-0.12920702993869781,2.2292675971984863
19067,16.635116577148438,10.806611061096191
19068,-1.643795132637024,-2.2531933784484863
19069,3.6682136058807373,-6.900158882141113
19070,6.632569789886475,4.5814619064331055
19071,-8.042631149291992,-1.9041635990142822
19072,10.491211891174316,-0.8107832670211792
19073,-1.5880892276763916,2.467433214187622
19074,10.510368347167969,7.2780327796936035
19075,3.1579370498657227,3.9897210597991943
19076,-1.7357484102249146,-1.355194330215454
19077,3.7978909015655518,5.936534404754639
19078,-2.2183005809783936,1.0519157648086548
19079,7.501467227935791,-5.959936141967773
19080,7.032406806945801,5.040356159210205
19081,23.368850708007812,4.902851104736328
19082,-3.3808300495147705,-14.185105323791504
19083,11.646767616271973,9.6697359085083
19084,11.502198219299316,6.932215690612793
19085,3.8095076084136963,-0.25901898741722107
19086,-10.6392240524292,-4.994696617126465
19087,-0.3797471523284912,-3.6764676570892334
19088,3.19997239112854,-2.4217543601989746
19089,0.7956833243370056,2.622982978820801
19090,12.469271659851074,-0.18257826566696167
19091,2.825423240661621,0.5858777165412903
19092,-1.8061939477920532,-1.988368272781372
19093,18.378171920776367,6.185710906982422
19094,7.5674967765808105,4.787310600280762
19095,-10.090015411376953,-13.897897720336914
19096,4.6262969970703125,0.8505319356918335
19097,3.69600772857666,8.284832000732422
19098,7.748402118682861,2.4796812534332275
19099,12.2459716796875,8.181572914123535
19100,11.47177505493164,-5.84457540512085
19101,7.9874701499938965,2.273786783218384
19102,2.2473323345184326,2.1963841915130615
19103,-0.8649837374687195,-0.8158841133117676
19104,-1.0723106861114502,-12.003210067749023
19105,3.758676290512085,5.835727214813232
19106,0.9268010258674622,2.1830456256866455
19107,-3.2482264041900635,-12.282631874084473
19108,-2.9695122241973877,0.05417700856924057
19109,-0.7006204128265381,-5.860466003417969
19110,5.378759860992432,3.88258957862854
19111,9.785048484802246,-5.6031012535095215
19112,1.3594553470611572,9.403563499450684
19113,1.8152320384979248,3.4806697368621826
19114,21.368820190429688,-2.5796968936920166
19115,-1.7325342893600464,-2.410609006881714
19116,12.156974792480469,0.6361825466156006
19117,-0.42436450719833374,8.34758186340332
19118,-8.783300399780273,-8.092978477478027
19119,1.8223013877868652,5.919826507568359
19120,2.045806884765625,-0.1837509572505951
19121,-0.7067177891731262,-7.674936294555664
19122,3.2495555877685547,4.054580211639404
19123,1.3296449184417725,-5.427265167236328
19124,5.505119800567627,13.748516082763672
19125,-5.590982913970947,2.681617021560669
19126,19.936717987060547,-2.3790175914764404
19127,-8.116049766540527,-5.241547107696533
19128,4.16445779800415,8.622857093811035
19129,13.458245277404785,3.56738018989563
19130,5.109512805938721,1.0637248754501343
19131,-8.29700756072998,-8.0053129196167
19132,-2.5220329761505127,-2.7084438800811768
19133,-1.7958719730377197,-6.355583190917969
19134,-4.5986552238464355,-3.465301752090454
19135,7.9088826179504395,-5.4600934982299805
19136,-2.6142208576202393,-3.283496141433716
19137,5.637295246124268,1.5111078023910522
19138,-7.211225986480713,-6.032166957855225
19139,12.413715362548828,-1.143472671508789
19140,1.4412014484405518,-5.548249244689941
19141,3.6377742290496826,6.4585089683532715
19142,-8.727752685546875,-6.694952011108398
19143,9.060765266418457,-13.160260200500488
19144,1.024613380432129,2.3700196743011475
19145,4.957542896270752,1.517236351966858
19146,-0.40701454877853394,-4.340356826782227
19147,-12.625666618347168,-17.59909439086914
19148,-0.23182550072669983,-0.6486287117004395
19149,4.3560967445373535,4.400186061859131
19150,1.8703091144561768,-1.2388780117034912
19151,3.1006805896759033,-0.16741880774497986
19152,6.048808574676514,9.759305000305176
19153,10.298501014709473,-0.13984337449073792
19154,-0.8806710839271545,0.3546142578125
19155,1.9146432876586914,-4.130831241607666
19156,3.1208951473236084,-2.751460313796997
19157,-6.951003551483154,-7.884954929351807
19158,-6.455773830413818,-24.339466094970703
19159,1.7329727411270142,5.597661018371582
19160,-2.934781074523926,0.9581772685050964
19161,8.84554386138916,15.923126220703125
19162,-2.611579179763794,-3.6022214889526367
19163,-1.1416229009628296,-0.1811290681362152
19164,-1.3432745933532715,-2.112043619155884
19165,-15.197881698608398,-13.764586448669434
19166,0.343625009059906,3.6930980682373047
19167,16.587377548217773,6.712972640991211
19168,1.8497626781463623,3.545947313308716
19169,-6.668300151824951,-22.53767967224121
19170,5.962621212005615,1.4024468660354614
19171,18.511661529541016,-2.285648822784424
19172,16.436172485351562,6.124833583831787
19173,11.386609077453613,0.633034348487854
19174,-4.081127643585205,1.9895013570785522
19175,3.0705177783966064,7.709053993225098
19176,6.691717624664307,-5.105658531188965
19177,-2.0160892009735107,-1.0565426349639893
19178,11.497354507446289,8.46740436553955
19179,-2.2962303161621094,0.5336237549781799
19180,6.709061145782471,-3.4004323482513428
19181,11.313698768615723,-8.521164894104004
19182,8.755736351013184,3.99929141998291
19183,7.814370632171631,0.22693350911140442
19184,3.136955976486206,5.601358890533447
19185,0.3085252642631531,-4.327467918395996
19186,20.236026763916016,2.107569456100464
19187,1.6534456014633179,-1.729299545288086
19188,21.62643814086914,4.280762672424316
19189,9.62814998626709,-1.041686773300171
19190,3.4372718334198,-6.714309215545654
19191,11.86425495147705,-5.904873847961426
19192,4.4588398933410645,-2.3848681449890137
19193,-0.999439537525177,-0.4982892572879791
19194,14.871553421020508,-1.803962230682373
19195,2.5674335956573486,0.6422501802444458
19196,20.262100219726562,-1.3364789485931396
19197,0.47669869661331177,-2.023725748062134
19198,-0.1354871541261673,-1.2620912790298462
19199,6.157444477081299,-2.3412375450134277
19200,3.261065721511841,4.12238073348999
19201,-8.808115005493164,-15.449947357177734
19202,0.4495090842247009,5.268738746643066
19203,22.599042892456055,11.084406852722168
19204,-16.987607955932617,-11.547314643859863
19205,6.341812610626221,6.31345272064209
19206,14.524415969848633,-2.816683769226074
19207,4.818187713623047,0.6688011884689331
19208,16.88520050048828,2.497886896133423
19209,11.405679702758789,-4.418086051940918
19210,-11.487385749816895,-9.117688179016113
19211,0.24570326507091522,-6.276673316955566
19212,3.718005418777466,5.440950870513916
19213,6.668107509613037,-2.6215474605560303
19214,21.39988899230957,3.2596943378448486
19215,-0.5201428532600403,-6.399946212768555
19216,2.7082369327545166,7.841968536376953
19217,1.083521842956543,7.23914098739624
19218,-1.5123989582061768,0.921571671962738
19219,-7.735777378082275,-8.013699531555176
19220,2.1762807369232178,-3.569854974746704
19221,1.0298399925231934,-19.42243003845215
19222,16.391586303710938,-9.296219825744629
19223,17.059471130371094,3.8948476314544678
19224,-6.1711745262146,5.8170576095581055
19225,19.46023178100586,9.766892433166504
19226,18.950773239135742,4.998810768127441
19227,1.3682581186294556,2.5332698822021484
19228,5.949423789978027,-9.379683494567871
19229,-2.8903110027313232,-6.558096885681152
19230,14.68596363067627,-2.0911645889282227
19231,-4.157303810119629,1.3028934001922607
19232,10.05540943145752,4.591612815856934
19233,-0.693566620349884,0.8689085245132446
19234,-13.204694747924805,-9.092795372009277
19235,5.5054612159729,1.0404224395751953
19236,-0.4128240942955017,-11.924927711486816
19237,1.76719069480896,-0.39758655428886414
19238,2.37671160697937,4.200789451599121
19239,-9.440149307250977,-13.931464195251465
19240,-3.7209537029266357,2.1579065322875977
19241,-0.7502240538597107,-3.422539472579956
19242,1.9515700340270996,2.3314292430877686
19243,-0.3105846643447876,0.41836801171302795
19244,8.064401626586914,14.081055641174316
19245,2.281602621078491,-1.0364810228347778
19246,10.048386573791504,-3.6691200733184814
19247,-8.922865867614746,-7.000121593475342
19248,-2.033184289932251,-4.635603904724121
19249,17.43988800048828,6.466728687286377
19250,9.50140380859375,7.479933738708496
19251,-12.984429359436035,-14.24070930480957
19252,-1.2367442846298218,0.5894567966461182
19253,-10.822081565856934,-18.151607513427734
19254,-6.780209064483643,-4.980172634124756
19255,5.542199611663818,9.620118141174316
19256,-6.94861364364624,-11.645612716674805
19257,-4.247684001922607,-18.077733993530273
19258,3.3479645252227783,6.445574760437012
19259,0.6824039816856384,-3.1402578353881836
19260,12.152485847473145,-6.159883499145508
19261,3.7781479358673096,11.41031265258789
19262,4.074641704559326,0.6786119937896729
19263,6.177343368530273,-2.9906909465789795
19264,-0.1212015300989151,2.14772891998291
19265,-0.487276554107666,0.8279473185539246
19266,-10.509663581848145,-9.307297706604004
19267,22.306480407714844,7.71204137802124
19268,3.4695322513580322,1.90744149684906
19269,21.455848693847656,6.608806610107422
19270,15.260010719299316,2.2778480052948
19271,5.556576728820801,-3.3205795288085938
19272,3.5023410320281982,-5.909229278564453
19273,11.101426124572754,5.982079029083252
19274,3.0934267044067383,2.425673723220825
19275,-7.659005641937256,-2.467491865158081
19276,-0.7018395066261292,1.1614477634429932
19277,0.31209731101989746,-3.144442558288574
19278,2.0068678855895996,1.06680428981781
19279,2.7114384174346924,2.641500473022461
19280,-2.2397212982177734,-7.090237617492676
19281,1.282043218612671,-13.523859024047852
19282,11.923030853271484,-4.752840042114258
19283,16.70594596862793,3.1069815158843994
19284,15.112092018127441,4.773618698120117
19285,8.094712257385254,-6.157281398773193
19286,14.805089950561523,5.9479875564575195
19287,-3.287569284439087,-1.020329475402832
19288,-3.6229395866394043,-6.082705497741699
19289,17.059253692626953,10.684812545776367
19290,1.6429842710494995,-4.604695796966553
19291,6.949641704559326,4.13204288482666
19292,3.7542877197265625,-3.904195547103882
19293,8.77702522277832,0.279283732175827
19294,11.532483100891113,9.310059547424316
19295,7.063154220581055,-10.67454719543457
19296,-0.38186925649642944,6.528016090393066
19297,0.40581321716308594,-0.14677217602729797
19298,-2.1655945777893066,-19.467628479003906
19299,1.869014024734497,10.149275779724121
19300,5.057235240936279,-3.2528722286224365
19301,15.811917304992676,10.350701332092285
19302,-3.6260483264923096,2.3612518310546875
19303,0.9130033850669861,0.15444466471672058
19304,-0.771974503993988,0.9597628712654114
19305,-1.4684301614761353,1.324402093887329
19306,-0.8285060524940491,1.019562840461731
19307,1.3894023895263672,-1.5394264459609985
19308,4.062902450561523,0.29775145649909973
19309,2.2674882411956787,8.00890827178955
19310,2.740959405899048,-2.0099689960479736
19311,14.736939430236816,-2.9519152641296387
19312,-11.8025484085083,-11.6856050491333
19313,4.208266735076904,2.0378618240356445
19314,-7.399866580963135,-6.3925862312316895
19315,-9.685047149658203,-15.95596981048584
19316,9.023354530334473,6.6140031814575195
19317,-1.5928893089294434,-0.9077157974243164
19318,-0.18601329624652863,6.848448753356934
19319,-4.0989274978637695,-3.391509532928467
19320,18.637359619140625,-0.5701306462287903
19321,22.843971252441406,3.6736466884613037
19322,-1.317970871925354,-2.8995354175567627
19323,16.36979866027832,8.008769035339355
19324,-0.47021162509918213,2.1058967113494873
19325,-2.0747363567352295,-1.1208046674728394
19326,14.078912734985352,4.866044998168945
19327,11.4321928024292,-2.2940750122070312
19328,4.083258152008057,-2.0183706283569336
19329,-8.703593254089355,-18.16519546508789
19330,5.011379718780518,-3.0904860496520996
19331,-1.8463464975357056,-1.112220048904419
19332,8.064177513122559,-5.933918476104736
19333,-0.71089106798172,4.767157077789307
19334,0.7396517395973206,1.9515705108642578
19335,-9.62440299987793,-13.542656898498535
19336,1.4410746097564697,2.6752870082855225
19337,3.6399378776550293,7.449431896209717
19338,8.45489501953125,1.451472520828247
19339,16.221067428588867,4.411526679992676
19340,13.301767349243164,-1.989213466644287
19341,5.071221828460693,5.874586582183838
19342,-17.354171752929688,-12.017385482788086
19343,3.6505353450775146,12.6768159866333
19344,2.502246379852295,-6.439474105834961
19345,3.90883469581604,-1.7864375114440918
19346,17.118799209594727,3.6578898429870605
19347,19.115924835205078,10.523120880126953
19348,-1.6123830080032349,-2.0406055450439453
19349,1.6891664266586304,-3.612741231918335
19350,1.3151369094848633,2.7982523441314697
19351,2.9715492725372314,5.704082489013672
19352,3.1423709392547607,7.038978576660156
19353,4.171549320220947,11.16419792175293
19354,3.7829627990722656,10.135330200195312
19355,11.870165824890137,-3.0638341903686523
19356,2.3648781776428223,2.717792510986328
19357,-0.7252532243728638,-0.7479289174079895
19358,13.262415885925293,0.5350624918937683
19359,15.698103904724121,5.414723873138428
19360,12.623805046081543,0.1182645782828331
19361,-1.8789230585098267,6.026204586029053
19362,-14.08680248260498,-13.868699073791504
19363,1.380361795425415,-10.397858619689941
19364,-13.738312721252441,-21.358673095703125
19365,5.956828594207764,-4.472027778625488
19366,-4.227575302124023,1.9172697067260742
19367,15.921513557434082,3.519639015197754
19368,4.612781047821045,12.052529335021973
19369,1.2118451595306396,-6.624575138092041
19370,1.9407427310943604,-0.9677801132202148
19371,2.6374030113220215,7.075315475463867
19372,1.5246610641479492,-6.739936828613281
19373,0.7430315017700195,2.544578790664673
19374,0.8342104554176331,5.306519031524658
19375,8.729652404785156,-1.0308831930160522
19376,-1.2846828699111938,4.137472629547119
19377,1.0786762237548828,-0.5955008864402771
19378,0.6495799422264099,-9.78285026550293
19379,1.645424723625183,-4.497045516967773
19380,-1.1616318225860596,-0.9155944585800171
19381,-3.2819740772247314,4.014629364013672
19382,2.5116240978240967,10.533580780029297
19383,6.8094964027404785,2.1240971088409424
19384,10.705779075622559,-0.8121062517166138
19385,-2.0546698570251465,-0.46197161078453064
19386,-17.238597869873047,-15.551782608032227
19387,4.289083003997803,-1.9063951969146729
19388,2.6693332195281982,3.7959508895874023
19389,18.705114364624023,7.282081604003906
19390,-18.967021942138672,-9.809924125671387
19391,7.9240946769714355,-0.4163375198841095
19392,13.401806831359863,0.7722757458686829
19393,-2.527094602584839,-2.8438875675201416
19394,7.585361003875732,-11.276049613952637
19395,-6.454006195068359,-5.670857906341553
19396,0.20124588906764984,-5.278196334838867
19397,-6.648821830749512,-6.16147518157959
19398,-10.757206916809082,-10.111618995666504
19399,6.1726393699646,1.4478713274002075
19400,17.047677993774414,7.485947608947754
19401,7.891756534576416,6.384271621704102
19402,-0.827656626701355,5.301752090454102
19403,10.134804725646973,8.573328971862793
19404,3.414177417755127,8.695232391357422
19405,2.9335367679595947,-7.325414657592773
19406,3.142781972885132,10.027434349060059
19407,19.66204833984375,4.892712116241455
19408,8.067511558532715,1.6370068788528442
19409,12.664637565612793,-0.16583284735679626
19410,4.9925150871276855,6.622609615325928
19411,10.022119522094727,1.790176510810852
19412,13.85171890258789,10.663305282592773
19413,-1.1080554723739624,-2.7120413780212402
19414,3.17364501953125,3.893068552017212
19415,4.499513626098633,0.9938520193099976
19416,3.1779229640960693,-6.5763373374938965
19417,5.946247577667236,2.6387362480163574
19418,19.206972122192383,-1.7685916423797607
19419,-3.56099534034729,-1.520800232887268
19420,-4.9919352531433105,2.9368131160736084
19421,-1.3378667831420898,1.5002427101135254
19422,3.3391263484954834,-1.914219617843628
19423,21.308195114135742,5.018902778625488
19424,14.9822998046875,2.282737970352173
19425,1.7733116149902344,1.1338987350463867
19426,-0.2605476677417755,0.09256776422262192
19427,17.06784439086914,-0.64202481508255
19428,1.7953442335128784,-0.49560096859931946
19429,1.0064877271652222,2.5146329402923584
19430,13.758259773254395,9.596211433410645
19431,-16.10319709777832,-13.889505386352539
19432,4.513406753540039,-9.172157287597656
19433,-8.057628631591797,-10.938024520874023
19434,-2.052414655685425,-8.384252548217773
19435,3.1140122413635254,6.621201515197754
19436,-9.008068084716797,-17.87931251525879
19437,-5.964194297790527,-3.4734790325164795
19438,-1.2047606706619263,-0.3807007372379303
19439,-4.776264190673828,-3.193122148513794
19440,3.1054766178131104,-4.129942417144775
19441,0.3444780707359314,3.083979368209839
19442,5.187310218811035,1.6547322273254395
19443,14.50190544128418,2.960263967514038
19444,-0.05343909561634064,0.028656654059886932
19445,7.0618062019348145,-0.30197277665138245
19446,0.6944144368171692,-10.611092567443848
19447,17.778348922729492,-0.08751783519983292
19448,14.635955810546875,10.861927032470703
19449,0.6364155411720276,-1.9702684879302979
19450,1.5831196308135986,-1.7267781496047974
19451,3.1778171062469482,4.625843048095703
19452,-1.4512355327606201,-18.551095962524414
19453,3.422112226486206,-4.087887287139893
19454,21.436260223388672,7.106607437133789
19455,2.062248945236206,1.379537582397461
19456,4.844979286193848,-8.025901794433594
19457,4.16196346282959,-8.17093276977539
19458,9.430564880371094,-4.071752071380615
19459,-1.724210500717163,-2.2586758136749268
19460,-0.3156498670578003,0.3748871386051178
19461,-3.6769495010375977,-12.236435890197754
19462,7.478267669677734,2.218316078186035
19463,17.864986419677734,5.478565692901611
19464,2.039930582046509,9.9212007522583
19465,0.2451581209897995,4.264495372772217
19466,19.99970817565918,3.481718063354492
19467,3.7080559730529785,-1.0482306480407715
19468,0.23872332274913788,-3.311377763748169
19469,5.079713821411133,-3.734812021255493
19470,-2.566283941268921,-2.2983486652374268
19471,-1.3038625717163086,1.2806241512298584
19472,5.790513515472412,-9.08094310760498
19473,2.772905111312866,5.011784553527832
19474,-1.882723093032837,-1.9078288078308105
19475,-4.613295078277588,-19.682113647460938
19476,-0.4069330096244812,-15.105117797851562
19477,1.7170363664627075,1.1030393838882446
19478,-10.597540855407715,-9.588887214660645
19479,3.6898772716522217,5.8752007484436035
19480,-2.055011034011841,1.0320162773132324
19481,0.9304266571998596,1.1294020414352417
19482,3.7808949947357178,7.2650980949401855
19483,-11.336688041687012,-8.045600891113281
19484,1.6516494750976562,-2.593395471572876
19485,21.321422576904297,3.12327241897583
19486,14.680018424987793,2.2085418701171875
19487,3.0619962215423584,-1.386824607849121
19488,1.597612977027893,-5.340701103210449
19489,0.27399951219558716,0.11827091872692108
19490,16.928556442260742,-2.8137426376342773
19491,0.4370233416557312,3.4565975666046143
19492,-2.8508217334747314,-2.053260564804077
19493,4.598631858825684,1.4954994916915894
19494,-0.33495163917541504,-0.6555824279785156
19495,13.148469924926758,4.499042987823486
19496,3.7186567783355713,4.74894380569458
19497,13.886907577514648,0.22245660424232483
19498,2.9401071071624756,12.24433422088623
19499,7.093013286590576,3.7665672302246094
19500,1.6115026473999023,8.100557327270508
19501,10.69686222076416,5.099846839904785
19502,-0.5412813425064087,-2.167987823486328
19503,-0.28951162099838257,6.557183742523193
19504,6.292725563049316,0.9755696058273315
19505,13.655072212219238,7.602193832397461
19506,5.969671249389648,2.4505257606506348
19507,12.270157814025879,6.839371681213379
19508,-11.687557220458984,-10.082493782043457
19509,4.486769199371338,-2.1999351978302
19510,-0.7384331226348877,0.9399868845939636
19511,-2.08882737159729,6.705881595611572
19512,20.182443618774414,5.279987335205078
19513,-3.997774362564087,2.8353686332702637
19514,0.6727052927017212,5.400663375854492
19515,2.1642231941223145,-24.302751541137695
19516,-0.6920585036277771,1.672296404838562
19517,-4.507674694061279,-14.595834732055664
19518,20.258739471435547,3.6274220943450928
19519,16.910539627075195,7.341102600097656
19520,-3.345052480697632,-3.057948350906372
19521,3.450244188308716,9.33122730255127
19522,-2.502713441848755,-0.05597921460866928
19523,4.003127098083496,6.868178844451904
19524,3.0681331157684326,-7.802776336669922
19525,-5.890303611755371,-6.777376174926758
19526,-0.0020589679479599,-0.8944720029830933
19527,5.922342777252197,6.080038070678711
19528,-2.1536507606506348,0.029291458427906036
19529,1.3954272270202637,3.7892343997955322
19530,4.067739009857178,9.444397926330566
19531,-4.769070625305176,4.3120222091674805
19532,6.25449800491333,3.888374090194702
19533,3.59682297706604,-8.335860252380371
19534,3.2247695922851562,-7.020406246185303
19535,3.9158337116241455,-9.023955345153809
19536,-1.9844419956207275,-2.129178047180176
19537,-2.033888339996338,-3.12489914894104
19538,-12.549776077270508,-20.578960418701172
19539,-1.1075695753097534,-1.780380129814148
19540,-8.789993286132812,-12.097342491149902
19541,2.2667396068573,-6.150537014007568
19542,-2.56188702583313,0.5748274326324463
19543,0.19184939563274384,0.1881466507911682
19544,-1.3266241550445557,-1.0308756828308105
19545,0.31252455711364746,-2.216787576675415
19546,3.6608073711395264,-1.4884748458862305
19547,13.192626953125,4.467947959899902
19548,-3.900444746017456,-0.11554364114999771
19549,3.447434425354004,6.026979446411133
19550,22.3609676361084,5.898947715759277
19551,6.501559257507324,2.0961012840270996
19552,-1.3893718719482422,0.6617881655693054
19553,-8.450035095214844,-6.477229118347168
19554,1.3990060091018677,-0.37319937348365784
19555,7.4794602394104,9.889716148376465
19556,5.87354040145874,-2.7802436351776123
19557,0.7254875302314758,0.15409773588180542
19558,4.603919506072998,-10.070168495178223
19559,3.2647082805633545,-7.237670421600342
19560,16.985828399658203,4.8683977127075195
19561,-1.1151283979415894,1.0056248903274536
19562,-0.20978839695453644,5.880602836608887
19563,-0.4866143465042114,0.5205546617507935
19564,-2.416513681411743,-1.539863109588623
19565,0.004562690854072571,0.8088511228561401
19566,6.326362133026123,-14.737334251403809
19567,0.9829767346382141,2.5027995109558105
19568,-0.8626238703727722,-0.26035746932029724
19569,7.526037216186523,6.3582329750061035
19570,-2.0362913608551025,-0.8570191860198975
19571,10.163147926330566,-6.059513092041016
19572,-0.2508816123008728,-0.542607307434082
19573,2.7286391258239746,10.309242248535156
19574,-0.987221896648407,4.193403720855713
19575,1.4256362915039062,-0.3775329887866974
19576,2.1451900005340576,6.234408855438232
19577,-7.286513805389404,-9.94525146484375
19578,20.932212829589844,6.246696949005127
19579,-4.537545204162598,-5.119482517242432
19580,0.5206471085548401,-4.392762184143066
19581,0.3901037573814392,-0.5216683149337769
19582,15.552969932556152,1.0808136463165283
19583,-12.684574127197266,-21.899444580078125
19584,0.107286736369133,0.8618872761726379
19585,7.3786940574646,-5.787661552429199
19586,16.627317428588867,10.414429664611816
19587,6.566117763519287,-3.110011100769043
19588,1.5062451362609863,-0.22132274508476257
19589,23.702030181884766,10.532217979431152
19590,0.4157165288925171,1.193117618560791
19591,-4.098978042602539,1.824847936630249
19592,8.570825576782227,1.2538676261901855
19593,-9.654926300048828,-12.366976737976074
19594,-10.477836608886719,-6.567887783050537
19595,0.85875004529953,-3.1430137157440186
19596,11.512955665588379,-5.6188201904296875
19597,18.829383850097656,2.674593925476074
19598,0.8995364308357239,3.1865122318267822
19599,3.665386438369751,-2.8734920024871826
19600,6.762768745422363,-0.8106590509414673
19601,-5.61848783493042,-5.065036773681641
19602,2.334080934524536,3.20489239692688
19603,4.574019908905029,4.916682243347168
19604,-0.1307484656572342,-17.808456420898438
19605,3.3620383739471436,3.447986602783203
19606,11.058155059814453,9.131529808044434
19607,-14.577275276184082,-13.273507118225098
19608,-3.576368570327759,-12.20447826385498
19609,22.256732940673828,12.184556007385254
19610,0.10586504638195038,7.858007907867432
19611,3.1549482345581055,1.2191176414489746
19612,-3.7128188610076904,-1.5468378067016602
19613,-1.4768040180206299,-1.0116721391677856
19614,-16.993940353393555,-15.025557518005371
19615,5.741221904754639,4.42236328125
19616,4.383344650268555,-2.5986554622650146
19617,-0.7849814891815186,0.5644825100898743
19618,3.7339751720428467,12.415491104125977
19619,-0.8052721619606018,3.2742464542388916
19620,18.131244659423828,11.228659629821777
19621,-6.2666015625,-3.1874847412109375
19622,4.424807071685791,-1.7942159175872803
19623,-2.4713127613067627,-13.647642135620117
19624,2.6747100353240967,4.710450649261475
19625,7.556654930114746,10.071890830993652
19626,-2.079524517059326,-11.690224647521973
19627,6.096824645996094,-2.060223340988159
19628,9.203160285949707,5.683237075805664
19629,-2.855506181716919,-0.8542149066925049
19630,2.162170886993408,8.133857727050781
19631,16.315656661987305,-1.3649612665176392
19632,3.4165091514587402,-8.93875503540039
19633,16.760574340820312,5.764381408691406
19634,14.626521110534668,11.241700172424316
19635,3.3683109283447266,-2.493290901184082
19636,-1.6610561609268188,8.091533660888672
19637,-4.845252513885498,-4.736318588256836
19638,0.5856401324272156,0.49731722474098206
19639,-2.5188522338867188,1.7868740558624268
19640,11.535334587097168,-1.880905270576477
19641,21.25425148010254,6.847334861755371
19642,3.3879058361053467,4.970123291015625
19643,0.08153657615184784,3.481801748275757
19644,-0.11848609149456024,-2.5308005809783936
19645,-3.9162380695343018,-6.10786247253418
19646,15.36225700378418,2.1473987102508545
19647,0.21266202628612518,5.268059730529785
19648,21.235509872436523,7.610038757324219
19649,16.669818878173828,10.371399879455566
19650,8.195449829101562,-12.899378776550293
19651,6.501006603240967,-2.9105589389801025
19652,-11.334611892700195,-21.011661529541016
19653,0.9431231617927551,-4.630166053771973
19654,2.6149697303771973,-8.263503074645996
19655,5.735958099365234,-9.743218421936035
19656,3.8225743770599365,1.0304673910140991
19657,17.688085556030273,0.06502928584814072
19658,6.15775203704834,-9.48051929473877
19659,13.72819995880127,-6.159193992614746
19660,-3.8569233417510986,1.4065462350845337
19661,-1.2974371910095215,-1.7591394186019897
19662,0.8665794730186462,-0.3050660192966461
19663,3.286890745162964,11.53622055053711
19664,-4.287867546081543,-5.243417263031006
19665,0.7442724704742432,-2.895141363143921
19666,21.0115909576416,10.446849822998047
19667,-3.0050461292266846,1.57281494140625
19668,7.639594554901123,0.8758288025856018
19669,14.244747161865234,8.711359977722168
19670,-7.350636005401611,-4.241209030151367
19671,10.159209251403809,6.729803085327148
19672,7.875978946685791,3.913486957550049
19673,3.154794454574585,-1.59706449508667
19674,17.780717849731445,8.275609970092773
19675,-7.956305027008057,-2.5581507682800293
19676,3.3318850994110107,5.660749435424805
19677,1.9960782527923584,10.7493257522583
19678,16.902175903320312,-0.5906555652618408
19679,18.115314483642578,2.8775622844696045
19680,3.3189311027526855,-7.825623035430908
19681,-3.1682116985321045,-2.667759656906128
19682,5.316356182098389,-4.6622419357299805
19683,24.543546676635742,8.173933982849121
19684,2.0936942100524902,-7.0695695877075195
19685,-10.441338539123535,-9.104132652282715
19686,13.786124229431152,-0.7425938248634338
19687,6.599231243133545,-10.433870315551758
19688,3.4472146034240723,4.641414642333984
19689,-6.150540828704834,-2.6649880409240723
19690,1.6103953123092651,-4.808609962463379
19691,4.027001857757568,1.5554580688476562
19692,2.591461658477783,-0.40637311339378357
19693,0.9609630703926086,-4.542200088500977
19694,-1.7722214460372925,-2.1358470916748047
19695,17.808574676513672,0.26819685101509094
19696,-1.2503151893615723,-1.4571690559387207
19697,4.034778118133545,1.1742682456970215
19698,8.497462272644043,0.42545363306999207
19699,22.168359756469727,4.40316104888916
19700,20.103790283203125,10.73990535736084
19701,1.0185694694519043,0.5877206325531006
19702,17.613327026367188,6.637768268585205
19703,-7.0125732421875,-3.4948062896728516
19704,8.509580612182617,-3.3755247592926025
19705,6.638289451599121,1.9832818508148193
19706,4.44173526763916,8.137057304382324
19707,-3.6384100914001465,0.42542439699172974
19708,2.2039318084716797,-0.29751691222190857
19709,1.4576326608657837,6.345126628875732
19710,5.906559944152832,8.08165168762207
19711,2.8558990955352783,-8.001313209533691
19712,0.80117267370224,1.5574946403503418
19713,5.515647888183594,0.5219448208808899
19714,-0.047616854310035706,-5.294559955596924
19715,0.7017979025840759,-0.487120121717453
19716,10.611398696899414,-4.495685577392578
19717,2.5385234355926514,-5.357297897338867
19718,-7.638159275054932,-12.3294095993042
19719,7.760700702667236,11.741133689880371
19720,-7.784221649169922,-15.397809028625488
19721,3.357151985168457,-6.3856201171875
19722,1.6744303703308105,-4.155775547027588
19723,-13.414562225341797,-9.95830249786377
19724,0.3935445547103882,-3.6389822959899902
19725,-1.528031826019287,-0.8678175210952759
19726,-2.4713356494903564,-2.637883186340332
19727,-2.191041946411133,-0.4320220649242401
19728,-0.44172948598861694,1.0412307977676392
19729,-1.680893898010254,-1.6337147951126099
19730,3.587646722793579,6.889265537261963
19731,4.496264934539795,11.472118377685547
19732,-1.240591049194336,6.622968673706055
19733,0.37112122774124146,-2.4417805671691895
19734,9.208739280700684,-0.4562513530254364
19735,8.22221851348877,6.5553812980651855
19736,1.9294898509979248,2.1794822216033936
19737,23.281047821044922,10.978964805603027
19738,3.394199848175049,0.9116776585578918
19739,4.6043477058410645,2.614901542663574
19740,20.650663375854492,11.723404884338379
19741,10.079009056091309,7.764806270599365
19742,0.09732548892498016,0.5227508544921875
19743,9.304169654846191,7.797697067260742
19744,-4.58782434463501,-11.516457557678223
19745,-10.733841896057129,-3.450213670730591
19746,-4.619390487670898,-6.12581729888916
19747,3.7252910137176514,-6.53657341003418
19748,15.54317855834961,10.629454612731934
19749,7.837828159332275,6.675093173980713
19750,-2.5976052284240723,-3.338496446609497
19751,4.223914623260498,11.150158882141113
19752,14.152628898620605,5.6973185539245605
19753,4.30488920211792,-8.185223579406738
19754,-15.620874404907227,-13.44835090637207
19755,10.514144897460938,-0.9277825355529785
19756,1.516646146774292,7.902076721191406
19757,-0.6814454197883606,1.008752703666687
19758,-0.707270085811615,-1.6395829916000366
19759,2.1233928203582764,9.617972373962402
19760,3.67059326171875,-2.3113038539886475
19761,0.9022334218025208,1.0216646194458008
19762,9.24702262878418,7.981656074523926
19763,4.745180606842041,0.806902289390564
19764,0.4732944965362549,0.121531181037426
19765,-5.2358012199401855,-3.5060698986053467
19766,5.371760845184326,3.2258622646331787
19767,-1.3631858825683594,-14.159682273864746
19768,0.3528602719306946,2.4835193157196045
19769,-4.478560447692871,-7.601787567138672
19770,20.022567749023438,9.516236305236816
19771,1.4311625957489014,2.305048942565918
19772,0.7935795187950134,4.983766555786133
19773,-1.4209668636322021,0.9449838399887085
19774,0.7261695265769958,-5.13032341003418
19775,-0.10331104695796967,2.9224493503570557
19776,2.1309142112731934,1.186916470527649
19777,-11.170416831970215,-13.919428825378418
19778,17.63043212890625,5.037459373474121
19779,-8.332483291625977,-8.355929374694824
19780,-0.7502245903015137,-4.967041015625
19781,22.071014404296875,3.698385000228882
19782,2.465693235397339,9.810858726501465
19783,1.723174810409546,-4.430235862731934
19784,-16.787425994873047,-10.434660911560059
19785,-1.510725498199463,5.766280174255371
19786,3.0171849727630615,5.231082916259766
19787,7.519686222076416,-1.3739266395568848
19788,-4.1320695877075195,-7.616642951965332
19789,19.82324981689453,3.4077582359313965
19790,4.893632888793945,0.43191906809806824
19791,-2.9957468509674072,1.9735926389694214
19792,9.732373237609863,2.707551956176758
19793,11.808921813964844,2.4518883228302
19794,-2.5021607875823975,-3.435432195663452
19795,20.152070999145508,10.016620635986328
19796,19.644203186035156,10.543639183044434
19797,5.729490756988525,-4.137659072875977
19798,1.10789954662323,-0.4865616261959076
19799,20.031986236572266,8.96866512298584
19800,16.60572624206543,3.3902485370635986
19801,2.4467406272888184,10.891765594482422
19802,-0.5620436072349548,-0.5777284502983093
19803,-0.23885096609592438,0.02305620163679123
19804,2.073326587677002,8.82601261138916
19805,1.5558754205703735,1.0206542015075684
19806,1.6719090938568115,-5.2327561378479
19807,3.564453125,7.1334991455078125
19808,4.14354944229126,3.2947428226470947
19809,4.6082072257995605,4.893225193023682
19810,-0.12137599289417267,0.9769752025604248
19811,15.321826934814453,10.067765235900879
19812,10.327191352844238,9.046859741210938
19813,5.702139377593994,3.903714895248413
19814,-0.41526728868484497,6.752572059631348
19815,21.937644958496094,7.072747230529785
19816,22.22045135498047,3.473153829574585
19817,0.5383452773094177,0.33874282240867615
19818,4.402228355407715,5.942878723144531
19819,3.8073270320892334,0.0046239569783210754
19820,2.702860116958618,-2.1069815158843994
19821,0.7987303733825684,-4.298741340637207
19822,1.8377494812011719,1.1728311777114868
19823,23.061534881591797,3.820297956466675
19824,13.203513145446777,-0.6813275814056396
19825,1.3830392360687256,-2.329167127609253
19826,-4.150954723358154,-2.905623197555542
19827,-1.9260332584381104,-3.412356376647949
19828,-2.713216543197632,-10.33794116973877
19829,4.822371482849121,-3.4610483646392822
19830,-2.620432138442993,-1.5185853242874146
19831,-2.364428758621216,-5.088658332824707
19832,-0.3745456337928772,-6.073450088500977
19833,-0.33577656745910645,0.7649158835411072
19834,5.879072666168213,-2.383854627609253
19835,-4.47829008102417,-1.2781966924667358
19836,-2.3754327297210693,-1.0378882884979248
19837,1.9096558094024658,-1.0287232398986816
19838,-3.6600501537323,-3.3520047664642334
19839,16.133806228637695,7.180654525756836
19840,4.201206207275391,-0.008780576288700104
19841,2.6018340587615967,-11.530914306640625
19842,8.237910270690918,6.93366813659668
19843,0.48862284421920776,1.5033304691314697
19844,-3.901533842086792,-3.9890873432159424
19845,-1.6078770160675049,-1.5803992748260498
19846,-2.0012993812561035,-10.039887428283691
19847,0.9797716736793518,4.191061019897461
19848,-6.985291957855225,-5.482992172241211
19849,0.4911975860595703,3.953917980194092
19850,-2.7942283153533936,0.8357167840003967
19851,-0.3956666588783264,1.3090327978134155
19852,-5.857990264892578,-4.905488967895508
19853,21.54462432861328,9.251656532287598
19854,4.554531574249268,0.43215182423591614
19855,-0.585828423500061,1.4576542377471924
19856,2.19984769821167,-4.33336877822876
19857,4.749190330505371,11.29468059539795
19858,9.045863151550293,1.4278308153152466
19859,12.33211612701416,3.2690882682800293
19860,5.307012557983398,0.5566926002502441
19861,2.8383915424346924,-2.3324153423309326
19862,16.095685958862305,4.280327796936035
19863,3.272002935409546,4.945108413696289
19864,19.236745834350586,3.12400221824646
19865,21.318660736083984,5.380880355834961
19866,2.410029172897339,3.2052078247070312
19867,-2.718731164932251,-2.302696943283081
19868,6.26784086227417,-4.774354457855225
19869,-13.918819427490234,-7.61988639831543
19870,6.926374912261963,9.583495140075684
19871,5.701291561126709,5.273879051208496
19872,3.860206365585327,9.084240913391113
19873,-14.003851890563965,-16.69265365600586
19874,3.192646026611328,-5.706048488616943
19875,3.0015370845794678,-2.4186041355133057
19876,-3.8293001651763916,-15.86111831665039
19877,-13.385502815246582,-23.18573570251465
19878,6.93996000289917,6.413796424865723
19879,1.5440210103988647,2.9552900791168213
19880,12.205374717712402,10.326236724853516
19881,4.480757713317871,3.865924119949341
19882,-13.573513984680176,-16.192724227905273
19883,-5.184495449066162,2.5606162548065186
19884,-10.409363746643066,-8.589619636535645
19885,3.1893723011016846,9.951171875
19886,2.905769109725952,-5.831070899963379
19887,-0.0709911435842514,-3.497607946395874
19888,12.627041816711426,-3.5363306999206543
19889,-1.8695881366729736,-1.241913914680481
19890,-0.6430041790008545,0.5491815805435181
19891,1.3073267936706543,7.102871894836426
19892,-1.8531074523925781,-2.9832675457000732
19893,-3.028475522994995,-1.7896113395690918
19894,-0.7945738434791565,0.38681933283805847
19895,-1.3727989196777344,-1.9322519302368164
19896,2.922196865081787,-8.542510032653809
19897,2.250546455383301,5.70659065246582
19898,-2.864015579223633,-0.3455432653427124
19899,3.866560697555542,6.7051191329956055
19900,7.152916431427002,-4.410901069641113
19901,0.44841545820236206,-0.31544381380081177
19902,0.7760922312736511,4.130136489868164
19903,13.731887817382812,-0.33520689606666565
19904,5.566809177398682,2.5992496013641357
19905,1.3304710388183594,1.0804411172866821
19906,-2.7257800102233887,-1.8946871757507324
19907,-16.763830184936523,-12.294726371765137
19908,3.7675821781158447,-1.2107810974121094
19909,2.578238010406494,7.842333793640137
19910,3.8826448917388916,8.73842716217041
19911,8.543492317199707,-2.7891385555267334
19912,-8.635201454162598,-5.614582538604736
19913,2.9094135761260986,3.0354158878326416
19914,21.344646453857422,8.409071922302246
19915,-1.6721844673156738,-1.3072199821472168
19916,9.592103958129883,-8.707884788513184
19917,0.24915079772472382,-0.599563479423523
19918,4.117165565490723,13.310979843139648
19919,3.6055634021759033,9.309779167175293
19920,2.418591022491455,5.506552219390869
19921,10.747172355651855,-2.9938571453094482
19922,10.015201568603516,7.395111083984375
19923,-2.6483678817749023,-2.9686856269836426
19924,16.377973556518555,7.607917785644531
19925,-2.375136137008667,-1.2912509441375732
19926,-4.146818161010742,-5.933989524841309
19927,1.5755178928375244,-3.985478639602661
19928,-2.0285985469818115,-2.2489073276519775
19929,6.955866813659668,-5.604471206665039
19930,16.574787139892578,0.8959425091743469
19931,7.8242011070251465,6.250979423522949
19932,-4.0151848793029785,1.090926170349121
19933,9.455394744873047,4.4781694412231445
19934,4.353305816650391,0.5705087780952454
19935,1.365733027458191,-0.007040970027446747
19936,0.2876741290092468,-0.280196875333786
19937,6.988143444061279,10.17699909210205
19938,-5.168473720550537,-4.152000904083252
19939,1.125472068786621,2.3804194927215576
19940,-3.823479413986206,-4.17665958404541
19941,1.6619718074798584,3.4672365188598633
19942,-0.009003505110740662,2.6603827476501465
19943,-5.389556884765625,2.7345616817474365
19944,13.947196960449219,8.216387748718262
19945,10.293303489685059,5.953103065490723
19946,3.8007729053497314,10.66230297088623
19947,1.4851903915405273,0.42425987124443054
19948,1.998990774154663,-0.4451961815357208
19949,-3.1221868991851807,-8.512800216674805
19950,2.016974687576294,-11.703621864318848
19951,19.03725814819336,9.430588722229004
19952,1.2984000444412231,-0.7272740602493286
19953,14.703350067138672,3.806098461151123
19954,5.233595371246338,6.738552093505859
19955,12.217610359191895,-0.216021329164505
19956,-4.457208633422852,-3.3250699043273926
19957,-1.5137989521026611,-15.879959106445312
19958,8.753687858581543,7.286553382873535
19959,8.847342491149902,-1.8958888053894043
19960,-5.930699825286865,-8.405060768127441
19961,-4.047770023345947,-2.8834786415100098
19962,-0.23313678801059723,-8.334328651428223
19963,-4.299727916717529,-0.8925673961639404
19964,2.567594528198242,10.385783195495605
19965,-12.820097923278809,-14.616537094116211
19966,-3.9983062744140625,-1.28139328956604
19967,-4.2002339363098145,-2.143906354904175
19968,-4.457887649536133,-10.51965045928955
19969,-3.4025490283966064,2.0326852798461914
19970,2.881669044494629,0.0799487754702568
19971,5.875366687774658,7.8796491622924805
19972,0.9065776467323303,-3.9864418506622314
19973,-2.952516794204712,4.501467704772949
19974,0.7644526362419128,-2.1886608600616455
19975,11.867864608764648,-0.6740466356277466
19976,3.50886869430542,5.411195278167725
19977,3.6345407962799072,6.127635478973389
19978,20.94971466064453,3.9550838470458984
19979,4.572492599487305,-9.9392728805542
19980,1.818672776222229,4.95880651473999
19981,20.007658004760742,9.605000495910645
19982,5.986713886260986,-5.401817321777344
19983,4.219976902008057,4.1695122718811035
19984,9.566560745239258,-4.915868759155273
19985,2.421440362930298,-5.432005405426025
19986,-1.6676006317138672,5.7635273933410645
19987,-10.00712776184082,-13.844552993774414
19988,-6.141951084136963,-4.210141658782959
19989,0.2993609309196472,-2.25943922996521
19990,-0.3691680431365967,3.912316083908081
19991,-17.882022857666016,-15.055022239685059
19992,-2.241583824157715,-5.034862995147705
19993,-0.8110155463218689,-2.9446041584014893
19994,-15.67207145690918,-12.06627368927002
19995,16.62430191040039,-3.586388349533081
19996,1.241635799407959,-4.970401287078857
19997,1.278784990310669,-4.593020439147949
19998,9.628336906433105,-7.603198051452637
19999,11.917034149169922,0.35148993134498596
