evaluation,filled_cells,coverage,qd_score,raw_qd_score,qd_score_fitness_floor,max_fitness,mean_fitness,occupancy_entropy,mean_pairwise_descriptor_euclidean,mean_pairwise_descriptor_knn_geodesic,pairwise_geodesic_k,pairwise_geodesic_finite_fraction,pairwise_geodesic_disconnected_pairs
1,1,0.0016,6.296000000000001,1.296000000000001,-5.0,1.296000000000001,1.296000000000001,0.0,nan,nan,5,nan,-1
25,14,0.0224,101.88399999999993,31.883999999999933,-5.0,9.556999999999936,2.2774285714285667,0.40993462829889016,nan,nan,5,nan,-1
50,26,0.0416,178.65199999999996,48.65199999999995,-5.0,9.556999999999936,1.8712307692307673,0.5060922998101188,nan,nan,5,nan,-1
75,36,0.0576,262.9779999999999,82.97799999999988,-5.0,9.752999999999963,2.304944444444441,0.5566413762796892,nan,nan,5,nan,-1
100,48,0.0768,349.61699999999985,109.6169999999999,-5.0,9.752999999999963,2.283687499999998,0.6013281066948895,nan,nan,5,nan,-1
125,55,0.088,407.20199999999994,132.20199999999988,-5.0,9.752999999999963,2.403672727272725,0.6224740256012445,nan,nan,5,nan,-1
150,61,0.0976,457.8049999999999,152.80499999999992,-5.0,9.752999999999963,2.5049999999999986,0.6385573858447358,nan,nan,5,nan,-1
175,72,0.1152,539.2009999999998,179.20099999999988,-5.0,9.752999999999963,2.488902777777776,0.6643105157980375,nan,nan,5,nan,-1
200,78,0.1248,571.4349999999998,181.43499999999992,-5.0,9.752999999999963,2.3260897435897427,0.6767438484316152,nan,nan,5,nan,-1
225,84,0.1344,616.5409999999999,196.5409999999999,-5.0,9.752999999999963,2.3397738095238085,0.6882553164387347,nan,nan,5,nan,-1
250,93,0.1488,707.1709999999998,242.17099999999982,-5.0,9.752999999999963,2.603989247311826,0.704065602365827,nan,nan,5,nan,-1
275,98,0.1568,764.2719999999998,274.27199999999976,-5.0,9.752999999999963,2.798693877551018,0.7122001170794321,nan,nan,5,nan,-1
300,103,0.1648,813.4749999999999,298.47499999999985,-5.0,9.752999999999963,2.897815533980581,0.7199297581507992,nan,nan,5,nan,-1
325,120,0.192,989.9509999999997,389.9509999999997,-5.0,10.431999999999952,3.249591666666664,0.7436589671765411,nan,nan,5,nan,-1
350,132,0.2112,1131.5279999999993,471.52799999999945,-5.0,10.431999999999952,3.572181818181814,0.7584638532594373,nan,nan,5,nan,-1
375,144,0.2304,1231.4319999999993,511.43199999999945,-5.0,10.431999999999952,3.5516111111111073,0.7719796553163858,nan,nan,5,nan,-1
400,156,0.2496,1358.8239999999992,578.8239999999992,-5.0,10.959999999999983,3.7104102564102512,0.7844129879499635,nan,nan,5,nan,-1
425,165,0.264,1491.684999999999,666.6849999999991,-5.0,13.566999999999966,4.040515151515146,0.7931255742227409,nan,nan,5,nan,-1
450,175,0.28,1591.729999999999,716.7299999999989,-5.0,13.566999999999966,4.095599999999994,0.802265488780542,nan,nan,5,nan,-1
475,186,0.2976,1695.284999999999,765.284999999999,-5.0,13.566999999999966,4.114435483870962,0.8117347418841754,nan,nan,5,nan,-1
500,193,0.3088,1776.545999999999,811.5459999999989,-5.0,13.566999999999966,4.204901554404139,0.8174733160326821,nan,nan,5,nan,-1
525,198,0.3168,1870.880999999999,880.8809999999988,-5.0,14.287999999999958,4.448893939393933,0.8214462623625854,nan,nan,5,nan,-1
550,206,0.3296,1951.1709999999987,921.1709999999988,-5.0,14.287999999999958,4.47170388349514,0.8275988976691475,nan,nan,5,nan,-1
575,216,0.3456,2067.5199999999986,987.5199999999986,-5.0,14.287999999999958,4.571851851851846,0.8349620644195339,nan,nan,5,nan,-1
600,222,0.3552,2144.0519999999988,1034.0519999999988,-5.0,14.287999999999958,4.657891891891887,0.839218049378077,nan,nan,5,nan,-1
625,229,0.3664,2269.3379999999984,1124.3379999999984,-5.0,14.34400000000001,4.909772925764185,0.8440403263733741,nan,nan,5,nan,-1
650,237,0.3792,2360.591999999998,1175.5919999999987,-5.0,14.34400000000001,4.960303797468349,0.8493741974900547,nan,nan,5,nan,-1
675,246,0.3936,2498.074999999998,1268.0749999999985,-5.0,20.90999999999996,5.154776422764221,0.8551637024018754,nan,nan,5,nan,-1
700,252,0.4032,2577.6399999999985,1317.639999999998,-5.0,20.90999999999996,5.228730158730151,0.8589068650602312,nan,nan,5,nan,-1
725,259,0.4144,2698.263999999998,1403.2639999999978,-5.0,22.17000000000001,5.418007722007713,0.8631628500187742,nan,nan,5,nan,-1
750,267,0.4272,2823.723999999998,1488.723999999998,-5.0,22.17000000000001,5.575745318352052,0.8678881948838495,nan,nan,5,nan,-1
775,272,0.4352,2919.9019999999978,1559.9019999999978,-5.0,22.17000000000001,5.734933823529404,0.8707701650040401,nan,nan,5,nan,-1
800,279,0.4464,3002.449999999998,1607.4499999999975,-5.0,22.17000000000001,5.76146953405017,0.8747171509873233,nan,nan,5,nan,-1
825,285,0.456,3084.5949999999975,1659.5949999999975,-5.0,22.17000000000001,5.823140350877185,0.878022248730284,nan,nan,5,nan,-1
850,292,0.4672,3195.7429999999968,1735.7429999999972,-5.0,22.17000000000001,5.944325342465744,0.8817913630608476,nan,nan,5,nan,-1
875,298,0.4768,3286.1029999999973,1796.102999999997,-5.0,22.17000000000001,6.027191275167776,0.8849508021544567,nan,nan,5,nan,-1
900,301,0.4816,3340.003999999997,1835.0039999999972,-5.0,22.17000000000001,6.096358803986702,0.8865067457180579,nan,nan,5,nan,-1
925,308,0.4928,3427.7319999999972,1887.731999999997,-5.0,22.17000000000001,6.128999999999991,0.8900777934184829,nan,nan,5,nan,-1
950,316,0.5056,3552.9169999999967,1972.9169999999967,-5.0,25.829999999999863,6.243408227848091,0.8940609279052549,nan,nan,5,nan,-1
975,323,0.5168,3624.936999999997,2009.9369999999965,-5.0,25.829999999999863,6.222715170278627,0.8974643070394347,nan,nan,5,nan,-1
1000,326,0.5216,3695.4829999999965,2065.4829999999965,-5.0,25.829999999999863,6.3358374233128725,0.8989003764386682,1.059887067379003,1.206920739723681,5,1.0,0
1025,328,0.5248,3736.135999999996,2096.1359999999963,-5.0,25.829999999999863,6.390658536585355,0.8998504328170758,nan,nan,5,nan,-1
1050,335,0.536,3844.6849999999963,2169.6849999999963,-5.0,25.829999999999863,6.476671641791034,0.9031306033781422,nan,nan,5,nan,-1
1075,337,0.5392,3874.898999999996,2189.8989999999962,-5.0,25.829999999999863,6.498216617210671,0.9040552116654996,nan,nan,5,nan,-1
1100,342,0.5472,3941.3049999999957,2231.3049999999957,-5.0,25.829999999999863,6.524283625730981,0.9063429368701286,nan,nan,5,nan,-1
1125,348,0.5568,4027.854999999996,2287.854999999996,-5.0,25.829999999999863,6.574295977011483,0.9090444612000678,nan,nan,5,nan,-1
1150,354,0.5664,4111.549999999996,2341.5499999999956,-5.0,25.829999999999863,6.614548022598858,0.9116998033582263,nan,nan,5,nan,-1
1175,356,0.5696,4160.783999999996,2380.7839999999956,-5.0,25.829999999999863,6.687595505617965,0.9125749252990497,nan,nan,5,nan,-1
1200,361,0.5776,4239.322999999996,2434.322999999996,-5.0,25.829999999999863,6.743277008310238,0.9147414002175752,nan,nan,5,nan,-1
1225,367,0.5872,4318.905999999995,2483.9059999999954,-5.0,25.829999999999863,6.768136239782004,0.9173019043529538,nan,nan,5,nan,-1
1250,370,0.592,4371.330999999996,2521.330999999995,-5.0,25.829999999999863,6.814408108108095,0.9185665007565805,nan,nan,5,nan,-1
1275,375,0.6,4439.562999999996,2564.562999999995,-5.0,25.829999999999863,6.838834666666654,0.9206515486214963,nan,nan,5,nan,-1
1300,376,0.6016,4481.4109999999955,2601.4109999999955,-5.0,25.829999999999863,6.918646276595733,0.9210652205933862,nan,nan,5,nan,-1
1325,381,0.6096,4559.594999999995,2654.594999999995,-5.0,25.829999999999863,6.967440944881876,0.9231172152113127,nan,nan,5,nan,-1
1350,385,0.616,4646.447999999994,2721.447999999995,-5.0,25.829999999999863,7.068696103896091,0.9247395143817865,nan,nan,5,nan,-1
1375,391,0.6256,4770.302999999994,2815.3029999999944,-5.0,25.829999999999863,7.20026342710996,0.927141630297242,nan,nan,5,nan,-1
1400,393,0.6288,4816.943999999994,2851.943999999994,-5.0,25.829999999999863,7.256854961832046,0.927934151065592,nan,nan,5,nan,-1
1425,395,0.632,4852.235999999994,2877.235999999994,-5.0,25.829999999999863,7.284141772151884,0.9287226488685584,nan,nan,5,nan,-1
1450,401,0.6416,4942.112999999994,2937.112999999994,-5.0,25.829999999999863,7.3244713216957456,0.9310644077970912,nan,nan,5,nan,-1
1475,403,0.6448,4968.644999999993,2953.644999999994,-5.0,25.829999999999863,7.329143920595519,0.9318372140361012,nan,nan,5,nan,-1
1500,408,0.6528,5036.4279999999935,2996.427999999994,-5.0,25.829999999999863,7.344186274509789,0.9337525741071881,nan,nan,5,nan,-1
1525,412,0.6592,5084.394999999995,3024.394999999994,-5.0,25.829999999999863,7.340764563106782,0.9352680371874957,nan,nan,5,nan,-1
1550,414,0.6624,5113.705999999993,3043.7059999999938,-5.0,25.829999999999863,7.351946859903366,0.9360202601279358,nan,nan,5,nan,-1
1575,418,0.6688,5156.933999999994,3066.933999999994,-5.0,25.829999999999863,7.3371626794258225,0.9375138652283804,nan,nan,5,nan,-1
1600,423,0.6768,5245.718999999994,3130.7189999999937,-5.0,25.829999999999863,7.401226950354595,0.939360899281334,nan,nan,5,nan,-1
1625,424,0.6784,5296.291999999994,3176.2919999999935,-5.0,25.829999999999863,7.491254716981117,0.9397276851274107,nan,nan,5,nan,-1
1650,425,0.68,5316.006999999993,3191.0069999999932,-5.0,25.829999999999863,7.508251764705866,0.9400936069306471,nan,nan,5,nan,-1
1675,429,0.6864,5392.497999999994,3247.4979999999937,-5.0,25.829999999999863,7.5699254079253935,0.9415487345145115,nan,nan,5,nan,-1
1700,429,0.6864,5409.026999999993,3264.0269999999937,-5.0,25.829999999999863,7.6084545454545305,0.9415487345145115,nan,nan,5,nan,-1
1725,430,0.688,5445.788999999993,3295.7889999999934,-5.0,25.829999999999863,7.664625581395334,0.9419103964558643,nan,nan,5,nan,-1
1750,434,0.6944,5494.839999999993,3324.839999999993,-5.0,25.829999999999863,7.660921658986159,0.9433486820432209,nan,nan,5,nan,-1
1775,441,0.7056,5598.026999999993,3393.026999999993,-5.0,25.829999999999863,7.693938775510189,0.9458340748040764,nan,nan,5,nan,-1
1800,444,0.7104,5656.248999999993,3436.2489999999934,-5.0,25.829999999999863,7.739299549549535,0.9468871888964252,nan,nan,5,nan,-1
1825,446,0.7136,5684.917999999992,3454.917999999993,-5.0,25.829999999999863,7.746452914798191,0.9475853192115367,nan,nan,5,nan,-1
1850,448,0.7168,5728.1109999999935,3488.110999999993,-5.0,25.829999999999863,7.785962053571413,0.9482803258906315,nan,nan,5,nan,-1
1875,450,0.72,5759.467999999993,3509.4679999999926,-5.0,25.829999999999863,7.798817777777761,0.948972236761341,nan,nan,5,nan,-1
1900,451,0.7216,5794.848999999993,3539.848999999993,-5.0,25.829999999999863,7.848889135254973,0.9493170398632755,nan,nan,5,nan,-1
1925,453,0.7248,5842.2179999999935,3577.2179999999926,-5.0,25.829999999999863,7.896728476821176,0.9500043583901616,nan,nan,5,nan,-1
1950,457,0.7312,5902.155999999992,3617.155999999992,-5.0,25.829999999999863,7.915002188183791,0.9513699384698981,nan,nan,5,nan,-1
1975,459,0.7344,5945.281999999992,3650.2819999999924,-5.0,25.829999999999863,7.95268409586055,0.952048252795136,nan,nan,5,nan,-1
2000,459,0.7344,5969.090999999992,3674.090999999992,-5.0,25.829999999999863,8.00455555555554,0.952048252795136,1.061355583003258,1.18976731271915,5,1.0,0
2025,459,0.7344,5995.036999999993,3700.036999999992,-5.0,25.829999999999863,8.061082788671007,0.952048252795136,nan,nan,5,nan,-1
2050,460,0.736,6025.843999999992,3725.843999999992,-5.0,25.829999999999863,8.0996608695652,0.9523863024032915,nan,nan,5,nan,-1
2075,463,0.7408,6081.277999999992,3766.277999999992,-5.0,25.829999999999863,8.134509719222445,0.9533960593738574,nan,nan,5,nan,-1
2100,465,0.744,6129.871999999991,3804.8719999999917,-5.0,25.829999999999863,8.182520430107509,0.9540656023658269,nan,nan,5,nan,-1
2125,466,0.7456,6144.683999999991,3814.683999999992,-5.0,25.829999999999863,8.186017167381957,0.9543992947253913,nan,nan,5,nan,-1
2150,470,0.752,6213.146999999992,3863.146999999991,-5.0,25.829999999999863,8.21946170212764,0.9557269415566897,nan,nan,5,nan,-1
2175,473,0.7568,6251.611999999992,3886.611999999991,-5.0,25.829999999999863,8.21693868921774,0.9567152825387605,nan,nan,5,nan,-1
2200,476,0.7616,6344.6049999999905,3964.604999999991,-5.0,26.24499999999988,8.329002100840317,0.9576973747478855,nan,nan,5,nan,-1
2225,477,0.7632,6400.959999999991,4015.959999999991,-5.0,26.24499999999988,8.419203354297675,0.9580233638153587,nan,nan,5,nan,-1
2250,480,0.768,6438.195999999991,4038.195999999991,-5.0,26.24499999999988,8.412908333333315,0.9589972462132377,nan,nan,5,nan,-1
2275,480,0.768,6459.7259999999915,4059.7259999999906,-5.0,26.24499999999988,8.45776249999998,0.9589972462132377,nan,nan,5,nan,-1
2300,482,0.7712,6502.177999999991,4092.177999999991,-5.0,26.24499999999988,8.489995850622387,0.9596431254541422,nan,nan,5,nan,-1
2325,484,0.7744,6530.988999999991,4110.9889999999905,-5.0,26.24499999999988,8.493778925619814,0.9602863302391856,nan,nan,5,nan,-1
2350,486,0.7776,6567.357999999991,4137.357999999991,-5.0,26.24499999999988,8.51308230452673,0.9609268826258299,nan,nan,5,nan,-1
2375,490,0.784,6623.678999999991,4173.678999999991,-5.0,26.24499999999988,8.517712244897941,0.9622001170794321,nan,nan,5,nan,-1
2400,492,0.7872,6663.560999999991,4203.560999999991,-5.0,26.24499999999988,8.543823170731688,0.9628328419202238,nan,nan,5,nan,-1
2425,495,0.792,6719.0159999999905,4244.0159999999905,-5.0,26.24499999999988,8.573769696969677,0.9637771228442372,nan,nan,5,nan,-1
2450,498,0.7968,6774.18199999999,4284.18199999999,-5.0,26.24499999999988,8.602775100401585,0.9647156981085082,nan,nan,5,nan,-1
2475,500,0.8,6830.060999999991,4330.060999999991,-5.0,26.24499999999988,8.660121999999982,0.9653382790366966,nan,nan,5,nan,-1
2500,502,0.8032,6865.3729999999905,4355.3729999999905,-5.0,26.24499999999988,8.676041832669304,0.9659583746052637,nan,nan,5,nan,-1
2525,505,0.808,6932.16499999999,4407.16499999999,-5.0,26.24499999999988,8.727059405940574,0.9668839010790715,nan,nan,5,nan,-1
2550,505,0.808,6958.18099999999,4433.18099999999,-5.0,26.24499999999988,8.778576237623742,0.9668839010790715,nan,nan,5,nan,-1
2575,507,0.8112,7000.39999999999,4465.39999999999,-5.0,26.24499999999988,8.80749506903351,0.9674978692050376,nan,nan,5,nan,-1
2600,509,0.8144,7045.32699999999,4500.326999999989,-5.0,26.24499999999988,8.841506876227877,0.9681094201274004,nan,nan,5,nan,-1
2625,510,0.816,7090.479999999989,4540.47999999999,-5.0,26.24499999999988,8.902901960784293,0.9684142950704916,nan,nan,5,nan,-1
2650,512,0.8192,7132.37799999999,4572.37799999999,-5.0,26.24499999999988,8.93042578124998,0.9690222556651344,nan,nan,5,nan,-1
2675,516,0.8256,7217.213999999989,4637.213999999989,-5.0,26.24499999999988,8.986848837209282,0.970231084595709,nan,nan,5,nan,-1
2700,516,0.8256,7224.222999999989,4644.222999999989,-5.0,26.24499999999988,9.000432170542615,0.970231084595709,nan,nan,5,nan,-1
2725,518,0.8288,7258.223999999989,4668.223999999989,-5.0,26.24499999999988,9.012015444015423,0.9708319895371225,nan,nan,5,nan,-1
2750,518,0.8288,7285.216999999989,4695.216999999989,-5.0,26.24499999999988,9.06412548262546,0.9708319895371225,nan,nan,5,nan,-1
2775,520,0.832,7337.843999999988,4737.843999999988,-5.0,26.24499999999988,9.11123846153844,0.9714305788468154,nan,nan,5,nan,-1
2800,521,0.8336,7361.300999999989,4756.300999999988,-5.0,26.24499999999988,9.129176583493258,0.9717290107035294,nan,nan,5,nan,-1
2825,522,0.8352,7400.971999999989,4790.971999999988,-5.0,26.24499999999988,9.178107279693464,0.9720268703032159,nan,nan,5,nan,-1
2850,523,0.8368,7425.436999999989,4810.436999999988,-5.0,26.24499999999988,9.197776290630951,0.9723241598363346,nan,nan,5,nan,-1
2875,523,0.8368,7450.341999999989,4835.341999999988,-5.0,26.24499999999988,9.245395793499021,0.9723241598363346,nan,nan,5,nan,-1
2900,524,0.8384,7477.770999999988,4857.770999999988,-5.0,26.24499999999988,9.270555343511427,0.9726208814807921,nan,nan,5,nan,-1
2925,525,0.84,7506.819999999989,4881.819999999989,-5.0,26.24499999999988,9.298704761904741,0.9729170374020383,nan,nan,5,nan,-1
2950,527,0.8432,7550.897999999988,4915.897999999988,-5.0,26.24499999999988,9.328079696394665,0.9735076606749777,nan,nan,5,nan,-1
2975,529,0.8464,7577.3049999999885,4932.3049999999885,-5.0,26.24499999999988,9.323827977315668,0.9740960467331898,nan,nan,5,nan,-1
3000,531,0.8496,7623.811999999989,4968.811999999988,-5.0,26.24499999999988,9.357461393596964,0.9746822124613744,1.059261677700652,1.2131198901434705,5,1.0,0
3025,533,0.8528,7672.636999999988,5007.636999999988,-5.0,26.24499999999988,9.395191369605982,0.9752661745538015,nan,nan,5,nan,-1
3050,534,0.8544,7701.274999999987,5031.274999999987,-5.0,26.24499999999988,9.421863295880126,0.9755573344021978,nan,nan,5,nan,-1
3075,536,0.8576,7744.334999999987,5064.334999999988,-5.0,26.24499999999988,9.448386194029828,0.976138021933187,nan,nan,5,nan,-1
3100,538,0.8608,7788.796999999988,5098.796999999988,-5.0,26.24499999999988,9.477317843866148,0.9767165467495543,nan,nan,5,nan,-1
3125,540,0.864,7826.438999999988,5126.438999999988,-5.0,26.24499999999988,9.493405555555533,0.9772929249011856,nan,nan,5,nan,-1
3150,542,0.8672,7859.2869999999875,5149.2869999999875,-5.0,26.24499999999988,9.50052952029518,0.977867172259963,nan,nan,5,nan,-1
3175,543,0.8688,7882.739999999988,5167.739999999987,-5.0,26.24499999999988,9.517016574585611,0.9781535018039683,nan,nan,5,nan,-1
3200,544,0.8704,7916.9249999999865,5196.9249999999865,-5.0,26.24499999999988,9.553170955882328,0.9784393045223883,nan,nan,5,nan,-1
3225,545,0.872,7943.6349999999875,5218.6349999999875,-5.0,26.24499999999988,9.575477064220161,0.9787245823503047,nan,nan,5,nan,-1
3250,548,0.8768,8020.799999999987,5280.7999999999865,-5.0,26.24499999999988,9.636496350364938,0.9795772856826858,nan,nan,5,nan,-1
3275,549,0.8784,8048.130999999988,5303.130999999987,-5.0,26.24499999999988,9.659619307832399,0.9798604830877284,nan,nan,5,nan,-1
3300,551,0.8816,8100.871999999987,5345.871999999987,-5.0,26.24499999999988,9.702127041742262,0.9804253336506626,nan,nan,5,nan,-1
3325,552,0.8832,8123.923999999986,5363.923999999986,-5.0,26.24499999999988,9.71725362318838,0.980706990543136,nan,nan,5,nan,-1
3350,552,0.8832,8129.446999999987,5369.446999999986,-5.0,26.24499999999988,9.727259057970988,0.980706990543136,nan,nan,5,nan,-1
3375,553,0.8848,8147.532999999987,5382.532999999987,-5.0,26.24499999999988,9.733332730560555,0.9809881376491003,nan,nan,5,nan,-1
3400,553,0.8848,8170.5539999999855,5405.5539999999855,-5.0,26.24499999999988,9.77496202531643,0.9809881376491003,nan,nan,5,nan,-1
3425,556,0.8896,8220.891999999987,5440.891999999986,-5.0,26.24499999999988,9.78577697841724,0.9818285386186637,nan,nan,5,nan,-1
3450,556,0.8896,8237.578999999987,5457.578999999985,-5.0,26.24499999999988,9.815789568345297,0.9818285386186637,nan,nan,5,nan,-1
3475,557,0.8912,8252.864999999985,5467.864999999985,-5.0,26.24499999999988,9.816633752244138,0.982107664899774,nan,nan,5,nan,-1
3500,558,0.8928,8288.732999999986,5498.732999999986,-5.0,26.24499999999988,9.854360215053738,0.9823862905056716,nan,nan,5,nan,-1
3525,559,0.8944,8316.118999999986,5521.118999999986,-5.0,26.24499999999988,9.876778175313033,0.9826644172292867,nan,nan,5,nan,-1
3550,560,0.896,8342.267999999985,5542.2679999999855,-5.0,26.24499999999988,9.896907142857117,0.9829420468539349,nan,nan,5,nan,-1
3575,560,0.896,8348.559999999987,5548.559999999986,-5.0,26.24499999999988,9.908142857142831,0.9829420468539349,nan,nan,5,nan,-1
3600,562,0.8992,8385.545999999988,5575.545999999986,-5.0,26.24499999999988,9.920900355871861,0.9834958218919394,nan,nan,5,nan,-1
3625,562,0.8992,8386.007999999987,5576.007999999986,-5.0,26.24499999999988,9.921722419928802,0.9834958218919394,nan,nan,5,nan,-1
3650,563,0.9008,8421.574999999984,5606.574999999985,-5.0,26.24499999999988,9.95839253996445,0.9837719708244744,nan,nan,5,nan,-1
3675,564,0.9024,8453.324999999984,5633.324999999985,-5.0,26.24499999999988,9.988164893616995,0.9840476296965344,nan,nan,5,nan,-1
3700,565,0.904,8489.961999999985,5664.961999999985,-5.0,26.24499999999988,10.026481415929178,0.9843228002443847,nan,nan,5,nan,-1
3725,566,0.9056,8519.024999999985,5689.024999999985,-5.0,26.24499999999988,10.051280918727889,0.9845974841950795,nan,nan,5,nan,-1
3750,567,0.9072,8536.327999999985,5701.327999999985,-5.0,26.24499999999988,10.05525220458551,0.9848716832665272,nan,nan,5,nan,-1
3775,567,0.9072,8567.600999999984,5732.600999999984,-5.0,26.24499999999988,10.11040740740738,0.9848716832665272,nan,nan,5,nan,-1
3800,569,0.9104,8605.693999999985,5760.693999999985,-5.0,26.24499999999988,10.124242530755685,0.9854186335979714,nan,nan,5,nan,-1
3825,571,0.9136,8660.544999999984,5805.544999999984,-5.0,26.24499999999988,10.167329246935173,0.9859636648015009,nan,nan,5,nan,-1
3850,572,0.9152,8672.661999999984,5812.661999999984,-5.0,26.24499999999988,10.161996503496475,0.9862354649297117,nan,nan,5,nan,-1
3875,572,0.9152,8687.343999999985,5827.343999999985,-5.0,26.24499999999988,10.187664335664309,0.9862354649297117,nan,nan,5,nan,-1
3900,572,0.9152,8693.628999999984,5833.628999999984,-5.0,26.24499999999988,10.198652097902071,0.9862354649297117,nan,nan,5,nan,-1
3925,572,0.9152,8704.810999999983,5844.810999999984,-5.0,26.24499999999988,10.218201048951022,0.9862354649297117,nan,nan,5,nan,-1
3950,572,0.9152,8726.205999999984,5866.205999999984,-5.0,26.24499999999988,10.255604895104867,0.9862354649297117,nan,nan,5,nan,-1
3975,572,0.9152,8740.709999999985,5880.709999999985,-5.0,26.24499999999988,10.280961538461511,0.9862354649297117,nan,nan,5,nan,-1
4000,573,0.9168,8777.615999999984,5912.615999999984,-5.0,26.24499999999988,10.3187015706806,0.9865067902976317,1.053336110351948,1.20438632245886,5,1.0,0
4025,574,0.9184,8795.569999999985,5925.569999999983,-5.0,26.24499999999988,10.3232926829268,0.9867776425609212,nan,nan,5,nan,-1
4050,574,0.9184,8802.340999999982,5932.340999999984,-5.0,26.24499999999988,10.335088850174188,0.9867776425609212,nan,nan,5,nan,-1
4075,574,0.9184,8809.018999999984,5939.018999999984,-5.0,26.24499999999988,10.346722996515652,0.9867776425609212,nan,nan,5,nan,-1
4100,574,0.9184,8822.558999999985,5952.558999999983,-5.0,26.24499999999988,10.370311846689866,0.9867776425609212,nan,nan,5,nan,-1
4125,575,0.92,8856.893999999982,5981.893999999983,-5.0,26.24499999999988,10.403293913043449,0.987048023366595,nan,nan,5,nan,-1
4150,576,0.9216,8895.597999999984,6015.597999999984,-5.0,26.24499999999988,10.44374652777775,0.9873179343530823,nan,nan,5,nan,-1
4175,578,0.9248,8917.650999999983,6027.6509999999835,-5.0,26.24499999999988,10.428461937716234,0.9878563533796424,nan,nan,5,nan,-1
4200,579,0.9264,8940.051999999983,6045.051999999983,-5.0,26.24499999999988,10.440504317789262,0.9881248646541785,nan,nan,5,nan,-1
4225,579,0.9264,8944.331999999984,6049.331999999983,-5.0,26.24499999999988,10.447896373056965,0.9881248646541785,nan,nan,5,nan,-1
4250,579,0.9264,8959.101999999983,6064.1019999999835,-5.0,26.24499999999988,10.473405872193409,0.9881248646541785,nan,nan,5,nan,-1
4275,579,0.9264,8977.546999999982,6082.546999999983,-5.0,26.24499999999988,10.505262521588918,0.9881248646541785,nan,nan,5,nan,-1
4300,579,0.9264,8991.591999999982,6096.591999999982,-5.0,26.24499999999988,10.529519861830712,0.9881248646541785,nan,nan,5,nan,-1
4325,579,0.9264,9013.729999999981,6118.729999999983,-5.0,26.24499999999988,10.567754749568191,0.9881248646541785,nan,nan,5,nan,-1
4350,579,0.9264,9022.981999999982,6127.981999999983,-5.0,26.24499999999988,10.58373402417959,0.9881248646541785,nan,nan,5,nan,-1
4375,579,0.9264,9037.938999999984,6142.938999999982,-5.0,26.24499999999988,10.609566493955064,0.9881248646541785,nan,nan,5,nan,-1
4400,579,0.9264,9054.762999999983,6159.762999999983,-5.0,26.24499999999988,10.638623488773717,0.9881248646541785,nan,nan,5,nan,-1
4425,579,0.9264,9072.197999999982,6177.197999999982,-5.0,26.24499999999988,10.668735751295307,0.9881248646541785,nan,nan,5,nan,-1
4450,579,0.9264,9086.877999999982,6191.877999999982,-5.0,26.24499999999988,10.69408981001724,0.9881248646541785,nan,nan,5,nan,-1
4475,579,0.9264,9099.975999999982,6204.975999999982,-5.0,26.24499999999988,10.716711571675273,0.9881248646541785,nan,nan,5,nan,-1
4500,579,0.9264,9103.103999999981,6208.103999999983,-5.0,26.24499999999988,10.722113989637275,0.9881248646541785,nan,nan,5,nan,-1
4525,579,0.9264,9108.738999999983,6213.738999999983,-5.0,26.24499999999988,10.73184628670118,0.9881248646541785,nan,nan,5,nan,-1
4550,579,0.9264,9115.962999999982,6220.9629999999825,-5.0,26.24499999999988,10.744322970639002,0.9881248646541785,nan,nan,5,nan,-1
4575,579,0.9264,9120.797999999982,6225.7979999999825,-5.0,26.24499999999988,10.752673575129503,0.9881248646541785,nan,nan,5,nan,-1
4600,580,0.928,9141.243999999982,6241.243999999982,-5.0,26.24499999999988,10.76076551724135,0.9883929125785714,nan,nan,5,nan,-1
4625,580,0.928,9154.311999999982,6254.311999999982,-5.0,26.24499999999988,10.783296551724106,0.9883929125785714,nan,nan,5,nan,-1
4650,580,0.928,9166.352999999981,6266.352999999982,-5.0,26.24499999999988,10.804056896551693,0.9883929125785714,nan,nan,5,nan,-1
4675,580,0.928,9172.814999999982,6272.814999999982,-5.0,26.24499999999988,10.815198275862038,0.9883929125785714,nan,nan,5,nan,-1
4700,581,0.9296,9192.331999999982,6287.331999999982,-5.0,26.43499999999988,10.821569707401002,0.9886604987492055,nan,nan,5,nan,-1
4725,582,0.9312,9226.001999999982,6316.001999999982,-5.0,26.43499999999988,10.852237113402031,0.988927624754229,nan,nan,5,nan,-1
4750,583,0.9328,9241.680999999982,6326.680999999982,-5.0,26.43499999999988,10.851939965694653,0.9891942921736104,nan,nan,5,nan,-1
4775,584,0.9344,9275.130999999981,6355.130999999981,-5.0,26.43499999999988,10.882073630136954,0.9894605025791959,nan,nan,5,nan,-1
4800,584,0.9344,9295.885999999982,6375.885999999981,-5.0,26.43499999999988,10.917613013698599,0.9894605025791959,nan,nan,5,nan,-1
4825,585,0.936,9314.34099999998,6389.340999999982,-5.0,26.43499999999988,10.921950427350398,0.9897262575347633,nan,nan,5,nan,-1
4850,587,0.9392,9352.300999999981,6417.300999999981,-5.0,26.43499999999988,10.93236967632024,0.990256407310948,nan,nan,5,nan,-1
4875,587,0.9392,9360.524999999981,6425.524999999981,-5.0,26.43499999999988,10.946379897785318,0.990256407310948,nan,nan,5,nan,-1
4900,587,0.9392,9363.413999999982,6428.4139999999825,-5.0,26.43499999999988,10.951301533219732,0.990256407310948,nan,nan,5,nan,-1
4925,588,0.9408,9397.11899999998,6457.1189999999815,-5.0,26.43499999999988,10.981494897959152,0.9905208052192767,nan,nan,5,nan,-1
4950,588,0.9408,9405.58199999998,6465.581999999981,-5.0,26.43499999999988,10.995887755102009,0.9905208052192767,nan,nan,5,nan,-1
4975,588,0.9408,9410.61799999998,6470.61799999998,-5.0,26.43499999999988,11.004452380952348,0.9905208052192767,nan,nan,5,nan,-1
5000,588,0.9408,9438.254999999981,6498.254999999981,-5.0,26.43499999999988,11.05145408163262,0.9905208052192767,1.0481672330787457,1.2310217095894744,5,1.0,0
5025,588,0.9408,9448.42099999998,6508.420999999981,-5.0,26.43499999999988,11.068743197278879,0.9905208052192767,nan,nan,5,nan,-1
5050,590,0.944,9497.91599999998,6547.915999999981,-5.0,26.43499999999988,11.098162711864374,0.99104825473673,nan,nan,5,nan,-1
5075,591,0.9456,9513.31299999998,6558.312999999981,-5.0,26.43499999999988,11.096976311336686,0.9913113093866253,nan,nan,5,nan,-1
5100,591,0.9456,9524.02599999998,6569.025999999982,-5.0,26.43499999999988,11.115103214889986,0.9913113093866253,nan,nan,5,nan,-1
5125,592,0.9472,9545.587999999982,6585.587999999982,-5.0,26.43499999999988,11.124304054054022,0.9915739193116254,nan,nan,5,nan,-1
5150,593,0.9488,9575.09899999998,6610.09899999998,-5.0,26.43499999999988,11.146878583473828,0.9918360860129131,nan,nan,5,nan,-1
5175,593,0.9488,9589.94699999998,6624.94699999998,-5.0,26.43499999999988,11.171917369308566,0.9918360860129131,nan,nan,5,nan,-1
5200,594,0.9504,9607.300999999981,6637.300999999981,-5.0,26.43499999999988,11.173907407407375,0.9920978109840819,nan,nan,5,nan,-1
5225,594,0.9504,9607.594999999981,6637.594999999981,-5.0,26.43499999999988,11.174402356902325,0.9920978109840819,nan,nan,5,nan,-1
5250,594,0.9504,9621.41699999998,6651.41699999998,-5.0,26.43499999999988,11.197671717171684,0.9920978109840819,nan,nan,5,nan,-1
5275,594,0.9504,9640.33399999998,6670.333999999981,-5.0,26.43499999999988,11.229518518518486,0.9920978109840819,nan,nan,5,nan,-1
5300,594,0.9504,9664.358999999979,6694.35899999998,-5.0,26.43499999999988,11.269964646464613,0.9920978109840819,nan,nan,5,nan,-1
5325,594,0.9504,9675.36099999998,6705.360999999981,-5.0,26.43499999999988,11.2884865319865,0.9920978109840819,nan,nan,5,nan,-1
5350,594,0.9504,9686.33899999998,6716.33899999998,-5.0,26.43499999999988,11.30696801346798,0.9920978109840819,nan,nan,5,nan,-1
5375,595,0.952,9709.90499999998,6734.904999999981,-5.0,26.43499999999988,11.319168067226858,0.992359095711189,nan,nan,5,nan,-1
5400,595,0.952,9713.44899999998,6738.4489999999805,-5.0,26.43499999999988,11.325124369747867,0.992359095711189,nan,nan,5,nan,-1
5425,597,0.9552,9750.64899999998,6765.64899999998,-5.0,26.43499999999988,11.332745393634807,0.9928803503400639,nan,nan,5,nan,-1
5450,597,0.9552,9766.74199999998,6781.74199999998,-5.0,26.43499999999988,11.35970184254603,0.9928803503400639,nan,nan,5,nan,-1
5475,597,0.9552,9774.21299999998,6789.21299999998,-5.0,26.43499999999988,11.372216080401977,0.9928803503400639,nan,nan,5,nan,-1
5500,597,0.9552,9804.13099999998,6819.13099999998,-5.0,26.43499999999988,11.422329983249549,0.9928803503400639,nan,nan,5,nan,-1
5525,598,0.9568,9822.643999999978,6832.64399999998,-5.0,26.43499999999988,11.425826086956489,0.9931403231767137,nan,nan,5,nan,-1
5550,598,0.9568,9829.03299999998,6839.032999999981,-5.0,26.43499999999988,11.436510033444785,0.9931403231767137,nan,nan,5,nan,-1
5575,599,0.9584,9855.101999999979,6860.101999999981,-5.0,26.43499999999988,11.452590984974925,0.9933998616391654,nan,nan,5,nan,-1
5600,599,0.9584,9864.21099999998,6869.210999999979,-5.0,26.43499999999988,11.467797996661067,0.9933998616391654,nan,nan,5,nan,-1
5625,599,0.9584,9886.22699999998,6891.226999999981,-5.0,26.43499999999988,11.504552587646044,0.9933998616391654,nan,nan,5,nan,-1
5650,599,0.9584,9891.22399999998,6896.22399999998,-5.0,26.43499999999988,11.512894824707812,0.9933998616391654,nan,nan,5,nan,-1
5675,599,0.9584,9898.31099999998,6903.31099999998,-5.0,26.43499999999988,11.52472621035055,0.9933998616391654,nan,nan,5,nan,-1
5700,599,0.9584,9919.25199999998,6924.2519999999795,-5.0,26.43499999999988,11.559686143572586,0.9933998616391654,nan,nan,5,nan,-1
5725,601,0.9616,9959.32699999998,6954.326999999979,-5.0,26.43499999999988,11.571259567387653,0.9939176412307242,nan,nan,5,nan,-1
5750,602,0.9632,9986.46199999998,6976.4619999999795,-5.0,26.43499999999988,11.588807308970067,0.9941758852364062,nan,nan,5,nan,-1
5775,602,0.9632,10004.217999999979,6994.21799999998,-5.0,26.43499999999988,11.618302325581363,0.9941758852364062,nan,nan,5,nan,-1
5800,603,0.9648,10029.842999999979,7014.84299999998,-5.0,26.43499999999988,11.633238805970116,0.9944337006211349,nan,nan,5,nan,-1
5825,603,0.9648,10029.842999999979,7014.84299999998,-5.0,26.43499999999988,11.633238805970116,0.9944337006211349,nan,nan,5,nan,-1
5850,604,0.9664,10062.565999999979,7042.56599999998,-5.0,26.43499999999988,11.659877483443676,0.9946910888053618,nan,nan,5,nan,-1
5875,604,0.9664,10083.628999999979,7063.628999999979,-5.0,26.43499999999988,11.694749999999965,0.9946910888053618,nan,nan,5,nan,-1
5900,604,0.9664,10090.81899999998,7070.8189999999795,-5.0,26.43499999999988,11.7066539735099,0.9946910888053618,nan,nan,5,nan,-1
5925,604,0.9664,10100.20799999998,7080.20799999998,-5.0,26.43499999999988,11.722198675496655,0.9946910888053618,nan,nan,5,nan,-1
5950,604,0.9664,10104.378999999979,7084.378999999979,-5.0,26.43499999999988,11.729104304635726,0.9946910888053618,nan,nan,5,nan,-1
5975,604,0.9664,10112.47099999998,7092.4709999999795,-5.0,26.43499999999988,11.742501655629106,0.9946910888053618,nan,nan,5,nan,-1
6000,604,0.9664,10128.876999999979,7108.8769999999795,-5.0,26.43499999999988,11.769663907284734,0.9946910888053618,1.0484092050742018,1.2563826152652542,5,1.0,0
6025,604,0.9664,10142.355999999978,7122.355999999979,-5.0,26.43499999999988,11.791980132450297,0.9946910888053618,nan,nan,5,nan,-1
6050,604,0.9664,10150.888999999977,7130.888999999979,-5.0,26.43499999999988,11.806107615894005,0.9946910888053618,nan,nan,5,nan,-1
6075,604,0.9664,10169.64299999998,7149.642999999979,-5.0,26.43499999999988,11.837157284768177,0.9946910888053618,nan,nan,5,nan,-1
6100,604,0.9664,10172.781999999981,7152.781999999979,-5.0,26.43499999999988,11.842354304635727,0.9946910888053618,nan,nan,5,nan,-1
6125,604,0.9664,10196.06499999998,7176.064999999979,-5.0,26.43499999999988,11.880902317880759,0.9946910888053618,nan,nan,5,nan,-1
6150,604,0.9664,10200.481999999978,7180.481999999978,-5.0,26.43499999999988,11.888215231788044,0.9946910888053618,nan,nan,5,nan,-1
6175,604,0.9664,10209.048999999977,7189.048999999979,-5.0,26.43499999999988,11.902399006622481,0.9946910888053618,nan,nan,5,nan,-1
6200,604,0.9664,10222.858999999979,7202.858999999979,-5.0,26.43499999999988,11.925263245033078,0.9946910888053618,nan,nan,5,nan,-1
6225,604,0.9664,10237.551999999978,7217.55199999998,-5.0,26.43499999999988,11.949589403973476,0.9946910888053618,nan,nan,5,nan,-1
6250,604,0.9664,10261.03299999998,7241.0329999999785,-5.0,26.43499999999988,11.988465231788044,0.9946910888053618,nan,nan,5,nan,-1
6275,604,0.9664,10271.632999999978,7251.632999999978,-5.0,26.43499999999988,12.006014900662215,0.9946910888053618,nan,nan,5,nan,-1
6300,604,0.9664,10275.034999999978,7255.034999999978,-5.0,26.43499999999988,12.011647350993341,0.9946910888053618,nan,nan,5,nan,-1
6325,606,0.9696,10316.54499999998,7286.544999999978,-5.0,26.43499999999988,12.02400165016498,0.9952045892189161,nan,nan,5,nan,-1
6350,606,0.9696,10320.409999999978,7290.409999999979,-5.0,26.43499999999988,12.030379537953761,0.9952045892189161,nan,nan,5,nan,-1
6375,606,0.9696,10338.634999999977,7308.634999999978,-5.0,26.43499999999988,12.060453795379502,0.9952045892189161,nan,nan,5,nan,-1
6400,606,0.9696,10349.490999999976,7319.490999999978,-5.0,26.43499999999988,12.078367986798645,0.9952045892189161,nan,nan,5,nan,-1
6425,606,0.9696,10349.752999999979,7319.752999999978,-5.0,26.43499999999988,12.078800330032967,0.9952045892189161,nan,nan,5,nan,-1
6450,606,0.9696,10352.244999999977,7322.244999999978,-5.0,26.43499999999988,12.082912541254089,0.9952045892189161,nan,nan,5,nan,-1
6475,606,0.9696,10355.627999999977,7325.627999999978,-5.0,26.43499999999988,12.088495049504914,0.9952045892189161,nan,nan,5,nan,-1
6500,607,0.9712,10371.216999999977,7336.216999999979,-5.0,26.43499999999988,12.086024711696835,0.9954607042540855,nan,nan,5,nan,-1
6525,607,0.9712,10382.841999999979,7347.841999999978,-5.0,26.43499999999988,12.105176276770969,0.9954607042540855,nan,nan,5,nan,-1
6550,607,0.9712,10396.573999999977,7361.573999999979,-5.0,26.43499999999988,12.12779901153209,0.9954607042540855,nan,nan,5,nan,-1
6575,607,0.9712,10401.455999999978,7366.455999999978,-5.0,26.43499999999988,12.135841845139998,0.9954607042540855,nan,nan,5,nan,-1
6600,607,0.9712,10408.311999999978,7373.311999999978,-5.0,26.43499999999988,12.147136738055977,0.9954607042540855,nan,nan,5,nan,-1
6625,607,0.9712,10417.914999999979,7382.914999999977,-5.0,26.43499999999988,12.162957166392054,0.9954607042540855,nan,nan,5,nan,-1
6650,607,0.9712,10438.480999999978,7403.480999999978,-5.0,26.43499999999988,12.196838550247081,0.9954607042540855,nan,nan,5,nan,-1
6675,607,0.9712,10456.638999999977,7421.638999999977,-5.0,26.43499999999988,12.226752883031264,0.9954607042540855,nan,nan,5,nan,-1
6700,607,0.9712,10477.877999999977,7442.877999999977,-5.0,26.43499999999988,12.261742998352515,0.9954607042540855,nan,nan,5,nan,-1
6725,607,0.9712,10497.860999999979,7462.860999999977,-5.0,26.43499999999988,12.294663920922533,0.9954607042540855,nan,nan,5,nan,-1
6750,607,0.9712,10501.736999999977,7466.736999999977,-5.0,26.43499999999988,12.301049423393703,0.9954607042540855,nan,nan,5,nan,-1
6775,607,0.9712,10504.631999999978,7469.631999999978,-5.0,26.43499999999988,12.305818780889584,0.9954607042540855,nan,nan,5,nan,-1
6800,607,0.9712,10506.148999999978,7471.148999999978,-5.0,26.43499999999988,12.308317957166356,0.9954607042540855,nan,nan,5,nan,-1
6825,607,0.9712,10510.323999999979,7475.323999999978,-5.0,26.43499999999988,12.315196046128465,0.9954607042540855,nan,nan,5,nan,-1
6850,608,0.9728,10537.065999999977,7497.065999999977,-5.0,26.43499999999988,12.330700657894699,0.995716397700529,nan,nan,5,nan,-1
6875,608,0.9728,10547.826999999977,7507.8269999999775,-5.0,26.43499999999988,12.348399671052595,0.995716397700529,nan,nan,5,nan,-1
6900,608,0.9728,10561.343999999977,7521.343999999977,-5.0,26.43499999999988,12.37063157894733,0.995716397700529,nan,nan,5,nan,-1
6925,608,0.9728,10576.868999999977,7536.868999999978,-5.0,26.43499999999988,12.396166118421016,0.995716397700529,nan,nan,5,nan,-1
6950,608,0.9728,10590.859999999977,7550.859999999977,-5.0,26.43499999999988,12.41917763157891,0.995716397700529,nan,nan,5,nan,-1
6975,609,0.9744,10628.696999999978,7583.6969999999765,-5.0,26.43499999999988,12.452704433497498,0.9959716709439131,nan,nan,5,nan,-1
7000,609,0.9744,10631.740999999976,7586.740999999976,-5.0,26.43499999999988,12.457702791461374,0.9959716709439131,1.0480155828507847,1.2417021123635335,5,1.0,0
7025,609,0.9744,10634.860999999977,7589.860999999977,-5.0,26.43499999999988,12.462825944170735,0.9959716709439131,nan,nan,5,nan,-1
7050,610,0.976,10655.308999999977,7605.3089999999775,-5.0,26.43499999999988,12.46771967213111,0.9962265253630841,nan,nan,5,nan,-1
7075,610,0.976,10666.590999999979,7616.590999999977,-5.0,26.43499999999988,12.486214754098322,0.9962265253630841,nan,nan,5,nan,-1
7100,610,0.976,10666.767999999978,7616.767999999976,-5.0,26.43499999999988,12.486504918032749,0.9962265253630841,nan,nan,5,nan,-1
7125,610,0.976,10668.457999999977,7618.457999999977,-5.0,26.43499999999988,12.489275409836027,0.9962265253630841,nan,nan,5,nan,-1
7150,610,0.976,10673.301999999978,7623.301999999977,-5.0,26.43499999999988,12.497216393442585,0.9962265253630841,nan,nan,5,nan,-1
7175,610,0.976,10681.508999999976,7631.508999999976,-5.0,26.43499999999988,12.51067049180324,0.9962265253630841,nan,nan,5,nan,-1
7200,610,0.976,10685.234999999977,7635.234999999977,-5.0,26.43499999999988,12.516778688524552,0.9962265253630841,nan,nan,5,nan,-1
7225,610,0.976,10704.058999999977,7654.0589999999775,-5.0,26.43499999999988,12.547637704917996,0.9962265253630841,nan,nan,5,nan,-1
7250,610,0.976,10719.439999999977,7669.439999999977,-5.0,26.43499999999988,12.572852459016355,0.9962265253630841,nan,nan,5,nan,-1
7275,610,0.976,10723.476999999977,7673.476999999977,-5.0,26.43499999999988,12.57947049180324,0.9962265253630841,nan,nan,5,nan,-1
7300,610,0.976,10739.029999999977,7689.029999999977,-5.0,26.43499999999988,12.604967213114717,0.9962265253630841,nan,nan,5,nan,-1
7325,610,0.976,10749.002999999975,7699.002999999977,-5.0,26.43499999999988,12.621316393442585,0.9962265253630841,nan,nan,5,nan,-1
7350,610,0.976,10749.327999999976,7699.327999999977,-5.0,26.43499999999988,12.62184918032783,0.9962265253630841,nan,nan,5,nan,-1
7375,610,0.976,10764.364999999976,7714.364999999977,-5.0,26.43499999999988,12.646499999999962,0.9962265253630841,nan,nan,5,nan,-1
7400,610,0.976,10768.837999999978,7718.837999999977,-5.0,26.43499999999988,12.653832786885209,0.9962265253630841,nan,nan,5,nan,-1
7425,610,0.976,10796.559999999976,7746.559999999976,-5.0,26.43499999999988,12.69927868852455,0.9962265253630841,nan,nan,5,nan,-1
7450,610,0.976,10810.878999999977,7760.878999999977,-5.0,26.43499999999988,12.722752459016355,0.9962265253630841,nan,nan,5,nan,-1
7475,610,0.976,10818.251999999977,7768.251999999977,-5.0,26.43499999999988,12.734839344262257,0.9962265253630841,nan,nan,5,nan,-1
7500,611,0.9776,10846.513999999977,7791.513999999977,-5.0,26.43499999999988,12.75206873977083,0.9964809623301121,nan,nan,5,nan,-1
7525,611,0.9776,10852.192999999977,7797.192999999977,-5.0,26.43499999999988,12.761363338788833,0.9964809623301121,nan,nan,5,nan,-1
7550,611,0.9776,10863.306999999975,7808.306999999976,-5.0,26.43499999999988,12.779553191489322,0.9964809623301121,nan,nan,5,nan,-1
7575,611,0.9776,10867.026999999976,7812.026999999976,-5.0,26.43499999999988,12.785641571194724,0.9964809623301121,nan,nan,5,nan,-1
7600,611,0.9776,10872.404999999977,7817.404999999977,-5.0,26.43499999999988,12.794443535188178,0.9964809623301121,nan,nan,5,nan,-1
7625,611,0.9776,10883.229999999978,7828.229999999976,-5.0,26.43499999999988,12.812160392798651,0.9964809623301121,nan,nan,5,nan,-1
7650,611,0.9776,10883.799999999977,7828.799999999976,-5.0,26.43499999999988,12.813093289688995,0.9964809623301121,nan,nan,5,nan,-1
7675,611,0.9776,10890.433999999976,7835.433999999976,-5.0,26.43499999999988,12.823950900163625,0.9964809623301121,nan,nan,5,nan,-1
7700,611,0.9776,10911.380999999976,7856.380999999976,-5.0,26.43499999999988,12.858234042553152,0.9964809623301121,nan,nan,5,nan,-1
7725,611,0.9776,10926.738999999976,7871.738999999976,-5.0,26.43499999999988,12.883369885433677,0.9964809623301121,nan,nan,5,nan,-1
7750,611,0.9776,10940.108999999975,7885.108999999975,-5.0,26.43499999999988,12.905252045826472,0.9964809623301121,nan,nan,5,nan,-1
7775,611,0.9776,10945.310999999976,7890.310999999976,-5.0,26.43499999999988,12.913765957446769,0.9964809623301121,nan,nan,5,nan,-1
7800,611,0.9776,10957.039999999975,7902.039999999975,-5.0,26.43499999999988,12.932962356792103,0.9964809623301121,nan,nan,5,nan,-1
7825,611,0.9776,10976.951999999976,7921.951999999976,-5.0,26.43499999999988,12.96555155482811,0.9964809623301121,nan,nan,5,nan,-1
7850,611,0.9776,10981.211999999976,7926.211999999976,-5.0,26.43499999999988,12.972523731587522,0.9964809623301121,nan,nan,5,nan,-1
7875,611,0.9776,10998.179999999977,7943.179999999976,-5.0,26.43499999999988,13.000294599017964,0.9964809623301121,nan,nan,5,nan,-1
7900,611,0.9776,11021.206999999977,7966.206999999976,-5.0,26.43499999999988,13.037981996726637,0.9964809623301121,nan,nan,5,nan,-1
7925,611,0.9776,11022.645999999975,7967.645999999975,-5.0,26.43499999999988,13.040337152209451,0.9964809623301121,nan,nan,5,nan,-1
7950,611,0.9776,11031.618999999975,7976.618999999975,-5.0,26.43499999999988,13.055022913256915,0.9964809623301121,nan,nan,5,nan,-1
7975,611,0.9776,11037.908999999976,7982.908999999976,-5.0,26.43499999999988,13.06531751227492,0.9964809623301121,nan,nan,5,nan,-1
8000,612,0.9792,11053.469999999976,7993.469999999976,-5.0,26.43499999999988,13.061225490196039,0.9967349832103363,1.0454565747883875,1.3171601111650866,5,1.0,0
8025,612,0.9792,11062.358999999977,8002.358999999977,-5.0,26.43499999999988,13.075749999999962,0.9967349832103363,nan,nan,5,nan,-1
8050,612,0.9792,11073.773999999976,8013.773999999976,-5.0,26.43499999999988,13.094401960784275,0.9967349832103363,nan,nan,5,nan,-1
8075,612,0.9792,11077.980999999976,8017.980999999976,-5.0,26.43499999999988,13.10127614379081,0.9967349832103363,nan,nan,5,nan,-1
8100,612,0.9792,11090.740999999976,8030.740999999976,-5.0,26.43499999999988,13.122125816993425,0.9967349832103363,nan,nan,5,nan,-1
8125,612,0.9792,11095.134999999977,8035.134999999976,-5.0,26.43499999999988,13.129305555555515,0.9967349832103363,nan,nan,5,nan,-1
8150,612,0.9792,11099.902999999977,8039.902999999976,-5.0,26.43499999999988,13.137096405228718,0.9967349832103363,nan,nan,5,nan,-1
8175,612,0.9792,11112.916999999976,8052.916999999976,-5.0,26.43499999999988,13.158361111111072,0.9967349832103363,nan,nan,5,nan,-1
8200,612,0.9792,11112.916999999976,8052.916999999976,-5.0,26.43499999999988,13.158361111111072,0.9967349832103363,nan,nan,5,nan,-1
8225,612,0.9792,11123.391999999974,8063.391999999976,-5.0,26.43499999999988,13.175477124182967,0.9967349832103363,nan,nan,5,nan,-1
8250,612,0.9792,11126.237999999976,8066.237999999976,-5.0,26.43499999999988,13.180127450980352,0.9967349832103363,nan,nan,5,nan,-1
8275,612,0.9792,11146.743999999975,8086.743999999975,-5.0,26.43499999999988,13.213633986928064,0.9967349832103363,nan,nan,5,nan,-1
8300,612,0.9792,11168.665999999976,8108.665999999975,-5.0,26.43499999999988,13.249454248365971,0.9967349832103363,nan,nan,5,nan,-1
8325,612,0.9792,11170.039999999975,8110.039999999975,-5.0,26.43499999999988,13.25169934640519,0.9967349832103363,nan,nan,5,nan,-1
8350,612,0.9792,11178.585999999976,8118.585999999975,-5.0,26.43499999999988,13.26566339869277,0.9967349832103363,nan,nan,5,nan,-1
8375,612,0.9792,11196.493999999977,8136.493999999975,-5.0,26.43499999999988,13.294924836601266,0.9967349832103363,nan,nan,5,nan,-1
8400,612,0.9792,11210.856999999975,8150.8569999999745,-5.0,26.43499999999988,13.318393790849631,0.9967349832103363,nan,nan,5,nan,-1
8425,612,0.9792,11210.856999999975,8150.8569999999745,-5.0,26.43499999999988,13.318393790849631,0.9967349832103363,nan,nan,5,nan,-1
8450,612,0.9792,11224.531999999976,8164.531999999976,-5.0,26.43499999999988,13.340738562091463,0.9967349832103363,nan,nan,5,nan,-1
8475,612,0.9792,11233.018999999975,8173.018999999975,-5.0,26.43499999999988,13.354606209150285,0.9967349832103363,nan,nan,5,nan,-1
8500,612,0.9792,11237.808999999976,8177.808999999975,-5.0,26.43499999999988,13.362433006535907,0.9967349832103363,nan,nan,5,nan,-1
8525,612,0.9792,11245.523999999974,8185.523999999975,-5.0,26.43499999999988,13.375039215686234,0.9967349832103363,nan,nan,5,nan,-1
8550,612,0.9792,11252.017999999975,8192.017999999975,-5.0,26.43499999999988,13.385650326797345,0.9967349832103363,nan,nan,5,nan,-1
8575,612,0.9792,11253.955999999976,8193.955999999975,-5.0,26.43499999999988,13.388816993464012,0.9967349832103363,nan,nan,5,nan,-1
8600,612,0.9792,11259.195999999974,8199.195999999974,-5.0,26.43499999999988,13.397379084967278,0.9967349832103363,nan,nan,5,nan,-1
8625,612,0.9792,11259.195999999974,8199.195999999974,-5.0,26.43499999999988,13.397379084967278,0.9967349832103363,nan,nan,5,nan,-1
8650,612,0.9792,11262.936999999976,8202.936999999974,-5.0,26.43499999999988,13.403491830065319,0.9967349832103363,nan,nan,5,nan,-1
8675,612,0.9792,11287.640999999974,8227.640999999974,-5.0,26.43499999999988,13.443857843137213,0.9967349832103363,nan,nan,5,nan,-1
8700,612,0.9792,11295.071999999975,8235.071999999975,-5.0,26.43499999999988,13.455999999999959,0.9967349832103363,nan,nan,5,nan,-1
8725,613,0.9808,11316.793999999974,8251.793999999974,-5.0,26.43499999999988,13.46132789559539,0.9969885893624083,nan,nan,5,nan,-1
8750,613,0.9808,11343.722999999974,8278.722999999976,-5.0,26.43499999999988,13.50525774877647,0.9969885893624083,nan,nan,5,nan,-1
8775,613,0.9808,11350.569999999974,8285.569999999974,-5.0,26.43499999999988,13.516427406198979,0.9969885893624083,nan,nan,5,nan,-1
8800,613,0.9808,11363.815999999973,8298.815999999973,-5.0,26.43499999999988,13.538035889070104,0.9969885893624083,nan,nan,5,nan,-1
8825,613,0.9808,11373.507999999974,8308.507999999974,-5.0,26.43499999999988,13.55384665579115,0.9969885893624083,nan,nan,5,nan,-1
8850,613,0.9808,11375.196999999975,8310.196999999975,-5.0,26.43499999999988,13.556601957585602,0.9969885893624083,nan,nan,5,nan,-1
8875,613,0.9808,11389.386999999973,8324.386999999973,-5.0,26.43499999999988,13.5797504078303,0.9969885893624083,nan,nan,5,nan,-1
8900,613,0.9808,11402.646999999974,8337.646999999975,-5.0,26.43499999999988,13.601381729200613,0.9969885893624083,nan,nan,5,nan,-1
8925,613,0.9808,11408.237999999974,8343.237999999976,-5.0,26.43499999999988,13.610502446982016,0.9969885893624083,nan,nan,5,nan,-1
8950,613,0.9808,11411.967999999975,8346.967999999975,-5.0,26.43499999999988,13.616587275693272,0.9969885893624083,nan,nan,5,nan,-1
8975,613,0.9808,11426.033999999974,8361.033999999974,-5.0,26.43499999999988,13.63953344208805,0.9969885893624083,nan,nan,5,nan,-1
9000,613,0.9808,11429.221999999974,8364.221999999974,-5.0,26.43499999999988,13.644734094616597,0.9969885893624083,1.0451211731139745,1.3137442261578753,5,1.0,0
9025,613,0.9808,11446.134999999975,8381.134999999975,-5.0,26.43499999999988,13.67232463295265,0.9969885893624083,nan,nan,5,nan,-1
9050,613,0.9808,11458.037999999975,8393.037999999975,-5.0,26.43499999999988,13.69174225122345,0.9969885893624083,nan,nan,5,nan,-1
9075,613,0.9808,11463.097999999974,8398.097999999974,-5.0,26.43499999999988,13.699996737357218,0.9969885893624083,nan,nan,5,nan,-1
9100,613,0.9808,11476.248999999974,8411.248999999974,-5.0,26.43499999999988,13.721450244698163,0.9969885893624083,nan,nan,5,nan,-1
9125,613,0.9808,11489.534999999974,8424.534999999974,-5.0,26.43499999999988,13.743123980424102,0.9969885893624083,nan,nan,5,nan,-1
9150,613,0.9808,11491.616999999973,8426.616999999975,-5.0,26.43499999999988,13.746520391517087,0.9969885893624083,nan,nan,5,nan,-1
9175,613,0.9808,11499.008999999973,8434.008999999975,-5.0,26.43499999999988,13.758579119086418,0.9969885893624083,nan,nan,5,nan,-1
9200,613,0.9808,11525.133999999973,8460.133999999973,-5.0,26.43499999999988,13.801197389885763,0.9969885893624083,nan,nan,5,nan,-1
9225,613,0.9808,11534.510999999973,8469.510999999973,-5.0,26.43499999999988,13.81649429037516,0.9969885893624083,nan,nan,5,nan,-1
9250,613,0.9808,11552.439999999973,8487.439999999973,-5.0,26.43499999999988,13.845742251223447,0.9969885893624083,nan,nan,5,nan,-1
9275,613,0.9808,11563.380999999974,8498.380999999974,-5.0,26.43499999999988,13.863590538336009,0.9969885893624083,nan,nan,5,nan,-1
9300,613,0.9808,11574.830999999975,8509.830999999975,-5.0,26.43499999999988,13.88226916802606,0.9969885893624083,nan,nan,5,nan,-1
9325,613,0.9808,11587.135999999975,8522.135999999975,-5.0,26.43499999999988,13.902342577487724,0.9969885893624083,nan,nan,5,nan,-1
9350,613,0.9808,11599.815999999973,8534.815999999973,-5.0,26.43499999999988,13.923027732463252,0.9969885893624083,nan,nan,5,nan,-1
9375,613,0.9808,11628.718999999974,8563.718999999974,-5.0,26.43499999999988,13.97017781402932,0.9969885893624083,nan,nan,5,nan,-1
9400,613,0.9808,11630.483999999975,8565.483999999975,-5.0,26.43499999999988,13.97305709624792,0.9969885893624083,nan,nan,5,nan,-1
9425,613,0.9808,11635.004999999974,8570.004999999974,-5.0,26.43499999999988,13.98043230016309,0.9969885893624083,nan,nan,5,nan,-1
9450,613,0.9808,11639.276999999973,8574.276999999973,-5.0,26.43499999999988,13.987401305057052,0.9969885893624083,nan,nan,5,nan,-1
9475,613,0.9808,11651.619999999974,8586.619999999974,-5.0,26.43499999999988,14.00753670473079,0.9969885893624083,nan,nan,5,nan,-1
9500,613,0.9808,11654.935999999974,8589.935999999974,-5.0,26.43499999999988,14.012946166394737,0.9969885893624083,nan,nan,5,nan,-1
9525,614,0.9824,11672.451999999974,8602.451999999974,-5.0,26.43499999999988,14.010508143322433,0.9972417821383361,nan,nan,5,nan,-1
9550,614,0.9824,11675.969999999974,8605.969999999974,-5.0,26.43499999999988,14.016237785016244,0.9972417821383361,nan,nan,5,nan,-1
9575,614,0.9824,11678.790999999974,8608.790999999974,-5.0,26.43499999999988,14.02083224755696,0.9972417821383361,nan,nan,5,nan,-1
9600,614,0.9824,11678.790999999974,8608.790999999974,-5.0,26.43499999999988,14.02083224755696,0.9972417821383361,nan,nan,5,nan,-1
9625,614,0.9824,11681.436999999973,8611.436999999973,-5.0,26.43499999999988,14.02514169381103,0.9972417821383361,nan,nan,5,nan,-1
9650,614,0.9824,11681.826999999974,8611.826999999974,-5.0,26.43499999999988,14.025776872964126,0.9972417821383361,nan,nan,5,nan,-1
9675,614,0.9824,11686.196999999975,8616.196999999975,-5.0,26.43499999999988,14.032894136807776,0.9972417821383361,nan,nan,5,nan,-1
9700,614,0.9824,11697.855999999974,8627.855999999974,-5.0,26.43499999999988,14.05188273615631,0.9972417821383361,nan,nan,5,nan,-1
9725,614,0.9824,11725.645999999973,8655.645999999973,-5.0,26.43499999999988,14.097143322475526,0.9972417821383361,nan,nan,5,nan,-1
9750,614,0.9824,11731.063999999973,8661.063999999973,-5.0,26.43499999999988,14.105967426710054,0.9972417821383361,nan,nan,5,nan,-1
9775,614,0.9824,11751.809999999972,8681.809999999972,-5.0,26.43499999999988,14.139755700325688,0.9972417821383361,nan,nan,5,nan,-1
9800,614,0.9824,11769.782999999972,8699.782999999974,-5.0,26.43499999999988,14.169027687296374,0.9972417821383361,nan,nan,5,nan,-1
9825,614,0.9824,11771.620999999972,8701.620999999974,-5.0,26.43499999999988,14.172021172638393,0.9972417821383361,nan,nan,5,nan,-1
9850,614,0.9824,11776.562999999973,8706.562999999973,-5.0,26.43499999999988,14.180070032573246,0.9972417821383361,nan,nan,5,nan,-1
9875,614,0.9824,11780.365999999973,8710.365999999973,-5.0,26.43499999999988,14.186263843648163,0.9972417821383361,nan,nan,5,nan,-1
9900,614,0.9824,11787.939999999973,8717.939999999973,-5.0,26.43499999999988,14.198599348534158,0.9972417821383361,nan,nan,5,nan,-1
9925,614,0.9824,11792.827999999972,8722.827999999972,-5.0,26.43499999999988,14.206560260586274,0.9972417821383361,nan,nan,5,nan,-1
9950,614,0.9824,11792.827999999972,8722.827999999972,-5.0,26.43499999999988,14.206560260586274,0.9972417821383361,nan,nan,5,nan,-1
9975,614,0.9824,11792.827999999972,8722.827999999972,-5.0,26.43499999999988,14.206560260586274,0.9972417821383361,nan,nan,5,nan,-1
10000,614,0.9824,11801.430999999973,8731.430999999973,-5.0,26.43499999999988,14.220571661237742,0.9972417821383361,1.0447390643915768,1.3313368578403846,5,1.0,0
10025,614,0.9824,11815.542999999972,8745.542999999972,-5.0,26.43499999999988,14.24355537459279,0.9972417821383361,nan,nan,5,nan,-1
10050,614,0.9824,11826.869999999974,8756.869999999974,-5.0,26.43499999999988,14.262003257328947,0.9972417821383361,nan,nan,5,nan,-1
10075,614,0.9824,11832.380999999972,8762.380999999972,-5.0,26.43499999999988,14.270978827361517,0.9972417821383361,nan,nan,5,nan,-1
10100,614,0.9824,11834.536999999973,8764.536999999973,-5.0,26.43499999999988,14.274490228012985,0.9972417821383361,nan,nan,5,nan,-1
10125,614,0.9824,11846.121999999974,8776.121999999974,-5.0,26.43499999999988,14.293358306188882,0.9972417821383361,nan,nan,5,nan,-1
10150,614,0.9824,11853.069999999974,8783.069999999972,-5.0,26.43499999999988,14.304674267100932,0.9972417821383361,nan,nan,5,nan,-1
10175,614,0.9824,11856.123999999973,8786.123999999973,-5.0,26.43499999999988,14.30964820846901,0.9972417821383361,nan,nan,5,nan,-1
10200,614,0.9824,11858.860999999974,8788.860999999972,-5.0,26.43499999999988,14.314105863192136,0.9972417821383361,nan,nan,5,nan,-1
10225,614,0.9824,11864.138999999974,8794.138999999972,-5.0,26.43499999999988,14.322701954397349,0.9972417821383361,nan,nan,5,nan,-1
10250,614,0.9824,11865.147999999972,8795.147999999972,-5.0,26.43499999999988,14.324345276872918,0.9972417821383361,nan,nan,5,nan,-1
10275,614,0.9824,11869.577999999972,8799.577999999972,-5.0,26.43499999999988,14.331560260586274,0.9972417821383361,nan,nan,5,nan,-1
10300,614,0.9824,11869.836999999974,8799.836999999974,-5.0,26.43499999999988,14.331982084690512,0.9972417821383361,nan,nan,5,nan,-1
10325,614,0.9824,11878.855999999972,8808.855999999974,-5.0,26.43499999999988,14.346671009771946,0.9972417821383361,nan,nan,5,nan,-1
10350,614,0.9824,11888.034999999973,8818.034999999974,-5.0,26.43499999999988,14.361620521172597,0.9972417821383361,nan,nan,5,nan,-1
10375,614,0.9824,11912.685999999972,8842.685999999972,-5.0,26.43499999999988,14.401768729641649,0.9972417821383361,nan,nan,5,nan,-1
10400,614,0.9824,11921.176999999974,8851.176999999972,-5.0,26.43499999999988,14.415597719869663,0.9972417821383361,nan,nan,5,nan,-1
10425,614,0.9824,11931.537999999973,8861.537999999971,-5.0,26.43499999999988,14.432472312703537,0.9972417821383361,nan,nan,5,nan,-1
10450,614,0.9824,11931.537999999973,8861.537999999971,-5.0,26.43499999999988,14.432472312703537,0.9972417821383361,nan,nan,5,nan,-1
10475,614,0.9824,11936.252999999973,8866.252999999972,-5.0,26.43499999999988,14.440151465798,0.9972417821383361,nan,nan,5,nan,-1
10500,614,0.9824,11947.756999999972,8877.756999999972,-5.0,26.43499999999988,14.458887622149792,0.9972417821383361,nan,nan,5,nan,-1
10525,614,0.9824,11950.941999999974,8880.941999999972,-5.0,26.43499999999988,14.464074918566729,0.9972417821383361,nan,nan,5,nan,-1
10550,614,0.9824,11962.896999999972,8892.896999999972,-5.0,26.43499999999988,14.483545602605817,0.9972417821383361,nan,nan,5,nan,-1
10575,614,0.9824,11964.602999999974,8894.602999999972,-5.0,26.43499999999988,14.486324104234482,0.9972417821383361,nan,nan,5,nan,-1
10600,614,0.9824,12003.670999999973,8933.670999999973,-5.0,26.784999999999947,14.549952768729598,0.9972417821383361,nan,nan,5,nan,-1
10625,614,0.9824,12008.659999999973,8938.65999999997,-5.0,26.784999999999947,14.558078175895718,0.9972417821383361,nan,nan,5,nan,-1
10650,614,0.9824,12012.184999999972,8942.184999999972,-5.0,26.784999999999947,14.563819218240997,0.9972417821383361,nan,nan,5,nan,-1
10675,614,0.9824,12019.164999999972,8949.164999999972,-5.0,26.784999999999947,14.575187296416892,0.9972417821383361,nan,nan,5,nan,-1
10700,614,0.9824,12031.634999999973,8961.634999999973,-5.0,26.784999999999947,14.595496742670965,0.9972417821383361,nan,nan,5,nan,-1
10725,614,0.9824,12046.014999999972,8976.01499999997,-5.0,26.784999999999947,14.6189169381107,0.9972417821383361,nan,nan,5,nan,-1
10750,614,0.9824,12051.363999999972,8981.363999999972,-5.0,26.784999999999947,14.627628664495068,0.9972417821383361,nan,nan,5,nan,-1
10775,614,0.9824,12063.257999999973,8993.257999999973,-5.0,26.784999999999947,14.646999999999956,0.9972417821383361,nan,nan,5,nan,-1
10800,614,0.9824,12071.342999999972,9001.342999999972,-5.0,26.784999999999947,14.66016775244295,0.9972417821383361,nan,nan,5,nan,-1
10825,614,0.9824,12077.527999999973,9007.527999999971,-5.0,26.784999999999947,14.67024104234523,0.9972417821383361,nan,nan,5,nan,-1
10850,614,0.9824,12084.203999999972,9014.203999999972,-5.0,26.784999999999947,14.681114006514614,0.9972417821383361,nan,nan,5,nan,-1
10875,614,0.9824,12091.766999999973,9021.76699999997,-5.0,26.784999999999947,14.693431596091157,0.9972417821383361,nan,nan,5,nan,-1
10900,614,0.9824,12093.695999999973,9023.69599999997,-5.0,26.784999999999947,14.696573289902233,0.9972417821383361,nan,nan,5,nan,-1
10925,614,0.9824,12101.987999999972,9031.987999999972,-5.0,26.784999999999947,14.71007817589572,0.9972417821383361,nan,nan,5,nan,-1
10950,614,0.9824,12114.850999999973,9044.850999999973,-5.0,26.784999999999947,14.731027687296374,0.9972417821383361,nan,nan,5,nan,-1
10975,614,0.9824,12117.992999999973,9047.992999999973,-5.0,26.784999999999947,14.736144951140021,0.9972417821383361,nan,nan,5,nan,-1
11000,614,0.9824,12123.232999999971,9053.232999999971,-5.0,26.784999999999947,14.744679153094415,0.9972417821383361,1.044223495461532,1.3312667181374136,5,1.0,0
11025,614,0.9824,12123.232999999971,9053.232999999971,-5.0,26.784999999999947,14.744679153094415,0.9972417821383361,nan,nan,5,nan,-1
11050,614,0.9824,12127.644999999971,9057.644999999971,-5.0,26.784999999999947,14.751864820846858,0.9972417821383361,nan,nan,5,nan,-1
11075,614,0.9824,12136.799999999972,9066.799999999972,-5.0,26.784999999999947,14.766775244299629,0.9972417821383361,nan,nan,5,nan,-1
11100,614,0.9824,12136.799999999972,9066.799999999972,-5.0,26.784999999999947,14.766775244299629,0.9972417821383361,nan,nan,5,nan,-1
11125,614,0.9824,12147.052999999973,9077.052999999973,-5.0,26.784999999999947,14.783473941368033,0.9972417821383361,nan,nan,5,nan,-1
11150,614,0.9824,12152.081999999973,9082.081999999973,-5.0,26.784999999999947,14.791664495113963,0.9972417821383361,nan,nan,5,nan,-1
11175,614,0.9824,12159.563999999973,9089.563999999973,-5.0,26.784999999999947,14.803850162866405,0.9972417821383361,nan,nan,5,nan,-1
11200,614,0.9824,12161.271999999972,9091.271999999972,-5.0,26.784999999999947,14.806631921824058,0.9972417821383361,nan,nan,5,nan,-1
11225,614,0.9824,12165.15799999997,9095.15799999997,-5.0,26.784999999999947,14.81296091205207,0.9972417821383361,nan,nan,5,nan,-1
11250,614,0.9824,12189.209999999972,9119.209999999972,-5.0,26.784999999999947,14.852133550488553,0.9972417821383361,nan,nan,5,nan,-1
11275,614,0.9824,12190.059999999972,9120.059999999972,-5.0,26.784999999999947,14.853517915309402,0.9972417821383361,nan,nan,5,nan,-1
11300,614,0.9824,12192.127999999972,9122.127999999972,-5.0,26.784999999999947,14.856885993485296,0.9972417821383361,nan,nan,5,nan,-1
11325,614,0.9824,12202.24099999997,9132.24099999997,-5.0,26.784999999999947,14.873356677524383,0.9972417821383361,nan,nan,5,nan,-1
11350,614,0.9824,12208.20399999997,9138.20399999997,-5.0,26.784999999999947,14.883068403908746,0.9972417821383361,nan,nan,5,nan,-1
11375,614,0.9824,12212.975999999971,9142.975999999971,-5.0,26.784999999999947,14.890840390879433,0.9972417821383361,nan,nan,5,nan,-1
11400,614,0.9824,12215.270999999972,9145.270999999972,-5.0,26.784999999999947,14.894578175895719,0.9972417821383361,nan,nan,5,nan,-1
11425,614,0.9824,12220.002999999972,9150.002999999972,-5.0,26.784999999999947,14.902285016286598,0.9972417821383361,nan,nan,5,nan,-1
11450,614,0.9824,12224.916999999972,9154.916999999972,-5.0,26.784999999999947,14.91028827361559,0.9972417821383361,nan,nan,5,nan,-1
11475,614,0.9824,12227.30199999997,9157.30199999997,-5.0,26.784999999999947,14.914172638436435,0.9972417821383361,nan,nan,5,nan,-1
11500,614,0.9824,12229.24099999997,9159.24099999997,-5.0,26.784999999999947,14.91733061889246,0.9972417821383361,nan,nan,5,nan,-1
11525,614,0.9824,12233.80099999997,9163.80099999997,-5.0,26.784999999999947,14.92475732899018,0.9972417821383361,nan,nan,5,nan,-1
11550,614,0.9824,12239.174999999972,9169.174999999972,-5.0,26.784999999999947,14.933509771986925,0.9972417821383361,nan,nan,5,nan,-1
11575,614,0.9824,12242.696999999971,9172.696999999971,-5.0,26.784999999999947,14.939245928338716,0.9972417821383361,nan,nan,5,nan,-1
11600,614,0.9824,12250.424999999972,9180.42499999997,-5.0,26.784999999999947,14.951832247556954,0.9972417821383361,nan,nan,5,nan,-1
11625,614,0.9824,12264.635999999973,9194.635999999971,-5.0,26.784999999999947,14.974977198697022,0.9972417821383361,nan,nan,5,nan,-1
11650,614,0.9824,12267.07099999997,9197.07099999997,-5.0,26.784999999999947,14.978942996742623,0.9972417821383361,nan,nan,5,nan,-1
11675,614,0.9824,12271.310999999972,9201.310999999972,-5.0,26.784999999999947,14.98584853420191,0.9972417821383361,nan,nan,5,nan,-1
11700,614,0.9824,12271.310999999972,9201.310999999972,-5.0,26.784999999999947,14.98584853420191,0.9972417821383361,nan,nan,5,nan,-1
11725,614,0.9824,12286.803999999971,9216.803999999971,-5.0,26.784999999999947,15.011081433224708,0.9972417821383361,nan,nan,5,nan,-1
11750,614,0.9824,12290.336999999972,9220.336999999972,-5.0,26.784999999999947,15.016835504885949,0.9972417821383361,nan,nan,5,nan,-1
11775,614,0.9824,12298.570999999973,9228.57099999997,-5.0,26.784999999999947,15.030245928338715,0.9972417821383361,nan,nan,5,nan,-1
11800,614,0.9824,12310.428999999971,9240.428999999971,-5.0,26.784999999999947,15.049558631921776,0.9972417821383361,nan,nan,5,nan,-1
11825,614,0.9824,12317.342999999972,9247.342999999972,-5.0,26.784999999999947,15.060819218240995,0.9972417821383361,nan,nan,5,nan,-1
11850,614,0.9824,12319.689999999973,9249.689999999973,-5.0,26.784999999999947,15.064641693811032,0.9972417821383361,nan,nan,5,nan,-1
11875,614,0.9824,12324.225999999973,9254.225999999973,-5.0,26.784999999999947,15.072029315960869,0.9972417821383361,nan,nan,5,nan,-1
11900,614,0.9824,12335.680999999971,9265.680999999971,-5.0,26.784999999999947,15.090685667752396,0.9972417821383361,nan,nan,5,nan,-1
11925,614,0.9824,12356.135999999971,9286.135999999971,-5.0,26.784999999999947,15.123999999999953,0.9972417821383361,nan,nan,5,nan,-1
11950,614,0.9824,12357.900999999973,9287.900999999973,-5.0,26.784999999999947,15.12687459283383,0.9972417821383361,nan,nan,5,nan,-1
11975,614,0.9824,12367.38899999997,9297.38899999997,-5.0,26.784999999999947,15.142327361563469,0.9972417821383361,nan,nan,5,nan,-1
12000,614,0.9824,12384.434999999972,9314.434999999972,-5.0,26.784999999999947,15.170089576547186,0.9972417821383361,1.0435158865398295,1.3084553932681866,5,1.0,0
12025,614,0.9824,12388.673999999972,9318.67399999997,-5.0,26.784999999999947,15.17699348534197,0.9972417821383361,nan,nan,5,nan,-1
12050,614,0.9824,12401.473999999971,9331.473999999971,-5.0,26.784999999999947,15.197840390879431,0.9972417821383361,nan,nan,5,nan,-1
12075,614,0.9824,12411.274999999972,9341.274999999972,-5.0,26.784999999999947,15.213802931596046,0.9972417821383361,nan,nan,5,nan,-1
12100,614,0.9824,12415.93699999997,9345.93699999997,-5.0,26.784999999999947,15.221395765472264,0.9972417821383361,nan,nan,5,nan,-1
12125,614,0.9824,12415.93699999997,9345.93699999997,-5.0,26.784999999999947,15.221395765472264,0.9972417821383361,nan,nan,5,nan,-1
12150,614,0.9824,12420.55199999997,9350.55199999997,-5.0,26.784999999999947,15.228912052117217,0.9972417821383361,nan,nan,5,nan,-1
12175,614,0.9824,12436.756999999972,9366.756999999972,-5.0,26.784999999999947,15.25530456026054,0.9972417821383361,nan,nan,5,nan,-1
12200,614,0.9824,12447.477999999972,9377.477999999972,-5.0,26.784999999999947,15.272765472312658,0.9972417821383361,nan,nan,5,nan,-1
12225,614,0.9824,12451.71199999997,9381.71199999997,-5.0,26.784999999999947,15.279661237784968,0.9972417821383361,nan,nan,5,nan,-1
12250,614,0.9824,12451.71199999997,9381.71199999997,-5.0,26.784999999999947,15.279661237784968,0.9972417821383361,nan,nan,5,nan,-1
12275,614,0.9824,12465.45899999997,9395.45899999997,-5.0,26.784999999999947,15.3020504885993,0.9972417821383361,nan,nan,5,nan,-1
12300,614,0.9824,12467.66699999997,9397.66699999997,-5.0,26.784999999999947,15.305646579804511,0.9972417821383361,nan,nan,5,nan,-1
12325,614,0.9824,12476.86999999997,9406.86999999997,-5.0,26.784999999999947,15.320635179153046,0.9972417821383361,nan,nan,5,nan,-1
12350,614,0.9824,12486.456999999971,9416.45699999997,-5.0,26.784999999999947,15.336249185667702,0.9972417821383361,nan,nan,5,nan,-1
12375,614,0.9824,12505.402999999973,9435.40299999997,-5.0,26.784999999999947,15.367105863192132,0.9972417821383361,nan,nan,5,nan,-1
12400,614,0.9824,12516.160999999971,9446.160999999971,-5.0,26.784999999999947,15.384627035830572,0.9972417821383361,nan,nan,5,nan,-1
12425,614,0.9824,12516.435999999972,9446.43599999997,-5.0,26.784999999999947,15.385074918566728,0.9972417821383361,nan,nan,5,nan,-1
12450,614,0.9824,12518.39099999997,9448.39099999997,-5.0,26.784999999999947,15.388258957654676,0.9972417821383361,nan,nan,5,nan,-1
12475,614,0.9824,12527.484999999971,9457.484999999971,-5.0,26.784999999999947,15.403070032573243,0.9972417821383361,nan,nan,5,nan,-1
12500,614,0.9824,12527.484999999971,9457.484999999971,-5.0,26.784999999999947,15.403070032573243,0.9972417821383361,nan,nan,5,nan,-1
12525,614,0.9824,12536.220999999972,9466.220999999972,-5.0,26.784999999999947,15.41729804560256,0.9972417821383361,nan,nan,5,nan,-1
12550,614,0.9824,12541.039999999972,9471.039999999972,-5.0,29.09999999999989,15.425146579804514,0.9972417821383361,nan,nan,5,nan,-1
12575,614,0.9824,12548.79399999997,9478.79399999997,-5.0,29.09999999999989,15.437775244299626,0.9972417821383361,nan,nan,5,nan,-1
12600,614,0.9824,12554.32999999997,9484.32999999997,-5.0,29.09999999999989,15.446791530944578,0.9972417821383361,nan,nan,5,nan,-1
12625,614,0.9824,12564.44499999997,9494.44499999997,-5.0,29.09999999999989,15.463265472312656,0.9972417821383361,nan,nan,5,nan,-1
12650,614,0.9824,12575.34899999997,9505.34899999997,-5.0,29.09999999999989,15.481024429967377,0.9972417821383361,nan,nan,5,nan,-1
12675,614,0.9824,12582.23699999997,9512.23699999997,-5.0,29.09999999999989,15.492242671009723,0.9972417821383361,nan,nan,5,nan,-1
12700,614,0.9824,12603.179999999971,9533.179999999971,-5.0,29.09999999999989,15.526351791530898,0.9972417821383361,nan,nan,5,nan,-1
12725,614,0.9824,12613.648999999972,9543.648999999972,-5.0,29.09999999999989,15.543402280130248,0.9972417821383361,nan,nan,5,nan,-1
12750,614,0.9824,12613.804999999971,9543.804999999971,-5.0,29.09999999999989,15.543656351791483,0.9972417821383361,nan,nan,5,nan,-1
12775,614,0.9824,12624.49499999997,9554.49499999997,-5.0,29.09999999999989,15.561066775244251,0.9972417821383361,nan,nan,5,nan,-1
12800,614,0.9824,12628.77899999997,9558.77899999997,-5.0,29.09999999999989,15.568043973941318,0.9972417821383361,nan,nan,5,nan,-1
12825,614,0.9824,12640.42699999997,9570.42699999997,-5.0,29.09999999999989,15.587014657980408,0.9972417821383361,nan,nan,5,nan,-1
12850,614,0.9824,12651.276999999971,9581.276999999971,-5.0,29.09999999999989,15.604685667752396,0.9972417821383361,nan,nan,5,nan,-1
12875,614,0.9824,12662.000999999971,9592.000999999971,-5.0,29.09999999999989,15.622151465797998,0.9972417821383361,nan,nan,5,nan,-1
12900,614,0.9824,12671.49399999997,9601.49399999997,-5.0,29.09999999999989,15.637612377850113,0.9972417821383361,nan,nan,5,nan,-1
12925,614,0.9824,12680.324999999972,9610.324999999972,-5.0,29.09999999999989,15.651995114006468,0.9972417821383361,nan,nan,5,nan,-1
12950,614,0.9824,12682.947999999971,9612.947999999971,-5.0,29.09999999999989,15.656267100977152,0.9972417821383361,nan,nan,5,nan,-1
12975,614,0.9824,12686.952999999972,9616.95299999997,-5.0,29.09999999999989,15.662789902280082,0.9972417821383361,nan,nan,5,nan,-1
13000,614,0.9824,12693.109999999971,9623.10999999997,-5.0,29.09999999999989,15.672817589576498,0.9972417821383361,1.044698236522931,1.3003511550539613,5,1.0,0
13025,614,0.9824,12699.804999999971,9629.804999999971,-5.0,29.09999999999989,15.68372149837129,0.9972417821383361,nan,nan,5,nan,-1
13050,614,0.9824,12714.723999999971,9644.723999999971,-5.0,29.09999999999989,15.708019543973894,0.9972417821383361,nan,nan,5,nan,-1
13075,614,0.9824,12725.33599999997,9655.33599999997,-5.0,29.09999999999989,15.725302931596042,0.9972417821383361,nan,nan,5,nan,-1
13100,614,0.9824,12725.33599999997,9655.33599999997,-5.0,29.09999999999989,15.725302931596042,0.9972417821383361,nan,nan,5,nan,-1
13125,614,0.9824,12726.35099999997,9656.35099999997,-5.0,29.09999999999989,15.726956026058582,0.9972417821383361,nan,nan,5,nan,-1
13150,614,0.9824,12743.28199999997,9673.28199999997,-5.0,29.09999999999989,15.754530944625358,0.9972417821383361,nan,nan,5,nan,-1
13175,614,0.9824,12745.53199999997,9675.53199999997,-5.0,29.09999999999989,15.758195439739366,0.9972417821383361,nan,nan,5,nan,-1
13200,614,0.9824,12760.663999999972,9690.663999999972,-5.0,29.09999999999989,15.782840390879432,0.9972417821383361,nan,nan,5,nan,-1
13225,614,0.9824,12773.78299999997,9703.78299999997,-5.0,29.09999999999989,15.804206840390831,0.9972417821383361,nan,nan,5,nan,-1
13250,614,0.9824,12788.142999999971,9718.142999999971,-5.0,29.09999999999989,15.827594462540668,0.9972417821383361,nan,nan,5,nan,-1
13275,614,0.9824,12794.955999999971,9724.955999999971,-5.0,29.09999999999989,15.83869055374588,0.9972417821383361,nan,nan,5,nan,-1
13300,614,0.9824,12794.955999999971,9724.955999999971,-5.0,29.09999999999989,15.83869055374588,0.9972417821383361,nan,nan,5,nan,-1
13325,614,0.9824,12800.887999999972,9730.887999999972,-5.0,29.09999999999989,15.848351791530899,0.9972417821383361,nan,nan,5,nan,-1
13350,614,0.9824,12805.652999999971,9735.652999999971,-5.0,29.09999999999989,15.856112377850115,0.9972417821383361,nan,nan,5,nan,-1
13375,614,0.9824,12809.75699999997,9739.75699999997,-5.0,29.09999999999989,15.862796416938062,0.9972417821383361,nan,nan,5,nan,-1
13400,614,0.9824,12811.77899999997,9741.77899999997,-5.0,29.09999999999989,15.866089576547182,0.9972417821383361,nan,nan,5,nan,-1
13425,614,0.9824,12812.65399999997,9742.65399999997,-5.0,29.09999999999989,15.867514657980406,0.9972417821383361,nan,nan,5,nan,-1
13450,614,0.9824,12812.98899999997,9742.98899999997,-5.0,29.09999999999989,15.86806026058627,0.9972417821383361,nan,nan,5,nan,-1
13475,614,0.9824,12817.326999999972,9747.326999999972,-5.0,29.09999999999989,15.875125407166077,0.9972417821383361,nan,nan,5,nan,-1
13500,614,0.9824,12818.13199999997,9748.13199999997,-5.0,29.09999999999989,15.876436482084642,0.9972417821383361,nan,nan,5,nan,-1
13525,614,0.9824,12834.28299999997,9764.28299999997,-5.0,29.09999999999989,15.902741042345228,0.9972417821383361,nan,nan,5,nan,-1
13550,614,0.9824,12834.28299999997,9764.28299999997,-5.0,29.09999999999989,15.902741042345228,0.9972417821383361,nan,nan,5,nan,-1
13575,614,0.9824,12834.28299999997,9764.28299999997,-5.0,29.09999999999989,15.902741042345228,0.9972417821383361,nan,nan,5,nan,-1
13600,614,0.9824,12835.74699999997,9765.74699999997,-5.0,29.09999999999989,15.905125407166075,0.9972417821383361,nan,nan,5,nan,-1
13625,614,0.9824,12857.51399999997,9787.51399999997,-5.0,29.09999999999989,15.940576547231222,0.9972417821383361,nan,nan,5,nan,-1
13650,614,0.9824,12857.51399999997,9787.51399999997,-5.0,29.09999999999989,15.940576547231222,0.9972417821383361,nan,nan,5,nan,-1
13675,614,0.9824,12875.80099999997,9805.80099999997,-5.0,29.09999999999989,15.970359934853372,0.9972417821383361,nan,nan,5,nan,-1
13700,614,0.9824,12879.02199999997,9809.02199999997,-5.0,29.09999999999989,15.975605863192133,0.9972417821383361,nan,nan,5,nan,-1
13725,614,0.9824,12879.02199999997,9809.02199999997,-5.0,29.09999999999989,15.975605863192133,0.9972417821383361,nan,nan,5,nan,-1
13750,614,0.9824,12884.37499999997,9814.37499999997,-5.0,29.09999999999989,15.98432410423448,0.9972417821383361,nan,nan,5,nan,-1
13775,614,0.9824,12891.215999999971,9821.215999999971,-5.0,29.09999999999989,15.995465798045556,0.9972417821383361,nan,nan,5,nan,-1
13800,614,0.9824,12897.487999999972,9827.487999999972,-5.0,29.09999999999989,16.00568078175891,0.9972417821383361,nan,nan,5,nan,-1
13825,614,0.9824,12904.592999999972,9834.592999999972,-5.0,29.09999999999989,16.017252442996696,0.9972417821383361,nan,nan,5,nan,-1
13850,614,0.9824,12913.918999999969,9843.918999999969,-5.0,29.09999999999989,16.032441368078125,0.9972417821383361,nan,nan,5,nan,-1
13875,614,0.9824,12916.94599999997,9846.94599999997,-5.0,29.09999999999989,16.03737133550484,0.9972417821383361,nan,nan,5,nan,-1
13900,614,0.9824,12916.94599999997,9846.94599999997,-5.0,29.09999999999989,16.03737133550484,0.9972417821383361,nan,nan,5,nan,-1
13925,614,0.9824,12924.70399999997,9854.70399999997,-5.0,29.09999999999989,16.050006514657934,0.9972417821383361,nan,nan,5,nan,-1
13950,614,0.9824,12934.055999999971,9864.055999999971,-5.0,29.09999999999989,16.06523778501624,0.9972417821383361,nan,nan,5,nan,-1
13975,614,0.9824,12937.68099999997,9867.68099999997,-5.0,29.09999999999989,16.071141693811025,0.9972417821383361,nan,nan,5,nan,-1
14000,614,0.9824,12959.03399999997,9889.03399999997,-5.0,29.09999999999989,16.105918566775195,0.9972417821383361,1.044595541184778,1.3270741867269757,5,1.0,0
14025,614,0.9824,12959.03399999997,9889.03399999997,-5.0,29.09999999999989,16.105918566775195,0.9972417821383361,nan,nan,5,nan,-1
14050,614,0.9824,12971.19199999997,9901.19199999997,-5.0,29.09999999999989,16.125719869706792,0.9972417821383361,nan,nan,5,nan,-1
14075,614,0.9824,12976.12199999997,9906.12199999997,-5.0,29.09999999999989,16.133749185667703,0.9972417821383361,nan,nan,5,nan,-1
14100,614,0.9824,12983.03299999997,9913.03299999997,-5.0,29.09999999999989,16.145004885993437,0.9972417821383361,nan,nan,5,nan,-1
14125,614,0.9824,12983.15599999997,9913.15599999997,-5.0,29.09999999999989,16.145205211726335,0.9972417821383361,nan,nan,5,nan,-1
14150,614,0.9824,12983.613999999972,9913.613999999969,-5.0,29.09999999999989,16.145951140065094,0.9972417821383361,nan,nan,5,nan,-1
14175,614,0.9824,12983.756999999972,9913.756999999969,-5.0,29.09999999999989,16.146184039087895,0.9972417821383361,nan,nan,5,nan,-1
14200,614,0.9824,13002.199999999972,9932.199999999972,-5.0,29.09999999999989,16.17622149837129,0.9972417821383361,nan,nan,5,nan,-1
14225,614,0.9824,13007.965999999971,9937.965999999971,-5.0,29.09999999999989,16.185612377850116,0.9972417821383361,nan,nan,5,nan,-1
14250,614,0.9824,13015.68999999997,9945.68999999997,-5.0,29.09999999999989,16.198192182410374,0.9972417821383361,nan,nan,5,nan,-1
14275,614,0.9824,13015.68999999997,9945.68999999997,-5.0,29.09999999999989,16.198192182410374,0.9972417821383361,nan,nan,5,nan,-1
14300,614,0.9824,13017.054999999971,9947.05499999997,-5.0,29.09999999999989,16.200415309446203,0.9972417821383361,nan,nan,5,nan,-1
14325,614,0.9824,13025.27999999997,9955.27999999997,-5.0,29.09999999999989,16.213811074918517,0.9972417821383361,nan,nan,5,nan,-1
14350,614,0.9824,13025.55199999997,9955.551999999969,-5.0,29.09999999999989,16.214254071661188,0.9972417821383361,nan,nan,5,nan,-1
14375,614,0.9824,13026.986999999972,9956.986999999968,-5.0,29.09999999999989,16.216591205211675,0.9972417821383361,nan,nan,5,nan,-1
14400,614,0.9824,13027.78099999997,9957.78099999997,-5.0,29.09999999999989,16.217884364820797,0.9972417821383361,nan,nan,5,nan,-1
14425,614,0.9824,13032.839999999971,9962.839999999971,-5.0,29.09999999999989,16.22612377850158,0.9972417821383361,nan,nan,5,nan,-1
14450,614,0.9824,13036.95999999997,9966.95999999997,-5.0,29.09999999999989,16.23283387622145,0.9972417821383361,nan,nan,5,nan,-1
14475,614,0.9824,13046.915999999972,9976.91599999997,-5.0,29.09999999999989,16.249048859934806,0.9972417821383361,nan,nan,5,nan,-1
14500,614,0.9824,13048.44199999997,9978.44199999997,-5.0,29.09999999999989,16.25153420195435,0.9972417821383361,nan,nan,5,nan,-1
14525,614,0.9824,13052.822999999971,9982.82299999997,-5.0,29.09999999999989,16.258669381107442,0.9972417821383361,nan,nan,5,nan,-1
14550,614,0.9824,13052.822999999971,9982.82299999997,-5.0,29.09999999999989,16.258669381107442,0.9972417821383361,nan,nan,5,nan,-1
14575,614,0.9824,13055.54299999997,9985.542999999969,-5.0,29.09999999999989,16.26309934853415,0.9972417821383361,nan,nan,5,nan,-1
14600,614,0.9824,13070.08099999997,10000.08099999997,-5.0,29.09999999999989,16.28677687296412,0.9972417821383361,nan,nan,5,nan,-1
14625,614,0.9824,13071.038999999972,10001.03899999997,-5.0,29.09999999999989,16.28833713355044,0.9972417821383361,nan,nan,5,nan,-1
14650,614,0.9824,13073.82899999997,10003.82899999997,-5.0,29.09999999999989,16.29288110749181,0.9972417821383361,nan,nan,5,nan,-1
14675,614,0.9824,13083.76499999997,10013.76499999997,-5.0,29.09999999999989,16.309063517915263,0.9972417821383361,nan,nan,5,nan,-1
14700,614,0.9824,13084.79599999997,10014.79599999997,-5.0,29.09999999999989,16.310742671009724,0.9972417821383361,nan,nan,5,nan,-1
14725,614,0.9824,13092.58499999997,10022.58499999997,-5.0,29.09999999999989,16.323428338762167,0.9972417821383361,nan,nan,5,nan,-1
14750,614,0.9824,13094.30999999997,10024.309999999969,-5.0,29.09999999999989,16.326237785016236,0.9972417821383361,nan,nan,5,nan,-1
14775,614,0.9824,13094.30999999997,10024.309999999969,-5.0,29.09999999999989,16.326237785016236,0.9972417821383361,nan,nan,5,nan,-1
14800,614,0.9824,13102.58399999997,10032.58399999997,-5.0,29.09999999999989,16.33971335504881,0.9972417821383361,nan,nan,5,nan,-1
14825,614,0.9824,13104.716999999971,10034.716999999971,-5.0,29.09999999999989,16.343187296416893,0.9972417821383361,nan,nan,5,nan,-1
14850,614,0.9824,13106.651999999971,10036.651999999971,-5.0,29.09999999999989,16.346338762214938,0.9972417821383361,nan,nan,5,nan,-1
14875,614,0.9824,13106.651999999971,10036.651999999971,-5.0,29.09999999999989,16.346338762214938,0.9972417821383361,nan,nan,5,nan,-1
14900,614,0.9824,13120.66499999997,10050.66499999997,-5.0,29.09999999999989,16.36916123778497,0.9972417821383361,nan,nan,5,nan,-1
14925,614,0.9824,13128.42099999997,10058.42099999997,-5.0,29.09999999999989,16.38179315960907,0.9972417821383361,nan,nan,5,nan,-1
14950,614,0.9824,13129.803999999971,10059.803999999971,-5.0,29.09999999999989,16.384045602605816,0.9972417821383361,nan,nan,5,nan,-1
14975,614,0.9824,13129.803999999971,10059.803999999971,-5.0,29.09999999999989,16.384045602605816,0.9972417821383361,nan,nan,5,nan,-1
15000,614,0.9824,13134.15399999997,10064.15399999997,-5.0,29.09999999999989,16.39113029315956,0.9972417821383361,1.044474481747027,1.2697451309786614,5,1.0,0
15025,614,0.9824,13140.26599999997,10070.26599999997,-5.0,29.09999999999989,16.4010846905537,0.9972417821383361,nan,nan,5,nan,-1
15050,614,0.9824,13143.15099999997,10073.15099999997,-5.0,29.09999999999989,16.4057833876221,0.9972417821383361,nan,nan,5,nan,-1
15075,614,0.9824,13143.15099999997,10073.15099999997,-5.0,29.09999999999989,16.4057833876221,0.9972417821383361,nan,nan,5,nan,-1
15100,614,0.9824,13149.76299999997,10079.76299999997,-5.0,29.09999999999989,16.416552117263794,0.9972417821383361,nan,nan,5,nan,-1
15125,614,0.9824,13149.76299999997,10079.76299999997,-5.0,29.09999999999989,16.416552117263794,0.9972417821383361,nan,nan,5,nan,-1
15150,614,0.9824,13158.572999999971,10088.572999999971,-5.0,29.09999999999989,16.430900651465752,0.9972417821383361,nan,nan,5,nan,-1
15175,614,0.9824,13161.27699999997,10091.27699999997,-5.0,29.09999999999989,16.435304560260537,0.9972417821383361,nan,nan,5,nan,-1
15200,614,0.9824,13164.61099999997,10094.61099999997,-5.0,29.09999999999989,16.440734527687248,0.9972417821383361,nan,nan,5,nan,-1
15225,614,0.9824,13165.14099999997,10095.14099999997,-5.0,29.09999999999989,16.44159771986966,0.9972417821383361,nan,nan,5,nan,-1
15250,614,0.9824,13166.48099999997,10096.48099999997,-5.0,29.09999999999989,16.443780130293113,0.9972417821383361,nan,nan,5,nan,-1
15275,614,0.9824,13166.98199999997,10096.98199999997,-5.0,29.09999999999989,16.444596091205163,0.9972417821383361,nan,nan,5,nan,-1
15300,614,0.9824,13173.90399999997,10103.90399999997,-5.0,29.09999999999989,16.455869706840343,0.9972417821383361,nan,nan,5,nan,-1
15325,614,0.9824,13175.03399999997,10105.03399999997,-5.0,29.09999999999989,16.457710097719822,0.9972417821383361,nan,nan,5,nan,-1
15350,614,0.9824,13178.00399999997,10108.00399999997,-5.0,29.09999999999989,16.46254723127031,0.9972417821383361,nan,nan,5,nan,-1
15375,614,0.9824,13180.05099999997,10110.05099999997,-5.0,29.09999999999989,16.465881107491807,0.9972417821383361,nan,nan,5,nan,-1
15400,614,0.9824,13183.543999999969,10113.543999999969,-5.0,29.09999999999989,16.47157003257324,0.9972417821383361,nan,nan,5,nan,-1
15425,614,0.9824,13190.98499999997,10120.98499999997,-5.0,29.09999999999989,16.483688925081385,0.9972417821383361,nan,nan,5,nan,-1
15450,614,0.9824,13197.701999999968,10127.701999999968,-5.0,29.09999999999989,16.494628664495064,0.9972417821383361,nan,nan,5,nan,-1
15475,614,0.9824,13205.54099999997,10135.54099999997,-5.0,29.09999999999989,16.507395765472264,0.9972417821383361,nan,nan,5,nan,-1
15500,614,0.9824,13205.54099999997,10135.54099999997,-5.0,29.09999999999989,16.507395765472264,0.9972417821383361,nan,nan,5,nan,-1
15525,614,0.9824,13214.10999999997,10144.10999999997,-5.0,29.09999999999989,16.521351791530897,0.9972417821383361,nan,nan,5,nan,-1
15550,614,0.9824,13219.043999999969,10149.043999999969,-5.0,29.09999999999989,16.529387622149788,0.9972417821383361,nan,nan,5,nan,-1
15575,614,0.9824,13220.91399999997,10150.91399999997,-5.0,29.09999999999989,16.53243322475565,0.9972417821383361,nan,nan,5,nan,-1
15600,614,0.9824,13220.91399999997,10150.91399999997,-5.0,29.09999999999989,16.53243322475565,0.9972417821383361,nan,nan,5,nan,-1
15625,614,0.9824,13228.28099999997,10158.28099999997,-5.0,29.09999999999989,16.544431596091155,0.9972417821383361,nan,nan,5,nan,-1
15650,614,0.9824,13228.28099999997,10158.28099999997,-5.0,29.09999999999989,16.544431596091155,0.9972417821383361,nan,nan,5,nan,-1
15675,614,0.9824,13240.733999999971,10170.73399999997,-5.0,29.09999999999989,16.56471335504881,0.9972417821383361,nan,nan,5,nan,-1
15700,614,0.9824,13250.01999999997,10180.01999999997,-5.0,29.09999999999989,16.579837133550438,0.9972417821383361,nan,nan,5,nan,-1
15725,614,0.9824,13261.239999999969,10191.239999999969,-5.0,29.09999999999989,16.59811074918562,0.9972417821383361,nan,nan,5,nan,-1
15750,614,0.9824,13261.239999999969,10191.239999999969,-5.0,29.09999999999989,16.59811074918562,0.9972417821383361,nan,nan,5,nan,-1
15775,614,0.9824,13264.627999999968,10194.627999999968,-5.0,29.09999999999989,16.603628664495062,0.9972417821383361,nan,nan,5,nan,-1
15800,614,0.9824,13272.177999999969,10202.177999999969,-5.0,29.09999999999989,16.615925081433176,0.9972417821383361,nan,nan,5,nan,-1
15825,614,0.9824,13277.21399999997,10207.21399999997,-5.0,29.09999999999989,16.624127035830572,0.9972417821383361,nan,nan,5,nan,-1
15850,614,0.9824,13287.11699999997,10217.11699999997,-5.0,29.09999999999989,16.64025570032568,0.9972417821383361,nan,nan,5,nan,-1
15875,614,0.9824,13287.28199999997,10217.28199999997,-5.0,29.09999999999989,16.64052442996738,0.9972417821383361,nan,nan,5,nan,-1
15900,614,0.9824,13291.502999999968,10221.502999999968,-5.0,29.09999999999989,16.64739902280125,0.9972417821383361,nan,nan,5,nan,-1
15925,614,0.9824,13294.14299999997,10224.14299999997,-5.0,29.09999999999989,16.651698697068355,0.9972417821383361,nan,nan,5,nan,-1
15950,614,0.9824,13295.264999999968,10225.264999999968,-5.0,29.09999999999989,16.653526058631872,0.9972417821383361,nan,nan,5,nan,-1
15975,614,0.9824,13295.264999999968,10225.264999999968,-5.0,29.09999999999989,16.653526058631872,0.9972417821383361,nan,nan,5,nan,-1
16000,614,0.9824,13297.246999999968,10227.246999999968,-5.0,29.09999999999989,16.656754071661187,0.9972417821383361,1.044088571419797,1.2837155083597047,5,1.0,0
16025,614,0.9824,13304.41699999997,10234.41699999997,-5.0,29.09999999999989,16.668431596091157,0.9972417821383361,nan,nan,5,nan,-1
16050,614,0.9824,13312.57199999997,10242.57199999997,-5.0,29.09999999999989,16.68171335504881,0.9972417821383361,nan,nan,5,nan,-1
16075,614,0.9824,13326.18299999997,10256.18299999997,-5.0,29.09999999999989,16.703881107491807,0.9972417821383361,nan,nan,5,nan,-1
16100,614,0.9824,13334.69099999997,10264.69099999997,-5.0,29.09999999999989,16.717737785016237,0.9972417821383361,nan,nan,5,nan,-1
16125,614,0.9824,13334.700999999968,10264.700999999968,-5.0,29.09999999999989,16.717754071661187,0.9972417821383361,nan,nan,5,nan,-1
16150,614,0.9824,13334.81399999997,10264.81399999997,-5.0,29.09999999999989,16.717938110749134,0.9972417821383361,nan,nan,5,nan,-1
16175,614,0.9824,13340.95899999997,10270.95899999997,-5.0,29.09999999999989,16.72794625407161,0.9972417821383361,nan,nan,5,nan,-1
16200,614,0.9824,13349.997999999969,10279.99799999997,-5.0,29.09999999999989,16.742667752442948,0.9972417821383361,nan,nan,5,nan,-1
16225,614,0.9824,13357.78899999997,10287.78899999997,-5.0,29.09999999999989,16.755356677524382,0.9972417821383361,nan,nan,5,nan,-1
16250,614,0.9824,13358.36899999997,10288.36899999997,-5.0,29.09999999999989,16.756301302931547,0.9972417821383361,nan,nan,5,nan,-1
16275,614,0.9824,13358.36899999997,10288.36899999997,-5.0,29.09999999999989,16.756301302931547,0.9972417821383361,nan,nan,5,nan,-1
16300,614,0.9824,13378.33999999997,10308.33999999997,-5.0,29.09999999999989,16.788827361563467,0.9972417821383361,nan,nan,5,nan,-1
16325,614,0.9824,13378.33999999997,10308.33999999997,-5.0,29.09999999999989,16.788827361563467,0.9972417821383361,nan,nan,5,nan,-1
16350,614,0.9824,13382.609999999968,10312.60999999997,-5.0,29.09999999999989,16.795781758957606,0.9972417821383361,nan,nan,5,nan,-1
16375,614,0.9824,13389.369999999968,10319.36999999997,-5.0,29.09999999999989,16.806791530944576,0.9972417821383361,nan,nan,5,nan,-1
16400,614,0.9824,13390.394999999968,10320.39499999997,-5.0,29.09999999999989,16.808460912052066,0.9972417821383361,nan,nan,5,nan,-1
16425,614,0.9824,13395.664999999968,10325.664999999968,-5.0,29.09999999999989,16.817043973941317,0.9972417821383361,nan,nan,5,nan,-1
16450,614,0.9824,13401.684999999969,10331.684999999969,-5.0,29.09999999999989,16.826848534201904,0.9972417821383361,nan,nan,5,nan,-1
16475,614,0.9824,13409.72599999997,10339.72599999997,-5.0,29.09999999999989,16.839944625407117,0.9972417821383361,nan,nan,5,nan,-1
16500,614,0.9824,13410.78099999997,10340.78099999997,-5.0,29.09999999999989,16.84166286644946,0.9972417821383361,nan,nan,5,nan,-1
16525,614,0.9824,13411.275999999969,10341.275999999969,-5.0,29.09999999999989,16.842469055374544,0.9972417821383361,nan,nan,5,nan,-1
16550,614,0.9824,13411.275999999969,10341.275999999969,-5.0,29.09999999999989,16.842469055374544,0.9972417821383361,nan,nan,5,nan,-1
16575,614,0.9824,13419.32099999997,10349.32099999997,-5.0,29.09999999999989,16.855571661237736,0.9972417821383361,nan,nan,5,nan,-1
16600,614,0.9824,13422.55099999997,10352.55099999997,-5.0,29.09999999999989,16.860832247556957,0.9972417821383361,nan,nan,5,nan,-1
16625,614,0.9824,13422.63399999997,10352.63399999997,-5.0,29.09999999999989,16.860967426710047,0.9972417821383361,nan,nan,5,nan,-1
16650,614,0.9824,13425.03499999997,10355.034999999969,-5.0,29.09999999999989,16.864877850162816,0.9972417821383361,nan,nan,5,nan,-1
16675,614,0.9824,13426.62999999997,10356.629999999968,-5.0,29.09999999999989,16.86747557003252,0.9972417821383361,nan,nan,5,nan,-1
16700,614,0.9824,13447.99799999997,10377.997999999969,-5.0,29.09999999999989,16.90227687296412,0.9972417821383361,nan,nan,5,nan,-1
16725,614,0.9824,13454.003999999968,10384.003999999968,-5.0,29.09999999999989,16.912058631921774,0.9972417821383361,nan,nan,5,nan,-1
16750,614,0.9824,13479.81599999997,10409.81599999997,-5.0,29.09999999999989,16.954097719869658,0.9972417821383361,nan,nan,5,nan,-1
16775,614,0.9824,13481.53599999997,10411.53599999997,-5.0,29.09999999999989,16.956899022801252,0.9972417821383361,nan,nan,5,nan,-1
16800,614,0.9824,13484.09099999997,10414.09099999997,-5.0,29.09999999999989,16.96106026058627,0.9972417821383361,nan,nan,5,nan,-1
16825,614,0.9824,13487.846999999969,10417.84699999997,-5.0,29.09999999999989,16.96717752442992,0.9972417821383361,nan,nan,5,nan,-1
16850,614,0.9824,13488.29099999997,10418.29099999997,-5.0,29.09999999999989,16.96790065146575,0.9972417821383361,nan,nan,5,nan,-1
16875,614,0.9824,13495.60299999997,10425.60299999997,-5.0,29.09999999999989,16.979809446254023,0.9972417821383361,nan,nan,5,nan,-1
16900,614,0.9824,13501.37399999997,10431.37399999997,-5.0,29.09999999999989,16.989208469055328,0.9972417821383361,nan,nan,5,nan,-1
16925,614,0.9824,13502.613999999969,10432.61399999997,-5.0,29.09999999999989,16.991228013029268,0.9972417821383361,nan,nan,5,nan,-1
16950,614,0.9824,13509.376999999968,10439.376999999971,-5.0,29.09999999999989,17.002242671009725,0.9972417821383361,nan,nan,5,nan,-1
16975,614,0.9824,13509.551999999969,10439.55199999997,-5.0,29.09999999999989,17.002527687296368,0.9972417821383361,nan,nan,5,nan,-1
17000,614,0.9824,13509.551999999969,10439.55199999997,-5.0,29.09999999999989,17.002527687296368,0.9972417821383361,1.0447048332101005,1.2514809112885308,5,1.0,0
17025,614,0.9824,13513.80399999997,10443.80399999997,-5.0,29.09999999999989,17.00945276872959,0.9972417821383361,nan,nan,5,nan,-1
17050,614,0.9824,13518.11899999997,10448.11899999997,-5.0,29.09999999999989,17.01648045602601,0.9972417821383361,nan,nan,5,nan,-1
17075,614,0.9824,13518.558999999968,10448.55899999997,-5.0,29.09999999999989,17.01719706840386,0.9972417821383361,nan,nan,5,nan,-1
17100,614,0.9824,13529.56299999997,10459.56299999997,-5.0,29.09999999999989,17.035118892508095,0.9972417821383361,nan,nan,5,nan,-1
17125,614,0.9824,13540.67399999997,10470.67399999997,-5.0,29.09999999999989,17.053214983713307,0.9972417821383361,nan,nan,5,nan,-1
17150,614,0.9824,13551.35199999997,10481.35199999997,-5.0,29.09999999999989,17.07060586319213,0.9972417821383361,nan,nan,5,nan,-1
17175,614,0.9824,13564.891999999969,10494.891999999969,-5.0,29.09999999999989,17.092657980455975,0.9972417821383361,nan,nan,5,nan,-1
17200,614,0.9824,13571.08099999997,10501.08099999997,-5.0,29.09999999999989,17.102737785016238,0.9972417821383361,nan,nan,5,nan,-1
17225,614,0.9824,13571.449999999968,10501.449999999968,-5.0,29.09999999999989,17.103338762214932,0.9972417821383361,nan,nan,5,nan,-1
17250,614,0.9824,13574.64499999997,10504.64499999997,-5.0,29.09999999999989,17.108542345276824,0.9972417821383361,nan,nan,5,nan,-1
17275,614,0.9824,13574.64499999997,10504.64499999997,-5.0,29.09999999999989,17.108542345276824,0.9972417821383361,nan,nan,5,nan,-1
17300,614,0.9824,13579.970999999969,10509.970999999969,-5.0,29.09999999999989,17.1172166123778,0.9972417821383361,nan,nan,5,nan,-1
17325,614,0.9824,13582.67399999997,10512.67399999997,-5.0,29.09999999999989,17.121618892508096,0.9972417821383361,nan,nan,5,nan,-1
17350,614,0.9824,13582.67399999997,10512.67399999997,-5.0,29.09999999999989,17.121618892508096,0.9972417821383361,nan,nan,5,nan,-1
17375,614,0.9824,13585.020999999968,10515.020999999968,-5.0,29.09999999999989,17.125441368078125,0.9972417821383361,nan,nan,5,nan,-1
17400,614,0.9824,13587.38999999997,10517.38999999997,-5.0,29.09999999999989,17.129299674267052,0.9972417821383361,nan,nan,5,nan,-1
17425,614,0.9824,13590.704999999969,10520.704999999969,-5.0,29.09999999999989,17.13469869706835,0.9972417821383361,nan,nan,5,nan,-1
17450,614,0.9824,13597.74999999997,10527.749999999969,-5.0,29.09999999999989,17.146172638436433,0.9972417821383361,nan,nan,5,nan,-1
17475,614,0.9824,13609.72899999997,10539.72899999997,-5.0,29.09999999999989,17.165682410423404,0.9972417821383361,nan,nan,5,nan,-1
17500,614,0.9824,13610.02399999997,10540.023999999969,-5.0,29.09999999999989,17.16616286644946,0.9972417821383361,nan,nan,5,nan,-1
17525,614,0.9824,13611.418999999969,10541.418999999969,-5.0,29.09999999999989,17.168434853420145,0.9972417821383361,nan,nan,5,nan,-1
17550,614,0.9824,13614.85899999997,10544.85899999997,-5.0,29.09999999999989,17.174037459283337,0.9972417821383361,nan,nan,5,nan,-1
17575,614,0.9824,13620.11799999997,10550.11799999997,-5.0,29.09999999999989,17.182602605863142,0.9972417821383361,nan,nan,5,nan,-1
17600,614,0.9824,13628.11899999997,10558.11899999997,-5.0,29.09999999999989,17.19563355048855,0.9972417821383361,nan,nan,5,nan,-1
17625,614,0.9824,13628.11899999997,10558.11899999997,-5.0,29.09999999999989,17.19563355048855,0.9972417821383361,nan,nan,5,nan,-1
17650,614,0.9824,13639.97499999997,10569.97499999997,-5.0,29.09999999999989,17.21494299674262,0.9972417821383361,nan,nan,5,nan,-1
17675,614,0.9824,13649.614999999969,10579.614999999969,-5.0,29.09999999999989,17.23064332247552,0.9972417821383361,nan,nan,5,nan,-1
17700,614,0.9824,13652.85499999997,10582.854999999969,-5.0,29.09999999999989,17.23592019543969,0.9972417821383361,nan,nan,5,nan,-1
17725,614,0.9824,13653.052999999969,10583.052999999969,-5.0,29.09999999999989,17.236242671009723,0.9972417821383361,nan,nan,5,nan,-1
17750,614,0.9824,13671.43899999997,10601.43899999997,-5.0,29.09999999999989,17.266187296416888,0.9972417821383361,nan,nan,5,nan,-1
17775,614,0.9824,13671.86899999997,10601.86899999997,-5.0,29.09999999999989,17.26688762214979,0.9972417821383361,nan,nan,5,nan,-1
17800,614,0.9824,13672.87099999997,10602.87099999997,-5.0,29.09999999999989,17.26851954397389,0.9972417821383361,nan,nan,5,nan,-1
17825,614,0.9824,13685.14099999997,10615.140999999969,-5.0,29.09999999999989,17.28850325732894,0.9972417821383361,nan,nan,5,nan,-1
17850,614,0.9824,13685.14099999997,10615.140999999969,-5.0,29.09999999999989,17.28850325732894,0.9972417821383361,nan,nan,5,nan,-1
17875,614,0.9824,13690.309999999969,10620.309999999969,-5.0,29.09999999999989,17.296921824104185,0.9972417821383361,nan,nan,5,nan,-1
17900,614,0.9824,13690.36999999997,10620.36999999997,-5.0,29.09999999999989,17.297019543973892,0.9972417821383361,nan,nan,5,nan,-1
17925,614,0.9824,13690.36999999997,10620.36999999997,-5.0,29.09999999999989,17.297019543973892,0.9972417821383361,nan,nan,5,nan,-1
17950,614,0.9824,13694.36999999997,10624.36999999997,-5.0,29.09999999999989,17.30353420195435,0.9972417821383361,nan,nan,5,nan,-1
17975,614,0.9824,13694.579999999969,10624.579999999969,-5.0,29.09999999999989,17.30387622149832,0.9972417821383361,nan,nan,5,nan,-1
18000,614,0.9824,13699.13499999997,10629.13499999997,-5.0,29.09999999999989,17.311294788273564,0.9972417821383361,1.0453778686167243,1.2026549072529833,5,1.0,0
18025,614,0.9824,13718.60599999997,10648.605999999969,-5.0,29.09999999999989,17.34300651465793,0.9972417821383361,nan,nan,5,nan,-1
18050,614,0.9824,13721.35299999997,10651.35299999997,-5.0,29.09999999999989,17.34748045602601,0.9972417821383361,nan,nan,5,nan,-1
18075,614,0.9824,13721.35299999997,10651.35299999997,-5.0,29.09999999999989,17.34748045602601,0.9972417821383361,nan,nan,5,nan,-1
18100,614,0.9824,13733.932999999968,10663.932999999968,-5.0,29.09999999999989,17.36796905537454,0.9972417821383361,nan,nan,5,nan,-1
18125,614,0.9824,13734.752999999968,10664.752999999968,-5.0,29.09999999999989,17.369304560260534,0.9972417821383361,nan,nan,5,nan,-1
18150,614,0.9824,13741.38599999997,10671.38599999997,-5.0,29.09999999999989,17.380107491856627,0.9972417821383361,nan,nan,5,nan,-1
18175,614,0.9824,13748.685999999969,10678.685999999969,-5.0,29.09999999999989,17.39199674267096,0.9972417821383361,nan,nan,5,nan,-1
18200,614,0.9824,13749.531999999968,10679.53199999997,-5.0,29.09999999999989,17.393374592833826,0.9972417821383361,nan,nan,5,nan,-1
18225,614,0.9824,13752.053999999967,10682.05399999997,-5.0,29.09999999999989,17.397482084690502,0.9972417821383361,nan,nan,5,nan,-1
18250,614,0.9824,13766.255999999968,10696.255999999968,-5.0,29.09999999999989,17.420612377850112,0.9972417821383361,nan,nan,5,nan,-1
18275,614,0.9824,13782.81599999997,10712.81599999997,-5.0,29.09999999999989,17.4475830618892,0.9972417821383361,nan,nan,5,nan,-1
18300,614,0.9824,13785.02799999997,10715.02799999997,-5.0,29.09999999999989,17.451185667752394,0.9972417821383361,nan,nan,5,nan,-1
18325,614,0.9824,13791.68999999997,10721.68999999997,-5.0,29.09999999999989,17.46203583061884,0.9972417821383361,nan,nan,5,nan,-1
18350,614,0.9824,13791.709999999968,10721.709999999968,-5.0,29.09999999999989,17.46206840390874,0.9972417821383361,nan,nan,5,nan,-1
18375,614,0.9824,13796.394999999968,10726.394999999968,-5.0,29.09999999999989,17.469698697068353,0.9972417821383361,nan,nan,5,nan,-1
18400,614,0.9824,13796.95999999997,10726.95999999997,-5.0,29.09999999999989,17.470618892508096,0.9972417821383361,nan,nan,5,nan,-1
18425,614,0.9824,13802.59999999997,10732.59999999997,-5.0,29.09999999999989,17.479804560260536,0.9972417821383361,nan,nan,5,nan,-1
18450,614,0.9824,13804.094999999968,10734.094999999968,-5.0,29.09999999999989,17.48223941368073,0.9972417821383361,nan,nan,5,nan,-1
18475,614,0.9824,13805.895999999968,10735.895999999968,-5.0,29.09999999999989,17.48517263843643,0.9972417821383361,nan,nan,5,nan,-1
18500,614,0.9824,13817.42899999997,10747.428999999967,-5.0,29.09999999999989,17.503956026058578,0.9972417821383361,nan,nan,5,nan,-1
18525,614,0.9824,13820.111999999968,10750.111999999968,-5.0,29.09999999999989,17.50832573289897,0.9972417821383361,nan,nan,5,nan,-1
18550,614,0.9824,13821.576999999968,10751.576999999968,-5.0,29.09999999999989,17.510711726384315,0.9972417821383361,nan,nan,5,nan,-1
18575,614,0.9824,13824.879999999968,10754.879999999968,-5.0,29.09999999999989,17.516091205211676,0.9972417821383361,nan,nan,5,nan,-1
18600,614,0.9824,13837.51799999997,10767.51799999997,-5.0,29.09999999999989,17.536674267100928,0.9972417821383361,nan,nan,5,nan,-1
18625,614,0.9824,13842.692999999968,10772.692999999968,-5.0,29.09999999999989,17.54510260586314,0.9972417821383361,nan,nan,5,nan,-1
18650,614,0.9824,13851.442999999968,10781.442999999968,-5.0,29.09999999999989,17.55935342019539,0.9972417821383361,nan,nan,5,nan,-1
18675,614,0.9824,13851.442999999968,10781.442999999968,-5.0,29.09999999999989,17.55935342019539,0.9972417821383361,nan,nan,5,nan,-1
18700,614,0.9824,13864.184999999969,10794.184999999969,-5.0,29.09999999999989,17.58010586319213,0.9972417821383361,nan,nan,5,nan,-1
18725,614,0.9824,13868.444999999969,10798.444999999969,-5.0,29.09999999999989,17.587043973941316,0.9972417821383361,nan,nan,5,nan,-1
18750,614,0.9824,13874.560999999969,10804.560999999969,-5.0,29.09999999999989,17.597004885993435,0.9972417821383361,nan,nan,5,nan,-1
18775,614,0.9824,13882.878999999968,10812.878999999968,-5.0,29.09999999999989,17.61055211726379,0.9972417821383361,nan,nan,5,nan,-1
18800,614,0.9824,13882.878999999968,10812.878999999968,-5.0,29.09999999999989,17.61055211726379,0.9972417821383361,nan,nan,5,nan,-1
18825,614,0.9824,13885.09899999997,10815.09899999997,-5.0,29.09999999999989,17.614167752442945,0.9972417821383361,nan,nan,5,nan,-1
18850,614,0.9824,13888.43999999997,10818.43999999997,-5.0,29.09999999999989,17.619609120521122,0.9972417821383361,nan,nan,5,nan,-1
18875,614,0.9824,13889.13699999997,10819.13699999997,-5.0,29.09999999999989,17.620744299674218,0.9972417821383361,nan,nan,5,nan,-1
18900,614,0.9824,13893.39199999997,10823.39199999997,-5.0,29.09999999999989,17.62767426710093,0.9972417821383361,nan,nan,5,nan,-1
18925,614,0.9824,13893.39199999997,10823.39199999997,-5.0,29.09999999999989,17.62767426710093,0.9972417821383361,nan,nan,5,nan,-1
18950,614,0.9824,13898.416999999969,10828.416999999969,-5.0,29.09999999999989,17.635858306188872,0.9972417821383361,nan,nan,5,nan,-1
18975,614,0.9824,13898.416999999969,10828.416999999969,-5.0,29.09999999999989,17.635858306188872,0.9972417821383361,nan,nan,5,nan,-1
19000,614,0.9824,13899.454999999969,10829.454999999969,-5.0,29.09999999999989,17.637548859934803,0.9972417821383361,1.0459131557300323,1.2570641462666425,5,1.0,0
19025,614,0.9824,13901.02999999997,10831.02999999997,-5.0,29.09999999999989,17.640114006514608,0.9972417821383361,nan,nan,5,nan,-1
19050,614,0.9824,13911.204999999969,10841.204999999969,-5.0,29.09999999999989,17.65668566775239,0.9972417821383361,nan,nan,5,nan,-1
19075,614,0.9824,13919.432999999968,10849.432999999968,-5.0,29.09999999999989,17.67008631921819,0.9972417821383361,nan,nan,5,nan,-1
19100,614,0.9824,13923.147999999968,10853.147999999968,-5.0,29.09999999999989,17.67613680781754,0.9972417821383361,nan,nan,5,nan,-1
19125,614,0.9824,13926.17099999997,10856.17099999997,-5.0,29.09999999999989,17.681060260586268,0.9972417821383361,nan,nan,5,nan,-1
19150,614,0.9824,13928.58099999997,10858.58099999997,-5.0,29.09999999999989,17.684985342019495,0.9972417821383361,nan,nan,5,nan,-1
19175,614,0.9824,13928.900999999969,10858.900999999969,-5.0,29.09999999999989,17.68550651465793,0.9972417821383361,nan,nan,5,nan,-1
19200,614,0.9824,13928.900999999969,10858.900999999969,-5.0,29.09999999999989,17.68550651465793,0.9972417821383361,nan,nan,5,nan,-1
19225,614,0.9824,13936.954999999969,10866.954999999969,-5.0,29.09999999999989,17.698623778501577,0.9972417821383361,nan,nan,5,nan,-1
19250,614,0.9824,13939.80399999997,10869.803999999967,-5.0,29.09999999999989,17.703263843648156,0.9972417821383361,nan,nan,5,nan,-1
19275,614,0.9824,13943.088999999969,10873.088999999967,-5.0,29.09999999999989,17.708614006514605,0.9972417821383361,nan,nan,5,nan,-1
19300,614,0.9824,13952.411999999968,10882.411999999968,-5.0,29.09999999999989,17.723798045602553,0.9972417821383361,nan,nan,5,nan,-1
19325,614,0.9824,13955.54699999997,10885.54699999997,-5.0,29.09999999999989,17.728903908794738,0.9972417821383361,nan,nan,5,nan,-1
19350,614,0.9824,13967.613999999969,10897.613999999969,-5.0,29.09999999999989,17.74855700325728,0.9972417821383361,nan,nan,5,nan,-1
19375,614,0.9824,13974.378999999968,10904.378999999968,-5.0,29.09999999999989,17.759574918566724,0.9972417821383361,nan,nan,5,nan,-1
19400,614,0.9824,13974.378999999968,10904.378999999968,-5.0,29.09999999999989,17.759574918566724,0.9972417821383361,nan,nan,5,nan,-1
19425,614,0.9824,13974.72399999997,10904.72399999997,-5.0,29.09999999999989,17.76013680781754,0.9972417821383361,nan,nan,5,nan,-1
19450,614,0.9824,13974.72399999997,10904.72399999997,-5.0,29.09999999999989,17.76013680781754,0.9972417821383361,nan,nan,5,nan,-1
19475,614,0.9824,13974.72399999997,10904.72399999997,-5.0,29.09999999999989,17.76013680781754,0.9972417821383361,nan,nan,5,nan,-1
19500,614,0.9824,13974.72399999997,10904.72399999997,-5.0,29.09999999999989,17.76013680781754,0.9972417821383361,nan,nan,5,nan,-1
19525,614,0.9824,13976.923999999968,10906.923999999968,-5.0,29.09999999999989,17.76371986970679,0.9972417821383361,nan,nan,5,nan,-1
19550,614,0.9824,13981.538999999968,10911.538999999968,-5.0,29.09999999999989,17.77123615635174,0.9972417821383361,nan,nan,5,nan,-1
19575,614,0.9824,13984.668999999969,10914.668999999969,-5.0,29.09999999999989,17.776333876221447,0.9972417821383361,nan,nan,5,nan,-1
19600,614,0.9824,13986.22399999997,10916.22399999997,-5.0,29.09999999999989,17.77886644951135,0.9972417821383361,nan,nan,5,nan,-1
19625,614,0.9824,14001.140999999967,10931.140999999967,-5.0,29.09999999999989,17.803161237784963,0.9972417821383361,nan,nan,5,nan,-1
19650,614,0.9824,14009.29499999997,10939.29499999997,-5.0,29.09999999999989,17.816441368078127,0.9972417821383361,nan,nan,5,nan,-1
19675,614,0.9824,14011.214999999967,10941.214999999967,-5.0,29.09999999999989,17.819568403908743,0.9972417821383361,nan,nan,5,nan,-1
19700,614,0.9824,14011.716999999968,10941.716999999968,-5.0,29.09999999999989,17.82038599348529,0.9972417821383361,nan,nan,5,nan,-1
19725,614,0.9824,14015.678999999967,10945.678999999967,-5.0,29.09999999999989,17.82683876221493,0.9972417821383361,nan,nan,5,nan,-1
19750,614,0.9824,14016.713999999967,10946.713999999967,-5.0,29.09999999999989,17.828524429967374,0.9972417821383361,nan,nan,5,nan,-1
19775,614,0.9824,14018.853999999968,10948.853999999968,-5.0,29.09999999999989,17.832009771986918,0.9972417821383361,nan,nan,5,nan,-1
19800,614,0.9824,14018.853999999968,10948.853999999968,-5.0,29.09999999999989,17.832009771986918,0.9972417821383361,nan,nan,5,nan,-1
19825,614,0.9824,14030.067999999968,10960.067999999968,-5.0,29.09999999999989,17.85027361563513,0.9972417821383361,nan,nan,5,nan,-1
19850,614,0.9824,14031.43799999997,10961.43799999997,-5.0,29.09999999999989,17.852504885993437,0.9972417821383361,nan,nan,5,nan,-1
19875,614,0.9824,14032.594999999968,10962.594999999968,-5.0,29.09999999999989,17.854389250814283,0.9972417821383361,nan,nan,5,nan,-1
19900,614,0.9824,14039.857999999967,10969.857999999967,-5.0,29.09999999999989,17.866218241042294,0.9972417821383361,nan,nan,5,nan,-1
19925,614,0.9824,14049.15299999997,10979.15299999997,-5.0,29.09999999999989,17.88135667752438,0.9972417821383361,nan,nan,5,nan,-1
19950,614,0.9824,14049.407999999969,10979.407999999969,-5.0,29.09999999999989,17.881771986970634,0.9972417821383361,nan,nan,5,nan,-1
19975,614,0.9824,14061.436999999969,10991.436999999969,-5.0,29.09999999999989,17.90136319218236,0.9972417821383361,nan,nan,5,nan,-1
20000,614,0.9824,14061.436999999969,10991.436999999969,-5.0,29.09999999999989,17.90136319218236,0.9972417821383361,1.0451162084162224,1.2374053191362555,5,1.0,0
