index,latent_0,latent_1
0,3.4590859413146973,-8.621021270751953
1,0.6865650415420532,1.2488703727722168
2,1.1043516397476196,-7.860015869140625
3,-0.5276984572410583,1.3459153175354004
4,3.1065163612365723,-6.910115718841553
5,1.742505431175232,-9.595254898071289
6,1.8298026323318481,-9.074448585510254
7,1.733422875404358,-10.290733337402344
8,1.6530572175979614,-9.441405296325684
9,1.7751370668411255,-9.08261775970459
10,1.7407951354980469,-9.402870178222656
11,1.6572932004928589,-9.470154762268066
12,-0.08561769127845764,-8.185216903686523
13,1.7655736207962036,-9.323629379272461
14,1.3142293691635132,-9.516087532043457
15,1.4370232820510864,-9.125982284545898
16,2.9734292030334473,-8.277535438537598
17,1.7795928716659546,-8.42357063293457
18,-0.5564072132110596,1.316774606704712
19,3.3876311779022217,-9.413714408874512
20,1.8097997903823853,-10.488663673400879
21,1.7029727697372437,-9.410096168518066
22,1.7906330823898315,-9.277239799499512
23,1.9318633079528809,-3.0623011589050293
24,1.7423577308654785,-9.149604797363281
25,1.6477415561676025,-9.496731758117676
26,1.8285359144210815,-9.112356185913086
27,1.71011221408844,-8.98153018951416
28,1.78319251537323,-9.5379056930542
29,1.7271360158920288,-8.465044021606445
30,1.682065725326538,-9.22365951538086
31,-0.058971744030714035,1.7256028652191162
32,0.21791385114192963,-3.3674094676971436
33,1.972450852394104,-9.324334144592285
34,0.7642414569854736,-8.417072296142578
35,1.8017849922180176,-9.336199760437012
36,1.6241471767425537,-8.103958129882812
37,-1.351954460144043,0.010198190808296204
38,1.68195641040802,-9.536784172058105
39,0.02893342450261116,-6.250497341156006
40,1.782039761543274,-9.430570602416992
41,0.21232794225215912,0.2271219789981842
42,1.7482125759124756,-9.560266494750977
43,1.8073290586471558,-9.213963508605957
44,3.4771604537963867,-8.05527114868164
45,1.6744431257247925,-9.4961519241333
46,3.2358646392822266,-9.694140434265137
47,1.2794121503829956,-9.34582805633545
48,3.9164462089538574,-8.168761253356934
49,1.7468032836914062,-9.0877103805542
50,1.742944359779358,-9.500439643859863
51,0.36628761887550354,-7.474763870239258
52,1.3504598140716553,-8.58521842956543
53,1.9736088514328003,-8.489131927490234
54,1.42902672290802,-6.998793125152588
55,1.623572587966919,-8.965907096862793
56,1.1040284633636475,3.3562002182006836
57,4.250044822692871,-7.575051784515381
58,1.8084907531738281,-9.239771842956543
59,5.730245113372803,-9.438322067260742
60,-0.4753477871417999,0.9127903580665588
61,1.1807992458343506,-9.382222175598145
62,1.7153733968734741,-9.156679153442383
63,1.773918867111206,-9.148062705993652
64,0.5937797427177429,-8.53137493133545
65,1.826712727546692,-9.128742218017578
66,1.7620657682418823,-9.648176193237305
67,1.7205735445022583,-9.38986587524414
68,1.69418466091156,-9.115636825561523
69,1.719578742980957,-9.594172477722168
70,2.1603925228118896,-9.66187572479248
71,1.8120208978652954,-9.921624183654785
72,0.16048358380794525,-6.962193489074707
73,1.7022720575332642,-9.514389038085938
74,1.7524651288986206,-9.064581871032715
75,1.1679595708847046,-7.763089656829834
76,1.6694201231002808,-9.327727317810059
77,0.20604629814624786,1.8231909275054932
78,1.6540201902389526,-9.113614082336426
79,-5.212072372436523,-6.563225746154785
80,0.1849333494901657,1.3335245847702026
81,-0.37837496399879456,1.4804117679595947
82,-5.756525039672852,-1.9116677045822144
83,1.7290173768997192,-9.178613662719727
84,1.7573270797729492,-9.036219596862793
85,-10.49736499786377,-2.4557135105133057
86,1.6855629682540894,-9.5037260055542
87,1.7085175514221191,-9.51113510131836
88,-0.15907244384288788,2.720003128051758
89,1.7416964769363403,-9.107586860656738
90,1.7351020574569702,-9.334488868713379
91,1.7125500440597534,-4.624115467071533
92,13.541749000549316,-3.423189163208008
93,1.6827458143234253,-9.39344596862793
94,1.700048565864563,-9.18828296661377
95,10.3444242477417,-2.7178409099578857
96,3.908214569091797,-8.140247344970703
97,1.7558025121688843,-7.2275390625
98,-7.655722618103027,-7.85834264755249
99,2.6911673545837402,-8.44048023223877
100,1.4674384593963623,-6.777464389801025
101,2.8536911010742188,-9.259048461914062
102,1.7837153673171997,-10.216601371765137
103,1.6972795724868774,-9.477867126464844
104,1.7843059301376343,-9.587689399719238
105,1.7150565385818481,-9.192825317382812
106,5.308940887451172,-7.915218830108643
107,1.782694697380066,-9.312407493591309
108,1.6260204315185547,-9.466233253479004
109,3.450115442276001,-10.123113632202148
110,-1.2254542112350464,-1.4389126300811768
111,-8.323450088500977,-4.780468940734863
112,1.7164145708084106,-9.134176254272461
113,0.5937093496322632,-2.129321575164795
114,1.8636999130249023,-10.316243171691895
115,1.7494632005691528,-9.048580169677734
116,0.033495817333459854,-8.62071418762207
117,1.6113572120666504,-5.994212627410889
118,1.7216222286224365,-9.3493013381958
119,-10.493586540222168,0.9819045066833496
120,1.6778546571731567,-9.11148452758789
121,1.7641805410385132,-9.127309799194336
122,1.686397671699524,-9.220791816711426
123,1.3404890298843384,-10.210589408874512
124,-1.1340316534042358,-4.974951267242432
125,1.9392279386520386,-9.713887214660645
126,2.8549554347991943,-6.397557258605957
127,0.465852290391922,2.5109200477600098
128,1.546927571296692,-9.36561393737793
129,1.755201816558838,-9.351043701171875
130,1.6522586345672607,-9.18569278717041
131,1.7318893671035767,-8.99368953704834
132,1.7083605527877808,-9.481881141662598
133,3.687222957611084,-10.180489540100098
134,-8.004473686218262,2.895392417907715
135,1.7272394895553589,-9.449541091918945
136,-0.5090636610984802,1.766322135925293
137,1.185479998588562,-4.844904899597168
138,1.6780287027359009,-8.71496868133545
139,2.0498294830322266,-2.944108724594116
140,1.7651182413101196,-9.585209846496582
141,1.6348422765731812,-9.103537559509277
142,-1.725465178489685,1.501391887664795
143,1.6428155899047852,-9.598856925964355
144,1.6439592838287354,-9.261945724487305
145,2.039466619491577,-5.186192512512207
146,1.6397128105163574,-9.35768985748291
147,1.7082847356796265,-9.343778610229492
148,1.669620156288147,-9.20948314666748
149,2.3363401889801025,-2.6586923599243164
150,2.0989577770233154,-7.754281520843506
151,1.807785987854004,-9.06501293182373
152,1.6458290815353394,-9.318412780761719
153,1.452880859375,-9.468770027160645
154,3.9208481311798096,-9.6076078414917
155,1.7472556829452515,-9.386800765991211
156,2.5194082260131836,-4.393749237060547
157,1.7886461019515991,-9.289339065551758
158,1.7598384618759155,-8.30993938446045
159,4.326196670532227,-9.196593284606934
160,1.7217060327529907,-9.013235092163086
161,1.7623170614242554,-9.627777099609375
162,1.6833842992782593,-9.066400527954102
163,-0.7244018912315369,0.8530164957046509
164,1.7027437686920166,-9.38644027709961
165,3.334385395050049,-7.5587334632873535
166,1.7167960405349731,-9.39626693725586
167,1.1893393993377686,-8.213509559631348
168,1.694222331047058,-9.394227027893066
169,1.8100123405456543,-9.359489440917969
170,1.771968960762024,-9.62968921661377
171,-0.9641778469085693,-4.371620178222656
172,6.543749809265137,-5.65725564956665
173,1.6670199632644653,-9.530768394470215
174,0.7815364599227905,1.8851205110549927
175,1.7776143550872803,-9.175336837768555
176,1.7043890953063965,-9.18578052520752
177,5.190547466278076,-7.52101469039917
178,8.920334815979004,-4.482375621795654
179,1.685813546180725,-9.511290550231934
180,3.223544120788574,-9.021212577819824
181,1.894081711769104,-10.96969223022461
182,1.7499011754989624,-9.534191131591797
183,2.2202529907226562,-9.841602325439453
184,1.6884472370147705,-9.564957618713379
185,1.821707010269165,-9.096283912658691
186,5.733489036560059,-2.9173779487609863
187,1.9330449104309082,-10.156357765197754
188,1.6814144849777222,-8.903647422790527
189,1.7779009342193604,-9.59339427947998
190,1.7517729997634888,-9.545222282409668
191,-0.1822056770324707,1.2515019178390503
192,1.6980849504470825,-9.248351097106934
193,1.697656273841858,-9.12280559539795
194,1.7801958322525024,-8.699261665344238
195,1.9059258699417114,-3.25577974319458
196,-0.4415423572063446,0.9750208854675293
197,1.7706221342086792,-9.39574146270752
198,0.17139452695846558,1.4380439519882202
199,-9.137206077575684,-10.144949913024902
200,1.7397409677505493,-9.137507438659668
201,1.6498268842697144,-9.299188613891602
202,-4.885410308837891,1.0666131973266602
203,1.8010016679763794,-9.152982711791992
204,1.7091294527053833,-9.419270515441895
205,1.717931866645813,-9.3174409866333
206,1.657368540763855,-5.601288318634033
207,1.7789889574050903,-9.318323135375977
208,1.619886040687561,-9.468107223510742
209,1.8367706537246704,-9.345112800598145
210,1.2160266637802124,-9.463065147399902
211,2.072298765182495,-9.068979263305664
212,1.723772406578064,-9.070077896118164
213,2.5464842319488525,-6.399994850158691
214,1.9937583208084106,-9.925436973571777
215,2.877020835876465,-9.5004243850708
216,1.900260090827942,-8.403979301452637
217,0.9853261113166809,-5.812978267669678
218,0.6064079999923706,-9.034279823303223
219,2.7308919429779053,-7.966348171234131
220,1.5230482816696167,-9.674447059631348
221,1.6852893829345703,-9.122783660888672
222,-0.0427030585706234,0.9844803810119629
223,1.7284555435180664,-9.55305290222168
224,1.6756443977355957,-9.228872299194336
225,-0.320860892534256,1.4363086223602295
226,1.5479965209960938,-5.2146525382995605
227,1.8755074739456177,-9.76734447479248
228,1.7253649234771729,-9.529779434204102
229,1.7484198808670044,-9.328680992126465
230,10.815337181091309,-1.2018918991088867
231,1.6287837028503418,-9.389788627624512
232,4.090999126434326,-9.075865745544434
233,1.7826566696166992,-9.118786811828613
234,1.706926703453064,-9.549225807189941
235,2.3581714630126953,-9.226153373718262
236,1.7356657981872559,-9.396644592285156
237,-0.6147226691246033,0.649400532245636
238,-5.695861339569092,-2.776777744293213
239,1.7781156301498413,-9.229504585266113
240,1.6687709093093872,-8.945927619934082
241,1.8095803260803223,-9.34831714630127
242,1.7766205072402954,-9.30819034576416
243,1.725311517715454,-9.484833717346191
244,1.3589006662368774,-6.78024435043335
245,0.37333154678344727,-2.195361375808716
246,1.5411769151687622,-9.367579460144043
247,1.7628473043441772,-9.447785377502441
248,1.4733232259750366,-8.77043628692627
249,1.298561692237854,-9.744633674621582
250,1.6614528894424438,-9.45537281036377
251,6.9698615074157715,-2.5084071159362793
252,1.7306257486343384,-9.569650650024414
253,1.7656127214431763,-9.242118835449219
254,1.665245532989502,-8.943475723266602
255,-7.301303386688232,-5.214654445648193
256,-5.172839641571045,-2.7446277141571045
257,1.6208276748657227,-7.819432258605957
258,1.5445454120635986,-6.788619518280029
259,1.9065381288528442,-8.762516975402832
260,1.6830161809921265,-8.908071517944336
261,1.6822009086608887,-9.174938201904297
262,1.7987290620803833,-9.257428169250488
263,1.4082905054092407,-8.638764381408691
264,1.6394189596176147,-9.436721801757812
265,2.013244152069092,-8.969400405883789
266,0.9923896193504333,-9.376425743103027
267,2.3619754314422607,-7.936164379119873
268,1.5197534561157227,-8.425436973571777
269,4.333035469055176,-8.305136680603027
270,1.7357481718063354,-9.16256046295166
271,1.7354884147644043,-8.984156608581543
272,-0.15400661528110504,1.1566202640533447
273,1.892720103263855,-7.651430606842041
274,1.7312146425247192,-9.176161766052246
275,1.6758079528808594,-9.22609806060791
276,1.3599106073379517,-8.798590660095215
277,1.6651935577392578,-9.419234275817871
278,1.7724581956863403,-9.482037544250488
279,1.6737992763519287,-8.917490005493164
280,-0.04889414831995964,1.5454050302505493
281,-0.2924765944480896,1.5802308320999146
282,5.568448543548584,-10.028050422668457
283,1.6884379386901855,-9.54766845703125
284,2.0555052757263184,-7.842350482940674
285,1.7527166604995728,-9.508774757385254
286,1.741817831993103,-9.393289566040039
287,-0.47249099612236023,0.19735181331634521
288,1.7346298694610596,-6.973512649536133
289,-4.932660102844238,-3.409336566925049
290,1.6452059745788574,-9.198201179504395
291,2.4989211559295654,-4.837648868560791
292,1.6690583229064941,-9.33201789855957
293,1.6721464395523071,-8.931221961975098
294,-1.1512449979782104,-6.185842037200928
295,-1.2223782539367676,1.8978044986724854
296,-4.4648308753967285,-7.049499034881592
297,1.7711355686187744,-9.553807258605957
298,0.1841564029455185,0.8893895149230957
299,1.6889110803604126,-9.308682441711426
300,1.8042386770248413,-9.067708015441895
301,-0.043535154312849045,1.5992180109024048
302,1.6950892210006714,-9.533535957336426
303,1.7507487535476685,-9.132878303527832
304,0.2075692117214203,1.1804298162460327
305,1.7669782638549805,-9.508071899414062
306,1.7219207286834717,-9.285284996032715
307,1.713276982307434,-9.311695098876953
308,1.7147170305252075,-9.416611671447754
309,1.7876282930374146,-9.349995613098145
310,2.1419596672058105,-10.44625473022461
311,1.6424534320831299,-9.343949317932129
312,1.6236730813980103,-9.5098295211792
313,1.8198908567428589,-9.262001037597656
314,1.6328500509262085,-9.1257905960083
315,1.767741322517395,-9.403218269348145
316,1.7792197465896606,-9.097896575927734
317,1.1132879257202148,-9.89249324798584
318,1.6999024152755737,-9.490711212158203
319,1.3435070514678955,-6.26729154586792
320,1.7863774299621582,-9.034539222717285
321,-5.940657615661621,-5.033384799957275
322,1.6728461980819702,-9.073919296264648
323,1.7465022802352905,-9.168562889099121
324,-13.56335735321045,-0.5708258748054504
325,1.7674168348312378,-9.564448356628418
326,-6.051809310913086,-2.887265205383301
327,0.9500876665115356,-8.097306251525879
328,1.441218376159668,-9.761164665222168
329,1.9038280248641968,-9.637372970581055
330,1.6421865224838257,-9.448891639709473
331,1.7125060558319092,-9.438905715942383
332,1.7430280447006226,-9.354540824890137
333,1.4678356647491455,-7.265347480773926
334,8.028434753417969,-5.885867118835449
335,-0.16904623806476593,0.6918509006500244
336,1.7792068719863892,-9.274846076965332
337,1.6484421491622925,-9.479721069335938
338,1.7782096862792969,-9.36777400970459
339,7.8738250732421875,-6.0537824630737305
340,1.695787787437439,-9.047591209411621
341,1.7580064535140991,-9.186108589172363
342,1.9717813730239868,-9.111692428588867
343,1.8192569017410278,-10.114882469177246
344,0.8087198138237,3.0708327293395996
345,4.093679904937744,-7.984178066253662
346,1.7813481092453003,-9.425277709960938
347,1.7347508668899536,-9.034008979797363
348,-0.25272074341773987,1.2194552421569824
349,1.721779704093933,-4.910715103149414
350,-0.7911796569824219,-5.329305648803711
351,1.7266885042190552,-9.477021217346191
352,1.7860207557678223,-9.033302307128906
353,1.7264777421951294,-9.552847862243652
354,6.737252712249756,-4.48631477355957
355,1.696043610572815,-9.511958122253418
356,-2.1728219985961914,5.397904872894287
357,1.8066827058792114,-9.139790534973145
358,1.5602797269821167,-10.044093132019043
359,1.7251356840133667,-9.332413673400879
360,1.649237036705017,-9.779236793518066
361,1.750637173652649,-9.53475570678711
362,1.7760947942733765,-9.5281982421875
363,3.012990951538086,-9.59207820892334
364,-7.357104778289795,-2.1885766983032227
365,1.7883036136627197,-9.536312103271484
366,1.6861988306045532,-9.102212905883789
367,1.769856572151184,-8.127236366271973
368,1.7341958284378052,-9.313799858093262
369,1.6866289377212524,-9.197461128234863
370,1.6832371950149536,-9.036199569702148
371,1.7619613409042358,-9.635188102722168
372,-1.5625730752944946,-6.6565470695495605
373,2.2766056060791016,-9.330971717834473
374,1.784920334815979,-9.045775413513184
375,1.758549451828003,-9.368138313293457
376,-0.08326081931591034,1.2105700969696045
377,1.708716869354248,-8.9315185546875
378,1.7486892938613892,-9.196462631225586
379,1.7090882062911987,-9.500244140625
380,1.7169016599655151,-9.205389976501465
381,1.6734704971313477,-9.293313026428223
382,1.6949143409729004,-9.550211906433105
383,-0.9444823265075684,1.5470898151397705
384,0.7156531810760498,-1.307343602180481
385,1.8058103322982788,-9.276495933532715
386,1.8162410259246826,-9.169920921325684
387,1.701111912727356,-9.137738227844238
388,1.811621069908142,-9.09589958190918
389,-0.31815215945243835,1.592810034751892
390,1.4391440153121948,-8.819940567016602
391,3.5515968799591064,-3.1004087924957275
392,1.7177761793136597,-9.004023551940918
393,1.680026888847351,-8.926826477050781
394,1.7712310552597046,-9.34920597076416
395,1.6293741464614868,-8.915331840515137
396,2.321227550506592,-6.11386251449585
397,1.17802894115448,-7.767446041107178
398,1.6988211870193481,-9.26793098449707
399,1.6954518556594849,-8.929422378540039
400,1.7068008184432983,-9.16917896270752
401,1.6584380865097046,-9.20889663696289
402,-2.1121082305908203,3.4374380111694336
403,1.9958466291427612,-10.116610527038574
404,1.6984074115753174,-9.042040824890137
405,1.6858769655227661,-9.16378116607666
406,1.7131959199905396,-9.578408241271973
407,1.7727524042129517,-7.705382823944092
408,1.0443463325500488,-8.998005867004395
409,1.7761725187301636,-9.470759391784668
410,1.7311888933181763,-9.48353099822998
411,1.7723394632339478,-9.269347190856934
412,1.6886968612670898,-9.484750747680664
413,1.7995010614395142,-9.187621116638184
414,1.696588158607483,-8.919597625732422
415,1.725456953048706,-9.460896492004395
416,1.7836588621139526,-9.407923698425293
417,1.7143014669418335,-9.307360649108887
418,2.561549663543701,-7.136701583862305
419,1.6637581586837769,-9.22628116607666
420,4.1315741539001465,-9.253500938415527
421,1.6215931177139282,-9.310532569885254
422,-0.8400554060935974,0.8612365126609802
423,4.045353889465332,-9.484719276428223
424,1.4474273920059204,-9.163254737854004
425,-8.288509368896484,-3.4100492000579834
426,1.7170565128326416,-9.582860946655273
427,1.7756098508834839,-9.271380424499512
428,5.239747047424316,-7.8058648109436035
429,1.700649619102478,-9.2538480758667
430,1.8824069499969482,-3.7477807998657227
431,1.7609421014785767,-9.43536376953125
432,1.7803996801376343,-9.351031303405762
433,1.6669535636901855,-9.168604850769043
434,1.523009181022644,-9.29096508026123
435,1.7393137216567993,-9.56839656829834
436,1.7539098262786865,-9.559839248657227
437,1.5970898866653442,-9.0090970993042
438,10.513481140136719,-2.3744046688079834
439,2.230026960372925,-8.902276039123535
440,0.9897544384002686,-7.234761714935303
441,1.2513669729232788,-7.179574012756348
442,-7.386290550231934,3.34812593460083
443,1.617573618888855,-8.846404075622559
444,2.4718003273010254,-8.768195152282715
445,1.6550652980804443,-8.878142356872559
446,1.7060309648513794,-9.57528305053711
447,1.7695884704589844,-9.223062515258789
448,4.444636344909668,-10.138724327087402
449,1.756591796875,-9.091963768005371
450,1.2367560863494873,-8.615077018737793
451,1.6997483968734741,-9.223552703857422
452,1.6802523136138916,-9.286336898803711
453,2.4825823307037354,-10.014914512634277
454,-5.219840049743652,1.3622748851776123
455,2.0198020935058594,-8.688556671142578
456,1.7713381052017212,-9.237314224243164
457,0.241739884018898,-4.601152420043945
458,3.1614623069763184,-6.969639301300049
459,0.5331718921661377,-4.028744697570801
460,3.5600900650024414,-9.429892539978027
461,1.6865968704223633,-9.18942928314209
462,1.2627625465393066,-9.139362335205078
463,2.475891590118408,-9.250564575195312
464,11.962145805358887,-5.101964473724365
465,1.9551492929458618,-3.3305068016052246
466,1.7825056314468384,-9.13123607635498
467,-1.3923969268798828,-6.7639288902282715
468,1.8215243816375732,-9.117791175842285
469,1.701999545097351,-8.931084632873535
470,1.7511905431747437,-9.258289337158203
471,-1.3898261785507202,-4.4366984367370605
472,1.2659817934036255,-10.246207237243652
473,1.6969009637832642,-9.372540473937988
474,2.7037129402160645,-7.051153659820557
475,1.6242107152938843,-9.419515609741211
476,1.9003545045852661,-9.987581253051758
477,-0.22065530717372894,1.3421543836593628
478,1.7140220403671265,-9.142560005187988
479,-0.42463308572769165,1.0286697149276733
480,2.7436368465423584,-9.894293785095215
481,1.7684601545333862,-9.442537307739258
482,1.7167333364486694,-9.179814338684082
483,1.449241042137146,-9.345949172973633
484,1.6589852571487427,-9.24571418762207
485,1.7795194387435913,-9.205758094787598
486,1.4856165647506714,-5.865637302398682
487,1.7546643018722534,-9.439770698547363
488,1.73939049243927,-9.462763786315918
489,-0.46739622950553894,1.037030577659607
490,-1.923153042793274,1.1608357429504395
491,-6.018061637878418,-2.6145853996276855
492,2.3770203590393066,-4.6073317527771
493,1.7450661659240723,-8.965204238891602
494,1.6711701154708862,-9.37077522277832
495,1.6534247398376465,-9.218414306640625
496,1.7437154054641724,-9.392634391784668
497,1.746760368347168,-9.194283485412598
498,1.469116449356079,-10.333430290222168
499,1.7468901872634888,-9.525039672851562
500,-0.24956314265727997,1.2742050886154175
501,1.687425971031189,-9.39410400390625
502,1.6545093059539795,-9.211464881896973
503,1.740956425666809,-9.025690078735352
504,0.6127878427505493,-7.546435832977295
505,-0.2125519961118698,1.6426599025726318
506,1.7104295492172241,-9.20881175994873
507,2.633040428161621,-8.196638107299805
508,-0.9597901105880737,1.7761929035186768
509,-3.671584129333496,5.954181671142578
510,1.733567476272583,-9.060920715332031
511,1.7208572626113892,-9.230273246765137
512,2.1927919387817383,-8.883871078491211
513,0.5003054738044739,0.6292386054992676
514,1.6485909223556519,-9.287616729736328
515,1.6816210746765137,-9.253937721252441
516,1.7028703689575195,-8.089835166931152
517,-0.041506487876176834,-1.1042673587799072
518,-5.5324859619140625,5.9034647941589355
519,1.7840007543563843,-9.2847318649292
520,2.3626856803894043,-8.097286224365234
521,1.7829402685165405,-9.275629997253418
522,1.3223949670791626,-8.346851348876953
523,1.6890521049499512,-9.520536422729492
524,1.6933366060256958,-9.563557624816895
525,1.114973545074463,-6.325222969055176
526,1.6927508115768433,-9.182973861694336
527,0.7536475658416748,-8.860163688659668
528,1.5003267526626587,-8.599276542663574
529,1.7587605714797974,-9.237236022949219
530,1.617510437965393,-9.404889106750488
531,1.8220220804214478,-9.214423179626465
532,1.4173154830932617,-9.827411651611328
533,3.1034109592437744,-8.867659568786621
534,2.644382953643799,-7.550450801849365
535,1.750873327255249,-9.16718578338623
536,1.7744849920272827,-9.453974723815918
537,-0.1363498419523239,2.0773253440856934
538,0.7224692106246948,-7.458019733428955
539,1.6505306959152222,-9.162741661071777
540,1.775539517402649,-9.389923095703125
541,1.7664481401443481,-9.010689735412598
542,1.7694239616394043,-9.33212947845459
543,1.7722753286361694,-9.416479110717773
544,1.808137059211731,-9.203903198242188
545,-5.613282203674316,-4.545101642608643
546,1.6819034814834595,-7.623589038848877
547,1.7466567754745483,-9.568327903747559
548,2.0114922523498535,-8.103080749511719
549,1.6894583702087402,-9.200216293334961
550,5.514610290527344,-3.0264744758605957
551,1.6493512392044067,-9.370692253112793
552,1.8175915479660034,-9.230486869812012
553,1.745593547821045,-9.48452091217041
554,0.2052207887172699,1.9125559329986572
555,1.7469905614852905,-9.251800537109375
556,1.4523495435714722,-8.191287994384766
557,0.8964492082595825,-4.983301639556885
558,1.6970542669296265,-9.055500030517578
559,1.8062165975570679,-9.046226501464844
560,1.148290753364563,-2.9041500091552734
561,1.7901908159255981,-9.015531539916992
562,1.5363863706588745,-10.115480422973633
563,1.6679877042770386,-9.052857398986816
564,1.9219025373458862,-10.506478309631348
565,1.6740764379501343,-9.207449913024902
566,1.3528023958206177,-8.941370964050293
567,0.971570611000061,-7.022729396820068
568,1.7003099918365479,-9.005758285522461
569,1.7531410455703735,-9.536202430725098
570,0.8743966817855835,-1.9206860065460205
571,1.7239142656326294,-9.216064453125
572,1.7393907308578491,-9.405994415283203
573,1.7884601354599,-9.45113468170166
574,0.3439130187034607,1.3452107906341553
575,1.737833023071289,-9.381756782531738
576,1.7167701721191406,-8.977398872375488
577,1.394159197807312,-10.497830390930176
578,3.8853909969329834,-8.672087669372559
579,1.7340160608291626,-8.966238975524902
580,-2.421616554260254,0.7151264548301697
581,1.8135374784469604,-9.152193069458008
582,1.8587874174118042,-7.851224422454834
583,-2.462918519973755,-6.589793682098389
584,-0.35959258675575256,2.437312126159668
585,0.16186758875846863,2.516833782196045
586,-0.04494094476103783,-7.663271427154541
587,1.7403231859207153,-9.22288990020752
588,1.7021732330322266,-8.990433692932129
589,1.745646357536316,-8.960591316223145
590,1.7066463232040405,-9.594747543334961
591,1.694820523262024,-9.338445663452148
592,1.6679362058639526,-9.520161628723145
593,1.725713849067688,-8.804905891418457
594,-2.5908126831054688,6.202450275421143
595,1.6372727155685425,-7.847807884216309
596,0.14177343249320984,-3.211531639099121
597,1.7386530637741089,-9.565821647644043
598,1.1373027563095093,-9.002457618713379
599,1.68503737449646,-9.328628540039062
600,1.81202232837677,-9.05659008026123
601,1.7584136724472046,-9.620344161987305
602,1.675902009010315,-9.25191879272461
603,1.8538620471954346,-7.010753154754639
604,1.6699588298797607,-9.083420753479004
605,1.768319010734558,-9.545910835266113
606,2.2513632774353027,-8.412315368652344
607,2.859727382659912,-9.038991928100586
608,0.682515561580658,-4.108855724334717
609,-0.9273809194564819,-4.0475592613220215
610,1.7920629978179932,-9.045418739318848
611,1.2280646562576294,-9.484076499938965
612,-0.46904847025871277,1.8182189464569092
613,1.7628520727157593,-9.502035140991211
614,-0.7460180521011353,-3.074380874633789
615,8.281506538391113,-3.3805317878723145
616,1.8422855138778687,-10.528566360473633
617,0.12244617938995361,-6.878361225128174
618,1.7315365076065063,-9.28092098236084
619,-5.5877485275268555,-7.569438457489014
620,1.5265429019927979,-8.883271217346191
621,-1.2771364450454712,0.7082824110984802
622,1.705135703086853,-9.34937858581543
623,-5.05034065246582,-3.3129615783691406
624,1.7048946619033813,-9.391622543334961
625,1.640919804573059,-9.241085052490234
626,1.6510224342346191,-9.305951118469238
627,1.752069115638733,-9.22012710571289
628,1.9986566305160522,-2.1572251319885254
629,0.32171523571014404,-6.413374900817871
630,1.8061500787734985,-9.289840698242188
631,-0.7023283243179321,1.534061074256897
632,-0.6470078825950623,2.9507265090942383
633,2.3193085193634033,-6.165990352630615
634,1.8112785816192627,-9.252861022949219
635,0.028613511472940445,0.5864116549491882
636,1.6983063220977783,-9.482352256774902
637,-1.0600824356079102,-4.386608600616455
638,0.10498650372028351,-5.132779598236084
639,-0.5083100199699402,-2.6307408809661865
640,1.7097147703170776,-9.445305824279785
641,1.7003449201583862,-8.93574047088623
642,1.4213467836380005,-8.874155044555664
643,1.7131006717681885,-9.051953315734863
644,-0.8551961183547974,1.806290626525879
645,1.7010602951049805,-9.152944564819336
646,0.4677596986293793,-0.9162405729293823
647,1.770729899406433,-9.429340362548828
648,1.6535676717758179,-9.112622261047363
649,1.633032202720642,-9.508228302001953
650,-0.3633309006690979,1.1013182401657104
651,1.6835297346115112,-9.069039344787598
652,0.5896877646446228,-5.468496799468994
653,1.9985491037368774,-9.483755111694336
654,1.6669925451278687,-8.9865083694458
655,-1.4116358757019043,2.917144536972046
656,1.727050542831421,-9.172028541564941
657,2.3560550212860107,-6.6114373207092285
658,1.74250328540802,-10.091767311096191
659,2.0221238136291504,-8.638947486877441
660,0.4240979850292206,-9.533875465393066
661,1.5150038003921509,-1.2830346822738647
662,1.7307077646255493,-9.575310707092285
663,1.7967473268508911,-9.240199089050293
664,1.7037066221237183,-9.15152359008789
665,-6.597082138061523,-3.064732313156128
666,-0.4677998125553131,-4.882198810577393
667,1.6777520179748535,-9.415926933288574
668,1.758390188217163,-9.54273796081543
669,1.705119252204895,-9.04107666015625
670,1.4180089235305786,-8.168883323669434
671,1.6720064878463745,-9.131159782409668
672,0.626112699508667,-8.753987312316895
673,0.23652894794940948,1.257802963256836
674,1.762780785560608,-9.54163646697998
675,1.1191527843475342,-6.111052989959717
676,1.7466775178909302,-9.353913307189941
677,1.6612449884414673,-9.20860767364502
678,0.7527464628219604,-6.686046123504639
679,1.39426851272583,-8.469155311584473
680,-0.07697074115276337,0.7959736585617065
681,1.741341233253479,-9.054611206054688
682,1.7950063943862915,-9.254193305969238
683,0.5000801086425781,1.7503215074539185
684,1.7011594772338867,-9.158462524414062
685,1.6809743642807007,-9.391831398010254
686,-0.3234035074710846,1.9432933330535889
687,1.710680603981018,-9.205241203308105
688,1.7042440176010132,-9.556126594543457
689,1.7642062902450562,-9.187796592712402
690,5.710328102111816,-9.584477424621582
691,1.528097152709961,-6.335468769073486
692,0.5573706030845642,-4.237369060516357
693,-10.832863807678223,-1.4735651016235352
694,1.6950989961624146,-9.486318588256836
695,1.881618857383728,-10.066540718078613
696,1.7051374912261963,-9.552586555480957
697,2.7245326042175293,-7.122447490692139
698,1.9654021263122559,-5.113437175750732
699,-0.1504615694284439,2.2018606662750244
700,2.532186985015869,-7.37661075592041
701,1.666357398033142,-8.910625457763672
702,0.7010003328323364,-8.673005104064941
703,1.7157644033432007,-9.57296085357666
704,0.6611112952232361,2.889427661895752
705,1.6805672645568848,-8.990137100219727
706,1.4792321920394897,-6.814698696136475
707,1.7747102975845337,-9.38701343536377
708,1.7115745544433594,-9.255507469177246
709,1.7142084836959839,-9.098893165588379
710,1.7570735216140747,-9.122718811035156
711,1.7923431396484375,-9.146801948547363
712,1.7457653284072876,-9.112532615661621
713,0.948615312576294,-7.032898426055908
714,8.330342292785645,-5.293099880218506
715,2.24163556098938,-7.791812419891357
716,1.75578773021698,-9.103154182434082
717,1.6736828088760376,-9.50727367401123
718,0.8965408802032471,-8.292986869812012
719,1.7475837469100952,-8.55344009399414
720,-0.471364289522171,1.5116572380065918
721,-10.776942253112793,-13.08556079864502
722,7.117457389831543,-1.8351422548294067
723,-1.8346384763717651,1.9650483131408691
724,0.5442733764648438,-1.355489730834961
725,1.7488771677017212,-9.404526710510254
726,-3.834599494934082,-4.174694061279297
727,1.7659944295883179,-9.640673637390137
728,1.760412335395813,-9.348587036132812
729,1.665587306022644,-9.451506614685059
730,1.6739976406097412,-8.935470581054688
731,1.7645007371902466,-9.046813011169434
732,1.1666375398635864,-9.873254776000977
733,1.7539362907409668,-9.577313423156738
734,-9.196965217590332,-3.4413769245147705
735,2.795200824737549,-9.04047679901123
736,-8.21703815460205,-2.5022172927856445
737,1.6627219915390015,-9.42348575592041
738,1.617401123046875,-9.826749801635742
739,1.7852541208267212,-9.339160919189453
740,1.7709702253341675,-9.012553215026855
741,5.466856956481934,-9.103927612304688
742,2.5054705142974854,-6.794308662414551
743,1.7605222463607788,-8.484875679016113
744,1.2341352701187134,-8.014601707458496
745,2.05344295501709,-9.357070922851562
746,1.696315884590149,-9.574506759643555
747,1.7021631002426147,-9.102482795715332
748,1.2134134769439697,-9.135785102844238
749,1.7258129119873047,-9.006966590881348
750,-1.0562857389450073,0.7095355987548828
751,1.769253134727478,-9.658248901367188
752,1.414430022239685,-8.963906288146973
753,2.058591365814209,-8.911327362060547
754,0.24848978221416473,1.6889339685440063
755,-0.6390401721000671,1.0998034477233887
756,1.7594679594039917,-9.237038612365723
757,-1.664876103401184,-7.033204555511475
758,0.9432685375213623,-9.629107475280762
759,-4.443692207336426,2.0519073009490967
760,1.7258213758468628,-9.498066902160645
761,1.709567904472351,-9.3727388381958
762,-8.37478256225586,-2.2626748085021973
763,1.7636200189590454,-9.38943862915039
764,1.7098954916000366,-9.594155311584473
765,1.8025333881378174,-9.171324729919434
766,1.6582270860671997,-9.4672269821167
767,1.7613695859909058,-9.085433959960938
768,1.7134100198745728,-9.44104290008545
769,1.6806317567825317,-9.043981552124023
770,-0.17056865990161896,-3.4241769313812256
771,1.7387853860855103,-9.627564430236816
772,2.0300517082214355,-7.429754734039307
773,1.6756762266159058,-9.484026908874512
774,1.6578806638717651,-8.902565002441406
775,1.7055602073669434,-9.436685562133789
776,13.155187606811523,-2.2367336750030518
777,1.6668347120285034,-9.320720672607422
778,1.487392783164978,-7.941944599151611
779,-7.468027591705322,3.125131845474243
780,-0.4467744827270508,-7.378207683563232
781,1.7137171030044556,-9.210135459899902
782,1.492287278175354,-9.344436645507812
783,3.8532509803771973,-8.189682006835938
784,1.6621986627578735,-9.369275093078613
785,10.079174995422363,-4.102054119110107
786,1.5665212869644165,-0.7719965577125549
787,-0.2962026298046112,0.9787306785583496
788,-0.4353325068950653,0.9651898145675659
789,1.810937762260437,-9.185970306396484
790,1.6983393430709839,-9.093344688415527
791,-0.6249917149543762,1.702221155166626
792,1.7227318286895752,-9.022992134094238
793,1.7175334692001343,-9.523724555969238
794,1.6641473770141602,-9.319661140441895
795,1.6855140924453735,-9.113808631896973
796,1.6923844814300537,-9.42599105834961
797,2.13795804977417,-8.23831844329834
798,1.7904423475265503,-9.393776893615723
799,-3.525719165802002,-7.871747016906738
800,-0.035565655678510666,-4.548922061920166
801,1.6883924007415771,-9.291459083557129
802,1.7138608694076538,-9.574381828308105
803,1.7634223699569702,-9.520103454589844
804,1.664624571800232,-9.261178970336914
805,1.8863333463668823,-8.786213874816895
806,-0.1278235763311386,-0.12744703888893127
807,1.6571799516677856,-9.271761894226074
808,4.223201751708984,-8.798335075378418
809,-1.0835952758789062,-5.113119602203369
810,-13.459002494812012,-11.45620346069336
811,1.3273931741714478,-6.848386764526367
812,1.6663458347320557,-8.96387767791748
813,1.783072829246521,-9.250626564025879
814,1.7726904153823853,-9.353336334228516
815,1.7384756803512573,-9.22098445892334
816,2.468486785888672,-9.943309783935547
817,-16.81753158569336,-18.001577377319336
818,-10.277941703796387,-2.0261118412017822
819,1.7814735174179077,-9.406322479248047
820,1.6384165287017822,-9.444987297058105
821,-9.125959396362305,-1.7582318782806396
822,2.7235050201416016,-9.936389923095703
823,1.7494779825210571,-9.310980796813965
824,1.69227135181427,-9.15760326385498
825,1.0977171659469604,-1.7563987970352173
826,1.9346710443496704,-9.812084197998047
827,1.7788251638412476,-9.024673461914062
828,1.8260058164596558,-9.679232597351074
829,1.7281643152236938,-9.602612495422363
830,-0.540432333946228,2.096889019012451
831,1.7653874158859253,-9.482404708862305
832,-4.418564796447754,-4.311252117156982
833,1.665913701057434,-9.494592666625977
834,1.632116675376892,-9.430153846740723
835,1.3568912744522095,-9.759376525878906
836,1.7847803831100464,-9.42398738861084
837,1.6918542385101318,-9.549334526062012
838,1.7821815013885498,-9.067742347717285
839,0.12073157727718353,-7.1428961753845215
840,1.7772388458251953,-9.492599487304688
841,1.7059329748153687,-9.33356761932373
842,1.7637567520141602,-8.983878135681152
843,1.6719568967819214,-9.100997924804688
844,-0.26644477248191833,2.4425954818725586
845,1.6660429239273071,-8.882923126220703
846,1.6759308576583862,-9.540584564208984
847,9.682487487792969,-3.0069730281829834
848,1.6991852521896362,-9.38247013092041
849,1.6331225633621216,-9.37646198272705
850,-0.314175546169281,-3.0619864463806152
851,5.007768154144287,-7.533813953399658
852,1.0922828912734985,-9.972407341003418
853,1.8708528280258179,-8.676819801330566
854,3.3343639373779297,-8.530421257019043
855,1.70350182056427,-9.256325721740723
856,1.6847234964370728,-9.46915340423584
857,0.704207181930542,-6.326436996459961
858,-0.18403363227844238,1.4384386539459229
859,1.7317301034927368,-9.477869987487793
860,1.7139328718185425,-9.520484924316406
861,1.6861228942871094,-9.439658164978027
862,1.6642705202102661,-9.028983116149902
863,1.2688573598861694,-5.887350559234619
864,1.7245416641235352,-10.35067081451416
865,1.647579312324524,-9.273526191711426
866,1.6780065298080444,-9.29003620147705
867,1.8087559938430786,-9.357354164123535
868,1.7671672105789185,-9.652880668640137
869,1.7358372211456299,-9.54299545288086
870,1.7534297704696655,-9.274683952331543
871,1.4316378831863403,-6.932262897491455
872,1.678085207939148,-9.287772178649902
873,1.533310055732727,-8.905682563781738
874,1.7719205617904663,-9.039557456970215
875,2.183525800704956,-6.353587627410889
876,1.76978600025177,-9.454298973083496
877,1.6581411361694336,-9.1897554397583
878,1.4705954790115356,-9.085078239440918
879,1.7618788480758667,-9.591645240783691
880,1.8650059700012207,-9.103734016418457
881,1.4853681325912476,-9.505614280700684
882,1.6809338331222534,-9.545268058776855
883,0.672356367111206,2.509230136871338
884,1.9869495630264282,-8.61427116394043
885,1.5065052509307861,-8.10970687866211
886,-0.14652542769908905,2.4313087463378906
887,1.6363378763198853,-9.302496910095215
888,1.6499041318893433,-9.315020561218262
889,-2.5220212936401367,-5.548704624176025
890,8.681120872497559,-5.808846950531006
891,1.7703865766525269,-9.182164192199707
892,1.7155519723892212,-9.219109535217285
893,-13.815314292907715,-11.196215629577637
894,1.7030224800109863,-8.695952415466309
895,2.831892728805542,-8.82109260559082
896,1.3218061923980713,-9.035298347473145
897,6.345489501953125,-5.673729419708252
898,1.7747591733932495,-9.012895584106445
899,1.0354069471359253,-10.038534164428711
900,1.7547937631607056,-9.646456718444824
901,1.9276604652404785,-8.01099681854248
902,6.144747734069824,-8.31956958770752
903,1.789331316947937,-9.396706581115723
904,-13.29267406463623,-15.26877498626709
905,3.531252861022949,-7.244690418243408
906,1.9750059843063354,-7.192705154418945
907,-0.0980149656534195,0.8351646065711975
908,1.8234502077102661,-9.162670135498047
909,2.199247360229492,-9.117897987365723
910,1.8027960062026978,-9.19676399230957
911,2.8641245365142822,-8.669901847839355
912,1.6270047426223755,-9.481438636779785
913,1.7432457208633423,-8.35425853729248
914,2.5711288452148438,-8.297223091125488
915,1.9119874238967896,-8.629798889160156
916,1.7169548273086548,-9.163272857666016
917,1.3220362663269043,-4.922495365142822
918,1.668344259262085,-9.384708404541016
919,1.568890929222107,-8.470030784606934
920,1.7643507719039917,-9.075995445251465
921,1.6375441551208496,-9.420236587524414
922,1.7275949716567993,-8.954583168029785
923,2.601343870162964,-8.795332908630371
924,1.6807500123977661,-9.422987937927246
925,1.705445647239685,-9.524022102355957
926,1.7942599058151245,-9.389145851135254
927,1.7827650308609009,-9.40904426574707
928,0.021573621779680252,-6.2555460929870605
929,1.4938709735870361,-7.7081618309021
930,3.4187350273132324,-9.559069633483887
931,1.6535025835037231,-9.53342056274414
932,-0.2044474333524704,1.6160348653793335
933,1.7908474206924438,-9.12137508392334
934,1.6901012659072876,-8.97065544128418
935,1.7376011610031128,-9.28914737701416
936,-9.152446746826172,0.7181442975997925
937,-0.27740466594696045,1.0242316722869873
938,-0.1464695781469345,1.391046166419983
939,1.6463638544082642,-9.234077453613281
940,1.7278423309326172,-9.45563793182373
941,1.7453643083572388,-9.628311157226562
942,0.971747636795044,-7.3837480545043945
943,1.767747163772583,-11.181406021118164
944,1.6638556718826294,-9.441817283630371
945,1.7669426202774048,-9.07218074798584
946,2.1233787536621094,-6.688259601593018
947,-0.8328897356987,1.2459800243377686
948,1.6684647798538208,-9.49899673461914
949,1.4021745920181274,-6.8919501304626465
950,1.9242570400238037,-10.222617149353027
951,-0.16181690990924835,1.391553521156311
952,3.948049545288086,-9.056609153747559
953,-0.33391761779785156,2.677968978881836
954,1.7694283723831177,-9.557028770446777
955,1.5290013551712036,-5.381039619445801
956,1.7213438749313354,-9.1175537109375
957,0.3960821032524109,-7.142963409423828
958,1.4721640348434448,-2.7096056938171387
959,1.6987448930740356,-9.56110954284668
960,1.5228180885314941,-9.427750587463379
961,1.7353407144546509,-9.10473918914795
962,1.7590266466140747,-9.351649284362793
963,1.7866075038909912,-9.139382362365723
964,0.164358451962471,1.0477280616760254
965,1.7442337274551392,-9.474566459655762
966,3.5145182609558105,-7.530263423919678
967,1.7151718139648438,-9.116789817810059
968,0.2020256072282791,-6.61320686340332
969,1.695982575416565,-9.076926231384277
970,1.7911169528961182,-9.438182830810547
971,1.7214192152023315,-9.207366943359375
972,1.7333050966262817,-9.219314575195312
973,5.249936103820801,5.3916449546813965
974,1.542260766029358,-11.03770923614502
975,4.28765869140625,-8.891565322875977
976,1.3133152723312378,-4.235530376434326
977,-0.111589714884758,0.8485147953033447
978,-0.2142506092786789,2.3141984939575195
979,1.7374910116195679,-9.626686096191406
980,1.7216945886611938,-9.208483695983887
981,-0.2574298679828644,1.8903130292892456
982,1.7284852266311646,-9.353241920471191
983,1.7269858121871948,-9.613202095031738
984,3.279369831085205,-10.26302433013916
985,1.8101154565811157,-9.134156227111816
986,1.816487431526184,-9.528420448303223
987,1.6746550798416138,-9.154187202453613
988,1.6706453561782837,-9.117924690246582
989,1.7355130910873413,-8.955212593078613
990,1.7075796127319336,-9.229832649230957
991,1.6478601694107056,-9.509577751159668
992,1.4880415201187134,-9.053139686584473
993,2.0752906799316406,-9.033757209777832
994,4.064683437347412,-9.47654914855957
995,2.554306983947754,-9.049054145812988
996,1.7397829294204712,-9.081045150756836
997,1.685328483581543,-9.081342697143555
998,1.7138117551803589,-9.189520835876465
999,1.8286473751068115,-9.119495391845703
1000,1.6097760200500488,-9.337838172912598
1001,1.7608176469802856,-9.33983325958252
1002,-2.5124130249023438,6.046417713165283
1003,-3.5766048431396484,-5.363009929656982
1004,1.7005788087844849,-9.428083419799805
1005,1.7960206270217896,-9.300728797912598
1006,1.017759919166565,-9.229822158813477
1007,1.7882945537567139,-9.470891952514648
1008,1.7516347169876099,-9.185519218444824
1009,0.2696571350097656,-6.925052165985107
1010,1.2226327657699585,-3.5481772422790527
1011,1.699649691581726,-9.120516777038574
1012,1.769709587097168,-9.56434154510498
1013,2.93454647064209,-6.756314277648926
1014,1.8071297407150269,-9.061785697937012
1015,1.778798222541809,-9.293509483337402
1016,1.657220482826233,-9.235516548156738
1017,1.6364877223968506,-9.448868751525879
1018,1.8645397424697876,-10.458029747009277
1019,-0.7588226795196533,0.10614755004644394
1020,1.747740387916565,-9.55347728729248
1021,1.8032457828521729,-9.266249656677246
1022,1.7044214010238647,-9.450982093811035
1023,-3.8501529693603516,-7.259326457977295
1024,1.6946207284927368,-9.439835548400879
1025,-0.5599346160888672,-7.768542289733887
1026,2.212003707885742,-6.691722393035889
1027,1.7680370807647705,-9.53219223022461
1028,1.596016764640808,-4.793961524963379
1029,1.5943504571914673,-9.702309608459473
1030,1.6958152055740356,-9.341757774353027
1031,1.7963833808898926,-9.139806747436523
1032,1.741226077079773,-9.36251449584961
1033,13.777055740356445,-3.316697835922241
1034,-10.777239799499512,-2.304955005645752
1035,1.658395767211914,-9.454345703125
1036,1.3711789846420288,-8.504742622375488
1037,1.705751657485962,-8.579354286193848
1038,4.559555530548096,-9.504294395446777
1039,0.21579107642173767,-9.27677059173584
1040,1.71896493434906,-9.303746223449707
1041,-13.80227279663086,-15.883024215698242
1042,1.7237427234649658,-9.491090774536133
1043,1.7671756744384766,-9.141242027282715
1044,1.7684177160263062,-9.181031227111816
1045,1.7650208473205566,-9.205109596252441
1046,1.789793610572815,-9.537403106689453
1047,1.721974492073059,-9.414542198181152
1048,1.68514883518219,-9.467350959777832
1049,2.7538304328918457,-9.352508544921875
1050,1.7156552076339722,-9.09989070892334
1051,1.7204867601394653,-9.481246948242188
1052,1.717596173286438,-9.229361534118652
1053,3.595968246459961,-10.071677207946777
1054,0.658018171787262,-7.734705448150635
1055,1.7493699789047241,-9.234736442565918
1056,-5.5074896812438965,2.006580352783203
1057,2.8957929611206055,-3.1458985805511475
1058,1.7699638605117798,-9.257305145263672
1059,1.3915964365005493,-6.609344959259033
1060,1.6564857959747314,-9.457100868225098
1061,1.6613588333129883,-5.4413676261901855
1062,1.7636913061141968,-9.283308029174805
1063,1.7570019960403442,-9.473184585571289
1064,1.756628394126892,-9.254520416259766
1065,1.16474187374115,-5.7112812995910645
1066,1.8075177669525146,-9.307537078857422
1067,2.6541075706481934,-8.714826583862305
1068,9.16448974609375,-1.9977670907974243
1069,1.7195913791656494,-9.574207305908203
1070,-3.7597427368164062,-3.3554983139038086
1071,1.9588172435760498,-9.42315673828125
1072,0.18357090651988983,-3.4254629611968994
1073,1.6657462120056152,-8.977737426757812
1074,1.764011263847351,-9.44111442565918
1075,0.6820774078369141,-4.393544673919678
1076,-7.297613620758057,-3.0023093223571777
1077,-4.679781913757324,-2.253605604171753
1078,2.201751947402954,-10.018258094787598
1079,-0.09409990906715393,0.9180713891983032
1080,1.7251369953155518,-9.10820198059082
1081,-0.7328303456306458,1.5497797727584839
1082,1.7411363124847412,-9.13499927520752
1083,1.7548463344573975,-9.267943382263184
1084,2.142159938812256,-8.900749206542969
1085,1.7345937490463257,-9.391199111938477
1086,3.963993549346924,-6.966891765594482
1087,1.685794472694397,-9.030179023742676
1088,1.688233733177185,-9.478660583496094
1089,3.1182703971862793,-0.39590370655059814
1090,-0.3783647119998932,2.900219440460205
1091,1.7390782833099365,-9.165045738220215
1092,0.4384295642375946,1.607710838317871
1093,1.6768513917922974,-8.930184364318848
1094,1.6868784427642822,-9.215460777282715
1095,1.6488105058670044,-9.421635627746582
1096,1.6601213216781616,-9.318831443786621
1097,1.7265926599502563,-9.281615257263184
1098,1.7743343114852905,-9.362225532531738
1099,2.1190154552459717,-8.85153579711914
1100,1.5499523878097534,-9.462691307067871
1101,0.16695138812065125,-1.166686773300171
1102,1.131197214126587,2.5356943607330322
1103,-0.942024827003479,-6.4356207847595215
1104,1.9048142433166504,-9.957358360290527
1105,-12.458416938781738,-6.040363788604736
1106,1.6544109582901,-9.290705680847168
1107,3.017251968383789,-7.032845973968506
1108,-0.31541934609413147,2.5763401985168457
1109,-0.16259394586086273,1.7456085681915283
1110,1.7547298669815063,-9.638148307800293
1111,1.7930678129196167,-8.863747596740723
1112,1.7220021486282349,-9.072766304016113
1113,1.8155747652053833,-9.745720863342285
1114,1.7681442499160767,-9.017861366271973
1115,1.7477723360061646,-9.192105293273926
1116,1.7594012022018433,-9.090221405029297
1117,1.166340708732605,-8.6943941116333
1118,0.5562160015106201,-9.950100898742676
1119,1.6878045797348022,-7.1350297927856445
1120,1.717253565788269,-9.288073539733887
1121,-2.5493948459625244,-9.175172805786133
1122,1.744787335395813,-9.215897560119629
1123,2.8605668544769287,-9.522814750671387
1124,1.7771724462509155,-9.5987548828125
1125,1.6461676359176636,-9.28116512298584
1126,1.573180079460144,-9.041419982910156
1127,1.7721617221832275,-9.299083709716797
1128,0.6636655926704407,-5.706213474273682
1129,1.6901402473449707,-9.014211654663086
1130,0.4706279933452606,-6.4064412117004395
1131,1.6618731021881104,-9.01590347290039
1132,1.7984899282455444,-9.417399406433105
1133,-1.6873468160629272,-9.312487602233887
1134,-0.20869354903697968,1.641650915145874
1135,1.4843670129776,-9.632405281066895
1136,1.7006102800369263,-9.34124755859375
1137,0.7429906725883484,-9.30057144165039
1138,1.6648622751235962,-8.973922729492188
1139,1.789498209953308,-9.286274909973145
1140,1.7488270998001099,-9.188186645507812
1141,1.8051172494888306,-9.059279441833496
1142,1.6708847284317017,-9.135666847229004
1143,1.7552942037582397,-9.23277759552002
1144,1.644865870475769,-9.412531852722168
1145,2.9916927814483643,-6.955684185028076
1146,1.6945151090621948,-9.12851333618164
1147,5.598816394805908,-8.643614768981934
1148,1.7379871606826782,-9.096814155578613
1149,1.7500478029251099,-9.147544860839844
1150,1.6603413820266724,-9.18455982208252
1151,1.5498814582824707,-8.8106107711792
1152,-0.7676791548728943,1.8522942066192627
1153,1.587177038192749,-9.623973846435547
1154,-7.422652244567871,-2.6813225746154785
1155,1.7355616092681885,-9.170730590820312
1156,1.7408723831176758,-9.458205223083496
1157,-0.8375229835510254,0.7995620965957642
1158,1.6920298337936401,-9.213189125061035
1159,1.4675058126449585,-6.148941993713379
1160,1.6803089380264282,-8.961679458618164
1161,2.767426013946533,-8.82822322845459
1162,-0.10249797999858856,1.420353651046753
1163,1.6997238397598267,-9.710585594177246
1164,-8.534183502197266,-3.835432291030884
1165,0.2591036260128021,-7.802425861358643
1166,1.727254867553711,-9.586350440979004
1167,-1.048635482788086,0.6453812122344971
1168,1.7397249937057495,-8.980184555053711
1169,-4.318202018737793,-4.482809066772461
1170,1.772044062614441,-8.359853744506836
1171,1.3470101356506348,-8.843269348144531
1172,3.718726396560669,-9.712830543518066
1173,2.883043050765991,-9.92674446105957
1174,-0.3030090630054474,0.814836859703064
1175,1.7560893297195435,-9.475994110107422
1176,0.9173324108123779,-8.897977828979492
1177,-0.416963666677475,1.5648207664489746
1178,1.718878984451294,-9.217657089233398
1179,1.7156721353530884,-9.508414268493652
1180,2.648470401763916,-8.887885093688965
1181,3.7452759742736816,-9.637296676635742
1182,1.7903515100479126,-9.1217041015625
1183,1.8556686639785767,-9.788023948669434
1184,1.7505743503570557,-9.074007034301758
1185,1.7295812368392944,-9.053550720214844
1186,1.6199501752853394,-9.581730842590332
1187,-8.627028465270996,5.79967737197876
1188,-0.2875307500362396,1.1749461889266968
1189,1.7528289556503296,-9.521224021911621
1190,-0.26154887676239014,2.489501476287842
1191,1.5104938745498657,-9.50862979888916
1192,1.778412938117981,-9.305273056030273
1193,-9.052573204040527,-3.709311008453369
1194,3.3430864810943604,-7.519618511199951
1195,1.7083135843276978,-9.250194549560547
1196,1.9442344903945923,-8.501773834228516
1197,-1.298940896987915,1.787477731704712
1198,4.594844818115234,-8.990039825439453
1199,1.7216647863388062,-9.194372177124023
1200,1.7487837076187134,-9.28242301940918
1201,1.761208415031433,-9.199012756347656
1202,1.7836185693740845,-9.350653648376465
1203,1.733209252357483,-9.316807746887207
1204,0.9996204376220703,-9.245622634887695
1205,1.7924546003341675,-9.248367309570312
1206,1.4154983758926392,-10.007988929748535
1207,1.7104142904281616,-9.117426872253418
1208,2.0807571411132812,-10.365839958190918
1209,0.5295239090919495,-7.349225044250488
1210,7.160885810852051,-3.629462242126465
1211,-6.915996551513672,-2.6739861965179443
1212,1.7713111639022827,-9.632960319519043
1213,1.7482515573501587,-9.416483879089355
1214,-0.005409654229879379,1.1411062479019165
1215,1.762996792793274,-9.63162899017334
1216,1.259007215499878,-9.16481876373291
1217,1.94560706615448,-9.40349292755127
1218,1.717126727104187,-9.579752922058105
1219,1.6825921535491943,-9.567702293395996
1220,1.6428598165512085,-9.255769729614258
1221,1.3942967653274536,-8.8630952835083
1222,1.6544331312179565,-9.279955863952637
1223,1.7618530988693237,-9.15782356262207
1224,1.846366286277771,-9.40569019317627
1225,1.7027431726455688,-9.141639709472656
1226,1.803490400314331,-9.354413986206055
1227,1.6139795780181885,-9.791890144348145
1228,2.4105873107910156,-9.778385162353516
1229,1.7790669202804565,-9.318257331848145
1230,1.7163602113723755,-9.555195808410645
1231,2.656679630279541,-8.560057640075684
1232,1.7846213579177856,-9.109353065490723
1233,2.359672784805298,-7.096985340118408
1234,1.3672289848327637,-5.450449466705322
1235,1.5159200429916382,-7.708899021148682
1236,1.8086967468261719,-9.167474746704102
1237,1.6461678743362427,-9.406413078308105
1238,1.92402184009552,-10.046343803405762
1239,1.3810908794403076,-7.828951358795166
1240,1.6400301456451416,-9.275599479675293
1241,7.319478988647461,-5.949356555938721
1242,7.181232452392578,-3.3317036628723145
1243,-5.1065778732299805,-4.599931240081787
1244,4.806434154510498,-8.646245956420898
1245,1.951158046722412,-3.86683988571167
1246,1.2243772745132446,-8.353515625
1247,1.694534182548523,-5.5847368240356445
1248,1.7115989923477173,-9.07705020904541
1249,-1.6453417539596558,-3.6880102157592773
1250,1.7584093809127808,-9.005372047424316
1251,1.7308183908462524,-8.858363151550293
1252,1.6613436937332153,-9.025522232055664
1253,1.8051954507827759,-10.60196304321289
1254,0.9756949543952942,-9.994257926940918
1255,1.6574572324752808,-9.09009838104248
1256,1.9637395143508911,-9.06615924835205
1257,0.6674280762672424,-5.901199817657471
1258,1.6485629081726074,-8.888054847717285
1259,1.3649297952651978,-9.079858779907227
1260,2.222163200378418,-5.149862766265869
1261,1.7269662618637085,-9.359776496887207
1262,3.12553071975708,-7.7580952644348145
1263,-7.069476127624512,-2.016164541244507
1264,2.4676718711853027,-8.562477111816406
1265,1.7772117853164673,-9.138945579528809
1266,1.686301827430725,-9.17137622833252
1267,1.7282499074935913,-9.367523193359375
1268,1.6621878147125244,-9.26827335357666
1269,1.667190432548523,-1.3280925750732422
1270,1.755630373954773,-9.449830055236816
1271,1.669869065284729,-9.305989265441895
1272,1.6824650764465332,-9.464916229248047
1273,1.6872140169143677,-9.463244438171387
1274,1.7471059560775757,-9.438647270202637
1275,1.791976809501648,-9.331568717956543
1276,1.7818905115127563,-9.569912910461426
1277,1.6404765844345093,-9.274361610412598
1278,2.080876111984253,-8.52047061920166
1279,0.3035205900669098,-5.9690327644348145
1280,1.7821015119552612,-8.304239273071289
1281,1.7471529245376587,-9.924293518066406
1282,0.9637599587440491,-4.82798433303833
1283,1.5224411487579346,-4.735661029815674
1284,1.6361875534057617,-9.348647117614746
1285,1.7585484981536865,-9.073271751403809
1286,1.8532212972640991,-9.025516510009766
1287,-0.037218060344457626,0.5766911506652832
1288,1.6915035247802734,-9.449479103088379
1289,1.6927059888839722,-9.140095710754395
1290,0.8332822322845459,-7.9525980949401855
1291,11.4647216796875,-5.003725528717041
1292,4.8566718101501465,-8.644165992736816
1293,1.7235954999923706,-9.538121223449707
1294,-0.02634258195757866,2.7669973373413086
1295,-12.561543464660645,1.5042511224746704
1296,1.7501991987228394,-9.234829902648926
1297,1.7124313116073608,-9.422037124633789
1298,-0.8088539838790894,0.81195467710495
1299,1.680666446685791,-9.083596229553223
1300,1.6733715534210205,-9.25382137298584
1301,1.6746383905410767,-9.515172004699707
1302,1.7470678091049194,-9.135363578796387
1303,-3.217026948928833,3.0853965282440186
1304,1.5858319997787476,-8.742453575134277
1305,-0.6740155220031738,1.295487642288208
1306,1.6977330446243286,-9.029369354248047
1307,1.7876404523849487,-9.132628440856934
1308,8.41561508178711,-3.4460692405700684
1309,1.6474541425704956,-9.495583534240723
1310,1.3933688402175903,-8.023802757263184
1311,1.705642580986023,-9.012757301330566
1312,1.5924850702285767,-9.324868202209473
1313,2.5365753173828125,-4.821897029876709
1314,1.8031927347183228,-9.130538940429688
1315,1.496347188949585,-9.819622993469238
1316,1.7997468709945679,-9.206908226013184
1317,-0.39795467257499695,1.0502686500549316
1318,1.6826766729354858,-9.546746253967285
1319,1.6898797750473022,-9.402481079101562
1320,1.67585289478302,-8.91232681274414
1321,1.6800280809402466,-9.2470121383667
1322,-4.928671836853027,-2.008629322052002
1323,1.4942435026168823,-8.72635269165039
1324,1.6516573429107666,-9.49500560760498
1325,9.332127571105957,-1.702628493309021
1326,1.8052483797073364,-9.33773136138916
1327,-7.684698104858398,3.580331563949585
1328,1.6850754022598267,-9.1719388961792
1329,-0.039732675999403,1.5465235710144043
1330,1.729005217552185,-9.523758888244629
1331,-2.747584342956543,-4.624203681945801
1332,1.5325160026550293,-9.596322059631348
1333,-0.9634451866149902,-4.4778876304626465
1334,1.7888199090957642,-9.068957328796387
1335,-4.292255401611328,-3.59806489944458
1336,1.6739405393600464,-9.240201950073242
1337,1.7816373109817505,-9.04782772064209
1338,1.1233538389205933,0.044573210179805756
1339,1.7142523527145386,-9.331940650939941
1340,3.9004385471343994,-9.50528335571289
1341,1.794891119003296,-9.031883239746094
1342,1.6779483556747437,-9.426461219787598
1343,1.757611632347107,-9.427558898925781
1344,0.37556639313697815,-4.661552906036377
1345,1.815771222114563,-9.272307395935059
1346,1.5645736455917358,-8.842745780944824
1347,4.980053901672363,-9.52407169342041
1348,11.896398544311523,-3.1917662620544434
1349,1.6881564855575562,-9.079201698303223
1350,1.6976655721664429,-9.097845077514648
1351,1.7428849935531616,-9.429105758666992
1352,2.086467981338501,-9.662384033203125
1353,1.710892915725708,-8.897058486938477
1354,1.6859458684921265,-9.08252239227295
1355,0.3247368335723877,0.3092774450778961
1356,1.7145525217056274,-9.56652545928955
1357,1.768717885017395,-9.238390922546387
1358,1.0940176248550415,-1.4184596538543701
1359,1.7408231496810913,-9.526726722717285
1360,1.731075644493103,-9.232807159423828
1361,0.16780413687229156,-4.369516849517822
1362,-1.244486927986145,-6.068301200866699
1363,2.7342641353607178,-7.310134410858154
1364,-0.09063218533992767,2.7085883617401123
1365,1.6789153814315796,-9.45057201385498
1366,1.6913554668426514,-9.573809623718262
1367,1.705363154411316,-9.43807315826416
1368,-1.5703388452529907,-5.872303009033203
1369,1.6579005718231201,-9.109957695007324
1370,1.667084813117981,-9.510313987731934
1371,1.7575727701187134,-9.440611839294434
1372,1.7944362163543701,-9.446959495544434
1373,-1.6132665872573853,3.855085849761963
1374,1.51543128490448,-10.33821964263916
1375,1.6339256763458252,-9.501019477844238
1376,1.6845647096633911,-9.292182922363281
1377,-0.2124382108449936,-8.181378364562988
1378,1.9829086065292358,-8.876025199890137
1379,1.4659444093704224,-6.032027721405029
1380,1.8157709836959839,-9.275992393493652
1381,0.924286961555481,-8.022100448608398
1382,1.7732175588607788,-9.524845123291016
1383,1.7107168436050415,-9.315130233764648
1384,1.7472373247146606,-9.010931015014648
1385,1.6813342571258545,-9.53842544555664
1386,1.723786473274231,-9.575577735900879
1387,1.5883861780166626,-9.159823417663574
1388,1.6576701402664185,-9.53393268585205
1389,1.7804210186004639,-9.612595558166504
1390,1.713215708732605,-8.855704307556152
1391,1.411599040031433,-9.277709007263184
1392,-13.069098472595215,-2.800309181213379
1393,1.8140478134155273,-9.086821556091309
1394,1.7887603044509888,-9.215782165527344
1395,-0.8128108978271484,0.7383838891983032
1396,1.6470164060592651,-9.34383487701416
1397,1.679768443107605,-9.02738094329834
1398,1.792580485343933,-9.315577507019043
1399,0.6397233009338379,-1.0000360012054443
1400,2.375824213027954,-8.738375663757324
1401,-0.6000515222549438,-0.2704137861728668
1402,5.001173973083496,-8.140575408935547
1403,1.6827436685562134,-9.31917667388916
1404,1.7022253274917603,-8.983967781066895
1405,1.6777864694595337,-9.117278099060059
1406,-6.017409324645996,-3.452208995819092
1407,3.092914581298828,-8.925650596618652
1408,1.7038666009902954,-9.247117042541504
1409,0.3372097313404083,-2.4800755977630615
1410,1.2924333810806274,-7.8059916496276855
1411,1.6182795763015747,-8.54818058013916
1412,1.7054566144943237,-9.175966262817383
1413,1.0554300546646118,-5.92694616317749
1414,1.7964835166931152,-9.154106140136719
1415,1.6556874513626099,-9.493969917297363
1416,7.034385681152344,-0.6163939833641052
1417,-2.8726646900177,-3.3766708374023438
1418,1.4343855381011963,-8.099732398986816
1419,-0.6422557234764099,1.3484210968017578
1420,1.6841474771499634,-8.984625816345215
1421,0.359576940536499,-9.280341148376465
1422,-1.6887301206588745,-4.008276462554932
1423,1.585485577583313,-8.665949821472168
1424,1.630668044090271,-10.12680721282959
1425,-0.37137600779533386,0.6945364475250244
1426,2.4982855319976807,-9.475362777709961
1427,1.8063637018203735,-9.37940788269043
1428,1.7381727695465088,-9.265299797058105
1429,1.7549399137496948,-9.003296852111816
1430,1.7048660516738892,-9.479693412780762
1431,1.6531256437301636,-9.348662376403809
1432,3.636828660964966,-8.049164772033691
1433,0.700023353099823,-6.854160785675049
1434,-6.415392875671387,-2.861495018005371
1435,1.7343555688858032,-9.261276245117188
1436,1.7321709394454956,-9.022459983825684
1437,2.5342049598693848,-8.48820686340332
1438,0.4833275377750397,-7.024219989776611
1439,1.7018579244613647,-9.104186058044434
1440,3.061509132385254,-2.7058091163635254
1441,3.559842348098755,-9.857978820800781
1442,1.6657462120056152,-8.9693021774292
1443,1.7927621603012085,-9.430099487304688
1444,1.7609244585037231,-9.406766891479492
1445,-2.06596040725708,-5.340043067932129
1446,1.7475173473358154,-9.035149574279785
1447,1.8265217542648315,-9.085590362548828
1448,1.805828332901001,-9.341706275939941
1449,2.962773323059082,-9.047774314880371
1450,1.9200692176818848,-7.865886211395264
1451,0.9799349308013916,-9.234747886657715
1452,1.5417510271072388,-8.808895111083984
1453,1.705971121788025,-8.944756507873535
1454,1.7280535697937012,-9.095161437988281
1455,1.792611002922058,-9.423944473266602
1456,1.7553653717041016,-9.53852367401123
1457,1.573190450668335,-3.7031872272491455
1458,1.8787992000579834,-10.259779930114746
1459,1.7105783224105835,-9.291749000549316
1460,0.6220417618751526,-4.101743221282959
1461,1.1825997829437256,-8.220975875854492
1462,1.7271525859832764,-9.600311279296875
1463,0.9791423082351685,-8.425802230834961
1464,1.9527654647827148,-3.2187554836273193
1465,-0.5177936553955078,1.230644941329956
1466,2.0963830947875977,-7.245260715484619
1467,1.7550305128097534,-9.12699031829834
1468,0.4651114046573639,1.7978047132492065
1469,1.784421443939209,-9.21318244934082
1470,1.733695387840271,-9.006697654724121
1471,1.5617074966430664,-8.926948547363281
1472,0.484756737947464,-6.650643825531006
1473,1.7645879983901978,-9.382462501525879
1474,-0.20799757540225983,-7.861453533172607
1475,-4.3955302238464355,-3.076190233230591
1476,-0.6688454151153564,1.6207960844039917
1477,1.6934093236923218,-9.205619812011719
1478,1.2073898315429688,0.9195572137832642
1479,-7.904619216918945,-2.830693244934082
1480,2.5298280715942383,-8.729704856872559
1481,3.068415641784668,-8.346104621887207
1482,3.8066320419311523,-8.958876609802246
1483,1.6722062826156616,-9.38294506072998
1484,-8.32688045501709,-2.9788641929626465
1485,2.740525722503662,-3.1308491230010986
1486,1.4755171537399292,-4.578462600708008
1487,1.7317262887954712,-9.388154029846191
1488,1.7498279809951782,-9.506948471069336
1489,1.5189439058303833,-7.461958408355713
1490,1.730615258216858,-9.085227012634277
1491,1.6702262163162231,-8.9984712600708
1492,-0.27919068932533264,1.518208622932434
1493,1.6717263460159302,-9.430660247802734
1494,1.7672569751739502,-9.637120246887207
1495,1.6924389600753784,-8.942484855651855
1496,1.747119665145874,-9.561480522155762
1497,0.8783203959465027,-7.8346171379089355
1498,1.3350017070770264,-4.226664066314697
1499,1.8097702264785767,-9.100537300109863
1500,1.7863727807998657,-9.199235916137695
1501,0.8495351076126099,-3.359736442565918
1502,1.7187281847000122,-9.52006721496582
1503,1.7960704565048218,-9.207414627075195
1504,1.7284748554229736,-2.5451443195343018
1505,1.6995657682418823,-9.346351623535156
1506,1.5900981426239014,-5.808556079864502
1507,1.655784249305725,-9.403508186340332
1508,1.6781569719314575,-9.4136381149292
1509,1.7712371349334717,-9.411439895629883
1510,1.7399625778198242,-9.409615516662598
1511,1.6741992235183716,-9.06360149383545
1512,1.764422059059143,-9.468049049377441
1513,1.726730227470398,-8.98834228515625
1514,2.6683614253997803,-5.63915491104126
1515,1.4444607496261597,-8.935196876525879
1516,1.406566858291626,-9.098969459533691
1517,1.6771494150161743,-9.220979690551758
1518,-0.3927944302558899,0.891972541809082
1519,1.6374460458755493,-9.476485252380371
1520,1.7481580972671509,-9.070589065551758
1521,5.269125938415527,-9.90217113494873
1522,1.6502059698104858,-9.365087509155273
1523,-0.4361383318901062,1.5112158060073853
1524,10.600068092346191,-2.521625518798828
1525,1.6517083644866943,-9.540411949157715
1526,-2.327700138092041,1.330987572669983
1527,2.2090325355529785,-8.702055931091309
1528,0.2731054723262787,-2.655895948410034
1529,1.6727286577224731,-9.345126152038574
1530,1.6990336179733276,-8.919975280761719
1531,1.7001787424087524,-9.492295265197754
1532,1.6783097982406616,-9.286871910095215
1533,-0.7292615175247192,-5.558903217315674
1534,-4.440445423126221,3.9784436225891113
1535,1.7641550302505493,-9.405208587646484
1536,-0.40576234459877014,1.730557918548584
1537,1.7008007764816284,-9.024555206298828
1538,1.6950067281723022,-9.426180839538574
1539,1.7338842153549194,-9.61769962310791
1540,1.6831344366073608,-8.904321670532227
1541,1.7893201112747192,-9.242676734924316
1542,1.3657883405685425,-0.3866741955280304
1543,-0.47429952025413513,0.847207248210907
1544,1.4542492628097534,-9.08217716217041
1545,1.749262809753418,-8.99862289428711
1546,1.800134301185608,-8.532637596130371
1547,0.6731222867965698,-6.308511257171631
1548,2.1706318855285645,-10.048699378967285
1549,1.01621675491333,-9.30985164642334
1550,12.094202041625977,-3.9171736240386963
1551,-0.3398725092411041,1.6615216732025146
1552,1.6699258089065552,-9.35594654083252
1553,1.7181261777877808,-9.250712394714355
1554,1.8074637651443481,-9.299641609191895
1555,-1.8496923446655273,3.235720634460449
1556,1.4585497379302979,-9.158148765563965
1557,1.6074615716934204,-9.666377067565918
1558,1.7364192008972168,-9.503315925598145
1559,1.707065463066101,-9.588831901550293
1560,0.4708121716976166,1.4566154479980469
1561,-0.21689145267009735,1.6781691312789917
1562,1.7508243322372437,-9.09716796875
1563,1.6497288942337036,-9.366084098815918
1564,1.8506008386611938,-9.64225959777832
1565,0.36557331681251526,-3.8809285163879395
1566,2.264909505844116,-7.647934913635254
1567,3.128962516784668,-10.087775230407715
1568,2.9105401039123535,-10.052721977233887
1569,5.2129292488098145,-1.8189347982406616
1570,1.693332314491272,-8.981022834777832
1571,-0.46947601437568665,3.0842490196228027
1572,1.5834120512008667,-8.91409683227539
1573,1.8038069009780884,-9.254254341125488
1574,1.7529584169387817,-9.638936042785645
1575,-5.729355812072754,-1.8880113363265991
1576,3.738452911376953,-8.570211410522461
1577,1.7280749082565308,-9.214488983154297
1578,1.7025089263916016,-9.0209321975708
1579,-12.435169219970703,-3.921137571334839
1580,1.7346311807632446,-9.357430458068848
1581,1.7919139862060547,-9.021191596984863
1582,1.6625149250030518,-9.505324363708496
1583,1.5967751741409302,-9.151933670043945
1584,3.4043731689453125,-8.73267936706543
1585,0.5200688242912292,-6.322618007659912
1586,1.6847102642059326,-9.185205459594727
1587,1.672803521156311,-9.254631042480469
1588,1.660783290863037,-9.233368873596191
1589,-1.0638434886932373,2.838176965713501
1590,1.6005860567092896,-8.602278709411621
1591,0.4472752511501312,1.6185024976730347
1592,1.7756277322769165,-9.136869430541992
1593,-0.3918921649456024,1.6317986249923706
1594,1.8338792324066162,-8.71999740600586
1595,1.6169248819351196,-9.03579044342041
1596,1.8700422048568726,-10.32679557800293
1597,1.9894311428070068,-9.813788414001465
1598,0.5560081005096436,-9.337774276733398
1599,0.7871309518814087,-8.408247947692871
1600,-0.023214053362607956,1.7674047946929932
1601,1.3255950212478638,-6.498369216918945
1602,1.773040533065796,-9.486696243286133
1603,2.6810739040374756,-9.211231231689453
1604,2.551992177963257,-8.849522590637207
1605,1.3205981254577637,-5.999485492706299
1606,3.7424843311309814,-8.64039421081543
1607,2.7596380710601807,-9.980646133422852
1608,1.7756553888320923,-9.24958324432373
1609,3.7412142753601074,-10.735161781311035
1610,1.3933664560317993,-9.657320976257324
1611,1.7476342916488647,-8.979388236999512
1612,1.6760293245315552,-9.312057495117188
1613,0.3280790150165558,-8.548338890075684
1614,4.416346549987793,-9.054308891296387
1615,1.7019745111465454,-9.479788780212402
1616,1.7356246709823608,-9.396852493286133
1617,1.6499937772750854,-9.263648986816406
1618,-0.1503208577632904,1.4897873401641846
1619,-25.414573669433594,-21.502466201782227
1620,1.3919395208358765,-5.642405986785889
1621,1.7350375652313232,-9.625327110290527
1622,1.7670495510101318,-9.482141494750977
1623,0.7694606781005859,-2.8840701580047607
1624,2.2281315326690674,-10.204113960266113
1625,1.7879732847213745,-8.168966293334961
1626,1.7482898235321045,-9.483006477355957
1627,-0.47935912013053894,1.4531176090240479
1628,1.7468088865280151,-9.161223411560059
1629,0.21070724725723267,-6.628866672515869
1630,1.7143903970718384,-9.054777145385742
1631,1.7976096868515015,-9.065153121948242
1632,1.750348448753357,-9.348968505859375
1633,1.7958801984786987,-9.110774993896484
1634,-8.285847663879395,-2.4235119819641113
1635,1.6393316984176636,-9.418633460998535
1636,1.7298637628555298,-9.25131893157959
1637,1.775118112564087,-9.003495216369629
1638,1.7417412996292114,-9.345904350280762
1639,-0.09592883288860321,1.2577755451202393
1640,1.7073131799697876,-9.278944969177246
1641,-3.2979462146759033,-3.378108501434326
1642,1.738887906074524,-9.345044136047363
1643,1.799311637878418,-9.08850383758545
1644,0.6507461071014404,-6.184604167938232
1645,1.0610873699188232,-8.713432312011719
1646,1.6981210708618164,-7.369419574737549
1647,1.747820496559143,-9.184849739074707
1648,1.638817310333252,-9.26163387298584
1649,-1.0542725324630737,-5.579349994659424
1650,1.4796963930130005,-7.936946868896484
1651,1.8068523406982422,-9.128721237182617
1652,1.6725207567214966,-9.11674976348877
1653,0.47546982765197754,-7.936339855194092
1654,1.6872670650482178,-9.428925514221191
1655,0.4036198556423187,-9.372196197509766
1656,0.8731831908226013,-8.091830253601074
1657,1.630562424659729,-8.767820358276367
1658,-7.5930070877075195,-0.04040374606847763
1659,1.7574392557144165,-9.54505729675293
1660,1.0944664478302002,-8.066770553588867
1661,1.0011188983917236,-4.65737247467041
1662,1.7020885944366455,-9.043057441711426
1663,0.408244252204895,-0.45307457447052
1664,1.462332844734192,-10.712831497192383
1665,1.750569224357605,-9.284483909606934
1666,1.7354081869125366,-9.5186767578125
1667,3.2782461643218994,-9.349815368652344
1668,2.5020978450775146,-8.138996124267578
1669,1.5922133922576904,-5.965885639190674
1670,4.736421585083008,-9.493309020996094
1671,1.6646755933761597,-9.426251411437988
1672,-1.9547815322875977,2.095700263977051
1673,1.7294360399246216,-9.039535522460938
1674,1.7794647216796875,-9.080913543701172
1675,1.0606563091278076,-9.137300491333008
1676,1.6843129396438599,-9.345623016357422
1677,1.6344963312149048,-9.381407737731934
1678,1.771222472190857,-9.199084281921387
1679,0.07841633260250092,1.576802134513855
1680,6.613510608673096,-5.342724323272705
1681,-0.6996549367904663,1.4409558773040771
1682,-0.7016803622245789,2.4840004444122314
1683,0.7521531581878662,-9.06149959564209
1684,1.6638902425765991,-9.26943588256836
1685,-0.5313597321510315,1.2097736597061157
1686,1.8090237379074097,-9.292908668518066
1687,0.16657468676567078,-6.52016544342041
1688,2.448131561279297,-7.01727819442749
1689,1.718929409980774,-9.554852485656738
1690,0.18891187012195587,1.0534679889678955
1691,0.16271008551120758,-5.9728827476501465
1692,-0.08266410231590271,-6.231690883636475
1693,1.658528447151184,-9.222665786743164
1694,1.6837702989578247,-9.21939754486084
1695,1.6798793077468872,-9.511054039001465
1696,0.9543464183807373,-5.801163196563721
1697,1.4227455854415894,-9.481654167175293
1698,1.7280702590942383,-9.53307056427002
1699,1.6705988645553589,-9.36149787902832
1700,2.0128583908081055,-7.196936130523682
1701,-8.368741035461426,3.2564382553100586
1702,1.7734489440917969,-9.840502738952637
1703,1.7416383028030396,-9.487191200256348
1704,1.6460188627243042,-9.378547668457031
1705,1.734479308128357,-9.155555725097656
1706,1.6339352130889893,-5.945066452026367
1707,-6.167424201965332,-3.995304584503174
1708,1.6792734861373901,-8.621183395385742
1709,1.3341902494430542,-3.3976428508758545
1710,1.8129829168319702,-9.290640830993652
1711,6.057312965393066,-1.1532305479049683
1712,1.752304196357727,-9.636506080627441
1713,1.7790248394012451,-9.005131721496582
1714,1.9030530452728271,-7.112946033477783
1715,1.6446256637573242,-9.477194786071777
1716,1.7710516452789307,-9.379344940185547
1717,1.6860438585281372,-9.39677619934082
1718,-11.976216316223145,-5.321924686431885
1719,1.8231853246688843,-9.065553665161133
1720,-2.7170357704162598,-4.757343769073486
1721,1.8197113275527954,-8.799989700317383
1722,3.3744637966156006,-8.005051612854004
1723,1.7116096019744873,-9.649043083190918
1724,1.8060009479522705,-9.160983085632324
1725,1.732714056968689,-9.220059394836426
1726,1.590814471244812,-8.786513328552246
1727,-0.20851753652095795,1.762884259223938
1728,0.9368928670883179,-7.003818988800049
1729,0.4105883836746216,2.253998279571533
1730,1.535602331161499,-8.908652305603027
1731,1.991542100906372,-9.598577499389648
1732,-0.2939957082271576,-4.90261173248291
1733,-1.5478395223617554,-3.5515389442443848
1734,2.0117268562316895,-6.718193531036377
1735,-0.3394453525543213,1.5102170705795288
1736,1.766412377357483,-9.186850547790527
1737,1.5017520189285278,-9.137221336364746
1738,1.761521577835083,-9.1470947265625
1739,1.7748733758926392,-9.409919738769531
1740,1.8256207704544067,-5.000499248504639
1741,1.8188879489898682,-8.848628997802734
1742,1.6447190046310425,-9.13012981414795
1743,1.7249640226364136,-9.573201179504395
1744,0.21677266061306,2.4063587188720703
1745,1.610413670539856,-6.919487476348877
1746,0.9200114011764526,-9.847540855407715
1747,-0.2795649468898773,1.2290171384811401
1748,1.7614904642105103,-9.387351036071777
1749,1.699388861656189,-9.51795482635498
1750,1.7789058685302734,-9.59293270111084
1751,1.761281132698059,-9.593317031860352
1752,3.9115867614746094,-8.506852149963379
1753,-0.17278426885604858,2.4847683906555176
1754,1.6898525953292847,-9.095685005187988
1755,2.0731279850006104,-5.582971096038818
1756,1.7056463956832886,-9.522825241088867
1757,1.7094669342041016,-9.461546897888184
1758,1.6942250728607178,-9.240234375
1759,4.817415237426758,-7.459666728973389
1760,-3.818267822265625,5.643951892852783
1761,1.705149531364441,-9.839884757995605
1762,1.6570054292678833,-9.473139762878418
1763,-2.0903453826904297,9.738040924072266
1764,1.6810144186019897,-9.179361343383789
1765,1.726720929145813,-9.098833084106445
1766,1.6538212299346924,-9.284945487976074
1767,1.8372677564620972,-9.338446617126465
1768,1.7438007593154907,-9.01004695892334
1769,1.7275651693344116,-9.546984672546387
1770,1.822514533996582,-9.177282333374023
1771,-8.183697700500488,-2.8742470741271973
1772,1.8156577348709106,-9.060460090637207
1773,-0.2276218682527542,1.5034255981445312
1774,-0.254076212644577,1.5718885660171509
1775,1.7810524702072144,-9.003739356994629
1776,-2.6102795600891113,-3.4558403491973877
1777,1.6009770631790161,-8.849112510681152
1778,-8.822979927062988,1.0295510292053223
1779,0.7733047008514404,-7.966017723083496
1780,-0.8728924989700317,0.7135859131813049
1781,2.3928658962249756,-9.962535858154297
1782,-0.40771159529685974,0.7539072632789612
1783,1.7950818538665771,-9.13329792022705
1784,1.6440656185150146,-9.304364204406738
1785,1.6571708917617798,-9.306633949279785
1786,-0.4866466224193573,1.3857778310775757
1787,1.6736103296279907,-9.212259292602539
1788,1.734998106956482,-9.452193260192871
1789,1.5724948644638062,-9.75287914276123
1790,1.8753021955490112,-9.322102546691895
1791,1.66555917263031,-9.399027824401855
1792,1.6874257326126099,-9.244301795959473
1793,12.909096717834473,-3.7419347763061523
1794,1.6657936573028564,-9.319233894348145
1795,1.7638938426971436,-9.378007888793945
1796,1.8541516065597534,-10.465287208557129
1797,1.7299221754074097,-9.09007453918457
1798,-0.38930994272232056,-4.135636806488037
1799,9.998696327209473,-3.0006661415100098
1800,1.5151456594467163,-7.50193452835083
1801,1.6047450304031372,-9.613730430603027
1802,2.6357011795043945,-9.82089614868164
1803,-4.868436813354492,-3.2672955989837646
1804,2.3268980979919434,-3.2539732456207275
1805,1.6461073160171509,-9.488909721374512
1806,1.7362911701202393,-9.014113426208496
1807,13.459866523742676,-2.295830488204956
1808,1.6568772792816162,-9.455687522888184
1809,-2.384345531463623,1.5752909183502197
1810,-0.10974650084972382,0.897454023361206
1811,-0.47682878375053406,0.8301562666893005
1812,1.6645997762680054,-9.24040412902832
1813,1.7681899070739746,-9.1740140914917
1814,-0.15855075418949127,1.720301628112793
1815,1.7006655931472778,-8.948987007141113
1816,1.689602017402649,-9.417586326599121
1817,3.788193702697754,-8.779765129089355
1818,1.6973527669906616,-9.247796058654785
1819,1.7441596984863281,-8.561440467834473
1820,1.0311682224273682,-8.873888969421387
1821,4.885470390319824,-8.771851539611816
1822,2.1465702056884766,-9.005322456359863
1823,1.8289214372634888,-9.12058162689209
1824,1.6628838777542114,-9.069409370422363
1825,2.6737632751464844,-7.491943836212158
1826,1.673516869544983,-9.475346565246582
1827,1.6765655279159546,-9.419758796691895
1828,2.925131320953369,-9.439499855041504
1829,1.6848050355911255,-9.193404197692871
1830,1.661218285560608,-9.216619491577148
1831,1.7453161478042603,-8.98395824432373
1832,0.7737728357315063,-7.553464412689209
1833,1.7607643604278564,-9.56721019744873
1834,-2.1199326515197754,-2.908376455307007
1835,0.15253470838069916,-7.495869159698486
1836,0.32658258080482483,0.880345344543457
1837,1.6580923795700073,-9.057405471801758
1838,1.7790342569351196,-9.562307357788086
1839,1.7949239015579224,-9.465168952941895
1840,0.4641355574131012,-8.727551460266113
1841,0.7583110332489014,-7.624314785003662
1842,0.8174298405647278,-6.357837200164795
1843,-0.30972224473953247,2.669098377227783
1844,1.5042295455932617,-7.21297025680542
1845,1.5919584035873413,-9.20716667175293
1846,1.659834384918213,-9.032035827636719
1847,1.7580742835998535,-9.476754188537598
1848,1.7162631750106812,-9.475872993469238
1849,1.843817114830017,-9.766968727111816
1850,1.673050045967102,-8.900858879089355
1851,1.6711679697036743,-9.000208854675293
1852,-10.588458061218262,-6.3027424812316895
1853,2.5645253658294678,-7.998588562011719
1854,1.0591429471969604,-9.47828483581543
1855,1.7742770910263062,-9.380385398864746
1856,1.6683329343795776,-9.44852352142334
1857,3.163804054260254,-9.529288291931152
1858,3.8007049560546875,-6.611268520355225
1859,1.7640095949172974,-9.357771873474121
1860,1.7177420854568481,-9.5127534866333
1861,4.916177749633789,-8.846028327941895
1862,0.8422144055366516,1.3323819637298584
1863,-0.3966401517391205,0.7523820996284485
1864,-11.1204252243042,-2.6984877586364746
1865,1.7263911962509155,-9.341719627380371
1866,1.73976469039917,-9.670047760009766
1867,1.5713255405426025,-8.529160499572754
1868,-0.45239952206611633,2.261775493621826
1869,-0.2689718008041382,2.361621379852295
1870,1.7271990776062012,-9.114198684692383
1871,1.6041070222854614,-9.375155448913574
1872,-6.593736171722412,-2.676966667175293
1873,11.188575744628906,-4.132992267608643
1874,1.1335757970809937,-8.837100982666016
1875,1.7502853870391846,-9.450471878051758
1876,3.2398922443389893,-9.7526216506958
1877,1.7410885095596313,-9.398123741149902
1878,1.8224200010299683,-9.075654029846191
1879,1.6986098289489746,-8.916149139404297
1880,1.33810293674469,-4.987507343292236
1881,1.7461460828781128,-9.463713645935059
1882,3.7448790073394775,-8.471963882446289
1883,-0.08286093175411224,2.1694042682647705
1884,5.672821998596191,-7.566371440887451
1885,1.7723278999328613,-9.270846366882324
1886,1.666035532951355,-8.964200019836426
1887,1.719929575920105,-8.324941635131836
1888,4.495332717895508,-8.78528118133545
1889,1.914101004600525,-9.100564002990723
1890,1.7726370096206665,-9.11025333404541
1891,-0.12814541161060333,1.6921184062957764
1892,1.6921747922897339,-9.581624031066895
1893,1.7603198289871216,-8.998269081115723
1894,1.7330609560012817,-9.297467231750488
1895,2.278029203414917,-8.38211727142334
1896,0.990665078163147,-10.109387397766113
1897,1.7448930740356445,-10.396733283996582
1898,1.708297848701477,-9.382477760314941
1899,0.9204953908920288,-10.000314712524414
1900,1.7533165216445923,-9.562846183776855
1901,1.6861976385116577,-9.452181816101074
1902,1.2243907451629639,-5.033863067626953
1903,1.5790342092514038,-10.277820587158203
1904,1.5958703756332397,1.438260793685913
1905,1.671538233757019,-9.09133243560791
1906,1.8021299839019775,-9.046367645263672
1907,1.1820762157440186,-8.694111824035645
1908,3.5178096294403076,-9.691596031188965
1909,0.9164174795150757,-10.382295608520508
1910,1.7560750246047974,-9.648923873901367
1911,1.7453564405441284,-9.087809562683105
1912,1.8050991296768188,-6.868335247039795
1913,1.8253413438796997,-8.617217063903809
1914,-0.3400843143463135,1.2614721059799194
1915,1.631624460220337,-5.171319484710693
1916,-0.2928791642189026,2.4254398345947266
1917,0.9283873438835144,-9.437180519104004
1918,0.11697910726070404,-6.497536659240723
1919,2.0245108604431152,-8.758431434631348
1920,0.6180800199508667,-9.309737205505371
1921,1.739104151725769,-9.036310195922852
1922,1.6626068353652954,-9.321684837341309
1923,1.7414733171463013,-9.241538047790527
1924,0.23421601951122284,-7.331175804138184
1925,1.7192944288253784,-9.287074089050293
1926,1.718180537223816,-9.147613525390625
1927,2.523655891418457,-6.532157897949219
1928,1.3898093700408936,-5.5191731452941895
1929,1.9159256219863892,-10.124579429626465
1930,1.6312304735183716,-9.420679092407227
1931,0.31761640310287476,1.356893539428711
1932,1.772896409034729,-9.006240844726562
1933,1.6524511575698853,-11.194449424743652
1934,-4.889044761657715,0.06160690635442734
1935,1.753260850906372,-9.228386878967285
1936,1.551766276359558,-7.862550258636475
1937,1.5842756032943726,-8.47442626953125
1938,4.374967575073242,-2.5821707248687744
1939,1.754348635673523,-9.43503475189209
1940,1.728835105895996,-9.464402198791504
1941,0.9361150860786438,-0.2899681627750397
1942,0.44592487812042236,-2.047501802444458
1943,1.6299408674240112,-9.44242000579834
1944,2.739067554473877,-9.416587829589844
1945,1.705919623374939,-9.169843673706055
1946,1.946364164352417,-9.427755355834961
1947,0.7654093503952026,-9.206293106079102
1948,-0.10763747990131378,1.5086967945098877
1949,0.7503734827041626,1.7533302307128906
1950,2.048022747039795,-5.27640962600708
1951,-10.900921821594238,3.86051607131958
1952,1.7501283884048462,-9.157973289489746
1953,1.780070424079895,-9.122597694396973
1954,-6.827055931091309,-2.6542882919311523
1955,-0.3322688937187195,0.8997974395751953
1956,1.7064489126205444,-9.18770980834961
1957,1.6847089529037476,-9.018559455871582
1958,1.6436742544174194,-9.349759101867676
1959,1.787062406539917,-9.37353515625
1960,4.846065044403076,-9.177861213684082
1961,1.7248039245605469,-7.264134883880615
1962,0.5056740045547485,-7.526788234710693
1963,1.823895812034607,-9.126672744750977
1964,1.7876332998275757,-9.233179092407227
1965,1.6796164512634277,-9.252625465393066
1966,1.7239865064620972,-9.257917404174805
1967,1.741794466972351,-9.733314514160156
1968,-0.1432918906211853,-0.33235737681388855
1969,1.3115061521530151,-9.740195274353027
1970,1.7227730751037598,-9.074158668518066
1971,1.2900950908660889,-4.365566253662109
1972,3.4121336936950684,-10.052781105041504
1973,0.661686897277832,-2.0284557342529297
1974,1.6813093423843384,-8.949399948120117
1975,-0.03068423643708229,-0.10569535195827484
1976,3.0633041858673096,-6.94731330871582
1977,1.7779117822647095,-8.671063423156738
1978,-7.886266708374023,-5.837695598602295
1979,1.7468212842941284,-9.025531768798828
1980,2.1843578815460205,-7.225138187408447
1981,-2.9908690452575684,-3.764326333999634
1982,4.774312496185303,-10.600764274597168
1983,0.9156773090362549,1.2201497554779053
1984,-4.391679763793945,-2.721238136291504
1985,1.4650746583938599,-9.930036544799805
1986,1.694163203239441,-9.56859016418457
1987,1.7997783422470093,-9.371987342834473
1988,1.7889167070388794,-9.479660034179688
1989,1.6858750581741333,-8.964045524597168
1990,2.4683122634887695,-9.983129501342773
1991,1.1514451503753662,-8.6961088180542
1992,1.8165339231491089,-9.220442771911621
1993,1.6906545162200928,-8.978530883789062
1994,1.674099087715149,-9.051077842712402
1995,1.6233643293380737,-9.4180269241333
1996,-4.869956016540527,7.305316925048828
1997,1.80148446559906,-9.421055793762207
1998,1.3843340873718262,-8.727629661560059
1999,0.3605593740940094,-0.45280057191848755
2000,-0.6222481727600098,2.705986499786377
2001,-6.9255571365356445,3.143256187438965
2002,-0.027578916400671005,0.2628577947616577
2003,2.439828872680664,-7.7031378746032715
2004,-4.673566818237305,-8.931352615356445
2005,0.014871019870042801,1.5668597221374512
2006,-0.10428212583065033,2.0476927757263184
2007,0.06615278124809265,3.114860773086548
2008,-2.22100567817688,-0.8784818649291992
2009,0.6867949366569519,-3.885575294494629
2010,-0.20504222810268402,2.2205588817596436
2011,-9.381287574768066,1.2469443082809448
2012,-14.400115966796875,-18.261953353881836
2013,-0.6512008905410767,-0.8138301968574524
2014,0.7786386609077454,-0.47789648175239563
2015,2.101046323776245,-4.861813068389893
2016,-3.185619831085205,-9.106178283691406
2017,-3.1428608894348145,-3.3098838329315186
2018,-0.9884341955184937,1.8874154090881348
2019,-20.798171997070312,-19.114999771118164
2020,-0.2007582038640976,1.7888236045837402
2021,0.21825891733169556,-5.800742149353027
2022,-10.00925064086914,-6.105637073516846
2023,-7.845383167266846,-3.1864173412323
2024,-1.064798355102539,1.2565772533416748
2025,2.805974245071411,-6.654755115509033
2026,1.3327791690826416,-0.522473156452179
2027,6.994699001312256,-6.518378734588623
2028,0.7680463194847107,1.989954948425293
2029,1.674075722694397,-8.988818168640137
2030,1.824257731437683,-9.0777006149292
2031,0.9820802211761475,-4.388218879699707
2032,-18.224788665771484,-11.228816032409668
2033,9.028239250183105,-2.9699363708496094
2034,-0.7272771000862122,-5.670411109924316
2035,0.10426817834377289,1.6932168006896973
2036,2.330267906188965,-6.660109996795654
2037,-0.08710773289203644,-4.266963481903076
2038,1.5330332517623901,-7.053513050079346
2039,-0.16233079135417938,0.9637155532836914
2040,3.126160144805908,22.626428604125977
2041,9.458727836608887,-1.462435007095337
2042,-0.7919155955314636,1.0156348943710327
2043,-2.0814971923828125,3.2434468269348145
2044,-0.4837312400341034,0.9713708162307739
2045,12.228903770446777,-0.681060791015625
2046,10.207722663879395,-2.880725860595703
2047,8.534018516540527,-2.310142755508423
2048,0.26501351594924927,1.5505619049072266
2049,-19.766738891601562,-9.0269193649292
2050,-6.123692512512207,-2.85721492767334
2051,-5.186725616455078,6.997452259063721
2052,0.4741341173648834,-7.043203353881836
2053,-7.463568687438965,-0.047773607075214386
2054,2.549175262451172,-8.098742485046387
2055,1.5381197929382324,-1.3599187135696411
2056,-7.965426445007324,1.2321972846984863
2057,-2.4475433826446533,0.10546504706144333
2058,8.155441284179688,-3.050534963607788
2059,-0.19492404162883759,2.0244011878967285
2060,4.495944976806641,-10.04968547821045
2061,-1.027269959449768,0.4983074367046356
2062,-0.255440354347229,2.601531505584717
2063,-2.66884708404541,0.11784648150205612
2064,-1.1655174493789673,-4.722807884216309
2065,1.1490064859390259,-8.167098999023438
2066,-0.3070776164531708,1.8058111667633057
2067,-6.478665351867676,-2.1121203899383545
2068,-5.354172229766846,1.0582607984542847
2069,-0.1990918666124344,1.6803057193756104
2070,7.273223876953125,-0.14924123883247375
2071,-8.04676628112793,2.9285025596618652
2072,-2.1625516414642334,6.423556804656982
2073,7.945502281188965,-4.457658290863037
2074,1.6697968244552612,-7.1086955070495605
2075,-11.082245826721191,4.193940162658691
2076,1.678120493888855,1.793753743171692
2077,-6.8657941818237305,-12.56328296661377
2078,1.2124381065368652,-7.538873195648193
2079,-4.666701316833496,3.9525139331817627
2080,-10.957620620727539,-6.038650989532471
2081,6.825848579406738,-2.104790210723877
2082,-8.693124771118164,-2.2273929119110107
2083,3.01458740234375,-7.032421588897705
2084,-2.008127212524414,3.6984000205993652
2085,0.26955530047416687,-0.5889798402786255
2086,-1.4915740489959717,2.8235864639282227
2087,6.839181900024414,-2.431889533996582
2088,-0.27823033928871155,2.212538003921509
2089,-3.0023622512817383,5.425062656402588
2090,1.0179458856582642,-8.81337833404541
2091,2.0197231769561768,-5.363753795623779
2092,-0.04641219601035118,-1.1997385025024414
2093,-16.509288787841797,-12.200995445251465
2094,-0.45716604590415955,-2.5071167945861816
2095,-4.814645290374756,-2.801891326904297
2096,0.2121613770723343,-5.6349663734436035
2097,3.857555389404297,-7.859079837799072
2098,-9.664814949035645,-2.17512583732605
2099,3.5478696823120117,-7.6196112632751465
2100,-0.18605569005012512,2.686309337615967
2101,2.632786512374878,-5.250845432281494
2102,-3.644627332687378,5.241983413696289
2103,11.184430122375488,-2.549903392791748
2104,1.3604463338851929,-7.032105922698975
2105,-1.5864711999893188,-4.774028778076172
2106,-0.45485541224479675,-5.312674522399902
2107,0.5922144651412964,-1.3735116720199585
2108,0.6926602721214294,-6.251491069793701
2109,-9.97098445892334,-4.454969882965088
2110,0.49797433614730835,-4.234557628631592
2111,0.5387098789215088,-8.707797050476074
2112,-0.3015758991241455,2.1617321968078613
2113,10.672154426574707,-2.690225601196289
2114,-2.3552401065826416,1.2126543521881104
2115,1.3366981744766235,2.2588589191436768
2116,1.1080242395401,-5.492974281311035
2117,10.45839786529541,-5.135559558868408
2118,-0.8238653540611267,-3.0952672958374023
2119,-1.2092721462249756,0.24950146675109863
2120,-0.8369729518890381,1.8101401329040527
2121,0.5350940227508545,-2.752249240875244
2122,-1.859602451324463,8.863239288330078
2123,1.5252553224563599,0.3696644902229309
2124,-0.7274932265281677,1.356567621231079
2125,-1.7802854776382446,0.20685544610023499
2126,0.9405398964881897,-0.4078177213668823
2127,-7.162137985229492,2.1000216007232666
2128,1.567599892616272,-0.6030394434928894
2129,1.2479562759399414,-3.217907428741455
2130,-0.3360142409801483,2.414356231689453
2131,1.7761584520339966,-6.36003303527832
2132,-2.865190029144287,10.59530258178711
2133,-5.364201545715332,-2.644534111022949
2134,7.4603271484375,-5.424276828765869
2135,7.036359786987305,0.07674529403448105
2136,-7.967228889465332,3.3497066497802734
2137,-15.081965446472168,-4.704524040222168
2138,-0.1339559108018875,-0.3489013910293579
2139,-0.47111567854881287,1.0328030586242676
2140,-1.2244541645050049,2.010891914367676
2141,2.304182291030884,-6.449581146240234
2142,-11.100470542907715,-2.5499324798583984
2143,8.295565605163574,-5.971627712249756
2144,-3.3138699531555176,-4.978806972503662
2145,-0.18938252329826355,-4.139379024505615
2146,-0.44046977162361145,1.5638374090194702
2147,2.955772876739502,-8.621085166931152
2148,1.9631857872009277,-6.165828227996826
2149,-6.967245101928711,-3.480534553527832
2150,1.1507720947265625,-7.5946245193481445
2151,-2.324383020401001,5.818488597869873
2152,-4.798378944396973,-3.167142152786255
2153,-4.722869873046875,7.180727481842041
2154,-0.31977182626724243,2.220573902130127
2155,1.1219385862350464,-1.3294553756713867
2156,-4.366511344909668,1.6200025081634521
2157,-1.9709635972976685,2.6234588623046875
2158,5.047031402587891,-8.440102577209473
2159,-0.5981556177139282,-1.8834874629974365
2160,-0.6315159797668457,-0.4911612570285797
2161,0.9446666240692139,-1.3817263841629028
2162,-3.3833999633789062,-3.4243321418762207
2163,-0.21390338242053986,2.9505839347839355
2164,-0.7482032775878906,1.5006725788116455
2165,-0.9208464622497559,2.3089258670806885
2166,-6.094669342041016,1.3507583141326904
2167,0.6675738096237183,-0.8316237926483154
2168,-16.546566009521484,-8.57093620300293
2169,1.8470239639282227,-3.5112640857696533
2170,-9.36214828491211,-2.8139286041259766
2171,1.2473913431167603,-0.5944972634315491
2172,-11.351447105407715,-2.3611152172088623
2173,0.7729026079177856,11.433012962341309
2174,0.2490108758211136,0.09509732574224472
2175,6.3003764152526855,-1.7327039241790771
2176,-0.1424805372953415,1.4766457080841064
2177,0.2287178933620453,-1.5566978454589844
2178,-0.18691293895244598,1.687197208404541
2179,0.8565231561660767,-7.3387227058410645
2180,7.4267473220825195,-5.379045009613037
2181,-2.9096715450286865,11.928877830505371
2182,-6.089400768280029,-5.975475311279297
2183,6.499939441680908,-6.800809383392334
2184,-0.46175459027290344,0.9038047790527344
2185,0.8357357978820801,-8.987635612487793
2186,2.0368926525115967,-0.6032357811927795
2187,-0.3524807393550873,2.4212589263916016
2188,3.0218911170959473,-8.503183364868164
2189,1.5522496700286865,-1.525617003440857
2190,1.5441792011260986,-1.541677474975586
2191,0.8398626446723938,-6.906497001647949
2192,0.3096078336238861,0.1554352045059204
2193,8.81464672088623,-3.089409828186035
2194,-0.2588913142681122,2.5006260871887207
2195,-1.9979039430618286,1.8204646110534668
2196,0.22844775021076202,0.5335584282875061
2197,0.3465416729450226,1.5597686767578125
2198,1.7023652791976929,-6.531917572021484
2199,-0.36224037408828735,0.8796210289001465
2200,0.7535849213600159,-0.2562563419342041
2201,-0.2579701840877533,2.5224127769470215
2202,1.6272939443588257,-8.945709228515625
2203,-0.30014345049858093,1.7340590953826904
2204,-3.2004079818725586,-4.011107921600342
2205,5.101350784301758,-8.588415145874023
2206,-0.17775070667266846,2.2689123153686523
2207,10.410456657409668,-2.4868550300598145
2208,-2.756819725036621,3.4313583374023438
2209,-1.2795506715774536,-3.1853690147399902
2210,0.04560019448399544,1.9138262271881104
2211,0.8260553479194641,-0.6293665766716003
2212,0.8524502515792847,-1.1490974426269531
2213,4.460336685180664,-9.831764221191406
2214,0.4766995310783386,-6.646082878112793
2215,-0.6983749270439148,-5.577827453613281
2216,0.7051108479499817,1.8811800479888916
2217,-0.6167486310005188,1.285394549369812
2218,-0.23926402628421783,-3.872713327407837
2219,-0.8777638673782349,-4.1669182777404785
2220,-11.035511016845703,5.061197757720947
2221,0.34347787499427795,-1.569493055343628
2222,-0.32089507579803467,2.847191333770752
2223,-0.047131579369306564,-5.412425994873047
2224,-6.414048194885254,-2.90352201461792
2225,-0.3391958475112915,2.3967623710632324
2226,9.223776817321777,-4.967878341674805
2227,0.30565422773361206,-0.9699984788894653
2228,2.806105375289917,-5.219289302825928
2229,-2.1045475006103516,10.362449645996094
2230,0.7458237409591675,-3.4314279556274414
2231,-7.366973400115967,9.973883628845215
2232,-12.26562786102295,-3.5039865970611572
2233,-6.312063217163086,-6.897171974182129
2234,-7.007208824157715,-3.219031810760498
2235,0.5478897094726562,1.7852506637573242
2236,-0.643351674079895,1.5061951875686646
2237,-6.112583160400391,-1.989647388458252
2238,6.772881507873535,-2.604294776916504
2239,-3.552994728088379,-3.600709915161133
2240,-2.574378490447998,-4.801222324371338
2241,-1.0874395370483398,-0.6127572655677795
2242,-2.5159130096435547,4.091323375701904
2243,0.5570995211601257,-7.747954845428467
2244,3.6494827270507812,-2.012848377227783
2245,-5.312114715576172,8.947473526000977
2246,-0.029155734926462173,-2.6239683628082275
2247,7.102956771850586,-1.539353370666504
2248,-0.7383328676223755,-8.978595733642578
2249,-5.673125267028809,-5.1572585105896
2250,-2.9344706535339355,-5.458974361419678
2251,0.5849729776382446,-5.780919551849365
2252,-0.08346666395664215,1.2769830226898193
2253,-0.5896649956703186,-0.7436712980270386
2254,0.7894876003265381,-7.060603618621826
2255,0.6035550832748413,-0.30834540724754333
2256,-10.139349937438965,1.5629477500915527
2257,0.04540373757481575,1.6710481643676758
2258,-1.9372495412826538,1.1970802545547485
2259,1.2335467338562012,0.679888129234314
2260,-2.616692543029785,2.073817729949951
2261,1.259726643562317,-1.2076644897460938
2262,2.383249044418335,-3.863053321838379
2263,0.5716806650161743,-5.324860095977783
2264,3.89965558052063,-9.337986946105957
2265,-0.10806633532047272,1.3607127666473389
2266,0.6781682372093201,-2.3544323444366455
2267,-0.08045972883701324,1.7554317712783813
2268,-1.612074375152588,-1.1009386777877808
2269,3.8522837162017822,-3.074429512023926
2270,-10.72895622253418,1.7314021587371826
2271,4.493505001068115,-6.289520740509033
2272,13.130188941955566,-1.6117584705352783
2273,1.9829596281051636,0.8904741406440735
2274,-4.888934135437012,-2.37918758392334
2275,-6.939827919006348,2.977108955383301
2276,2.174720287322998,-4.549874782562256
2277,2.156001091003418,-7.261575698852539
2278,0.020338300615549088,2.914185047149658
2279,4.214127540588379,-9.092686653137207
2280,-0.2066650241613388,1.7723610401153564
2281,1.7737780809402466,-8.440978050231934
2282,9.358484268188477,-2.5784096717834473
2283,2.9227852821350098,-7.2387261390686035
2284,0.00874236598610878,1.7705178260803223
2285,1.0391716957092285,-1.3187274932861328
2286,1.6319395303726196,-1.7000651359558105
2287,-0.9092115163803101,-9.564621925354004
2288,-0.2769220769405365,1.2188005447387695
2289,0.28470301628112793,0.27220550179481506
2290,2.4304394721984863,-7.6212477684021
2291,9.541382789611816,-2.6456782817840576
2292,-4.370962619781494,3.853292465209961
2293,0.6899754405021667,-7.008950710296631
2294,-0.35748469829559326,2.1401519775390625
2295,3.4226021766662598,-7.35818338394165
2296,-24.42673110961914,-18.486675262451172
2297,1.2524399757385254,3.975780487060547
2298,-3.4066033363342285,4.613296985626221
2299,-5.718761444091797,-3.7582571506500244
2300,0.08698230981826782,-0.24494615197181702
2301,2.29695200920105,-3.9380736351013184
2302,-0.32470160722732544,1.4300577640533447
2303,9.135656356811523,-3.418870210647583
2304,9.523727416992188,7.122043132781982
2305,-4.365704536437988,-1.8353899717330933
2306,-0.5160136222839355,1.0511538982391357
2307,-1.3365585803985596,1.6742372512817383
2308,0.46700766682624817,-3.066025495529175
2309,0.6067980527877808,-2.3685076236724854
2310,-0.4516121447086334,3.0280795097351074
2311,-0.31542161107063293,2.675206184387207
2312,-11.950116157531738,-16.615541458129883
2313,-15.704097747802734,-0.5673831105232239
2314,1.7160240411758423,-7.497794151306152
2315,-2.1025445461273193,3.4342474937438965
2316,2.4892477989196777,-6.352197170257568
2317,-1.7292433977127075,-1.2266480922698975
2318,0.15076635777950287,-1.0593534708023071
2319,2.6634151935577393,-5.629257678985596
2320,-1.3016321659088135,1.6086275577545166
2321,-0.2102198451757431,1.17412531375885
2322,1.7455384731292725,-9.502554893493652
2323,-5.474826335906982,-13.354452133178711
2324,1.740511417388916,-4.68090295791626
2325,-0.08407588303089142,1.153207540512085
2326,1.4324649572372437,-7.15366792678833
2327,0.661583423614502,3.162601947784424
2328,-0.3189813196659088,2.2615625858306885
2329,0.2845369577407837,-8.28978443145752
2330,0.13160976767539978,0.16994541883468628
2331,-0.13266830146312714,2.2624144554138184
2332,-0.4170147776603699,-0.4889635741710663
2333,13.611475944519043,-3.2236733436584473
2334,11.353806495666504,-0.6561504006385803
2335,-0.37691473960876465,2.5531411170959473
2336,0.4033178389072418,-1.3938931226730347
2337,-0.6988465785980225,-0.5844035148620605
2338,-0.617827832698822,0.8984699249267578
2339,1.2608050107955933,-3.8158130645751953
2340,0.7868005633354187,-6.060698509216309
2341,0.09124462306499481,1.6897740364074707
2342,-3.3414409160614014,13.14152717590332
2343,-0.19536007940769196,-0.49333325028419495
2344,-1.8844834566116333,-4.154917240142822
2345,-3.023655652999878,-2.6468868255615234
2346,1.314747929573059,-1.5789315700531006
2347,2.399263858795166,-1.4147062301635742
2348,1.5094701051712036,-1.5714277029037476
2349,-2.292340040206909,-4.787158489227295
2350,-5.3326029777526855,-5.930737018585205
2351,-0.18397532403469086,2.5024781227111816
2352,0.8771275877952576,-6.538546085357666
2353,-2.619225025177002,13.012375831604004
2354,-0.14069758355617523,-6.8768439292907715
2355,-0.49120911955833435,1.0017502307891846
2356,1.4451403617858887,-8.333178520202637
2357,-0.21557359397411346,0.9480300545692444
2358,-0.2589860260486603,2.3261570930480957
2359,-0.3599850833415985,-4.236074924468994
2360,-0.15547633171081543,0.34833934903144836
2361,-15.011237144470215,-11.250551223754883
2362,-1.347396731376648,-4.841734409332275
2363,1.9190608263015747,-1.49174165725708
2364,-10.361128807067871,-4.240998268127441
2365,-0.2243761271238327,1.8894598484039307
2366,-2.7617788314819336,-1.5372004508972168
2367,0.48996612429618835,0.36192551255226135
2368,-6.560034275054932,-2.4796037673950195
2369,-0.3794620931148529,1.4991838932037354
2370,0.07820918411016464,-0.4791969060897827
2371,-4.109548568725586,0.35376936197280884
2372,1.019868016242981,-9.650885581970215
2373,-1.0013138055801392,-8.75788688659668
2374,-8.556025505065918,3.433330535888672
2375,-5.999876022338867,-4.161793231964111
2376,5.087621212005615,14.686671257019043
2377,0.24901750683784485,1.3594694137573242
2378,-8.443599700927734,-2.5955398082733154
2379,1.8581688404083252,-8.363195419311523
2380,0.9374861121177673,-3.308861494064331
2381,-9.802275657653809,3.968810558319092
2382,1.1990265846252441,-1.6422572135925293
2383,-4.501580238342285,6.898773670196533
2384,-12.726655006408691,6.220323085784912
2385,-10.38023853302002,-4.28175687789917
2386,6.266822814941406,-0.16875305771827698
2387,-6.9738593101501465,-3.1086225509643555
2388,-4.974654197692871,10.604765892028809
2389,-0.014975454658269882,0.9176290035247803
2390,1.4379810094833374,-3.5390443801879883
2391,-1.8152176141738892,-6.513548374176025
2392,-4.114358425140381,-3.813908576965332
2393,8.698444366455078,19.88031578063965
2394,-8.4802885055542,-2.114776134490967
2395,-5.670478820800781,-2.1308412551879883
2396,8.06570053100586,-2.3163397312164307
2397,0.2472994327545166,1.503697156906128
2398,-0.1295098215341568,2.586418628692627
2399,0.13327114284038544,2.7011423110961914
2400,1.5358844995498657,-3.430940866470337
2401,1.1383763551712036,-3.466918468475342
2402,-0.2661491930484772,2.4344167709350586
2403,-0.27701136469841003,2.7355434894561768
2404,3.889676094055176,-6.391355514526367
2405,-0.04740146920084953,2.4415555000305176
2406,-0.5074374675750732,-1.5514543056488037
2407,0.6943409442901611,-1.2839348316192627
2408,1.5595530271530151,-1.4047898054122925
2409,-0.1420382708311081,1.1863327026367188
2410,-0.5439441204071045,1.9637205600738525
2411,1.3921592235565186,-2.951878547668457
2412,-5.756255149841309,5.917510509490967
2413,0.6577147245407104,-0.28364297747612
2414,0.7454341053962708,-0.14586713910102844
2415,1.0309609174728394,-0.4378373324871063
2416,-0.10155880451202393,-0.060715265572071075
2417,2.2626736164093018,-3.988353729248047
2418,-4.907512664794922,1.6948405504226685
2419,-9.720206260681152,-2.61898136138916
2420,-5.129115104675293,-1.4230715036392212
2421,-6.443647384643555,-2.3453800678253174
2422,2.5724241733551025,-4.9293694496154785
2423,-9.110419273376465,-5.246545791625977
2424,-7.712091445922852,3.477987766265869
2425,2.088291883468628,-3.752835750579834
2426,0.4829981029033661,-7.616796493530273
2427,2.013012647628784,-4.756187438964844
2428,2.1635212898254395,-4.189466953277588
2429,0.6898820996284485,-5.2859907150268555
2430,-2.6874794960021973,11.247685432434082
2431,-5.511462211608887,10.84727954864502
2432,0.19379426538944244,0.24994471669197083
2433,5.324056625366211,-7.133011341094971
2434,-12.312098503112793,-1.3608719110488892
2435,2.260377883911133,-2.509948492050171
2436,0.5421475172042847,2.307790756225586
2437,-5.404096603393555,-3.268702983856201
2438,-1.089713454246521,-2.3233492374420166
2439,1.7437289953231812,-1.3718376159667969
2440,0.3599390387535095,-3.1931326389312744
2441,-3.14924693107605,3.2413249015808105
2442,-7.154351711273193,2.5406622886657715
2443,-4.517510414123535,-1.3869450092315674
2444,-1.2219884395599365,-3.487086296081543
2445,1.8027671575546265,1.9408241510391235
2446,4.302657127380371,-8.209489822387695
2447,-0.13203935325145721,-0.11826155334711075
2448,-6.959911346435547,1.0841418504714966
2449,0.5566152930259705,-8.806112289428711
2450,2.1314632892608643,-4.6421356201171875
2451,0.10453648865222931,3.0522499084472656
2452,-0.6258469820022583,2.569103479385376
2453,0.522748589515686,1.6113959550857544
2454,-0.14719749987125397,2.3143882751464844
2455,-0.23019008338451385,0.9090253114700317
2456,-0.2465091198682785,2.6108181476593018
2457,1.6102110147476196,-2.9050865173339844
2458,1.1941221952438354,-1.6521108150482178
2459,-23.950374603271484,-21.225046157836914
2460,0.6247828602790833,-3.7834181785583496
2461,-12.543965339660645,-2.089200019836426
2462,-12.34892463684082,-2.231436014175415
2463,-7.743890285491943,3.2194433212280273
2464,-0.006159123033285141,2.368619680404663
2465,-7.139657974243164,11.111905097961426
2466,-0.37467944622039795,2.5482635498046875
2467,-7.905274391174316,-2.528998374938965
2468,7.213896751403809,-6.229152202606201
2469,2.0027997493743896,-3.7690234184265137
2470,0.6251706480979919,1.0720274448394775
2471,-4.8606791496276855,-6.090429782867432
2472,1.8574378490447998,-6.85279655456543
2473,0.0019610263407230377,0.04721980541944504
2474,2.084787607192993,-3.7312991619110107
2475,-8.903963088989258,3.8461527824401855
2476,-8.175049781799316,-2.819613456726074
2477,1.705979585647583,-0.7700724005699158
2478,7.698088645935059,-1.6200716495513916
2479,0.5373247265815735,0.36736610531806946
2480,-8.791644096374512,2.6949448585510254
2481,-0.26255401968955994,2.292788505554199
2482,3.518153190612793,-3.848154306411743
2483,3.7146716117858887,-6.822336673736572
2484,3.499040126800537,-8.27324104309082
2485,-0.7549595832824707,1.9265919923782349
2486,0.07756881415843964,-1.5179636478424072
2487,0.451320618391037,1.6029984951019287
2488,-2.902087688446045,0.957134485244751
2489,7.317959308624268,-4.597054958343506
2490,0.9895545244216919,-8.58825397491455
2491,0.6995109915733337,-6.40833854675293
2492,0.12696592509746552,1.516215443611145
2493,-0.5495318174362183,-0.24348235130310059
2494,3.10479736328125,-1.644775390625
2495,-0.8630913496017456,1.8300387859344482
2496,-13.524449348449707,-17.92436408996582
2497,-0.21026591956615448,2.153524160385132
2498,-4.78173303604126,-2.4661459922790527
2499,1.4659312963485718,19.81236457824707
2500,3.7323222160339355,-7.020114421844482
2501,-4.571198463439941,-2.7620890140533447
2502,-9.961287498474121,-5.120513916015625
2503,-0.1844237595796585,2.071990489959717
2504,-8.878815650939941,-3.7966673374176025
2505,0.8810775279998779,-9.73795223236084
2506,1.004105567932129,-10.780034065246582
2507,-7.632137298583984,2.9261910915374756
2508,-6.0662078857421875,7.525791645050049
2509,8.964093208312988,-3.036351442337036
2510,8.859908103942871,-1.4579384326934814
2511,-2.4770212173461914,3.6307320594787598
2512,-10.30451488494873,-2.053196430206299
2513,-0.11020492017269135,1.7088279724121094
2514,-5.366245269775391,4.652705192565918
2515,-7.61248779296875,3.395418643951416
2516,1.6926852464675903,-6.178440570831299
2517,0.9495501518249512,-3.0237693786621094
2518,-12.936362266540527,-2.8405838012695312
2519,11.230475425720215,-2.3769044876098633
2520,-0.11060898005962372,1.753092646598816
2521,0.34447911381721497,-0.5726908445358276
2522,-5.755207061767578,-2.589212417602539
2523,1.0765799283981323,-1.3089573383331299
2524,2.1468255519866943,-3.4220476150512695
2525,0.6699665784835815,-1.8716628551483154
2526,0.4524935483932495,-1.0363414287567139
2527,-0.7917994260787964,2.0397565364837646
2528,0.6559253931045532,-6.812315464019775
2529,1.663504958152771,-1.4289032220840454
2530,-5.433102130889893,-0.6784714460372925
2531,-4.690056324005127,9.37214183807373
2532,-0.57159024477005,-5.813344478607178
2533,0.08652797341346741,0.8527704477310181
2534,-1.0963399410247803,1.9434919357299805
2535,-3.545299530029297,-1.144412875175476
2536,-15.019105911254883,-8.98216724395752
2537,-8.39908504486084,-2.069666862487793
2538,-5.705620288848877,-2.4354820251464844
2539,0.48844829201698303,-8.73188304901123
2540,-0.4856918752193451,2.0692155361175537
2541,-0.38269659876823425,1.5027929544448853
2542,0.5193833112716675,-1.3426531553268433
2543,-2.635948896408081,0.05656144767999649
2544,-0.5372070074081421,-1.5539755821228027
2545,-11.61818790435791,-2.959834098815918
2546,-2.6833887100219727,1.0065299272537231
2547,0.862861156463623,-4.40118932723999
2548,-2.2461185455322266,4.740175724029541
2549,2.6261141300201416,-5.102249622344971
2550,-1.1157405376434326,-0.26885437965393066
2551,0.3485996127128601,1.3444139957427979
2552,-2.8802895545959473,-6.475672245025635
2553,0.7118116617202759,-6.7034382820129395
2554,-0.5660718083381653,1.5703626871109009
2555,6.494420051574707,-0.7610464096069336
2556,-1.6682988405227661,8.771737098693848
2557,0.2169683575630188,-9.107226371765137
2558,0.3545902669429779,1.8645250797271729
2559,-3.43649959564209,-10.626919746398926
2560,-11.118329048156738,-7.715443134307861
2561,2.660179853439331,-5.685135841369629
2562,-1.0538398027420044,-4.637993335723877
2563,-11.955613136291504,-1.4142175912857056
2564,1.4194077253341675,-10.183213233947754
2565,2.835583448410034,-9.162806510925293
2566,-0.07125391066074371,-0.30623552203178406
2567,0.8395960927009583,-6.648763656616211
2568,1.7270402908325195,-4.879692077636719
2569,-0.8560921549797058,-5.049489974975586
2570,1.5103936195373535,-3.1251707077026367
2571,-0.45666250586509705,0.848345935344696
2572,4.2278289794921875,-8.68502426147461
2573,-0.002202782779932022,-0.17783978581428528
2574,2.709252119064331,-8.712259292602539
2575,0.2998387813568115,-3.3899896144866943
2576,6.759687900543213,-6.558938503265381
2577,-7.631091117858887,3.093700885772705
2578,-0.9611661434173584,0.025651685893535614
2579,0.35639092326164246,1.8007681369781494
2580,-7.396507263183594,-5.129505634307861
2581,1.7175685167312622,0.5018349885940552
2582,-5.473451614379883,0.6873193383216858
2583,-1.950816035270691,-1.3812153339385986
2584,-6.828668117523193,7.323795795440674
2585,-5.6120991706848145,0.6910429000854492
2586,-0.47502174973487854,1.623551607131958
2587,-0.5912500619888306,-2.9033749103546143
2588,-5.558084487915039,-0.3471645712852478
2589,9.936421394348145,-2.871436834335327
2590,-0.5962376594543457,1.727396011352539
2591,-0.7751458883285522,0.8729985952377319
2592,-3.122666835784912,-8.73399543762207
2593,-0.8827216625213623,-0.3927598297595978
2594,-0.627356767654419,0.4629073441028595
2595,-0.3848249316215515,2.536412239074707
2596,-7.386536598205566,3.4336981773376465
2597,0.585094690322876,-9.199679374694824
2598,-2.6894683837890625,-4.066533088684082
2599,-2.981860399246216,3.188972234725952
2600,8.795270919799805,-1.7212891578674316
2601,-2.9521484375,2.3485987186431885
2602,-1.2152137756347656,1.8288981914520264
2603,0.25363975763320923,2.1077771186828613
2604,0.006747651845216751,1.6804640293121338
2605,-1.4745572805404663,-2.074424982070923
2606,-0.03866146132349968,2.3052568435668945
2607,-2.4164090156555176,3.918426036834717
2608,-3.5828118324279785,2.5171587467193604
2609,1.6971790790557861,-1.477221131324768
2610,1.280449628829956,-1.5447920560836792
2611,-7.815013885498047,1.3213849067687988
2612,2.4594995975494385,-3.568917989730835
2613,-2.0027031898498535,3.1315701007843018
2614,-1.4765288829803467,-6.953693866729736
2615,1.1885977983474731,0.8649140000343323
2616,-1.1399544477462769,2.740156650543213
2617,5.971246719360352,-6.615471363067627
2618,-1.7846401929855347,2.0918774604797363
2619,-0.9832189083099365,-3.9999818801879883
2620,4.61020565032959,-4.45794153213501
2621,-1.3435620069503784,1.0931665897369385
2622,1.814396619796753,-7.233092784881592
2623,-0.7293330430984497,-4.650887489318848
2624,-15.809073448181152,-14.399165153503418
2625,3.345567464828491,-5.429440975189209
2626,-9.692209243774414,-2.975034236907959
2627,-2.5852198600769043,3.96144437789917
2628,1.7908333539962769,-8.794686317443848
2629,-1.0547994375228882,2.845082998275757
2630,-3.3575618267059326,0.3629660904407501
2631,-2.1605751514434814,2.5930848121643066
2632,0.041541676968336105,1.4698395729064941
2633,-5.945737361907959,11.039974212646484
2634,-6.712240695953369,-2.757718086242676
2635,-0.36476609110832214,1.6487953662872314
2636,-1.11689031124115,-4.010944366455078
2637,2.3294894695281982,-3.4903790950775146
2638,-1.6907261610031128,4.607964992523193
2639,0.9377828240394592,-4.2440900802612305
2640,2.1802053451538086,-7.570971965789795
2641,2.164562940597534,-8.088982582092285
2642,-5.08213472366333,8.897098541259766
2643,-8.348907470703125,3.0315587520599365
2644,-0.9894903898239136,8.585612297058105
2645,-0.7047601342201233,-7.658487796783447
2646,1.407903790473938,-7.826122283935547
2647,-0.6158418655395508,1.5057908296585083
2648,-11.836974143981934,-2.255051374435425
2649,1.428741455078125,-6.132875919342041
2650,-12.72671890258789,1.393908977508545
2651,13.425850868225098,-2.578129529953003
2652,0.7531383037567139,-0.19692447781562805
2653,-0.648769736289978,-1.842078685760498
2654,11.348864555358887,-2.4181032180786133
2655,-0.6016277074813843,1.4524240493774414
2656,-1.5230122804641724,1.7449218034744263
2657,-0.9166344404220581,1.61027193069458
2658,-0.659103274345398,-2.68403697013855
2659,1.7166595458984375,-3.723741054534912
2660,1.7859529256820679,-6.696681976318359
2661,-1.888534426689148,10.828863143920898
2662,-0.32557836174964905,-0.27730923891067505
2663,1.969200611114502,-8.53939151763916
2664,2.0900843143463135,-7.246013164520264
2665,0.4919421672821045,-0.527755081653595
2666,1.8680206537246704,-3.04852032661438
2667,2.877690315246582,-9.091643333435059
2668,-7.239375114440918,7.971009731292725
2669,0.24981991946697235,-1.2440773248672485
2670,0.03854333236813545,0.2685175836086273
2671,0.06476454436779022,-0.39361920952796936
2672,-0.11665941774845123,1.8609695434570312
2673,-0.22409670054912567,2.5426485538482666
2674,3.3079819679260254,-7.56685209274292
2675,2.1383774280548096,-6.017423629760742
2676,-6.047486305236816,-1.500002384185791
2677,-2.1396260261535645,-1.7372004985809326
2678,1.8072313070297241,-9.27027702331543
2679,1.2212437391281128,-3.655353307723999
2680,-0.10452550649642944,1.4739820957183838
2681,1.8569928407669067,-9.456865310668945
2682,2.0885934829711914,-7.337308406829834
2683,-0.4858252704143524,2.60335111618042
2684,-0.469645231962204,1.6341960430145264
2685,1.1282622814178467,-6.073903560638428
2686,-0.22533218562602997,2.352444648742676
2687,8.277176856994629,-3.269364356994629
2688,-4.488349437713623,7.611104965209961
2689,0.7208672761917114,-0.18020108342170715
2690,-1.1967065334320068,0.7469301223754883
2691,-5.200651168823242,5.431437969207764
2692,-1.8704382181167603,0.08164485543966293
2693,8.981305122375488,-1.8240026235580444
2694,-5.361997604370117,-0.7460889220237732
2695,-0.17099009454250336,1.873636245727539
2696,0.44330868124961853,-4.333399772644043
2697,-0.04371483251452446,1.753631591796875
2698,-5.745929718017578,7.909243106842041
2699,-0.34129229187965393,1.0774140357971191
2700,2.8676562309265137,-7.888973712921143
2701,-7.730408191680908,8.568014144897461
2702,4.696695804595947,-2.9993157386779785
2703,2.577951669692993,-5.545590877532959
2704,2.6296496391296387,-5.778111934661865
2705,-0.4868548810482025,-4.771244525909424
2706,0.5294896364212036,-8.916175842285156
2707,0.6658048629760742,-5.998331546783447
2708,0.6671450138092041,-2.256072759628296
2709,-7.335947513580322,-3.8877267837524414
2710,-4.929140090942383,0.31534621119499207
2711,0.22695223987102509,1.7371799945831299
2712,-14.98216724395752,-1.207112193107605
2713,0.5919410586357117,-0.8490835428237915
2714,0.7765965461730957,0.20657452940940857
2715,-0.19927173852920532,-3.2611923217773438
2716,9.27342700958252,-1.6666486263275146
2717,2.3974602222442627,-6.137233734130859
2718,-5.35525369644165,-0.7338886260986328
2719,7.928360939025879,-0.9276412129402161
2720,0.05604903772473335,1.6920413970947266
2721,-12.99830150604248,-3.509498119354248
2722,-0.33629146218299866,2.111001968383789
2723,-6.920619964599609,-1.9118160009384155
2724,-5.984734535217285,-5.156839370727539
2725,-1.6957957744598389,-5.362308979034424
2726,0.05881844833493233,-2.7200143337249756
2727,-1.9399648904800415,2.6022026538848877
2728,-2.6896986961364746,0.22407308220863342
2729,-3.2974491119384766,3.743534564971924
2730,-4.047058582305908,10.56679916381836
2731,6.66813850402832,-2.1718902587890625
2732,1.3255060911178589,-6.262841701507568
2733,-3.431527614593506,-1.2451162338256836
2734,-4.429014205932617,-5.209691047668457
2735,-0.9281034469604492,2.215658187866211
2736,2.086315155029297,-3.348059892654419
2737,8.541282653808594,-4.476187705993652
2738,-0.08529755473136902,-1.5766785144805908
2739,-0.27021634578704834,2.1088309288024902
2740,0.027590390294790268,0.32652541995048523
2741,0.511396050453186,-8.806831359863281
2742,-7.331789016723633,3.5496392250061035
2743,0.34727373719215393,1.4882909059524536
2744,-1.5696501731872559,1.9782094955444336
2745,-8.486678123474121,-4.976284980773926
2746,-0.4493969678878784,0.05045683681964874
2747,10.27514934539795,-3.771280527114868
2748,-0.18741290271282196,2.3656744956970215
2749,-2.43347430229187,3.1162922382354736
2750,-0.4258083701133728,0.8699426651000977
2751,-0.9969929456710815,0.2664934992790222
2752,-3.39548921585083,4.676540851593018
2753,1.0818660259246826,-1.3467004299163818
2754,7.94500207901001,-0.33100196719169617
2755,-0.2765176594257355,1.8236401081085205
2756,-0.39319244027137756,0.7812875509262085
2757,1.4106740951538086,-3.3505752086639404
2758,-4.437376976013184,-5.112021446228027
2759,5.577816009521484,-1.4196600914001465
2760,-3.3424072265625,-4.849606990814209
2761,-10.695310592651367,-11.265042304992676
2762,1.1536890268325806,4.14309549331665
2763,1.5222281217575073,-1.5356265306472778
2764,7.710260391235352,-3.785295009613037
2765,-0.41492995619773865,0.7795774936676025
2766,-13.899701118469238,-0.8978312015533447
2767,3.206341028213501,-3.491575002670288
2768,3.0254101753234863,-7.653178691864014
2769,1.069197654724121,-3.532768726348877
2770,-0.7207545042037964,-1.777541160583496
2771,-3.1745758056640625,8.677694320678711
2772,-0.5695270299911499,2.713705539703369
2773,10.086967468261719,-4.855273246765137
2774,-6.857678413391113,-2.0032176971435547
2775,-15.402735710144043,-18.254785537719727
2776,3.39792537689209,-2.637552261352539
2777,-5.865185737609863,2.6510977745056152
2778,3.10791015625,-3.487088680267334
2779,-6.058335304260254,2.6153769493103027
2780,-0.29192331433296204,2.2425684928894043
2781,-2.231254816055298,-6.675337314605713
2782,5.199486255645752,-8.63840389251709
2783,-13.284682273864746,-3.2909064292907715
2784,-1.6102312803268433,5.689722537994385
2785,-15.401307106018066,-10.826668739318848
2786,-0.02571484073996544,-2.5364298820495605
2787,10.53416919708252,-4.0785746574401855
2788,1.485690951347351,-1.2119121551513672
2789,0.11684980988502502,0.8978418707847595
2790,-0.30618420243263245,-3.979219913482666
2791,-1.5288227796554565,1.8057610988616943
2792,2.1382737159729004,4.490172863006592
2793,8.477916717529297,-5.255404949188232
2794,-0.3872520625591278,-1.2252339124679565
2795,9.746026039123535,-4.844912528991699
2796,-7.492044448852539,-1.8638445138931274
2797,0.3738521933555603,-1.418613076210022
2798,0.26462990045547485,-5.599093437194824
2799,-8.931156158447266,6.3408966064453125
2800,0.2804602384567261,-4.4462199211120605
2801,5.715985298156738,-0.31012144684791565
2802,1.0401902198791504,-1.2865071296691895
2803,-0.8119401931762695,-0.3307948112487793
2804,-0.3358882665634155,2.4305837154388428
2805,-10.453465461730957,-7.651879787445068
2806,-13.483189582824707,-2.1044387817382812
2807,-3.128141403198242,-5.861696720123291
2808,3.5960092544555664,-7.286223888397217
2809,-6.7027788162231445,1.0647481679916382
2810,1.513306975364685,-6.955582141876221
2811,10.063870429992676,-2.7615811824798584
2812,1.5780922174453735,-1.1746933460235596
2813,1.8325096368789673,-7.010715961456299
2814,1.1543556451797485,-7.426025867462158
2815,-5.902425765991211,-0.49205201864242554
2816,5.177704811096191,-5.156607151031494
2817,-7.921128273010254,3.2819290161132812
2818,3.590999126434326,-9.616260528564453
2819,-0.2638465464115143,0.8675655126571655
2820,-6.290291786193848,3.1443660259246826
2821,2.4536643028259277,-7.858028888702393
2822,-4.3416852951049805,-4.6851725578308105
2823,-0.40357229113578796,1.475213885307312
2824,1.1897231340408325,-4.859791278839111
2825,-2.0011091232299805,2.333568572998047
2826,-0.845160186290741,1.9900095462799072
2827,-16.304380416870117,-7.824159145355225
2828,0.10364794731140137,-1.2599103450775146
2829,-1.9302592277526855,3.0934314727783203
2830,0.8409162759780884,-9.703375816345215
2831,2.9588100910186768,-2.8022620677948
2832,-5.288372993469238,11.493958473205566
2833,10.665972709655762,-4.263663291931152
2834,-8.531901359558105,-2.7261176109313965
2835,-0.26277482509613037,2.744417905807495
2836,-0.13271000981330872,2.0257182121276855
2837,3.1410651206970215,-8.701578140258789
2838,-0.30283570289611816,2.030285596847534
2839,-0.8494702577590942,1.9811029434204102
2840,-0.0796390026807785,-0.004517786204814911
2841,-0.3138136863708496,2.2873103618621826
2842,-0.8356721997261047,2.0462164878845215
2843,0.07073207199573517,1.9873449802398682
2844,-10.624747276306152,-1.431994080543518
2845,0.929451584815979,-5.684322834014893
2846,0.7065774202346802,-1.7579600811004639
2847,11.65534496307373,-1.3839538097381592
2848,8.503830909729004,-1.7128256559371948
2849,11.882407188415527,-2.158914566040039
2850,6.835317611694336,-0.6160779595375061
2851,0.5505746006965637,-1.71897554397583
2852,-0.23802818357944489,2.7878541946411133
2853,-8.281916618347168,-4.7906365394592285
2854,-2.005141019821167,3.1077704429626465
2855,-4.405597686767578,-9.905407905578613
2856,13.739276885986328,-0.6527450084686279
2857,1.7661899328231812,-9.097485542297363
2858,0.8904564380645752,1.2649476528167725
2859,3.54014253616333,-8.974258422851562
2860,0.2120833396911621,-1.4241271018981934
2861,-0.43273213505744934,0.900825560092926
2862,-3.350787401199341,2.3742196559906006
2863,-7.465465545654297,3.4062843322753906
2864,0.041832733899354935,1.7458643913269043
2865,-3.157513380050659,1.8277394771575928
2866,-0.3760283291339874,0.8060439825057983
2867,0.6561476588249207,-7.660074710845947
2868,1.5280635356903076,5.06536865234375
2869,-4.559228420257568,8.476510047912598
2870,0.27125847339630127,1.4346424341201782
2871,6.418427467346191,-2.8234896659851074
2872,0.6008365154266357,-1.9095585346221924
2873,-10.108664512634277,-11.321635246276855
2874,5.606172561645508,-9.07111930847168
2875,11.033360481262207,-4.677785396575928
2876,-0.6025913953781128,-6.490407466888428
2877,1.6040784120559692,-1.6066184043884277
2878,1.6621421575546265,-1.5287100076675415
2879,-0.7895629405975342,-5.5543437004089355
2880,6.30833625793457,-0.8972302675247192
2881,4.62169075012207,-9.151068687438965
2882,2.1393232345581055,-4.092670917510986
2883,-9.62093448638916,-0.3091791868209839
2884,-7.305361747741699,9.86170482635498
2885,-0.4828397333621979,0.5430106520652771
2886,0.7699120044708252,0.053871430456638336
2887,6.466432571411133,-4.767199993133545
2888,-3.871948480606079,-0.3192582428455353
2889,0.7279336452484131,-9.234635353088379
2890,3.046164035797119,-6.127802848815918
2891,1.039001226425171,17.159196853637695
2892,4.4191718101501465,-7.62559175491333
2893,-4.310554027557373,-6.681788444519043
2894,-10.666443824768066,-4.850986480712891
2895,0.24096767604351044,-1.504907250404358
2896,-3.1348862648010254,-3.520745277404785
2897,0.5174179673194885,3.063512086868286
2898,2.351376533508301,-5.9242377281188965
2899,-0.2826739251613617,1.3164515495300293
2900,1.8696666955947876,-1.3013014793395996
2901,0.6956425309181213,-6.681183338165283
2902,-7.94218635559082,3.7857446670532227
2903,0.5909202098846436,-1.2961235046386719
2904,-0.22550471127033234,1.6201903820037842
2905,-7.531070709228516,4.618713855743408
2906,13.412925720214844,-2.5902388095855713
2907,-7.509737968444824,-4.945131301879883
2908,-7.832513809204102,5.196158409118652
2909,-0.23415111005306244,-0.2613717019557953
2910,0.833564281463623,0.12923580408096313
2911,-1.036231517791748,-4.612755298614502
2912,2.3724076747894287,-5.437811851501465
2913,11.790974617004395,-1.304090976715088
2914,1.0341215133666992,-4.751575469970703
2915,13.250648498535156,-3.5053765773773193
2916,3.7610666751861572,16.104515075683594
2917,0.00173230841755867,1.6133198738098145
2918,1.685835838317871,-9.54974365234375
2919,0.010094184428453445,1.267478108406067
2920,-1.0438143014907837,1.1002787351608276
2921,-9.10551929473877,-7.094686508178711
2922,1.003790259361267,-5.989342212677002
2923,6.849180698394775,-0.9942046403884888
2924,-18.968544006347656,-7.465234279632568
2925,-6.601412296295166,-2.5443882942199707
2926,-5.10445499420166,-5.611846446990967
2927,2.410902261734009,-5.90437650680542
2928,-0.6587497591972351,0.9617327451705933
2929,1.4058682918548584,-6.309281826019287
2930,-0.36283403635025024,-0.4827956259250641
2931,-1.678457498550415,2.0187573432922363
2932,-0.4474683701992035,2.0774266719818115
2933,-5.976157188415527,8.93873119354248
2934,6.939750671386719,-3.9394736289978027
2935,0.8679479360580444,-10.418728828430176
2936,1.0229686498641968,0.048007093369960785
2937,-0.8297170400619507,-1.089137077331543
2938,0.7424705624580383,-6.145054340362549
2939,-11.697324752807617,-1.1605780124664307
2940,-0.21414972841739655,2.354574203491211
2941,-2.360142469406128,-4.000284671783447
2942,2.1361448764801025,-4.591379165649414
2943,-8.914168357849121,-9.403373718261719
2944,-2.115691661834717,4.857009410858154
2945,-0.7650496363639832,9.760323524475098
2946,1.13966703414917,-0.609384298324585
2947,0.725986123085022,-4.6454548835754395
2948,-5.663045883178711,-3.6061129570007324
2949,7.441799163818359,-5.5105299949646
2950,-3.3870067596435547,-1.0312526226043701
2951,-0.8982371687889099,3.087386131286621
2952,11.46723461151123,-5.208225727081299
2953,6.093067646026611,-0.4685894548892975
2954,-14.268904685974121,-18.177038192749023
2955,0.1802302747964859,-0.43789100646972656
2956,-11.2713041305542,-7.132587432861328
2957,1.9692825078964233,-1.817566156387329
2958,0.9327555894851685,-1.557970404624939
2959,0.5002992749214172,-1.5318256616592407
2960,2.0133912563323975,-3.7502281665802
2961,-8.532933235168457,-2.586074113845825
2962,-5.361457824707031,-0.5390875339508057
2963,-12.022178649902344,-12.73136043548584
2964,-4.094247817993164,-3.191814422607422
2965,1.4911413192749023,-1.358582615852356
2966,1.7290698289871216,4.365009784698486
2967,-6.937658309936523,-6.423891544342041
2968,9.23177433013916,-3.8892030715942383
2969,-9.458480834960938,3.3468730449676514
2970,3.150620460510254,-9.910327911376953
2971,2.2490196228027344,-4.208950996398926
2972,4.712193489074707,-9.283733367919922
2973,-0.24972860515117645,1.3747820854187012
2974,-0.12031419575214386,1.7117607593536377
2975,0.8674947023391724,-8.755739212036133
2976,-0.2439107745885849,-0.5307896733283997
2977,-2.7612481117248535,-5.393862724304199
2978,-7.750185966491699,1.4079194068908691
2979,0.7870559692382812,-8.837342262268066
2980,-3.237758159637451,-3.209749698638916
2981,-2.6102023124694824,-1.1660178899765015
2982,1.518384337425232,-1.6259490251541138
2983,0.806347668170929,-0.5954139828681946
2984,0.5637842416763306,-0.8949648141860962
2985,8.332073211669922,-1.446249008178711
2986,-0.03210896626114845,-2.5174310207366943
2987,0.7101999521255493,-1.8906315565109253
2988,-2.539112091064453,0.5861731767654419
2989,-5.912265300750732,-2.6251142024993896
2990,0.7498430609703064,-5.563735485076904
2991,4.130455493927002,-8.530064582824707
2992,-12.90886402130127,8.878325462341309
2993,-0.5167481303215027,0.8897154331207275
2994,-9.093066215515137,5.5931077003479
2995,-1.4307764768600464,4.490792274475098
2996,-0.5611517429351807,2.7772367000579834
2997,-1.0046104192733765,0.3035126030445099
2998,1.6931763887405396,3.839568853378296
2999,-5.581103801727295,8.04179573059082
3000,-19.529157638549805,-19.469167709350586
3001,9.924832344055176,-1.9647488594055176
3002,2.6829521656036377,-3.4728856086730957
3003,1.5247331857681274,-9.545371055603027
3004,-12.233107566833496,-2.206493616104126
3005,-3.7553043365478516,-5.623040676116943
3006,0.5616140365600586,0.51872318983078
3007,3.132795810699463,-1.3131486177444458
3008,-9.3346529006958,-6.512753963470459
3009,-0.07506735622882843,1.554323673248291
3010,7.159798622131348,-2.518941879272461
3011,-1.2773702144622803,0.9136203527450562
3012,1.7849723100662231,-9.24942398071289
3013,4.98759126663208,-8.005741119384766
3014,8.406895637512207,-3.4611005783081055
3015,2.5386269092559814,-5.687108516693115
3016,-0.4503283202648163,1.1824980974197388
3017,0.025591928511857986,-3.4192214012145996
3018,-0.4739971458911896,-0.1406092643737793
3019,-4.3388519287109375,-4.041233062744141
3020,-0.3611273765563965,2.878178119659424
3021,2.98468017578125,-8.266709327697754
3022,-0.24649782478809357,2.4598469734191895
3023,-0.10034452378749847,0.6213878393173218
3024,-4.014849662780762,-6.016353130340576
3025,-0.2657591998577118,-0.2292425036430359
3026,7.995038986206055,6.665861129760742
3027,-3.188119888305664,9.85039234161377
3028,9.189921379089355,-5.319753646850586
3029,2.569200277328491,-6.422545909881592
3030,-12.55664348602295,-1.7352559566497803
3031,-1.381464958190918,2.1812732219696045
3032,0.5024268627166748,-3.893622636795044
3033,1.3731749057769775,-2.885540008544922
3034,-0.3666550815105438,1.2365753650665283
3035,-0.5625023245811462,2.460636615753174
3036,3.2362256050109863,-7.172520637512207
3037,-11.168400764465332,-8.038966178894043
3038,-3.882981300354004,-2.9240992069244385
3039,-1.8051533699035645,-3.6121575832366943
3040,2.616518020629883,-7.297896862030029
3041,1.5686497688293457,-4.963683605194092
3042,-2.7785818576812744,4.136746406555176
3043,-4.491405487060547,-2.735783100128174
3044,-0.3257434368133545,0.9236904978752136
3045,1.8338665962219238,-2.175323009490967
3046,-7.3145551681518555,-1.0382784605026245
3047,-8.561439514160156,5.381412506103516
3048,-1.3487142324447632,2.5394175052642822
3049,-0.88512122631073,-1.3159046173095703
3050,-4.477482795715332,-2.6224112510681152
3051,2.1321065425872803,-4.41328763961792
3052,-0.2687831521034241,1.804455280303955
3053,1.594920039176941,-1.0747044086456299
3054,5.9862213134765625,-6.278312683105469
3055,-11.822800636291504,1.2621861696243286
3056,-2.991164207458496,-0.4873332381248474
3057,5.2992658615112305,-5.7606940269470215
3058,5.539512634277344,-6.119485378265381
3059,0.04555966332554817,3.137101411819458
3060,-2.551215648651123,-1.7345845699310303
3061,-10.333325386047363,-15.841622352600098
3062,-0.13949023187160492,1.2610197067260742
3063,2.574627637863159,-3.582857608795166
3064,-0.5551782846450806,-1.0239038467407227
3065,1.072606086730957,-3.4861321449279785
3066,-1.1485674381256104,1.7747164964675903
3067,8.367071151733398,0.5213640928268433
3068,0.8706531524658203,-7.662595272064209
3069,-7.573688507080078,-6.88451623916626
3070,0.5731022357940674,1.990586757659912
3071,3.7402336597442627,-4.278243541717529
3072,-2.7346279621124268,11.213735580444336
3073,-0.39625653624534607,2.252748489379883
3074,1.3832319974899292,-3.0455193519592285
3075,-8.136685371398926,-2.8368124961853027
3076,-2.481072425842285,-11.743046760559082
3077,0.4992513954639435,-1.466443419456482
3078,2.18415904045105,-9.916333198547363
3079,-2.5648109912872314,-7.212423801422119
3080,-3.9935269355773926,-3.383805751800537
3081,0.2576785981655121,-4.0879340171813965
3082,1.898563027381897,-3.273190498352051
3083,2.205648183822632,-9.913595199584961
3084,0.09054708480834961,1.3649275302886963
3085,-0.3043622374534607,1.7547498941421509
3086,-2.0034048557281494,-2.248763084411621
3087,1.2108200788497925,-1.7331817150115967
3088,-13.840229988098145,-14.013301849365234
3089,-11.44446849822998,-3.3566019535064697
3090,-0.09822861850261688,1.4875829219818115
3091,-5.269518852233887,-2.616809844970703
3092,2.42632794380188,-6.258821964263916
3093,-2.8120133876800537,4.382456302642822
3094,1.0072723627090454,2.3548219203948975
3095,-1.748692274093628,4.025652885437012
3096,-1.5765302181243896,-2.0542526245117188
3097,-0.2264138013124466,1.9730286598205566
3098,-2.7347569465637207,9.831838607788086
3099,-5.937495231628418,-2.304614543914795
3100,6.261449337005615,4.060390472412109
3101,1.3167647123336792,-3.148378610610962
3102,2.503878355026245,-2.57621693611145
3103,0.16121350228786469,-4.81450891494751
3104,0.7329690456390381,-7.009006023406982
3105,0.06839169561862946,-1.6208173036575317
3106,10.62360668182373,-4.627570152282715
3107,-2.973111152648926,4.678499698638916
3108,-0.6112540364265442,0.8983964920043945
3109,-3.164736747741699,-0.25027284026145935
3110,0.6128374934196472,-2.417759418487549
3111,-4.886685371398926,-2.7875657081604004
3112,-10.279205322265625,2.4637980461120605
3113,-3.9497549533843994,-4.834638595581055
3114,-4.748514175415039,5.195825576782227
3115,0.6820369362831116,-1.04530930519104
3116,0.3862432539463043,-0.8532977104187012
3117,13.893926620483398,-1.9409490823745728
3118,1.8245199918746948,-1.3962329626083374
3119,1.2575856447219849,-0.47839587926864624
3120,2.331378221511841,-3.6930830478668213
3121,0.08420515060424805,0.24244040250778198
3122,-2.2948660850524902,-2.2713606357574463
3123,0.5730383396148682,1.659041404724121
3124,6.1609954833984375,-1.79022216796875
3125,8.101973533630371,-4.443690299987793
3126,4.539565563201904,-6.733211040496826
3127,-10.120725631713867,-6.42863130569458
3128,-5.660653114318848,5.65040922164917
3129,1.365247368812561,-3.1872475147247314
3130,1.9539140462875366,-3.145763635635376
3131,2.110111951828003,-4.230242729187012
3132,-0.19273726642131805,2.215118408203125
3133,-0.3418656885623932,2.567769765853882
3134,-3.9438412189483643,11.184723854064941
3135,1.912841796875,-4.664772987365723
3136,9.464396476745605,-4.605528831481934
3137,-5.247776508331299,7.948558330535889
3138,2.4304847717285156,-1.8297710418701172
3139,-1.7810190916061401,2.06532621383667
3140,5.180332183837891,-5.477578163146973
3141,2.180640459060669,-2.907744884490967
3142,-0.4855847656726837,2.0501580238342285
3143,-3.439795970916748,13.268414497375488
3144,5.633766174316406,-8.364396095275879
3145,-14.371682167053223,-19.52254295349121
3146,0.04731564596295357,-9.052582740783691
3147,1.5927118062973022,-4.350418567657471
3148,-6.123049259185791,-1.9942127466201782
3149,-1.389958143234253,3.2366490364074707
3150,-1.7796779870986938,4.58890962600708
3151,-0.46747395396232605,2.055044412612915
3152,-5.4562883377075195,5.872137069702148
3153,-4.963212013244629,-0.8675943613052368
3154,-1.7502137422561646,10.543900489807129
3155,-0.43267279863357544,0.9107677936553955
3156,-4.324912071228027,6.429019451141357
3157,-2.828383684158325,-0.42120763659477234
3158,11.83396053314209,-0.759040355682373
3159,-9.163716316223145,-11.095967292785645
3160,1.3072887659072876,-7.971058368682861
3161,-5.252334117889404,-2.5167338848114014
3162,-0.17275743186473846,1.8724055290222168
3163,8.038826942443848,-6.119706630706787
3164,0.015280012041330338,0.6237777471542358
3165,-7.142096519470215,-2.2512896060943604
3166,-0.1949280947446823,10.00112247467041
3167,-4.165950298309326,4.24456262588501
3168,-0.19256527721881866,0.9188973903656006
3169,6.962446212768555,-1.5071451663970947
3170,-5.033380031585693,-0.6096797585487366
3171,3.0332396030426025,-1.260717511177063
3172,-3.3676462173461914,-4.371474742889404
3173,6.662530899047852,-1.4058935642242432
3174,-8.366354942321777,11.536589622497559
3175,0.6053963303565979,-7.356357097625732
3176,-0.4534866511821747,1.8217706680297852
3177,-0.0001003555953502655,1.8949414491653442
3178,-3.704084873199463,6.20880651473999
3179,-1.8402715921401978,4.347949504852295
3180,7.701077461242676,-0.6887770891189575
3181,0.9780824184417725,-6.3194169998168945
3182,-0.12280462682247162,-4.969789505004883
3183,-1.0089665651321411,-2.4672696590423584
3184,-13.114298820495605,-2.5569870471954346
3185,-1.1384894847869873,0.9661962985992432
3186,-2.8437511920928955,5.797236919403076
3187,-7.727819442749023,3.1740853786468506
3188,-0.29986926913261414,1.454961895942688
3189,-0.0282798670232296,2.917773723602295
3190,4.095495223999023,-9.281235694885254
3191,0.6890682578086853,-8.0532808303833
3192,5.819612503051758,-6.809312343597412
3193,-2.0121049880981445,3.6651370525360107
3194,-2.1789965629577637,2.4850118160247803
3195,0.8351888656616211,-0.7654651403427124
3196,1.2855364084243774,-3.122331142425537
3197,10.683711051940918,-3.786682605743408
3198,-1.6290749311447144,-4.029091835021973
3199,0.8838905692100525,2.379464626312256
3200,7.522027015686035,6.3359856605529785
3201,0.17283134162425995,-1.3596198558807373
3202,2.1447296142578125,-2.5032668113708496
3203,1.2491464614868164,-2.839109420776367
3204,0.6624131798744202,-1.7127529382705688
3205,-0.8766996264457703,1.6509528160095215
3206,-7.591350555419922,12.365092277526855
3207,6.007739067077637,-7.8668317794799805
3208,0.7457010746002197,-1.2314846515655518
3209,-9.771544456481934,-2.3904619216918945
3210,2.2940893173217773,-3.8797543048858643
3211,-2.98470139503479,-4.136345863342285
3212,1.5871909856796265,-6.937691688537598
3213,-14.811675071716309,-3.8177828788757324
3214,0.7000877261161804,-4.339842319488525
3215,-0.2103494256734848,0.4485308825969696
3216,1.3750625848770142,0.9079277515411377
3217,6.960271835327148,-5.193944931030273
3218,-0.3992801606655121,-1.288679838180542
3219,-5.541204452514648,5.743010997772217
3220,-5.958439826965332,8.924060821533203
3221,-0.42706048488616943,1.6635007858276367
3222,-7.385073184967041,-6.83292818069458
3223,2.0862796306610107,-7.0492777824401855
3224,-9.485901832580566,-6.58584451675415
3225,6.157993316650391,17.530763626098633
3226,1.5021674633026123,-10.161067008972168
3227,0.2601325511932373,-0.8993919491767883
3228,1.8378983736038208,-1.377658486366272
3229,-1.1436644792556763,-1.2492547035217285
3230,1.2876158952713013,-8.850796699523926
3231,1.9360620975494385,-4.561367034912109
3232,-5.112631797790527,5.1540679931640625
3233,-2.9000072479248047,3.005918502807617
3234,0.23908230662345886,1.4904661178588867
3235,5.990871429443359,-6.442025661468506
3236,-0.035772453993558884,1.8323478698730469
3237,-5.948482036590576,-4.436064720153809
3238,-0.9887768030166626,1.3707530498504639
3239,-1.7370432615280151,2.8438987731933594
3240,-1.6087790727615356,-4.042065143585205
3241,-1.0729072093963623,6.403406620025635
3242,11.342798233032227,-2.522893190383911
3243,1.3543092012405396,4.008070945739746
3244,-1.9192513227462769,-5.836101055145264
3245,2.3196940422058105,-5.524136066436768
3246,-10.393495559692383,-10.777449607849121
3247,-2.263620138168335,1.4214510917663574
3248,0.9865833520889282,0.618853747844696
3249,5.999818801879883,4.1491594314575195
3250,-15.053053855895996,-10.803019523620605
3251,0.485822468996048,-7.297604084014893
3252,-9.349630355834961,-5.877931594848633
3253,10.426299095153809,16.240734100341797
3254,-5.6091532707214355,6.275988578796387
3255,-10.998422622680664,-5.128204822540283
3256,4.702516555786133,-2.29823637008667
3257,-2.3337833881378174,10.997323989868164
3258,1.8165696859359741,-3.940845489501953
3259,0.1454193890094757,-1.220837950706482
3260,6.663438320159912,-0.5411877036094666
3261,-12.45047664642334,1.1037373542785645
3262,-1.7018436193466187,3.741034984588623
3263,-0.2591797411441803,2.2639963626861572
3264,-8.800342559814453,12.236848831176758
3265,1.099783182144165,-3.3582491874694824
3266,9.150984764099121,31.01119613647461
3267,0.8325538039207458,-3.737621784210205
3268,-3.0902814865112305,-3.260082244873047
3269,2.1677908897399902,-3.8828845024108887
3270,6.224557399749756,-0.06273327022790909
3271,2.5187602043151855,-6.179484844207764
3272,4.051684856414795,-6.053943634033203
3273,-0.9540786147117615,-1.4167567491531372
3274,0.015976030379533768,1.4352657794952393
3275,1.3325833082199097,-9.752485275268555
3276,-0.1943894624710083,2.5622167587280273
3277,7.362140655517578,-5.852560043334961
3278,5.397522926330566,-8.643016815185547
3279,1.6612621545791626,1.1615675687789917
3280,2.3644726276397705,2.907571792602539
3281,-0.5875952839851379,0.8652374744415283
3282,6.2178826332092285,-1.5130040645599365
3283,-4.955077171325684,6.393097400665283
3284,7.80134916305542,-3.9350686073303223
3285,0.6589218974113464,0.4166983664035797
3286,-0.2713504731655121,0.9746047258377075
3287,0.8421749472618103,-3.774590015411377
3288,5.865570545196533,0.02099289745092392
3289,-8.716500282287598,0.644542932510376
3290,-14.20711898803711,-10.372339248657227
3291,0.20695878565311432,1.7699880599975586
3292,-12.771531105041504,1.2136116027832031
3293,0.5240228176116943,-6.615539073944092
3294,-11.249676704406738,-5.4214301109313965
3295,0.07604776322841644,1.682938575744629
3296,6.917140960693359,-2.4685044288635254
3297,-8.446186065673828,2.7306466102600098
3298,-3.005789041519165,-5.862168312072754
3299,-0.49308547377586365,1.6584092378616333
3300,1.151820182800293,-8.316218376159668
3301,-1.296791911125183,2.8503146171569824
3302,1.449698567390442,-5.690990924835205
3303,-0.07780420780181885,2.3779842853546143
3304,0.6879241466522217,0.6151387691497803
3305,6.761089324951172,-0.9383969306945801
3306,-3.61515736579895,-5.492079257965088
3307,8.158041000366211,-1.3135234117507935
3308,-4.582223892211914,5.08921480178833
3309,-3.5811967849731445,4.6625189781188965
3310,-0.9250655174255371,2.006530284881592
3311,0.12041376531124115,-1.2011181116104126
3312,-0.5394585132598877,0.845298171043396
3313,-7.800921440124512,-3.832444429397583
3314,-1.6273902654647827,2.8253321647644043
3315,3.114570140838623,-3.1033267974853516
3316,7.534902572631836,-2.651343584060669
3317,-0.42036810517311096,0.9361507892608643
3318,-3.384521961212158,-10.49767017364502
3319,-1.7342044115066528,-6.059326648712158
3320,-0.40815016627311707,0.8151981830596924
3321,0.5261931419372559,2.8638174533843994
3322,8.186650276184082,7.12163782119751
3323,8.69765567779541,8.009042739868164
3324,1.7441903352737427,-9.892240524291992
3325,1.8949222564697266,-3.1041057109832764
3326,1.238226294517517,-4.931816101074219
3327,-1.0502971410751343,-4.532932758331299
3328,-0.2999780476093292,1.9241060018539429
3329,-0.0898556113243103,1.4645671844482422
3330,-3.0683040618896484,3.5825295448303223
3331,-0.3512694537639618,1.9744141101837158
3332,-0.2355150431394577,0.5289818048477173
3333,10.347586631774902,-0.47961947321891785
3334,-7.573296546936035,-2.077359914779663
3335,-6.256231784820557,-12.453292846679688
3336,6.153789520263672,-0.6225488185882568
3337,2.526111602783203,-7.552389621734619
3338,-4.224503517150879,-4.245705604553223
3339,-8.084613800048828,-2.319256544113159
3340,-0.4192170798778534,-1.6294310092926025
3341,1.6447886228561401,-1.9565815925598145
3342,1.9980213642120361,-3.2393417358398438
3343,-7.141253471374512,12.109833717346191
3344,2.9847488403320312,-6.900264263153076
3345,-0.4359608292579651,0.7412785291671753
3346,-0.5982271432876587,2.3994789123535156
3347,-0.11578306555747986,0.708453357219696
3348,7.4015278816223145,-4.126341819763184
3349,-0.27150338888168335,-5.952446460723877
3350,0.1061570793390274,-0.013239480555057526
3351,1.5921308994293213,-5.472213268280029
3352,0.7510115504264832,3.5406627655029297
3353,-0.2871580421924591,2.6011340618133545
3354,-1.0910837650299072,-2.841437578201294
3355,0.6288342475891113,-1.2704908847808838
3356,6.680488586425781,-2.990842342376709
3357,7.44962215423584,-2.4531290531158447
3358,9.985844612121582,-2.264767646789551
3359,-3.4323978424072266,11.14736270904541
3360,-0.38438764214515686,-1.0480999946594238
3361,1.2628753185272217,-1.4792084693908691
3362,0.043749306350946426,1.9249231815338135
3363,-2.7250256538391113,-6.109372138977051
3364,-8.126985549926758,-3.6533634662628174
3365,-3.891537666320801,3.519575595855713
3366,-2.3777413368225098,-5.1217522621154785
3367,-1.0411690473556519,-4.518097877502441
3368,-10.180347442626953,-0.8580484986305237
3369,0.6560601592063904,-1.8883219957351685
3370,-8.612783432006836,-13.42485523223877
3371,-0.3583519458770752,2.273214340209961
3372,-12.176091194152832,-1.2177443504333496
3373,0.7672997713088989,3.109762668609619
3374,3.682394027709961,-9.16031551361084
3375,4.316275119781494,-3.2976856231689453
3376,-13.05675220489502,-6.895218372344971
3377,-2.852005958557129,3.8258094787597656
3378,-10.78099536895752,-7.315195560455322
3379,-14.970909118652344,-6.338390827178955
3380,2.5519230365753174,-5.791100025177002
3381,-0.42601510882377625,1.027166485786438
3382,-0.6017060279846191,2.5172367095947266
3383,-6.461735248565674,-2.7477855682373047
3384,17.269020080566406,11.34665584564209
3385,-0.2955513298511505,-1.8256754875183105
3386,0.06118268519639969,-2.779353380203247
3387,-3.147388219833374,-4.8950018882751465
3388,1.523283839225769,-1.736886978149414
3389,-0.883568525314331,1.5487796068191528
3390,2.1897733211517334,-4.404236316680908
3391,0.2852850556373596,-8.007952690124512
3392,-0.534234881401062,-4.110980033874512
3393,1.1141093969345093,3.037647247314453
3394,0.00670822337269783,1.8928074836730957
3395,2.328580379486084,-0.233099102973938
3396,0.36473822593688965,2.5580248832702637
3397,-1.7083112001419067,2.720505475997925
3398,9.28663158416748,-2.050240993499756
3399,-3.5118675231933594,6.196310520172119
3400,-0.2531334459781647,-0.25881192088127136
3401,-4.621718406677246,4.050025463104248
3402,-1.04615318775177,-3.2915565967559814
3403,-10.008504867553711,-1.2266898155212402
3404,-0.003128107637166977,1.4724438190460205
3405,1.1273133754730225,-6.559138298034668
3406,-1.5655592679977417,2.700407028198242
3407,5.821031093597412,-2.0768070220947266
3408,-0.06837873160839081,1.4935708045959473
3409,-0.0881575345993042,1.3919991254806519
3410,2.8274142742156982,-0.8137632608413696
3411,-0.41019967198371887,1.7024574279785156
3412,1.9969125986099243,-3.1519575119018555
3413,6.973825931549072,-4.058360576629639
3414,-6.397706031799316,9.52040958404541
3415,9.830829620361328,-1.6880688667297363
3416,-0.10136586427688599,2.276824712753296
3417,-7.881621360778809,-7.2886962890625
3418,3.1978559494018555,-0.31843647360801697
3419,-0.2906539738178253,-2.3409249782562256
3420,-2.6643407344818115,11.424687385559082
3421,-3.6129403114318848,-8.506501197814941
3422,6.498806476593018,-1.1343557834625244
3423,-7.540541648864746,1.963843584060669
3424,2.15714430809021,-1.278769612312317
3425,-2.8552684783935547,-3.983811140060425
3426,-8.531553268432617,0.0036639198660850525
3427,10.425204277038574,-2.467160224914551
3428,0.8161823749542236,-1.7078471183776855
3429,1.0464662313461304,-3.951233386993408
3430,-0.17141999304294586,1.7912592887878418
3431,0.6862345933914185,-3.652061700820923
3432,2.0350489616394043,-6.843481540679932
3433,0.4087938666343689,-0.41020435094833374
3434,9.7324800491333,-2.5502331256866455
3435,-1.086669921875,1.7241017818450928
3436,-0.3307478129863739,1.5009291172027588
3437,-4.589357376098633,7.6144280433654785
3438,1.617714762687683,-1.4916194677352905
3439,1.4695876836776733,-10.379984855651855
3440,-0.41947096586227417,0.9964649677276611
3441,-5.185122489929199,-3.6855688095092773
3442,-1.7321772575378418,3.172640085220337
3443,-0.14961624145507812,0.04157356172800064
3444,-2.684903144836426,7.780502796173096
3445,-3.0975985527038574,12.863368034362793
3446,0.6951309442520142,-1.488050103187561
3447,-8.505824089050293,-6.466029167175293
3448,-2.924591302871704,-8.680466651916504
3449,-0.62983638048172,-2.0438427925109863
3450,8.807713508605957,-2.207080602645874
3451,11.342364311218262,-1.240434169769287
3452,-0.25608029961586,2.6646199226379395
3453,-1.524527907371521,2.485283851623535
3454,1.6803330183029175,-7.310974597930908
3455,5.669523239135742,5.0605573654174805
3456,-2.420323371887207,-6.294622898101807
3457,7.559542655944824,-1.109060525894165
3458,-0.3736179769039154,2.2300994396209717
3459,-5.836746692657471,6.302759647369385
3460,0.015244681388139725,1.8150229454040527
3461,0.8498296141624451,-1.6402429342269897
3462,-0.4555228650569916,1.4827145338058472
3463,-0.11736835539340973,1.3059438467025757
3464,2.064162254333496,-6.017673969268799
3465,-9.530573844909668,2.318646192550659
3466,-0.06163559481501579,1.7426410913467407
3467,4.137116432189941,-4.34880256652832
3468,-1.998383641242981,2.3455042839050293
3469,5.66127872467041,-1.2337806224822998
3470,-6.537835121154785,0.6674916744232178
3471,3.7632222175598145,-9.480740547180176
3472,-3.20065975189209,-5.308609485626221
3473,-0.30835291743278503,1.9847846031188965
3474,-5.705693244934082,-8.673691749572754
3475,-0.2629828155040741,1.8791148662567139
3476,-2.6300196647644043,-5.4081010818481445
3477,2.739086389541626,-2.4046218395233154
3478,-5.879149913787842,-5.966460704803467
3479,-3.9178802967071533,-3.2695255279541016
3480,3.6234092712402344,-6.085927963256836
3481,8.094806671142578,-0.392560750246048
3482,-5.6379194259643555,-1.6270570755004883
3483,-0.12381760776042938,1.580854058265686
3484,-0.6664510369300842,0.9467818140983582
3485,-7.902318000793457,13.121654510498047
3486,-0.3208467662334442,2.344723701477051
3487,1.540795922279358,-8.552331924438477
3488,3.9863924980163574,-8.83939266204834
3489,6.395754337310791,-8.357062339782715
3490,7.899097919464111,-1.5412869453430176
3491,-0.125784769654274,2.790699005126953
3492,-13.981581687927246,-0.41116243600845337
3493,-0.3366110622882843,2.036350965499878
3494,1.2905895709991455,-1.380292296409607
3495,3.1082987785339355,-7.0668044090271
3496,-6.007707595825195,-0.5780041217803955
3497,-6.224820137023926,6.484529972076416
3498,-5.110968112945557,8.03825569152832
3499,-20.681392669677734,-9.380828857421875
3500,-0.6576993465423584,-2.5041465759277344
3501,4.613693714141846,-8.987156867980957
3502,1.1037112474441528,-5.292241096496582
3503,-0.16506530344486237,1.8258283138275146
3504,3.9252700805664062,-4.161886692047119
3505,-0.29874905943870544,2.18221116065979
3506,-0.6272327303886414,-5.057576656341553
3507,3.1685054302215576,-2.4051578044891357
3508,1.9834824800491333,2.23934268951416
3509,0.7705234885215759,1.60748291015625
3510,-10.614788055419922,-7.503608226776123
3511,-0.2680024802684784,-7.5731072425842285
3512,1.2097291946411133,0.9051874279975891
3513,0.4170040786266327,-0.05866058170795441
3514,-0.3123675584793091,2.3290672302246094
3515,0.11527462303638458,-0.6627708077430725
3516,-5.157565593719482,9.993218421936035
3517,-0.26682472229003906,-1.9764076471328735
3518,-6.113633632659912,0.6668651103973389
3519,-7.73737096786499,-7.621246814727783
3520,2.578456401824951,-5.856306552886963
3521,-9.347028732299805,12.697927474975586
3522,2.3565049171447754,0.2584872841835022
3523,9.532862663269043,-3.6831791400909424
3524,-8.879705429077148,0.8918056488037109
3525,-5.806416034698486,-1.5743408203125
3526,-18.755483627319336,-5.62495756149292
3527,-0.8958062529563904,1.9332995414733887
3528,6.30009651184082,-3.0663657188415527
3529,-6.596179008483887,12.175079345703125
3530,3.385632276535034,-2.3662543296813965
3531,-6.468140602111816,-1.8232324123382568
3532,-1.1213021278381348,1.643021583557129
3533,-6.652310371398926,12.199204444885254
3534,-3.9193215370178223,-4.21943998336792
3535,5.975506782531738,-1.6670165061950684
3536,0.3604923486709595,-1.8494740724563599
3537,6.1372785568237305,-8.0795259475708
3538,1.4981815814971924,-7.430858612060547
3539,4.508724212646484,-8.205964088439941
3540,-0.32409948110580444,2.6086316108703613
3541,-0.3804566562175751,3.1363306045532227
3542,2.049429416656494,-7.0503153800964355
3543,-0.5772141218185425,2.170916795730591
3544,0.3237450122833252,0.36009588837623596
3545,-2.646481513977051,1.659868597984314
3546,11.04220199584961,-4.726621150970459
3547,-0.47082945704460144,2.8412342071533203
3548,-3.248227119445801,4.12858247756958
3549,-0.5425410866737366,0.314214825630188
3550,-22.993762969970703,-10.470476150512695
3551,-5.041828632354736,6.40762186050415
3552,-10.404982566833496,-7.484713554382324
3553,-3.352606773376465,4.9807658195495605
3554,-7.149497985839844,4.327517986297607
3555,-0.06508089601993561,0.0005466155707836151
3556,1.6857502460479736,-5.513216495513916
3557,-0.3400813341140747,0.9849483966827393
3558,-0.13533098995685577,-0.30065324902534485
3559,-6.559293270111084,-5.730025291442871
3560,0.9004255533218384,0.27277231216430664
3561,-12.415708541870117,-2.5106208324432373
3562,1.2575817108154297,-6.63950777053833
3563,-12.256890296936035,-1.8458126783370972
3564,0.9908585548400879,-0.13611343502998352
3565,-3.5050671100616455,3.6241564750671387
3566,-1.6654421091079712,-2.513270378112793
3567,-7.865130424499512,3.224656820297241
3568,-0.42550045251846313,-4.416438579559326
3569,-0.24666725099086761,2.817479133605957
3570,-5.048154830932617,10.264021873474121
3571,1.3663288354873657,-5.9422383308410645
3572,2.017467975616455,-8.86799144744873
3573,6.098353385925293,-0.7642793655395508
3574,3.143043279647827,-3.6792473793029785
3575,1.7342331409454346,1.276932954788208
3576,1.1072150468826294,-3.075007438659668
3577,12.421321868896484,-2.144357681274414
3578,-1.6168451309204102,3.6745595932006836
3579,-0.6197620034217834,1.4145936965942383
3580,0.1373720020055771,-1.274024248123169
3581,2.385150194168091,-5.8474225997924805
3582,-4.917181968688965,5.08353853225708
3583,-0.20323719084262848,2.0341477394104004
3584,0.5600560903549194,-6.3494672775268555
3585,-5.878954887390137,6.210341930389404
3586,-5.529813766479492,0.00288575142621994
3587,0.8539860248565674,1.181727647781372
3588,-7.302581787109375,1.5712019205093384
3589,1.3137025833129883,-0.7227522134780884
3590,0.5415581464767456,-2.1332316398620605
3591,-12.150337219238281,-3.772246837615967
3592,-0.47026553750038147,-3.981672763824463
3593,-8.031229972839355,3.6986069679260254
3594,-4.637577533721924,-2.859776020050049
3595,-1.0169025659561157,1.677107334136963
3596,-2.5293233394622803,1.327006459236145
3597,-4.290289878845215,7.9712653160095215
3598,0.051451582461595535,1.4187744855880737
3599,6.096863746643066,30.866626739501953
3600,1.4098143577575684,-4.254924774169922
3601,2.7326502799987793,-2.4016971588134766
3602,0.8750317096710205,-5.140120983123779
3603,0.6181397438049316,1.690894365310669
3604,-4.103617191314697,3.518491268157959
3605,1.535119652748108,-4.032837390899658
3606,-16.581809997558594,-11.746082305908203
3607,2.992910146713257,-8.713910102844238
3608,-0.8151181936264038,-2.124579429626465
3609,8.050959587097168,-5.486910343170166
3610,2.070033073425293,-9.131489753723145
3611,-5.2317938804626465,-4.808786392211914
3612,-7.8715009689331055,1.172257900238037
3613,1.3617336750030518,-1.4924310445785522
3614,-0.3920832872390747,1.4455443620681763
3615,-7.544072151184082,8.996603965759277
3616,5.912407398223877,4.195241928100586
3617,-0.2652120292186737,1.7131415605545044
3618,1.4815784692764282,-0.910171389579773
3619,-0.21964426338672638,-0.5156258940696716
3620,0.6020110845565796,-1.8418980836868286
3621,-1.9885770082473755,5.652582168579102
3622,-6.5040459632873535,-6.525546550750732
3623,7.810760498046875,-1.4153743982315063
3624,0.80757737159729,-1.900608777999878
3625,2.3871662616729736,-7.218813896179199
3626,-6.741260528564453,1.9270353317260742
3627,-0.8015917539596558,0.028888754546642303
3628,0.3050793707370758,-0.9577093124389648
3629,5.788791656494141,-7.077505588531494
3630,12.401448249816895,-2.1594398021698
3631,2.4044668674468994,-3.9953737258911133
3632,-4.125957489013672,5.420136451721191
3633,-0.49859991669654846,2.4066250324249268
3634,-1.8884655237197876,12.36767292022705
3635,0.6042465567588806,-1.8205093145370483
3636,2.178635835647583,-3.3734378814697266
3637,-7.836601257324219,-7.203731060028076
3638,-16.062196731567383,-10.95166301727295
3639,0.8708162903785706,3.3526206016540527
3640,-6.100177764892578,8.726410865783691
3641,5.882102966308594,-1.1726486682891846
3642,-7.429949760437012,3.1086831092834473
3643,0.5371039509773254,-0.6948637962341309
3644,1.0093505382537842,-3.2455708980560303
3645,-6.840728759765625,-2.6282501220703125
3646,-1.4470447301864624,-2.14137601852417
3647,13.432724952697754,-1.2966187000274658
3648,6.644587516784668,-1.5548371076583862
3649,0.5024588108062744,-1.4630141258239746
3650,1.2205849885940552,-1.2832372188568115
3651,2.0594046115875244,-3.42830228805542
3652,-5.6823811531066895,-2.162569761276245
3653,6.703606605529785,-1.2885925769805908
3654,-5.438602447509766,-3.5425825119018555
3655,3.2699105739593506,-7.42020845413208
3656,2.9075379371643066,-5.769275665283203
3657,7.165994167327881,17.66289520263672
3658,-4.18698263168335,4.4096760749816895
3659,-6.366726398468018,-0.6737675070762634
3660,0.4730072021484375,1.7496353387832642
3661,2.9786789417266846,-2.7134594917297363
3662,-13.563763618469238,-4.581617832183838
3663,3.225847005844116,-2.819979429244995
3664,-1.5254194736480713,-4.686503887176514
3665,-12.98896312713623,-6.16888952255249
3666,-0.3108316957950592,1.476125717163086
3667,-1.3149434328079224,-0.529995322227478
3668,0.3740400969982147,-1.760387659072876
3669,3.8140780925750732,-7.085412502288818
3670,-0.3905635178089142,2.290611743927002
3671,7.149984359741211,-8.074650764465332
3672,10.05102825164795,-1.2668163776397705
3673,-4.827493667602539,-2.684940814971924
3674,1.8140209913253784,-1.3933444023132324
3675,-20.416603088378906,-20.823434829711914
3676,0.15532952547073364,2.8608789443969727
3677,-0.2992854714393616,-0.3032348155975342
3678,3.0839500427246094,-9.883366584777832
3679,1.685866355895996,-1.3317875862121582
3680,-6.416992664337158,-2.168335199356079
3681,1.104838490486145,2.7510948181152344
3682,-0.30283233523368835,-0.3462097942829132
3683,-2.543382167816162,-1.8719863891601562
3684,-14.53925895690918,-15.131611824035645
3685,0.8783124089241028,-1.8056552410125732
3686,-1.7000285387039185,1.1375172138214111
3687,0.25353237986564636,1.7589046955108643
3688,4.999296188354492,-8.283167839050293
3689,3.400294780731201,-2.3721485137939453
3690,1.4661990404129028,-0.4329223930835724
3691,1.541015625,-2.9098610877990723
3692,0.3590185344219208,-1.188352108001709
3693,7.094940662384033,-1.6928719282150269
3694,0.16083815693855286,-0.6773574948310852
3695,-7.179759979248047,9.932826042175293
3696,-7.444831848144531,-6.033306121826172
3697,0.150641068816185,-0.4706752598285675
3698,-0.42964914441108704,-0.17171165347099304
3699,0.5887377262115479,-0.4584333598613739
3700,-8.805624961853027,-3.773256778717041
3701,6.340591907501221,-5.189849376678467
3702,-1.2811939716339111,2.475681781768799
3703,-1.5619019269943237,3.682312488555908
3704,0.03208886459469795,2.825961112976074
3705,-0.10548390448093414,1.47196626663208
3706,6.221447944641113,-0.8317735195159912
3707,1.3813190460205078,1.013161063194275
3708,1.6522330045700073,4.0023512840271
3709,-6.993942737579346,-4.994882106781006
3710,6.955931663513184,-2.6202409267425537
3711,-0.029653411358594894,1.6715372800827026
3712,-7.344415664672852,-5.777445316314697
3713,-4.993000030517578,10.644057273864746
3714,-0.1988946497440338,1.4359807968139648
3715,-0.23682911694049835,2.149939775466919
3716,-16.150531768798828,-18.14356803894043
3717,0.23957808315753937,0.1430501639842987
3718,-0.8030818700790405,0.8639711141586304
3719,1.3690627813339233,-0.6714785695075989
3720,0.10395993292331696,-1.107645034790039
3721,-1.1854439973831177,1.7707014083862305
3722,0.6236531734466553,-1.305804967880249
3723,0.7887043356895447,2.6982460021972656
3724,1.3319011926651,-3.84049654006958
3725,1.4465018510818481,-3.6565563678741455
3726,3.6292667388916016,-3.8153414726257324
3727,0.8484350442886353,3.4247124195098877
3728,-10.4721040725708,-7.847696781158447
3729,0.8394627571105957,-6.662785053253174
3730,8.969094276428223,-0.45514896512031555
3731,-2.0637426376342773,2.304143190383911
3732,2.125626564025879,-5.701415538787842
3733,-0.1282421350479126,-2.410611629486084
3734,-2.7641940116882324,4.18204402923584
3735,2.8094558715820312,3.4547719955444336
3736,5.29880428314209,-5.973931312561035
3737,-0.11621886491775513,1.8267406225204468
3738,0.6273670792579651,1.7731870412826538
3739,14.099360466003418,-3.659815788269043
3740,0.4000507891178131,-1.0100764036178589
3741,1.8714754581451416,3.5627832412719727
3742,1.281143069267273,-4.326547145843506
3743,-1.4470338821411133,3.0365941524505615
3744,-0.4421617090702057,-6.345034122467041
3745,0.9726996421813965,-1.6408615112304688
3746,2.2455782890319824,-4.927422523498535
3747,9.9265718460083,-2.5082929134368896
3748,-8.824542045593262,-3.643962860107422
3749,-9.397809982299805,-3.138413906097412
3750,-5.41699743270874,11.08559799194336
3751,1.627851963043213,1.2844867706298828
3752,-0.26369044184684753,2.6798202991485596
3753,0.3894316852092743,-0.2796410322189331
3754,-0.04938983544707298,2.535465717315674
3755,2.2652084827423096,-3.904301166534424
3756,11.144082069396973,-2.177995443344116
3757,2.8063790798187256,-8.368234634399414
3758,-3.9546196460723877,-2.265125036239624
3759,-3.4512290954589844,2.433161973953247
3760,3.367619037628174,0.4893856346607208
3761,1.395071268081665,-2.148420572280884
3762,-8.65068531036377,2.763038158416748
3763,10.676319122314453,-4.474951267242432
3764,-3.6013853549957275,4.219954967498779
3765,-2.590193033218384,-7.875617504119873
3766,-8.803923606872559,3.518150806427002
3767,0.29341793060302734,-1.633731484413147
3768,-0.13356292247772217,-0.29675889015197754
3769,1.5893630981445312,-0.3447670638561249
3770,-3.4268860816955566,1.9885778427124023
3771,1.896019458770752,-3.027472972869873
3772,-10.56600284576416,1.007050633430481
3773,12.054288864135742,-0.9034898281097412
3774,3.3114211559295654,-7.659933567047119
3775,1.0831071138381958,-4.164764404296875
3776,5.710291385650635,-3.9898364543914795
3777,-0.04198595508933067,-2.608612298965454
3778,-7.251694679260254,-8.078750610351562
3779,-1.7114912271499634,9.863283157348633
3780,-2.0046756267547607,2.936858654022217
3781,6.7721333503723145,-2.990297317504883
3782,-3.966003894805908,4.087497234344482
3783,4.6602325439453125,-7.516190052032471
3784,-6.098977088928223,-2.1342012882232666
3785,-2.2493202686309814,-0.7633611559867859
3786,-0.09767632186412811,-0.06160985678434372
3787,1.7780952453613281,-2.25483775138855
3788,-0.005694027990102768,1.5660704374313354
3789,-7.560129165649414,-3.627444267272949
3790,0.5640379190444946,-0.06354058533906937
3791,-2.9946184158325195,5.507379055023193
3792,0.4757060110569,1.782449722290039
3793,1.44705069065094,-3.9401566982269287
3794,0.661982536315918,-0.9093521237373352
3795,0.27858471870422363,1.8967103958129883
3796,-6.1398725509643555,-2.8741517066955566
3797,-2.044732093811035,8.583290100097656
3798,7.608253002166748,-0.7352801561355591
3799,-3.830871820449829,9.022149085998535
3800,-4.820868015289307,-0.5341951847076416
3801,1.16633141040802,-2.3213043212890625
3802,0.6396546363830566,-0.8165844678878784
3803,-0.24732817709445953,2.7021636962890625
3804,0.8982728719711304,0.8530811667442322
3805,1.470133662223816,-1.4558290243148804
3806,0.7750360369682312,-2.2985966205596924
3807,0.33700206875801086,1.7490952014923096
3808,0.26548516750335693,2.2151689529418945
3809,3.0287117958068848,-3.91847562789917
3810,2.020522356033325,-5.743869304656982
3811,13.9352388381958,-1.7208176851272583
3812,2.045727252960205,-6.508633136749268
3813,2.0198254585266113,-5.547103404998779
3814,5.980945587158203,-6.362508296966553
3815,1.6934055089950562,2.1368937492370605
3816,0.7239324450492859,-0.5820186734199524
3817,-5.231264114379883,-2.7437825202941895
3818,1.107763409614563,16.920608520507812
3819,0.3377908170223236,1.979236125946045
3820,0.04810096696019173,1.6440966129302979
3821,-10.263447761535645,-10.634836196899414
3822,-0.33009421825408936,0.8531612157821655
3823,-1.0658129453659058,1.6586438417434692
3824,0.548384428024292,-8.784379959106445
3825,0.4832729399204254,2.993382453918457
3826,9.955450057983398,-1.7527234554290771
3827,-0.1813666671514511,-0.10581476986408234
3828,0.6204234957695007,2.150869131088257
3829,-17.19174575805664,-4.424740314483643
3830,-0.3642179071903229,2.458995819091797
3831,-0.2861488461494446,2.3962221145629883
3832,2.035902738571167,0.33546870946884155
3833,2.009979724884033,-1.8924444913864136
3834,-2.2049338817596436,0.25637736916542053
3835,1.9999840259552002,3.960559368133545
3836,1.042434573173523,-0.5602102279663086
3837,-0.564354419708252,-2.8215959072113037
3838,-6.393110275268555,-3.1882758140563965
3839,-1.9035228490829468,2.067840099334717
3840,1.0035127401351929,-5.917435169219971
3841,-6.609683990478516,-3.975067615509033
3842,5.237575054168701,-9.21882438659668
3843,0.20504532754421234,2.808450222015381
3844,10.984030723571777,-5.407140254974365
3845,-11.241217613220215,-1.8354816436767578
3846,7.17189884185791,-3.0398948192596436
3847,3.0563786029815674,-8.750689506530762
3848,-11.30279541015625,-10.652962684631348
3849,0.6544864177703857,0.5955290794372559
3850,-0.6754302978515625,1.9708540439605713
3851,14.713173866271973,-3.566277027130127
3852,-10.317296028137207,-1.314753532409668
3853,-0.6017762422561646,2.176962375640869
3854,0.30123069882392883,-1.311528205871582
3855,-2.2558560371398926,-3.776580333709717
3856,-0.2795255780220032,2.4848790168762207
3857,1.9030147790908813,-1.4936928749084473
3858,-5.910565376281738,-1.7244123220443726
3859,-0.7204344272613525,-2.027745008468628
3860,-3.732668161392212,11.503478050231934
3861,7.126026153564453,-3.636439800262451
3862,2.1250925064086914,-0.41669711470603943
3863,2.119567394256592,-8.832671165466309
3864,0.6200335025787354,0.193200021982193
3865,0.05967830494046211,-2.372816562652588
3866,-20.578367233276367,-19.575284957885742
3867,-1.1143182516098022,11.862091064453125
3868,4.265794277191162,-8.824233055114746
3869,-0.16879650950431824,2.5613558292388916
3870,-8.691622734069824,-1.730499029159546
3871,-16.546680450439453,-18.859529495239258
3872,-0.37603065371513367,2.3003952503204346
3873,-1.4483424425125122,-2.029702663421631
3874,1.207676887512207,-2.277305841445923
3875,2.6154754161834717,-2.7660951614379883
3876,0.7345832586288452,-7.055781364440918
3877,2.018204689025879,-3.1730732917785645
3878,-7.174546241760254,8.695244789123535
3879,-8.003783226013184,-2.4376862049102783
3880,3.617189884185791,-8.015056610107422
3881,-0.02005622908473015,2.5617761611938477
3882,3.487232208251953,-9.924888610839844
3883,-6.578892707824707,-5.425553321838379
3884,0.7549988627433777,1.5693846940994263
3885,2.917616367340088,-2.4858527183532715
3886,-12.093457221984863,3.2673680782318115
3887,1.7239059209823608,-1.4095098972320557
3888,-7.981581687927246,3.53594970703125
3889,-1.2105244398117065,2.363556385040283
3890,0.5994868278503418,-1.8005521297454834
3891,2.5725977420806885,2.6348514556884766
3892,-0.9690989255905151,2.612396717071533
3893,-8.040265083312988,-2.4567766189575195
3894,7.715572357177734,-5.868791103363037
3895,7.706088066101074,-3.5302493572235107
3896,-9.371906280517578,-0.5857649445533752
3897,-1.745587944984436,8.914536476135254
3898,-10.380093574523926,0.41306719183921814
3899,-0.05823593959212303,2.4635233879089355
3900,-0.41549140214920044,1.8548368215560913
3901,-0.021769773215055466,1.9681835174560547
3902,12.491026878356934,-2.428795337677002
3903,0.12977749109268188,1.3041932582855225
3904,4.4784955978393555,-9.051639556884766
3905,5.629068374633789,-2.3748226165771484
3906,-8.023667335510254,-2.7251017093658447
3907,-0.08180384337902069,0.9611477851867676
3908,-5.868512153625488,5.984212875366211
3909,-0.3405010402202606,2.4494824409484863
3910,-2.621856689453125,0.9307221174240112
3911,1.7861169576644897,1.6843647956848145
3912,-3.462393045425415,3.0082437992095947
3913,-1.1001167297363281,-2.7057244777679443
3914,-4.480165481567383,10.056057929992676
3915,-0.4046090841293335,-1.7914800643920898
3916,1.0101838111877441,-7.146729469299316
3917,-1.1206445693969727,-5.355069637298584
3918,8.348801612854004,-4.841145038604736
3919,1.1675165891647339,-7.453013896942139
3920,-6.165454864501953,-6.573281764984131
3921,-0.23770616948604584,0.8345922827720642
3922,-3.054140090942383,-3.2644591331481934
3923,-0.28850141167640686,2.110808849334717
3924,0.8217814564704895,-0.08292721956968307
3925,-2.9945461750030518,-0.12639281153678894
3926,-1.4060418605804443,8.87707233428955
3927,-4.112766265869141,4.881657123565674
3928,-4.449711799621582,8.81126880645752
3929,-0.22182242572307587,1.6195008754730225
3930,-0.017803307622671127,-0.7617557644844055
3931,0.029062259942293167,1.5223591327667236
3932,-2.901787757873535,4.128324031829834
3933,0.4916762411594391,-7.287036418914795
3934,-7.810532569885254,-6.176148891448975
3935,-5.8112077713012695,0.26015499234199524
3936,-14.084620475769043,-0.4762008488178253
3937,-0.22122211754322052,1.569502353668213
3938,-0.1804923117160797,-0.3657442629337311
3939,0.6030034422874451,1.7221484184265137
3940,1.4254653453826904,4.3136796951293945
3941,-0.8158998489379883,-0.12418333441019058
3942,-1.5294965505599976,-1.6683788299560547
3943,8.093770027160645,-6.2258524894714355
3944,-2.5648317337036133,2.2158288955688477
3945,0.9989310503005981,-5.578301906585693
3946,-8.828459739685059,3.408266067504883
3947,1.217955231666565,-3.5693647861480713
3948,-4.270852088928223,4.003523349761963
3949,6.649585247039795,-0.9501246213912964
3950,0.4586865305900574,-1.72062349319458
3951,-1.4429577589035034,8.291257858276367
3952,-0.6275081634521484,0.8487693667411804
3953,0.29544755816459656,-0.9989742040634155
3954,0.015010256320238113,2.167269229888916
3955,6.180477619171143,29.256494522094727
3956,-4.012326240539551,2.598207950592041
3957,1.209898591041565,-0.7533804774284363
3958,-1.0294662714004517,-1.8823585510253906
3959,-5.218007564544678,-2.3035383224487305
3960,2.2275402545928955,-0.10225280374288559
3961,-9.981786727905273,5.84555196762085
3962,-0.37084242701530457,2.531583070755005
3963,6.963542938232422,6.106507301330566
3964,-2.7439887523651123,10.903175354003906
3965,1.8860324621200562,-1.468266487121582
3966,-0.5305231213569641,2.2183477878570557
3967,10.056702613830566,39.04239273071289
3968,0.8583486080169678,-0.08811597526073456
3969,0.510227620601654,0.42674481868743896
3970,9.629988670349121,-2.303891181945801
3971,-0.6541832685470581,1.6184117794036865
3972,-1.5915544033050537,4.453542232513428
3973,7.487845420837402,-2.0859336853027344
3974,-10.668660163879395,1.6320030689239502
3975,0.6495555639266968,-1.5170457363128662
3976,0.10369201004505157,1.6519653797149658
3977,1.6725486516952515,-1.4702216386795044
3978,-0.8633290529251099,1.3647401332855225
3979,-4.6414713859558105,9.437019348144531
3980,-4.118487358093262,-3.227677822113037
3981,9.073094367980957,-1.8676782846450806
3982,0.34569838643074036,0.7686156034469604
3983,13.537944793701172,-1.2951968908309937
3984,2.8414368629455566,-0.05015946924686432
3985,2.8042759895324707,3.5400075912475586
3986,0.6800042986869812,-0.7685849666595459
3987,-1.5005346536636353,2.0568807125091553
3988,-0.09705735743045807,1.7704565525054932
3989,-0.23518668115139008,2.656367778778076
3990,-0.5068170428276062,-0.13615122437477112
3991,-1.0987581014633179,9.55420970916748
3992,1.8355960845947266,-4.213642120361328
3993,0.407368540763855,0.3541633188724518
3994,2.171029567718506,-4.7359299659729
3995,-4.445587158203125,10.594330787658691
3996,-2.1679625511169434,2.646747350692749
3997,2.013976812362671,17.557340621948242
3998,0.20841087400913239,11.695494651794434
3999,-7.244996547698975,2.4068946838378906
4000,-0.08784632384777069,-2.9669418334960938
4001,7.558320045471191,-5.978489398956299
4002,-5.903314113616943,9.055116653442383
4003,-0.7816545367240906,-2.5600945949554443
4004,0.1586076319217682,2.7236599922180176
4005,-0.07535988092422485,-2.8506956100463867
4006,2.0289394855499268,-3.7157652378082275
4007,-10.14675235748291,-6.951122283935547
4008,0.01210596039891243,-6.221968173980713
4009,-6.599835395812988,-2.1370656490325928
4010,3.2502341270446777,-8.738239288330078
4011,-5.776735305786133,-3.237013101577759
4012,-1.674324631690979,0.7582173347473145
4013,-7.50778865814209,-2.6790966987609863
4014,0.14498555660247803,-1.5086591243743896
4015,-1.5117520093917847,2.596486806869507
4016,10.79504108428955,0.8355209827423096
4017,-7.708571434020996,-3.7670302391052246
4018,6.570343971252441,-1.8256382942199707
4019,-0.23004050552845,-1.3561512231826782
4020,7.130388259887695,-3.0765228271484375
4021,0.9188274145126343,-7.440087795257568
4022,6.624210357666016,-5.407842636108398
4023,2.9568607807159424,-6.646545886993408
4024,3.8490242958068848,-2.287893295288086
4025,-10.84328556060791,-7.893239498138428
4026,-0.13794757425785065,1.5224800109863281
4027,-0.5167635083198547,1.3948476314544678
4028,1.102586269378662,-2.7191977500915527
4029,2.194526195526123,-3.446765422821045
4030,-0.3216189444065094,2.4656689167022705
4031,-1.417087197303772,-0.06189809739589691
4032,-0.1689256876707077,0.7574784755706787
4033,2.586193799972534,4.359654903411865
4034,-1.0269864797592163,2.491847038269043
4035,3.283698558807373,12.047844886779785
4036,-0.831386387348175,2.1937243938446045
4037,5.693221092224121,-6.10337495803833
4038,-0.45520123839378357,-0.5627651810646057
4039,9.975775718688965,-2.518826961517334
4040,-0.4463269114494324,1.668440580368042
4041,-9.726216316223145,1.661705732345581
4042,1.031134843826294,-8.927188873291016
4043,-0.21917127072811127,1.5683339834213257
4044,2.1828155517578125,-3.9426565170288086
4045,-5.836292266845703,-2.420501947402954
4046,-0.19198016822338104,1.2277114391326904
4047,-7.689574241638184,-3.049985408782959
4048,-10.64536190032959,-4.974345684051514
4049,-0.02060682699084282,3.0761122703552246
4050,0.31329458951950073,-2.2842161655426025
4051,-2.9729065895080566,12.217495918273926
4052,8.216230392456055,-2.8573110103607178
4053,0.773370087146759,3.0148677825927734
4054,0.790544867515564,0.09631749242544174
4055,6.632835388183594,-3.0808990001678467
4056,1.095489740371704,0.7814295291900635
4057,-6.676576614379883,6.99525785446167
4058,-21.607452392578125,-10.832243919372559
4059,-0.4144648313522339,0.9637230634689331
4060,1.6212464570999146,-1.9524283409118652
4061,-0.34781864285469055,2.8183133602142334
4062,-11.661901473999023,-5.775300025939941
4063,-3.083331346511841,4.485926151275635
4064,-2.4522480964660645,3.116764545440674
4065,1.951197862625122,-1.5581696033477783
4066,-11.410449028015137,-7.858778953552246
4067,-7.148866653442383,-0.5663012266159058
4068,6.806788444519043,-1.9070587158203125
4069,-3.3349266052246094,2.4337096214294434
4070,12.3163423538208,-1.9644252061843872
4071,7.481051921844482,-8.38569164276123
4072,-2.4457671642303467,-4.806548595428467
4073,1.445509433746338,-8.582045555114746
4074,-1.8983441591262817,-0.4627645015716553
4075,-2.6801602840423584,2.1033434867858887
4076,-0.6524640917778015,-3.733609437942505
4077,-6.25297737121582,7.272878170013428
4078,-7.344631195068359,-1.239108681678772
4079,-1.760459065437317,7.857510566711426
4080,7.752029895782471,-4.0987324714660645
4081,-0.3342554271221161,2.2918007373809814
4082,3.227437973022461,-5.902430534362793
4083,-7.060042381286621,-1.7226881980895996
4084,-8.227328300476074,3.803400993347168
4085,9.009735107421875,-4.992744445800781
4086,1.1339105367660522,-1.4575861692428589
4087,-0.09927724301815033,1.8365082740783691
4088,-0.20625977218151093,1.474241852760315
4089,-0.0600842721760273,-0.7482182383537292
4090,6.764473915100098,-5.788178443908691
4091,-12.85583782196045,2.1196367740631104
4092,-3.544015884399414,2.3424782752990723
4093,9.46768856048584,-2.322169065475464
4094,8.222439765930176,-0.6865050792694092
4095,9.575011253356934,-1.965017318725586
4096,-8.566754341125488,3.179584503173828
4097,-12.195178031921387,1.1924004554748535
4098,5.878847122192383,-5.76381254196167
4099,-2.5438451766967773,3.062286853790283
4100,-7.070535659790039,0.7704784870147705
4101,-0.18881765007972717,-2.6620664596557617
4102,0.20334380865097046,1.9306931495666504
4103,-8.294499397277832,3.5871071815490723
4104,7.653887748718262,-4.492427825927734
4105,12.12605094909668,-2.943734884262085
4106,-11.201493263244629,-0.7293381690979004
4107,-2.9486536979675293,2.0496985912323
4108,-3.41701602935791,5.735192775726318
4109,0.6828507781028748,-1.8133491277694702
4110,-0.4038388729095459,1.1087063550949097
4111,0.5975914001464844,-0.8587119579315186
4112,-0.2883675992488861,-0.4060486853122711
4113,1.6250035762786865,-6.026675701141357
4114,-9.238249778747559,-6.658526420593262
4115,8.955403327941895,-0.6265813708305359
4116,2.4956111907958984,-5.446377754211426
4117,-2.428138256072998,4.995641708374023
4118,-0.42577242851257324,0.9906675815582275
4119,0.21017174422740936,-7.06424617767334
4120,0.5877854228019714,-1.547410488128662
4121,-5.104604244232178,-0.7012802362442017
4122,-2.526437282562256,-4.4504618644714355
4123,-12.190652847290039,-2.001110792160034
4124,2.3213510513305664,-1.1585447788238525
4125,0.23235361278057098,-0.6824154853820801
4126,1.910107135772705,-6.958226680755615
4127,-0.4405321478843689,0.7660514712333679
4128,0.9472204446792603,1.3749511241912842
4129,-2.266890287399292,5.962244510650635
4130,0.7480030059814453,1.3347830772399902
4131,8.276856422424316,-2.659170389175415
4132,-0.34903058409690857,2.5230414867401123
4133,1.3280856609344482,-0.6218752861022949
4134,-2.729426145553589,0.6360567212104797
4135,-5.668469429016113,6.37407922744751
4136,-0.681839108467102,-1.6213576793670654
4137,-2.747762680053711,0.029646776616573334
4138,0.8060706853866577,-1.268836259841919
4139,0.5027210116386414,-6.318524360656738
4140,-0.13286800682544708,1.441096305847168
4141,-7.212275981903076,-8.29712200164795
4142,7.931368350982666,-0.5142855048179626
4143,-18.040714263916016,-16.027366638183594
4144,-1.7344168424606323,9.558608055114746
4145,7.1451191902160645,-3.6915524005889893
4146,-2.986147880554199,3.102560043334961
4147,9.94051742553711,-4.133925437927246
4148,-0.31499505043029785,-2.3373584747314453
4149,6.400120735168457,-1.0080856084823608
4150,-0.1316116601228714,-1.2372175455093384
4151,-0.09065540134906769,1.6249463558197021
4152,7.573739528656006,-5.465370178222656
4153,10.001296997070312,-3.6267852783203125
4154,0.7745025157928467,2.3375730514526367
4155,-3.2615835666656494,3.2240614891052246
4156,-9.34641170501709,-12.546561241149902
4157,11.481390953063965,-2.95200777053833
4158,1.9524329900741577,-8.712912559509277
4159,-5.659971237182617,-5.682425022125244
4160,2.0692028999328613,-0.6304242610931396
4161,0.9846060276031494,-4.568218231201172
4162,-0.17426326870918274,2.4988656044006348
4163,7.845400810241699,-5.935695171356201
4164,9.3923978805542,-2.7982938289642334
4165,0.20726518332958221,-5.823231220245361
4166,-4.59306526184082,-1.813878059387207
4167,-1.9048105478286743,2.6193995475769043
4168,0.08325055241584778,-0.8150242567062378
4169,-1.2459901571273804,0.9217576384544373
4170,-0.0373157374560833,1.5588728189468384
4171,-1.2176562547683716,1.6932023763656616
4172,-0.6858230233192444,-0.10301639884710312
4173,1.2029730081558228,-1.6896320581436157
4174,-6.754168510437012,-2.5017435550689697
4175,-11.31731128692627,-5.821686267852783
4176,-7.859249591827393,10.109223365783691
4177,-2.85337233543396,-2.362999439239502
4178,2.1206116676330566,-3.354539394378662
4179,-3.634500741958618,8.613371849060059
4180,-0.8286089301109314,1.975511074066162
4181,-0.08223721385002136,-0.0864294245839119
4182,5.382445335388184,-5.829244136810303
4183,-0.3877952992916107,-1.4267734289169312
4184,-1.115939736366272,2.3468542098999023
4185,11.40949535369873,-0.7909454107284546
4186,-0.21616144478321075,2.8986012935638428
4187,-2.139085054397583,13.064512252807617
4188,0.36812758445739746,1.600071668624878
4189,2.813735008239746,3.8368051052093506
4190,6.510964870452881,-1.399445652961731
4191,0.08006787300109863,3.2457261085510254
4192,-5.266572952270508,-4.021470546722412
4193,-9.180962562561035,4.511523723602295
4194,0.7253411412239075,1.561543345451355
4195,-0.04540827497839928,-0.3115421235561371
4196,0.9464007616043091,-2.61392879486084
4197,0.02904539182782173,-4.540480613708496
4198,0.7836002111434937,-1.2090166807174683
4199,-1.430179238319397,3.1276116371154785
4200,-1.211692214012146,2.540731906890869
4201,1.6762765645980835,-0.06539402157068253
4202,-4.600203514099121,-5.933894634246826
4203,2.0713376998901367,-3.3452608585357666
4204,1.6559821367263794,-2.8293771743774414
4205,-0.0630086362361908,2.9484877586364746
4206,1.916885256767273,-1.7868554592132568
4207,-2.7238693237304688,3.8133089542388916
4208,-4.968056678771973,3.776301383972168
4209,-0.29124125838279724,2.2735230922698975
4210,-13.984485626220703,-5.994348049163818
4211,-17.717636108398438,-19.943994522094727
4212,1.6991394758224487,-1.2995343208312988
4213,-0.5218490958213806,0.8706831336021423
4214,-5.943157196044922,0.535201907157898
4215,0.9194731712341309,-4.659609794616699
4216,6.260537147521973,5.707390308380127
4217,-10.130378723144531,-6.808917045593262
4218,3.0197393894195557,14.62607192993164
4219,-8.297032356262207,-7.049633026123047
4220,0.7149165272712708,1.960453987121582
4221,-10.45435619354248,1.058115839958191
4222,-0.3612959682941437,0.7226402759552002
4223,0.08584798872470856,2.073362112045288
4224,-1.1666542291641235,0.9815661907196045
4225,0.08276082575321198,1.8459101915359497
4226,2.0251822471618652,-1.4012317657470703
4227,-0.5373845100402832,1.9982290267944336
4228,0.20822112262248993,-1.4817395210266113
4229,3.011639356613159,-6.554173946380615
4230,2.094360828399658,22.54353141784668
4231,-0.4678725302219391,1.0545518398284912
4232,-0.09118039906024933,2.5832762718200684
4233,-0.6346651911735535,2.144279956817627
4234,0.9863883256912231,-0.7713290452957153
4235,-0.2623854875564575,-3.8333797454833984
4236,-0.34830018877983093,-5.348240375518799
4237,-1.6889246702194214,9.326948165893555
4238,-5.728296279907227,10.440014839172363
4239,1.6381880044937134,-6.727909564971924
4240,-2.3923254013061523,3.9204466342926025
4241,11.455924034118652,0.7191586494445801
4242,3.4233129024505615,-5.782902240753174
4243,0.34029367566108704,0.177005797624588
4244,1.757908821105957,-2.5595703125
4245,1.1055070161819458,-0.10472999513149261
4246,8.306264877319336,-0.7862284779548645
4247,-1.7148479223251343,4.079063892364502
4248,-0.8903025388717651,-0.5508702397346497
4249,-8.446669578552246,-7.4219746589660645
4250,-0.11143223941326141,2.55360746383667
4251,6.246683120727539,4.345686912536621
4252,-2.2601065635681152,-4.072705268859863
4253,-5.2986016273498535,-4.957034111022949
4254,-1.7903751134872437,-0.06654538959264755
4255,2.2484359741210938,-7.3574347496032715
4256,-0.3927755057811737,1.2597088813781738
4257,16.355493545532227,9.933282852172852
4258,-0.6163849830627441,0.8201996088027954
4259,-4.205436706542969,9.423373222351074
4260,-0.28227683901786804,2.1440768241882324
4261,0.5200372934341431,1.6466716527938843
4262,-0.23074351251125336,2.3246631622314453
4263,-2.2503652572631836,12.1659517288208
4264,11.144518852233887,-1.7443742752075195
4265,-1.0707283020019531,2.213941812515259
4266,-3.244588851928711,1.302802562713623
4267,0.42743656039237976,-0.6684919595718384
4268,6.0109405517578125,5.805844783782959
4269,1.291722297668457,-3.9218626022338867
4270,-0.5260077118873596,0.7994604110717773
4271,-9.098894119262695,5.038110256195068
4272,-5.22418212890625,0.46203193068504333
4273,-0.008642986416816711,-0.8752445578575134
4274,1.939452052116394,-1.4546897411346436
4275,8.720174789428711,-2.8823046684265137
4276,0.352582186460495,-1.697123408317566
4277,-3.840648651123047,1.3354241847991943
4278,5.866954803466797,-6.810450077056885
4279,-0.005016487091779709,2.5501649379730225
4280,0.6538364887237549,0.6258147954940796
4281,0.48458874225616455,1.3982996940612793
4282,-1.672707200050354,3.217331647872925
4283,14.095064163208008,-1.6435678005218506
4284,4.351850509643555,-7.195170879364014
4285,-0.7337003946304321,-0.2586854100227356
4286,0.0365348644554615,-0.19193196296691895
4287,2.509556770324707,-4.4336676597595215
4288,1.9318664073944092,-4.878405570983887
4289,0.014020208269357681,0.7119210958480835
4290,-0.2978896200656891,-3.540957450866699
4291,-0.4792126715183258,1.0257478952407837
4292,-0.35960206389427185,-0.26926061511039734
4293,6.584922790527344,-2.4520556926727295
4294,10.34926700592041,-2.6923067569732666
4295,-4.4757399559021,4.706710338592529
4296,1.0321115255355835,-1.7701780796051025
4297,-0.9145050644874573,2.720641851425171
4298,0.3458923101425171,-1.1017982959747314
4299,0.3747599124908447,1.1049070358276367
4300,-8.063923835754395,4.316627502441406
4301,1.417483925819397,1.9427902698516846
4302,-9.240195274353027,0.6665555834770203
4303,3.397179126739502,-4.68757963180542
4304,-2.391381025314331,2.6786766052246094
4305,6.121163368225098,4.762358665466309
4306,4.603808403015137,-4.165238380432129
4307,6.494594573974609,6.70336389541626
4308,-12.831177711486816,3.895585536956787
4309,3.3947269916534424,-7.333114147186279
4310,5.658489227294922,-1.657480001449585
4311,11.096993446350098,22.332069396972656
4312,0.9207929372787476,-0.3418138027191162
4313,1.5922149419784546,-1.3292361497879028
4314,10.904282569885254,-1.671118974685669
4315,1.8477673530578613,-1.4206708669662476
4316,1.191564679145813,-4.8382744789123535
4317,12.20539379119873,-1.9954942464828491
4318,1.4607726335525513,-0.4536168575286865
4319,-4.936084270477295,10.741096496582031
4320,-5.169086456298828,-0.8940551280975342
4321,3.659160614013672,-0.8691849708557129
4322,-0.7102965116500854,0.9865846633911133
4323,5.226619720458984,-6.486237049102783
4324,0.24915124475955963,1.6141242980957031
4325,-0.37976616621017456,0.9942560195922852
4326,-1.017249584197998,1.5773940086364746
4327,-0.46457818150520325,2.413961172103882
4328,2.056046962738037,-3.245779037475586
4329,-8.722567558288574,-2.47062611579895
4330,-8.32967758178711,12.253128051757812
4331,-0.49527958035469055,0.9530695676803589
4332,-6.58131217956543,7.283389568328857
4333,1.0887645483016968,-0.6891480684280396
4334,0.38461536169052124,-1.3871440887451172
4335,9.777612686157227,0.5951793789863586
4336,1.1331889629364014,-0.5324274897575378
4337,4.763627052307129,-4.791724681854248
4338,0.4317223131656647,-8.593791007995605
4339,12.279531478881836,-3.4766592979431152
4340,-1.9744170904159546,1.4786489009857178
4341,-4.431414604187012,1.8012983798980713
4342,-7.663173675537109,10.695684432983398
4343,1.0227570533752441,-4.190104961395264
4344,-4.081282138824463,-6.696274280548096
4345,-10.755257606506348,-5.235424995422363
4346,1.6161565780639648,-1.0808109045028687
4347,0.5092240571975708,1.5215959548950195
4348,1.6246699094772339,-4.862691402435303
4349,4.5979390144348145,18.139543533325195
4350,-12.387883186340332,-5.4026007652282715
4351,-0.59258633852005,0.9586873054504395
4352,-3.403987169265747,-1.124229907989502
4353,-3.381871461868286,9.315289497375488
4354,-0.3226790130138397,1.8992512226104736
4355,2.7319893836975098,0.04491778463125229
4356,0.48681509494781494,3.40897798538208
4357,6.674836158752441,-0.9835825562477112
4358,-4.561067581176758,4.665159702301025
4359,-0.4658251702785492,-6.226963043212891
4360,0.13787423074245453,1.4770450592041016
4361,-1.5401231050491333,4.305563449859619
4362,4.16152286529541,-8.389058113098145
4363,-0.5833969116210938,-9.16865348815918
4364,5.463807582855225,-9.165668487548828
4365,1.6137715578079224,-7.462888240814209
4366,1.2930610179901123,-1.4789047241210938
4367,-9.246880531311035,-4.123979568481445
4368,0.7029951810836792,-1.294682264328003
4369,-8.053426742553711,-0.6457289457321167
4370,-3.205549716949463,0.2546285092830658
4371,-2.919278144836426,4.678883075714111
4372,-11.44008731842041,-10.830439567565918
4373,0.006410032510757446,0.11379214376211166
4374,7.171375751495361,-5.076989650726318
4375,0.8856201171875,0.9932029247283936
4376,2.0175416469573975,-3.530611038208008
4377,3.2835140228271484,19.58493995666504
4378,3.9770736694335938,-7.627231121063232
4379,-5.800017833709717,-2.0231192111968994
4380,4.93570613861084,10.99996566772461
4381,-11.312241554260254,1.1212854385375977
4382,1.7213774919509888,-3.778407096862793
4383,0.11690032482147217,1.5181894302368164
4384,-1.4625505208969116,2.096257448196411
4385,4.19032621383667,-7.262260437011719
4386,-0.013278882950544357,1.8983657360076904
4387,-1.126105785369873,5.062082290649414
4388,5.96623420715332,7.055537700653076
4389,-1.274659514427185,-4.15764856338501
4390,-3.0811872482299805,-0.20171049237251282
4391,0.24927709996700287,2.400918483734131
4392,-1.8421841859817505,13.661297798156738
4393,-1.426048755645752,-4.428219318389893
4394,1.2325769662857056,-4.909057140350342
4395,-10.856476783752441,-12.279582977294922
4396,0.27922603487968445,-2.364530563354492
4397,-7.706592559814453,-5.946552276611328
4398,-0.43137288093566895,1.3416879177093506
4399,-5.035056114196777,9.224308013916016
4400,0.8733495473861694,-5.114497661590576
4401,8.313436508178711,23.028379440307617
4402,0.3393661677837372,-1.4412155151367188
4403,0.06054042652249336,0.0429338738322258
4404,6.412199020385742,-9.080121994018555
4405,0.6788414716720581,-3.6833410263061523
4406,1.2448291778564453,-0.4886572062969208
4407,-1.647234559059143,1.6750930547714233
4408,-0.41490229964256287,2.2433714866638184
4409,0.014320213347673416,2.734567165374756
4410,-0.1655898243188858,2.5827856063842773
4411,2.482783794403076,-4.793767929077148
4412,4.277590751647949,12.823309898376465
4413,-0.15064747631549835,-0.34508559107780457
4414,1.4952144622802734,-6.9190144538879395
4415,-6.434820175170898,-2.259662389755249
4416,7.645185470581055,-7.073660373687744
4417,-9.353857040405273,-7.105173110961914
4418,-10.894762992858887,-0.6971619129180908
4419,-6.692518711090088,5.826853275299072
4420,-0.22034607827663422,1.8622353076934814
4421,-1.8692673444747925,0.1904180943965912
4422,-7.828250885009766,5.430501461029053
4423,0.4809085726737976,0.10094655305147171
4424,-0.04567117616534233,1.6379849910736084
4425,-3.7597556114196777,-4.740844249725342
4426,1.2331187725067139,3.2000417709350586
4427,1.0167208909988403,-9.582066535949707
4428,-2.092219352722168,6.245773792266846
4429,4.236358642578125,-7.666852951049805
4430,9.097832679748535,-4.476560592651367
4431,0.20584280788898468,-0.05182073265314102
4432,4.714407920837402,-8.828235626220703
4433,0.06751035153865814,2.8979179859161377
4434,2.5729787349700928,-2.765554428100586
4435,-0.27642616629600525,-7.3841233253479
4436,-0.14810501039028168,2.960048198699951
4437,6.8597331047058105,6.0197224617004395
4438,-7.2910261154174805,1.7571920156478882
4439,-6.2127604484558105,-0.7808243036270142
4440,1.176464557647705,-3.508901357650757
4441,0.3051567077636719,0.037426769733428955
4442,-0.6907449960708618,1.6005949974060059
4443,7.919308662414551,-3.486232042312622
4444,1.8256926536560059,-1.4821360111236572
4445,-1.2207691669464111,-6.296473026275635
4446,-0.06759008765220642,-0.02468305081129074
4447,0.7663102149963379,-2.1159725189208984
4448,4.215835094451904,-3.102410316467285
4449,1.355596661567688,-8.912793159484863
4450,0.28151726722717285,-0.29430896043777466
4451,-0.05688222870230675,-1.0867135524749756
4452,2.715575695037842,-1.7242306470870972
4453,10.35379695892334,-1.9539260864257812
4454,-4.128867149353027,-1.3442217111587524
4455,-1.8333414793014526,5.697671413421631
4456,0.49104365706443787,-2.237952947616577
4457,2.112368106842041,-1.472604513168335
4458,1.3540252447128296,-1.5014804601669312
4459,-7.654994010925293,1.1595102548599243
4460,0.7749865651130676,0.3788484036922455
4461,0.4256996810436249,-0.3568907678127289
4462,-0.42874982953071594,0.7487592101097107
4463,9.153897285461426,-1.852347731590271
4464,1.9936211109161377,-1.7854704856872559
4465,1.7878440618515015,-1.4103977680206299
4466,-0.1361485868692398,1.9914584159851074
4467,4.418147563934326,-8.28560733795166
4468,-1.7921295166015625,4.010747909545898
4469,-0.23294560611248016,1.5252535343170166
4470,-8.219496726989746,-0.7654091119766235
4471,-0.04046504572033882,-3.0097832679748535
4472,7.851510524749756,-4.925714492797852
4473,0.2509732246398926,1.084094762802124
4474,0.3127706050872803,-1.5330493450164795
4475,-5.050691604614258,7.38301420211792
4476,6.814999580383301,-2.5615034103393555
4477,-0.6325242519378662,-4.4742751121521
4478,-4.301541328430176,6.092337131500244
4479,3.991807460784912,1.0710036754608154
4480,0.6306691765785217,-2.3304762840270996
4481,0.7918102145195007,-0.2882562577724457
4482,-10.3261079788208,3.9256396293640137
4483,1.1893819570541382,-4.100368022918701
4484,6.402761459350586,-7.787108898162842
4485,-2.7297523021698,3.38318133354187
4486,2.317917823791504,-2.7647922039031982
4487,-8.416518211364746,4.1109113693237305
4488,-8.463959693908691,-8.359055519104004
4489,-8.022255897521973,2.471402406692505
4490,-1.6718528270721436,3.6177520751953125
4491,-0.47067567706108093,-4.270865440368652
4492,-1.7244858741760254,-4.795568466186523
4493,0.1020369678735733,1.2871224880218506
4494,-0.0952722579240799,1.8003582954406738
4495,1.52849543094635,-6.388406753540039
4496,2.087552785873413,0.7323006391525269
4497,0.24322813749313354,1.874131679534912
4498,-1.0941325426101685,2.521381139755249
4499,7.023622512817383,-8.1383056640625
4500,-14.463035583496094,-12.514372825622559
4501,-2.838383674621582,-0.6228309869766235
4502,1.358492374420166,-7.896059513092041
4503,-2.289977550506592,5.304592609405518
4504,0.8672161102294922,-0.6237711906433105
4505,0.2814716696739197,-1.8400006294250488
4506,1.9069266319274902,-3.1731791496276855
4507,1.4552013874053955,-3.694051742553711
4508,-0.37726762890815735,0.847801685333252
4509,-10.903731346130371,1.72767972946167
4510,1.058361530303955,4.272328853607178
4511,2.4610393047332764,3.2607860565185547
4512,10.422553062438965,-5.191867828369141
4513,8.640318870544434,-5.586872100830078
4514,1.3536840677261353,3.926121950149536
4515,2.933147430419922,4.534639835357666
4516,-1.6316450834274292,4.170677661895752
4517,0.9137287139892578,-3.585271120071411
4518,-3.680495262145996,9.565979957580566
4519,1.9242480993270874,-6.330630302429199
4520,-0.5765959024429321,-1.7521625757217407
4521,-0.6603640913963318,-3.7586541175842285
4522,1.4767837524414062,-3.0783729553222656
4523,3.298447608947754,-0.2721152603626251
4524,0.6898941397666931,-0.6911049485206604
4525,12.419673919677734,-1.9735534191131592
4526,-5.196213722229004,-2.130986452102661
4527,2.50675106048584,-7.192062854766846
4528,-0.25621265172958374,-2.4580063819885254
4529,2.5063745975494385,-7.745586395263672
4530,-0.765248715877533,-0.2993301451206207
4531,0.8144245147705078,-8.402277946472168
4532,12.390181541442871,-1.509297251701355
4533,1.1208683252334595,-3.890505790710449
4534,4.7262043952941895,-8.44214916229248
4535,4.68465518951416,-8.318467140197754
4536,-10.059431076049805,-10.138601303100586
4537,1.6625239849090576,-7.232550144195557
4538,-0.6630640029907227,2.505476951599121
4539,-0.7245850563049316,1.563178300857544
4540,-4.865654945373535,10.349154472351074
4541,-5.044419288635254,-2.9781672954559326
4542,0.5604482889175415,-8.695518493652344
4543,-1.798658013343811,5.5515456199646
4544,-4.928855895996094,-5.0769243240356445
4545,-2.0174481868743896,-2.847405433654785
4546,-11.879389762878418,-5.861518383026123
4547,-1.5963751077651978,3.063586711883545
4548,-3.763601779937744,-6.710666179656982
4549,-4.322344779968262,-6.3020853996276855
4550,-2.5784082412719727,4.21010160446167
4551,-12.449522972106934,-13.670174598693848
4552,-6.056869029998779,1.8185458183288574
4553,-10.109511375427246,-2.74259090423584
4554,-12.967816352844238,-10.648648262023926
4555,9.165324211120605,-0.010905958712100983
4556,-6.913851737976074,-3.814680576324463
4557,-0.6674214601516724,-4.114529132843018
4558,-0.3366069197654724,2.489208221435547
4559,4.424101829528809,-8.935262680053711
4560,0.2126280665397644,3.2919812202453613
4561,1.7470616102218628,-1.15269136428833
4562,-0.04744211956858635,1.4155349731445312
4563,1.5290377140045166,-1.462194561958313
4564,1.5342752933502197,-2.991438627243042
4565,0.0889599621295929,-6.812019348144531
4566,0.774733304977417,1.4046000242233276
4567,-7.8501176834106445,-2.089527130126953
4568,0.4245758354663849,-8.287142753601074
4569,-3.05379056930542,0.4138166308403015
4570,-0.5680565237998962,2.3463335037231445
4571,-23.148826599121094,-17.94071388244629
4572,-0.42408955097198486,0.8622241020202637
4573,4.818027019500732,-3.5115294456481934
4574,-6.662987232208252,-2.6221365928649902
4575,-11.791642189025879,-2.2471935749053955
4576,5.648190975189209,-0.5652101635932922
4577,1.2562028169631958,-6.1510539054870605
4578,-3.18552303314209,3.794430732727051
4579,4.51461124420166,-4.069985389709473
4580,-12.972298622131348,-0.6469849348068237
4581,0.2112189680337906,2.860851287841797
4582,-8.424506187438965,-1.956728458404541
4583,1.7660638093948364,-1.5592199563980103
4584,1.1905204057693481,-1.1582722663879395
4585,2.000718355178833,-3.1610586643218994
4586,-0.18821687996387482,2.911130428314209
4587,3.477949619293213,1.035330057144165
4588,-1.8570632934570312,1.1134734153747559
4589,-0.7268101572990417,1.5110533237457275
4590,-6.111539840698242,-6.162970066070557
4591,-0.2139727622270584,7.992752552032471
4592,1.1114223003387451,-0.49030861258506775
4593,1.1163328886032104,-1.6942960023880005
4594,-0.3068336546421051,2.5212810039520264
4595,-10.367809295654297,-2.4038589000701904
4596,0.3160070776939392,1.5459809303283691
4597,-10.222006797790527,-10.783308982849121
4598,11.682679176330566,2.5972282886505127
4599,3.7227866649627686,16.525684356689453
4600,-0.6398395895957947,-2.2590198516845703
4601,2.860633611679077,-6.069891452789307
4602,-0.4865836203098297,2.76505184173584
4603,1.6009271144866943,-3.3051559925079346
4604,1.7093528509140015,-1.3740209341049194
4605,-1.8039133548736572,4.316901683807373
4606,1.1943553686141968,3.783440351486206
4607,-2.7015140056610107,-1.2363839149475098
4608,-0.9806702136993408,1.8075683116912842
4609,-1.3069294691085815,2.937328577041626
4610,-12.162270545959473,-1.9153255224227905
4611,-0.17945756018161774,-1.9942833185195923
4612,8.451800346374512,-2.6011126041412354
4613,-7.0141520500183105,3.4933385848999023
4614,-9.977523803710938,-15.800518035888672
4615,-1.9633198976516724,0.497066468000412
4616,1.834484338760376,-3.9199419021606445
4617,-0.019328098744153976,3.18998384475708
4618,-1.4160822629928589,2.240213394165039
4619,-0.21322964131832123,2.734158515930176
4620,-0.3125516474246979,0.8204700946807861
4621,0.8810133934020996,-7.892918109893799
4622,-1.2031575441360474,1.7171680927276611
4623,3.9077224731445312,-3.664550304412842
4624,-8.095513343811035,-2.690124034881592
4625,2.4412524700164795,3.042635202407837
4626,7.718062400817871,-1.6357477903366089
4627,2.9433937072753906,-6.322961330413818
4628,-12.639167785644531,-5.173748016357422
4629,-1.9022966623306274,4.192323207855225
4630,1.8781601190567017,-1.3247588872909546
4631,0.6549417972564697,-0.22035908699035645
4632,-6.724745750427246,-2.438741445541382
4633,9.102117538452148,-3.4685816764831543
4634,0.1857655644416809,-2.3700098991394043
4635,-0.2814025580883026,2.4135169982910156
4636,-0.24588976800441742,2.05216646194458
4637,-8.212494850158691,-7.680057525634766
4638,2.6510119438171387,-6.6383748054504395
4639,-1.08794105052948,3.4723379611968994
4640,6.9439287185668945,-6.5084757804870605
4641,-8.080071449279785,-7.929780960083008
4642,-3.277148962020874,-0.5373861193656921
4643,0.963818371295929,-4.384597301483154
4644,0.7596420049667358,-4.696505069732666
4645,0.4409513473510742,-9.323514938354492
4646,0.061615344136953354,-0.19545066356658936
4647,-1.4697351455688477,2.284574508666992
4648,1.2560093402862549,-6.186285495758057
4649,-0.44398555159568787,2.219271183013916
4650,4.668503284454346,-8.883835792541504
4651,2.6327948570251465,-0.303816556930542
4652,0.7256696820259094,-0.4831930100917816
4653,-0.32509419322013855,2.263275146484375
4654,6.101587295532227,-4.3134846687316895
4655,-5.1432390213012695,-2.0558903217315674
4656,-0.24436236917972565,3.16754150390625
4657,-0.08160124719142914,1.6341716051101685
4658,0.15543930232524872,-0.5030692219734192
4659,-2.7081122398376465,3.543874740600586
4660,-10.858689308166504,-11.714543342590332
4661,-7.2159857749938965,-14.617243766784668
4662,0.21985210478305817,1.7031683921813965
4663,12.982781410217285,6.128948211669922
4664,1.5585275888442993,-1.387446641921997
4665,0.9428356885910034,-3.550529956817627
4666,7.568863868713379,-6.287794589996338
4667,5.412213325500488,-5.956696033477783
4668,-0.3853672444820404,2.8715100288391113
4669,1.5236496925354004,0.18812590837478638
4670,-3.487247943878174,3.292384147644043
4671,3.709003448486328,12.849471092224121
4672,-0.38791361451148987,1.7992634773254395
4673,7.843161582946777,-3.307074785232544
4674,2.8657584190368652,-7.436874866485596
4675,-0.9048454761505127,2.421581506729126
4676,5.1396894454956055,-3.469571113586426
4677,3.9835424423217773,-4.277275085449219
4678,-0.010229166597127914,2.7643380165100098
4679,0.38688546419143677,2.472013473510742
4680,-0.447820782661438,2.0611495971679688
4681,-0.6413846015930176,0.34441718459129333
4682,-5.3206658363342285,9.317460060119629
4683,1.855516791343689,-3.0134270191192627
4684,1.4023041725158691,4.739352703094482
4685,2.024425506591797,-5.544307231903076
4686,-3.020754337310791,4.283140659332275
4687,-6.068107604980469,5.977016925811768
4688,-0.47401413321495056,0.7428146600723267
4689,0.6017716526985168,3.041208267211914
4690,-0.6601063013076782,-1.477419137954712
4691,-1.4621864557266235,3.2399587631225586
4692,2.4601383209228516,-0.028194434940814972
4693,-3.797391891479492,-1.1879712343215942
4694,-0.1563340276479721,2.417320489883423
4695,-0.0908089131116867,2.059551954269409
4696,2.596609115600586,-6.269847393035889
4697,1.8235357999801636,-1.147924780845642
4698,-3.3544740676879883,-5.856698513031006
4699,-0.42448681592941284,12.039340019226074
4700,6.879321575164795,-0.804655909538269
4701,7.43714714050293,6.823761463165283
4702,-3.415083408355713,-2.2181432247161865
4703,-0.5638972520828247,-5.249894618988037
4704,1.764613151550293,3.660645008087158
4705,-2.6188135147094727,2.094463348388672
4706,0.5530859231948853,-0.7723886966705322
4707,-9.027981758117676,-0.3978599011898041
4708,-1.0539581775665283,2.1249337196350098
4709,-0.5368896722793579,2.310978889465332
4710,0.06887704133987427,-2.409444570541382
4711,0.12392719089984894,-1.23916757106781
4712,-0.7534826397895813,1.8549814224243164
4713,-0.132277712225914,2.0861220359802246
4714,2.0674080848693848,-4.212791442871094
4715,-7.302130699157715,10.669028282165527
4716,1.613770842552185,-3.7814860343933105
4717,-2.0514228343963623,-1.9716455936431885
4718,4.249783515930176,-9.60655689239502
4719,7.1753387451171875,-0.8490443229675293
4720,-0.345515638589859,2.4143829345703125
4721,-5.18426513671875,-1.7476439476013184
4722,8.220458030700684,-5.367144584655762
4723,-3.440061569213867,5.601407527923584
4724,9.132043838500977,-2.591582775115967
4725,9.851330757141113,14.677531242370605
4726,4.191054344177246,10.95447063446045
4727,0.15997910499572754,-1.2360234260559082
4728,-0.6691890358924866,-8.497702598571777
4729,14.353117942810059,4.346706867218018
4730,0.9752718210220337,-8.59683895111084
4731,-22.489055633544922,-11.524916648864746
4732,1.4902377128601074,-3.0541017055511475
4733,8.740421295166016,-2.002934455871582
4734,-0.2016850858926773,-0.7994471192359924
4735,-0.2855432331562042,1.277390718460083
4736,-0.46487483382225037,-4.301188945770264
4737,-6.401843547821045,1.014472484588623
4738,0.9874137043952942,3.1422746181488037
4739,4.672303199768066,-8.743998527526855
4740,1.487716555595398,3.6201233863830566
4741,-7.721242904663086,-6.054220676422119
4742,-3.2865355014801025,-2.661207675933838
4743,2.3108813762664795,1.7753956317901611
4744,-0.4105284512042999,1.9959683418273926
4745,10.267083168029785,-1.8399882316589355
4746,-5.499083042144775,0.5435481667518616
4747,-8.650505065917969,-2.505747079849243
4748,1.5649138689041138,-0.6031685471534729
4749,1.208839774131775,-8.52392864227295
4750,-0.09417341649532318,-1.1777971982955933
4751,-2.898001194000244,13.015177726745605
4752,0.8519014716148376,-8.075835227966309
4753,-0.9642436504364014,1.52642822265625
4754,0.10975971817970276,3.16060209274292
4755,-2.781229019165039,-6.849341869354248
4756,6.55747127532959,-2.6096291542053223
4757,-1.7194697856903076,2.43479585647583
4758,11.363410949707031,-3.6818783283233643
4759,-5.689187049865723,-4.096315860748291
4760,-5.456010818481445,-4.624191761016846
4761,0.6860288381576538,-0.5487510561943054
4762,1.5897797346115112,4.1905975341796875
4763,-6.484039306640625,3.4687142372131348
4764,-7.970830917358398,-11.428322792053223
4765,-1.088318943977356,1.2841415405273438
4766,-7.299588203430176,2.4945249557495117
4767,-14.12402057647705,-2.9940390586853027
4768,2.634831190109253,-9.659218788146973
4769,-6.7234930992126465,8.559889793395996
4770,-2.7797203063964844,-6.734105587005615
4771,0.06572845578193665,-1.251884937286377
4772,0.8550872206687927,-0.361432284116745
4773,0.08545239269733429,0.14580067992210388
4774,-0.4852653443813324,0.9492429494857788
4775,0.08128519356250763,1.5626146793365479
4776,-9.088284492492676,-6.1918044090271
4777,1.2558834552764893,-0.4712391197681427
4778,3.148684024810791,-0.6029884219169617
4779,0.16156905889511108,0.01843184232711792
4780,-0.4605186879634857,2.3413727283477783
4781,-7.352477073669434,-1.643578052520752
4782,12.262772560119629,23.349153518676758
4783,4.999858856201172,-1.4863284826278687
4784,1.9283136129379272,-4.019161224365234
4785,-9.837010383605957,7.211534023284912
4786,1.091387391090393,-5.456621170043945
4787,-1.2647123336791992,1.8910918235778809
4788,-0.3559822738170624,1.943207025527954
4789,-0.6748244762420654,-3.8233494758605957
4790,0.10174952447414398,-5.928417682647705
4791,-4.224034309387207,-0.5618687868118286
4792,1.8593846559524536,-1.4178482294082642
4793,1.5379163026809692,0.9762266874313354
4794,-10.237126350402832,0.8825350403785706
4795,-7.380717754364014,-0.37275099754333496
4796,2.61525821685791,1.308319091796875
4797,0.41104379296302795,-3.936984062194824
4798,-2.587918519973755,9.3317232131958
4799,13.32308292388916,-2.9520678520202637
4800,2.720550537109375,-2.1461477279663086
4801,0.014654885977506638,-0.4010351002216339
4802,-8.101201057434082,11.084805488586426
4803,3.143782138824463,-9.172657012939453
4804,0.6735243797302246,0.6557437777519226
4805,-8.083022117614746,3.226856231689453
4806,-11.06789493560791,-4.710696697235107
4807,-10.684343338012695,-7.073893070220947
4808,-1.3191161155700684,-1.8288521766662598
4809,2.173330545425415,2.0095741748809814
4810,-4.60605525970459,7.099099159240723
4811,0.1751382052898407,-0.021249674260616302
4812,9.904030799865723,-2.1703662872314453
4813,-0.31008240580558777,2.232637882232666
4814,-4.00707483291626,-6.411865234375
4815,0.351785272359848,3.048788547515869
4816,0.7340437769889832,1.681320309638977
4817,-3.4497387409210205,-6.082535266876221
4818,0.20395563542842865,7.761086940765381
4819,-8.00783634185791,-1.156398057937622
4820,-2.275881052017212,5.737667560577393
4821,-7.7275285720825195,5.360837459564209
4822,2.070861577987671,-2.0328879356384277
4823,5.068841934204102,-10.551199913024902
4824,-8.026637077331543,-1.1106557846069336
4825,-4.085154056549072,-1.4665305614471436
4826,1.5334118604660034,-3.8853888511657715
4827,-3.03057861328125,3.0960822105407715
4828,1.3321549892425537,3.832618236541748
4829,1.1081496477127075,-7.759052753448486
4830,-1.859621286392212,4.878748416900635
4831,-9.36922550201416,-6.215378761291504
4832,0.6736177206039429,-2.411726474761963
4833,-1.2936450242996216,-2.099911689758301
4834,4.575755596160889,6.340172290802002
4835,-3.8726284503936768,5.638512134552002
4836,0.532229483127594,-0.8831380605697632
4837,12.535164833068848,-1.4001483917236328
4838,-0.25325092673301697,1.4380099773406982
4839,2.0737709999084473,-4.223514080047607
4840,-0.022028286010026932,0.001715242862701416
4841,3.1335110664367676,-6.427839756011963
4842,-3.314804792404175,6.320952892303467
4843,-0.6334546804428101,2.05360746383667
4844,11.14047908782959,-5.6677021980285645
4845,0.777997612953186,-4.718374252319336
4846,-11.7462739944458,3.5229620933532715
4847,-1.2865427732467651,3.131472587585449
4848,2.1474976539611816,-5.875912189483643
4849,0.8379108309745789,-4.690285682678223
4850,0.12663120031356812,2.5990171432495117
4851,6.641002655029297,-2.3950343132019043
4852,-0.13955138623714447,1.4363129138946533
4853,0.21273158490657806,-1.3052961826324463
4854,1.724239468574524,-7.902296543121338
4855,2.7535884380340576,3.129546880722046
4856,-1.1828312873840332,4.023240566253662
4857,3.2083396911621094,-7.078981876373291
4858,-0.343001127243042,2.593797445297241
4859,-2.6797430515289307,2.3016304969787598
4860,-0.04886005446314812,0.5654547810554504
4861,-0.4939063489437103,1.5262701511383057
4862,1.972257375717163,0.10689038783311844
4863,-8.428547859191895,13.18312931060791
4864,1.7003904581069946,-9.415719985961914
4865,1.999395728111267,-3.939521312713623
4866,-3.380899667739868,5.027063369750977
4867,-3.5432639122009277,-5.2673773765563965
4868,-4.964810371398926,-2.0837738513946533
4869,6.601017951965332,-3.723526954650879
4870,0.7176650762557983,-4.162001132965088
4871,-0.7464512586593628,2.2542920112609863
4872,7.739786148071289,6.906834125518799
4873,2.8802390098571777,-2.2293267250061035
4874,1.7638477087020874,-9.541629791259766
4875,-6.749017715454102,4.4878926277160645
4876,0.4182690680027008,-0.3862557113170624
4877,-9.775193214416504,-5.937958717346191
4878,0.8516226410865784,-4.848128795623779
4879,2.043755531311035,-8.458929061889648
4880,-0.7633929252624512,1.490462303161621
4881,-5.339688301086426,7.8755669593811035
4882,-2.943540573120117,3.9093732833862305
4883,-4.401037216186523,6.256293773651123
4884,-0.3036637604236603,2.391162395477295
4885,-6.630208492279053,7.498118877410889
4886,1.2001579999923706,-3.028852939605713
4887,-1.1729786396026611,3.034775733947754
4888,-24.683284759521484,-21.480619430541992
4889,-10.979987144470215,-6.3403496742248535
4890,-5.566505432128906,7.0685906410217285
4891,-7.999029159545898,-2.981353282928467
4892,-5.665469169616699,8.193564414978027
4893,-11.87504768371582,-5.044155120849609
4894,-0.057751890271902084,-0.6470609903335571
4895,12.226723670959473,-2.5634725093841553
4896,0.6737412810325623,-3.7043049335479736
4897,1.3159222602844238,-0.6499007940292358
4898,1.9905678033828735,-4.108363628387451
4899,0.6121883392333984,-1.8528306484222412
4900,0.24155034124851227,0.4764252007007599
4901,-0.09190301597118378,-0.29338860511779785
4902,0.1783825010061264,0.14396917819976807
4903,2.2137997150421143,1.851534128189087
4904,-2.9007041454315186,4.496490001678467
4905,-1.5206501483917236,2.0949137210845947
4906,-5.72183895111084,-6.44645881652832
4907,-13.695976257324219,-6.138469219207764
4908,2.2064764499664307,-4.086238384246826
4909,7.105655193328857,-1.8710625171661377
4910,-4.2156572341918945,-2.202026128768921
4911,-1.8137270212173462,3.0949549674987793
4912,10.605657577514648,-3.8974063396453857
4913,1.2364791631698608,-1.2027041912078857
4914,-12.65478229522705,-11.693900108337402
4915,-1.2784918546676636,2.188481092453003
4916,2.661252498626709,-1.844083547592163
4917,9.369881629943848,-2.509650468826294
4918,9.797987937927246,-2.6838560104370117
4919,-0.727866530418396,0.9510475397109985
4920,-0.9190573692321777,-5.40740966796875
4921,-0.5141963362693787,-4.87487268447876
4922,1.9282222986221313,2.8324975967407227
4923,0.8897050023078918,-4.0732879638671875
4924,-8.485255241394043,1.1370267868041992
4925,-2.0771727561950684,-0.9878453016281128
4926,-3.075103282928467,-1.573913812637329
4927,-4.959871292114258,5.066717147827148
4928,6.018178939819336,-2.7541141510009766
4929,-0.05700061842799187,0.2893214523792267
4930,-2.533115863800049,-0.4475652873516083
4931,0.8135780692100525,0.7401041984558105
4932,-1.0698336362838745,-1.8805568218231201
4933,-5.516762733459473,0.3265918791294098
4934,6.945794105529785,-0.8530164957046509
4935,-0.3097829222679138,0.8523069024085999
4936,1.10749089717865,-9.844937324523926
4937,0.7009922862052917,-1.2699135541915894
4938,6.251623153686523,-4.883944988250732
4939,1.0669691562652588,3.423595428466797
4940,2.3730876445770264,-3.6635100841522217
4941,-0.433641642332077,1.520085096359253
4942,1.7841440439224243,2.784752607345581
4943,-1.4916490316390991,-2.0838489532470703
4944,-3.922581434249878,8.997894287109375
4945,-5.120372772216797,-1.210856556892395
4946,-1.1176095008850098,6.839937686920166
4947,1.4292359352111816,-9.257957458496094
4948,-3.683018445968628,7.211899757385254
4949,-5.22292947769165,5.910122394561768
4950,-1.0347638130187988,1.5086658000946045
4951,-11.390164375305176,-1.380110740661621
4952,0.5746772289276123,1.6079113483428955
4953,-1.354175090789795,3.436248540878296
4954,-1.159340262413025,0.9648044109344482
4955,3.992701530456543,-9.106947898864746
4956,1.205258846282959,-4.0027079582214355
4957,-13.256999015808105,-1.704350471496582
4958,0.9888616800308228,-4.502041816711426
4959,4.77290678024292,-4.99072265625
4960,11.944052696228027,-3.8293802738189697
4961,1.2362440824508667,-1.7654551267623901
4962,-3.911825180053711,-4.68451452255249
4963,-3.184532403945923,4.5411858558654785
4964,11.727103233337402,-4.074045658111572
4965,-8.94257640838623,-2.8077399730682373
4966,1.7502260208129883,-9.456310272216797
4967,-0.042250704020261765,1.962143898010254
4968,-1.1153817176818848,-0.2967531383037567
4969,-10.541398048400879,-7.451605319976807
4970,-11.220255851745605,-3.818678617477417
4971,-4.483510971069336,4.1479387283325195
4972,12.079276084899902,-1.8128015995025635
4973,-8.585907936096191,5.655324459075928
4974,-0.29674726724624634,1.9173401594161987
4975,1.934899926185608,-1.4670144319534302
4976,2.9455459117889404,-0.4313044250011444
4977,-1.1505976915359497,-5.72550106048584
4978,-0.29842498898506165,-0.13926216959953308
4979,1.771141529083252,-9.209603309631348
4980,-3.6860809326171875,9.103581428527832
4981,1.9930672645568848,15.057723045349121
4982,-11.044692039489746,-2.3586208820343018
4983,-0.005868207663297653,1.7518202066421509
4984,-6.807036399841309,0.9866495132446289
4985,0.27327844500541687,2.6095433235168457
4986,0.43912431597709656,1.0869481563568115
4987,8.046927452087402,-1.4111542701721191
4988,-4.8172287940979,4.836970806121826
4989,7.003210544586182,-1.9521979093551636
4990,-0.3240993916988373,2.284593343734741
4991,0.420450896024704,-8.004195213317871
4992,0.46611079573631287,0.05135950446128845
4993,6.494223594665527,-7.006640911102295
4994,0.6956575512886047,-0.39155909419059753
4995,1.2270877361297607,0.17512258887290955
4996,-6.181385040283203,0.07534850388765335
4997,1.6599289178848267,-3.4523653984069824
4998,-7.83256196975708,11.03876781463623
4999,0.3978211581707001,-0.5936579704284668
5000,17.9522705078125,10.826339721679688
5001,-0.37041422724723816,0.5006867051124573
5002,1.4476828575134277,-0.7445090413093567
5003,-7.350552558898926,8.842997550964355
5004,-0.4185764789581299,-7.4107208251953125
5005,0.5094752311706543,0.14773771166801453
5006,-9.011503219604492,-2.6236472129821777
5007,-5.689212322235107,-2.464768648147583
5008,-0.07610894739627838,-0.9238172769546509
5009,0.8498950004577637,-1.8475430011749268
5010,-0.36515119671821594,2.1993257999420166
5011,0.4388904571533203,1.3296765089035034
5012,3.0340018272399902,-7.390298366546631
5013,8.534638404846191,-2.814810276031494
5014,-1.8326727151870728,-1.7724545001983643
5015,-1.3420251607894897,0.796369731426239
5016,-7.476916313171387,8.835188865661621
5017,-0.2837768793106079,2.1870028972625732
5018,0.6571323275566101,-1.3901546001434326
5019,-7.580934524536133,2.074958324432373
5020,1.089363694190979,0.47408750653266907
5021,-2.2492079734802246,-0.4542318284511566
5022,8.155696868896484,-2.789863348007202
5023,0.7577882409095764,-1.1935739517211914
5024,2.2760353088378906,2.8334898948669434
5025,-13.084944725036621,-9.378952026367188
5026,0.7682533860206604,-0.7393432259559631
5027,-3.0031795501708984,-1.191093921661377
5028,1.0177001953125,-7.595411777496338
5029,-0.5411755442619324,1.7237721681594849
5030,-0.5599930286407471,-0.7261185646057129
5031,-0.9658417701721191,2.111945390701294
5032,1.5066238641738892,-0.9071621894836426
5033,-0.320119172334671,2.509899616241455
5034,-4.894782066345215,-1.224575161933899
5035,1.1465305089950562,0.8271042108535767
5036,10.333230972290039,0.31592056155204773
5037,2.1160736083984375,-3.097339391708374
5038,-0.8313289880752563,-0.27351051568984985
5039,-2.6240639686584473,-4.78568172454834
5040,-1.380173921585083,-4.455001354217529
5041,1.5732825994491577,-8.493831634521484
5042,-8.557231903076172,-2.237201452255249
5043,-5.659685134887695,-0.33995693922042847
5044,-5.61780309677124,-8.66637134552002
5045,7.798419952392578,7.150552272796631
5046,9.217984199523926,-2.342164993286133
5047,-1.2541981935501099,-4.648959636688232
5048,-6.376377105712891,0.9522272944450378
5049,0.23306478559970856,-0.7841538190841675
5050,-0.24588273465633392,0.8575522899627686
5051,1.5711878538131714,-8.088591575622559
5052,-2.2778985500335693,2.920269250869751
5053,-6.602388858795166,9.312064170837402
5054,-2.6517999172210693,0.9089847803115845
5055,-0.3542046546936035,2.1476337909698486
5056,3.127950429916382,-2.4927115440368652
5057,6.955538272857666,13.400793075561523
5058,-13.907074928283691,-18.80216407775879
5059,-8.595061302185059,-8.7515230178833
5060,-0.7040514945983887,1.9973087310791016
5061,-4.650918960571289,-3.5290887355804443
5062,5.899138927459717,-0.5738519430160522
5063,3.0631027221679688,-1.5594162940979004
5064,-0.7394150495529175,-0.11597684770822525
5065,0.7172149419784546,0.013066940009593964
5066,2.9254777431488037,-6.211843967437744
5067,-7.281407356262207,-8.510209083557129
5068,-5.492029190063477,0.9568569660186768
5069,1.5965838432312012,19.502275466918945
5070,0.41137346625328064,0.6552403569221497
5071,-2.960611343383789,-0.5217257142066956
5072,-2.1267690658569336,12.98331069946289
5073,1.1671040058135986,-6.069918155670166
5074,2.2601873874664307,-3.8421084880828857
5075,14.27085018157959,7.43664026260376
5076,-4.793406963348389,11.199816703796387
5077,-18.04754066467285,-20.352136611938477
5078,0.2628956139087677,-0.23022231459617615
5079,1.0545912981033325,1.2000670433044434
5080,0.4087829887866974,-8.37514591217041
5081,0.2962903082370758,2.1741416454315186
5082,-0.08124394714832306,-1.7326936721801758
5083,1.3455904722213745,-8.668580055236816
5084,-0.77522873878479,2.531243324279785
5085,-3.5015978813171387,-0.08396349102258682
5086,-6.993252754211426,0.3622914254665375
5087,-0.31037524342536926,0.4502941071987152
5088,10.222012519836426,-1.782606840133667
5089,1.6142171621322632,-3.8359105587005615
5090,-10.064860343933105,-7.725680828094482
5091,-0.11908756196498871,2.253509521484375
5092,2.3015573024749756,-6.460831642150879
5093,6.403879165649414,-0.5392231345176697
5094,0.9097474813461304,0.05645843595266342
5095,-0.6168857216835022,2.8180150985717773
5096,13.39741039276123,-4.0398640632629395
5097,-2.592400550842285,2.2731690406799316
5098,-3.483673095703125,-1.2028435468673706
5099,-0.6448134183883667,-0.048125747591257095
5100,1.1113417148590088,0.3031972050666809
5101,0.5065992474555969,1.07236647605896
5102,-2.28228759765625,-3.3680787086486816
5103,1.5434393882751465,-7.669210433959961
5104,1.0741207599639893,-0.6405227184295654
5105,-0.013890411704778671,-2.193272113800049
5106,6.719289302825928,-2.816925525665283
5107,-0.2726399600505829,0.03599611669778824
5108,-0.2131931632757187,-0.6264310479164124
5109,-0.13755856454372406,1.605516791343689
5110,2.2683205604553223,-4.222477912902832
5111,7.040763854980469,-1.8356409072875977
5112,5.822599411010742,6.2855634689331055
5113,0.8315137624740601,-6.7672247886657715
5114,0.19233514368534088,-6.663335800170898
5115,2.4865005016326904,-2.747959613800049
5116,8.019037246704102,-6.41663932800293
5117,-0.4176314175128937,0.8474166393280029
5118,6.003507614135742,-3.0738449096679688
5119,9.301041603088379,-1.8478710651397705
5120,-4.674789905548096,7.942870616912842
5121,-6.3725714683532715,-2.6110241413116455
5122,-0.3180241286754608,2.2722859382629395
5123,2.1016697883605957,-0.3507426679134369
5124,-3.9185047149658203,-4.316034317016602
5125,6.555805206298828,-5.3365349769592285
5126,0.8442021608352661,-5.685527324676514
5127,0.03691733255982399,1.444518804550171
5128,-3.740935802459717,8.310920715332031
5129,7.951907157897949,-4.8206329345703125
5130,-2.309960126876831,-4.20698881149292
5131,7.299860954284668,-3.070561170578003
5132,-0.3078601360321045,0.9038407802581787
5133,4.312975883483887,-2.6443686485290527
5134,-0.43483924865722656,2.336409568786621
5135,-7.589015007019043,-0.4861800968647003
5136,2.7320375442504883,-0.1076555922627449
5137,1.0860437154769897,-8.151999473571777
5138,-0.2521970570087433,-0.28785401582717896
5139,2.6805367469787598,3.3654286861419678
5140,-4.318274021148682,9.327147483825684
5141,3.2422211170196533,0.9712315797805786
5142,-0.4308803975582123,2.179835319519043
5143,5.772431373596191,-8.524872779846191
5144,-5.198768615722656,-12.691462516784668
5145,5.691650390625,-8.376524925231934
5146,12.807369232177734,-2.359884262084961
5147,1.384443759918213,-5.6345343589782715
5148,0.5046764016151428,-7.035995960235596
5149,-7.150216579437256,-8.037749290466309
5150,-0.3293231427669525,1.7441052198410034
5151,3.730806350708008,-9.347225189208984
5152,2.1115059852600098,-7.901953220367432
5153,-1.6718800067901611,3.0089917182922363
5154,2.1866512298583984,-8.829997062683105
5155,-0.0314641110599041,2.1677298545837402
5156,1.1871716976165771,-1.2997570037841797
5157,-3.3466849327087402,10.055900573730469
5158,-0.2344588190317154,2.3075547218322754
5159,12.603106498718262,-0.9590234756469727
5160,4.571032524108887,-2.545391798019409
5161,-0.30937862396240234,1.392643690109253
5162,0.5282266139984131,8.576233863830566
5163,1.9482897520065308,0.2432709038257599
5164,-8.759577751159668,-0.7860874533653259
5165,-7.459201812744141,7.741272449493408
5166,-0.5301638841629028,-0.2301855981349945
5167,-5.482438087463379,6.7757487297058105
5168,5.771437644958496,-1.499321460723877
5169,0.8102242946624756,-5.920532703399658
5170,0.7533057928085327,-8.294504165649414
5171,8.586648941040039,1.5855205059051514
5172,0.7392241954803467,-7.70355224609375
5173,-0.9281077980995178,-1.1698497533798218
5174,-10.634631156921387,-2.542982339859009
5175,-4.101229667663574,-6.189504146575928
5176,-0.23363445699214935,1.2785048484802246
5177,-4.037142276763916,2.3468098640441895
5178,-10.649033546447754,-1.6683555841445923
5179,-4.451284408569336,-4.713572978973389
5180,5.127379417419434,21.10164451599121
5181,7.824330806732178,7.041845798492432
5182,11.01497745513916,-2.16256046295166
5183,-4.478331089019775,7.586938858032227
5184,-1.1136534214019775,1.980912208557129
5185,-1.527018427848816,-2.9522809982299805
5186,10.426711082458496,0.7000435590744019
5187,-0.797701895236969,1.8441331386566162
5188,4.223943710327148,-3.4436981678009033
5189,8.241371154785156,-5.603939533233643
5190,-8.659646987915039,-0.6143826246261597
5191,-3.06620454788208,3.6127939224243164
5192,-0.5216341018676758,-2.3649351596832275
5193,0.2948157489299774,0.8931925296783447
5194,4.646772384643555,-9.261378288269043
5195,-0.22689495980739594,-9.584221839904785
5196,-0.27309390902519226,1.2019833326339722
5197,8.172844886779785,-3.5170607566833496
5198,-0.3864783048629761,0.8055819869041443
5199,-0.5873073935508728,-2.709575891494751
5200,-0.9907587766647339,0.7655147314071655
5201,-0.026732537895441055,-0.8288851380348206
5202,2.6585981845855713,-5.6157684326171875
5203,10.016580581665039,5.01377534866333
5204,8.1094388961792,-2.3778998851776123
5205,-0.31746575236320496,2.6462526321411133
5206,5.873917102813721,-0.5864490866661072
5207,-2.4441819190979004,-10.641048431396484
5208,2.0578577518463135,-3.0079121589660645
5209,-1.5511857271194458,3.1934123039245605
5210,12.358146667480469,-3.650871753692627
5211,11.268781661987305,4.685340404510498
5212,5.441019058227539,-5.904086589813232
5213,1.3196468353271484,-4.795469760894775
5214,-1.7943038940429688,2.6401021480560303
5215,-1.2867623567581177,2.5635855197906494
5216,7.233007431030273,-6.62990140914917
5217,-1.9543489217758179,-0.5482786297798157
5218,7.708327293395996,-2.4065847396850586
5219,1.1242506504058838,1.6944589614868164
5220,-0.4867453873157501,1.5037174224853516
5221,7.923343658447266,7.106261730194092
5222,9.843781471252441,2.574120283126831
5223,-2.3644206523895264,-0.2869695723056793
5224,0.8328853845596313,13.411701202392578
5225,3.179677963256836,3.504452705383301
5226,9.194422721862793,-1.8741333484649658
5227,-4.336694717407227,8.340705871582031
5228,-0.6099600791931152,1.7003473043441772
5229,0.6050026416778564,1.6848878860473633
5230,1.0497474670410156,-6.377167224884033
5231,9.269360542297363,-2.4909422397613525
5232,10.754199028015137,-1.980064034461975
5233,2.911245346069336,-3.9187121391296387
5234,-4.544947624206543,-5.637143611907959
5235,4.071682453155518,-3.536547899246216
5236,1.928024411201477,-1.2777059078216553
5237,-2.0263760089874268,3.6294708251953125
5238,-0.2163453847169876,-0.8643355369567871
5239,1.4914308786392212,3.0702321529388428
5240,1.304706335067749,-3.648397207260132
5241,0.6574938297271729,1.213688850402832
5242,2.944131374359131,1.846451997756958
5243,1.4933807849884033,0.027404233813285828
5244,2.504507303237915,-0.38352519273757935
5245,0.36910906434059143,-9.353537559509277
5246,0.6443460583686829,-1.1310327053070068
5247,-0.03204263374209404,2.1278235912323
5248,-6.489696502685547,0.06942113488912582
5249,9.923949241638184,1.3667795658111572
5250,-8.816442489624023,3.474590539932251
5251,-7.78681755065918,-7.79462194442749
5252,-11.194201469421387,-3.72206974029541
5253,-0.6739502549171448,2.354640483856201
5254,-6.497548580169678,4.929993152618408
5255,-26.70235252380371,-12.665825843811035
5256,-4.046102523803711,3.2728843688964844
5257,3.480072259902954,-8.323906898498535
5258,-1.2829631567001343,3.9859156608581543
5259,-0.07446123659610748,-0.2061406672000885
5260,-5.723461151123047,-1.8736975193023682
5261,-7.787549018859863,-4.236931324005127
5262,0.15736572444438934,-1.9145317077636719
5263,2.695672035217285,-1.832540512084961
5264,-6.085142135620117,8.758160591125488
5265,-7.33610725402832,-2.7039475440979004
5266,0.5362938046455383,-1.089302659034729
5267,-0.38862136006355286,1.1015533208847046
5268,-5.192164897918701,-1.5480146408081055
5269,13.857138633728027,-1.207525372505188
5270,0.5025504231452942,-6.479340076446533
5271,-0.3818829655647278,-1.1179018020629883
5272,4.1611528396606445,-2.65791654586792
5273,-0.08977214992046356,2.548945188522339
5274,4.345514297485352,-6.0662760734558105
5275,0.5688918232917786,-0.033304281532764435
5276,0.7109895944595337,-2.7105350494384766
5277,3.1333937644958496,-3.247371196746826
5278,-0.20351018011569977,2.516719341278076
5279,2.1321988105773926,-3.2992630004882812
5280,-8.641718864440918,-0.554862916469574
5281,12.448473930358887,3.5403285026550293
5282,-2.110624074935913,-4.997405529022217
5283,6.88917350769043,-3.304161310195923
5284,-7.633217811584473,11.924050331115723
5285,2.5580437183380127,-2.749863386154175
5286,-9.194432258605957,-1.3289124965667725
5287,-8.6962251663208,-7.710211753845215
5288,-6.259328842163086,7.130148410797119
5289,6.810906410217285,-0.7478605508804321
5290,-6.999996185302734,2.3899521827697754
5291,-1.5015143156051636,0.66629958152771
5292,-1.9598373174667358,-0.7202288508415222
5293,0.37990549206733704,1.1218351125717163
5294,2.4594013690948486,-4.648985385894775
5295,1.9109171628952026,-5.59707498550415
5296,-6.9119415283203125,-7.296802997589111
5297,7.322969913482666,6.927525520324707
5298,-0.288625031709671,1.9882619380950928
5299,2.285318613052368,-1.6501226425170898
5300,12.793831825256348,-2.153301954269409
5301,-4.792320728302002,11.102751731872559
5302,-0.7310365438461304,1.774073600769043
5303,-9.504441261291504,3.8175487518310547
5304,3.077319622039795,-0.08242473751306534
5305,0.12054614722728729,1.5822975635528564
5306,2.4653124809265137,-3.915714740753174
5307,-5.551044940948486,-12.209933280944824
5308,10.38983154296875,-5.256115436553955
5309,-5.450972080230713,8.559170722961426
5310,-1.7427799701690674,4.3171210289001465
5311,3.8841044902801514,-4.977122783660889
5312,-4.302464008331299,-6.127614974975586
5313,5.201328277587891,-2.1468024253845215
5314,-1.5096698999404907,0.9667052030563354
5315,0.4588278830051422,2.4154419898986816
5316,1.7960838079452515,0.06904738396406174
5317,0.05377495661377907,1.530958890914917
5318,-8.273704528808594,6.274198055267334
5319,-0.7876372337341309,1.8695000410079956
5320,2.596189260482788,3.6988227367401123
5321,0.965957522392273,-9.300277709960938
5322,1.4575295448303223,-5.14264440536499
5323,0.694932758808136,-1.5215048789978027
5324,0.046034883707761765,-1.1917750835418701
5325,4.838444709777832,-3.759169340133667
5326,0.013855833560228348,1.872537612915039
5327,-0.32384875416755676,2.246328830718994
5328,-0.21992163360118866,-0.6169525980949402
5329,1.250408411026001,0.22669190168380737
5330,-2.15090274810791,2.979029655456543
5331,0.4336245656013489,-0.9584729671478271
5332,7.087760925292969,-1.9054208993911743
5333,-4.876714706420898,1.7840895652770996
5334,-3.083134412765503,0.17049634456634521
5335,11.105043411254883,-0.4609752595424652
5336,-8.619952201843262,1.3002781867980957
5337,-0.9173720479011536,-5.637797832489014
5338,1.3291138410568237,-6.292640209197998
5339,8.49262523651123,-4.6553635597229
5340,7.784543037414551,-1.4963284730911255
5341,5.269076347351074,-8.793166160583496
5342,1.869515061378479,3.9343678951263428
5343,5.621062278747559,-8.130885124206543
5344,1.0691289901733398,-1.5188636779785156
5345,1.027817726135254,0.7201650142669678
5346,11.204142570495605,3.734053134918213
5347,3.742799997329712,-2.012598991394043
5348,-3.6260414123535156,4.0184831619262695
5349,-2.407522201538086,-7.152876377105713
5350,9.544468879699707,0.4080083668231964
5351,0.6244814395904541,1.4948222637176514
5352,-1.011236548423767,1.7188788652420044
5353,7.779003620147705,-0.48466649651527405
5354,7.917923927307129,-5.868921279907227
5355,7.6760334968566895,-3.8669512271881104
5356,3.913393974304199,-2.4858644008636475
5357,1.9775601625442505,-1.506770372390747
5358,1.6198784112930298,-1.5517902374267578
5359,-0.9498717784881592,1.8507416248321533
5360,-1.7396246194839478,4.115447998046875
5361,-6.865204811096191,-2.259031295776367
5362,-0.6795446872711182,-1.7285794019699097
5363,-3.4776065349578857,4.022837162017822
5364,-1.1896854639053345,0.8941476345062256
5365,-0.48545554280281067,-1.3319995403289795
5366,-1.0867146253585815,2.0435800552368164
5367,13.34453296661377,-0.05066130310297012
5368,14.212212562561035,-1.3467892408370972
5369,3.068830966949463,0.26593053340911865
5370,0.13349969685077667,-6.2801337242126465
5371,-5.256213665008545,-0.016743335872888565
5372,-4.204751014709473,9.460333824157715
5373,-2.3641552925109863,-5.620660781860352
5374,-0.04620302841067314,1.3823621273040771
5375,-8.996099472045898,6.37822151184082
5376,5.015819549560547,-4.151505947113037
5377,1.1639426946640015,-8.8101806640625
5378,10.505074501037598,-0.7949241399765015
5379,7.76112699508667,-0.8488244414329529
5380,-4.583381652832031,-2.4886698722839355
5381,-0.3879324495792389,2.6216073036193848
5382,1.7892543077468872,-1.52493155002594
5383,8.730607032775879,-5.468475341796875
5384,-6.698084831237793,-0.7678180932998657
5385,-1.0120490789413452,-3.073542594909668
5386,-9.191082954406738,6.80659818649292
5387,-7.4751176834106445,-0.38143765926361084
5388,6.143196105957031,-7.792435646057129
5389,0.3284193277359009,-3.2584378719329834
5390,1.5246573686599731,-1.3486443758010864
5391,7.52156400680542,-7.47509765625
5392,1.2313305139541626,-5.933892726898193
5393,-4.92337703704834,11.826849937438965
5394,6.525559902191162,-2.000932455062866
5395,4.440610885620117,0.19718238711357117
5396,6.7851362228393555,-1.8957313299179077
5397,-1.2256282567977905,8.129347801208496
5398,-6.508936882019043,-13.81985092163086
5399,-0.5199788808822632,1.4084386825561523
5400,-0.29804858565330505,2.2203915119171143
5401,-8.96585750579834,-1.0003353357315063
5402,-0.41817378997802734,1.3622255325317383
5403,0.3872164785861969,3.5717825889587402
5404,18.052833557128906,10.873747825622559
5405,7.454789161682129,-6.581302165985107
5406,1.2606691122055054,-6.016367435455322
5407,2.958343029022217,-6.411683559417725
5408,2.037980079650879,-6.782171726226807
5409,5.996315956115723,-0.8912398219108582
5410,5.237033367156982,-8.896866798400879
5411,-5.634350776672363,12.733738899230957
5412,-6.092122554779053,-2.855928897857666
5413,12.759198188781738,-4.681318283081055
5414,-0.6723222732543945,2.767993211746216
5415,-6.286468029022217,1.0368034839630127
5416,4.165007591247559,-3.6564745903015137
5417,12.143119812011719,-2.494325637817383
5418,-0.6795050501823425,1.445730209350586
5419,1.7961195707321167,-0.660162627696991
5420,2.3859546184539795,-1.259344458580017
5421,-0.32957640290260315,2.4250247478485107
5422,5.869020462036133,-9.011672019958496
5423,0.45982280373573303,-1.32526695728302
5424,0.9937372803688049,-3.478203773498535
5425,4.682798862457275,-4.329733371734619
5426,6.211732387542725,-3.161409378051758
5427,-6.136850357055664,-1.9594671726226807
5428,-6.085204124450684,7.384798526763916
5429,-5.721722602844238,-2.47926926612854
5430,-1.4108482599258423,1.8287569284439087
5431,-0.5634503364562988,2.441814422607422
5432,3.1156606674194336,-8.324070930480957
5433,-3.2165367603302,2.647250175476074
5434,-2.083731174468994,10.613080024719238
5435,1.7083734273910522,1.3680042028427124
5436,10.303494453430176,-1.4740351438522339
5437,0.9676857590675354,-5.8851423263549805
5438,6.621634483337402,-0.4929423928260803
5439,-0.2506101131439209,-1.6932315826416016
5440,0.14108583331108093,1.8951420783996582
5441,-1.513836145401001,3.0269954204559326
5442,-1.9524065256118774,3.277738332748413
5443,-0.4095037877559662,0.9943304061889648
5444,-7.777622222900391,12.564226150512695
5445,1.0667037963867188,-7.180576801300049
5446,-4.816450595855713,5.885671138763428
5447,7.7882795333862305,-3.8821349143981934
5448,-0.5710108280181885,-9.099081993103027
5449,-5.516324043273926,5.438206195831299
5450,0.3917367458343506,-8.395512580871582
5451,10.047042846679688,1.7647747993469238
5452,-3.486194610595703,-4.562493801116943
5453,-1.1405891180038452,-5.823886871337891
5454,-0.2107515186071396,-6.127007961273193
5455,-0.20160026848316193,2.2676496505737305
5456,-8.933892250061035,4.790805339813232
5457,7.407339572906494,6.637759685516357
5458,0.5438195466995239,-1.9788002967834473
5459,-1.6781278848648071,-3.3837356567382812
5460,-13.302892684936523,-17.27532386779785
5461,4.195280075073242,-9.273362159729004
5462,-8.203593254089355,-3.7048330307006836
5463,2.302778959274292,1.0622050762176514
5464,10.113211631774902,0.011258266866207123
5465,-2.5904507637023926,-10.189640045166016
5466,-3.489561080932617,-1.8869483470916748
5467,-0.3275688588619232,2.5569725036621094
5468,0.5893955230712891,-2.2139780521392822
5469,-5.860846996307373,-0.32528215646743774
5470,-9.247960090637207,-5.381577968597412
5471,-13.886155128479004,-3.555983304977417
5472,-2.853022575378418,-4.503314018249512
5473,-0.6687238216400146,-1.9740533828735352
5474,5.330334186553955,-9.610346794128418
5475,-0.5688022375106812,1.2796318531036377
5476,-10.67016315460205,1.2551997900009155
5477,9.888137817382812,-4.52964448928833
5478,-0.07270874083042145,-0.44780078530311584
5479,-0.18856005370616913,3.3224387168884277
5480,10.37069320678711,-1.2842375040054321
5481,-5.721573829650879,-0.8908944129943848
5482,2.7510225772857666,-0.0950426533818245
5483,0.24381615221500397,3.0668725967407227
5484,-7.775237560272217,3.25349760055542
5485,12.074553489685059,-1.931701421737671
5486,-4.999239444732666,7.5499091148376465
5487,9.173827171325684,-2.510331392288208
5488,1.139527440071106,-1.0359681844711304
5489,1.9019428491592407,-2.969292402267456
5490,-0.09003295004367828,1.6559466123580933
5491,1.8156358003616333,-8.916489601135254
5492,-5.260165691375732,8.634404182434082
5493,1.7477829456329346,-3.602449417114258
5494,-0.17775137722492218,2.3392176628112793
5495,-3.2347288131713867,11.982202529907227
5496,0.639740526676178,-1.1245085000991821
5497,-4.143955230712891,-5.383294105529785
5498,1.4874330759048462,-3.8077504634857178
5499,-0.19803844392299652,-0.1574629247188568
5500,-2.565328359603882,10.516928672790527
5501,7.030155181884766,-5.338350772857666
5502,-6.941725730895996,-0.21339893341064453
5503,0.353512167930603,14.492172241210938
5504,0.8902862668037415,-3.602442979812622
5505,1.773681879043579,-11.162492752075195
5506,-6.870882987976074,0.6973311305046082
5507,-3.8676517009735107,-2.810652732849121
5508,3.361269950866699,12.265189170837402
5509,-0.4227409362792969,0.9045602083206177
5510,0.5401452779769897,-1.6841158866882324
5511,0.643638551235199,2.1555821895599365
5512,7.315596580505371,-0.988641619682312
5513,-0.41907086968421936,2.622497081756592
5514,0.821590006351471,-0.6850012540817261
5515,6.946720123291016,-1.4298853874206543
5516,-11.746153831481934,-10.478310585021973
5517,-1.253423810005188,-1.4156858921051025
5518,18.173213958740234,10.981175422668457
5519,9.493334770202637,-4.143661022186279
5520,6.802490234375,-0.5952993631362915
5521,-0.3765651285648346,0.9060239791870117
5522,5.739145278930664,4.991312503814697
5523,-0.3909771740436554,0.8377203345298767
5524,-0.22495748102664948,0.881656289100647
5525,-4.940485954284668,9.628251075744629
5526,-10.089332580566406,-3.9896020889282227
5527,13.321022987365723,-3.9533987045288086
5528,-5.627983093261719,0.8140430450439453
5529,-9.447484016418457,-2.0553500652313232
5530,-24.539531707763672,-20.838260650634766
5531,6.001011848449707,-6.617825031280518
5532,8.228240966796875,7.520026206970215
5533,6.7556304931640625,-2.0402445793151855
5534,-10.211092948913574,2.406381845474243
5535,6.198703765869141,-0.5958335995674133
5536,-3.2465991973876953,1.0544846057891846
5537,2.3599135875701904,-2.5828094482421875
5538,1.797015905380249,-3.050917387008667
5539,-0.8163751363754272,0.9888252019882202
5540,14.498717308044434,9.73828125
5541,-2.053347587585449,7.605018615722656
5542,-0.3388584852218628,1.7309446334838867
5543,0.7727349996566772,-1.9361045360565186
5544,-0.015961099416017532,-0.06835266947746277
5545,-1.2601290941238403,2.3797945976257324
5546,1.4383972883224487,-6.917069911956787
5547,-7.5623579025268555,10.814330101013184
5548,1.211281418800354,10.840434074401855
5549,1.2437447309494019,-3.2572872638702393
5550,5.9029693603515625,-7.799306869506836
5551,0.6596398949623108,2.186779260635376
5552,-1.7008475065231323,3.47664213180542
5553,9.315561294555664,1.1186320781707764
5554,0.5842788815498352,-7.242682933807373
5555,-0.38908466696739197,-6.7263922691345215
5556,3.0054450035095215,3.8182621002197266
5557,0.6081421375274658,-2.034109115600586
5558,-2.3418936729431152,8.486382484436035
5559,1.1763702630996704,-5.842889308929443
5560,-1.5947984457015991,0.9938842058181763
5561,1.1218675374984741,3.5639150142669678
5562,-10.580521583557129,-2.6310458183288574
5563,11.079354286193848,-1.7605323791503906
5564,0.06700675189495087,-1.172639012336731
5565,-4.243473052978516,6.834482669830322
5566,2.6580653190612793,4.324091911315918
5567,0.8039798140525818,2.6291818618774414
5568,1.5720378160476685,2.970848321914673
5569,-7.079440593719482,11.394150733947754
5570,-0.1904594749212265,-2.1392321586608887
5571,2.2054224014282227,2.744520902633667
5572,9.022650718688965,-2.8049654960632324
5573,1.7082513570785522,-7.9003987312316895
5574,1.8585026264190674,1.0621166229248047
5575,-0.5333139896392822,2.8907856941223145
5576,4.454166889190674,20.35774803161621
5577,-0.12321098148822784,-0.24599385261535645
5578,-0.9030842185020447,1.9830613136291504
5579,-10.995650291442871,-1.055009365081787
5580,2.702983856201172,3.7757463455200195
5581,-4.818076133728027,-0.5794283151626587
5582,-0.1251271516084671,2.5112314224243164
5583,0.06728009879589081,0.8431849479675293
5584,-5.495506286621094,-0.037862155586481094
5585,8.0156831741333,-1.627876877784729
5586,-0.5440918207168579,1.9471635818481445
5587,-11.057829856872559,-7.020785808563232
5588,1.2674254179000854,-8.326680183410645
5589,10.159395217895508,1.3808448314666748
5590,0.8139369487762451,-7.436723232269287
5591,8.381733894348145,-5.246753215789795
5592,8.091687202453613,3.845243453979492
5593,-6.049530982971191,8.653018951416016
5594,1.3024553060531616,-1.5156906843185425
5595,-11.684708595275879,-5.5451531410217285
5596,4.484248161315918,-9.201369285583496
5597,-20.674549102783203,-18.81501007080078
5598,-0.5713225603103638,-5.149197578430176
5599,6.811959743499756,-4.715974807739258
5600,-1.938475489616394,2.6726999282836914
5601,-11.876753807067871,-5.666499614715576
5602,1.7124303579330444,-4.149810314178467
5603,6.225235462188721,-1.0909513235092163
5604,12.294713020324707,-2.351170539855957
5605,-0.7030988931655884,0.9655469655990601
5606,9.087696075439453,5.672831058502197
5607,2.4763145446777344,-7.177102088928223
5608,5.539665222167969,-4.452700138092041
5609,14.852643966674805,-3.5058934688568115
5610,-0.773322582244873,2.455636739730835
5611,-0.2968803942203522,0.9461896419525146
5612,-3.876493215560913,10.225384712219238
5613,13.025506019592285,-1.617013692855835
5614,1.0513031482696533,-4.656649589538574
5615,1.1093614101409912,-1.3584368228912354
5616,1.51213800907135,-1.5350233316421509
5617,-7.593709945678711,-0.18774548172950745
5618,3.6587119102478027,0.923358678817749
5619,-1.9945064783096313,4.024780750274658
5620,-1.7583383321762085,2.195096254348755
5621,0.0006273053586483002,-2.5481929779052734
5622,-1.065648078918457,2.0207085609436035
5623,11.914665222167969,2.4246408939361572
5624,-2.8932113647460938,4.591905117034912
5625,1.5906739234924316,-1.8437762260437012
5626,0.5291470885276794,0.5980530381202698
5627,1.8005815744400024,-2.9587249755859375
5628,-0.19160212576389313,9.646230697631836
5629,-0.8191949129104614,1.9690444469451904
5630,2.603562831878662,-1.589284896850586
5631,2.150688409805298,-6.9112749099731445
5632,-0.20887203514575958,1.417319893836975
5633,3.2676000595092773,-9.244078636169434
5634,0.6720298528671265,-0.3878884017467499
5635,9.174004554748535,21.936758041381836
5636,-18.486602783203125,-8.53921890258789
5637,6.843151569366455,-1.921274185180664
5638,-20.714155197143555,-19.43105125427246
5639,-4.077425003051758,5.963294506072998
5640,-0.23251168429851532,2.579052448272705
5641,7.097090721130371,-3.0555310249328613
5642,0.2757105231285095,2.3861031532287598
5643,2.1765666007995605,-5.877051830291748
5644,-2.94115948677063,2.0988142490386963
5645,0.5265718102455139,0.7741464972496033
5646,1.4768568277359009,1.2882890701293945
5647,-1.9521857500076294,6.16784143447876
5648,2.3188211917877197,-3.7753896713256836
5649,-8.120686531066895,-5.802404403686523
5650,3.837311267852783,2.060248374938965
5651,-2.656785249710083,0.5102502703666687
5652,10.983948707580566,-3.4410078525543213
5653,1.3789963722229004,-9.946131706237793
5654,-8.829438209533691,-0.24414414167404175
5655,4.084759712219238,13.122920036315918
5656,5.127010822296143,-2.9059948921203613
5657,-1.1161092519760132,2.2628066539764404
5658,4.3270111083984375,-5.135787487030029
5659,2.4104628562927246,-4.453854560852051
5660,0.6030005216598511,1.5778861045837402
5661,6.03896427154541,5.078627586364746
5662,0.011964056640863419,-0.29056084156036377
5663,-12.989192008972168,-0.5023488402366638
5664,-0.2581438720226288,-1.328528881072998
5665,5.810993194580078,-9.681741714477539
5666,-2.4210903644561768,5.961355686187744
5667,2.0459203720092773,-5.791736125946045
5668,8.970439910888672,-4.240903377532959
5669,11.954571723937988,7.873067378997803
5670,-0.19447675347328186,0.8343585729598999
5671,-7.421417236328125,3.04830265045166
5672,-0.27598491311073303,-5.829603672027588
5673,0.8243648409843445,12.665567398071289
5674,2.965907096862793,13.571261405944824
5675,8.184182167053223,-6.453707695007324
5676,-0.33411815762519836,1.68804132938385
5677,-10.279444694519043,-2.3216264247894287
5678,1.8022733926773071,-1.4578020572662354
5679,4.585882186889648,29.076499938964844
5680,-9.225672721862793,5.629456043243408
5681,-6.158108711242676,4.128109455108643
5682,3.039186954498291,-0.2778370678424835
5683,10.699776649475098,-0.5525623559951782
5684,-2.8297739028930664,0.6638732552528381
5685,-10.796534538269043,-4.45363187789917
5686,6.617403984069824,-1.0809645652770996
5687,1.5279356241226196,1.6127519607543945
5688,-2.541745185852051,0.13194426894187927
5689,-2.001284599304199,-1.3352444171905518
5690,2.590764045715332,0.32965004444122314
5691,0.31614506244659424,-1.7325178384780884
5692,1.2410290241241455,-5.617380619049072
5693,0.01565789058804512,-0.19377344846725464
5694,-7.496335029602051,0.20938625931739807
5695,-0.19219566881656647,-0.3260364234447479
5696,-2.3682401180267334,2.718217372894287
5697,8.24182415008545,-0.9319477081298828
5698,-5.4002766609191895,-2.3126840591430664
5699,-8.947895050048828,-2.6937766075134277
5700,-19.6145076751709,-18.22846031188965
5701,-1.4948140382766724,-6.068272590637207
5702,1.5856738090515137,15.724217414855957
5703,0.4181024730205536,-0.4322297275066376
5704,7.956963539123535,-2.068765163421631
5705,-1.3954250812530518,0.9049420356750488
5706,0.5450252890586853,-0.20684275031089783
5707,2.2989513874053955,-5.918755054473877
5708,-5.311781406402588,7.776321887969971
5709,-12.301817893981934,-5.494564533233643
5710,0.2998005151748657,0.1668807864189148
5711,-2.773963689804077,-5.269550800323486
5712,5.901068687438965,-1.4255356788635254
5713,0.060398656874895096,1.548287034034729
5714,-5.3764142990112305,-3.497544765472412
5715,1.2241439819335938,1.1310936212539673
5716,-0.16574841737747192,-2.457467794418335
5717,11.986891746520996,7.6287007331848145
5718,3.503337860107422,-3.012721061706543
5719,2.069108247756958,0.9373694658279419
5720,-11.300786018371582,-5.361887454986572
5721,0.10744677484035492,2.0362703800201416
5722,1.7526861429214478,-1.2246148586273193
5723,1.686194896697998,-2.8415236473083496
5724,2.1041479110717773,0.460702508687973
5725,-8.73419189453125,-12.027270317077637
5726,-6.685822486877441,-2.8498284816741943
5727,1.0159006118774414,-3.405834913253784
5728,-6.470996856689453,-1.8418841361999512
5729,-0.8363280296325684,-1.3368940353393555
5730,2.186971664428711,-4.71653413772583
5731,-1.3917008638381958,4.795506954193115
5732,11.364596366882324,1.6651476621627808
5733,6.649017810821533,-1.4263149499893188
5734,2.4254136085510254,-4.43429708480835
5735,-1.3994038105010986,2.901088237762451
5736,1.0293997526168823,1.1871211528778076
5737,-11.90733814239502,-1.5399210453033447
5738,12.983626365661621,-2.439070463180542
5739,-5.642563819885254,0.4022706151008606
5740,-0.17670099437236786,-8.574600219726562
5741,8.37017822265625,-6.176170349121094
5742,-3.388273000717163,9.779780387878418
5743,1.4787981510162354,-0.5451799035072327
5744,0.9761336445808411,-1.0716744661331177
5745,-1.8072093725204468,2.901157855987549
5746,-8.697396278381348,-0.21665284037590027
5747,1.355254888534546,3.6947884559631348
5748,-7.68319034576416,8.349069595336914
5749,-1.7064465284347534,3.0744032859802246
5750,-7.300034523010254,2.4433698654174805
5751,0.9534322023391724,-6.918928623199463
5752,1.0291380882263184,-6.271214962005615
5753,-4.003252983093262,9.09515380859375
5754,-0.2811235189437866,2.5828347206115723
5755,0.6842227578163147,2.1203744411468506
5756,2.0206282138824463,-3.194195032119751
5757,-7.804386615753174,0.8512710928916931
5758,2.5881338119506836,-4.122588157653809
5759,-5.560187816619873,-3.5292859077453613
5760,-0.23759035766124725,-4.48845100402832
5761,8.027543067932129,-5.674502372741699
5762,2.0081329345703125,-3.148010492324829
5763,-0.03172801062464714,2.2590551376342773
5764,0.871371328830719,-3.4363479614257812
5765,0.5848590135574341,-0.7257179021835327
5766,0.4437708556652069,-0.8199939727783203
5767,0.08319927752017975,1.601572871208191
5768,1.1310627460479736,3.963240146636963
5769,-14.861396789550781,-4.40546178817749
5770,0.614801824092865,2.9527225494384766
5771,-0.3441646099090576,0.7770512700080872
5772,-14.675291061401367,-6.153943061828613
5773,-5.233693599700928,2.6014087200164795
5774,-0.02865130826830864,-2.6801300048828125
5775,-11.381234169006348,4.046236038208008
5776,3.419936180114746,-2.301814556121826
5777,-2.02064847946167,8.289032936096191
5778,-10.557576179504395,-9.427592277526855
5779,12.004374504089355,5.85498046875
5780,1.1044105291366577,-8.202643394470215
5781,1.5377367734909058,-1.3511178493499756
5782,-9.972321510314941,-7.387906551361084
5783,-0.4878685176372528,0.9225586652755737
5784,5.435696601867676,0.18657651543617249
5785,-6.0030975341796875,0.7205561399459839
5786,0.11896775662899017,-0.7650190591812134
5787,7.67928409576416,-3.6656665802001953
5788,0.5718405842781067,-1.2576977014541626
5789,7.434942722320557,-6.56603479385376
5790,-2.6734507083892822,4.706603527069092
5791,1.6441371440887451,-6.0594682693481445
5792,6.845991134643555,-1.536749243736267
5793,0.15152640640735626,12.467945098876953
5794,-0.4342254102230072,0.9566187858581543
5795,3.7504758834838867,-8.409053802490234
5796,1.886971354484558,-8.542442321777344
5797,1.3956266641616821,-1.6398229598999023
5798,10.871695518493652,-1.8926453590393066
5799,7.056796073913574,10.186491012573242
5800,-4.594765663146973,10.36801815032959
5801,6.013257026672363,-1.6975531578063965
5802,-8.639298439025879,-6.652013778686523
5803,-2.917144298553467,11.071009635925293
5804,0.6814873218536377,14.158112525939941
5805,-3.5448341369628906,-1.7761589288711548
5806,0.953325092792511,3.471740245819092
5807,-1.3612173795700073,1.4092864990234375
5808,-0.548487663269043,-2.673928737640381
5809,-0.6371787190437317,1.5370910167694092
5810,0.9000275135040283,-4.628751277923584
5811,-8.697351455688477,-5.611084938049316
5812,-1.6265474557876587,9.723448753356934
5813,-1.7113264799118042,-5.307848930358887
5814,-2.4202661514282227,-8.6549654006958
5815,-0.7476187348365784,-4.067966461181641
5816,-0.33503028750419617,2.2529256343841553
5817,1.6452757120132446,-1.6002612113952637
5818,-0.24295903742313385,-4.0108747482299805
5819,-0.7810611128807068,1.5498071908950806
5820,-0.845629096031189,0.17240583896636963
5821,13.11940860748291,-2.1299026012420654
5822,-12.086806297302246,-0.41239815950393677
5823,-0.06331838667392731,-2.2333874702453613
5824,1.7619637250900269,-8.140718460083008
5825,-5.505788326263428,-0.9039394855499268
5826,-1.8002489805221558,10.557328224182129
5827,-6.2389678955078125,-6.10542631149292
5828,2.6292014122009277,6.313769817352295
5829,8.727527618408203,-2.533301591873169
5830,-3.499145030975342,7.230686187744141
5831,12.127169609069824,-0.39218685030937195
5832,-6.167859077453613,-7.225466251373291
5833,-0.8321841955184937,2.3154382705688477
5834,-0.5343307852745056,2.5065712928771973
5835,-0.41498345136642456,-3.312896728515625
5836,1.4227930307388306,-4.829677104949951
5837,1.9295841455459595,-1.2882024049758911
5838,9.218586921691895,-2.9609971046447754
5839,-0.17979609966278076,0.7226094603538513
5840,-10.556135177612305,-9.169903755187988
5841,11.801346778869629,-3.214773178100586
5842,-9.501778602600098,-3.60758113861084
5843,3.9379448890686035,-3.390378952026367
5844,-1.5731388330459595,1.917433261871338
5845,0.4733816087245941,6.933681011199951
5846,0.9608758687973022,3.449779748916626
5847,-1.1561073064804077,-1.14704167842865
5848,0.9729325771331787,2.5500245094299316
5849,-1.5962269306182861,2.281337261199951
5850,-1.8901203870773315,2.1152379512786865
5851,3.737593412399292,-1.8168610334396362
5852,-7.256297588348389,-4.085422039031982
5853,8.13031005859375,-5.247017860412598
5854,-6.455206394195557,-4.615772724151611
5855,1.8832972049713135,-2.3493566513061523
5856,-1.2549735307693481,6.594613552093506
5857,-6.252572059631348,-2.3345046043395996
5858,8.005596160888672,-2.2784292697906494
5859,-1.714538812637329,-5.009555339813232
5860,10.427613258361816,-5.2524824142456055
5861,2.295764446258545,-4.7270121574401855
5862,-0.14569656550884247,3.112593650817871
5863,-4.549162864685059,1.655668020248413
5864,-0.4019736349582672,1.4623156785964966
5865,7.163639068603516,-3.2645888328552246
5866,-1.838326096534729,1.2199299335479736
5867,-7.897080421447754,9.779580116271973
5868,-6.014843463897705,-0.8121669292449951
5869,-0.3574889600276947,2.493767023086548
5870,2.6656618118286133,2.309116840362549
5871,-5.189074516296387,-5.7169060707092285
5872,0.22068247199058533,2.9302845001220703
5873,10.828362464904785,-4.927900314331055
5874,-1.6887136697769165,3.2899515628814697
5875,10.869461059570312,-5.116872310638428
5876,-0.7720494270324707,-1.7382042407989502
5877,-5.093575477600098,3.6563191413879395
5878,-9.17422866821289,3.6376700401306152
5879,-2.9981303215026855,12.059648513793945
5880,-7.28255558013916,8.63601016998291
5881,-3.1870384216308594,5.710546016693115
5882,-0.5440143942832947,6.558993339538574
5883,4.418190002441406,-7.654587268829346
5884,4.953022480010986,-4.658939361572266
5885,-1.784164547920227,9.145514488220215
5886,9.537381172180176,-0.6828700304031372
5887,-1.1560840606689453,-0.02233714610338211
5888,4.633501052856445,15.13407039642334
5889,-0.21632377803325653,1.6821659803390503
5890,8.956711769104004,-0.5760380625724792
5891,1.490360140800476,-5.624101161956787
5892,1.7012532949447632,-1.0953608751296997
5893,-3.9533474445343018,0.8678529262542725
5894,-0.16809742152690887,1.654791235923767
5895,-3.9141757488250732,-11.449750900268555
5896,-0.3086986541748047,1.6224690675735474
5897,7.274191379547119,-0.3366776406764984
5898,-5.191775321960449,12.724344253540039
5899,12.073134422302246,-0.0717223659157753
5900,0.8788331151008606,-5.011715412139893
5901,-5.542232036590576,-2.4978578090667725
5902,2.1380116939544678,-4.482236862182617
5903,0.008329484611749649,2.811654567718506
5904,-4.5153656005859375,-4.360766887664795
5905,0.781943678855896,-0.6715832948684692
5906,6.677183151245117,-3.246392011642456
5907,3.0292255878448486,-2.043058395385742
5908,2.6065456867218018,17.23606300354004
5909,7.252481460571289,0.33254900574684143
5910,-12.543290138244629,-0.48792874813079834
5911,-2.040750503540039,3.3609838485717773
5912,-3.215965986251831,3.486246109008789
5913,-6.341436386108398,-2.5481021404266357
5914,11.652649879455566,-2.0976309776306152
5915,-6.0322136878967285,2.8363938331604004
5916,2.141939163208008,1.4604706764221191
5917,-9.57681655883789,0.7196182608604431
5918,3.2378203868865967,-6.129319667816162
5919,-0.07388794422149658,2.876296043395996
5920,0.6159297227859497,-0.7058553695678711
5921,-6.61476469039917,8.108284950256348
5922,-6.924339294433594,3.433492660522461
5923,12.676465034484863,6.0202860832214355
5924,-12.530895233154297,1.224326729774475
5925,12.243281364440918,-0.17880591750144958
5926,0.6986644864082336,-0.15061289072036743
5927,10.6007661819458,-5.595517635345459
5928,-5.038904190063477,-7.157137393951416
5929,1.9866362810134888,-2.4234695434570312
5930,-2.640977382659912,5.707116603851318
5931,-2.58196759223938,0.07954645901918411
5932,0.3409556448459625,-4.1244096755981445
5933,-4.988719940185547,10.350663185119629
5934,0.7512597441673279,0.6577192544937134
5935,16.601778030395508,10.542387008666992
5936,0.8343274593353271,-1.5012271404266357
5937,0.15301471948623657,-0.37507131695747375
5938,7.9531354904174805,-1.307873249053955
5939,1.890581488609314,-3.104186773300171
5940,9.57554817199707,-2.7496957778930664
5941,0.845089316368103,3.576962947845459
5942,0.8446913957595825,-0.1378157138824463
5943,1.5904487371444702,3.906268358230591
5944,1.1526817083358765,-3.4850919246673584
5945,1.2831652164459229,4.544677257537842
5946,2.426290988922119,-4.207072734832764
5947,-11.605156898498535,8.421072006225586
5948,2.4133493900299072,-5.3169474601745605
5949,-2.8246052265167236,1.6310944557189941
5950,-0.0021191351115703583,1.4144513607025146
5951,-5.812465667724609,0.35659924149513245
5952,9.518359184265137,0.08899369090795517
5953,-1.1155197620391846,8.258895874023438
5954,-0.21017001569271088,1.7035889625549316
5955,-3.204928398132324,5.592704772949219
5956,1.797282099723816,-5.568788051605225
5957,8.913129806518555,-2.4879448413848877
5958,7.366884231567383,-1.55219304561615
5959,13.876864433288574,-3.3508315086364746
5960,-3.1888418197631836,4.6530890464782715
5961,-10.355812072753906,-11.820082664489746
5962,9.531135559082031,-2.454214572906494
5963,0.2041715532541275,-0.6514582633972168
5964,1.6188805103302002,-2.265199899673462
5965,-0.2695342004299164,1.5899888277053833
5966,1.3323707580566406,14.2453031539917
5967,-2.453613519668579,11.093951225280762
5968,0.6737039685249329,-5.197494029998779
5969,13.36978816986084,-1.6918091773986816
5970,4.243194103240967,23.25851058959961
5971,6.443123817443848,-0.42840567231178284
5972,0.9935988783836365,1.1958776712417603
5973,0.9625559449195862,-0.598901629447937
5974,0.024531293660402298,2.0122456550598145
5975,0.23862479627132416,-1.3190171718597412
5976,-0.021325867623090744,1.6319994926452637
5977,-5.210262775421143,11.311661720275879
5978,-4.113806247711182,-4.282707691192627
5979,-0.10695289075374603,-3.8185081481933594
5980,-7.119135856628418,-0.3285369277000427
5981,-1.028269648551941,-3.211543560028076
5982,-0.34698012471199036,2.396364688873291
5983,10.213091850280762,-0.7118035554885864
5984,4.8177490234375,-2.825695514678955
5985,-13.007206916809082,-14.899935722351074
5986,-21.45631217956543,-20.584623336791992
5987,-1.9204405546188354,-3.628952980041504
5988,-3.169084310531616,-3.4987759590148926
5989,-1.7026797533035278,13.01618480682373
5990,10.71829891204834,-1.9856891632080078
5991,-2.1022894382476807,3.5717837810516357
5992,-3.1926839351654053,2.145332098007202
5993,-4.694612503051758,-5.7542548179626465
5994,-18.90705680847168,-21.517107009887695
5995,3.9691267013549805,-5.315969944000244
5996,1.9935309886932373,4.94364595413208
5997,-0.7204076647758484,2.2201390266418457
5998,-0.3922165632247925,0.7035088539123535
5999,1.2716771364212036,-2.5885937213897705
6000,13.558149337768555,-2.160979747772217
6001,0.09390918910503387,0.20361560583114624
6002,-11.43188762664795,-10.680928230285645
6003,-0.3467252552509308,1.4039864540100098
6004,-1.015678882598877,3.274810791015625
6005,8.323542594909668,-2.450110912322998
6006,-5.028803825378418,8.43211841583252
6007,-5.948912143707275,1.1016409397125244
6008,-1.0902221202850342,-1.5355541706085205
6009,0.921381950378418,0.7415508031845093
6010,0.03853883221745491,-4.339621067047119
6011,0.9829988479614258,3.381012439727783
6012,-2.9922711849212646,-2.9563446044921875
6013,3.951437473297119,-1.4917538166046143
6014,2.9666199684143066,-4.406835556030273
6015,-3.1940388679504395,3.254434585571289
6016,-1.7929915189743042,9.564595222473145
6017,-9.406623840332031,-3.195067882537842
6018,0.7880576848983765,-7.123036861419678
6019,-0.9185131788253784,0.8105875253677368
6020,11.639513969421387,0.7966084480285645
6021,0.8822997808456421,-4.883298397064209
6022,1.3458055257797241,3.749155282974243
6023,7.281642913818359,-6.6287841796875
6024,-1.769187092781067,3.322707176208496
6025,-5.712766647338867,6.401040077209473
6026,-3.1423983573913574,-1.6723495721817017
6027,7.297920227050781,-7.457299709320068
6028,3.336826801300049,-6.0111541748046875
6029,-0.24974574148654938,2.9145302772521973
6030,5.975708961486816,-7.79009485244751
6031,-7.341320037841797,-0.5603234171867371
6032,-0.07639092206954956,-1.6357698440551758
6033,2.137993574142456,-6.2211737632751465
6034,-5.512917518615723,1.5074727535247803
6035,-4.121756076812744,-3.5948500633239746
6036,-3.543842315673828,-2.30515718460083
6037,2.567276954650879,0.007282234728336334
6038,-0.44412457942962646,1.972386121749878
6039,8.4256010055542,-2.5201070308685303
6040,1.2306441068649292,-1.3447706699371338
6041,9.286822319030762,5.539870738983154
6042,1.0628044605255127,-3.33797550201416
6043,0.33352285623550415,1.6859060525894165
6044,8.752386093139648,-5.579766273498535
6045,0.4371424615383148,-4.196983337402344
6046,2.0319137573242188,21.83169174194336
6047,-3.7814431190490723,13.822565078735352
6048,-4.67387580871582,6.7296977043151855
6049,-2.5332655906677246,-3.242929697036743
6050,-0.7988613843917847,0.15650928020477295
6051,1.0814470052719116,2.2429003715515137
6052,-2.5450830459594727,3.5388975143432617
6053,-0.40743356943130493,-3.9245448112487793
6054,1.0417121648788452,-1.7644665241241455
6055,-0.5968924164772034,1.5880792140960693
6056,-0.8782048225402832,-3.037318229675293
6057,-2.915607452392578,4.8043341636657715
6058,15.11591625213623,7.138462543487549
6059,0.20869675278663635,-1.219040036201477
6060,-1.2956358194351196,2.632660150527954
6061,-5.70200777053833,9.83862018585205
6062,6.621510982513428,-1.3494945764541626
6063,0.9104019403457642,-5.859960556030273
6064,-6.653042793273926,0.7579774856567383
6065,-1.81096613407135,9.193437576293945
6066,-2.5398573875427246,7.964670658111572
6067,0.6288430094718933,-1.0737178325653076
6068,2.250109910964966,-3.903249740600586
6069,-6.2365827560424805,-0.9134430885314941
6070,6.853806972503662,-2.5273313522338867
6071,8.78491497039795,-2.9746146202087402
6072,-0.23513437807559967,0.8851149678230286
6073,8.681672096252441,-2.6590514183044434
6074,-1.0239595174789429,3.5239057540893555
6075,6.075852870941162,-4.321589946746826
6076,11.685210227966309,-0.4883456528186798
6077,0.804724395275116,1.3630344867706299
6078,-3.246218681335449,4.655741214752197
6079,-9.35435962677002,10.462811470031738
6080,6.613754749298096,0.654996395111084
6081,11.464898109436035,4.6119232177734375
6082,1.4503164291381836,-3.8136119842529297
6083,8.079524993896484,-4.201427936553955
6084,1.2606111764907837,-1.9744781255722046
6085,14.92540454864502,7.762770175933838
6086,-1.837155818939209,1.201034665107727
6087,-0.028698470443487167,-1.0342612266540527
6088,-0.21312330663204193,0.8229745626449585
6089,0.9979459047317505,-4.656104564666748
6090,-0.07218968868255615,2.3263392448425293
6091,-0.13930092751979828,1.862557053565979
6092,5.617598533630371,-8.40339183807373
6093,1.361467957496643,0.593892514705658
6094,-0.003149013966321945,1.3371713161468506
6095,2.7034249305725098,-1.6562974452972412
6096,5.167793273925781,-9.169432640075684
6097,6.5831451416015625,-1.506057858467102
6098,-10.895575523376465,4.021535873413086
6099,0.8177112340927124,-1.5766499042510986
6100,0.9834556579589844,3.7497687339782715
6101,0.33795157074928284,-3.172119617462158
6102,0.2845902442932129,1.9468965530395508
6103,-1.1690133810043335,-4.154989719390869
6104,5.892860412597656,-0.6544139385223389
6105,-0.38514694571495056,0.8026821613311768
6106,9.6890287399292,-0.25066742300987244
6107,12.01862621307373,5.7366228103637695
6108,2.366947650909424,-2.2216176986694336
6109,5.551418304443359,-0.7532490491867065
6110,1.8945808410644531,-9.291549682617188
6111,0.0886944979429245,2.3139452934265137
6112,-1.0702694654464722,3.6171796321868896
6113,-23.158811569213867,-20.233436584472656
6114,-0.7264994978904724,-1.4942443370819092
6115,0.5682570338249207,8.815117835998535
6116,5.937475204467773,-0.7900323867797852
6117,6.602215766906738,5.14858865737915
6118,2.562105655670166,1.7559493780136108
6119,12.250845909118652,-2.2793774604797363
6120,-3.1091418266296387,4.446114540100098
6121,10.323393821716309,-0.5340916514396667
6122,9.193703651428223,-2.142408609390259
6123,-0.38115429878234863,1.7881662845611572
6124,2.071019411087036,-3.339486598968506
6125,-0.14182470738887787,0.8674578666687012
6126,1.8174110651016235,-9.150712013244629
6127,5.43983268737793,29.481122970581055
6128,-11.898797035217285,-8.921259880065918
6129,1.744101881980896,-9.193852424621582
6130,-3.381842851638794,5.042730808258057
6131,8.902205467224121,-2.4444022178649902
6132,7.056623458862305,-2.6497364044189453
6133,-15.422452926635742,-2.3761885166168213
6134,0.10395385324954987,2.149540662765503
6135,2.7962865829467773,-5.491724967956543
6136,13.224156379699707,-1.7484238147735596
6137,0.0728348046541214,1.7223515510559082
6138,9.349596977233887,-2.6794517040252686
6139,0.4010467529296875,0.19515857100486755
6140,-10.453080177307129,-0.09642962366342545
6141,12.176933288574219,4.781833171844482
6142,-9.75320816040039,4.777800559997559
6143,9.391904830932617,-2.2354931831359863
6144,10.851069450378418,1.923808217048645
6145,-24.664714813232422,-19.070632934570312
6146,6.75338077545166,0.5540738701820374
6147,3.7878270149230957,12.851055145263672
6148,0.9290814995765686,-2.0812859535217285
6149,5.424638748168945,-0.6807260513305664
6150,1.049100399017334,-1.6796128749847412
6151,-1.1899241209030151,2.3541197776794434
6152,0.9101971983909607,-0.5968617796897888
6153,1.9367364645004272,-3.635406017303467
6154,-0.8802937865257263,1.5672732591629028
6155,-0.5258649587631226,2.160964012145996
6156,-0.651867687702179,0.8071611523628235
6157,-8.432263374328613,-3.326249361038208
6158,6.2339606285095215,3.5207080841064453
6159,-0.27408522367477417,2.5874533653259277
6160,-0.24240027368068695,2.572026014328003
6161,1.7707403898239136,-7.473641872406006
6162,4.0673723220825195,-4.494892597198486
6163,-4.459754467010498,4.704721450805664
6164,-4.264996528625488,-2.1904044151306152
6165,2.951396942138672,11.506178855895996
6166,1.9090323448181152,-1.257718801498413
6167,-2.692434310913086,0.8178018927574158
6168,14.167916297912598,16.28018569946289
6169,0.8079304099082947,-0.45516660809516907
6170,0.4345146119594574,-0.7225196361541748
6171,2.638970375061035,3.9159231185913086
6172,1.4532544612884521,-8.559743881225586
6173,2.8447954654693604,-2.6047332286834717
6174,-0.6341953277587891,-0.16597658395767212
6175,-2.1732423305511475,4.079046249389648
6176,1.9808382987976074,-3.98051118850708
6177,5.415050506591797,-6.630496025085449
6178,-11.175654411315918,-4.981568813323975
6179,-1.194772481918335,-0.2841806411743164
6180,6.322530746459961,6.761018753051758
6181,-0.28871554136276245,-6.308558464050293
6182,7.59340763092041,-1.254880428314209
6183,12.050724029541016,-0.4369310438632965
6184,1.3737012147903442,-1.407073736190796
6185,-4.619635105133057,-9.68868350982666
6186,9.671951293945312,-2.0481927394866943
6187,-6.368661403656006,11.425227165222168
6188,11.470370292663574,-2.3907549381256104
6189,0.08799311518669128,2.3801894187927246
6190,-0.10711376368999481,-3.3510138988494873
6191,-10.153878211975098,-7.834871768951416
6192,1.0546282529830933,-4.263537883758545
6193,1.3363219499588013,-7.643020153045654
6194,-0.15494896471500397,3.029116153717041
6195,-4.56582498550415,0.8383157849311829
6196,-0.3659310042858124,-2.824378490447998
6197,-0.28497007489204407,1.8087794780731201
6198,-0.46440157294273376,8.65735149383545
6199,-4.21555233001709,7.450347423553467
6200,-0.20157645642757416,0.9231552481651306
6201,-0.03670458868145943,-1.5957914590835571
6202,3.03279972076416,-3.5900461673736572
6203,-4.030129909515381,-3.664463996887207
6204,1.8410468101501465,-3.820319175720215
6205,0.5456153750419617,-1.7853643894195557
6206,0.715831995010376,-4.785305976867676
6207,1.3695560693740845,1.5948107242584229
6208,9.632889747619629,-0.8210452198982239
6209,1.3415409326553345,13.833465576171875
6210,0.7810419201850891,-9.285181999206543
6211,-4.494242191314697,4.4930338859558105
6212,2.654618263244629,-4.538213729858398
6213,6.136219024658203,-1.039941430091858
6214,-0.1180012971162796,0.9880789518356323
6215,4.353205680847168,-7.898616313934326
6216,2.340733528137207,-8.232855796813965
6217,-6.918045997619629,-7.000906467437744
6218,0.6375558376312256,-2.518023729324341
6219,6.263587951660156,14.927393913269043
6220,-0.36109599471092224,1.0299268960952759
6221,2.8772475719451904,-7.804015159606934
6222,-0.22111962735652924,1.7960892915725708
6223,5.576488494873047,24.1872615814209
6224,-8.711472511291504,-7.645702838897705
6225,-4.180205821990967,10.485089302062988
6226,-0.06829813122749329,-2.522547483444214
6227,0.6661055088043213,-3.0226831436157227
6228,-1.332327961921692,-0.39741674065589905
6229,-6.273982048034668,-1.9734553098678589
6230,-0.29829141497612,-9.421345710754395
6231,-0.2749458849430084,2.2348904609680176
6232,3.666747570037842,-8.794081687927246
6233,1.8192282915115356,-6.436430931091309
6234,-0.41975584626197815,-2.7101528644561768
6235,-0.08295147120952606,1.3250670433044434
6236,-4.154772758483887,-2.65350341796875
6237,7.09798526763916,-1.8022491931915283
6238,-9.291563987731934,0.4257354140281677
6239,0.6266637444496155,-7.090085506439209
6240,-1.6838079690933228,9.533026695251465
6241,-0.646902322769165,2.429365873336792
6242,0.5677186250686646,-9.215676307678223
6243,4.790074348449707,-1.8917324542999268
6244,0.46590015292167664,-8.924610137939453
6245,9.761740684509277,-0.15832790732383728
6246,-10.230822563171387,-10.178563117980957
6247,0.5039240717887878,2.772125005722046
6248,-0.4549529552459717,2.357593297958374
6249,4.344999313354492,-2.4900574684143066
6250,2.23856782913208,1.9033454656600952
6251,16.144657135009766,9.3921480178833
6252,-1.2571097612380981,1.0834457874298096
6253,2.0486488342285156,-4.291172981262207
6254,-6.284496307373047,-2.059898614883423
6255,-0.068674236536026,0.2851317524909973
6256,2.3842220306396484,-6.519185543060303
6257,-0.11218632757663727,-0.12559081614017487
6258,0.8795195817947388,3.9131581783294678
6259,-4.3337016105651855,6.9911208152771
6260,9.163615226745605,-1.5538220405578613
6261,10.007063865661621,-2.3635239601135254
6262,0.7652233242988586,-0.5113677382469177
6263,-0.9200645089149475,2.9231224060058594
6264,4.466007232666016,22.42837905883789
6265,9.90660285949707,-1.5970205068588257
6266,-2.14347505569458,2.3033320903778076
6267,3.1951727867126465,-1.1404552459716797
6268,7.614880561828613,-2.6205663681030273
6269,1.6828244924545288,-9.010846138000488
6270,-0.18313699960708618,-0.09221411496400833
6271,-0.057617317885160446,2.007622718811035
6272,-0.936272144317627,-0.2395164966583252
6273,-1.5324000120162964,9.750821113586426
6274,1.5249382257461548,0.8614169955253601
6275,-0.2293580025434494,2.0451529026031494
6276,7.050067901611328,-1.4043912887573242
6277,0.9003465175628662,2.3315882682800293
6278,-0.2559733986854553,2.2174415588378906
6279,9.365650177001953,-5.411057949066162
6280,4.38116979598999,-8.928173065185547
6281,-1.6215509176254272,2.2784500122070312
6282,2.846484661102295,-7.897069454193115
6283,-15.861418724060059,-18.876834869384766
6284,-9.029093742370605,5.936787128448486
6285,-8.163115501403809,5.50388765335083
6286,-9.383635520935059,1.1492342948913574
6287,0.6261722445487976,-1.6408982276916504
6288,3.53873872756958,-0.8995281457901001
6289,0.12384141981601715,-2.4256629943847656
6290,-18.398231506347656,-13.42018985748291
6291,0.47875815629959106,-7.506040096282959
6292,-10.473335266113281,2.7440154552459717
6293,-0.43707937002182007,2.5106663703918457
6294,10.050039291381836,-5.844985485076904
6295,13.539763450622559,-1.4830682277679443
6296,-0.19833792746067047,-4.152217864990234
6297,-1.278810977935791,2.894986629486084
6298,-1.8141053915023804,-0.8926817178726196
6299,3.8101699352264404,-10.13107681274414
6300,-6.49199914932251,-3.5777080059051514
6301,-7.2643938064575195,10.997870445251465
6302,8.349577903747559,0.20462140440940857
6303,1.0906012058258057,0.7619688510894775
6304,-1.1998374462127686,10.009127616882324
6305,-7.528453350067139,-0.9174982309341431
6306,-9.942374229431152,-3.6776371002197266
6307,1.8948405981063843,-8.833724021911621
6308,-7.504961967468262,6.855621337890625
6309,2.075528621673584,-3.7597765922546387
6310,-0.1391468197107315,1.918935775756836
6311,-2.1778173446655273,12.595654487609863
6312,5.608397483825684,4.937399387359619
6313,1.5503830909729004,3.2390823364257812
6314,-4.961480140686035,-1.2055714130401611
6315,-0.4224303066730499,2.588886022567749
6316,4.510157585144043,-2.4186935424804688
6317,-0.4937805235385895,2.5170340538024902
6318,-0.015690427273511887,1.696091890335083
6319,1.6759672164916992,-2.5651516914367676
6320,-2.0403523445129395,3.8590657711029053
6321,15.929068565368652,8.324085235595703
6322,-1.496673583984375,2.833159923553467
6323,9.457953453063965,0.08435168117284775
6324,2.6370434761047363,-2.149725914001465
6325,-8.405282020568848,-9.109320640563965
6326,8.9425630569458,-1.2114466428756714
6327,-1.2164803743362427,0.8547656536102295
6328,-8.710714340209961,-1.894181728363037
6329,7.356306076049805,0.15637579560279846
6330,-1.3326570987701416,6.829596042633057
6331,-4.166088104248047,4.562938690185547
6332,0.052220989018678665,1.48152756690979
6333,2.0610756874084473,-1.4173067808151245
6334,-0.15911729633808136,2.881408214569092
6335,16.092124938964844,10.643855094909668
6336,3.2762255668640137,0.5528924465179443
6337,-5.306124210357666,2.4466376304626465
6338,0.6974108219146729,1.9579639434814453
6339,7.891674995422363,-3.886887788772583
6340,5.99361515045166,-6.221261024475098
6341,0.606300950050354,-7.0203633308410645
6342,4.556702613830566,-2.509683847427368
6343,0.4735349714756012,0.466551810503006
6344,1.0020493268966675,-1.5853707790374756
6345,6.559877395629883,-7.605595111846924
6346,10.762957572937012,-0.10147557407617569
6347,16.462966918945312,8.385848045349121
6348,-0.8154825568199158,2.602555513381958
6349,-0.1428917497396469,1.5510153770446777
6350,-1.0991171598434448,1.9725146293640137
6351,1.3963723182678223,2.745488166809082
6352,7.816258430480957,-5.485881328582764
6353,1.91085684299469,-1.2200087308883667
6354,-14.99132251739502,-4.589221000671387
6355,12.409399032592773,-1.737855315208435
6356,3.2767996788024902,0.8413702249526978
6357,0.9748450517654419,-1.3964803218841553
6358,1.7728217840194702,-1.2933365106582642
6359,13.743644714355469,-2.4554975032806396
6360,14.138879776000977,6.017276287078857
6361,8.957526206970215,-5.4825005531311035
6362,-2.424105644226074,-3.7207088470458984
6363,5.914261817932129,-8.763054847717285
6364,1.7755504846572876,-0.34779176115989685
6365,2.5822348594665527,2.895343780517578
6366,3.2869784832000732,-0.5563918352127075
6367,10.236371040344238,-2.748166799545288
6368,-4.941258430480957,9.312647819519043
6369,14.275531768798828,9.186603546142578
6370,1.1845730543136597,-1.6576013565063477
6371,-5.387423992156982,11.892212867736816
6372,7.359729766845703,0.13427749276161194
6373,-1.334731936454773,-3.4228506088256836
6374,13.953278541564941,-0.4793219268321991
6375,21.264780044555664,17.31261444091797
6376,13.649664878845215,8.219408988952637
6377,2.026780605316162,-2.495009422302246
6378,1.78718101978302,-1.5035954713821411
6379,-10.337552070617676,-6.956109523773193
6380,0.9672051668167114,-0.5692906379699707
6381,-0.2695479691028595,-0.15017318725585938
6382,-10.061844825744629,7.343806743621826
6383,-2.543189287185669,2.907902479171753
6384,2.650599479675293,-8.55307388305664
6385,-2.840395927429199,-8.250004768371582
6386,2.11240553855896,-7.207218647003174
6387,-0.22721846401691437,2.1880509853363037
6388,1.0895015001296997,-3.5667402744293213
6389,-6.697039604187012,-6.665226459503174
6390,12.26027774810791,-0.45734903216362
6391,0.07734231650829315,-1.1681164503097534
6392,8.065753936767578,-3.85862398147583
6393,8.002786636352539,7.4762349128723145
6394,1.8876677751541138,-8.364494323730469
6395,0.11074358224868774,-5.400392055511475
6396,7.959529876708984,4.534831523895264
6397,-1.1168558597564697,3.5494701862335205
6398,0.030779611319303513,0.13065463304519653
6399,5.774428844451904,-8.939797401428223
6400,1.1053067445755005,-3.522611379623413
6401,11.378788948059082,-2.3417649269104004
6402,12.419241905212402,-1.7519054412841797
6403,-0.8015079498291016,-0.5294197201728821
6404,-8.933402061462402,-4.431102275848389
6405,14.316681861877441,-3.740417003631592
6406,1.1864888668060303,-1.9892617464065552
6407,13.97895336151123,8.391457557678223
6408,7.08518123626709,-1.7538402080535889
6409,-5.017065525054932,-3.1048712730407715
6410,-0.40941503643989563,-1.7165191173553467
6411,-0.7424933314323425,2.208406925201416
6412,1.0401246547698975,-1.2398343086242676
6413,12.61972713470459,-2.2135095596313477
6414,-6.126363754272461,-0.647577702999115
6415,-0.3172549307346344,2.657402515411377
6416,1.756776213645935,-0.2980434000492096
6417,7.019644737243652,-6.8790812492370605
6418,4.030431270599365,-9.135502815246582
6419,0.11000964045524597,-0.521185576915741
6420,-4.704127311706543,10.137930870056152
6421,3.307558536529541,-6.92040491104126
6422,6.580924034118652,-1.7812881469726562
6423,-1.1015280485153198,0.8273512125015259
6424,-7.434513092041016,-0.27138030529022217
6425,-8.197278022766113,-1.204729437828064
6426,6.143229961395264,-0.5714181065559387
6427,1.611411690711975,-3.3622524738311768
6428,0.6371004581451416,1.4491405487060547
6429,-5.806119918823242,-2.6498911380767822
6430,2.154728412628174,-3.2613272666931152
6431,8.161892890930176,-6.06580114364624
6432,-0.05525590106844902,1.862133264541626
6433,-6.328117370605469,-2.8645949363708496
6434,-1.5589853525161743,2.6561739444732666
6435,-0.4250182807445526,-3.4207780361175537
6436,0.4187944233417511,0.19521671533584595
6437,0.3173252046108246,-2.6979455947875977
6438,5.2364115715026855,-5.6271748542785645
6439,1.5031925439834595,1.0931087732315063
6440,0.02699454501271248,1.8528850078582764
6441,-6.969962120056152,-5.017612934112549
6442,-6.885449409484863,-0.7913246750831604
6443,-0.3010958135128021,0.8721422553062439
6444,-0.0020467154681682587,2.3738784790039062
6445,-1.1289989948272705,0.6926707625389099
6446,2.4252896308898926,4.1130805015563965
6447,0.5473280549049377,2.092984676361084
6448,-0.2567732632160187,2.263599395751953
6449,1.3474596738815308,-1.579795479774475
6450,6.787757873535156,0.1853019893169403
6451,-9.17075252532959,-5.416326522827148
6452,-1.463671326637268,-3.8106870651245117
6453,-14.787239074707031,-8.506172180175781
6454,13.629712104797363,-1.8116594552993774
6455,1.990362286567688,-3.873616933822632
6456,0.34311971068382263,1.1562352180480957
6457,-3.7258822917938232,5.631300449371338
6458,1.093170166015625,-1.5474623441696167
6459,0.9305005073547363,-2.431542158126831
6460,1.1085190773010254,-0.47949618101119995
6461,13.083123207092285,-2.4437217712402344
6462,4.46129035949707,-4.102290630340576
6463,-0.7092232704162598,-2.1807336807250977
6464,-7.635496139526367,-2.862400770187378
6465,-5.317802429199219,8.29393482208252
6466,8.3016939163208,-5.865248203277588
6467,-0.030553597956895828,-2.578784465789795
6468,0.6434313058853149,-0.7867839336395264
6469,-1.0242947340011597,6.35538387298584
6470,12.004157066345215,5.351840019226074
6471,-8.998944282531738,2.095623731613159
6472,5.4639692306518555,-7.34121561050415
6473,0.30872854590415955,-1.150176763534546
6474,7.18840217590332,-2.5143165588378906
6475,1.2240586280822754,-0.8643521666526794
6476,0.5500672459602356,-1.6189106702804565
6477,-0.2940208613872528,3.061055898666382
6478,-0.3492695987224579,2.651669979095459
6479,2.2250218391418457,-5.786144733428955
6480,1.4289307594299316,-3.5397772789001465
6481,17.119956970214844,11.51322078704834
6482,1.314189076423645,-8.568514823913574
6483,-0.23594386875629425,-0.2564831078052521
6484,-0.13531173765659332,-5.016489028930664
6485,1.6282485723495483,2.6623029708862305
6486,-0.23891915380954742,2.5903382301330566
6487,-12.452849388122559,0.3404310345649719
6488,-5.134393692016602,6.717255115509033
6489,-13.349627494812012,-1.623462438583374
6490,1.3688908815383911,-9.746964454650879
6491,0.7235747575759888,-9.372068405151367
6492,-0.45374351739883423,-1.7373493909835815
6493,-0.1502975970506668,2.1670987606048584
6494,1.9223788976669312,-5.3281049728393555
6495,1.1728440523147583,-3.4538614749908447
6496,-0.00032637640833854675,2.771221160888672
6497,-0.2241087406873703,1.60911226272583
6498,-5.683915615081787,1.0333505868911743
6499,-1.3999193906784058,0.263492226600647
6500,9.437369346618652,-2.4490528106689453
6501,0.5664681792259216,-0.41293439269065857
6502,0.7544150948524475,-3.670132875442505
6503,1.7787882089614868,-1.5998351573944092
6504,1.2689369916915894,-1.554306983947754
6505,-3.817471504211426,-0.9491920471191406
6506,-8.155058860778809,5.059015274047852
6507,-4.086636543273926,12.314610481262207
6508,0.7292019724845886,-0.9444632530212402
6509,2.509831190109253,0.042149901390075684
6510,1.7456501722335815,-9.643210411071777
6511,-0.08118808269500732,-0.29307129979133606
6512,-5.200439929962158,9.899733543395996
6513,-4.969339370727539,10.370879173278809
6514,-0.1761689931154251,2.8259782791137695
6515,-4.681255340576172,-2.5960583686828613
6516,2.1730153560638428,-4.010794639587402
6517,8.793073654174805,-1.4543397426605225
6518,-14.780762672424316,-2.441549062728882
6519,5.324924468994141,-6.999510288238525
6520,10.608406066894531,1.2740674018859863
6521,-3.036968946456909,4.435129642486572
6522,9.17336368560791,-4.283789157867432
6523,10.927616119384766,-5.296999931335449
6524,8.895574569702148,-2.8219821453094482
6525,7.41523551940918,-2.1473498344421387
6526,-1.3320354223251343,2.5108940601348877
6527,-0.6385418176651001,1.5797446966171265
6528,5.5012664794921875,1.4240247011184692
6529,3.669311285018921,13.233546257019043
6530,-0.24504421651363373,-3.07153582572937
6531,8.141573905944824,-5.808255672454834
6532,-0.017705779522657394,2.4947400093078613
6533,-0.12762099504470825,3.297025203704834
6534,7.655529499053955,-1.9728238582611084
6535,-0.9919991493225098,2.313812255859375
6536,-1.6162346601486206,-3.7399473190307617
6537,0.8898402452468872,1.8082585334777832
6538,0.523059606552124,2.8021373748779297
6539,-0.3807726204395294,2.243389844894409
6540,-9.683516502380371,-9.21964168548584
6541,-2.320119857788086,3.11655330657959
6542,-7.553619384765625,0.12656950950622559
6543,1.1576095819473267,-8.908255577087402
6544,0.738874077796936,-6.887352466583252
6545,-0.542105495929718,1.5449135303497314
6546,3.9787392616271973,-7.672628879547119
6547,-0.2769382894039154,2.807100296020508
6548,4.116025924682617,-2.1674046516418457
6549,9.245320320129395,-2.6340413093566895
6550,12.202462196350098,-1.9324123859405518
6551,-0.9043858647346497,1.562778353691101
6552,0.5617010593414307,-1.5546395778656006
6553,1.3495577573776245,-3.3928725719451904
6554,6.428318500518799,-6.086752891540527
6555,1.5191948413848877,-1.5298643112182617
6556,1.1512163877487183,-0.6401824951171875
6557,6.187256813049316,-0.8756114840507507
6558,2.6553332805633545,-6.810372829437256
6559,1.0274055004119873,-7.324009418487549
6560,-7.100415229797363,-7.274824619293213
6561,4.205944061279297,-4.8182373046875
6562,-5.287387847900391,-1.8896293640136719
6563,14.58377742767334,7.539021968841553
6564,0.9414404630661011,-1.3897837400436401
6565,-2.145320415496826,-3.6616296768188477
6566,-1.676683783531189,-1.4080852270126343
6567,-4.449474334716797,10.216193199157715
6568,-7.261335372924805,3.3446919918060303
6569,-6.399587631225586,-8.187140464782715
6570,2.3390657901763916,2.2298061847686768
6571,1.593133568763733,0.8086279630661011
6572,-3.437490940093994,3.8785297870635986
6573,1.9342612028121948,-3.783252716064453
6574,-1.1073538064956665,1.5276144742965698
6575,-0.7169824838638306,1.6469321250915527
6576,9.761353492736816,-0.4550584852695465
6577,-2.3665547370910645,-4.860177516937256
6578,-3.9201362133026123,9.223591804504395
6579,-1.072415828704834,-0.2133488655090332
6580,3.4417965412139893,-2.479773998260498
6581,-0.07949921488761902,1.5016305446624756
6582,-0.8691849112510681,2.397047758102417
6583,5.080195426940918,-4.649435520172119
6584,-1.3546594381332397,0.9694170951843262
6585,11.996809959411621,-1.9777345657348633
6586,4.130033493041992,-2.446802854537964
6587,1.277450680732727,2.4068851470947266
6588,7.2840375900268555,-1.9440712928771973
6589,-5.646406173706055,-1.4010076522827148
6590,9.4276762008667,-1.8509588241577148
6591,10.189403533935547,-0.053776003420352936
6592,-1.438676357269287,3.048114776611328
6593,0.8666033744812012,-3.697456121444702
6594,-5.9657721519470215,6.49448823928833
6595,-0.10542884469032288,2.0396854877471924
6596,-6.78609561920166,8.139174461364746
6597,2.4019477367401123,-0.2621305286884308
6598,5.659668445587158,-0.48896124958992004
6599,-0.45009544491767883,1.0780516862869263
6600,-9.506217002868652,4.710638999938965
6601,-8.555546760559082,-3.3916079998016357
6602,1.3158787488937378,4.155963897705078
6603,2.6816797256469727,-1.3746402263641357
6604,-0.4959008991718292,1.8268450498580933
6605,-0.4956924617290497,0.8390855193138123
6606,-2.316183567047119,2.9182538986206055
6607,1.0991922616958618,0.18229812383651733
6608,-0.8429282903671265,2.0590083599090576
6609,-2.8648741245269775,-3.104170322418213
6610,-0.4711010754108429,2.5067577362060547
6611,-1.1956640481948853,-3.193573474884033
6612,2.053619861602783,-5.07656717300415
6613,-9.867637634277344,-4.332747459411621
6614,-10.044346809387207,-5.197580337524414
6615,0.9219958782196045,-8.960135459899902
6616,-0.8124362826347351,-2.703947067260742
6617,-9.939103126525879,-0.8579272627830505
6618,-3.383106231689453,11.593148231506348
6619,0.9169633388519287,-4.088180065155029
6620,-0.3610124886035919,-7.2410478591918945
6621,-3.141846179962158,5.683639049530029
6622,2.441727876663208,-6.2547783851623535
6623,-0.5544871687889099,-4.44149112701416
6624,-0.8354012966156006,0.12305604666471481
6625,4.362100601196289,-6.965054988861084
6626,6.316341876983643,-3.432889938354492
6627,6.981695175170898,-1.6465314626693726
6628,-0.2162346988916397,2.6296966075897217
6629,6.088083744049072,-5.6446356773376465
6630,7.767764091491699,-2.3093037605285645
6631,0.7221621870994568,-1.9504157304763794
6632,-5.339028358459473,9.635239601135254
6633,-8.550055503845215,3.8598639965057373
6634,-7.031887054443359,-1.9227070808410645
6635,-5.360716342926025,9.713127136230469
6636,-5.767579555511475,-2.7635908126831055
6637,-11.796571731567383,-17.25173568725586
6638,-0.3576818108558655,1.065348744392395
6639,-9.39120101928711,-8.045963287353516
6640,-4.007898330688477,-1.1100682020187378
6641,-0.33769646286964417,-1.9970508813858032
6642,2.556910514831543,-6.736835956573486
6643,1.5680290460586548,-1.2560011148452759
6644,-8.445969581604004,-0.646093487739563
6645,10.508803367614746,-5.451694011688232
6646,-2.5770530700683594,0.08376117795705795
6647,-5.85820198059082,-3.288158893585205
6648,-0.12052331864833832,-0.09906790405511856
6649,6.698996067047119,0.8148808479309082
6650,-22.204998016357422,-21.30303382873535
6651,1.576387643814087,2.679408073425293
6652,13.32009506225586,-1.767189860343933
6653,1.029649019241333,3.446131944656372
6654,0.8268203139305115,-8.925386428833008
6655,-0.43507322669029236,-4.339947700500488
6656,3.2815163135528564,-2.060454845428467
6657,13.361863136291504,-1.3281217813491821
6658,-3.762388229370117,-4.934292316436768
6659,-7.281390190124512,5.515862464904785
6660,-0.28949448466300964,1.9712743759155273
6661,-1.3947113752365112,0.46949633955955505
6662,11.910588264465332,-0.07248447090387344
6663,3.404287815093994,6.443837642669678
6664,-4.698533535003662,4.171030521392822
6665,0.848526120185852,-1.377800703048706
6666,-0.04560665413737297,1.8736331462860107
6667,5.852038383483887,8.30724048614502
6668,-11.76754093170166,5.158169269561768
6669,0.06530071794986725,9.227452278137207
6670,-0.1978272646665573,-1.3846447467803955
6671,-2.097818374633789,2.750446319580078
6672,0.4353781044483185,-7.549805641174316
6673,-0.782168447971344,10.185529708862305
6674,-0.21535150706768036,2.184476852416992
6675,-6.411149501800537,-2.572415351867676
6676,0.42562082409858704,-1.2424578666687012
6677,-7.309677600860596,7.590006351470947
6678,-10.491684913635254,-0.6731213331222534
6679,7.930891036987305,-1.6563315391540527
6680,7.87098503112793,-4.2638936042785645
6681,1.1243644952774048,0.4880615174770355
6682,-4.883801460266113,1.1076582670211792
6683,-4.28160285949707,9.2496919631958
6684,0.41335636377334595,2.7948482036590576
6685,-0.16957081854343414,0.9411681294441223
6686,7.975961208343506,0.722102165222168
6687,1.1123493909835815,-0.8638508915901184
6688,-9.7826509475708,-2.3004961013793945
6689,-5.395195484161377,-6.932627201080322
6690,-1.4886902570724487,9.736626625061035
6691,-1.4851871728897095,2.9780564308166504
6692,2.34765887260437,-0.48921480774879456
6693,5.789261817932129,-0.7298879623413086
6694,-0.2654409408569336,-2.900063991546631
6695,-0.7674793601036072,2.593207597732544
6696,0.7746848464012146,-1.8823076486587524
6697,6.771450996398926,-5.308694839477539
6698,-8.029107093811035,-0.7522920370101929
6699,1.7143524885177612,-3.283865451812744
6700,6.021726608276367,16.348587036132812
6701,-0.3957855701446533,0.9454514980316162
6702,-0.8565055131912231,0.9180276393890381
6703,-4.389299392700195,-0.7107067108154297
6704,7.411745071411133,-1.5879794359207153
6705,-0.26844826340675354,12.561654090881348
6706,12.649384498596191,0.26479092240333557
6707,-4.279568672180176,-4.917786121368408
6708,-9.386115074157715,-1.3480610847473145
6709,-6.6517744064331055,-0.8687010407447815
6710,0.5636566281318665,-0.9123139381408691
6711,-3.9130167961120605,-1.7765214443206787
6712,-4.685173988342285,11.471329689025879
6713,7.763894081115723,16.6357364654541
6714,10.441452980041504,-2.0725252628326416
6715,-0.437946081161499,0.8900098204612732
6716,1.6978347301483154,-3.215902090072632
6717,0.6605544090270996,-2.113476037979126
6718,1.7848418951034546,-3.6286516189575195
6719,6.528360843658447,0.026060841977596283
6720,-4.751155376434326,6.52738618850708
6721,-8.28136920928955,0.2431703507900238
6722,-8.787248611450195,-13.85687255859375
6723,9.553362846374512,-2.5321695804595947
6724,3.5311851501464844,-4.6832356452941895
6725,-3.946857452392578,-2.2863245010375977
6726,-1.1831766366958618,-6.6801371574401855
6727,-2.341958522796631,10.880093574523926
6728,-4.286301612854004,6.532146453857422
6729,-1.9612990617752075,10.255053520202637
6730,1.2222483158111572,-8.068100929260254
6731,6.432971477508545,-1.3534517288208008
6732,-0.8240877985954285,2.4075441360473633
6733,1.2725149393081665,-4.618780612945557
6734,10.316454887390137,-0.11742053180932999
6735,4.531834602355957,-3.685185432434082
6736,0.5678383111953735,-0.8445946574211121
6737,-8.92984676361084,-3.3495893478393555
6738,-7.060494422912598,-5.77060604095459
6739,-5.86265754699707,-0.047134943306446075
6740,8.31676959991455,-2.579828977584839
6741,6.182282447814941,-0.40189918875694275
6742,2.518242359161377,4.240136623382568
6743,-6.631182670593262,-2.376918315887451
6744,1.1486098766326904,-6.332457065582275
6745,3.3797645568847656,0.6945368051528931
6746,-8.256505966186523,-0.4796578884124756
6747,6.990626335144043,-3.255082607269287
6748,-7.107932090759277,-0.7125369310379028
6749,4.965587615966797,-5.156416416168213
6750,-0.8158605694770813,2.2989754676818848
6751,11.854449272155762,1.8300623893737793
6752,0.8613979816436768,0.8794295787811279
6753,-0.18809516727924347,-0.10870958119630814
6754,-7.424297332763672,-0.4946037828922272
6755,-7.364249229431152,-2.6939384937286377
6756,-8.897089958190918,-6.197441101074219
6757,0.44186100363731384,2.3049702644348145
6758,2.5777435302734375,-4.49680757522583
6759,10.639132499694824,1.6197004318237305
6760,0.4130905568599701,1.8463771343231201
6761,4.241405010223389,-9.630350112915039
6762,4.099278926849365,-2.5960121154785156
6763,11.878011703491211,27.769062042236328
6764,1.1905817985534668,-2.3509349822998047
6765,-0.4140649139881134,1.0623290538787842
6766,3.266556978225708,-7.110588550567627
6767,-8.11152458190918,-8.414780616760254
6768,3.4492759704589844,-6.128013610839844
6769,-6.2331743240356445,6.792849063873291
6770,8.466038703918457,-3.0037789344787598
6771,1.3229624032974243,-6.79955530166626
6772,-8.690251350402832,6.4308624267578125
6773,9.451437950134277,-1.8632752895355225
6774,5.504243850708008,9.871352195739746
6775,-5.129208564758301,-7.71613883972168
6776,0.05700572207570076,10.073938369750977
6777,1.2521026134490967,-1.60137939453125
6778,-13.715941429138184,-1.823284387588501
6779,3.116816282272339,-6.650613307952881
6780,-0.09864212572574615,2.055290699005127
6781,9.67234992980957,-5.939029216766357
6782,-0.8694374561309814,0.8616716265678406
6783,9.67736530303955,-0.21220210194587708
6784,0.033635202795267105,2.3503618240356445
6785,-0.6441340446472168,2.028440237045288
6786,-6.54099178314209,-0.4871125817298889
6787,7.216324806213379,-6.176097869873047
6788,10.358492851257324,0.6271701455116272
6789,-1.3917330503463745,2.9621167182922363
6790,0.46096116304397583,2.688478946685791
6791,-1.6990933418273926,6.420939922332764
6792,-12.259512901306152,-3.0443766117095947
6793,1.7907624244689941,-7.7188825607299805
6794,-23.824649810791016,-19.210979461669922
6795,2.256715774536133,-3.376357078552246
6796,1.2257713079452515,-9.282161712646484
6797,4.318368911743164,1.108093500137329
6798,13.958322525024414,-0.6326780319213867
6799,13.229723930358887,-1.0648643970489502
6800,0.07593957334756851,0.06667996197938919
6801,4.653956890106201,-2.4359116554260254
6802,-3.3794119358062744,4.57994270324707
6803,2.648393392562866,-1.4801383018493652
6804,1.4225071668624878,-9.541563034057617
6805,-0.18494859337806702,2.8172903060913086
6806,2.449068069458008,-5.959089279174805
6807,1.2404457330703735,2.76412296295166
6808,-0.18656738102436066,-0.9171391129493713
6809,2.2997727394104004,1.5204859972000122
6810,0.06525100767612457,-4.843623161315918
6811,0.44942840933799744,-2.4863638877868652
6812,0.22061920166015625,1.1084904670715332
6813,-1.2955526113510132,4.915684223175049
6814,-0.7332980632781982,-0.24865475296974182
6815,0.36224856972694397,1.5647071599960327
6816,0.8361093401908875,-0.6349223852157593
6817,0.4548412263393402,-0.4230199158191681
6818,-0.2634851634502411,0.7975466251373291
6819,-5.261981964111328,0.5704661011695862
6820,0.5173816680908203,2.0200321674346924
6821,1.7347270250320435,-8.557748794555664
6822,8.654105186462402,-2.3505594730377197
6823,2.09940242767334,-3.965594530105591
6824,-0.3475853204727173,2.443852424621582
6825,0.9079142808914185,-7.368366241455078
6826,-0.0032822899520397186,8.205340385437012
6827,-0.7576907873153687,-0.9734294414520264
6828,2.095708131790161,0.5543497204780579
6829,-4.118427276611328,-6.3842949867248535
6830,6.751190185546875,-1.5902905464172363
6831,0.5507070422172546,2.0063815116882324
6832,2.782695770263672,-5.986236095428467
6833,8.148794174194336,6.749653339385986
6834,2.080785036087036,0.7797927856445312
6835,-9.472747802734375,3.11881685256958
6836,1.2216007709503174,-0.42459332942962646
6837,-0.3564457893371582,2.935997247695923
6838,-4.448781967163086,10.184823989868164
6839,14.719843864440918,7.502872467041016
6840,-1.6580848693847656,10.277311325073242
6841,-11.260050773620605,-2.5309934616088867
6842,5.078840255737305,-4.759957790374756
6843,-0.8456400632858276,0.9552828073501587
6844,1.90824556350708,-0.8989018201828003
6845,0.6445591449737549,-1.4053138494491577
6846,-2.6935019493103027,2.305664300918579
6847,12.549544334411621,-1.5526138544082642
6848,0.09341703355312347,1.6742920875549316
6849,12.05465030670166,-1.629408597946167
6850,-0.17128168046474457,1.7603545188903809
6851,-9.148883819580078,-4.067167282104492
6852,3.03292179107666,-4.063258647918701
6853,2.136247158050537,0.06364534795284271
6854,2.0103092193603516,3.2305850982666016
6855,-11.297874450683594,1.7326208353042603
6856,-5.322298049926758,2.108780860900879
6857,7.366965293884277,-3.361829996109009
6858,-0.19002456963062286,2.5352940559387207
6859,-9.557782173156738,-4.383555889129639
6860,-13.121847152709961,-17.025842666625977
6861,-7.163285732269287,0.9926764965057373
6862,1.7790101766586304,1.0648417472839355
6863,8.159540176391602,-1.0110749006271362
6864,-4.862164497375488,-3.505551338195801
6865,4.11600923538208,-8.077458381652832
6866,4.827478408813477,-8.542342185974121
6867,0.30387407541275024,0.3320580720901489
6868,-1.114280343055725,-5.295730113983154
6869,6.099871635437012,6.968979358673096
6870,-1.8374059200286865,5.064773082733154
6871,-8.585259437561035,5.040882587432861
6872,13.244603157043457,6.601200580596924
6873,2.701817750930786,-5.356354236602783
6874,-10.340319633483887,-7.475083351135254
6875,0.4189648926258087,-9.438952445983887
6876,-2.7426042556762695,-3.6706795692443848
6877,-0.5280528664588928,-1.9273135662078857
6878,-7.0401105880737305,-8.426358222961426
6879,-0.45236560702323914,1.6951844692230225
6880,13.942797660827637,-3.7982382774353027
6881,-14.390913009643555,-0.23422038555145264
6882,1.854400396347046,-3.4292471408843994
6883,11.25637149810791,1.6922193765640259
6884,2.0305676460266113,-1.6475802659988403
6885,-4.203725814819336,-1.6574759483337402
6886,7.768804550170898,-0.042636968195438385
6887,0.682039737701416,1.8943449258804321
6888,-0.5405690670013428,1.5453890562057495
6889,-1.638950228691101,4.293154716491699
6890,10.41741943359375,1.3223977088928223
6891,13.565102577209473,-1.8435808420181274
6892,-5.617618560791016,-1.3111096620559692
6893,4.212093353271484,19.191457748413086
6894,1.9978429079055786,-3.048816680908203
6895,0.5295271873474121,0.6628502607345581
6896,0.17802198231220245,12.118794441223145
6897,1.3346670866012573,-1.8178586959838867
6898,-4.648555278778076,-1.6701079607009888
6899,-8.559669494628906,11.960875511169434
6900,-1.695652723312378,5.14572286605835
6901,-0.03687427565455437,2.6639373302459717
6902,-1.0960224866867065,2.9277825355529785
6903,-0.5523071885108948,2.3895063400268555
6904,0.12794283032417297,-2.4811830520629883
6905,-8.406314849853516,-5.1232709884643555
6906,-0.3629698157310486,2.2673497200012207
6907,-4.131364822387695,9.732626914978027
6908,-0.2813016474246979,-0.21899092197418213
6909,-0.7437579035758972,1.336912751197815
6910,-0.9830753803253174,2.2096447944641113
6911,1.3788220882415771,-4.160934925079346
6912,-2.7825820446014404,10.145650863647461
6913,6.927825927734375,-1.8832101821899414
6914,7.014589786529541,-4.101833820343018
6915,1.5295783281326294,-9.085617065429688
6916,-0.14378713071346283,2.6732587814331055
6917,-0.7646110653877258,2.0319228172302246
6918,4.141790390014648,-3.9013192653656006
6919,3.3059797286987305,-7.304480075836182
6920,-21.57547378540039,-10.31794261932373
6921,-1.1165313720703125,2.260662078857422
6922,11.629232406616211,-2.717543363571167
6923,1.165039300918579,-6.521301746368408
6924,-4.093430519104004,-5.007593631744385
6925,-2.6146111488342285,3.4886393547058105
6926,-0.8443391919136047,2.156018018722534
6927,-6.414708137512207,-0.6467549204826355
6928,-1.024556040763855,2.6551601886749268
6929,-14.19974136352539,-1.8213040828704834
6930,-5.6604156494140625,-1.1542026996612549
6931,1.2210423946380615,20.18174934387207
6932,4.453076362609863,24.21330451965332
6933,-0.21282605826854706,2.530832290649414
6934,4.69881010055542,5.146450519561768
6935,-1.5466989278793335,6.5914530754089355
6936,6.386867523193359,-2.2368030548095703
6937,1.8026126623153687,-1.448869228363037
6938,-3.596806764602661,5.857707500457764
6939,-1.399095892906189,0.815613865852356
6940,1.978631854057312,-4.040395259857178
6941,2.806018829345703,4.25187873840332
6942,-5.870968818664551,-1.2336736917495728
6943,-5.541697978973389,-0.22091767191886902
6944,0.2570825219154358,3.305026054382324
6945,0.5255647897720337,-8.571087837219238
6946,-1.4895708560943604,0.939405620098114
6947,0.3703252673149109,-8.185641288757324
6948,0.8221353888511658,-0.20372703671455383
6949,-0.2595572769641876,2.63826322555542
6950,-3.87917423248291,5.75513219833374
6951,6.343113899230957,-3.316301107406616
6952,-2.5104403495788574,5.621226787567139
6953,0.20368988811969757,1.9383105039596558
6954,-7.470863342285156,-2.0617194175720215
6955,-5.485359191894531,-0.06396467238664627
6956,0.0299513079226017,1.2313809394836426
6957,-0.6051499843597412,1.5400536060333252
6958,-2.1623716354370117,4.166999816894531
6959,-2.6162476539611816,2.7610342502593994
6960,0.32633665204048157,-1.2932456731796265
6961,-3.024331569671631,2.0651538372039795
6962,-0.1832658350467682,-2.361861228942871
6963,-7.17335319519043,-5.888059139251709
6964,0.8234772682189941,0.9301193952560425
6965,12.658151626586914,-2.8100388050079346
6966,-5.6673173904418945,6.084847927093506
6967,-7.810854911804199,4.053402423858643
6968,16.60342788696289,8.72829532623291
6969,-7.12961483001709,-0.3756242096424103
6970,1.91024649143219,-6.032413005828857
6971,10.35122299194336,0.4452592432498932
6972,-1.813384771347046,-0.0945911630988121
6973,-1.6905931234359741,-3.0203680992126465
6974,0.23352733254432678,2.4365153312683105
6975,-0.5386326313018799,-1.2662057876586914
6976,-6.700194358825684,1.114593505859375
6977,-7.661551475524902,-0.4019530713558197
6978,-6.896160125732422,-1.5427594184875488
6979,-8.626358985900879,-2.8793303966522217
6980,-0.3159708082675934,-2.314915180206299
6981,12.837457656860352,-2.2504539489746094
6982,2.18369197845459,-2.3673644065856934
6983,13.332108497619629,-5.0113749504089355
6984,0.8590145707130432,8.452095031738281
6985,0.1509150117635727,1.3919827938079834
6986,2.2961623668670654,-3.6250245571136475
6987,-6.344619274139404,3.0647964477539062
6988,3.1594409942626953,-6.940268039703369
6989,0.4526120126247406,-1.3878544569015503
6990,1.251078486442566,1.2412054538726807
6991,-0.3040027320384979,-0.7948161959648132
6992,2.1975350379943848,-6.503246307373047
6993,1.2262681722640991,-5.8484978675842285
6994,3.7206225395202637,-1.0274001359939575
6995,1.4005120992660522,-2.037604331970215
6996,-1.9380531311035156,3.263895034790039
6997,-0.2058095782995224,2.3997273445129395
6998,-1.0725206136703491,11.794877052307129
6999,1.1837871074676514,-8.0479154586792
7000,-3.347346544265747,5.098451137542725
7001,-11.518994331359863,-2.98614764213562
7002,0.502318799495697,-0.07993417978286743
7003,0.5762379765510559,-1.2937250137329102
7004,-10.615315437316895,-4.558359622955322
7005,5.650441646575928,0.08392991870641708
7006,12.372479438781738,-1.3051315546035767
7007,-0.19390271604061127,3.0735130310058594
7008,2.1871838569641113,-3.8600144386291504
7009,-0.21060658991336823,2.7774553298950195
7010,5.251251220703125,-8.642816543579102
7011,-0.49753162264823914,1.3443331718444824
7012,-18.54830551147461,-15.91882610321045
7013,-0.5311229825019836,2.198024272918701
7014,1.1613709926605225,3.192986011505127
7015,14.323460578918457,-4.131961822509766
7016,1.2612251043319702,-3.407132625579834
7017,1.0021528005599976,-0.925159752368927
7018,11.494573593139648,-3.0060513019561768
7019,-6.472238540649414,-2.410778284072876
7020,-1.0075979232788086,-1.647869348526001
7021,3.5022852420806885,-3.8842663764953613
7022,12.88680648803711,-1.408065915107727
7023,-2.5243759155273438,0.7362775802612305
7024,0.8017112016677856,-2.4471635818481445
7025,0.9150960445404053,0.8618226647377014
7026,-2.142397403717041,-4.912673473358154
7027,1.306064248085022,-2.2548108100891113
7028,-5.4105544090271,-5.28479528427124
7029,1.4913904666900635,-4.593207836151123
7030,-2.894477128982544,-1.3012397289276123
7031,-3.0402956008911133,11.00042724609375
7032,-4.293783187866211,10.562849998474121
7033,-0.7982410788536072,-2.0449769496917725
7034,-0.31261560320854187,2.533949375152588
7035,-0.3706316649913788,-1.5936957597732544
7036,0.21899347007274628,-1.5393190383911133
7037,10.493391036987305,-0.6325708031654358
7038,-2.0845069885253906,9.120003700256348
7039,5.5997161865234375,-0.9288862943649292
7040,-1.1684703826904297,2.146602153778076
7041,18.5000057220459,16.369186401367188
7042,-7.476580619812012,-5.96181058883667
7043,0.6579972505569458,-0.8642573952674866
7044,2.237485647201538,-0.40044164657592773
7045,0.14206676185131073,2.183758497238159
7046,1.2653363943099976,3.5319488048553467
7047,2.42342472076416,2.804036855697632
7048,8.03612232208252,-3.3559300899505615
7049,-7.007194519042969,-2.359220027923584
7050,5.045781135559082,-8.222992897033691
7051,1.9001662731170654,-5.999115467071533
7052,5.839140892028809,-5.074020862579346
7053,0.690370500087738,-3.5019500255584717
7054,6.8475189208984375,30.286664962768555
7055,-10.518607139587402,-2.7691428661346436
7056,-4.372030258178711,7.3219499588012695
7057,-0.7655583620071411,15.442111015319824
7058,-4.337115287780762,-2.1313562393188477
7059,-0.7918118834495544,-0.38283297419548035
7060,-2.269296884536743,-1.4881621599197388
7061,3.0656375885009766,-6.262895107269287
7062,-10.587617874145508,-4.493407726287842
7063,0.5155064463615417,-0.48921090364456177
7064,0.9038909077644348,3.178122043609619
7065,2.0511906147003174,-3.8687727451324463
7066,-5.543453216552734,10.636500358581543
7067,0.08648879826068878,-1.4619665145874023
7068,-6.620624542236328,1.190870761871338
7069,-9.337742805480957,-3.2366411685943604
7070,0.7510716915130615,0.20545285940170288
7071,-0.17401118576526642,-2.5957350730895996
7072,-0.1771281212568283,1.7393542528152466
7073,1.6739163398742676,-5.543553352355957
7074,1.2525516748428345,-1.7745007276535034
7075,3.9791088104248047,-8.483954429626465
7076,0.15126195549964905,-1.5407936573028564
7077,12.315760612487793,8.30887508392334
7078,-0.23665012419223785,1.45926833152771
7079,0.8536120653152466,1.2277252674102783
7080,-0.31199273467063904,-1.601248025894165
7081,0.49830999970436096,-9.061511039733887
7082,0.40981489419937134,2.974181890487671
7083,-5.491187572479248,7.546855449676514
7084,1.4031511545181274,-2.4328927993774414
7085,-0.7119953036308289,1.8223456144332886
7086,14.03031063079834,24.247676849365234
7087,2.677049398422241,-3.171915054321289
7088,2.7378387451171875,-1.689340353012085
7089,10.396747589111328,-0.587056040763855
7090,-3.7840518951416016,-1.1446397304534912
7091,2.2992987632751465,-3.6957497596740723
7092,3.614116668701172,14.55989933013916
7093,2.008504867553711,-3.3800270557403564
7094,1.4642521142959595,-3.0570268630981445
7095,-0.06540529429912567,-3.965034008026123
7096,7.476065158843994,7.046469688415527
7097,-12.380637168884277,-0.7137299180030823
7098,11.06624698638916,2.207911729812622
7099,12.176871299743652,18.001543045043945
7100,6.3943095207214355,-1.3907454013824463
7101,1.5230244398117065,-0.6964697241783142
7102,-3.3933558464050293,-10.624161720275879
7103,-0.31444495916366577,0.8794737458229065
7104,1.3420029878616333,0.8667171001434326
7105,7.76629638671875,-4.528388500213623
7106,1.8275775909423828,13.66036319732666
7107,-0.5295957922935486,2.5131752490997314
7108,-6.716437339782715,2.038475275039673
7109,0.5078625082969666,1.8217737674713135
7110,-0.7295017838478088,2.215339422225952
7111,-1.1848889589309692,-1.4028432369232178
7112,-6.136176586151123,0.873153030872345
7113,-2.0513546466827393,10.078607559204102
7114,3.8512213230133057,-2.982358455657959
7115,-0.4194429814815521,0.8521020412445068
7116,0.40957507491111755,1.2442595958709717
7117,-9.193655967712402,-3.930999755859375
7118,9.723559379577637,-2.0533454418182373
7119,-0.3159863352775574,1.4894335269927979
7120,0.7574095726013184,0.4553816020488739
7121,-3.9148032665252686,4.127068996429443
7122,0.021818015724420547,2.640202045440674
7123,0.6694995164871216,-1.1518027782440186
7124,-1.5784937143325806,3.6769981384277344
7125,0.18342839181423187,2.237086296081543
7126,0.3280475437641144,-3.7881007194519043
7127,-9.439866065979004,-2.346653938293457
7128,-2.1422433853149414,2.43491268157959
7129,2.2987473011016846,0.8856785297393799
7130,-2.5651345252990723,1.950744390487671
7131,-0.13952134549617767,0.2040080428123474
7132,0.5328255891799927,0.5001814961433411
7133,1.8145486116409302,-7.991037845611572
7134,4.11724853515625,-3.783202886581421
7135,-7.073891639709473,4.635721683502197
7136,6.835396766662598,-6.026657581329346
7137,-10.358983039855957,-1.4930317401885986
7138,11.222334861755371,1.3484402894973755
7139,5.517642974853516,-0.2027026116847992
7140,1.5266033411026,-8.550267219543457
7141,-0.4144754111766815,0.8082454800605774
7142,-1.37351393699646,2.667527914047241
7143,0.2099217027425766,-4.017313003540039
7144,14.244508743286133,-3.919161796569824
7145,-1.4992945194244385,5.078732013702393
7146,-3.4535679817199707,-1.6544493436813354
7147,9.598822593688965,-3.593334197998047
7148,7.085470199584961,-1.265819787979126
7149,-11.72984790802002,-16.630481719970703
7150,-0.5892940163612366,-4.366439342498779
7151,-4.466396331787109,7.503485679626465
7152,1.8138421773910522,-1.5261648893356323
7153,0.4067446291446686,-1.6722497940063477
7154,-0.2777814269065857,2.6200613975524902
7155,-3.9788384437561035,-3.7134249210357666
7156,-0.08848552405834198,1.4184075593948364
7157,-6.438374042510986,-4.868067741394043
7158,-0.21637625992298126,0.8857295513153076
7159,4.941269397735596,-2.034193277359009
7160,-6.718870162963867,1.7730224132537842
7161,4.524375915527344,1.7448275089263916
7162,2.563298463821411,-8.489279747009277
7163,-9.290213584899902,-1.7490109205245972
7164,3.9074859619140625,17.95061683654785
7165,0.17965680360794067,1.740945816040039
7166,3.90315842628479,-4.3156843185424805
7167,-12.502439498901367,-7.772045135498047
7168,1.6543632745742798,-4.028535842895508
7169,1.1663025617599487,-1.6249794960021973
7170,1.980188250541687,-4.174794673919678
7171,-1.112601637840271,2.5760059356689453
7172,4.450796127319336,-7.635603427886963
7173,-0.14655177295207977,-0.5008383393287659
7174,1.1457737684249878,0.43884220719337463
7175,6.071011543273926,-0.7261635065078735
7176,0.48115164041519165,1.378454327583313
7177,-1.343878149986267,0.511942446231842
7178,-9.787083625793457,-1.1315619945526123
7179,-5.1929521560668945,1.4498653411865234
7180,-4.355757713317871,11.479272842407227
7181,1.447928547859192,-5.430123329162598
7182,-9.144911766052246,-6.225625991821289
7183,-10.383111953735352,-13.960944175720215
7184,-5.6031270027160645,10.579461097717285
7185,7.331665992736816,-1.1632707118988037
7186,-0.782828688621521,2.038801670074463
7187,2.0042474269866943,-1.4257386922836304
7188,2.60579776763916,4.313666820526123
7189,9.1608304977417,-3.039479970932007
7190,1.6788122653961182,-4.146777153015137
7191,1.171451449394226,4.369410037994385
7192,9.474358558654785,1.3981349468231201
7193,2.361102342605591,-3.7785468101501465
7194,11.801398277282715,-0.4984377324581146
7195,-0.12282051146030426,-4.187145709991455
7196,8.037829399108887,-2.200660467147827
7197,-1.5618549585342407,2.714299440383911
7198,2.962656021118164,-7.391838550567627
7199,0.1306753158569336,-1.0316277742385864
7200,0.8425808548927307,2.9071578979492188
7201,-11.835209846496582,-1.2634263038635254
7202,-0.8818225860595703,2.648838996887207
7203,-0.9813987016677856,-4.757025718688965
7204,3.934359073638916,-4.5059990882873535
7205,-8.077308654785156,6.601147174835205
7206,2.9736061096191406,-6.638303279876709
7207,-0.3565264046192169,0.7935256958007812
7208,-0.8047369122505188,1.6511973142623901
7209,-6.929786205291748,7.811357021331787
7210,-0.05353928729891777,1.7322196960449219
7211,0.8255088925361633,2.67221736907959
7212,-1.728981375694275,5.207737445831299
7213,-1.2087428569793701,10.058489799499512
7214,-1.5169870853424072,2.460109233856201
7215,-0.3478586673736572,-6.442488193511963
7216,3.5228848457336426,-2.877420425415039
7217,1.0952500104904175,-3.6255810260772705
7218,3.306372880935669,-2.711437463760376
7219,6.6336445808410645,-1.5599217414855957
7220,8.631205558776855,-5.151358127593994
7221,2.582094669342041,-9.025004386901855
7222,0.0030278898775577545,1.4120174646377563
7223,-6.999117851257324,2.095877170562744
7224,-7.877223014831543,-0.8152506351470947
7225,-0.7882623672485352,1.906327724456787
7226,14.179133415222168,-3.759693145751953
7227,1.7748998403549194,-10.04439640045166
7228,6.847482681274414,-3.3218650817871094
7229,0.15336187183856964,-1.2698596715927124
7230,-5.531718730926514,0.43251654505729675
7231,-4.242912769317627,-1.2586604356765747
7232,-4.521936893463135,-5.48753547668457
7233,-23.917009353637695,-20.808454513549805
7234,0.42883917689323425,1.4867722988128662
7235,11.495118141174316,0.020822428166866302
7236,8.063904762268066,-2.4962821006774902
7237,-3.354729652404785,5.020050048828125
7238,0.21571478247642517,0.34597542881965637
7239,-3.3612403869628906,5.436861038208008
7240,-13.891449928283691,9.32885456085205
7241,-0.7976356148719788,3.0775187015533447
7242,2.242494583129883,-3.5526015758514404
7243,6.718709468841553,-2.3418893814086914
7244,7.967465877532959,-3.89760684967041
7245,-0.9285769462585449,-2.3114490509033203
7246,5.660148620605469,-0.8452997207641602
7247,-0.34288492798805237,2.4678709506988525
7248,0.02309732511639595,2.2115318775177
7249,8.78369426727295,-5.807308673858643
7250,5.54435920715332,-7.826993942260742
7251,1.345190167427063,-10.122693061828613
7252,1.761160135269165,4.24022912979126
7253,4.094976425170898,0.45354723930358887
7254,8.324865341186523,4.600993633270264
7255,-8.516544342041016,0.38791903853416443
7256,2.6818230152130127,-5.958292484283447
7257,-13.685317039489746,-2.1961898803710938
7258,-7.146039009094238,-6.213674545288086
7259,0.37040573358535767,-0.5344860553741455
7260,-6.622349739074707,-12.100457191467285
7261,17.571216583251953,12.866171836853027
7262,13.670649528503418,7.139512062072754
7263,-12.937861442565918,9.150044441223145
7264,-2.742069721221924,2.9653520584106445
7265,-10.927685737609863,-6.675378322601318
7266,-0.38762059807777405,2.1538333892822266
7267,13.988692283630371,-1.112114667892456
7268,-3.656095027923584,-1.4223699569702148
7269,-7.651589393615723,8.306347846984863
7270,9.60779094696045,-1.545341968536377
7271,-5.74665641784668,-4.0163893699646
7272,10.705204963684082,-2.096536874771118
7273,-6.239911079406738,0.07955178618431091
7274,10.868354797363281,-2.6503052711486816
7275,-4.905445575714111,-0.6153607368469238
7276,9.488622665405273,0.06879689544439316
7277,-1.4344273805618286,-4.635605812072754
7278,-13.207162857055664,9.351102828979492
7279,0.10209077596664429,-0.9631281495094299
7280,1.256935477256775,-1.7193028926849365
7281,-1.0294195413589478,1.8296715021133423
7282,14.002843856811523,6.656322479248047
7283,9.832578659057617,-0.9232092499732971
7284,-6.943617820739746,7.545647144317627
7285,11.248068809509277,0.7299201488494873
7286,0.3920994699001312,1.9037353992462158
7287,-0.20669113099575043,0.8761816024780273
7288,1.9728357791900635,-4.0117716789245605
7289,16.616561889648438,9.92044734954834
7290,1.359121322631836,-1.5837115049362183
7291,-0.31809231638908386,0.9310345649719238
7292,3.819040536880493,-2.469433069229126
7293,-0.6446064710617065,2.697448492050171
7294,3.649606227874756,-9.267695426940918
7295,6.398474216461182,-0.5231726765632629
7296,6.441349029541016,-4.00423526763916
7297,0.7778756618499756,-0.968878984451294
7298,-2.6741037368774414,1.3126671314239502
7299,0.7270675301551819,-6.640227317810059
7300,-8.924518585205078,-1.8974443674087524
7301,13.072800636291504,-2.404999256134033
7302,-0.18683098256587982,1.667445421218872
7303,-0.9097150564193726,1.7939735651016235
7304,13.654953956604004,-3.1497433185577393
7305,1.4508804082870483,1.4982364177703857
7306,8.69560432434082,0.8847811222076416
7307,11.604644775390625,-0.780754029750824
7308,-2.719147205352783,0.9014124274253845
7309,-1.4361436367034912,4.950165748596191
7310,-0.25348612666130066,2.4843568801879883
7311,3.2609357833862305,17.759611129760742
7312,2.833592414855957,-2.6814167499542236
7313,0.35731813311576843,-0.12871816754341125
7314,7.546874046325684,-0.10306403785943985
7315,-1.4431177377700806,0.0728161558508873
7316,16.026790618896484,9.316458702087402
7317,-0.2232782393693924,2.848264694213867
7318,-3.124500274658203,-3.0851635932922363
7319,-11.415650367736816,2.1156349182128906
7320,14.366945266723633,-3.7622196674346924
7321,1.8587251901626587,-3.074983596801758
7322,-5.20037841796875,10.313973426818848
7323,8.323002815246582,-0.4412064254283905
7324,-0.3517237901687622,2.538614273071289
7325,0.24589145183563232,-0.5529000759124756
7326,0.054104000329971313,-2.5400211811065674
7327,9.881239891052246,-2.2030832767486572
7328,16.74391746520996,11.187884330749512
7329,7.11734676361084,-1.5998691320419312
7330,-8.277395248413086,-1.1808899641036987
7331,0.9218572378158569,-1.2549006938934326
7332,8.512495040893555,-2.896233558654785
7333,-6.926840305328369,9.88164234161377
7334,1.2262016534805298,-5.876967906951904
7335,8.336241722106934,-1.622948169708252
7336,-3.7762417793273926,-4.107476234436035
7337,-7.045323371887207,-3.2258925437927246
7338,3.671015739440918,-0.8865951299667358
7339,-2.822794198989868,-1.1291279792785645
7340,0.7484935522079468,-3.28025221824646
7341,5.212393760681152,-5.8769755363464355
7342,-9.609923362731934,-0.8969720005989075
7343,0.4446638822555542,-0.31110069155693054
7344,-0.626750111579895,1.4966235160827637
7345,-9.351861000061035,6.75299072265625
7346,-4.20764684677124,6.713479518890381
7347,-0.4947015345096588,1.3524069786071777
7348,10.370680809020996,14.614209175109863
7349,0.9524966478347778,-1.1064378023147583
7350,-0.7920235395431519,-3.197953701019287
7351,-4.030101776123047,-10.74533748626709
7352,10.146468162536621,-1.1492457389831543
7353,6.5362701416015625,13.963074684143066
7354,1.8367600440979004,1.3985567092895508
7355,-12.261239051818848,-0.5244477391242981
7356,1.5570043325424194,-1.4375814199447632
7357,0.9528604745864868,13.870820045471191
7358,1.8563514947891235,0.35344213247299194
7359,5.03884220123291,8.047311782836914
7360,1.4461536407470703,-9.072122573852539
7361,0.8003147840499878,3.4065639972686768
7362,-5.052406311035156,-3.258221387863159
7363,-6.596729755401611,0.8268582224845886
7364,0.9626893997192383,-1.6879169940948486
7365,-2.4062790870666504,10.948548316955566
7366,-3.1357738971710205,-3.106346607208252
7367,3.817265272140503,-3.925466299057007
7368,-0.1735697090625763,0.8068354725837708
7369,1.2290700674057007,3.7728991508483887
7370,-21.93837547302246,-16.5194149017334
7371,0.23587243258953094,-0.2035740613937378
7372,0.2894240915775299,1.2934374809265137
7373,-14.37548542022705,-6.765653133392334
7374,-0.2592315077781677,1.7441701889038086
7375,-3.2434639930725098,-1.166330099105835
7376,8.061748504638672,-1.3659651279449463
7377,-15.434882164001465,9.208853721618652
7378,1.9804542064666748,-5.326089382171631
7379,-5.525463104248047,-1.299403190612793
7380,1.5020190477371216,-5.320035934448242
7381,-4.730082988739014,5.214019775390625
7382,-1.8201590776443481,9.862942695617676
7383,0.10920892655849457,1.3674105405807495
7384,1.3182131052017212,-2.4894447326660156
7385,-6.930398464202881,-5.8718791007995605
7386,1.197566270828247,-1.7232002019882202
7387,1.7964918613433838,-7.759049415588379
7388,-11.28835391998291,0.39885976910591125
7389,0.8852434158325195,-0.6932539939880371
7390,-6.515133857727051,-0.7842587232589722
7391,4.7877373695373535,15.746703147888184
7392,-0.23248548805713654,-6.272068500518799
7393,-0.7378402948379517,-8.272115707397461
7394,0.8652980923652649,3.3375113010406494
7395,-0.29526665806770325,-0.338099867105484
7396,-0.3522278368473053,0.8054511547088623
7397,5.122768402099609,-0.4044381380081177
7398,-2.7233524322509766,4.726845741271973
7399,11.143675804138184,-1.4866299629211426
7400,1.2431946992874146,-0.9709080457687378
7401,-0.8279595375061035,-1.321866750717163
7402,9.778180122375488,-0.927862823009491
7403,5.526151657104492,-5.694508075714111
7404,10.935416221618652,15.576132774353027
7405,-3.2701122760772705,-3.883826732635498
7406,1.4098373651504517,3.705902099609375
7407,1.227711796760559,-3.4715967178344727
7408,0.21081191301345825,-1.42474365234375
7409,4.4332661628723145,-9.329110145568848
7410,13.700928688049316,-4.272918224334717
7411,8.993486404418945,5.699381351470947
7412,7.883213043212891,-5.930581569671631
7413,-11.168352127075195,4.943151473999023
7414,0.9850929975509644,-9.615707397460938
7415,1.8196812868118286,-0.1185835599899292
7416,8.809711456298828,-0.7331794500350952
7417,0.3470287322998047,-3.8038859367370605
7418,2.4206974506378174,-3.1169116497039795
7419,7.432010650634766,-1.338554859161377
7420,12.773694038391113,-2.206963300704956
7421,-13.521017074584961,9.117865562438965
7422,0.0025330521166324615,2.232832431793213
7423,2.49898624420166,-0.3872676193714142
7424,4.182136535644531,-3.5579068660736084
7425,0.9770101308822632,-7.195945739746094
7426,-11.028239250183105,7.036717891693115
7427,12.050604820251465,-3.530639886856079
7428,0.06915554404258728,1.5839886665344238
7429,4.228470325469971,-4.693376541137695
7430,-0.24760957062244415,-0.9549181461334229
7431,16.560665130615234,11.705031394958496
7432,-4.755470275878906,3.8177754878997803
7433,-0.11907725036144257,2.503453016281128
7434,-3.8027777671813965,3.2344276905059814
7435,6.230463981628418,-0.253094345331192
7436,-2.1391329765319824,3.8332576751708984
7437,7.510680198669434,-2.981128215789795
7438,-2.110161542892456,-4.483536720275879
7439,-12.163712501525879,1.1219146251678467
7440,0.5606034994125366,-1.6194345951080322
7441,1.1429399251937866,-1.6186243295669556
7442,12.75621509552002,-1.63542640209198
7443,-7.825608253479004,-2.9170713424682617
7444,-12.835739135742188,-0.6094520688056946
7445,4.1691999435424805,-2.5661635398864746
7446,-0.018610727041959763,-1.3217658996582031
7447,1.4516733884811401,-1.5416752099990845
7448,-4.863328456878662,5.369933128356934
7449,-0.47835806012153625,1.8690814971923828
7450,-1.4615384340286255,2.5626635551452637
7451,0.43602514266967773,-1.589608073234558
7452,-0.9619547128677368,-1.4363420009613037
7453,0.8901083469390869,-1.547590970993042
7454,1.1279743909835815,7.892449855804443
7455,-16.63721466064453,-11.396000862121582
7456,2.470001220703125,-4.931289196014404
7457,4.813257217407227,-2.1619396209716797
7458,2.360443115234375,-1.2606477737426758
7459,7.984621047973633,-3.2240118980407715
7460,-8.03783130645752,1.6276310682296753
7461,-0.50678551197052,1.9427039623260498
7462,2.4925146102905273,-5.789159297943115
7463,-4.612723350524902,-10.633404731750488
7464,-2.30578351020813,0.24101611971855164
7465,11.751978874206543,-0.7835012078285217
7466,-9.405126571655273,0.21928858757019043
7467,1.826296329498291,-2.4483065605163574
7468,-6.415007591247559,-0.7373920679092407
7469,3.195176601409912,-4.9209771156311035
7470,7.698125839233398,-6.207460880279541
7471,12.542023658752441,5.903247833251953
7472,-6.898359298706055,-0.7887830138206482
7473,2.267637014389038,-6.654762268066406
7474,13.393589973449707,-2.523613691329956
7475,7.824196815490723,-0.9243407249450684
7476,-0.2871982157230377,-0.15239876508712769
7477,-1.3749494552612305,-4.259925365447998
7478,6.971825122833252,-4.654582500457764
7479,-4.255659103393555,-2.5496292114257812
7480,3.0165724754333496,0.7949144244194031
7481,-0.7565269470214844,2.160905361175537
7482,-0.026944395154714584,1.4124248027801514
7483,-8.394518852233887,0.8283479809761047
7484,0.5021682977676392,-4.003072738647461
7485,6.758533477783203,-2.114445209503174
7486,-14.6174955368042,-17.217836380004883
7487,-5.464119911193848,8.249640464782715
7488,-10.681048393249512,-0.8374537825584412
7489,-8.612811088562012,-1.112945556640625
7490,2.026625156402588,-0.221438467502594
7491,-0.22941957414150238,1.776807188987732
7492,0.14563362300395966,1.7032932043075562
7493,1.0025509595870972,-6.005177021026611
7494,-3.225281238555908,-3.787196159362793
7495,-8.540996551513672,-1.2063615322113037
7496,-1.0227552652359009,0.5285382270812988
7497,10.477272033691406,4.157969951629639
7498,-7.5664262771606445,1.9816272258758545
7499,6.4203290939331055,28.83779525756836
7500,-0.03762064501643181,1.6314666271209717
7501,-5.862730979919434,6.491741180419922
7502,-6.380498886108398,7.9605889320373535
7503,9.828601837158203,14.313972473144531
7504,0.06199731305241585,-2.7181198596954346
7505,-23.722436904907227,-19.17015266418457
7506,7.78186559677124,0.5541388392448425
7507,-0.44847941398620605,1.0917785167694092
7508,-7.116813659667969,-3.126756429672241
7509,-1.7973424196243286,-4.102319240570068
7510,-0.22158373892307281,-0.05881381779909134
7511,0.5181218385696411,1.8003333806991577
7512,-1.2805536985397339,-7.240352153778076
7513,-10.9268159866333,-0.5050745010375977
7514,-7.222437858581543,-0.9173550605773926
7515,-0.18772543966770172,2.3801889419555664
7516,-0.40213528275489807,0.8895483016967773
7517,3.377946615219116,-9.704060554504395
7518,9.278183937072754,27.783803939819336
7519,0.019336942583322525,-0.2888944745063782
7520,-7.648318290710449,-0.30140420794487
7521,-0.8137806057929993,1.815091609954834
7522,1.6305657625198364,-1.514714002609253
7523,-2.7768545150756836,3.096632957458496
7524,3.475827693939209,-5.101478099822998
7525,-0.6820218563079834,-0.39852675795555115
7526,-1.3051155805587769,2.661839485168457
7527,-1.7424511909484863,-1.2897051572799683
7528,3.1475343704223633,-6.3579254150390625
7529,9.642656326293945,-2.237912893295288
7530,-0.28889063000679016,-4.501580238342285
7531,1.7974478006362915,-9.75066089630127
7532,0.2003772109746933,1.89066481590271
7533,1.0757768154144287,0.16548994183540344
7534,2.016993999481201,-4.592270374298096
7535,5.093147277832031,-0.01511690765619278
7536,13.779691696166992,-0.7515354156494141
7537,-1.0910545587539673,9.51842975616455
7538,-0.18369929492473602,-2.4000942707061768
7539,0.6818466782569885,-0.8619952201843262
7540,1.4119911193847656,-1.8841652870178223
7541,7.016287326812744,-1.8471386432647705
7542,-9.550748825073242,-4.435603618621826
7543,6.069745063781738,-5.785743236541748
7544,0.3143935799598694,7.864404678344727
7545,1.1792106628417969,-5.791258811950684
7546,-0.0694231390953064,2.5611183643341064
7547,-1.438219428062439,4.267643928527832
7548,-0.2192574292421341,2.152420997619629
7549,-3.230429172515869,0.481474369764328
7550,-8.67944049835205,-1.3111138343811035
7551,0.5732518434524536,0.6163173913955688
7552,0.9968370795249939,-1.8015936613082886
7553,-0.07026295363903046,-0.09095309674739838
7554,15.820704460144043,9.073394775390625
7555,2.021547317504883,3.1653263568878174
7556,13.391373634338379,6.883041858673096
7557,0.3856683373451233,-1.4097106456756592
7558,0.7021424770355225,-5.504237174987793
7559,-8.801894187927246,-4.6382975578308105
7560,-0.17479994893074036,0.7324589490890503
7561,7.7229204177856445,-5.652206897735596
7562,-0.1669858992099762,0.9379998445510864
7563,-0.041739095002412796,-0.3069538176059723
7564,-1.8965686559677124,-1.4069122076034546
7565,0.15485879778862,-0.17054590582847595
7566,-3.4705147743225098,10.51965618133545
7567,8.698664665222168,-2.305835485458374
7568,-18.73636817932129,-16.915807723999023
7569,4.0859174728393555,17.82725715637207
7570,5.520987510681152,-8.265292167663574
7571,-1.851404070854187,8.135945320129395
7572,-0.7087810039520264,0.9201451539993286
7573,1.187053918838501,-4.328026294708252
7574,5.7574076652526855,-0.36428526043891907
7575,-0.7587249279022217,-2.171726942062378
7576,-8.676264762878418,5.764993190765381
7577,-10.202717781066895,-3.358278751373291
7578,1.072677731513977,-0.5859090089797974
7579,-3.887205123901367,3.5427534580230713
7580,7.044723987579346,-6.785879611968994
7581,1.0300205945968628,-3.5724148750305176
7582,0.2160685807466507,1.519310474395752
7583,0.1250818520784378,-0.4057399332523346
7584,-8.862998008728027,-9.355216026306152
7585,-5.799570083618164,0.39708593487739563
7586,0.8773781061172485,-0.4314625859260559
7587,8.178753852844238,-5.981827259063721
7588,-7.2747673988342285,-2.911914587020874
7589,0.04459063336253166,-0.10663094371557236
7590,3.0341947078704834,-3.0604872703552246
7591,0.30411383509635925,-0.13415789604187012
7592,2.0098090171813965,-1.236645221710205
7593,-0.65877765417099,2.3950843811035156
7594,5.370056629180908,-0.5469805002212524
7595,0.9291142225265503,-5.961801052093506
7596,-4.607277870178223,-3.92842960357666
7597,1.8731757402420044,-3.0761210918426514
7598,3.459845781326294,-7.258336544036865
7599,14.734570503234863,9.27885913848877
7600,6.276300430297852,-1.513243317604065
7601,12.81806755065918,-2.388622999191284
7602,-9.212443351745605,-1.2848083972930908
7603,1.2106130123138428,-3.502687454223633
7604,-10.7999906539917,7.439357757568359
7605,-2.5737061500549316,-3.4530489444732666
7606,-5.40517520904541,10.625201225280762
7607,-2.799748659133911,-4.719608306884766
7608,1.1874237060546875,-5.917760372161865
7609,-6.683539867401123,-14.00403118133545
7610,-1.9664937257766724,1.1871542930603027
7611,-1.30636727809906,2.573234796524048
7612,-1.9589000940322876,2.3646392822265625
7613,-9.178689002990723,-11.768126487731934
7614,3.7913784980773926,-7.340737819671631
7615,1.4136565923690796,-1.6722204685211182
7616,-0.2329791635274887,2.202410936355591
7617,1.8904060125350952,-1.321881890296936
7618,-0.07851327955722809,1.9479646682739258
7619,7.367972373962402,-3.743985652923584
7620,7.047628402709961,-6.49505090713501
7621,5.868760108947754,-7.635495662689209
7622,-0.443265825510025,0.8505197167396545
7623,1.6189324855804443,-2.95971417427063
7624,2.8058953285217285,-3.9501519203186035
7625,-2.398483991622925,0.12186255306005478
7626,6.677624702453613,-6.709573268890381
7627,10.688431739807129,1.277153491973877
7628,-5.3746161460876465,-0.9695858359336853
7629,-9.485945701599121,5.616786003112793
7630,8.289380073547363,-2.926323890686035
7631,-1.1148930788040161,10.091726303100586
7632,14.305072784423828,5.79602575302124
7633,0.7511609792709351,-7.2634453773498535
7634,-8.935738563537598,-5.607882976531982
7635,9.875134468078613,-2.47400164604187
7636,7.822788238525391,7.239686489105225
7637,0.7006087303161621,-3.4752426147460938
7638,5.993790626525879,-6.370848178863525
7639,-0.25576791167259216,2.7885656356811523
7640,-0.2959863245487213,2.28066349029541
7641,4.847249507904053,14.869122505187988
7642,-6.326279163360596,-2.189917802810669
7643,2.9840574264526367,-6.578614711761475
7644,17.370725631713867,11.806032180786133
7645,11.705672264099121,-0.6502625942230225
7646,1.8033770322799683,1.5076158046722412
7647,-1.3069849014282227,-4.315759181976318
7648,3.9909844398498535,-1.6746619939804077
7649,1.0322834253311157,-4.078517436981201
7650,-7.626007080078125,-5.004997253417969
7651,-7.423244476318359,11.385964393615723
7652,-3.1199638843536377,3.541713237762451
7653,1.5847723484039307,-5.233341693878174
7654,7.526569366455078,18.212182998657227
7655,2.56620192527771,3.2963666915893555
7656,0.16510333120822906,-1.645938754081726
7657,2.9397926330566406,-5.878507614135742
7658,3.6748366355895996,-6.744881629943848
7659,8.0029878616333,-1.7715140581130981
7660,-6.485605239868164,-5.288943767547607
7661,1.7955223321914673,1.2313066720962524
7662,-2.6631698608398438,-0.5796738266944885
7663,7.9104228019714355,12.6825590133667
7664,1.3836029767990112,-6.348031044006348
7665,3.8545894622802734,-9.766569137573242
7666,8.86516284942627,0.7032602429389954
7667,-10.67163372039795,3.147432804107666
7668,2.8947160243988037,-8.035536766052246
7669,0.5371702909469604,0.9890432357788086
7670,-0.8819698095321655,2.8768844604492188
7671,-3.387521266937256,-4.611250400543213
7672,1.4275720119476318,-2.761225461959839
7673,-7.008881568908691,-6.7975029945373535
7674,-0.870018720626831,2.0135996341705322
7675,-1.7400833368301392,1.9764156341552734
7676,-7.512394905090332,10.413949966430664
7677,5.5533447265625,13.539340019226074
7678,0.543811023235321,7.198970317840576
7679,-4.35684871673584,0.5589224696159363
7680,2.241199254989624,-2.729871988296509
7681,2.0191643238067627,3.5525102615356445
7682,0.553452730178833,-2.1710662841796875
7683,8.348723411560059,-1.4063382148742676
7684,-1.4139565229415894,3.8906490802764893
7685,0.02066931501030922,-0.08436692506074905
7686,0.21802283823490143,-3.7522082328796387
7687,-5.7811126708984375,-2.500563859939575
7688,-0.31932899355888367,2.4127063751220703
7689,1.7029210329055786,2.956658363342285
7690,7.237392902374268,-3.966768503189087
7691,7.695265769958496,-6.449267387390137
7692,7.788115501403809,0.056546829640865326
7693,0.7865708470344543,-0.5694097876548767
7694,-3.529839515686035,0.3691108524799347
7695,0.9254715442657471,-1.2223365306854248
7696,-8.52032470703125,1.0686428546905518
7697,4.845647811889648,-5.721904277801514
7698,-0.9141427278518677,1.9397828578948975
7699,2.1288223266601562,-3.4004435539245605
7700,2.162247896194458,-4.967877388000488
7701,-0.25828754901885986,2.640070915222168
7702,-1.354202151298523,-2.9735944271087646
7703,0.659470796585083,-2.510098457336426
7704,-2.341726779937744,8.237678527832031
7705,11.760660171508789,1.1181925535202026
7706,6.087101936340332,-0.27558138966560364
7707,0.6170122027397156,-7.362594127655029
7708,-6.367551326751709,6.970451831817627
7709,-9.000651359558105,0.06921825557947159
7710,-4.704934120178223,-0.5673378109931946
7711,0.7551562190055847,-7.844320774078369
7712,-5.931148529052734,0.7905540466308594
7713,-4.643268585205078,5.996326446533203
7714,1.1229774951934814,9.736190795898438
7715,0.09731681644916534,-0.16890838742256165
7716,-1.5082762241363525,6.309991359710693
7717,0.227698415517807,-0.9363659620285034
7718,-3.889113426208496,-2.2514960765838623
7719,10.37250804901123,-0.8401326537132263
7720,6.264582633972168,-0.9789299368858337
7721,-0.9873054027557373,2.4494383335113525
7722,5.925431728363037,-1.3408310413360596
7723,-0.3500480651855469,2.4602036476135254
7724,-0.24206878244876862,-0.3017992675304413
7725,3.348226547241211,-7.580649375915527
7726,0.4793785810470581,-2.783513307571411
7727,-22.73069190979004,-9.500083923339844
7728,-1.5939384698867798,2.2307114601135254
7729,2.7138960361480713,-4.120916843414307
7730,11.722696304321289,-1.4813402891159058
7731,3.92431640625,-3.2374777793884277
7732,-1.1708585023880005,-2.835045576095581
7733,-9.0919828414917,-2.765730142593384
7734,0.5705864429473877,2.3137764930725098
7735,8.337239265441895,-3.474069833755493
7736,-8.612478256225586,3.8201546669006348
7737,7.726738929748535,-5.144934177398682
7738,-5.934603214263916,-3.122077465057373
7739,-0.6131420135498047,-1.6228759288787842
7740,-4.143736362457275,9.048453330993652
7741,11.071781158447266,2.8297040462493896
7742,5.408215045928955,-0.10785142332315445
7743,0.7480171322822571,-1.8301290273666382
7744,0.6157933473587036,-1.110189437866211
7745,-2.253253221511841,3.2671546936035156
7746,-2.399160861968994,3.1756105422973633
7747,-8.869314193725586,0.7857692837715149
7748,0.8336966037750244,0.12673169374465942
7749,11.474668502807617,-1.9842051267623901
7750,0.6941659450531006,-1.8744823932647705
7751,-5.501346111297607,1.5297331809997559
7752,1.535312533378601,-6.353607654571533
7753,8.965706825256348,-2.400209426879883
7754,-0.19060756266117096,1.6404163837432861
7755,7.342727184295654,-1.5055770874023438
7756,2.2565760612487793,-1.3774460554122925
7757,0.5751253962516785,-1.9228436946868896
7758,0.22333672642707825,3.392345428466797
7759,2.41862416267395,-4.72630500793457
7760,-3.3021163940429688,-3.5406713485717773
7761,3.5048718452453613,1.880673885345459
7762,-0.10094831883907318,0.3377595841884613
7763,6.461885452270508,-1.6170921325683594
7764,0.7706608176231384,-5.240793704986572
7765,0.7752198576927185,-0.6073142290115356
7766,-4.338348388671875,9.01002025604248
7767,-9.692646980285645,-3.6894140243530273
7768,-11.869549751281738,-14.422703742980957
7769,-0.1399267166852951,-7.124216556549072
7770,12.482914924621582,-2.9034781455993652
7771,-5.443545341491699,-6.890591144561768
7772,0.715196967124939,1.3719367980957031
7773,7.086369514465332,-6.578979969024658
7774,0.6821779012680054,-7.847909450531006
7775,-5.394686698913574,-5.681957721710205
7776,-9.200783729553223,3.7074217796325684
7777,0.8456357717514038,-0.6402658224105835
7778,-14.489578247070312,-1.7695972919464111
7779,1.1488434076309204,-6.4897942543029785
7780,10.930168151855469,2.8715014457702637
7781,-1.1989766359329224,2.2802510261535645
7782,0.5649964213371277,-0.46437355875968933
7783,0.4981025159358978,2.747706890106201
7784,0.7889931797981262,2.704407215118408
7785,0.9471527338027954,-2.384523391723633
7786,5.253924369812012,-0.29795947670936584
7787,3.544766426086426,-1.7754443883895874
7788,-10.728148460388184,-2.2592315673828125
7789,-1.8091412782669067,4.007793426513672
7790,-1.0404651165008545,3.105304718017578
7791,-0.4188618063926697,0.8294667601585388
7792,-6.170139312744141,-2.822925567626953
7793,2.9636833667755127,-8.507296562194824
7794,0.3899657130241394,0.3580660820007324
7795,1.7335872650146484,-2.597123622894287
7796,-5.6887030601501465,1.036521077156067
7797,-5.254127025604248,9.295077323913574
7798,-5.4549479484558105,7.399708271026611
7799,-4.030847549438477,12.247286796569824
7800,-0.4182148575782776,0.94270920753479
7801,15.58313274383545,19.166799545288086
7802,1.357452630996704,3.056743621826172
7803,0.5059416890144348,0.9158077239990234
7804,-0.12064133584499359,3.3703794479370117
7805,0.9792906641960144,0.5041989684104919
7806,-10.718585014343262,1.3363131284713745
7807,-0.12992291152477264,2.3723278045654297
7808,-0.4827752411365509,0.7343040704727173
7809,0.8161208629608154,1.9776155948638916
7810,-0.08536994457244873,-2.353759288787842
7811,2.546767473220825,-6.605320453643799
7812,2.739780902862549,-2.4152939319610596
7813,0.37863853573799133,2.7554335594177246
7814,0.6179754137992859,2.8483269214630127
7815,-3.685211181640625,-0.42904314398765564
7816,8.794260025024414,0.37645474076271057
7817,-2.4777474403381348,0.13199570775032043
7818,2.4120302200317383,-3.6970064640045166
7819,-4.544116020202637,9.142748832702637
7820,-5.828306198120117,-2.276988983154297
7821,6.334871768951416,-8.075778007507324
7822,1.959090232849121,-3.3214869499206543
7823,0.19033704698085785,-5.651133060455322
7824,2.4188032150268555,2.7634971141815186
7825,0.9342155456542969,1.3654351234436035
7826,-1.9250017404556274,-2.5308361053466797
7827,2.663729667663574,-3.87968373298645
7828,16.82828712463379,10.276054382324219
7829,-12.73327922821045,1.731461763381958
7830,1.1538695096969604,-1.6989418268203735
7831,2.9649252891540527,-0.5446891784667969
7832,-0.7384999990463257,1.5514159202575684
7833,-7.3064775466918945,-2.6425271034240723
7834,0.2384265512228012,3.490429401397705
7835,0.9876532554626465,-3.8782236576080322
7836,-3.146101951599121,-1.0299348831176758
7837,-0.5318692922592163,2.377424478530884
7838,0.7137494087219238,-0.7190650701522827
7839,1.1953457593917847,-3.4039907455444336
7840,1.9528864622116089,-3.1564419269561768
7841,-0.25986653566360474,2.5897765159606934
7842,5.942801475524902,-2.7500815391540527
7843,3.4810595512390137,-7.199408054351807
7844,-2.2733707427978516,13.564953804016113
7845,-0.24786745011806488,2.347076416015625
7846,2.058281898498535,2.033402919769287
7847,0.546065628528595,-4.582702159881592
7848,-0.9621939659118652,-1.7510430812835693
7849,0.968940258026123,3.701338052749634
7850,9.911704063415527,-0.34608587622642517
7851,0.9672855734825134,1.189131736755371
7852,1.7353522777557373,3.059126853942871
7853,-0.033510398119688034,-2.816946268081665
7854,0.4764651358127594,-0.2925781011581421
7855,-7.0583271980285645,-7.8339409828186035
7856,-2.1533238887786865,0.36554524302482605
7857,0.06354979425668716,0.1916467547416687
7858,1.3749445676803589,-0.7969193458557129
7859,-5.9046831130981445,-0.6923008561134338
7860,4.680983543395996,-9.098296165466309
7861,-10.621572494506836,-3.350257396697998
7862,0.9613478779792786,-2.6951332092285156
7863,1.7964423894882202,-5.461010456085205
7864,10.53253173828125,15.846646308898926
7865,1.628048062324524,-1.6770529747009277
7866,1.6636390686035156,-1.2511072158813477
7867,2.216604232788086,-3.7798421382904053
7868,-5.155738353729248,-1.343997836112976
7869,-1.5407377481460571,2.1585769653320312
7870,-0.2182159274816513,2.9949371814727783
7871,3.6993396282196045,-4.761351108551025
7872,-1.3540767431259155,-2.5738728046417236
7873,-8.747332572937012,-0.7890005111694336
7874,8.01266860961914,-5.491746425628662
7875,-14.959696769714355,9.62691879272461
7876,-2.986910820007324,1.573713779449463
7877,-0.4611884653568268,-0.8688552379608154
7878,-0.32116618752479553,0.8281771540641785
7879,-0.4136899411678314,0.8516403436660767
7880,-12.196354866027832,-0.7636765837669373
7881,3.417100191116333,-3.069375514984131
7882,-5.090675354003906,6.7610554695129395
7883,0.2457507699728012,-0.22372418642044067
7884,-3.0901260375976562,4.791234493255615
7885,7.6045145988464355,-1.5895434617996216
7886,-3.9821205139160156,-1.7903037071228027
7887,1.6901264190673828,1.2444071769714355
7888,9.633142471313477,-0.7826032638549805
7889,0.15394283831119537,-2.224862575531006
7890,4.783395767211914,-8.49624252319336
7891,10.248412132263184,-5.686798095703125
7892,-0.4990452229976654,1.549573540687561
7893,0.9475058913230896,2.5478415489196777
7894,2.4633195400238037,-2.421567916870117
7895,-2.990147113800049,7.482837200164795
7896,0.741910457611084,-3.337881088256836
7897,-6.0047197341918945,4.0175700187683105
7898,4.231802463531494,9.787822723388672
7899,-0.8357851505279541,2.6339621543884277
7900,17.513389587402344,10.717391967773438
7901,6.060145378112793,-6.928182125091553
7902,3.7388153076171875,0.42049500346183777
7903,1.23119056224823,-1.8729403018951416
7904,1.816221833229065,-0.41552427411079407
7905,12.324020385742188,-2.645129442214966
7906,2.789111852645874,0.5301743745803833
7907,0.9938863515853882,-3.0293097496032715
7908,-5.206903457641602,-1.9836483001708984
7909,12.133106231689453,2.061553955078125
7910,7.679072380065918,-1.8699548244476318
7911,2.2999627590179443,2.102903366088867
7912,0.4339442253112793,-3.6229190826416016
7913,-0.40221545100212097,0.8404152393341064
7914,-6.1201701164245605,1.4581377506256104
7915,-4.060025215148926,1.198048710823059
7916,-0.41179579496383667,1.0563075542449951
7917,-0.2524121403694153,-0.2555353343486786
7918,3.3808753490448,-2.1747865676879883
7919,-1.1309611797332764,-2.824538469314575
7920,-3.218446969985962,-0.8714882135391235
7921,-11.776673316955566,0.4320211112499237
7922,-0.12862786650657654,2.774768590927124
7923,-1.308401346206665,-2.995694160461426
7924,8.070181846618652,-1.0465843677520752
7925,-1.525779128074646,-1.2120990753173828
7926,3.322348117828369,-2.7294697761535645
7927,-2.14084529876709,-6.720462322235107
7928,1.204859972000122,-3.5451574325561523
7929,-4.751949310302734,-0.1694963574409485
7930,13.417590141296387,-1.9690942764282227
7931,1.3091850280761719,1.3468244075775146
7932,8.073887825012207,-0.601744532585144
7933,0.5641191005706787,-1.466662049293518
7934,-6.039872169494629,11.414576530456543
7935,-1.0895664691925049,-8.45202350616455
7936,0.34984350204467773,0.06357815116643906
7937,14.470120429992676,8.815777778625488
7938,12.680577278137207,5.6218695640563965
7939,-8.885817527770996,-0.836014986038208
7940,0.26392918825149536,9.116002082824707
7941,3.045274019241333,-2.2343010902404785
7942,10.771381378173828,-2.026139497756958
7943,-0.19604095816612244,-1.8031895160675049
7944,-0.670319676399231,6.913143157958984
7945,-3.0473432540893555,-4.172283172607422
7946,1.9609638452529907,-3.06325626373291
7947,1.3472837209701538,-9.050885200500488
7948,1.1774967908859253,-5.122366905212402
7949,-3.12961483001709,5.35875940322876
7950,-0.4310767352581024,0.8159939646720886
7951,-10.672207832336426,-2.4091532230377197
7952,-0.5630218386650085,3.0802950859069824
7953,-13.871582984924316,-5.460062503814697
7954,1.629782795906067,-8.022639274597168
7955,-15.872136116027832,-13.508759498596191
7956,-7.291070938110352,5.331589221954346
7957,-3.71146821975708,3.380577564239502
7958,0.08669541776180267,1.6341981887817383
7959,-21.404050827026367,-10.52426528930664
7960,10.793741226196289,0.27698102593421936
7961,1.180162787437439,0.36799943447113037
7962,3.705890417098999,-0.45410194993019104
7963,-1.740136981010437,10.609164237976074
7964,-1.3331749439239502,1.642228603363037
7965,-0.5725696086883545,2.40322208404541
7966,13.398319244384766,0.011514328420162201
7967,-1.6443430185317993,2.7785089015960693
7968,2.241258144378662,-9.833142280578613
7969,8.858418464660645,-3.0752055644989014
7970,-7.5262250900268555,-1.1765031814575195
7971,-1.9190200567245483,9.03486156463623
7972,1.0641348361968994,-8.336771011352539
7973,-0.8565387725830078,1.877084732055664
7974,-8.052191734313965,3.3643898963928223
7975,-5.652089595794678,-0.6355042457580566
7976,0.5506055355072021,-1.7620667219161987
7977,10.793251991271973,-1.014411449432373
7978,0.9910147190093994,-6.313389301300049
7979,1.74202561378479,-2.9784634113311768
7980,0.5646596550941467,-2.316725730895996
7981,-0.2969270646572113,2.7437381744384766
7982,-1.5035916566848755,0.8835533857345581
7983,0.345097154378891,-7.903941631317139
7984,1.03070068359375,1.1956678628921509
7985,-2.5333023071289062,-0.9415770173072815
7986,-1.2654719352722168,2.6021862030029297
7987,1.802610993385315,-3.7962417602539062
7988,1.4622458219528198,-1.434809684753418
7989,4.5631489753723145,-8.380158424377441
7990,0.7462689876556396,2.663154125213623
7991,13.667132377624512,-1.8361775875091553
7992,6.34794282913208,16.05614471435547
7993,0.47321605682373047,2.7362258434295654
7994,-0.25540950894355774,2.108132839202881
7995,-6.749065399169922,0.5646657943725586
7996,2.0526938438415527,-3.1356260776519775
7997,0.6881461143493652,-1.6733824014663696
7998,0.3524629473686218,-9.756150245666504
7999,0.7845738530158997,-0.24373593926429749
8000,-0.12187673151493073,-0.013234369456768036
8001,1.5817116498947144,4.036448001861572
8002,3.5455169677734375,-3.5255556106567383
8003,-1.3196945190429688,-0.9767376184463501
8004,1.0292189121246338,-4.995153903961182
8005,3.4350485801696777,-2.907282590866089
8006,2.0647435188293457,-3.999669075012207
8007,6.167542457580566,-7.378783702850342
8008,-5.9370880126953125,1.0233739614486694
8009,-0.7993888258934021,5.266697406768799
8010,-5.143738746643066,0.062341757118701935
8011,5.658061504364014,-5.061596393585205
8012,0.6031686067581177,-7.459603786468506
8013,-10.266791343688965,6.974276065826416
8014,-0.3571384847164154,2.313763380050659
8015,-0.13196592032909393,1.5975946187973022
8016,9.398896217346191,-5.256561756134033
8017,-2.9103074073791504,0.8451381325721741
8018,-11.930620193481445,-1.4867339134216309
8019,-12.107443809509277,0.5123881101608276
8020,6.823155403137207,-8.151463508605957
8021,0.9677472710609436,-0.57968670129776
8022,6.904069900512695,0.774643063545227
8023,-0.8171181678771973,8.146849632263184
8024,4.652690887451172,-1.9695550203323364
8025,-0.7866896986961365,2.1925830841064453
8026,0.3045538067817688,-2.4118947982788086
8027,7.244016647338867,-3.212376356124878
8028,-14.635924339294434,-2.6845450401306152
8029,0.7342923283576965,-0.4344097077846527
8030,-0.2865028977394104,2.67739200592041
8031,0.23492465913295746,0.2823053002357483
8032,-1.1942307949066162,2.4767251014709473
8033,4.728131294250488,-2.5168399810791016
8034,5.396989345550537,-6.5600690841674805
8035,-1.9078718423843384,0.04447329789400101
8036,-8.52283000946045,4.329654216766357
8037,2.9678428173065186,-6.305051326751709
8038,-15.891225814819336,8.6311674118042
8039,2.668179988861084,12.663918495178223
8040,-0.39905980229377747,0.9455187320709229
8041,-2.0979878902435303,2.996847152709961
8042,-3.315408229827881,-0.6224864721298218
8043,12.076787948608398,-1.1431071758270264
8044,2.4981837272644043,-0.19211873412132263
8045,-12.869002342224121,-1.7563095092773438
8046,0.4995664656162262,-3.0748696327209473
8047,-0.26359689235687256,2.4134483337402344
8048,-0.2403804510831833,1.8374271392822266
8049,-3.519498348236084,-6.865078449249268
8050,1.1613081693649292,-0.5099024772644043
8051,-1.3780251741409302,0.7741131782531738
8052,4.116771221160889,22.9532413482666
8053,1.4395936727523804,-9.520970344543457
8054,9.310872077941895,-2.4863595962524414
8055,-10.240361213684082,-7.160318851470947
8056,5.38081169128418,-8.00765323638916
8057,8.536303520202637,0.49803611636161804
8058,-3.4564476013183594,2.0421392917633057
8059,2.6361782550811768,-8.572189331054688
8060,0.7729886174201965,0.5963889360427856
8061,-5.909173011779785,1.1285054683685303
8062,-0.5344341993331909,10.767142295837402
8063,-7.21921968460083,2.434208869934082
8064,-6.837724685668945,-5.45282506942749
8065,8.499987602233887,-1.9351327419281006
8066,-2.6174755096435547,3.650778293609619
8067,5.878414630889893,-0.3912163972854614
8068,10.206991195678711,0.7227823734283447
8069,-0.2148815542459488,-0.807178258895874
8070,-9.877286911010742,-3.995295286178589
8071,-0.33445459604263306,2.801004409790039
8072,-6.961472034454346,3.4348220825195312
8073,-6.596059799194336,11.20021915435791
8074,-5.207228183746338,6.924855709075928
8075,-1.547200322151184,4.27557897567749
8076,1.8766604661941528,-3.7939653396606445
8077,-1.797568917274475,-4.855744361877441
8078,-8.91405963897705,-3.229480266571045
8079,0.1462615430355072,-6.787534236907959
8080,13.221474647521973,6.41748571395874
8081,-13.828617095947266,-0.25151634216308594
8082,12.291358947753906,4.895301342010498
8083,0.6112744808197021,-1.7404506206512451
8084,2.0160653591156006,-1.4688551425933838
8085,-1.7077404260635376,-6.444917678833008
8086,-22.94137954711914,-19.09095001220703
8087,-1.4305452108383179,2.437973976135254
8088,0.7681770324707031,2.144217014312744
8089,0.8324759602546692,-3.67964243888855
8090,-2.3558595180511475,-1.740288257598877
8091,0.4724196195602417,0.5269858837127686
8092,4.01610803604126,-3.7820615768432617
8093,3.706968307495117,17.967443466186523
8094,12.331604957580566,-0.2673129737377167
8095,-6.433258533477783,-0.5674979090690613
8096,1.9455145597457886,-1.6030694246292114
8097,-10.251652717590332,-6.707821369171143
8098,-8.666982650756836,2.0680787563323975
8099,0.9079530239105225,1.9960365295410156
8100,-16.05887222290039,-18.393491744995117
8101,1.0353758335113525,-6.0189619064331055
8102,-0.260965496301651,-0.46333661675453186
8103,2.093454599380493,2.200526237487793
8104,0.17054669559001923,1.8255407810211182
8105,-8.761991500854492,-1.3285014629364014
8106,0.3577708601951599,0.31682267785072327
8107,4.846288681030273,-9.434918403625488
8108,2.3126413822174072,-7.426999568939209
8109,-0.6126254200935364,2.7744979858398438
8110,-1.1659810543060303,3.3153812885284424
8111,-16.52978515625,-6.455223560333252
8112,0.9560174942016602,1.2060837745666504
8113,-0.06429527699947357,1.4139763116836548
8114,-0.43699243664741516,2.3287367820739746
8115,11.726588249206543,3.0741820335388184
8116,0.36764460802078247,1.4628520011901855
8117,12.972918510437012,6.623843669891357
8118,-8.237232208251953,-0.5604516863822937
8119,2.651766777038574,-4.891164302825928
8120,-0.15836428105831146,2.675203323364258
8121,-0.31526875495910645,2.40401554107666
8122,4.966732978820801,-9.73803424835205
8123,-11.818001747131348,-2.4088339805603027
8124,1.3665244579315186,-3.148242473602295
8125,7.550099849700928,-3.1546807289123535
8126,-0.48947873711586,-4.26979923248291
8127,-5.525546073913574,-0.7515934705734253
8128,0.3384186327457428,-1.5842074155807495
8129,2.2505273818969727,-4.548664569854736
8130,1.0076571702957153,2.0439515113830566
8131,-0.5034289956092834,1.7182235717773438
8132,2.4905855655670166,0.0596889927983284
8133,-0.34161725640296936,3.011988878250122
8134,-0.362016886472702,1.6482378244400024
8135,6.349212169647217,-0.8405158519744873
8136,10.242569923400879,-0.1429034173488617
8137,-3.7414674758911133,-7.870341777801514
8138,-1.2054566144943237,4.951554775238037
8139,3.1455647945404053,-3.462446689605713
8140,10.23141860961914,1.5784145593643188
8141,6.851078033447266,-4.844356536865234
8142,-5.744385719299316,-2.3825762271881104
8143,0.025313574820756912,1.996628761291504
8144,-7.586609840393066,-6.537112712860107
8145,-0.2706431448459625,0.40390583872795105
8146,-0.04653894528746605,2.3877005577087402
8147,2.2589385509490967,-2.9207170009613037
8148,-8.975772857666016,-7.90650749206543
8149,-3.5482468605041504,-3.868036985397339
8150,-0.28243836760520935,2.1667723655700684
8151,-1.0976898670196533,1.4566606283187866
8152,-7.611695289611816,3.663729667663574
8153,1.147365927696228,-3.5428121089935303
8154,-2.895362138748169,0.6729706525802612
8155,1.9818346500396729,-2.3884143829345703
8156,-5.998114109039307,-3.1380934715270996
8157,-0.24948351085186005,0.8330967426300049
8158,-5.709288597106934,5.997681617736816
8159,1.1268563270568848,4.126977443695068
8160,-6.286787033081055,-1.2744966745376587
8161,4.812739849090576,-6.952839374542236
8162,17.646785736083984,12.812352180480957
8163,0.04618065431714058,0.17829450964927673
8164,0.4132078289985657,-1.0376965999603271
8165,2.4107563495635986,-1.6411707401275635
8166,-4.000724792480469,4.390449523925781
8167,1.523446798324585,19.002817153930664
8168,-6.678112030029297,2.444770336151123
8169,2.3641819953918457,-0.2607181966304779
8170,1.4369546175003052,-8.709671974182129
8171,-14.6675386428833,-0.6788306832313538
8172,2.7278757095336914,-5.857106685638428
8173,3.479804515838623,-5.234504699707031
8174,1.9552780389785767,0.8138842582702637
8175,1.996874451637268,-2.6678833961486816
8176,1.5431560277938843,-1.5196822881698608
8177,-0.28823837637901306,1.4284906387329102
8178,-13.338250160217285,-1.8124089241027832
8179,0.5508407354354858,0.03343813866376877
8180,-3.9513025283813477,6.758860111236572
8181,1.9293323755264282,-1.4065847396850586
8182,-0.9125311374664307,-8.526697158813477
8183,-1.443466067314148,-1.1854016780853271
8184,-0.31303879618644714,0.8488877415657043
8185,-0.7851698398590088,-4.8424201011657715
8186,-9.122897148132324,-7.547319412231445
8187,0.793493390083313,-1.8195191621780396
8188,7.828967094421387,-5.683521270751953
8189,0.23265182971954346,-1.1383329629898071
8190,-0.26598528027534485,0.8284606337547302
8191,3.3449387550354004,-2.761500358581543
8192,0.21647168695926666,0.18467098474502563
8193,0.2702929675579071,2.9645519256591797
8194,1.8133350610733032,-6.5773797035217285
8195,6.566185474395752,-4.086695671081543
8196,-9.701298713684082,5.799169540405273
8197,0.57469642162323,-0.8631514310836792
8198,3.4241762161254883,-9.60460376739502
8199,0.8446700572967529,-0.43721386790275574
8200,-0.4780168831348419,1.7250339984893799
8201,-1.4561158418655396,-0.6203385591506958
8202,0.7536070942878723,3.7208163738250732
8203,-6.836533546447754,11.726791381835938
8204,1.6778301000595093,-9.368916511535645
8205,12.702071189880371,-0.09026763588190079
8206,3.1101908683776855,1.9701716899871826
8207,-0.5975945591926575,1.4290601015090942
8208,6.287280559539795,-4.232724666595459
8209,0.900488555431366,-5.281925678253174
8210,6.676504135131836,-1.9253058433532715
8211,13.759553909301758,-0.755089282989502
8212,-3.9391074180603027,-10.739928245544434
8213,-0.443866103887558,2.2827866077423096
8214,-2.646289110183716,-2.20426607131958
8215,6.7142157554626465,-0.9184280633926392
8216,3.817849636077881,-4.219594955444336
8217,2.4843811988830566,-2.057586431503296
8218,2.902162551879883,-5.43822717666626
8219,7.010402202606201,-5.670473098754883
8220,-5.672808647155762,-2.1694564819335938
8221,6.885705471038818,-0.9270356297492981
8222,-5.345536231994629,-4.785332202911377
8223,6.108554363250732,-7.147860050201416
8224,8.947794914245605,-1.9773764610290527
8225,1.0471395254135132,0.8899388313293457
8226,-10.605345726013184,-1.4580310583114624
8227,1.1738227605819702,-3.418290138244629
8228,7.05954122543335,-8.188536643981934
8229,9.364360809326172,0.9270616173744202
8230,-0.30122843384742737,2.294245719909668
8231,3.3437466621398926,-2.347719192504883
8232,10.537925720214844,1.232515811920166
8233,-1.711135983467102,-0.8958536982536316
8234,6.835123062133789,-1.7886475324630737
8235,0.3343490660190582,-4.321094989776611
8236,9.604005813598633,-2.986905097961426
8237,-0.7049147486686707,0.9094955325126648
8238,2.146759033203125,-3.26223087310791
8239,6.128203392028809,-8.76381778717041
8240,-7.949125289916992,-2.8660168647766113
8241,1.0916632413864136,0.6142854690551758
8242,-0.4320289194583893,1.5285078287124634
8243,1.3738961219787598,0.9644643068313599
8244,-0.36117061972618103,1.3611476421356201
8245,2.9014968872070312,-6.227122783660889
8246,-7.049075126647949,3.163620948791504
8247,0.8492310047149658,-1.3634222745895386
8248,0.2777082324028015,-0.21912187337875366
8249,-0.9778715372085571,3.189434289932251
8250,1.5621368885040283,-4.060492038726807
8251,2.0868189334869385,-9.288619995117188
8252,4.098621368408203,-6.956481456756592
8253,3.900670289993286,20.42832374572754
8254,-4.16929817199707,-2.3658461570739746
8255,-0.12322098016738892,-0.30126890540122986
8256,0.4191095530986786,3.3245246410369873
8257,0.512639582157135,-1.2127889394760132
8258,-5.643364429473877,-0.20454424619674683
8259,3.4712131023406982,7.956663608551025
8260,0.10331195592880249,-1.0068241357803345
8261,4.505136489868164,2.039834976196289
8262,-0.025494437664747238,2.2494988441467285
8263,6.29131555557251,-0.2644347846508026
8264,-6.320535182952881,6.517756938934326
8265,-5.660164833068848,10.242558479309082
8266,9.408312797546387,-2.7321829795837402
8267,5.158308982849121,-3.722198963165283
8268,-0.2610801160335541,2.3745999336242676
8269,1.3818416595458984,3.75341796875
8270,11.502469062805176,-0.8014125823974609
8271,0.032305795699357986,2.7150073051452637
8272,2.672767162322998,-1.928610920906067
8273,1.001007318496704,-7.464056015014648
8274,12.94983959197998,-2.2561521530151367
8275,10.280511856079102,1.6007441282272339
8276,-0.20628730952739716,2.767350196838379
8277,-0.9589773416519165,2.8106398582458496
8278,1.0393589735031128,2.9904189109802246
8279,0.9648677706718445,-1.7181150913238525
8280,2.9187824726104736,-2.6506285667419434
8281,-0.551659882068634,1.0436251163482666
8282,2.6880722045898438,3.4619064331054688
8283,-1.7060469388961792,4.212177753448486
8284,-10.754244804382324,-2.8727598190307617
8285,-2.823258876800537,9.575592994689941
8286,6.057036399841309,-6.254125595092773
8287,-4.496314525604248,-1.5116816759109497
8288,-12.277689933776855,-7.252236366271973
8289,-2.1858842372894287,2.3736841678619385
8290,1.238213300704956,-3.8233585357666016
8291,-5.707910537719727,-3.6390066146850586
8292,-0.2903684675693512,2.223693370819092
8293,11.453534126281738,3.7014412879943848
8294,-4.391118049621582,1.547600269317627
8295,0.8671175837516785,-1.0373057126998901
8296,-13.356210708618164,-5.915260314941406
8297,-0.9415836334228516,-2.9310569763183594
8298,-10.715068817138672,2.857755422592163
8299,11.822815895080566,23.9410457611084
8300,12.239683151245117,-0.2699274718761444
8301,0.5265483260154724,2.490724563598633
8302,2.140509843826294,2.7219784259796143
8303,-0.23959605395793915,2.526278495788574
8304,0.45118001103401184,-2.1678824424743652
8305,7.0115647315979,-4.294364929199219
8306,1.9751802682876587,-3.195547580718994
8307,2.986492156982422,-0.37917983531951904
8308,-5.135412216186523,3.0720925331115723
8309,2.8376736640930176,-5.895755290985107
8310,-9.05837631225586,-0.6152592301368713
8311,1.4379404783248901,-1.5544288158416748
8312,-8.857684135437012,1.3558790683746338
8313,2.219003200531006,-3.1968562602996826
8314,1.3637731075286865,19.55872917175293
8315,-0.024133291095495224,-0.21731382608413696
8316,-1.6575552225112915,2.8517065048217773
8317,-0.18554075062274933,-0.32843253016471863
8318,-8.907174110412598,-1.9778721332550049
8319,-15.346464157104492,-1.7491458654403687
8320,-0.2582142949104309,0.9605727195739746
8321,0.28544268012046814,8.459589004516602
8322,-2.5634069442749023,0.09819222241640091
8323,-6.112468719482422,2.751162052154541
8324,-5.164538383483887,-4.685858249664307
8325,-11.263529777526855,3.581861972808838
8326,-3.689757823944092,4.648003101348877
8327,6.222190856933594,-1.698752999305725
8328,-1.901708960533142,9.146258354187012
8329,8.710395812988281,-1.1426148414611816
8330,-0.31445935368537903,3.1311769485473633
8331,3.4507131576538086,-7.282789707183838
8332,0.5593224763870239,-0.3123824894428253
8333,3.5703134536743164,-3.4868171215057373
8334,0.22890691459178925,-1.0732438564300537
8335,-11.499213218688965,0.7761276960372925
8336,7.135855674743652,-4.707635402679443
8337,9.483664512634277,-1.6563713550567627
8338,-0.5046954154968262,-2.5652928352355957
8339,-5.107681751251221,2.291266918182373
8340,-0.9986432790756226,0.8562471270561218
8341,6.982263565063477,-1.1968681812286377
8342,-0.17903707921504974,1.3024234771728516
8343,7.2831807136535645,-1.3217136859893799
8344,-1.2035298347473145,2.7696056365966797
8345,-5.5072340965271,8.98261547088623
8346,4.163806915283203,-0.9626195430755615
8347,11.327054023742676,-2.829702138900757
8348,-0.4424358606338501,-0.07954233139753342
8349,2.3782122135162354,2.337369918823242
8350,-1.8753865957260132,2.0869293212890625
8351,-0.8202198147773743,1.8804250955581665
8352,-14.800366401672363,-6.572581768035889
8353,-7.607292175292969,2.1578898429870605
8354,-1.7179503440856934,-5.7702789306640625
8355,-2.3333024978637695,-2.695272445678711
8356,7.1089091300964355,-0.9163171052932739
8357,-4.995430946350098,-4.901345729827881
8358,0.6389695405960083,-2.962383985519409
8359,0.7511281967163086,1.2442572116851807
8360,-1.1432685852050781,-5.837157249450684
8361,6.37219762802124,-5.989415645599365
8362,-1.1084378957748413,1.847050666809082
8363,-0.13051475584506989,2.5540056228637695
8364,1.3484008312225342,-1.367953896522522
8365,0.5321138501167297,2.9304370880126953
8366,0.29770350456237793,-1.6058629751205444
8367,5.583182334899902,-8.515057563781738
8368,13.206055641174316,-0.5616110563278198
8369,8.636064529418945,-5.750233173370361
8370,1.2974034547805786,-2.806220054626465
8371,4.105555057525635,-5.416886806488037
8372,10.12989330291748,0.36910954117774963
8373,-1.9035710096359253,3.7092957496643066
8374,5.871458530426025,-8.106244087219238
8375,14.841887474060059,5.5487518310546875
8376,0.32346123456954956,6.6640753746032715
8377,1.3942853212356567,-0.6468281149864197
8378,-7.217060089111328,-1.7519373893737793
8379,-3.7545809745788574,-2.8108718395233154
8380,-1.0470298528671265,2.332197904586792
8381,-4.1531267166137695,9.8064546585083
8382,9.71935749053955,18.788999557495117
8383,0.681177020072937,-0.8023787140846252
8384,2.716146945953369,0.2974874675273895
8385,10.368598937988281,1.1029517650604248
8386,-0.28605595231056213,2.328139305114746
8387,6.37226676940918,-3.429978847503662
8388,-0.3557153642177582,-0.17895600199699402
8389,2.0398333072662354,-5.117636203765869
8390,0.44447335600852966,8.180874824523926
8391,0.2570509612560272,0.2391737401485443
8392,-11.320420265197754,-4.494137763977051
8393,4.904794692993164,-4.531487941741943
8394,-9.756632804870605,4.488191604614258
8395,-2.484090566635132,4.484016418457031
8396,1.9948776960372925,-3.142564296722412
8397,2.0356404781341553,-3.429821014404297
8398,8.786526679992676,-0.31431785225868225
8399,-1.702459454536438,8.678025245666504
8400,5.7650251388549805,3.748988628387451
8401,8.161571502685547,-2.2749054431915283
8402,6.04040002822876,-7.824526309967041
8403,4.945121765136719,20.52020263671875
8404,-1.0798401832580566,1.826228141784668
8405,-0.03528418764472008,2.5837466716766357
8406,-1.3237680196762085,2.536149501800537
8407,-12.505257606506348,-1.6992979049682617
8408,-1.4840306043624878,-9.67385482788086
8409,-5.384105205535889,11.0823392868042
8410,-0.0017245225608348846,1.9956183433532715
8411,-22.513355255126953,-13.529146194458008
8412,11.69922924041748,2.193542242050171
8413,5.075690269470215,-7.1385321617126465
8414,-0.004260104149580002,1.9906773567199707
8415,-1.8330127000808716,4.692083835601807
8416,1.8108710050582886,-2.792182683944702
8417,1.3428887128829956,-6.388367176055908
8418,-0.1573628932237625,1.9630966186523438
8419,-1.6478105783462524,10.547059059143066
8420,0.3810608983039856,-1.2841503620147705
8421,0.9626836776733398,-3.0215749740600586
8422,2.8517134189605713,3.697439432144165
8423,-0.3965831696987152,0.7803691625595093
8424,2.1880571842193604,3.5975184440612793
8425,-0.03693721815943718,1.2756726741790771
8426,-0.492629736661911,0.6411222815513611
8427,11.0283784866333,-0.23208007216453552
8428,0.7367594242095947,0.1967429518699646
8429,-0.3008548319339752,0.8782492876052856
8430,3.223001718521118,15.562231063842773
8431,-1.742285132408142,1.6527340412139893
8432,5.685805320739746,-8.440886497497559
8433,-12.192815780639648,5.218093395233154
8434,0.02629144862294197,1.6401971578598022
8435,6.560793876647949,-1.2513461112976074
8436,-1.6072765588760376,2.502885580062866
8437,3.952144145965576,0.3982516825199127
8438,-9.78964614868164,0.5205612778663635
8439,1.335397481918335,-8.148200035095215
8440,-0.1955157369375229,2.1415634155273438
8441,-0.5527194142341614,-3.3871092796325684
8442,6.987588882446289,-3.051776885986328
8443,-0.4278962016105652,0.15166223049163818
8444,-5.784761428833008,-6.180797576904297
8445,-6.846588134765625,-2.934302806854248
8446,7.046595573425293,-6.759680271148682
8447,1.878893256187439,-2.060330867767334
8448,10.954333305358887,3.33186674118042
8449,-1.472232699394226,3.3226871490478516
8450,-9.443039894104004,2.947725296020508
8451,0.3818017542362213,7.929428577423096
8452,-6.986319541931152,-0.8115111589431763
8453,2.4925575256347656,0.2494778335094452
8454,8.79260540008545,1.9272080659866333
8455,0.8460457921028137,-3.102980613708496
8456,-6.902386665344238,-2.752106189727783
8457,1.860383152961731,-1.1917723417282104
8458,0.5900439620018005,2.775045394897461
8459,1.9761133193969727,4.029394149780273
8460,1.9541505575180054,-3.6293768882751465
8461,6.2655792236328125,-7.462985992431641
8462,8.557385444641113,-1.190779209136963
8463,-0.6474285125732422,1.430831789970398
8464,-1.7232805490493774,2.6927237510681152
8465,-5.402878284454346,-1.254338026046753
8466,-0.6257871985435486,1.890854835510254
8467,6.98771858215332,-1.6942079067230225
8468,-0.15859846770763397,-0.4224759638309479
8469,0.12846344709396362,1.1063547134399414
8470,0.9111295938491821,-2.0076358318328857
8471,7.188488006591797,-4.307627201080322
8472,11.783835411071777,5.201267719268799
8473,7.375197887420654,-1.5457642078399658
8474,-0.03784067556262016,-0.6142767071723938
8475,-8.558528900146484,1.244819164276123
8476,-5.290792465209961,2.4144787788391113
8477,0.09768170118331909,2.487403631210327
8478,-3.208569049835205,-9.619847297668457
8479,-6.097418785095215,-1.8899097442626953
8480,-6.5491766929626465,-0.3954228162765503
8481,-4.304322242736816,-10.495150566101074
8482,-0.554381787776947,2.8466954231262207
8483,3.338414192199707,-2.650745391845703
8484,0.12314192950725555,8.939953804016113
8485,-1.4062268733978271,-5.211449146270752
8486,2.4334146976470947,2.009343385696411
8487,-0.3873548209667206,0.6740415692329407
8488,-3.178372383117676,2.4909496307373047
8489,1.2611640691757202,-4.168430805206299
8490,1.9953104257583618,1.7373607158660889
8491,3.8779304027557373,-3.979808807373047
8492,-1.8434237241744995,0.5395902991294861
8493,7.102946758270264,-3.8767504692077637
8494,8.492327690124512,-2.273890972137451
8495,1.420350193977356,1.5516072511672974
8496,-9.21142864227295,-6.08751916885376
8497,0.04988876357674599,-1.4676551818847656
8498,0.4232507348060608,-1.221456527709961
8499,-4.4098968505859375,-1.610765814781189
8500,2.7511935234069824,-1.9760808944702148
8501,-6.980869293212891,-3.924623727798462
8502,2.414537191390991,-0.19324058294296265
8503,10.282127380371094,1.7583863735198975
8504,7.465173721313477,-5.063819885253906
8505,11.91222858428955,-2.9783973693847656
8506,2.8858940601348877,12.3015775680542
8507,-0.24878157675266266,0.00578627735376358
8508,-0.3119942843914032,2.3253822326660156
8509,1.6038180589675903,-1.299364447593689
8510,8.505038261413574,-1.2368779182434082
8511,-7.237417697906494,-0.4639590084552765
8512,10.768016815185547,0.3507043421268463
8513,1.7920681238174438,-1.2698283195495605
8514,-0.8996152281761169,1.952580213546753
8515,-0.272699773311615,2.563748359680176
8516,-0.254408061504364,0.9921126365661621
8517,-0.35688942670822144,2.837514877319336
8518,-2.605355978012085,4.169070243835449
8519,-0.8667221069335938,1.6110703945159912
8520,-0.36693432927131653,2.6163339614868164
8521,8.918882369995117,-2.755134344100952
8522,-10.644078254699707,-0.5222060680389404
8523,3.256450891494751,0.10454801470041275
8524,2.4050798416137695,0.03550969809293747
8525,1.9340437650680542,-3.140023708343506
8526,-9.404973030090332,-1.2824549674987793
8527,-0.35275784134864807,0.8691019415855408
8528,2.9611291885375977,1.330275297164917
8529,0.09515225887298584,-1.3184881210327148
8530,-12.80303955078125,-11.213274955749512
8531,-1.470699429512024,0.9332877397537231
8532,-0.1598372608423233,2.161039113998413
8533,-0.38115787506103516,0.7947792410850525
8534,0.9965634346008301,2.2645812034606934
8535,1.0272001028060913,-6.218846321105957
8536,1.3474611043930054,-4.902621746063232
8537,5.260165214538574,4.8805341720581055
8538,-6.270408630371094,1.492864727973938
8539,-3.5416078567504883,12.447028160095215
8540,3.6746444702148438,-2.3987343311309814
8541,8.899996757507324,-2.3275434970855713
8542,0.41263875365257263,-0.5581095218658447
8543,-0.28888916969299316,-0.3541993498802185
8544,-0.05608029291033745,2.594320297241211
8545,0.17541606724262238,0.1049400195479393
8546,-11.4297513961792,-3.4810619354248047
8547,-7.17117977142334,-1.3804887533187866
8548,0.1740095317363739,-2.882742166519165
8549,-6.768901824951172,7.485316753387451
8550,-6.93776798248291,-4.2841477394104
8551,1.069029688835144,-3.866459608078003
8552,1.5302563905715942,-4.835891246795654
8553,1.531474232673645,-4.451341152191162
8554,2.3878211975097656,12.457783699035645
8555,9.67320728302002,-2.6981210708618164
8556,-5.749758720397949,1.5037329196929932
8557,8.23279094696045,-0.8365486860275269
8558,-0.045475419610738754,2.8717727661132812
8559,12.546046257019043,-2.2092719078063965
8560,-0.85532546043396,1.5112265348434448
8561,-0.6615020632743835,0.8854519128799438
8562,13.719552993774414,-3.9511852264404297
8563,10.125631332397461,0.10477545112371445
8564,-1.358391284942627,-2.292461395263672
8565,6.479303359985352,-1.974417805671692
8566,1.3419827222824097,-3.7083640098571777
8567,7.627305030822754,-3.8822433948516846
8568,1.9090704917907715,-3.1259520053863525
8569,6.376002788543701,-0.8583983182907104
8570,-7.201363563537598,-0.6997360587120056
8571,0.33818045258522034,-0.9767904281616211
8572,13.95224666595459,6.267119884490967
8573,-6.797182083129883,2.643014430999756
8574,-20.78490447998047,-20.050443649291992
8575,1.5425442457199097,-7.396407604217529
8576,-7.9170308113098145,-6.0821003913879395
8577,1.682296633720398,-1.451617956161499
8578,13.297563552856445,-2.1180131435394287
8579,3.3884921073913574,-0.17839765548706055
8580,0.4411117136478424,2.3000011444091797
8581,5.4290947914123535,-2.1019628047943115
8582,4.273536205291748,-2.7599945068359375
8583,1.3163419961929321,3.2294278144836426
8584,-15.159186363220215,-4.7664899826049805
8585,-3.137880325317383,5.965192794799805
8586,3.598288059234619,-5.271565914154053
8587,4.758061408996582,-2.4687881469726562
8588,-6.363852500915527,0.6687016487121582
8589,7.020827770233154,-3.080523729324341
8590,9.263504028320312,-0.8236005306243896
8591,3.796100616455078,-4.971883296966553
8592,6.331239700317383,-6.30875301361084
8593,0.3002765476703644,-8.053351402282715
8594,5.195886611938477,-2.0206804275512695
8595,-0.24204380810260773,2.1235384941101074
8596,-12.037185668945312,-4.610325336456299
8597,0.6423470973968506,-1.6848760843276978
8598,-0.8476880192756653,1.916198492050171
8599,-0.7517818808555603,8.655637741088867
8600,-0.2080344706773758,1.4452906847000122
8601,6.219057083129883,-1.7570369243621826
8602,-2.155841112136841,10.07755184173584
8603,-7.329292297363281,-5.319231033325195
8604,1.9005755186080933,-1.5321725606918335
8605,13.049574851989746,-0.35403749346733093
8606,12.31906795501709,4.056264877319336
8607,2.486490249633789,-2.4629743099212646
8608,2.6420161724090576,2.580679178237915
8609,-0.6990645527839661,1.7584483623504639
8610,9.021821022033691,-1.4085373878479004
8611,1.3655140399932861,-4.6232476234436035
8612,0.6457563638687134,3.14605712890625
8613,13.489846229553223,5.979491710662842
8614,-0.5513553023338318,1.6389614343643188
8615,8.381417274475098,-2.2446980476379395
8616,-0.3819168508052826,1.5390288829803467
8617,-0.46809718012809753,0.8159436583518982
8618,8.163043975830078,-0.7396777272224426
8619,3.226886749267578,0.47826483845710754
8620,2.1506094932556152,-1.4726674556732178
8621,-0.5080920457839966,-0.5495579242706299
8622,-10.358744621276855,1.4073809385299683
8623,3.459928512573242,-3.863408088684082
8624,-0.9189088940620422,2.715231418609619
8625,-1.130850076675415,2.772275447845459
8626,2.3184754848480225,-2.6780881881713867
8627,-3.7080740928649902,11.398035049438477
8628,1.0484312772750854,2.7688775062561035
8629,-12.56978702545166,-5.611686706542969
8630,-1.4695478677749634,3.4759812355041504
8631,0.9466651678085327,-6.710678577423096
8632,-11.005753517150879,-7.79990291595459
8633,-0.1552250236272812,-9.189667701721191
8634,1.6664948463439941,-1.4607934951782227
8635,3.0339107513427734,4.531585216522217
8636,6.276402473449707,-0.7233461141586304
8637,-0.4470020532608032,0.8476866483688354
8638,-0.1750713437795639,2.959390640258789
8639,13.459961891174316,7.784635543823242
8640,-3.2315621376037598,5.061388969421387
8641,2.0232791900634766,-2.6453120708465576
8642,8.848755836486816,1.0334255695343018
8643,-0.35091301798820496,1.7024521827697754
8644,11.49634075164795,3.078296661376953
8645,-10.346400260925293,-0.6236543655395508
8646,0.9072935581207275,-3.2896299362182617
8647,-6.170712947845459,2.739902973175049
8648,-2.456820487976074,0.9405502676963806
8649,8.138094902038574,-0.3398772180080414
8650,1.0372880697250366,0.032919444143772125
8651,-11.763575553894043,1.2440568208694458
8652,0.3434193730354309,-0.46327194571495056
8653,2.433594226837158,-2.540315628051758
8654,0.7424300909042358,-0.48747581243515015
8655,-0.28722381591796875,-3.191711902618408
8656,0.9270373582839966,-5.738027095794678
8657,5.682121276855469,12.5097074508667
8658,-2.9819893836975098,5.098447322845459
8659,17.965198516845703,11.775840759277344
8660,-3.6751723289489746,0.7254969477653503
8661,-2.7357239723205566,0.7330684661865234
8662,-0.0011709816753864288,-0.004078127443790436
8663,0.31178948283195496,7.752084255218506
8664,1.8087810277938843,-1.5616298913955688
8665,3.3692214488983154,-6.520090579986572
8666,2.650735378265381,-1.899763584136963
8667,-5.642037868499756,7.302241802215576
8668,-4.508144855499268,0.5951382517814636
8669,8.743443489074707,-2.5998787879943848
8670,0.17520464956760406,-0.8121621608734131
8671,5.771714210510254,-0.8803709745407104
8672,0.6138559579849243,-4.318089008331299
8673,0.6832191944122314,-2.733527898788452
8674,0.24576973915100098,-0.9782791137695312
8675,0.5824730396270752,-1.8495936393737793
8676,1.740269660949707,-6.741945743560791
8677,-1.4451643228530884,10.232211112976074
8678,-4.829876899719238,8.88942813873291
8679,-0.04938710853457451,1.5839027166366577
8680,9.700638771057129,-0.6460959911346436
8681,1.2349504232406616,-3.7358193397521973
8682,-8.589273452758789,-3.722987651824951
8683,-0.3337472379207611,0.940624475479126
8684,-24.30419921875,-19.635910034179688
8685,-8.589615821838379,2.0752193927764893
8686,0.6788114309310913,-3.913492202758789
8687,1.3014494180679321,-0.2216634452342987
8688,1.1558573246002197,-10.408401489257812
8689,-5.040394306182861,10.624189376831055
8690,-5.494060516357422,-1.968505859375
8691,4.085822105407715,-2.454787015914917
8692,1.0440601110458374,1.4195191860198975
8693,-11.076138496398926,0.9890577793121338
8694,1.2466961145401,-4.903231143951416
8695,9.29718017578125,1.0118846893310547
8696,0.3529817759990692,0.22115164995193481
8697,7.31477689743042,-7.33822774887085
8698,8.464152336120605,-3.8541533946990967
8699,-2.1161437034606934,-3.612067937850952
8700,2.596675395965576,3.5500802993774414
8701,1.1674705743789673,-1.3935500383377075
8702,-9.287171363830566,2.949817180633545
8703,0.17880399525165558,2.736821413040161
8704,2.097158432006836,-5.82236909866333
8705,1.0247273445129395,-5.926546573638916
8706,2.1909282207489014,-3.4523093700408936
8707,-4.847534656524658,-3.850499391555786
8708,3.081045627593994,-0.6656171679496765
8709,-0.7928429841995239,1.5883660316467285
8710,-5.1860857009887695,-10.707802772521973
8711,5.284564971923828,-5.367837429046631
8712,1.6710771322250366,4.49030876159668
8713,4.682554244995117,-0.9591885805130005
8714,1.4465795755386353,-3.4061241149902344
8715,-0.8403450846672058,2.488025665283203
8716,13.19511890411377,-2.6688144207000732
8717,-6.148516654968262,-1.3591856956481934
8718,-0.648907482624054,2.090728759765625
8719,-1.3680131435394287,6.384748935699463
8720,6.651376247406006,0.09241517633199692
8721,-16.118406295776367,-2.0262444019317627
8722,-1.3424993753433228,5.511648178100586
8723,4.512460708618164,-2.3541617393493652
8724,11.671223640441895,-4.957838535308838
8725,5.504570960998535,-7.212188243865967
8726,0.21757584810256958,0.1700412929058075
8727,-1.3433417081832886,-2.063782215118408
8728,-4.54610538482666,-2.6638097763061523
8729,10.698163032531738,-5.717838287353516
8730,2.130408763885498,16.315101623535156
8731,9.846274375915527,-1.4284946918487549
8732,-0.33040890097618103,2.6113452911376953
8733,11.908326148986816,16.512475967407227
8734,6.494375705718994,-0.9575636982917786
8735,-6.755460739135742,-6.01406717300415
8736,-5.097199440002441,7.461639404296875
8737,2.3080990314483643,-6.639410018920898
8738,-0.43811556696891785,0.7997812032699585
8739,-0.14330539107322693,1.6054694652557373
8740,0.7745105028152466,0.9079763889312744
8741,5.134897232055664,-5.497677803039551
8742,0.5112334489822388,-2.8684849739074707
8743,5.732936859130859,-7.949791431427002
8744,1.5319364070892334,-0.634294867515564
8745,15.259943962097168,11.068848609924316
8746,4.8677239418029785,-4.553450107574463
8747,12.3052978515625,-2.3132333755493164
8748,16.25750732421875,10.12949275970459
8749,5.554773330688477,-2.66879940032959
8750,11.85183334350586,-0.5835306644439697
8751,0.6592815518379211,2.0953526496887207
8752,-0.23761673271656036,-7.609129428863525
8753,0.13475090265274048,-6.534453868865967
8754,2.4415321350097656,4.062825679779053
8755,-1.3584243059158325,-2.181548595428467
8756,-7.001999855041504,0.5584850311279297
8757,2.568171262741089,2.6814351081848145
8758,3.0838561058044434,-2.0479846000671387
8759,0.2970271408557892,2.3849360942840576
8760,-12.19111156463623,1.6085129976272583
8761,9.121014595031738,-5.289109706878662
8762,-0.2800501585006714,2.2570364475250244
8763,12.762438774108887,-1.3547821044921875
8764,6.714370250701904,-2.077863931655884
8765,-11.419272422790527,1.7011158466339111
8766,-7.03482723236084,-0.37701067328453064
8767,1.459291696548462,-0.3107016384601593
8768,-1.5994844436645508,-1.1034761667251587
8769,-5.013068675994873,-4.239441394805908
8770,-6.3359785079956055,-0.7755708694458008
8771,-0.25138527154922485,2.178257942199707
8772,-2.566814661026001,4.541619777679443
8773,-14.200549125671387,-2.1737546920776367
8774,0.9543824195861816,-2.1575381755828857
8775,-1.9101207256317139,11.106165885925293
8776,-11.152571678161621,-2.5252890586853027
8777,-0.4924252927303314,-0.39088550209999084
8778,0.5729473233222961,-4.142268657684326
8779,-6.951976776123047,2.4977521896362305
8780,10.573949813842773,26.363122940063477
8781,-0.41883930563926697,3.003139019012451
8782,6.786592960357666,-4.653527736663818
8783,-0.28625360131263733,2.726191759109497
8784,-1.8485356569290161,6.371536731719971
8785,0.7732420563697815,-3.60884428024292
8786,7.092053413391113,-0.5070285201072693
8787,-7.103359222412109,10.505995750427246
8788,2.4160256385803223,-4.787937164306641
8789,0.39730104804039,2.308849811553955
8790,-1.2878342866897583,9.8500394821167
8791,13.094679832458496,-0.41615983843803406
8792,6.238584995269775,-7.669119358062744
8793,-7.103821754455566,10.362776756286621
8794,0.16510365903377533,0.2753191292285919
8795,-7.75706148147583,2.0393893718719482
8796,16.763412475585938,9.963689804077148
8797,1.0200695991516113,-9.631579399108887
8798,0.4781210124492645,-0.7176128029823303
8799,-4.655272960662842,-2.7936007976531982
8800,6.982097625732422,-1.0977808237075806
8801,-5.354361534118652,-4.142500400543213
8802,-0.17172771692276,-0.8006760478019714
8803,1.1126848459243774,-5.820850849151611
8804,0.9650946259498596,-1.970253825187683
8805,5.069789886474609,-9.10710620880127
8806,1.4421530961990356,-6.048010349273682
8807,-10.424087524414062,-3.249630928039551
8808,-0.14496402442455292,2.7843620777130127
8809,-0.19671344757080078,1.3951576948165894
8810,0.43478167057037354,-2.042720079421997
8811,6.688902854919434,-1.190811276435852
8812,10.496142387390137,-0.3426705300807953
8813,-6.883269309997559,-5.592324733734131
8814,1.5727630853652954,-1.3100879192352295
8815,-7.510603904724121,-0.9299403429031372
8816,-2.022590398788452,-3.147308349609375
8817,-1.02339768409729,2.492887020111084
8818,-1.4963937997817993,4.548614978790283
8819,-2.180976152420044,3.1824421882629395
8820,-11.470379829406738,4.80238676071167
8821,0.16048072278499603,1.221895694732666
8822,1.3164032697677612,-0.5455487370491028
8823,-8.09720230102539,-2.844909429550171
8824,-9.182276725769043,0.6045467853546143
8825,-5.017828941345215,8.760318756103516
8826,-1.6441001892089844,2.884528398513794
8827,1.5710715055465698,-2.210782051086426
8828,-4.5433173179626465,7.17159366607666
8829,-1.2097101211547852,-0.5523408055305481
8830,-0.1931641846895218,-4.291823863983154
8831,-7.009757041931152,-6.9211106300354
8832,0.533086895942688,-1.3350414037704468
8833,4.8894853591918945,-4.84850549697876
8834,-5.336730480194092,5.525479316711426
8835,7.288631439208984,-3.4275665283203125
8836,3.3608288764953613,-0.8093253374099731
8837,-0.14274483919143677,-6.701182842254639
8838,0.057082924991846085,-8.553106307983398
8839,10.277387619018555,0.2159205973148346
8840,-0.29867443442344666,2.41638445854187
8841,-0.8477295637130737,8.81485366821289
8842,-6.334931373596191,-3.597346305847168
8843,-0.8313269019126892,2.6385955810546875
8844,10.562920570373535,-2.4998619556427
8845,7.4379425048828125,-4.717036724090576
8846,6.637660980224609,-6.990713596343994
8847,1.7883638143539429,-1.767349362373352
8848,-9.830314636230469,-8.332326889038086
8849,-0.37098830938339233,2.657158374786377
8850,-1.922723412513733,3.156890392303467
8851,-9.213412284851074,-14.726431846618652
8852,2.767720937728882,-5.928267955780029
8853,7.2533087730407715,-2.563185691833496
8854,1.9646592140197754,-3.1494598388671875
8855,-16.56476402282715,-19.984954833984375
8856,1.9271447658538818,-3.120704174041748
8857,-8.295872688293457,12.149567604064941
8858,2.9971225261688232,4.334938049316406
8859,7.287315368652344,-1.6041756868362427
8860,-1.563665747642517,4.706130504608154
8861,-3.8712220191955566,-4.723865985870361
8862,-0.5318310260772705,-1.3791158199310303
8863,5.796359539031982,-8.34414005279541
8864,1.8558483123779297,10.519688606262207
8865,0.06193001940846443,1.2502459287643433
8866,1.9741727113723755,-1.847860336303711
8867,3.4012808799743652,7.407442569732666
8868,15.404949188232422,8.451275825500488
8869,-10.69702434539795,-14.818184852600098
8870,2.5325984954833984,-0.8235607743263245
8871,-0.5177531242370605,1.2452850341796875
8872,0.23536436259746552,-3.2629730701446533
8873,-4.163116455078125,9.855568885803223
8874,-0.23538191616535187,-0.313381165266037
8875,9.931645393371582,-2.6388463973999023
8876,0.811181902885437,-0.13257743418216705
8877,7.146945953369141,-1.7666802406311035
8878,0.03543519973754883,-1.551816701889038
8879,-7.555554389953613,-2.9306211471557617
8880,1.9901740550994873,-2.467984437942505
8881,7.865999698638916,-6.214951515197754
8882,5.660952091217041,-6.250007152557373
8883,-1.8995094299316406,3.453085422515869
8884,2.7283737659454346,-8.329572677612305
8885,0.9799111485481262,2.191657781600952
8886,0.18024857342243195,0.14710164070129395
8887,-1.0796343088150024,2.4375667572021484
8888,0.9703605771064758,-3.769709587097168
8889,-8.118851661682129,9.196738243103027
8890,0.43339869379997253,-0.6469122171401978
8891,-5.467308044433594,-0.17664679884910583
8892,-6.029514312744141,-0.03782101720571518
8893,0.7466045618057251,-0.24218395352363586
8894,2.1601686477661133,-1.3110222816467285
8895,-13.307045936584473,9.157988548278809
8896,-11.00562572479248,-4.746535301208496
8897,-2.0160815715789795,9.774202346801758
8898,-7.344810962677002,10.041678428649902
8899,6.174862384796143,-0.9017016887664795
8900,-0.16279898583889008,3.044215202331543
8901,2.494321823120117,-0.24594071507453918
8902,-4.15252685546875,-3.542651653289795
8903,-5.2793378829956055,9.228324890136719
8904,0.5960308909416199,-1.8852448463439941
8905,-3.0414276123046875,-2.8819527626037598
8906,-2.9874777793884277,-4.718680381774902
8907,2.103236675262451,-4.014498233795166
8908,-4.438279151916504,-0.3137415051460266
8909,-0.31745445728302,2.2097103595733643
8910,1.3682090044021606,-0.23825201392173767
8911,6.928907871246338,-1.8183614015579224
8912,0.5127606391906738,-4.6530842781066895
8913,1.6885594129562378,-9.191364288330078
8914,-2.4235010147094727,0.6350985169410706
8915,-5.132649898529053,6.846592426300049
8916,11.828596115112305,-2.1603662967681885
8917,-1.8296133279800415,-2.3833835124969482
8918,8.002673149108887,0.8429093956947327
8919,-8.419663429260254,-3.7608070373535156
8920,0.3251647651195526,-8.662158012390137
8921,-8.204777717590332,1.023990273475647
8922,8.720940589904785,-5.624589443206787
8923,3.391819477081299,-9.360316276550293
8924,-0.23300807178020477,3.010312557220459
8925,-2.9816360473632812,11.155521392822266
8926,-5.036492347717285,-1.176099181175232
8927,11.533496856689453,-3.8297393321990967
8928,11.386015892028809,1.4980010986328125
8929,1.1027309894561768,-0.10865518450737
8930,0.3100767731666565,0.26850971579551697
8931,2.246439218521118,0.1271807849407196
8932,-0.5786119103431702,1.8870265483856201
8933,-1.8583866357803345,-0.19720366597175598
8934,0.17612381279468536,-3.79085111618042
8935,-0.09163995087146759,2.810960292816162
8936,0.7399412989616394,-9.060139656066895
8937,11.764248847961426,-0.5524560213088989
8938,3.72480845451355,1.4900128841400146
8939,-0.17175361514091492,2.122164487838745
8940,7.156003952026367,-2.379575729370117
8941,0.8104599118232727,-0.3569193184375763
8942,-7.684483051300049,-1.36667799949646
8943,10.937102317810059,-5.199954509735107
8944,-1.1296805143356323,1.3168282508850098
8945,4.277469635009766,-3.8445658683776855
8946,1.3868012428283691,-7.752933502197266
8947,-1.9878932237625122,8.441874504089355
8948,-20.076370239257812,-17.17152976989746
8949,7.499967575073242,-1.7795155048370361
8950,-0.25362080335617065,2.1899073123931885
8951,-12.586514472961426,-1.698430061340332
8952,-0.9052293300628662,0.7951198220252991
8953,5.9651384353637695,0.4689185917377472
8954,12.084881782531738,0.5427911281585693
8955,-0.9766274690628052,3.313520908355713
8956,3.5157268047332764,-1.462769627571106
8957,1.5800807476043701,0.29309138655662537
8958,9.161763191223145,-1.7221627235412598
8959,-7.233555316925049,3.4685022830963135
8960,2.2887189388275146,-6.568377494812012
8961,6.357494354248047,-1.5660291910171509
8962,-0.22105632722377777,-0.11885585635900497
8963,-0.15010787546634674,2.8325881958007812
8964,-5.0377421379089355,-4.895094394683838
8965,9.634688377380371,-2.237222194671631
8966,-2.07741379737854,-1.3533520698547363
8967,-0.8091591596603394,-0.9841695427894592
8968,0.9096851348876953,3.222851276397705
8969,0.5762677192687988,-3.6886799335479736
8970,10.454818725585938,-5.36130952835083
8971,7.639052391052246,-5.718867778778076
8972,-9.793441772460938,-6.258723258972168
8973,-0.3169919550418854,2.5728468894958496
8974,0.593050479888916,-0.783816933631897
8975,1.7663636207580566,-8.139161109924316
8976,2.182814598083496,-0.19596260786056519
8977,-3.011715888977051,1.7321834564208984
8978,-5.5953168869018555,0.20870724320411682
8979,0.4717503488063812,0.8320485353469849
8980,-0.7623615860939026,1.8053337335586548
8981,3.831256151199341,0.22080636024475098
8982,-0.063998743891716,2.535989284515381
8983,10.065678596496582,0.8573635220527649
8984,4.317560195922852,-2.486165761947632
8985,0.22522255778312683,-1.0321400165557861
8986,-2.3256888389587402,4.326695919036865
8987,15.502249717712402,8.34205150604248
8988,-8.388066291809082,5.246540069580078
8989,-7.834185600280762,5.394981861114502
8990,8.257356643676758,-1.531991958618164
8991,2.140878915786743,-3.3285937309265137
8992,-8.184874534606934,-2.9694299697875977
8993,0.6371123790740967,-4.290989398956299
8994,1.2557464838027954,0.882774829864502
8995,0.36357083916664124,0.123511902987957
8996,-0.30056098103523254,2.4026288986206055
8997,-0.26707807183265686,0.2598380148410797
8998,4.943998336791992,5.112886428833008
8999,-5.825913429260254,-6.486852645874023
9000,-0.5145006775856018,-4.026472091674805
9001,10.94037914276123,3.5585179328918457
9002,-4.176429748535156,5.718754768371582
9003,0.05553092435002327,2.722029209136963
9004,-2.2024002075195312,4.930211544036865
9005,-6.816125869750977,8.393749237060547
9006,-2.5700764656066895,-6.765100002288818
9007,-6.550188064575195,-1.3760989904403687
9008,-2.6666054725646973,-1.3637968301773071
9009,13.19869613647461,-0.48711535334587097
9010,-3.46726131439209,6.6197381019592285
9011,-0.7097417116165161,1.4559822082519531
9012,2.713702440261841,-6.732415676116943
9013,-0.04367959126830101,-2.7954938411712646
9014,-4.168784141540527,-1.533815622329712
9015,0.7471052408218384,-9.517626762390137
9016,3.024636745452881,3.219148635864258
9017,-0.19005773961544037,2.60642147064209
9018,1.8180382251739502,-8.400086402893066
9019,-6.37585973739624,2.2226004600524902
9020,0.45183518528938293,2.6626529693603516
9021,2.5610849857330322,-2.3438005447387695
9022,-5.830888748168945,-4.554007053375244
9023,-5.7171630859375,-3.473837375640869
9024,2.695281744003296,2.0508618354797363
9025,1.6799954175949097,-1.3947877883911133
9026,9.058751106262207,-2.409536361694336
9027,10.167941093444824,13.111878395080566
9028,11.353825569152832,-0.9673919677734375
9029,-0.2613559365272522,2.077157735824585
9030,-1.5650638341903687,1.3457527160644531
9031,-6.246922492980957,-2.8858273029327393
9032,4.796470642089844,-5.049620151519775
9033,-5.251797199249268,2.0159640312194824
9034,2.254943609237671,-7.019844055175781
9035,6.255805015563965,-4.452571868896484
9036,12.659092903137207,-2.553964853286743
9037,0.053900353610515594,-0.060353703796863556
9038,4.123530387878418,-4.554718971252441
9039,-15.463458061218262,-6.493448734283447
9040,0.2491912841796875,-0.39895352721214294
9041,-0.7305356860160828,1.9671926498413086
9042,-2.9585914611816406,12.906582832336426
9043,-16.218517303466797,-19.350439071655273
9044,1.6959880590438843,4.094841480255127
9045,1.6805144548416138,-3.8793303966522217
9046,1.9561599493026733,-4.791654586791992
9047,-2.2679333686828613,2.4308021068573
9048,-0.21603398025035858,2.5493111610412598
9049,-0.07564146816730499,0.017538271844387054
9050,0.14199025928974152,-0.6451288461685181
9051,11.626843452453613,6.208489894866943
9052,-0.28664878010749817,2.745759963989258
9053,-0.29746297001838684,2.357962131500244
9054,0.08046218752861023,-2.5985262393951416
9055,1.6694151163101196,-4.5437164306640625
9056,11.67545223236084,-2.684781074523926
9057,-4.153453350067139,0.45224735140800476
9058,-12.418864250183105,-1.4961135387420654
9059,8.702536582946777,-1.6674302816390991
9060,-7.006686210632324,-0.2509959936141968
9061,3.65126371383667,-0.42703673243522644
9062,-0.4283495247364044,0.9997880458831787
9063,12.856608390808105,-1.5985050201416016
9064,0.7762369513511658,-4.137300491333008
9065,1.4626954793930054,-0.5790416598320007
9066,-0.10466150939464569,2.686985969543457
9067,-4.4250874519348145,-9.548584938049316
9068,0.09020033478736877,-0.5604804754257202
9069,-3.4340546131134033,-1.0326220989227295
9070,-0.7085480690002441,1.3950252532958984
9071,3.877875804901123,9.631272315979004
9072,10.938361167907715,2.2536134719848633
9073,-5.584499835968018,-1.1139158010482788
9074,7.345415115356445,-4.4963297843933105
9075,-0.3176835775375366,1.7743184566497803
9076,1.8837610483169556,2.2092790603637695
9077,-5.528475761413574,-7.382504940032959
9078,6.41655158996582,-0.9205136299133301
9079,-5.8419599533081055,-0.3391399085521698
9080,7.856914520263672,-5.558018207550049
9081,-0.7126979827880859,0.0912930890917778
9082,2.304718017578125,-4.003127098083496
9083,-1.9464809894561768,4.327099800109863
9084,-5.791240692138672,5.900280475616455
9085,-6.742491722106934,8.351276397705078
9086,10.920662879943848,1.7714098691940308
9087,-4.184213161468506,7.673466682434082
9088,5.6994524002075195,-8.350059509277344
9089,-0.47843137383461,1.7794358730316162
9090,2.0555648803710938,-8.685839653015137
9091,0.6912128329277039,-0.6655011177062988
9092,1.1185503005981445,-1.6306672096252441
9093,1.7234289646148682,14.30321216583252
9094,-1.4844341278076172,4.987396717071533
9095,-8.024354934692383,0.9166339039802551
9096,6.959488391876221,14.43517017364502
9097,1.9609695672988892,-0.29713138937950134
9098,2.155491352081299,-3.3447625637054443
9099,2.0944623947143555,-10.148659706115723
9100,-0.0982731282711029,-0.47873350977897644
9101,-1.6457117795944214,-4.420561790466309
9102,0.4305433928966522,2.840421676635742
9103,14.322108268737793,4.727440357208252
9104,0.5643476247787476,13.889809608459473
9105,-0.26994648575782776,1.7680144309997559
9106,-9.429512977600098,-7.692476749420166
9107,7.681358337402344,-5.80859899520874
9108,10.00296688079834,-0.11551890522241592
9109,6.245245933532715,-3.0522851943969727
9110,-21.057830810546875,-18.80305290222168
9111,3.1953654289245605,-3.614548444747925
9112,-1.0694957971572876,-0.6831486821174622
9113,-2.4765985012054443,4.080284118652344
9114,10.088800430297852,5.230285167694092
9115,0.46634402871131897,-8.041450500488281
9116,-0.43311476707458496,0.6005498766899109
9117,4.435695648193359,-8.204113960266113
9118,-0.17962606251239777,2.193497896194458
9119,-2.3582398891448975,11.41487979888916
9120,2.7088794708251953,0.1282992660999298
9121,-15.203593254089355,-16.15582847595215
9122,9.644078254699707,1.3275420665740967
9123,-2.9602842330932617,4.083448886871338
9124,1.2592531442642212,1.646162986755371
9125,-0.15014733374118805,-0.983661413192749
9126,1.1386809349060059,-3.0854012966156006
9127,2.5636723041534424,-5.562718868255615
9128,-9.35844612121582,-6.816235065460205
9129,13.012158393859863,-2.178119659423828
9130,8.945013999938965,-2.141934871673584
9131,10.05394458770752,-0.17904159426689148
9132,-6.773679733276367,2.069066047668457
9133,0.8442398309707642,-3.1318089962005615
9134,-0.33383145928382874,0.02820209413766861
9135,1.6557344198226929,-4.175276756286621
9136,-2.3898727893829346,9.599225044250488
9137,2.0781497955322266,-4.007728576660156
9138,14.44177532196045,9.032073020935059
9139,-6.7225141525268555,-0.4740835130214691
9140,5.4787278175354,-0.21082442998886108
9141,-10.592940330505371,-7.789648532867432
9142,-4.071934223175049,0.6420658826828003
9143,7.650538921356201,-2.836130380630493
9144,7.978941440582275,7.112386703491211
9145,14.815838813781738,7.5860819816589355
9146,-9.825501441955566,-6.597540378570557
9147,-0.26726606488227844,2.1948347091674805
9148,-11.356425285339355,-1.8226616382598877
9149,1.7244967222213745,-1.3173401355743408
9150,-4.07179069519043,-4.4319634437561035
9151,-0.3640528619289398,2.514698028564453
9152,0.23427514731884003,1.1592512130737305
9153,-0.805392324924469,1.8337714672088623
9154,-2.8230323791503906,2.1782779693603516
9155,-2.9815611839294434,-7.723170757293701
9156,0.9673836827278137,-8.37802505493164
9157,-0.5161457657814026,-2.0011675357818604
9158,13.010972023010254,5.825543403625488
9159,2.7563893795013428,-0.9701143503189087
9160,0.9308853149414062,-1.7166253328323364
9161,-5.802114963531494,9.079585075378418
9162,9.08198070526123,0.7426623106002808
9163,2.1065425872802734,2.287416696548462
9164,-1.203107476234436,5.619592189788818
9165,10.175655364990234,-1.8104887008666992
9166,-0.5784571170806885,12.790200233459473
9167,-1.4558801651000977,9.09358024597168
9168,8.79018783569336,0.5839663743972778
9169,0.2771872282028198,1.7932746410369873
9170,6.934093952178955,-1.3046820163726807
9171,1.5456408262252808,-1.6212430000305176
9172,-4.918517112731934,-8.579069137573242
9173,-0.12669317424297333,-1.6948940753936768
9174,2.2441353797912598,2.4330718517303467
9175,-7.288974761962891,-0.0033180788159370422
9176,8.021878242492676,-5.6611247062683105
9177,1.7733147144317627,-4.559108257293701
9178,2.5715885162353516,-3.808241844177246
9179,-0.8099296689033508,6.884134769439697
9180,13.177937507629395,0.2679758369922638
9181,2.201117515563965,-8.118794441223145
9182,-0.16684533655643463,2.111063003540039
9183,1.433164119720459,9.636368751525879
9184,-13.759055137634277,-0.5239130258560181
9185,1.56572425365448,1.3597111701965332
9186,-2.6699345111846924,-1.0563633441925049
9187,3.0088658332824707,-2.14190673828125
9188,-5.493250370025635,1.1239135265350342
9189,1.974105715751648,-3.293227434158325
9190,6.3688812255859375,-2.1481878757476807
9191,-1.3960574865341187,2.8615081310272217
9192,2.0497045516967773,3.498703956604004
9193,0.5813443660736084,6.987156391143799
9194,-0.22464199364185333,0.7173659801483154
9195,1.6371264457702637,-2.13000226020813
9196,-0.352466344833374,1.137022852897644
9197,-5.643360614776611,-3.384984254837036
9198,3.622954845428467,-0.9688679575920105
9199,-3.6267447471618652,-1.9956345558166504
9200,-9.240752220153809,-2.1881768703460693
9201,-0.04373614117503166,3.018054723739624
9202,14.038886070251465,-1.5223158597946167
9203,14.525485038757324,9.625786781311035
9204,8.924897193908691,-2.416405200958252
9205,5.512950897216797,-0.27336353063583374
9206,0.5181034803390503,-5.483053207397461
9207,-3.6905462741851807,7.177043914794922
9208,-6.383543014526367,0.3743002414703369
9209,-0.23806028068065643,-0.4852851629257202
9210,7.586318016052246,-6.062411308288574
9211,10.53051471710205,0.5705243349075317
9212,3.017737865447998,-8.047707557678223
9213,0.9715378880500793,3.6609199047088623
9214,-7.7280426025390625,-0.6841325759887695
9215,0.265780508518219,1.7644004821777344
9216,-5.555747985839844,0.9409445524215698
9217,6.238733291625977,-3.564924716949463
9218,-4.945568561553955,-3.5564615726470947
9219,-0.6214910745620728,8.769341468811035
9220,-2.6368675231933594,-6.156370639801025
9221,16.809478759765625,11.73099422454834
9222,11.2918119430542,1.0874783992767334
9223,-3.7882320880889893,1.1080951690673828
9224,0.5827852487564087,-0.9414584636688232
9225,0.12552510201931,9.492659568786621
9226,-0.48603424429893494,6.787621021270752
9227,1.7328710556030273,-2.5033445358276367
9228,-7.41877555847168,8.430413246154785
9229,2.8485913276672363,-3.363008737564087
9230,-6.4156880378723145,-2.623920202255249
9231,6.843512535095215,-2.248528003692627
9232,-10.306360244750977,2.915478229522705
9233,14.28914737701416,-3.6929783821105957
9234,-0.21314077079296112,0.8936169147491455
9235,14.146031379699707,7.096538066864014
9236,9.25330638885498,-2.495124340057373
9237,1.8100512027740479,-1.3027055263519287
9238,1.7933615446090698,-2.7610483169555664
9239,6.989473342895508,-1.5734024047851562
9240,4.601349830627441,15.147639274597168
9241,-3.624203681945801,6.476354598999023
9242,-10.41896915435791,3.352630615234375
9243,13.712491989135742,-0.109815813601017
9244,-2.992462158203125,5.181255340576172
9245,0.6107379794120789,-0.8798073530197144
9246,12.3155517578125,5.518312931060791
9247,2.530425548553467,-4.78519868850708
9248,14.479033470153809,-3.937145233154297
9249,-5.157559871673584,-3.1835787296295166
9250,11.37328052520752,-2.791599988937378
9251,-0.4073820412158966,2.3559770584106445
9252,1.5767123699188232,-5.070212364196777
9253,0.8054644465446472,-4.103734016418457
9254,0.47890985012054443,2.7339909076690674
9255,0.018489409238100052,-3.078946352005005
9256,1.8753145933151245,-1.615788459777832
9257,1.4275203943252563,-1.4682148694992065
9258,10.704989433288574,-0.046483851969242096
9259,-0.20475733280181885,3.317768096923828
9260,-0.212459996342659,2.511533498764038
9261,-5.081854820251465,-2.7387757301330566
9262,3.545172929763794,2.723330497741699
9263,0.8286703824996948,0.4890314042568207
9264,0.0075685568153858185,2.1534886360168457
9265,-0.02114952728152275,-0.1295149326324463
9266,-5.557724952697754,1.0349762439727783
9267,4.228298187255859,-3.0317039489746094
9268,0.04655419662594795,1.5887407064437866
9269,2.1144802570343018,-4.118957996368408
9270,-6.898818492889404,-3.9235174655914307
9271,-4.3854546546936035,-4.005015850067139
9272,1.420475721359253,-3.2195487022399902
9273,0.6864649057388306,0.41805413365364075
9274,-0.36192500591278076,2.2536282539367676
9275,0.026786524802446365,2.320058822631836
9276,0.6682578921318054,-7.60483980178833
9277,0.9889277815818787,-8.267154693603516
9278,3.6398987770080566,14.458001136779785
9279,0.5523214936256409,-2.257009506225586
9280,-1.4773180484771729,0.9839224815368652
9281,0.0872814953327179,0.2350122034549713
9282,1.0378904342651367,-1.7897881269454956
9283,-0.17754831910133362,-1.543571949005127
9284,-0.3011305332183838,1.5403800010681152
9285,-1.3055363893508911,3.2257864475250244
9286,9.488986015319824,-1.665208339691162
9287,-0.10956300795078278,0.4749821126461029
9288,1.31778085231781,-9.250992774963379
9289,-1.9603205919265747,2.297822952270508
9290,0.7381738424301147,-6.350157260894775
9291,6.193215370178223,1.0134450197219849
9292,-0.7173678874969482,0.8735595941543579
9293,13.405081748962402,-4.239226818084717
9294,-8.427871704101562,-2.644136667251587
9295,-3.0883536338806152,4.881967067718506
9296,1.9182502031326294,16.1855525970459
9297,0.07280458509922028,0.9148504734039307
9298,6.8704047203063965,0.6205900311470032
9299,4.638612747192383,-3.4861063957214355
9300,1.7284187078475952,-3.0861239433288574
9301,-0.7183160781860352,1.9316085577011108
9302,2.347266912460327,-5.345950126647949
9303,2.025067090988159,4.3293633460998535
9304,-14.071261405944824,-14.031279563903809
9305,12.367033958435059,4.601639747619629
9306,10.442753791809082,0.7980525493621826
9307,-3.448822021484375,4.976379871368408
9308,11.692327499389648,-1.759488821029663
9309,-4.413058757781982,-4.3910298347473145
9310,0.3316843807697296,-5.213404178619385
9311,-0.36111852526664734,2.6079816818237305
9312,1.4716321229934692,-1.7271538972854614
9313,-0.4080461859703064,0.946537971496582
9314,10.644579887390137,-0.3838737905025482
9315,-6.566719055175781,7.563342094421387
9316,-3.10520601272583,1.654114842414856
9317,0.5712020397186279,-3.3753228187561035
9318,-6.622671127319336,1.311607837677002
9319,8.541919708251953,-0.002495981752872467
9320,-4.203267574310303,5.178482532501221
9321,-0.5270516276359558,-0.6592897176742554
9322,5.407505035400391,6.574802875518799
9323,-10.775708198547363,-1.1527774333953857
9324,1.5288052558898926,-3.696542263031006
9325,2.0014703273773193,-3.2109017372131348
9326,1.6099963188171387,-1.506029486656189
9327,-0.23498152196407318,-9.593546867370605
9328,-0.9057854413986206,-0.4151129722595215
9329,7.758025169372559,-1.006525993347168
9330,2.67853045463562,1.7644531726837158
9331,0.26445746421813965,-3.157655954360962
9332,0.5772683024406433,2.4381837844848633
9333,0.3333759605884552,1.9967007637023926
9334,-0.31664779782295227,2.6664698123931885
9335,-0.405840665102005,-0.29529258608818054
9336,-5.799587249755859,-5.112573146820068
9337,-3.4089207649230957,-2.8426904678344727
9338,-0.0872483104467392,-0.04844946414232254
9339,0.8621355891227722,-1.858904242515564
9340,-10.056578636169434,-7.032821178436279
9341,-12.683150291442871,-2.397167205810547
9342,-0.3220146894454956,3.202536106109619
9343,1.5058380365371704,1.4050183296203613
9344,4.854429244995117,-2.510005474090576
9345,-2.7813360691070557,-4.120154857635498
9346,2.6131131649017334,-1.6911671161651611
9347,-11.07442569732666,0.986435055732727
9348,-0.11539331078529358,-0.11148854345083237
9349,5.843710422515869,-1.1902782917022705
9350,-0.25062093138694763,2.03905987739563
9351,8.8922700881958,-2.161261558532715
9352,-6.007792949676514,0.2580609917640686
9353,2.3769569396972656,3.1290411949157715
9354,6.374351501464844,-1.1524044275283813
9355,2.046334981918335,-6.482173442840576
9356,-5.895557880401611,-12.131913185119629
9357,0.04755178466439247,2.95314884185791
9358,0.5244631171226501,0.45084166526794434
9359,-4.846391677856445,-0.5323649644851685
9360,-0.21201302111148834,-2.718947410583496
9361,-7.431884765625,-0.23066085577011108
9362,1.5053588151931763,-8.784398078918457
9363,-3.9886398315429688,6.304049968719482
9364,19.388042449951172,18.894193649291992
9365,0.9848431944847107,-0.02009543403983116
9366,-7.984198570251465,-7.243546009063721
9367,0.6661472916603088,-0.5551993250846863
9368,1.1357427835464478,-0.7598925232887268
9369,5.358129501342773,-4.626253604888916
9370,-6.251082420349121,-2.106360912322998
9371,-6.1518425941467285,-1.773327350616455
9372,6.993036270141602,-0.21022114157676697
9373,0.9022693037986755,-0.5811843872070312
9374,1.8059407472610474,-1.7451385259628296
9375,2.623837471008301,-9.919292449951172
9376,1.2090593576431274,1.39359450340271
9377,-12.968722343444824,-4.937541961669922
9378,8.696170806884766,-0.9321989417076111
9379,7.097492218017578,0.18542924523353577
9380,1.7673386335372925,-4.60564661026001
9381,-0.5763311386108398,-1.3671214580535889
9382,1.6809617280960083,1.0853053331375122
9383,-7.812156677246094,-3.9102227687835693
9384,13.561868667602539,-2.668311834335327
9385,12.381319999694824,-0.25783106684684753
9386,-5.535109043121338,-2.185206174850464
9387,-10.433396339416504,2.989128589630127
9388,-0.8081908822059631,2.779130458831787
9389,7.208836078643799,-5.332027912139893
9390,12.235430717468262,5.638575077056885
9391,0.31181827187538147,1.9869232177734375
9392,7.185550689697266,-6.899761199951172
9393,13.615671157836914,-2.2034778594970703
9394,1.733208417892456,3.170297622680664
9395,-0.21536137163639069,6.291567325592041
9396,-8.252047538757324,-3.7193634510040283
9397,1.340063214302063,-3.448087692260742
9398,-2.4347727298736572,12.67263126373291
9399,6.018071174621582,-1.245611310005188
9400,0.4170055091381073,0.8327078819274902
9401,-7.809471130371094,-2.897634506225586
9402,0.1921154409646988,-0.29167482256889343
9403,-3.2593436241149902,-2.9115755558013916
9404,-3.7209339141845703,5.555873394012451
9405,9.400404930114746,0.12783440947532654
9406,-3.226308822631836,7.2626214027404785
9407,10.601217269897461,0.39279261231422424
9408,7.261977195739746,-2.305488109588623
9409,-5.063897609710693,5.064631938934326
9410,-2.0610344409942627,-3.201280355453491
9411,13.702873229980469,-0.7595839500427246
9412,-6.291280746459961,-2.1225578784942627
9413,10.488385200500488,14.789400100708008
9414,-4.77916955947876,-1.3407320976257324
9415,-13.538044929504395,-0.5587881803512573
9416,-4.853988170623779,-1.327103614807129
9417,3.322265625,0.5963900089263916
9418,-11.232563018798828,-1.6461268663406372
9419,-0.2553747296333313,2.6869711875915527
9420,0.10244189202785492,1.635884404182434
9421,3.637852907180786,-7.1480021476745605
9422,2.1644182205200195,-3.15445613861084
9423,3.6135599613189697,-5.064972400665283
9424,0.5306424498558044,1.9334239959716797
9425,0.06316171586513519,1.9782171249389648
9426,-5.439404487609863,2.760256290435791
9427,-0.5356040596961975,0.08188184350728989
9428,12.381647109985352,-1.23442804813385
9429,-5.832864284515381,5.430428981781006
9430,-0.2545682191848755,-3.9782304763793945
9431,10.69732666015625,1.8348851203918457
9432,1.6073940992355347,-1.4932141304016113
9433,-0.1673070341348648,3.006800889968872
9434,3.8180203437805176,-3.2302420139312744
9435,1.5153363943099976,0.25366613268852234
9436,1.4323428869247437,-7.016942977905273
9437,4.755119323730469,-8.827292442321777
9438,3.245577096939087,0.5129693150520325
9439,12.15125560760498,-1.5796571969985962
9440,2.182034492492676,21.13093376159668
9441,-7.602164268493652,-1.039002537727356
9442,-9.927180290222168,-1.0218948125839233
9443,-14.642119407653809,-17.843259811401367
9444,-1.0487542152404785,1.6025549173355103
9445,5.266291618347168,-7.838770866394043
9446,13.813344955444336,5.340542316436768
9447,2.018188714981079,-1.3742237091064453
9448,1.614880084991455,-1.4844220876693726
9449,-4.475005626678467,9.78889274597168
9450,6.488177299499512,2.5481786727905273
9451,6.487597465515137,-0.42652323842048645
9452,7.508785247802734,-5.942022800445557
9453,1.8237911462783813,-1.5702946186065674
9454,1.0963913202285767,-3.496058702468872
9455,-12.718523979187012,-1.6979612112045288
9456,-1.0359752178192139,0.7722918391227722
9457,-5.302434921264648,1.1509158611297607
9458,-0.9677455425262451,7.748462200164795
9459,-0.3483964502811432,2.4970874786376953
9460,-0.24611811339855194,0.8770900964736938
9461,-3.3119029998779297,-1.3875577449798584
9462,8.013522148132324,-5.13311767578125
9463,-7.537514686584473,10.83017635345459
9464,-0.2546835243701935,2.1087429523468018
9465,-0.3466455638408661,-0.4329718053340912
9466,-9.188475608825684,5.6145758628845215
9467,-6.739062786102295,7.859142780303955
9468,14.535796165466309,8.802008628845215
9469,0.3686956763267517,1.218580722808838
9470,-3.979897975921631,7.2012715339660645
9471,2.782961368560791,-2.7659006118774414
9472,7.570215225219727,-0.9409927129745483
9473,-0.3658581078052521,1.8831255435943604
9474,16.922040939331055,10.66169261932373
9475,-9.114625930786133,-8.391542434692383
9476,-9.86529541015625,-4.201548099517822
9477,-0.010856926441192627,0.0782151147723198
9478,-0.8729259967803955,-5.028687000274658
9479,-3.0529980659484863,-3.2376413345336914
9480,4.353313446044922,-7.073746204376221
9481,2.7681033611297607,3.2795746326446533
9482,-6.328629016876221,-11.163397789001465
9483,0.7961224317550659,-7.7647576332092285
9484,-8.30616283416748,-5.888492107391357
9485,-4.807111740112305,-4.3621439933776855
9486,-21.557109832763672,-20.67514419555664
9487,0.35945364832878113,-0.5164278149604797
9488,-1.281083345413208,8.213507652282715
9489,-0.31685343384742737,1.3736436367034912
9490,7.436600685119629,-5.232592582702637
9491,-11.03833293914795,-0.8537781834602356
9492,-0.0784098207950592,-2.4868619441986084
9493,-0.8920533061027527,0.43903300166130066
9494,1.845147967338562,-2.9163639545440674
9495,10.181145668029785,-1.2558817863464355
9496,-0.5981221199035645,-6.057520866394043
9497,11.476767539978027,-1.2196394205093384
9498,-4.357027053833008,7.411019802093506
9499,0.1445009708404541,2.327791690826416
9500,0.04067005589604378,-1.9372209310531616
9501,6.001203536987305,-6.870509624481201
9502,1.142696738243103,1.5009697675704956
9503,-2.249293088912964,2.8358545303344727
9504,0.619825541973114,1.8028416633605957
9505,-7.363682746887207,4.396017074584961
9506,-2.196162223815918,3.0740973949432373
9507,0.0424809493124485,-2.7239937782287598
9508,-0.9892629384994507,-0.791246235370636
9509,7.211878776550293,-0.9543857574462891
9510,1.2551385164260864,-7.775991916656494
9511,-4.8342766761779785,4.663739204406738
9512,-8.441901206970215,-2.958516836166382
9513,-9.426265716552734,2.7991864681243896
9514,-2.028747081756592,11.175980567932129
9515,-5.575152397155762,-2.109691619873047
9516,-0.2027277648448944,2.122532606124878
9517,-11.746644020080566,-5.355778217315674
9518,0.7813531160354614,1.9738194942474365
9519,4.788745403289795,-7.354742527008057
9520,6.731310844421387,-2.3725154399871826
9521,0.8354976773262024,-6.748741626739502
9522,-0.30911779403686523,2.822065591812134
9523,2.370184898376465,-4.322575569152832
9524,2.469339370727539,2.875828504562378
9525,3.016057252883911,-2.155242919921875
9526,12.383087158203125,4.536841869354248
9527,0.6589714288711548,-0.055683575570583344
9528,3.517010450363159,-0.7151262760162354
9529,-0.7744637131690979,2.1555185317993164
9530,3.195403575897217,-2.757589101791382
9531,1.3792859315872192,-3.7322254180908203
9532,1.4971808195114136,-1.4404761791229248
9533,12.469244956970215,-3.062947988510132
9534,2.2030909061431885,-2.739856243133545
9535,-3.4472532272338867,4.452024936676025
9536,-3.583059549331665,4.282461166381836
9537,1.0072335004806519,0.2642604112625122
9538,-5.657461166381836,9.117087364196777
9539,4.931327819824219,-2.1861207485198975
9540,6.618009090423584,-0.36118176579475403
9541,-1.1587409973144531,10.526946067810059
9542,0.07795889675617218,0.8123834729194641
9543,12.936055183410645,0.1887458860874176
9544,0.9923357963562012,-1.4447650909423828
9545,10.93343448638916,1.0885100364685059
9546,7.050093650817871,-3.8127198219299316
9547,1.3366512060165405,3.8613686561584473
9548,6.563860893249512,-1.7490125894546509
9549,0.40005311369895935,-1.2418663501739502
9550,1.1265665292739868,-2.306436061859131
9551,-6.310712814331055,6.935695171356201
9552,-10.96960163116455,-3.7833497524261475
9553,4.422226428985596,-2.1637797355651855
9554,1.4034134149551392,-6.682668209075928
9555,2.256592035293579,-1.0912690162658691
9556,0.8827941417694092,1.3323626518249512
9557,-2.9910905361175537,3.393179416656494
9558,-6.011655330657959,-1.935226321220398
9559,-1.2942062616348267,-1.0733107328414917
9560,-1.4985171556472778,2.6266140937805176
9561,-1.647023320198059,3.29634952545166
9562,-8.142485618591309,-0.784524142742157
9563,5.804655075073242,-0.6592135429382324
9564,0.6571459770202637,2.867276191711426
9565,-0.0066334567964077,0.0804307833313942
9566,-6.4891676902771,8.72270679473877
9567,-0.3905618488788605,-0.7720023393630981
9568,-10.559696197509766,-1.2937233448028564
9569,7.422043800354004,-0.5765846371650696
9570,-4.486367106437683e-05,1.0528583526611328
9571,4.911476135253906,-8.178257942199707
9572,3.8862361907958984,-0.5807867646217346
9573,-0.2838648855686188,0.9344205856323242
9574,-4.591179370880127,-4.329787731170654
9575,-0.9364422559738159,-2.1340088844299316
9576,1.7626211643218994,-5.264943599700928
9577,7.729734420776367,-6.023304462432861
9578,-0.16791053116321564,0.9473522305488586
9579,-4.372079849243164,4.85507345199585
9580,2.4389543533325195,-4.3964619636535645
9581,3.9145336151123047,-2.8793082237243652
9582,-11.138649940490723,-5.520579814910889
9583,1.4407179355621338,-0.5862512588500977
9584,5.706153869628906,21.195783615112305
9585,-4.817904472351074,-5.125577926635742
9586,-8.62123966217041,-5.837762355804443
9587,-2.638733148574829,0.6849614381790161
9588,0.14057153463363647,-1.4147541522979736
9589,-7.852633476257324,-0.6548217535018921
9590,2.160933017730713,-3.155330181121826
9591,-2.792884588241577,-0.01423596404492855
9592,-10.434243202209473,-3.2531042098999023
9593,-8.314623832702637,-3.0654914379119873
9594,-5.11682653427124,8.959990501403809
9595,9.109085083007812,-5.479918956756592
9596,6.564616680145264,-1.5675421953201294
9597,3.5718026161193848,-2.9532039165496826
9598,-6.409876823425293,-0.48390159010887146
9599,1.7024751901626587,0.049039632081985474
9600,-10.090802192687988,-3.775205135345459
9601,-1.7791666984558105,9.362320899963379
9602,6.8403778076171875,-2.6134033203125
9603,-0.21751268208026886,1.9703714847564697
9604,1.4281914234161377,-1.3030970096588135
9605,-0.8181817531585693,0.8925157785415649
9606,-9.757994651794434,-4.467822551727295
9607,-0.37491846084594727,1.0064477920532227
9608,-0.2347550243139267,1.2887775897979736
9609,1.6314586400985718,-7.3134026527404785
9610,-4.267026901245117,4.896070957183838
9611,-12.188746452331543,-4.902655124664307
9612,-0.385704904794693,10.5464448928833
9613,13.34883975982666,7.240174293518066
9614,0.15058784186840057,1.9483749866485596
9615,6.552796363830566,-6.205499172210693
9616,-6.451511383056641,7.289759159088135
9617,-12.703581809997559,-1.7435158491134644
9618,-1.636383295059204,5.196238994598389
9619,10.389017105102539,-1.9624288082122803
9620,7.498498439788818,-6.062084197998047
9621,2.5156660079956055,-2.8209469318389893
9622,-3.368772506713867,2.610663890838623
9623,1.1276425123214722,3.024757146835327
9624,-1.8868346214294434,-4.880707263946533
9625,7.320103645324707,11.55322551727295
9626,-7.889408111572266,-3.541318893432617
9627,-0.32053980231285095,-1.7951384782791138
9628,1.421661376953125,-7.446156024932861
9629,-1.2836521863937378,1.7725718021392822
9630,2.798959732055664,-5.589663982391357
9631,-0.39566272497177124,2.318049907684326
9632,1.952237606048584,-3.0356874465942383
9633,-2.1938624382019043,2.9929463863372803
9634,1.301013469696045,-3.483489990234375
9635,-0.40453729033470154,2.0932226181030273
9636,5.4059672355651855,12.684043884277344
9637,-2.251458168029785,4.665832042694092
9638,0.83237624168396,-1.8336515426635742
9639,-7.115286827087402,-1.8655049800872803
9640,11.663182258605957,0.3209691345691681
9641,3.9846692085266113,-3.246581554412842
9642,-8.861028671264648,-3.734970808029175
9643,2.510178565979004,-5.831236362457275
9644,1.1130379438400269,-0.27178719639778137
9645,0.6234320402145386,-3.6345314979553223
9646,1.4788943529129028,4.185665607452393
9647,-8.712010383605957,6.647459983825684
9648,-0.022602539509534836,-2.953702211380005
9649,11.340113639831543,0.1419225037097931
9650,6.272438049316406,-1.5096709728240967
9651,1.8078221082687378,-4.008122444152832
9652,-0.8164503574371338,1.389106273651123
9653,8.116089820861816,-1.4639766216278076
9654,-10.45198917388916,-4.792308807373047
9655,-3.3384039402008057,6.609899044036865
9656,1.8373924493789673,-0.9106971025466919
9657,14.396988868713379,8.417099952697754
9658,-6.871496200561523,0.7516696453094482
9659,10.114407539367676,1.037758469581604
9660,9.275381088256836,-4.903671741485596
9661,-1.5128602981567383,6.404599666595459
9662,5.523932456970215,10.79932689666748
9663,-5.953041076660156,-2.4021384716033936
9664,8.359338760375977,-0.8614092469215393
9665,-7.861092567443848,-0.20033720135688782
9666,6.218438148498535,-0.04484958201646805
9667,-7.143468856811523,1.0039769411087036
9668,-10.193446159362793,6.511231422424316
9669,10.159595489501953,-0.20258554816246033
9670,-6.723128795623779,0.3888747990131378
9671,-4.161208629608154,1.5813521146774292
9672,8.345602035522461,0.5825896859169006
9673,-1.2124897241592407,4.3675456047058105
9674,-0.35990846157073975,2.2147717475891113
9675,5.682661056518555,-3.120642900466919
9676,11.297456741333008,-1.2112653255462646
9677,1.0405422449111938,-0.0695665031671524
9678,6.1507673263549805,-1.4087316989898682
9679,0.6734035015106201,-6.025864124298096
9680,-9.854253768920898,-9.424643516540527
9681,15.692749977111816,11.019220352172852
9682,15.868119239807129,10.022316932678223
9683,-2.168527364730835,10.661853790283203
9684,1.9109667539596558,-3.4957327842712402
9685,0.6357544660568237,-0.12742534279823303
9686,13.481369972229004,-1.744182825088501
9687,2.544267416000366,-9.42454719543457
9688,-8.218682289123535,-2.080808162689209
9689,6.613032341003418,-1.7492690086364746
9690,-10.429337501525879,-4.542593002319336
9691,-0.2023298293352127,0.8546180725097656
9692,6.961065292358398,-0.8161971569061279
9693,-0.24647898972034454,1.330780029296875
9694,6.856140613555908,-2.2779641151428223
9695,10.72070026397705,-1.3493638038635254
9696,1.072422981262207,-1.5273548364639282
9697,0.26228436827659607,-1.3418205976486206
9698,-4.359012603759766,-4.272067546844482
9699,12.130436897277832,4.601959705352783
9700,0.5035700798034668,-0.732664167881012
9701,-0.25254279375076294,2.5022058486938477
9702,-1.4527809619903564,7.218464374542236
9703,2.057873010635376,-1.8120508193969727
9704,-2.3045597076416016,4.112281799316406
9705,13.4918851852417,-2.343470573425293
9706,-9.094830513000488,-1.4828016757965088
9707,4.574888706207275,-6.806793212890625
9708,5.943739891052246,-8.378348350524902
9709,-3.4694056510925293,5.930844783782959
9710,3.865764856338501,-1.4403557777404785
9711,1.6808967590332031,-0.9176276922225952
9712,2.691185712814331,-5.071640491485596
9713,11.016701698303223,1.343993902206421
9714,24.108295440673828,25.685333251953125
9715,12.195216178894043,4.647778511047363
9716,6.844250679016113,-0.12464795261621475
9717,9.778790473937988,-3.476555347442627
9718,0.9212805032730103,0.0213763564825058
9719,-0.3398892283439636,1.7074038982391357
9720,-5.919399261474609,6.955216884613037
9721,-0.223453089594841,2.880197286605835
9722,-2.0698676109313965,8.1864652633667
9723,4.249484062194824,21.163312911987305
9724,0.259461909532547,-1.3084721565246582
9725,-5.262279033660889,-2.32895827293396
9726,1.2526332139968872,-6.739125728607178
9727,1.8624924421310425,-2.6769633293151855
9728,-0.5111322402954102,1.347367525100708
9729,-1.6346622705459595,0.4798204004764557
9730,1.2736562490463257,-0.6719547510147095
9731,11.944687843322754,-2.4989428520202637
9732,1.9511322975158691,-3.0279855728149414
9733,-1.5905628204345703,10.0200777053833
9734,0.04624855890870094,1.6699421405792236
9735,-1.1943248510360718,1.6391515731811523
9736,-0.005855794996023178,1.604177713394165
9737,8.14426040649414,-1.6805176734924316
9738,8.961014747619629,-2.3130946159362793
9739,-0.33040913939476013,2.3420534133911133
9740,0.3696073889732361,2.3719253540039062
9741,9.276968955993652,-3.6722917556762695
9742,-12.408076286315918,-7.565112590789795
9743,-8.359129905700684,-0.5442991256713867
9744,0.18449492752552032,1.9608407020568848
9745,-7.379309177398682,-0.03751640021800995
9746,0.8960202932357788,-1.4669793844223022
9747,1.6679036617279053,-1.5162177085876465
9748,0.6211904287338257,10.20048999786377
9749,6.994262218475342,-3.245417594909668
9750,5.651089668273926,-6.263028621673584
9751,2.2211968898773193,-5.2759222984313965
9752,7.484616756439209,-5.241251468658447
9753,1.457215666770935,-1.6222188472747803
9754,7.534815788269043,-2.407332181930542
9755,2.5352845191955566,-0.2759929299354553
9756,-0.6479082107543945,0.716038167476654
9757,0.3750061094760895,-0.28425344824790955
9758,-7.377859115600586,-5.910812854766846
9759,1.4560281038284302,-3.0773160457611084
9760,-11.375893592834473,-1.8828997611999512
9761,0.9338889122009277,-1.7635612487792969
9762,9.381141662597656,0.793479323387146
9763,-1.508080005645752,-2.0016112327575684
9764,2.2156500816345215,4.0313334465026855
9765,3.9877419471740723,-3.7658133506774902
9766,9.495030403137207,-0.5032893419265747
9767,0.7758862376213074,-0.8175911903381348
9768,0.36913496255874634,-3.5169222354888916
9769,3.0262980461120605,-5.89491081237793
9770,-13.606034278869629,-0.5774294137954712
9771,2.2139997482299805,2.1536476612091064
9772,5.577947616577148,-2.8849146366119385
9773,-5.896076202392578,9.3771333694458
9774,-0.10325078666210175,2.6703219413757324
9775,0.68137526512146,-9.399765968322754
9776,13.5401029586792,9.44918155670166
9777,0.3998472988605499,-4.063942909240723
9778,9.461236953735352,0.3894166052341461
9779,-0.4865928590297699,2.6293771266937256
9780,0.017834719270467758,-0.14287114143371582
9781,1.570001482963562,-0.13844181597232819
9782,7.1927995681762695,-0.2083253562450409
9783,8.896917343139648,-2.2585549354553223
9784,-0.16082589328289032,-8.486532211303711
9785,10.180071830749512,-4.037074565887451
9786,7.278392791748047,16.3641300201416
9787,0.6681800484657288,-1.8034747838974
9788,-1.9454230070114136,3.3421802520751953
9789,0.19905298948287964,1.5142581462860107
9790,-5.718510627746582,-3.046745538711548
9791,2.4728598594665527,3.761486053466797
9792,-3.3482894897460938,-1.478743553161621
9793,4.617966175079346,-7.529356002807617
9794,3.7950451374053955,-0.5265758633613586
9795,-2.309629201889038,3.6426708698272705
9796,1.3883872032165527,3.820636749267578
9797,13.949138641357422,0.8545169830322266
9798,-2.5465004444122314,3.576687812805176
9799,1.1390525102615356,-1.0082601308822632
9800,2.0941519737243652,2.2176263332366943
9801,-6.7693986892700195,-2.950831413269043
9802,7.102625846862793,-1.8905706405639648
9803,-4.2048749923706055,7.119203567504883
9804,-6.5885515213012695,-2.184746503829956
9805,13.674967765808105,-3.844674587249756
9806,-5.555432319641113,5.736580848693848
9807,1.079771876335144,4.143589019775391
9808,-0.9783452749252319,1.8656938076019287
9809,-5.709469795227051,5.95727014541626
9810,-0.04584040865302086,1.382537841796875
9811,-5.9838786125183105,-2.2001137733459473
9812,10.267781257629395,0.5584790706634521
9813,0.6509526968002319,8.148113250732422
9814,-7.692442893981934,0.22846105694770813
9815,-8.377055168151855,-7.216022968292236
9816,0.2241116315126419,-8.209324836730957
9817,0.26533395051956177,-1.4915295839309692
9818,0.8390215635299683,-3.490061044692993
9819,-0.4624183475971222,2.3330352306365967
9820,3.1635842323303223,-1.5175292491912842
9821,0.4775967597961426,0.4687967002391815
9822,3.6442031860351562,22.218521118164062
9823,-11.519709587097168,0.9032889604568481
9824,0.2498413771390915,-0.937620997428894
9825,-9.147351264953613,5.2399725914001465
9826,6.179769515991211,3.161205768585205
9827,0.5786683559417725,-1.8610186576843262
9828,7.1803693771362305,-0.8783931732177734
9829,-3.0767452716827393,9.20746898651123
9830,-1.1964786052703857,1.86336350440979
9831,2.883397340774536,21.5041561126709
9832,4.511148452758789,-3.2491650581359863
9833,2.1532528400421143,-5.1150102615356445
9834,12.709161758422852,-2.0355398654937744
9835,-2.8510560989379883,3.4073915481567383
9836,-0.5145620107650757,2.386324405670166
9837,1.1301850080490112,-3.1922082901000977
9838,-17.539119720458984,-10.96127986907959
9839,1.8564873933792114,-3.934720516204834
9840,-6.546416282653809,0.40271541476249695
9841,2.557192802429199,-7.533827304840088
9842,0.6187407374382019,3.628887414932251
9843,1.7599048614501953,-1.5137534141540527
9844,8.750011444091797,-1.0171356201171875
9845,2.810045003890991,-4.4433274269104
9846,-7.586260795593262,10.586941719055176
9847,-6.738708019256592,8.699304580688477
9848,3.712791681289673,-3.3490216732025146
9849,-6.676427841186523,7.687523365020752
9850,10.925509452819824,4.72854471206665
9851,-8.308660507202148,3.614506483078003
9852,0.02567538246512413,-3.0667176246643066
9853,-0.23909570276737213,-2.2341535091400146
9854,0.056270141154527664,-7.425413608551025
9855,1.1917930841445923,-3.4576289653778076
9856,2.7165775299072266,-1.3183846473693848
9857,10.090941429138184,15.032333374023438
9858,3.90173077583313,-8.425444602966309
9859,3.6150245666503906,-0.3122255802154541
9860,-0.5001899003982544,2.198068141937256
9861,-6.307241916656494,-0.3327271640300751
9862,12.535872459411621,-0.9495189785957336
9863,3.24379825592041,-4.198983669281006
9864,-0.1925654262304306,-1.4567601680755615
9865,8.406366348266602,-2.2050886154174805
9866,7.308803558349609,0.5037667155265808
9867,-1.2958941459655762,-1.5117067098617554
9868,-3.4727299213409424,4.672946453094482
9869,0.32832998037338257,-1.4616934061050415
9870,-0.23097269237041473,2.8566722869873047
9871,-5.746594429016113,-2.3961856365203857
9872,1.5796257257461548,2.2967171669006348
9873,-0.6187211275100708,8.7575101852417
9874,0.5290120840072632,-2.4083523750305176
9875,-15.837384223937988,-5.161392688751221
9876,2.421163558959961,20.691879272460938
9877,1.9553908109664917,11.214180946350098
9878,-0.3659434914588928,0.759856641292572
9879,-1.1757535934448242,1.7220724821090698
9880,1.7463258504867554,-8.408184051513672
9881,15.956931114196777,10.655552864074707
9882,12.058659553527832,-0.45144888758659363
9883,-5.3119940757751465,-3.7129178047180176
9884,-5.912832260131836,-4.132979393005371
9885,1.1627880334854126,0.7562013864517212
9886,4.581733703613281,3.3446297645568848
9887,-9.102890968322754,1.9777674674987793
9888,-13.290698051452637,-1.5786052942276
9889,-8.446722030639648,1.1116929054260254
9890,10.352706909179688,-3.370605945587158
9891,3.5450823307037354,16.379398345947266
9892,-5.551216125488281,7.10888147354126
9893,11.794342994689941,-0.31948670744895935
9894,-0.8815581798553467,4.713118076324463
9895,-15.300604820251465,-2.5890612602233887
9896,2.1701817512512207,-1.6335653066635132
9897,-2.2850148677825928,2.7300615310668945
9898,-7.954583168029785,-1.936996579170227
9899,5.835813045501709,-0.6998964548110962
9900,3.7300758361816406,18.140493392944336
9901,1.939565658569336,0.10479006916284561
9902,-15.178046226501465,-3.7310562133789062
9903,0.4193170368671417,-9.403048515319824
9904,-5.7899932861328125,2.0033833980560303
9905,-5.322536468505859,-2.312873601913452
9906,-2.9387779235839844,1.0995891094207764
9907,-6.355109691619873,0.052056171000003815
9908,0.13670404255390167,-1.0587562322616577
9909,8.78296184539795,0.9822793006896973
9910,0.12405137717723846,1.5275888442993164
9911,-6.016192436218262,-6.464235782623291
9912,-0.42858806252479553,2.4631688594818115
9913,-10.499316215515137,4.136967182159424
9914,1.1318281888961792,-2.6793899536132812
9915,-1.9674521684646606,5.15411901473999
9916,0.36703944206237793,-0.23831701278686523
9917,2.995910167694092,0.08154093474149704
9918,6.757998466491699,-6.690937519073486
9919,8.346928596496582,25.742189407348633
9920,10.6593656539917,1.4114230871200562
9921,-6.8679609298706055,-4.922349452972412
9922,-0.23164014518260956,1.3390858173370361
9923,0.004282820969820023,1.5559444427490234
9924,-7.464596748352051,13.318449020385742
9925,-0.28633949160575867,2.2038259506225586
9926,13.368351936340332,7.58650541305542
9927,1.9086397886276245,-3.6906843185424805
9928,11.04749584197998,-1.0807628631591797
9929,3.4478344917297363,-3.402462959289551
9930,3.5797481536865234,18.24709129333496
9931,-0.07248395681381226,0.7179142236709595
9932,8.904040336608887,0.20052501559257507
9933,0.019066262990236282,3.1234841346740723
9934,8.47541618347168,-1.828701138496399
9935,-12.352595329284668,-1.6732879877090454
9936,-4.589059352874756,3.4850521087646484
9937,-5.456051349639893,7.994185924530029
9938,3.2789969444274902,-2.52931547164917
9939,8.033609390258789,-1.222350001335144
9940,-0.11610153317451477,-6.614314556121826
9941,0.6117989420890808,0.3171039819717407
9942,8.080350875854492,0.29943063855171204
9943,14.044713973999023,7.555932521820068
9944,0.7225968837738037,-0.09636100381612778
9945,17.020404815673828,10.604172706604004
9946,-0.34603050351142883,2.8348703384399414
9947,1.8455945253372192,-5.450096607208252
9948,-0.7702648043632507,1.3443739414215088
9949,-1.860856294631958,0.6157214045524597
9950,-5.50923490524292,-0.9468444585800171
9951,-10.410862922668457,5.635286808013916
9952,2.3564655780792236,-4.6133246421813965
9953,0.9819238185882568,0.8555598258972168
9954,4.525895118713379,5.312343120574951
9955,12.892334938049316,-2.8506593704223633
9956,0.8546575307846069,-0.7830039858818054
9957,2.1051299571990967,-0.2771662473678589
9958,-0.3477584421634674,2.1659021377563477
9959,3.056490182876587,-1.7051031589508057
9960,0.5262171030044556,1.6140599250793457
9961,-1.4121342897415161,-0.1471782624721527
9962,-0.06508402526378632,1.3558876514434814
9963,-3.142686367034912,1.8125852346420288
9964,-9.253891944885254,-2.42667293548584
9965,10.436661720275879,-1.881971001625061
9966,8.616732597351074,-3.006300926208496
9967,1.3273974657058716,-0.04506503790616989
9968,11.697697639465332,-0.954376757144928
9969,-0.6176141500473022,0.8523281216621399
9970,-5.399935722351074,-3.466683864593506
9971,4.102774620056152,-3.136810064315796
9972,4.530271530151367,-9.985812187194824
9973,2.3176887035369873,-0.2833128273487091
9974,0.5140711069107056,3.2321066856384277
9975,-0.10729901492595673,-0.09141569584608078
9976,-12.311014175415039,-1.5176279544830322
9977,12.427580833435059,-0.7469062805175781
9978,-2.340446949005127,5.753077507019043
9979,-0.5125221610069275,1.4114389419555664
9980,-3.308528423309326,-1.9429320096969604
9981,1.0858134031295776,-0.6264114379882812
9982,-3.580660581588745,-1.1629469394683838
9983,0.9475246667861938,-1.3826640844345093
9984,2.216595411300659,1.3343799114227295
9985,6.731546401977539,-5.2554144859313965
9986,0.7109807729721069,2.6996240615844727
9987,-5.312815189361572,-9.706583976745605
9988,-2.968219757080078,1.7454087734222412
9989,0.4766295552253723,0.6129515171051025
9990,-0.5280463695526123,-1.3583301305770874
9991,-10.69832992553711,3.2072253227233887
9992,0.902566134929657,0.04958019405603409
9993,1.1487773656845093,-8.527253150939941
9994,13.899023056030273,-2.3240296840667725
9995,-4.855345726013184,0.2676868438720703
9996,-1.6740278005599976,5.381870269775391
9997,-7.141573905944824,-6.949841022491455
9998,-1.4383963346481323,4.346545696258545
9999,1.6390113830566406,4.143500328063965
10000,-3.9459738731384277,7.9396538734436035
10001,-1.0635812282562256,2.628577947616577
10002,0.08013366162776947,2.831117630004883
10003,1.385985255241394,-6.85930871963501
10004,-14.54267406463623,-14.566309928894043
10005,4.045577049255371,-7.838189601898193
10006,0.07896773517131805,-1.5452872514724731
10007,0.5427847504615784,0.3488881289958954
10008,-7.07400369644165,-1.7229132652282715
10009,13.881240844726562,-2.6626524925231934
10010,12.899740219116211,6.65869140625
10011,-4.9910993576049805,-2.363719940185547
10012,3.2708871364593506,-1.5769543647766113
10013,-0.4398571252822876,1.043290615081787
10014,-6.184529781341553,-8.831024169921875
10015,-9.150419235229492,0.978143572807312
10016,0.8228676915168762,0.24179348349571228
10017,0.3222867548465729,-3.2324297428131104
10018,-5.987817764282227,-3.0911307334899902
10019,-3.2183454036712646,-2.446061849594116
10020,2.646812677383423,2.179499864578247
10021,11.241059303283691,2.4550137519836426
10022,6.357571601867676,0.15326884388923645
10023,-2.7479870319366455,6.980413913726807
10024,-5.748908996582031,0.30441322922706604
10025,0.9972283244132996,1.0530433654785156
10026,3.520167112350464,-8.752944946289062
10027,5.358164310455322,5.3959879875183105
10028,0.8672889471054077,-2.217602014541626
10029,-3.9596710205078125,1.242896556854248
10030,-7.5945868492126465,-6.82214879989624
10031,11.789620399475098,3.709475517272949
10032,12.558123588562012,6.922011375427246
10033,1.2247841358184814,-5.353970527648926
10034,2.766946792602539,-4.812106609344482
10035,-5.622786045074463,5.868439197540283
10036,-7.986577987670898,0.6067545413970947
10037,-2.797806739807129,-4.80566930770874
10038,-6.866048336029053,0.4711662828922272
10039,-3.0696544647216797,12.243597984313965
10040,-7.537391662597656,1.4800249338150024
10041,1.1926428079605103,-3.5798192024230957
10042,-3.084874391555786,-4.75706672668457
10043,10.752547264099121,0.259236603975296
10044,7.4606122970581055,8.264272689819336
10045,0.8018938899040222,-0.35933759808540344
10046,-8.1009521484375,-12.952458381652832
10047,1.0381295680999756,-2.128378391265869
10048,1.6955064535140991,1.331394910812378
10049,1.2884944677352905,-8.658822059631348
10050,-3.4745748043060303,3.653006076812744
10051,-0.25036194920539856,2.803148031234741
10052,13.293049812316895,7.222173690795898
10053,-1.303356647491455,1.6531760692596436
10054,0.945453405380249,1.0963777303695679
10055,-6.150578022003174,-3.3533267974853516
10056,0.645215630531311,-1.7512872219085693
10057,-4.060622692108154,-4.158179759979248
10058,-14.620928764343262,-7.9735941886901855
10059,-10.025992393493652,1.1232720613479614
10060,-9.540854454040527,4.231109619140625
10061,-7.543946266174316,-4.660134792327881
10062,-6.388723373413086,4.321964263916016
10063,4.404531002044678,-1.5044119358062744
10064,-10.445677757263184,-14.055418968200684
10065,1.5883877277374268,-4.77877140045166
10066,12.002429962158203,-0.2117738425731659
10067,12.879080772399902,7.092007160186768
10068,-9.997115135192871,-3.6987695693969727
10069,-1.458525538444519,1.9741241931915283
10070,-3.5095105171203613,2.13982892036438
10071,7.011378288269043,-1.6604959964752197
10072,19.098506927490234,15.328906059265137
10073,-8.050514221191406,-7.93389368057251
10074,-14.31114673614502,-18.832447052001953
10075,1.7911304235458374,-9.138416290283203
10076,2.8985440731048584,-6.037385940551758
10077,7.239562511444092,-1.7571465969085693
10078,11.975313186645508,-0.9557604789733887
10079,2.4779715538024902,1.8770819902420044
10080,14.630602836608887,-1.789595365524292
10081,2.0823421478271484,-7.125308990478516
10082,-9.025694847106934,-10.899256706237793
10083,-3.9920783042907715,3.7886927127838135
10084,-1.026143193244934,9.055802345275879
10085,9.493865013122559,-2.604052782058716
10086,-0.3668989837169647,1.2478305101394653
10087,-8.535712242126465,-0.5315107703208923
10088,8.314627647399902,-2.081477403640747
10089,-3.706475257873535,-0.9914621114730835
10090,19.197935104370117,16.234987258911133
10091,2.0179636478424072,-5.771205425262451
10092,9.6590576171875,-1.0579615831375122
10093,-5.039071083068848,-5.1767706871032715
10094,-0.9382978677749634,-2.6903128623962402
10095,-7.298954010009766,-2.9729244709014893
10096,-1.0975512266159058,3.1332244873046875
10097,8.719263076782227,-2.3421332836151123
10098,2.8502883911132812,-1.8502768278121948
10099,-0.018528681248426437,9.615184783935547
10100,1.1491562128067017,-4.584405899047852
10101,9.43572998046875,0.33887913823127747
10102,2.872313976287842,-5.143747806549072
10103,9.192484855651855,-5.894359111785889
10104,-1.5089765787124634,-6.886190414428711
10105,14.128690719604492,6.11484956741333
10106,-2.538264513015747,-4.715206623077393
10107,3.929090976715088,-2.6643316745758057
10108,0.2853361666202545,1.3489370346069336
10109,3.4616360664367676,-7.520230293273926
10110,-0.28674522042274475,1.9950287342071533
10111,-4.964296340942383,1.777911901473999
10112,2.31438946723938,-4.790908336639404
10113,1.5332711935043335,0.18437924981117249
10114,-0.4184921085834503,-9.02260971069336
10115,5.242748737335205,-3.858720541000366
10116,3.652857780456543,0.25847846269607544
10117,-7.620309829711914,-14.428935050964355
10118,-5.458024024963379,-3.278806209564209
10119,-1.2596477270126343,0.3709971606731415
10120,3.6759843826293945,-4.066000461578369
10121,-11.524300575256348,-12.200752258300781
10122,2.766227960586548,-1.7208327054977417
10123,-0.19540999829769135,2.622671604156494
10124,2.772681713104248,-5.951505661010742
10125,7.9277544021606445,-2.4752635955810547
10126,22.115055084228516,23.803815841674805
10127,-10.558513641357422,0.6263377666473389
10128,-11.698525428771973,-0.3569837510585785
10129,-0.018486429005861282,0.8332905769348145
10130,-1.1847373247146606,1.0907841920852661
10131,0.16186369955539703,3.381984233856201
10132,13.122340202331543,8.151390075683594
10133,3.7262122631073,-2.755418300628662
10134,-4.13833475112915,-2.2804532051086426
10135,1.614147663116455,-6.20770788192749
10136,0.03574677184224129,2.037876605987549
10137,6.561986923217773,-0.8228514194488525
10138,-0.6683735847473145,-0.747564435005188
10139,-4.848203659057617,1.8383821249008179
10140,-11.387892723083496,-9.160202980041504
10141,-8.46315860748291,10.400080680847168
10142,0.4002567231655121,3.1265594959259033
10143,-0.08544935286045074,2.502946138381958
10144,1.5855246782302856,-5.987298488616943
10145,10.676737785339355,-2.167372226715088
10146,-1.358393669128418,-7.242825031280518
10147,4.817647933959961,2.5616750717163086
10148,0.27477845549583435,-0.07126625627279282
10149,-4.423070907592773,8.244332313537598
10150,-9.138477325439453,-3.712310791015625
10151,3.7594761848449707,-9.201713562011719
10152,0.7986781597137451,-7.072519302368164
10153,6.886228561401367,16.956098556518555
10154,-10.318201065063477,5.314515113830566
10155,-7.1257195472717285,2.910560131072998
10156,10.912997245788574,-0.043546177446842194
10157,0.44840189814567566,-2.645512580871582
10158,-8.132196426391602,-8.97342586517334
10159,-9.815752983093262,2.627695083618164
10160,0.23876094818115234,1.9235429763793945
10161,-1.2738813161849976,-0.016633130609989166
10162,4.59796142578125,4.948115825653076
10163,17.33670425415039,13.082111358642578
10164,-7.6919846534729,2.649989128112793
10165,5.608697891235352,-2.3620493412017822
10166,-9.112290382385254,3.931922197341919
10167,-16.963600158691406,-17.508352279663086
10168,1.5897493362426758,-10.099064826965332
10169,-0.24581463634967804,2.015827178955078
10170,-0.5891450047492981,-1.3977880477905273
10171,8.2463960647583,3.5617289543151855
10172,-5.924614906311035,0.3530465066432953
10173,-3.032900094985962,7.697452545166016
10174,-10.004854202270508,-2.2317347526550293
10175,-0.2706579864025116,0.7738147974014282
10176,-5.852622032165527,-2.3427114486694336
10177,-6.238981246948242,-3.2428722381591797
10178,-2.810396194458008,2.8591721057891846
10179,0.7508760690689087,-0.0934722051024437
10180,-4.414060592651367,-5.902324676513672
10181,0.24462084472179413,1.910630226135254
10182,-2.835834264755249,9.37945556640625
10183,1.4469407796859741,-7.867763996124268
10184,-9.78201675415039,-0.6976186037063599
10185,3.7774853706359863,-1.7703100442886353
10186,2.5444869995117188,-4.475066661834717
10187,-6.818288326263428,-2.6550707817077637
10188,-4.941934585571289,11.549434661865234
10189,0.944685697555542,-5.290984630584717
10190,-0.34945589303970337,1.1329153776168823
10191,-0.42195186018943787,-8.941388130187988
10192,-0.4009248912334442,0.6191415190696716
10193,12.48786449432373,3.229573965072632
10194,1.0289829969406128,-6.14695930480957
10195,-4.397790908813477,-2.875736951828003
10196,-7.014420032501221,-0.9073165655136108
10197,12.37271499633789,-2.373103618621826
10198,-11.630577087402344,-16.227462768554688
10199,-11.104147911071777,2.066103935241699
10200,4.235191345214844,-4.583552837371826
10201,4.502436637878418,-3.1618032455444336
10202,7.071479797363281,-0.027249671518802643
10203,-12.44124984741211,1.3723899126052856
10204,-5.808409214019775,-2.6071252822875977
10205,-1.4139820337295532,1.2122255563735962
10206,2.6775639057159424,-4.036330699920654
10207,-6.1063618659973145,5.150574207305908
10208,-3.4982383251190186,3.0319337844848633
10209,2.3464245796203613,-2.191732883453369
10210,4.201226711273193,-2.552950143814087
10211,14.825760841369629,7.2849860191345215
10212,-6.0969648361206055,-1.3214492797851562
10213,-0.15043704211711884,-7.257254600524902
10214,7.47299861907959,-3.237027645111084
10215,7.3239898681640625,-2.332522392272949
10216,-7.820469856262207,1.0478363037109375
10217,-5.840268611907959,1.2598230838775635
10218,-0.03396501764655113,-0.11927083879709244
10219,2.881605625152588,3.427931547164917
10220,12.417410850524902,-1.5541664361953735
10221,-4.210779190063477,9.823731422424316
10222,-7.181789398193359,-4.170866966247559
10223,-3.41091251373291,-4.482914447784424
10224,7.644793510437012,-4.18715238571167
10225,1.2635167837142944,-5.901103496551514
10226,16.20938491821289,9.995760917663574
10227,-3.738614559173584,0.519764244556427
10228,0.40054237842559814,0.8008545637130737
10229,0.49662119150161743,-1.3627092838287354
10230,8.275982856750488,-2.7162282466888428
10231,15.795327186584473,11.613194465637207
10232,7.937146186828613,-1.3415286540985107
10233,13.618626594543457,7.094844341278076
10234,-0.6866409182548523,2.521064281463623
10235,-1.2060306072235107,2.830491065979004
10236,12.986495971679688,5.597181797027588
10237,-8.019082069396973,4.2779645919799805
10238,0.34442946314811707,-0.9966525435447693
10239,10.827563285827637,0.46943071484565735
10240,-0.4276023805141449,-4.671412467956543
10241,-5.747109413146973,11.621960639953613
10242,11.393301963806152,0.005296014249324799
10243,-0.12995772063732147,1.010231852531433
10244,0.038406360894441605,-3.283888101577759
10245,12.201284408569336,5.3691487312316895
10246,-4.499824523925781,-5.184902191162109
10247,-7.522680759429932,-4.513354778289795
10248,10.109527587890625,-1.221940040588379
10249,0.2215733677148819,-0.11802033334970474
10250,-6.659118175506592,-12.437216758728027
10251,-3.760592222213745,-3.132021188735962
10252,0.1771993637084961,-0.216762512922287
10253,-7.576239585876465,-3.5387604236602783
10254,0.11805181205272675,1.667435646057129
10255,-4.634460926055908,-3.7079293727874756
10256,2.0892257690429688,-4.101048469543457
10257,14.521943092346191,8.023921966552734
10258,-6.892431259155273,7.740686893463135
10259,-0.029336970299482346,1.6249737739562988
10260,6.370368480682373,2.4046261310577393
10261,-5.526008605957031,-0.5086149573326111
10262,-22.94595718383789,-17.032285690307617
10263,12.83076000213623,-1.5176143646240234
10264,-3.713078022003174,-1.2069401741027832
10265,-8.842389106750488,5.496395111083984
10266,-0.43643906712532043,1.6011306047439575
10267,2.3085274696350098,-5.313854694366455
10268,2.888204336166382,-4.235738277435303
10269,1.7118301391601562,4.284176349639893
10270,1.9102779626846313,9.806665420532227
10271,2.6941304206848145,-7.077445030212402
10272,-10.565686225891113,-0.7731053233146667
10273,2.608511209487915,-2.386716842651367
10274,1.6150026321411133,-9.785543441772461
10275,1.0937086343765259,-6.417564392089844
10276,-7.726513385772705,0.23550429940223694
10277,0.18255765736103058,0.1905480921268463
10278,12.554142951965332,-0.9017961025238037
10279,-7.847591400146484,9.23392391204834
10280,0.18642212450504303,-1.1355414390563965
10281,6.838379859924316,-2.5863394737243652
10282,0.24400626122951508,-5.727269649505615
10283,-4.689474582672119,-5.430142879486084
10284,-3.292171001434326,-4.451818943023682
10285,-17.871536254882812,-21.337106704711914
10286,1.2096571922302246,-5.2583112716674805
10287,16.384044647216797,9.985730171203613
10288,4.367217063903809,-3.0429043769836426
10289,4.4597015380859375,-5.812376499176025
10290,3.729063034057617,3.627507448196411
10291,1.1055275201797485,-2.0504653453826904
10292,-9.003205299377441,-3.292081117630005
10293,1.5106874704360962,-7.0830912590026855
10294,7.568628311157227,-1.1673262119293213
10295,-5.651564598083496,10.309831619262695
10296,-6.348029136657715,2.5610132217407227
10297,1.736714243888855,-4.737924575805664
10298,1.5704036951065063,-7.960946559906006
10299,-17.32565689086914,-18.467796325683594
10300,3.731919765472412,-2.7230706214904785
10301,-11.90579891204834,-12.654929161071777
10302,-0.37286365032196045,0.766761302947998
10303,1.6999436616897583,-2.9497952461242676
10304,-3.087388038635254,4.660328388214111
10305,-0.10247182846069336,2.840200901031494
10306,15.721774101257324,11.413956642150879
10307,-1.6176751852035522,3.263021945953369
10308,7.236517429351807,-0.009828425943851471
10309,-11.008580207824707,-14.982666969299316
10310,0.18255926668643951,1.1995872259140015
10311,3.162271499633789,-6.802932262420654
10312,-7.22877836227417,-3.3391048908233643
10313,5.639676094055176,-0.4526542127132416
10314,-1.487487554550171,3.4418225288391113
10315,-1.9451452493667603,-4.142701148986816
10316,-0.2233981341123581,-0.2670859396457672
10317,8.635421752929688,0.8434958457946777
10318,0.03252794221043587,2.757096529006958
10319,1.6417495012283325,-4.257420539855957
10320,1.5584434270858765,-7.906309604644775
10321,0.19480766355991364,2.6819863319396973
10322,11.301015853881836,-1.3979160785675049
10323,7.906226634979248,-1.6961740255355835
10324,9.486660957336426,-0.06908891350030899
10325,-3.8165297508239746,-2.221747875213623
10326,1.7654554843902588,-7.068498611450195
10327,-7.579845905303955,-2.942148208618164
10328,0.3466533422470093,-5.267242908477783
10329,1.0446778535842896,-7.326062202453613
10330,4.159275531768799,-2.156346082687378
10331,-2.7053918838500977,-2.1527552604675293
10332,3.445394992828369,-2.5609893798828125
10333,7.975339889526367,-1.7251464128494263
10334,2.150218963623047,-3.342926263809204
10335,8.80295467376709,0.9385957717895508
10336,-5.694016933441162,1.2576555013656616
10337,12.543465614318848,4.587110996246338
10338,0.6747603416442871,0.2755673825740814
10339,0.947060227394104,-9.261675834655762
10340,7.557648658752441,-1.3132178783416748
10341,17.9583683013916,18.62704849243164
10342,8.873540878295898,-3.1138997077941895
10343,2.112623929977417,-0.9009758234024048
10344,2.1224348545074463,-7.097278118133545
10345,-2.6775004863739014,5.926069736480713
10346,-0.3659897446632385,0.7372284531593323
10347,-0.36155933141708374,1.4341905117034912
10348,-2.7184643745422363,11.021873474121094
10349,-0.6918501257896423,0.09810646623373032
10350,1.0612857341766357,-3.361128807067871
10351,-10.293327331542969,0.9665347337722778
10352,-0.9997493028640747,2.8920040130615234
10353,-3.2564587593078613,2.1170055866241455
10354,12.484925270080566,-1.8935225009918213
10355,6.675319671630859,4.622892379760742
10356,-2.210334300994873,-8.70779800415039
10357,6.584663391113281,-1.5951861143112183
10358,0.16141654551029205,1.651394009590149
10359,0.5226611495018005,-8.788747787475586
10360,1.551619529724121,1.3995800018310547
10361,-3.2299962043762207,3.7789740562438965
10362,6.0402302742004395,0.1374291479587555
10363,-7.5311713218688965,10.138915061950684
10364,0.3442656099796295,-1.9560892581939697
10365,-10.279101371765137,-1.8617225885391235
10366,-5.709616661071777,-3.0446994304656982
10367,0.1739640086889267,-0.5219139456748962
10368,-3.2394356727600098,3.7617435455322266
10369,6.871923446655273,6.956267833709717
10370,2.222588062286377,-5.471566677093506
10371,-12.47011947631836,-12.246260643005371
10372,13.650747299194336,-1.5827357769012451
10373,-1.220786690711975,-3.2096266746520996
10374,6.810238838195801,-3.3547167778015137
10375,0.8293999433517456,-0.9021364450454712
10376,-6.166690349578857,-4.915553569793701
10377,-7.797945022583008,-2.7392468452453613
10378,0.9647407531738281,-5.524163722991943
10379,6.544428825378418,26.362394332885742
10380,1.6500507593154907,2.4184694290161133
10381,0.10454808175563812,-2.2158257961273193
10382,-0.09265314042568207,8.56810474395752
10383,-11.174281120300293,-3.706216335296631
10384,11.746499061584473,-0.7624897956848145
10385,-6.399293422698975,-1.6166112422943115
10386,1.3721030950546265,3.910680055618286
10387,-6.122873306274414,2.898606538772583
10388,3.372459650039673,-6.57560920715332
10389,-7.397404193878174,3.2095584869384766
10390,11.62216854095459,-2.255568504333496
10391,6.8118743896484375,-1.414040446281433
10392,-5.365606307983398,-1.5086774826049805
10393,-10.122543334960938,-0.14111575484275818
10394,6.68632698059082,-0.12164077907800674
10395,10.322233200073242,-2.721214532852173
10396,1.272626280784607,-2.715714693069458
10397,13.669631958007812,8.141919136047363
10398,7.2751688957214355,-7.841399192810059
10399,1.5542689561843872,-9.242785453796387
10400,-0.32673394680023193,1.4482617378234863
10401,-0.3110189735889435,1.4735212326049805
10402,1.9519611597061157,-6.0624823570251465
10403,-7.041543006896973,2.502093553543091
10404,2.971806049346924,-2.5283362865448
10405,-4.175278663635254,6.987654209136963
10406,-6.556560516357422,-3.1945533752441406
10407,0.7056548595428467,-7.899378299713135
10408,-6.642810344696045,10.842952728271484
10409,-4.751728057861328,1.005863904953003
10410,0.2271934300661087,2.1583101749420166
10411,-4.888910293579102,7.669042110443115
10412,-3.6017041206359863,-1.1793537139892578
10413,0.04295025393366814,0.5029096603393555
10414,8.780125617980957,-0.4414311349391937
10415,-6.145833492279053,-12.427172660827637
10416,3.5352554321289062,-2.6865172386169434
10417,-2.1564793586730957,2.5700576305389404
10418,3.595569133758545,-3.961379051208496
10419,16.360130310058594,12.275851249694824
10420,3.962468385696411,-3.0063858032226562
10421,12.576399803161621,-0.857088565826416
10422,-19.672046661376953,-13.640796661376953
10423,0.9920715093612671,16.445329666137695
10424,3.5329811573028564,4.844238758087158
10425,-3.497162103652954,3.398529052734375
10426,17.78176498413086,10.916359901428223
10427,3.2344727516174316,-5.7115373611450195
10428,-4.171710968017578,5.413392543792725
10429,0.8307765126228333,-8.592353820800781
10430,9.772153854370117,-2.6638355255126953
10431,-3.9725565910339355,2.7805850505828857
10432,3.2540640830993652,16.771217346191406
10433,-3.203390121459961,-1.5890822410583496
10434,1.8557395935058594,-10.421523094177246
10435,-4.600488185882568,8.389975547790527
10436,-5.437691688537598,-8.719889640808105
10437,-12.937387466430664,-15.201148986816406
10438,-12.20319938659668,-11.19148063659668
10439,1.3590552806854248,-4.855545997619629
10440,2.1067757606506348,-3.2267494201660156
10441,0.16764025390148163,-7.284176349639893
10442,-1.915996789932251,9.989876747131348
10443,3.583754777908325,17.9786434173584
10444,-19.600364685058594,-15.266133308410645
10445,6.483419895172119,-3.55903697013855
10446,-2.9331603050231934,6.468784332275391
10447,2.0505290031433105,-9.049246788024902
10448,-0.18652547895908356,2.306732177734375
10449,-0.503899872303009,-1.3949084281921387
10450,13.650666236877441,-2.4266836643218994
10451,0.9646896719932556,0.8791075944900513
10452,2.375152111053467,-2.6627516746520996
10453,11.852898597717285,2.6419572830200195
10454,7.169589996337891,6.059538841247559
10455,2.0313453674316406,13.903209686279297
10456,8.067262649536133,-2.6473350524902344
10457,1.0388222932815552,1.0165891647338867
10458,-6.114481449127197,-4.902658462524414
10459,6.873716354370117,-4.729853630065918
10460,3.9752800464630127,-0.8327609300613403
10461,-0.6335441470146179,1.1347934007644653
10462,-4.529965400695801,-1.2601667642593384
10463,10.01884937286377,-3.094568967819214
10464,13.541363716125488,-1.9695830345153809
10465,-3.502781867980957,8.50277042388916
10466,7.920062065124512,-2.6201841831207275
10467,-13.718575477600098,-17.810338973999023
10468,-7.724207878112793,-10.66296100616455
10469,11.222399711608887,-1.399246096611023
10470,-7.791404724121094,-6.0635504722595215
10471,-11.235380172729492,-1.7754180431365967
10472,-0.3804893493652344,1.2324169874191284
10473,1.3996764421463013,-8.637974739074707
10474,0.6163759231567383,-2.6687562465667725
10475,6.7423624992370605,-0.2886466681957245
10476,-8.308252334594727,-2.0161421298980713
10477,-2.6028761863708496,0.8625260591506958
10478,2.5174009799957275,-5.933867454528809
10479,9.80179500579834,1.0017166137695312
10480,-3.0717594623565674,1.466327428817749
10481,0.7363349795341492,-2.030261993408203
10482,0.7498957514762878,-0.7694387435913086
10483,-18.85886001586914,-19.71868324279785
10484,-3.899825096130371,-1.1771376132965088
10485,7.101687431335449,-0.23167583346366882
10486,16.58663558959961,13.412982940673828
10487,12.200352668762207,-0.8011264801025391
10488,13.792664527893066,5.6608195304870605
10489,4.979426860809326,-8.8836088180542
10490,3.336009979248047,-1.8901804685592651
10491,1.2282520532608032,-6.757446765899658
10492,-2.4724011421203613,10.486995697021484
10493,1.9932079315185547,-2.847249984741211
10494,-2.8740906715393066,2.8645877838134766
10495,-11.184773445129395,-0.5331943035125732
10496,3.684563159942627,-2.691956043243408
10497,-0.7113467454910278,1.7693995237350464
10498,-0.10243010520935059,-0.6099191904067993
10499,0.05347849801182747,1.2939870357513428
10500,5.832888603210449,-8.26111888885498
10501,1.381231427192688,-8.084731101989746
10502,5.431206703186035,-0.4679572284221649
10503,-12.643453598022461,-17.68486976623535
10504,21.696590423583984,19.7952938079834
10505,-3.7196767330169678,3.899529457092285
10506,-2.898632764816284,5.776653289794922
10507,-3.8002681732177734,1.9558920860290527
10508,0.5001581311225891,-4.901372909545898
10509,1.5902104377746582,-3.2018680572509766
10510,-6.653331756591797,-3.2186262607574463
10511,0.49771976470947266,-0.07581225037574768
10512,-3.291271686553955,-10.03469181060791
10513,0.30873745679855347,-1.0733249187469482
10514,11.531994819641113,-0.19256731867790222
10515,1.1258479356765747,-8.985965728759766
10516,1.7752817869186401,-9.744851112365723
10517,7.578184127807617,-4.536343097686768
10518,3.2231550216674805,-3.2995243072509766
10519,-12.89319896697998,-16.55238151550293
10520,-0.8953183889389038,-9.169158935546875
10521,-6.825064659118652,11.168617248535156
10522,7.209637641906738,-1.328301191329956
10523,1.5695382356643677,16.1123046875
10524,6.632958889007568,4.130434513092041
10525,1.732171893119812,-8.047857284545898
10526,5.3143391609191895,4.101322650909424
10527,2.2415778636932373,-5.961750507354736
10528,-5.716610431671143,-2.746428966522217
10529,-5.528212547302246,0.5304512977600098
10530,-8.566365242004395,-15.582381248474121
10531,5.9056220054626465,-2.1598758697509766
10532,10.571166038513184,1.1775145530700684
10533,2.9880027770996094,-6.5268988609313965
10534,1.1159969568252563,-2.8572912216186523
10535,-25.87534523010254,-21.64518165588379
10536,-0.34786108136177063,1.7997089624404907
10537,0.7919865846633911,-1.569761037826538
10538,15.646756172180176,14.20340347290039
10539,-0.6354162693023682,-1.3088843822479248
10540,-2.5977768898010254,0.7887063026428223
10541,0.785505473613739,-4.886349678039551
10542,-2.442600965499878,4.623800754547119
10543,1.3837707042694092,-1.5112591981887817
10544,-1.8173755407333374,5.019924163818359
10545,18.208011627197266,18.036222457885742
10546,1.6512566804885864,-5.345817565917969
10547,0.42059335112571716,-0.7257033586502075
10548,10.88099193572998,0.05266096442937851
10549,9.162343978881836,13.73611068725586
10550,9.170083045959473,0.10474731773138046
10551,2.4865329265594482,-6.72114896774292
10552,1.0039443969726562,-2.764723539352417
10553,-7.908557891845703,-11.019269943237305
10554,-5.161733150482178,-7.696573734283447
10555,1.1382849216461182,-2.480973482131958
10556,20.767379760742188,15.475804328918457
10557,2.9204139709472656,15.589062690734863
10558,-12.244072914123535,-2.19124698638916
10559,3.3040380477905273,-1.8998193740844727
10560,9.350232124328613,12.441411018371582
10561,-0.3456774652004242,0.7174671292304993
10562,-8.49606990814209,-0.45819613337516785
10563,-10.282242774963379,-7.0289530754089355
10564,-11.48934268951416,-3.047447681427002
10565,-1.6833184957504272,6.1931257247924805
10566,-0.10538631677627563,-5.6186723709106445
10567,3.798658847808838,-2.3805840015411377
10568,-15.959158897399902,-18.14796257019043
10569,11.608027458190918,0.944896936416626
10570,2.461796283721924,-3.873652935028076
10571,4.665363311767578,-5.400534152984619
10572,11.9662446975708,0.5879764556884766
10573,7.030429363250732,-0.8629329204559326
10574,0.2987038791179657,-1.0034565925598145
10575,0.36135682463645935,0.6643040180206299
10576,7.003533840179443,-1.1639063358306885
10577,9.88904094696045,-2.0150954723358154
10578,-4.67124080657959,-0.1395784318447113
10579,0.483842134475708,-7.979844570159912
10580,-4.687559604644775,-1.7571709156036377
10581,-8.056183815002441,-11.551875114440918
10582,-11.020112991333008,-0.9515469670295715
10583,-8.33641529083252,-1.8410923480987549
10584,0.8762538433074951,-8.834497451782227
10585,1.2944375276565552,-4.728146553039551
10586,-2.5848066806793213,-9.21605396270752
10587,-18.72382354736328,-16.84885025024414
10588,1.664428949356079,-8.944805145263672
10589,9.529694557189941,1.1596558094024658
10590,0.874890923500061,0.03386520594358444
10591,-5.843496799468994,-5.8677077293396
10592,-6.536307334899902,4.758540630340576
10593,-2.489217758178711,-0.6859351396560669
10594,-9.241777420043945,-14.23122501373291
10595,-3.77341628074646,15.56673812866211
10596,7.090265274047852,7.54225492477417
10597,-1.2115654945373535,0.47569218277931213
10598,-13.65733528137207,-1.509660243988037
10599,0.7919814586639404,-1.1062617301940918
10600,-11.388840675354004,-1.0525457859039307
10601,-12.84542179107666,1.9300035238265991
10602,1.8181734085083008,-6.246735095977783
10603,-0.7455092072486877,0.5485255122184753
10604,-2.3576114177703857,2.0635852813720703
10605,13.05743408203125,10.077361106872559
10606,9.291298866271973,-1.2941097021102905
10607,-12.869013786315918,-17.83904266357422
10608,-8.713829040527344,3.6796305179595947
10609,3.2028555870056152,-9.415322303771973
10610,-5.47450065612793,3.4901063442230225
10611,1.3749011754989624,5.387279510498047
10612,-5.388491153717041,-2.305859088897705
10613,7.739706516265869,-1.7958674430847168
10614,9.400202751159668,-2.255794048309326
10615,2.4787399768829346,-10.14645767211914
10616,1.6120659112930298,-4.097573757171631
10617,5.515385627746582,-1.9397985935211182
10618,-0.4780455529689789,1.0097806453704834
10619,-8.436291694641113,-2.660447120666504
10620,-7.704501152038574,-4.368074417114258
10621,9.68342113494873,-1.8673689365386963
10622,-16.379961013793945,-19.247303009033203
10623,-8.04405689239502,1.4164378643035889
10624,-10.415711402893066,-1.5852019786834717
10625,-4.346574306488037,3.9562625885009766
10626,-7.116283416748047,-2.978965997695923
10627,-0.27383658289909363,2.99424409866333
10628,-24.654077529907227,-20.874629974365234
10629,-8.694040298461914,-1.4949047565460205
10630,-3.7368311882019043,3.1138885021209717
10631,-18.22395133972168,-13.769960403442383
10632,2.213864803314209,-5.793455123901367
10633,-18.776151657104492,-14.30681324005127
10634,17.66741180419922,11.631479263305664
10635,1.389902949333191,-6.518302917480469
10636,13.354002952575684,4.81842565536499
10637,6.805397033691406,-6.6162848472595215
10638,17.294723510742188,11.951522827148438
10639,17.014881134033203,10.644350051879883
10640,-17.901451110839844,-20.70003318786621
10641,-11.27354907989502,-9.502645492553711
10642,-7.593264102935791,-0.2562148869037628
10643,7.0055108070373535,6.461429119110107
10644,-0.11842183768749237,-0.5792097449302673
10645,1.4329863786697388,-5.535746097564697
10646,2.6636853218078613,-5.3465256690979
10647,-1.5105513334274292,1.9749746322631836
10648,-6.175281524658203,10.194968223571777
10649,-3.952998399734497,-2.733123302459717
10650,0.7436915040016174,1.995208978652954
10651,6.220437049865723,-0.755035400390625
10652,6.177064895629883,-2.8304977416992188
10653,-8.095675468444824,-2.524986743927002
10654,1.7619863748550415,-8.914944648742676
10655,-11.292281150817871,-13.792144775390625
10656,10.707226753234863,4.610106945037842
10657,18.30963134765625,13.667192459106445
10658,-5.0328688621521,-4.13278865814209
10659,1.7107892036437988,2.5531420707702637
10660,7.409111976623535,7.569153308868408
10661,-0.9946256875991821,-6.556058406829834
10662,-2.1089906692504883,9.365918159484863
10663,-1.897609829902649,9.433722496032715
10664,12.126873970031738,-2.8377084732055664
10665,-7.232707977294922,-4.144324779510498
10666,-1.196327805519104,-5.748626232147217
10667,7.021999835968018,-2.5578625202178955
10668,-0.9735027551651001,2.3063666820526123
10669,-0.3999123275279999,11.97132682800293
10670,-4.972583293914795,-0.2461012303829193
10671,-0.7621134519577026,-9.15078353881836
10672,-8.140088081359863,1.166979432106018
10673,-1.6899856328964233,-1.8905352354049683
10674,7.551553726196289,0.10328938812017441
10675,1.6226813793182373,-5.523906230926514
10676,8.553458213806152,7.972201824188232
10677,1.8288384675979614,-9.644074440002441
10678,-0.4289562404155731,0.70741868019104
10679,15.517800331115723,9.704811096191406
10680,5.709695339202881,-6.523036479949951
10681,8.934094429016113,-3.64158296585083
10682,11.63417911529541,3.967757225036621
10683,-5.591601371765137,10.421794891357422
10684,14.966211318969727,9.219651222229004
10685,-0.8797845840454102,-2.2820756435394287
10686,-0.21709825098514557,-9.150596618652344
10687,8.835339546203613,-5.7419538497924805
10688,-0.053152453154325485,-2.0153753757476807
10689,-0.7501441240310669,-0.07865134626626968
10690,-0.03138543292880058,-0.8666256666183472
10691,-5.070507526397705,5.157193183898926
10692,1.6708016395568848,-4.765326499938965
10693,2.139362096786499,-7.650173187255859
10694,1.9601552486419678,-4.590828895568848
10695,-8.138130187988281,0.012663744390010834
10696,4.677910804748535,-3.072017192840576
10697,9.098483085632324,1.0339195728302002
10698,-9.671092987060547,6.1161208152771
10699,5.5197367668151855,-0.206946462392807
10700,1.3858813047409058,-8.213330268859863
10701,-0.6267726421356201,-2.90863037109375
10702,1.4587434530258179,-8.24593734741211
10703,2.330991744995117,2.039614200592041
10704,8.489197731018066,-1.9201799631118774
10705,-6.139073371887207,-1.9366576671600342
10706,0.9381911158561707,-6.415678024291992
10707,-7.325743198394775,10.453182220458984
10708,-8.765541076660156,1.0994346141815186
10709,-7.258138656616211,2.60347318649292
10710,1.120392918586731,-8.938521385192871
10711,-3.1684722900390625,-2.7709522247314453
10712,12.822064399719238,4.069713592529297
10713,1.7468793392181396,-4.162466526031494
10714,8.222111701965332,1.0708447694778442
10715,0.6498062014579773,1.840651273727417
10716,3.563183546066284,-7.644049644470215
10717,-2.5994577407836914,-3.478480815887451
10718,5.083675384521484,-2.4442734718322754
10719,-0.1309022307395935,1.0630810260772705
10720,1.435918927192688,-3.4600584506988525
10721,-6.053388595581055,-3.348158836364746
10722,6.348799228668213,5.467755317687988
10723,8.037771224975586,-3.914613723754883
10724,-1.9583319425582886,-3.7922444343566895
10725,0.3629218339920044,1.2129924297332764
10726,-0.12539447844028473,2.6829562187194824
10727,21.201725006103516,23.498796463012695
10728,-15.218205451965332,-15.946048736572266
10729,-5.376054763793945,9.473488807678223
10730,-22.597740173339844,-9.538481712341309
10731,-0.22497151792049408,2.2854349613189697
10732,-5.316508769989014,7.7108988761901855
10733,5.581246376037598,3.2559876441955566
10734,6.327289581298828,-8.724577903747559
10735,8.51961612701416,-2.0722594261169434
10736,1.7070890665054321,-6.853054046630859
10737,0.48740333318710327,0.014585670083761215
10738,-10.381300926208496,-8.013834953308105
10739,-0.16332143545150757,-0.04742612689733505
10740,-5.445709228515625,1.103508710861206
10741,0.49163398146629333,1.4507176876068115
10742,2.0253405570983887,-5.561904430389404
10743,1.7645930051803589,-6.721815586090088
10744,-0.1942334622144699,2.3339240550994873
10745,-0.6750171184539795,-3.7290475368499756
10746,4.252368927001953,3.377633810043335
10747,13.356932640075684,-1.3622162342071533
10748,13.268059730529785,6.462103843688965
10749,18.94791030883789,11.383602142333984
10750,-3.6836888790130615,11.416895866394043
10751,-2.0019845962524414,-6.802814483642578
10752,8.771519660949707,-1.5483680963516235
10753,-3.2230775356292725,4.84116268157959
10754,10.020594596862793,-2.0137946605682373
10755,-12.87038516998291,-17.23443603515625
10756,-6.469074249267578,3.412086248397827
10757,2.3640122413635254,1.8426390886306763
10758,-3.192295789718628,-1.0837996006011963
10759,-0.2694142162799835,2.2234444618225098
10760,8.288365364074707,-0.6596075296401978
10761,-11.45993709564209,-1.8655295372009277
10762,-1.70250403881073,-2.6598830223083496
10763,16.616716384887695,8.957513809204102
10764,1.0601450204849243,1.411111831665039
10765,-0.12966476380825043,-6.307893753051758
10766,2.4064955711364746,-0.8705925941467285
10767,13.991700172424316,-0.29478856921195984
10768,-8.360295295715332,1.46173894405365
10769,3.4608664512634277,-6.953589916229248
10770,14.40769100189209,4.633613109588623
10771,15.71972370147705,8.339420318603516
10772,-5.800767421722412,-4.015870094299316
10773,-0.3130285441875458,-2.5682406425476074
10774,11.819172859191895,0.9902305603027344
10775,-7.379054069519043,-10.37891960144043
10776,0.07869935035705566,-1.0812058448791504
10777,7.6170735359191895,-6.632503986358643
10778,13.33371353149414,7.239199161529541
10779,13.34774112701416,6.803234577178955
10780,13.037131309509277,-1.787855625152588
10781,-0.559528112411499,-9.581925392150879
10782,-1.662558913230896,10.542991638183594
10783,15.869632720947266,9.048125267028809
10784,10.251543998718262,1.2234597206115723
10785,-5.897353172302246,5.334552764892578
10786,-3.369389533996582,-2.8707375526428223
10787,0.4968973994255066,2.534736394882202
10788,12.556962013244629,4.75924825668335
10789,7.605551242828369,-0.22350546717643738
10790,8.628522872924805,2.258816719055176
10791,-1.4568824768066406,-0.3357940912246704
10792,13.044833183288574,-1.1328368186950684
10793,-5.178525447845459,-0.4591233432292938
10794,-3.588308811187744,-4.1828460693359375
10795,-17.21613121032715,-18.18488311767578
10796,-0.5158260464668274,1.4477550983428955
10797,-10.166701316833496,6.92742395401001
10798,-3.176204204559326,4.14165735244751
10799,1.7793992757797241,-4.186718463897705
10800,-0.5341205596923828,1.7097158432006836
10801,1.8437384366989136,-7.720673084259033
10802,1.6330996751785278,-5.2723002433776855
10803,0.826214611530304,-4.267858982086182
10804,-2.8579940795898438,1.622385025024414
10805,-2.3004343509674072,4.034165382385254
10806,-0.9179327487945557,0.8582751154899597
10807,-2.5235419273376465,0.8826175928115845
10808,1.703881859779358,-1.1403790712356567
10809,2.882614850997925,-5.11115837097168
10810,7.537818431854248,23.042394638061523
10811,1.4654585123062134,-3.915289878845215
10812,-7.986204147338867,3.6430349349975586
10813,-9.67334270477295,-2.336892604827881
10814,13.029045104980469,-2.730712413787842
10815,-0.9221565127372742,-5.959558010101318
10816,-0.9019215703010559,1.7641127109527588
10817,-14.398087501525879,-12.88335132598877
10818,1.5354570150375366,-3.6118323802948
10819,-8.188414573669434,10.433802604675293
10820,2.341545820236206,-5.775702953338623
10821,13.988898277282715,-0.1714594066143036
10822,-2.827082633972168,4.157852649688721
10823,-5.032134056091309,8.198004722595215
10824,5.397019386291504,-1.0277235507965088
10825,-25.945842742919922,-21.32721710205078
10826,2.371877908706665,3.640624523162842
10827,-6.693167686462402,-6.538218021392822
10828,0.679547905921936,-3.7946982383728027
10829,6.344590663909912,23.176959991455078
10830,-11.943899154663086,-1.8623685836791992
10831,10.91706371307373,-0.48610445857048035
10832,-1.139025092124939,6.054141044616699
10833,2.1158690452575684,3.0091307163238525
10834,-10.359566688537598,0.7838884592056274
10835,2.6534743309020996,-1.1340110301971436
10836,-5.778993606567383,-5.220473766326904
10837,-3.5997238159179688,5.910293102264404
10838,0.6446822285652161,-1.399595022201538
10839,16.196178436279297,10.81124496459961
10840,-1.5225061178207397,-4.219856262207031
10841,1.309150218963623,1.8942756652832031
10842,-5.039400577545166,-0.8691079616546631
10843,-8.400643348693848,-1.8716473579406738
10844,9.863818168640137,0.6672511100769043
10845,1.5325044393539429,-5.862087249755859
10846,-6.065792083740234,-2.0133771896362305
10847,-7.229670524597168,-9.072148323059082
10848,0.07424263656139374,-0.758540689945221
10849,-0.7962676286697388,2.8914358615875244
10850,1.9136431217193604,-5.075771331787109
10851,-4.703131675720215,-9.951050758361816
10852,-9.929350852966309,-12.479763984680176
10853,-6.540496349334717,-10.278807640075684
10854,-0.13287441432476044,0.9759857654571533
10855,-6.457480430603027,1.8159936666488647
10856,-1.7532027959823608,-0.8081704378128052
10857,0.35282161831855774,-0.03783629834651947
10858,1.6124403476715088,-4.137032508850098
10859,-4.276679992675781,-3.358391284942627
10860,-0.12767519056797028,2.9698240756988525
10861,-15.921012878417969,0.6585133075714111
10862,-6.087706565856934,-0.6848645210266113
10863,-6.561811447143555,-4.698988437652588
10864,-10.257818222045898,-17.055776596069336
10865,2.7597107887268066,3.3787803649902344
10866,-5.571249961853027,-6.008991718292236
10867,4.184532165527344,-2.196650266647339
10868,9.204309463500977,-1.718351125717163
10869,-7.997847557067871,-3.369283437728882
10870,-6.367701053619385,-6.6913838386535645
10871,6.074222564697266,-7.92880392074585
10872,-14.097328186035156,-10.683520317077637
10873,0.36383256316185,-8.814881324768066
10874,-17.569774627685547,-5.584792137145996
10875,-3.8404788970947266,7.841834545135498
10876,-10.537567138671875,-9.512452125549316
10877,2.5474584102630615,-4.724621772766113
10878,-6.495327949523926,-1.3746029138565063
10879,-11.895511627197266,-8.833207130432129
10880,0.033009085804224014,-5.360509872436523
10881,-3.1853766441345215,1.915859341621399
10882,3.808832883834839,-0.1767381727695465
10883,9.243565559387207,-1.8543345928192139
10884,-9.21906852722168,-7.676515579223633
10885,-4.47866153717041,-3.823179244995117
10886,-6.148213863372803,0.003978632390499115
10887,-5.102678298950195,-2.3478245735168457
10888,0.8166354894638062,-2.095562696456909
10889,8.975603103637695,-0.3641572892665863
10890,1.3061258792877197,-2.2834954261779785
10891,-7.4072747230529785,-13.323204040527344
10892,1.0227210521697998,-4.295177459716797
10893,-17.614978790283203,-20.035860061645508
10894,10.739523887634277,-1.0532993078231812
10895,9.914877891540527,0.30803170800209045
10896,0.5657097697257996,-2.124817371368408
10897,8.850346565246582,-1.339813470840454
10898,-18.168569564819336,-20.94278335571289
10899,1.1350347995758057,-1.3760759830474854
10900,0.8018372058868408,0.5325115919113159
10901,0.004310537129640579,1.3045531511306763
10902,-9.346240043640137,-9.037959098815918
10903,-0.29928311705589294,2.4373068809509277
10904,2.417971134185791,-5.669416427612305
10905,-4.836867809295654,7.746467113494873
10906,-0.5456790328025818,-6.060263156890869
10907,-0.10353590548038483,2.30786395072937
10908,-2.1856956481933594,0.12240386754274368
10909,5.966187477111816,14.126875877380371
10910,-1.9580808877944946,7.563704490661621
10911,16.640316009521484,9.930411338806152
10912,12.108800888061523,-0.5189163684844971
10913,1.0899840593338013,-5.115992069244385
10914,-2.5998103618621826,8.971659660339355
10915,2.963014841079712,-8.579955101013184
10916,1.411981225013733,-2.045405387878418
10917,11.95267391204834,5.323797702789307
10918,-3.6345441341400146,3.0792746543884277
10919,0.5056845545768738,-2.789173126220703
10920,-0.3651745617389679,0.8497587442398071
10921,-0.25911369919776917,2.790050983428955
10922,16.859615325927734,11.589727401733398
10923,1.6146446466445923,-6.687074661254883
10924,4.277336597442627,-1.5180891752243042
10925,-8.610908508300781,-12.165972709655762
10926,-0.3633958399295807,2.2869720458984375
10927,1.917136788368225,-8.224335670471191
10928,-7.108344078063965,-0.9720944166183472
10929,11.229974746704102,2.895805835723877
10930,-2.9141130447387695,2.2679972648620605
10931,-1.960502028465271,10.621600151062012
10932,-5.243354797363281,-3.186589241027832
10933,0.41692057251930237,0.7451534271240234
10934,4.243561744689941,-3.2956881523132324
10935,1.0724350214004517,-1.0795271396636963
10936,9.948075294494629,-1.3835945129394531
10937,-0.2162788063287735,2.0925121307373047
10938,-2.235013484954834,-6.624459266662598
10939,-4.137233734130859,-10.041407585144043
10940,5.062191486358643,6.542981147766113
10941,-0.846558153629303,1.4420560598373413
10942,-7.860507011413574,8.460370063781738
10943,1.0027464628219604,-9.67004680633545
10944,2.0612897872924805,0.5950477123260498
10945,-9.732831001281738,-7.2493367195129395
10946,-9.011873245239258,-2.2592947483062744
10947,-0.5882142186164856,1.2579617500305176
10948,-11.277678489685059,-9.493069648742676
10949,-7.01753044128418,-11.596989631652832
10950,-9.602295875549316,-7.548227787017822
10951,0.04964559152722359,2.465202808380127
10952,3.5390853881835938,-4.573431491851807
10953,-11.854084968566895,-7.961009502410889
10954,-4.456927299499512,3.7202987670898438
10955,-3.3000588417053223,7.747290134429932
10956,1.4174124002456665,-6.188933849334717
10957,0.16026704013347626,-0.26343896985054016
10958,6.7138590812683105,-0.9629935026168823
10959,-1.4741238355636597,0.5737517476081848
10960,-6.722136497497559,-3.3802490234375
10961,-3.9986629486083984,-5.856229782104492
10962,-2.0334980487823486,-0.02596423774957657
10963,-2.5717573165893555,-1.6585954427719116
10964,0.2804352641105652,-3.5943853855133057
10965,-12.431166648864746,-16.24701499938965
10966,15.744294166564941,9.946548461914062
10967,0.9346288442611694,3.0413689613342285
10968,-4.779166221618652,9.719093322753906
10969,11.274323463439941,-0.17783424258232117
10970,2.1161324977874756,-7.038188934326172
10971,3.933812141418457,-2.016477346420288
10972,8.612335205078125,-2.4756054878234863
10973,2.1837289333343506,-3.7268781661987305
10974,12.626636505126953,-0.5069255828857422
10975,9.887860298156738,-0.2512829005718231
10976,1.3816150426864624,-6.453939914703369
10977,-7.708188056945801,11.125171661376953
10978,1.2787259817123413,-8.777016639709473
10979,0.9858513474464417,-6.918068885803223
10980,9.818312644958496,2.1123099327087402
10981,2.409928798675537,-6.350166320800781
10982,-8.102348327636719,5.370072364807129
10983,-4.05987024307251,-3.0482144355773926
10984,14.673978805541992,-1.5371489524841309
10985,2.0931694507598877,-4.9938645362854
10986,-17.07804298400879,-19.737401962280273
10987,-4.536008834838867,0.4588802754878998
10988,-0.026219572871923447,0.20446336269378662
10989,-9.348628044128418,-4.4388346672058105
10990,-11.989315032958984,-15.093093872070312
10991,-3.9590377807617188,-7.087283134460449
10992,-25.366592407226562,-19.663244247436523
10993,-6.543698310852051,0.6941519975662231
10994,4.967745304107666,-3.3420639038085938
10995,-8.853203773498535,-11.479902267456055
10996,9.716641426086426,-0.47933194041252136
10997,-0.5717364549636841,1.1596381664276123
10998,11.15931510925293,-1.2188047170639038
10999,-2.1546969413757324,2.7096590995788574
11000,10.251444816589355,-4.98324728012085
11001,-14.127510070800781,-18.69382667541504
11002,-4.562311172485352,6.5338053703308105
11003,1.6521390676498413,-4.509433746337891
11004,1.6866761445999146,-10.29903507232666
11005,-6.251156806945801,1.415109395980835
11006,-7.279112815856934,-5.14438009262085
11007,2.2189149856567383,-2.4888060092926025
11008,1.5801857709884644,0.8024398684501648
11009,-20.898996353149414,-17.15478515625
11010,-1.4572514295578003,-0.9337247610092163
11011,-3.5149354934692383,1.0161176919937134
11012,2.136165142059326,-2.928955078125
11013,12.174792289733887,-0.9402024745941162
11014,-2.3201887607574463,2.125215530395508
11015,10.631880760192871,-1.0481044054031372
11016,0.8445515632629395,-7.383329391479492
11017,10.799104690551758,-1.6363930702209473
11018,0.08990605175495148,-1.454624891281128
11019,11.413601875305176,-2.084123134613037
11020,1.9137816429138184,-3.0448074340820312
11021,9.682683944702148,-0.5647423267364502
11022,1.0284000635147095,-8.431282997131348
11023,-25.552263259887695,-15.00559139251709
11024,-7.438686370849609,-2.46205997467041
11025,-5.628793716430664,2.3623781204223633
11026,5.503892421722412,16.8286075592041
11027,-13.317495346069336,-1.9182450771331787
11028,-7.822276592254639,-12.104388236999512
11029,1.4293267726898193,-7.742304801940918
11030,-0.4471454322338104,1.0245095491409302
11031,-14.087920188903809,-9.452425956726074
11032,-8.802911758422852,-7.341595649719238
11033,-3.7370834350585938,10.443150520324707
11034,6.703683853149414,-4.836309909820557
11035,-0.47170183062553406,-5.268144130706787
11036,-16.89813804626465,-0.1862083375453949
11037,-1.1910220384597778,0.2792341411113739
11038,11.576628684997559,5.624100685119629
11039,-3.1751317977905273,-3.2687559127807617
11040,0.04424161836504936,0.6390593647956848
11041,6.201392650604248,5.183755397796631
11042,-19.62346839904785,-19.769132614135742
11043,-6.659445762634277,-8.150975227355957
11044,-1.5794109106063843,1.5575157403945923
11045,-23.791587829589844,-10.409100532531738
11046,8.39128589630127,-2.0813839435577393
11047,11.219889640808105,-0.26676222681999207
11048,1.9398903846740723,-2.6004414558410645
11049,14.127537727355957,-1.342808485031128
11050,-4.315346717834473,-4.288857460021973
11051,9.782195091247559,-0.9701642990112305
11052,0.15659961104393005,1.1336323022842407
11053,-2.7161569595336914,3.9924960136413574
11054,1.3615663051605225,-4.338088512420654
11055,-1.3288650512695312,7.216354846954346
11056,1.8446201086044312,-2.9063355922698975
11057,5.718443870544434,9.456452369689941
11058,-13.025242805480957,-1.3227307796478271
11059,0.7546331882476807,-8.488941192626953
11060,-5.2351155281066895,11.379406929016113
11061,1.088671326637268,-7.865680694580078
11062,10.565635681152344,0.6742286682128906
11063,-2.381836175918579,-5.2505412101745605
11064,-10.140381813049316,-6.002784252166748
11065,-3.901020050048828,-0.18078574538230896
11066,1.7299187183380127,-6.159912586212158
11067,15.660015106201172,11.026507377624512
11068,-10.349384307861328,-9.664453506469727
11069,-7.14745569229126,-2.767866611480713
11070,6.275554656982422,-1.4331773519515991
11071,-5.740837097167969,0.23933008313179016
11072,-1.5488783121109009,3.1334385871887207
11073,-6.394933700561523,-0.012892581522464752
11074,-5.079550743103027,0.399240106344223
11075,-5.260225296020508,-11.141509056091309
11076,21.813241958618164,17.972166061401367
11077,5.390719890594482,-2.1326065063476562
11078,9.810469627380371,-2.175715208053589
11079,0.5530989170074463,2.32096791267395
11080,-10.147538185119629,-16.219141006469727
11081,-22.563907623291016,-18.10690689086914
11082,1.4633049964904785,-2.89243221282959
11083,7.761397361755371,2.9730734825134277
11084,-8.239119529724121,-2.356133222579956
11085,3.1224584579467773,-6.992116928100586
11086,2.353520631790161,2.784390449523926
11087,5.88300895690918,16.94327735900879
11088,0.37996989488601685,1.0815263986587524
11089,-11.026844024658203,-16.687631607055664
11090,-2.158029079437256,-9.07386302947998
11091,-1.226843237876892,-3.31083345413208
11092,-4.838315963745117,4.929477214813232
11093,-0.32337114214897156,0.147068589925766
11094,11.642882347106934,0.7019741535186768
11095,1.2046273946762085,-4.891152381896973
11096,-7.446332931518555,1.3309038877487183
11097,6.872937202453613,3.863858699798584
11098,12.759209632873535,-2.2964208126068115
11099,10.761236190795898,1.4929085969924927
11100,-1.109854817390442,-0.8508963584899902
11101,4.289521217346191,15.60842227935791
11102,21.06991958618164,19.139575958251953
11103,11.834419250488281,1.339634895324707
11104,-15.813272476196289,-19.30242919921875
11105,-5.257953643798828,2.166553258895874
11106,-0.3745417296886444,1.7702627182006836
11107,4.159276962280273,-1.9200389385223389
11108,-7.088318347930908,4.297374248504639
11109,-0.6637104153633118,1.6023283004760742
11110,-4.091376781463623,-8.177872657775879
11111,1.9552780389785767,-7.160533905029297
11112,1.0621939897537231,-3.5594770908355713
11113,13.260197639465332,-1.8597629070281982
11114,9.955195426940918,15.62063217163086
11115,-20.355070114135742,-16.878652572631836
11116,-6.985013484954834,-4.909373760223389
11117,3.765249252319336,-5.9512715339660645
11118,-1.277077078819275,2.616426467895508
11119,-7.504844665527344,-0.07168445736169815
11120,-4.512542724609375,-2.73221492767334
11121,2.1211748123168945,-8.073237419128418
11122,1.3934603929519653,-1.53040611743927
11123,11.106730461120605,-2.260571241378784
11124,-23.464374542236328,-22.152856826782227
11125,5.562891483306885,21.150968551635742
11126,-2.4764528274536133,-11.03192138671875
11127,-16.3359432220459,-4.853984832763672
11128,1.5377756357192993,-7.27918004989624
11129,12.639082908630371,-2.022840738296509
11130,-4.200870037078857,2.8035929203033447
11131,-8.237000465393066,-0.24567636847496033
11132,11.739371299743652,0.598574161529541
11133,0.016482342034578323,2.500838279724121
11134,-4.242356300354004,0.802206814289093
11135,-3.8210580348968506,0.6374493837356567
11136,5.5830230712890625,0.059816859662532806
11137,-1.219805121421814,-0.36224260926246643
11138,2.1515092849731445,-7.874581813812256
11139,3.75321364402771,0.41672882437705994
11140,2.494075298309326,-6.469109058380127
11141,1.5098724365234375,-5.225973129272461
11142,-2.2865724563598633,-5.25085973739624
11143,3.337831974029541,-3.5843305587768555
11144,-15.828429222106934,-8.540753364562988
11145,1.96135675907135,-7.387829780578613
11146,9.4171781539917,-2.25138258934021
11147,-7.360175132751465,-3.1352896690368652
11148,-11.543330192565918,-3.9683337211608887
11149,-0.2966582477092743,2.865325927734375
11150,0.6264839172363281,-4.023838043212891
11151,1.192191481590271,-8.598570823669434
11152,6.063087463378906,-2.302738666534424
11153,6.922511100769043,-7.000814914703369
11154,10.1910400390625,-2.574584722518921
11155,1.9253084659576416,-10.233355522155762
11156,-6.637348175048828,2.1224944591522217
11157,-1.310677170753479,-6.900672435760498
11158,11.109219551086426,0.6546066999435425
11159,7.764377117156982,-4.326782703399658
11160,8.809666633605957,-6.09374475479126
11161,-3.6700329780578613,-4.229818820953369
11162,-7.6807451248168945,-1.7194557189941406
11163,-1.2280851602554321,1.5990976095199585
11164,-10.420464515686035,-11.414834022521973
11165,-6.11088752746582,-6.346229553222656
11166,3.8964076042175293,22.369298934936523
11167,-2.1604952812194824,-3.675931930541992
11168,0.03865564242005348,1.4035656452178955
11169,12.167853355407715,5.119068622589111
11170,5.919553756713867,22.370197296142578
11171,-0.20356015861034393,-5.4369120597839355
11172,-6.82268762588501,-3.478425979614258
11173,1.486018180847168,-7.9575958251953125
11174,-5.075778961181641,-5.47735071182251
11175,-1.3152415752410889,11.702956199645996
11176,1.6818991899490356,-3.891721725463867
11177,-5.098819732666016,-3.821579933166504
11178,-7.608565330505371,-0.25575074553489685
11179,12.41891098022461,-0.2078211009502411
11180,1.8544094562530518,-9.857824325561523
11181,-0.9795032739639282,0.9798535108566284
11182,0.14196684956550598,-8.712756156921387
11183,6.146121025085449,-1.7998168468475342
11184,9.095598220825195,1.0368783473968506
11185,0.15823392570018768,-5.36616849899292
11186,9.934563636779785,0.30056145787239075
11187,15.215316772460938,8.883749961853027
11188,11.33102798461914,-0.9953320026397705
11189,7.290290832519531,14.639591217041016
11190,-9.601515769958496,5.303249835968018
11191,15.935162544250488,9.552454948425293
11192,-0.9385000467300415,1.7658238410949707
11193,7.083004951477051,4.121890544891357
11194,9.413256645202637,0.7454426288604736
11195,11.28089427947998,-0.647681713104248
11196,10.669020652770996,-2.1537837982177734
11197,0.5260149836540222,-1.4737215042114258
11198,-0.11673720180988312,-1.707735300064087
11199,2.9092907905578613,-7.040364742279053
11200,0.9512647390365601,4.32296895980835
11201,0.21192772686481476,-1.066636085510254
11202,8.433319091796875,-1.729338526725769
11203,-7.519820213317871,-2.8426640033721924
11204,3.5630316734313965,-8.941437721252441
11205,8.149456024169922,-2.4701948165893555
11206,9.848437309265137,0.8020055294036865
11207,12.004146575927734,2.4305756092071533
11208,-5.717816352844238,5.226303577423096
11209,7.876096725463867,-2.26356840133667
11210,6.016758918762207,-6.1037516593933105
11211,6.622479438781738,-6.550412654876709
11212,-1.2815450429916382,0.8364006280899048
11213,-1.8532418012619019,1.9918723106384277
11214,-1.2153654098510742,-2.849336624145508
11215,2.9852545261383057,-2.766483783721924
11216,11.948657989501953,-0.767287015914917
11217,-2.776697874069214,0.3836278021335602
11218,0.3075474798679352,-9.383302688598633
11219,12.990736961364746,0.25466445088386536
11220,-0.44221270084381104,0.9023536443710327
11221,0.40180954337120056,-8.554912567138672
11222,-0.9546578526496887,1.5920262336730957
11223,4.686990737915039,-8.4072847366333
11224,1.5984059572219849,-3.364260673522949
11225,-0.34077927470207214,2.6689910888671875
11226,1.6276615858078003,-6.269007205963135
11227,-6.375109672546387,-3.7007246017456055
11228,1.0454682111740112,-8.201815605163574
11229,4.113697052001953,2.690390110015869
11230,-2.213484287261963,-1.3539279699325562
11231,-5.573723793029785,1.250235676765442
11232,5.233310699462891,-7.1326069831848145
11233,-4.337430000305176,1.1607517004013062
11234,-6.377365589141846,6.063052177429199
11235,-7.228039741516113,-0.3904683291912079
11236,0.8611165285110474,-1.8162782192230225
11237,2.376016616821289,-4.382360935211182
11238,0.747739315032959,-6.045308589935303
11239,1.2577755451202393,-8.455694198608398
11240,-5.014453887939453,7.885403156280518
11241,4.965120792388916,5.061633110046387
11242,2.1537466049194336,-7.7570390701293945
11243,15.742396354675293,8.55632495880127
11244,-1.9589096307754517,3.328474283218384
11245,3.6744377613067627,-1.6225271224975586
11246,8.19058609008789,19.118762969970703
11247,-1.5327316522598267,-9.102457046508789
11248,-16.11762237548828,-16.222450256347656
11249,-3.343987226486206,-7.049017906188965
11250,1.4127086400985718,-6.400273323059082
11251,-8.454297065734863,-4.510721683502197
11252,-1.529352068901062,3.536827564239502
11253,8.329442024230957,-1.9453537464141846
11254,12.651015281677246,-0.5797288417816162
11255,-4.247540473937988,-11.31450366973877
11256,-0.25624752044677734,1.2831146717071533
11257,-0.9354296922683716,1.8795907497406006
11258,3.2910709381103516,-0.4600282609462738
11259,11.700931549072266,-1.2468897104263306
11260,-1.701918363571167,3.5245988368988037
11261,-8.78102970123291,2.703364610671997
11262,2.192366123199463,-8.50509262084961
11263,-12.346375465393066,-17.20003890991211
11264,4.089737892150879,-0.7459856867790222
11265,11.934673309326172,-0.26143786311149597
11266,16.748519897460938,11.215415954589844
11267,-0.21125973761081696,-6.531710624694824
11268,1.2870956659317017,-6.9340033531188965
11269,0.5991503000259399,-9.248865127563477
11270,-3.272350311279297,-6.950052261352539
11271,11.195005416870117,3.8449082374572754
11272,-0.1913127452135086,1.829380989074707
11273,-5.376415729522705,-8.535508155822754
11274,-23.559001922607422,-19.9987850189209
11275,7.478174686431885,-1.824439287185669
11276,-7.739106178283691,-0.16905483603477478
11277,-7.414525032043457,-4.205786228179932
11278,-1.92446768283844,12.015763282775879
11279,-9.038561820983887,-5.7255706787109375
11280,-5.010954856872559,-3.600358009338379
11281,9.585989952087402,-2.103670835494995
11282,0.9199208617210388,-8.228163719177246
11283,0.7257403135299683,1.0535380840301514
11284,-6.065623760223389,-1.916340947151184
11285,3.841146230697632,22.8663387298584
11286,-4.0857744216918945,-5.324275493621826
11287,1.2542905807495117,-8.575216293334961
11288,1.6508554220199585,-1.4906032085418701
11289,2.1420600414276123,-6.09579610824585
11290,1.7122173309326172,-3.0315394401550293
11291,2.759723424911499,5.8821892738342285
11292,-7.17953634262085,-5.3217363357543945
11293,-12.863198280334473,-1.422418236732483
11294,10.963696479797363,3.0858612060546875
11295,-11.937397956848145,-17.99431610107422
11296,-7.071588516235352,-1.9734010696411133
11297,5.165457725524902,-8.069605827331543
11298,-9.233020782470703,-2.676352024078369
11299,0.7199152112007141,-1.818656086921692
11300,1.7279032468795776,-9.835067749023438
11301,-4.502457618713379,4.771481990814209
11302,-1.0322283506393433,0.43283477425575256
11303,-1.6794157028198242,2.9053194522857666
11304,-21.027647018432617,-20.67474937438965
11305,13.364649772644043,-2.8190324306488037
11306,2.28318190574646,-5.52492618560791
11307,-8.030510902404785,-3.9109742641448975
11308,5.542301177978516,4.983246326446533
11309,-7.182721138000488,8.953407287597656
11310,-9.076128959655762,-13.02205753326416
11311,2.2736294269561768,-1.3754836320877075
11312,9.91271686553955,-3.6204471588134766
11313,-7.709419250488281,-6.2296953201293945
11314,0.091672882437706,-0.32009589672088623
11315,2.5926060676574707,-7.459511756896973
11316,-4.761096954345703,-4.30073881149292
11317,1.143873929977417,-4.400089263916016
11318,-4.523989677429199,-1.2456626892089844
11319,9.81564998626709,-2.1427628993988037
11320,-2.271353006362915,-5.528860569000244
11321,1.1095588207244873,-4.860587120056152
11322,12.29874038696289,27.120391845703125
11323,7.499445915222168,-1.568763256072998
11324,11.906378746032715,5.40753173828125
11325,-8.841253280639648,-12.065506935119629
11326,2.097487449645996,-3.179929256439209
11327,-0.10872535407543182,-0.32733994722366333
11328,-7.449073791503906,8.215693473815918
11329,1.6272187232971191,-6.974038600921631
11330,-5.430994033813477,-1.0200484991073608
11331,1.3649393320083618,-6.771520137786865
11332,-8.994988441467285,-5.202339172363281
11333,0.01562361791729927,-7.761373996734619
11334,-17.580392837524414,-6.630201816558838
11335,-6.098052024841309,-3.4956936836242676
11336,-10.034405708312988,-2.2312142848968506
11337,24.122983932495117,26.402311325073242
11338,13.584465980529785,-0.24983927607536316
11339,1.967862606048584,2.4266357421875
11340,-7.864042282104492,0.7116210460662842
11341,8.086813926696777,-5.886828422546387
11342,0.8134211301803589,-3.3270506858825684
11343,1.5640838146209717,-7.398518085479736
11344,-1.3815635442733765,-7.146449565887451
11345,-2.1943726539611816,-2.501349449157715
11346,5.7552947998046875,-6.2986226081848145
11347,6.737055778503418,12.53275203704834
11348,5.723628997802734,0.31561151146888733
11349,-13.2310152053833,-17.90155792236328
11350,3.89840030670166,11.540539741516113
11351,-5.169652462005615,-10.51241397857666
11352,-3.795215606689453,-11.09731674194336
11353,-0.2015017420053482,2.2848241329193115
11354,-3.3042163848876953,4.850103855133057
11355,-6.033750534057617,-0.8752842545509338
11356,0.3022688925266266,1.728865385055542
11357,6.873116493225098,6.190545558929443
11358,-21.797481536865234,-19.607383728027344
11359,9.804591178894043,-1.7148257493972778
11360,-6.364566802978516,-1.3729559183120728
11361,11.55665111541748,0.6220026016235352
11362,0.2208736538887024,0.019859157502651215
11363,-5.469208717346191,0.14109721779823303
11364,0.5189192295074463,3.497675657272339
11365,-5.839926242828369,-6.226269721984863
11366,1.337586760520935,-4.9688920974731445
11367,11.936361312866211,-1.3197078704833984
11368,-0.8912221193313599,9.261404037475586
11369,-2.8668434619903564,-10.481231689453125
11370,4.667749404907227,-2.7957401275634766
11371,-3.7037107944488525,-1.2789247035980225
11372,-8.18734359741211,1.7239811420440674
11373,1.4690004587173462,-5.791873455047607
11374,-7.969927787780762,-5.907893657684326
11375,-2.291551113128662,8.166653633117676
11376,-8.22136402130127,-12.063511848449707
11377,8.628259658813477,-0.28603503108024597
11378,12.484518051147461,0.2101621925830841
11379,0.5676772594451904,-2.7979564666748047
11380,3.941826343536377,-4.591936111450195
11381,-9.835737228393555,-13.340411186218262
11382,1.483521819114685,-7.252904415130615
11383,5.435414791107178,24.72432518005371
11384,1.770304799079895,-8.99720573425293
11385,1.8737075328826904,-6.363861560821533
11386,-6.239264488220215,-0.09618190675973892
11387,9.224193572998047,33.58182907104492
11388,-24.16020965576172,-20.188364028930664
11389,-1.293942928314209,1.1592727899551392
11390,2.633455276489258,-5.0386481285095215
11391,-8.124282836914062,-1.9881263971328735
11392,-4.06664514541626,11.133868217468262
11393,-2.2552733421325684,-0.23730045557022095
11394,-2.8656935691833496,-2.3034520149230957
11395,0.16616366803646088,-1.6264090538024902
11396,-2.747199773788452,6.657079696655273
11397,4.244278430938721,9.89774227142334
11398,5.308450698852539,-3.1361067295074463
11399,2.2821364402770996,0.4609077274799347
11400,-5.634518623352051,9.46154499053955
11401,14.240168571472168,6.900174140930176
11402,12.230300903320312,-0.8774945735931396
11403,-0.36372584104537964,1.7420235872268677
11404,1.3936151266098022,1.1742929220199585
11405,-5.90102481842041,6.3543477058410645
11406,1.665281891822815,-0.9056611657142639
11407,1.5785692930221558,-0.2179274559020996
11408,9.470992088317871,-2.0809481143951416
11409,-6.266188621520996,7.108176231384277
11410,2.2857232093811035,-6.073768615722656
11411,-6.738530158996582,-5.100524425506592
11412,-25.22121810913086,-21.083826065063477
11413,-3.4528865814208984,0.6363962292671204
11414,-14.309906959533691,-5.513779163360596
11415,-0.3606809079647064,-8.791563987731934
11416,-5.958550453186035,6.43195104598999
11417,-13.71019458770752,-15.993321418762207
11418,-1.2966816425323486,0.13759422302246094
11419,1.8135274648666382,-10.361969947814941
11420,14.701627731323242,7.930825710296631
11421,-2.694755792617798,-2.74210262298584
11422,-0.376999169588089,-2.699099063873291
11423,9.516764640808105,-1.2933626174926758
11424,-8.750676155090332,-0.25142261385917664
11425,-0.03835582360625267,0.8542673587799072
11426,-8.16776180267334,-6.6231608390808105
11427,-5.856416702270508,-2.2119967937469482
11428,2.375504732131958,2.0900323390960693
11429,11.24527645111084,4.843538761138916
11430,-20.279699325561523,-17.805898666381836
11431,-0.32459205389022827,-8.81732177734375
11432,-7.4238200187683105,-11.915534019470215
11433,-6.545439720153809,-0.8102480173110962
11434,9.898909568786621,16.029481887817383
11435,13.267899513244629,7.842988967895508
11436,-17.957975387573242,-14.87003231048584
11437,8.618632316589355,-1.5853748321533203
11438,-0.5818812251091003,2.298126220703125
11439,8.158660888671875,6.962801456451416
11440,0.03704779967665672,0.15364354848861694
11441,0.23037634789943695,-6.311108112335205
11442,-6.11968469619751,-1.3715662956237793
11443,-3.727090835571289,-9.807175636291504
11444,16.299724578857422,10.646812438964844
11445,13.83362102508545,8.186797142028809
11446,0.12333491444587708,0.13843616843223572
11447,-0.0445430688560009,1.3418946266174316
11448,-14.550393104553223,-16.67115592956543
11449,-6.825252056121826,9.901711463928223
11450,-1.2773844003677368,2.769247531890869
11451,-4.169710159301758,-5.048545837402344
11452,13.569318771362305,-1.6459181308746338
11453,-5.379754066467285,-0.7430288195610046
11454,1.4529509544372559,-8.353804588317871
11455,-8.667953491210938,0.9527844190597534
11456,-6.620440483093262,-12.08913516998291
11457,-13.825186729431152,-9.93537425994873
11458,-0.25061559677124023,-0.00532880425453186
11459,0.7282505035400391,-6.768612384796143
11460,13.987149238586426,6.5544352531433105
11461,13.50757884979248,7.6860222816467285
11462,-3.5700125694274902,-1.3851318359375
11463,-2.1240811347961426,-0.5195989608764648
11464,10.882208824157715,14.951371192932129
11465,-1.936165452003479,-7.680126667022705
11466,4.198814392089844,4.352093696594238
11467,-2.829664707183838,-1.0762110948562622
11468,-6.438727378845215,7.192375659942627
11469,-6.5839972496032715,-5.482121467590332
11470,10.7007474899292,3.404177665710449
11471,10.793999671936035,-0.9374732971191406
11472,-1.039512038230896,-5.806095600128174
11473,4.561586856842041,-3.6997323036193848
11474,2.2218685150146484,-5.328792095184326
11475,6.623438835144043,-5.625429153442383
11476,-7.426401138305664,-1.9887442588806152
11477,9.577455520629883,8.217534065246582
11478,-2.5589089393615723,1.6997069120407104
11479,1.2505086660385132,-4.6584577560424805
11480,1.548594355583191,-3.2648799419403076
11481,-8.04811954498291,-7.433204174041748
11482,12.08149528503418,6.165745258331299
11483,13.578816413879395,-1.2102408409118652
11484,-15.0385103225708,-11.037724494934082
11485,10.383209228515625,1.0197064876556396
11486,-23.003414154052734,-19.83966636657715
11487,0.2713681757450104,-0.03808825463056564
11488,11.733593940734863,-0.8836359977722168
11489,10.275984764099121,0.6043648719787598
11490,5.88693904876709,-2.054262638092041
11491,1.7736098766326904,-9.344474792480469
11492,2.153536558151245,-0.24885430932044983
11493,9.749706268310547,-2.0602545738220215
11494,-0.8713886737823486,-1.670769453048706
11495,15.195996284484863,10.098023414611816
11496,-16.309402465820312,-19.50634765625
11497,8.125446319580078,-0.23102423548698425
11498,4.874619007110596,-0.011149175465106964
11499,10.936171531677246,2.348010540008545
11500,-3.588109016418457,2.2538392543792725
11501,4.242349624633789,23.499780654907227
11502,-1.2915889024734497,8.610095024108887
11503,7.892231464385986,-1.6547597646713257
11504,-15.268622398376465,-16.485353469848633
11505,1.1675195693969727,-6.346062660217285
11506,-11.302550315856934,-1.210622787475586
11507,0.783486008644104,7.275143146514893
11508,17.5560302734375,11.284960746765137
11509,-5.540978908538818,-0.17978313565254211
11510,11.52794361114502,1.6845431327819824
11511,11.69296932220459,3.8912546634674072
11512,1.0845327377319336,3.9732446670532227
11513,1.040270447731018,19.03363800048828
11514,1.0833740234375,-4.47716760635376
11515,8.3629789352417,7.302828311920166
11516,-4.523005485534668,-3.2646327018737793
11517,-10.218907356262207,-3.212229013442993
11518,7.751952171325684,-0.0834193006157875
11519,3.7936153411865234,-0.9703494906425476
11520,15.507170677185059,15.2677583694458
11521,-9.981207847595215,4.451724052429199
11522,1.613535761833191,-0.3004615604877472
11523,-2.907258987426758,-1.0818159580230713
11524,1.385551929473877,-7.353788375854492
11525,1.3899962902069092,-5.170383453369141
11526,1.6848886013031006,-8.985345840454102
11527,12.502277374267578,-1.765004277229309
11528,0.2898362874984741,-2.9262382984161377
11529,6.93110466003418,11.868597984313965
11530,16.664663314819336,19.922040939331055
11531,2.2895994186401367,-5.317595481872559
11532,11.617402076721191,-3.055860996246338
11533,13.049638748168945,-2.0211198329925537
11534,6.718830108642578,-3.5152268409729004
11535,2.1731338500976562,-0.09666306525468826
11536,-5.670254230499268,-2.0150084495544434
11537,-12.107574462890625,-5.397368907928467
11538,-3.985973358154297,1.2444031238555908
11539,-11.547286987304688,-0.8173800110816956
11540,1.0521743297576904,-3.4997572898864746
11541,-6.378243446350098,10.298588752746582
11542,12.26663589477539,3.3914783000946045
11543,-0.1923668086528778,-5.521429061889648
11544,-3.9044089317321777,4.472501277923584
11545,0.6953973770141602,-4.107024192810059
11546,-4.979348659515381,9.647910118103027
11547,10.735962867736816,-2.164161205291748
11548,-8.559647560119629,-5.4209418296813965
11549,7.777744293212891,-0.8811503648757935
11550,8.113368034362793,0.6272718906402588
11551,-5.924610137939453,-0.5952274799346924
11552,-5.717358112335205,-8.455775260925293
11553,-4.411354064941406,6.893028736114502
11554,2.213139295578003,19.482404708862305
11555,-6.439828872680664,0.27134376764297485
11556,-4.854988098144531,8.708349227905273
11557,-5.95837926864624,1.8555152416229248
11558,-12.090078353881836,-6.532827854156494
11559,0.2833070755004883,-0.2820841670036316
11560,-19.28249168395996,-19.51830291748047
11561,-0.5280255079269409,10.40637493133545
11562,1.0543447732925415,-4.613485813140869
11563,-8.024457931518555,-3.6068952083587646
11564,0.12271431088447571,1.7277754545211792
11565,3.1536316871643066,18.26290512084961
11566,-6.135187149047852,-5.380799293518066
11567,8.433181762695312,-0.7509541511535645
11568,14.956585884094238,10.184106826782227
11569,-15.017760276794434,-11.804559707641602
11570,8.2335844039917,2.259397029876709
11571,-6.910987854003906,2.3528993129730225
11572,1.2719545364379883,-3.078523635864258
11573,-0.9591184854507446,-1.911839485168457
11574,5.351486682891846,-4.925972938537598
11575,2.8726534843444824,-2.7329907417297363
11576,-2.3634886741638184,3.2413017749786377
11577,2.993248462677002,-5.303601264953613
11578,-1.2243179082870483,1.613342523574829
11579,8.758543014526367,-0.9190422296524048
11580,12.291670799255371,9.34190845489502
11581,-7.841100692749023,-1.7066364288330078
11582,16.593955993652344,10.96883773803711
11583,-1.4458800554275513,-0.73885178565979
11584,5.702360153198242,5.726362705230713
11585,9.0147123336792,-0.5778992176055908
11586,-0.3322696387767792,1.4095650911331177
11587,4.435391902923584,-2.209075927734375
11588,0.8458175659179688,-6.644819259643555
11589,1.1167151927947998,-0.9151063561439514
11590,-21.793474197387695,-22.01572036743164
11591,-0.47476598620414734,1.4507157802581787
11592,0.3594982922077179,-7.492777347564697
11593,9.757055282592773,-3.2838618755340576
11594,10.54219913482666,-1.3290214538574219
11595,0.31210777163505554,-0.6178814172744751
11596,7.211606025695801,-3.101022481918335
11597,-7.710674285888672,-12.026236534118652
11598,-9.728066444396973,-3.786290168762207
11599,6.3149309158325195,-6.392644882202148
11600,0.5613135099411011,13.119701385498047
11601,-7.7744059562683105,2.4263739585876465
11602,-2.612234115600586,-4.563315391540527
11603,-16.566173553466797,-19.07341194152832
11604,-1.8531568050384521,8.92336368560791
11605,-6.511176109313965,2.307615280151367
11606,0.9578787088394165,-7.930906772613525
11607,-2.3485562801361084,2.716932535171509
11608,-9.888554573059082,0.8169445991516113
11609,-4.212783336639404,10.170296669006348
11610,-15.389071464538574,-19.86716079711914
11611,-7.769895076751709,-3.2630372047424316
11612,14.117877006530762,0.11371400207281113
11613,-17.59017562866211,-19.864473342895508
11614,0.38801059126853943,-5.093821048736572
11615,-0.026246141642332077,2.5592503547668457
11616,-2.6261982917785645,2.6436471939086914
11617,-4.0591583251953125,-10.92129135131836
11618,-11.498409271240234,-16.55449104309082
11619,-3.8271913528442383,3.9874119758605957
11620,-3.2213029861450195,3.7801673412323
11621,1.557985544204712,-3.0015835762023926
11622,1.6874579191207886,-8.106365203857422
11623,-3.2444159984588623,3.6485157012939453
11624,2.1315865516662598,-5.509902000427246
11625,0.753882884979248,-3.6410536766052246
11626,11.717608451843262,1.891014814376831
11627,1.862560749053955,-2.968449592590332
11628,9.1447114944458,-3.0929551124572754
11629,-5.49373722076416,0.08786537498235703
11630,-0.14323191344738007,1.964308738708496
11631,-1.31607186794281,6.965444564819336
11632,-0.8346474766731262,2.9587111473083496
11633,16.871810913085938,9.879149436950684
11634,-14.393437385559082,-9.328451156616211
11635,-17.979835510253906,-19.39161491394043
11636,8.02437973022461,6.967893123626709
11637,-2.820528984069824,-3.8777623176574707
11638,3.277190685272217,-4.973081111907959
11639,5.710115909576416,4.636668682098389
11640,-2.397861957550049,0.5311157703399658
11641,1.2473317384719849,-3.1017661094665527
11642,-0.03357681259512901,0.0017097368836402893
11643,2.2372944355010986,-3.5822949409484863
11644,-0.06959834694862366,-7.4520263671875
11645,0.18716956675052643,-0.976330041885376
11646,5.51224422454834,2.9267563819885254
11647,-2.526776075363159,1.6295936107635498
11648,-7.891234874725342,-0.20240411162376404
11649,-7.4623541831970215,1.1227896213531494
11650,-5.853274822235107,-4.553555965423584
11651,0.24094606935977936,0.5417578220367432
11652,-6.657015800476074,3.0107898712158203
11653,1.1648894548416138,-4.438989162445068
11654,-23.788684844970703,-20.91377830505371
11655,-16.233009338378906,-9.141643524169922
11656,-23.425785064697266,-18.6033878326416
11657,-9.360527992248535,-6.304624080657959
11658,-15.358169555664062,-19.31106185913086
11659,1.1913012266159058,-7.386179447174072
11660,-0.5736239552497864,3.189448356628418
11661,-8.42531967163086,-1.636269211769104
11662,-7.479485988616943,-2.9914019107818604
11663,12.626815795898438,0.07566406577825546
11664,6.278797149658203,-1.0855062007904053
11665,-12.984838485717773,-1.4962443113327026
11666,18.43030548095703,16.306610107421875
11667,9.815206527709961,0.5242416858673096
11668,-1.0819193124771118,-7.572845458984375
11669,9.696824073791504,0.20703867077827454
11670,3.8678946495056152,0.4793958365917206
11671,-1.1520599126815796,1.2817492485046387
11672,-0.30270567536354065,2.5231683254241943
11673,-7.927204132080078,-6.531718730926514
11674,-8.000718116760254,-5.934200286865234
11675,-19.10573959350586,-13.846319198608398
11676,-2.4245147705078125,2.776763677597046
11677,7.181493282318115,6.318103313446045
11678,8.246959686279297,2.461717367172241
11679,8.389345169067383,8.173558235168457
11680,-0.684320330619812,-1.2587980031967163
11681,0.1617986559867859,-1.3332879543304443
11682,9.500479698181152,-1.0499255657196045
11683,0.5025246739387512,0.3524584472179413
11684,1.581860899925232,0.7582962512969971
11685,-14.218718528747559,-17.253257751464844
11686,1.205241084098816,-7.220662593841553
11687,-0.7624959945678711,1.5337679386138916
11688,-5.571871757507324,-4.793949604034424
11689,2.0372540950775146,0.026289381086826324
11690,0.37060055136680603,1.4873857498168945
11691,-0.17265160381793976,1.662563681602478
11692,-4.630558490753174,-3.092935085296631
11693,-0.4156930148601532,-3.2694687843322754
11694,-3.2776811122894287,6.602321624755859
11695,10.661575317382812,-1.505270004272461
11696,2.414661407470703,-4.043715953826904
11697,2.52872371673584,-0.05281435698270798
11698,9.232514381408691,-3.158670425415039
11699,0.4490768313407898,-4.511665344238281
11700,6.998019695281982,0.011283181607723236
11701,5.324171543121338,0.5131360292434692
11702,-11.082283973693848,-0.41563794016838074
11703,0.48522478342056274,-2.9338607788085938
11704,7.111944675445557,-0.9646898508071899
11705,1.8842045068740845,-1.4943464994430542
11706,0.6641093492507935,-2.1293435096740723
11707,-6.646456718444824,-13.575149536132812
11708,-5.981675148010254,-5.283283710479736
11709,-9.245707511901855,-1.1762504577636719
11710,19.661794662475586,17.44476318359375
11711,8.116103172302246,6.832413673400879
11712,-0.6879580020904541,-4.494273662567139
11713,-6.231993675231934,11.856390953063965
11714,-11.182333946228027,1.0338799953460693
11715,3.195988655090332,-1.239213466644287
11716,9.654702186584473,-4.617887496948242
11717,-1.151503324508667,-9.394031524658203
11718,-0.4290039837360382,0.8154847621917725
11719,6.267157077789307,4.191117286682129
11720,1.0635204315185547,-5.375324726104736
11721,1.172982096672058,-5.643208026885986
11722,-7.9287214279174805,-3.555429697036743
11723,2.1718122959136963,1.387016773223877
11724,-7.0493621826171875,-1.697524070739746
11725,8.800091743469238,-1.991803526878357
11726,5.480136871337891,-1.583458423614502
11727,4.157479286193848,-3.1579434871673584
11728,2.7518389225006104,19.594039916992188
11729,-1.5174906253814697,-11.034188270568848
11730,-13.39673900604248,-6.216983318328857
11731,17.96378517150879,12.86017894744873
11732,-4.085654258728027,-10.840470314025879
11733,1.600432276725769,-8.327346801757812
11734,4.852829933166504,3.545914888381958
11735,16.166540145874023,10.302375793457031
11736,7.423656463623047,6.541324138641357
11737,1.3881484270095825,-8.22700309753418
11738,6.25982141494751,-7.3804144859313965
11739,-11.75049114227295,-4.566501140594482
11740,3.5668206214904785,0.7079671025276184
11741,1.2752608060836792,-7.791223526000977
11742,-8.626498222351074,-0.22825369238853455
11743,-0.23983465135097504,1.384822964668274
11744,10.943462371826172,-1.9907777309417725
11745,6.027557373046875,-3.886737108230591
11746,14.644065856933594,9.00052261352539
11747,-16.692623138427734,-16.5961856842041
11748,10.990962982177734,1.0035924911499023
11749,8.937298774719238,7.865569114685059
11750,-9.766438484191895,-1.754629135131836
11751,10.166421890258789,0.2720079720020294
11752,9.495462417602539,-0.06600163131952286
11753,1.1770793199539185,-3.6274571418762207
11754,10.590115547180176,-1.2422021627426147
11755,0.06323458254337311,1.5337893962860107
11756,-11.968093872070312,-12.311064720153809
11757,14.239766120910645,-1.2577910423278809
11758,-20.834060668945312,-8.558137893676758
11759,0.15309830009937286,2.127981185913086
11760,1.4122906923294067,-9.492990493774414
11761,1.5427356958389282,-3.510725975036621
11762,10.739130020141602,-1.556692361831665
11763,1.83558189868927,-2.738196849822998
11764,0.19766391813755035,2.6758193969726562
11765,11.60668659210205,0.13495782017707825
11766,1.9940248727798462,-3.36333966255188
11767,-3.619081497192383,-3.0989279747009277
11768,-4.7064385414123535,-6.6679463386535645
11769,2.504577398300171,-7.204000949859619
11770,1.5429091453552246,-8.05610466003418
11771,-13.38631534576416,-17.49483871459961
11772,-2.503485918045044,-9.599407196044922
11773,-1.7200709581375122,-3.3536996841430664
11774,-5.475712776184082,-9.10837459564209
11775,2.650416374206543,-1.1909983158111572
11776,11.672667503356934,-2.6102099418640137
11777,-18.838289260864258,-20.140275955200195
11778,-6.828283309936523,-9.763331413269043
11779,1.1168591976165771,-6.4776716232299805
11780,-3.4477663040161133,-5.937060832977295
11781,-2.00268292427063,6.167166233062744
11782,9.450859069824219,-1.1558396816253662
11783,-17.41485023498535,-20.738248825073242
11784,5.678439140319824,-1.040374994277954
11785,2.8225998878479004,-5.0907721519470215
11786,3.8576292991638184,-2.529521942138672
11787,-8.396916389465332,3.4851088523864746
11788,-5.418023586273193,-0.6145795583724976
11789,8.276180267333984,-1.2719945907592773
11790,-3.056033134460449,4.446775913238525
11791,5.666662216186523,-2.6821553707122803
11792,-1.2352641820907593,-0.004583634436130524
11793,-3.0745673179626465,-3.3153135776519775
11794,0.8056939840316772,-7.110074520111084
11795,-0.026196572929620743,0.05607045441865921
11796,-6.662677764892578,-8.328152656555176
11797,2.8363375663757324,-5.040874481201172
11798,1.1315152645111084,-5.515149116516113
11799,12.319230079650879,5.773871898651123
11800,-0.41829127073287964,-4.747513294219971
11801,-0.2348966747522354,0.5021346807479858
11802,0.17508818209171295,-7.383813858032227
11803,8.587364196777344,-0.2554733455181122
11804,5.1387619972229,8.645638465881348
11805,12.28237247467041,5.545405864715576
11806,1.840136170387268,-10.48425006866455
11807,1.658332109451294,-7.08372163772583
11808,0.8368226885795593,-7.148761749267578
11809,1.8947595357894897,-3.138528823852539
11810,-15.155447959899902,-10.36133861541748
11811,-22.200414657592773,-19.382041931152344
11812,6.6982035636901855,-2.5701019763946533
11813,-9.121418952941895,-0.672636866569519
11814,-7.364930152893066,-4.448680400848389
11815,9.805317878723145,-2.721745252609253
11816,0.6672112941741943,1.2335784435272217
11817,1.1499820947647095,-2.444796323776245
11818,3.726426839828491,2.500577926635742
11819,-0.26733049750328064,2.464733600616455
11820,-6.693066596984863,-5.04226541519165
11821,6.946202754974365,-1.6755766868591309
11822,4.9319868087768555,-0.5435822010040283
11823,-23.901477813720703,-20.2456111907959
11824,0.021353382617235184,14.470059394836426
11825,-8.249544143676758,-2.7683207988739014
11826,5.623984336853027,-6.146956920623779
11827,9.68424129486084,0.4663372337818146
11828,1.385379433631897,-5.282177925109863
11829,-7.861525058746338,-4.509636878967285
11830,-10.493426322937012,2.9552721977233887
11831,1.3644248247146606,-0.3938350975513458
11832,-2.785275936126709,-0.07990709692239761
11833,1.9711629152297974,-3.852102041244507
11834,-12.748628616333008,1.1685618162155151
11835,5.44455623626709,1.9678606986999512
11836,-3.5607008934020996,0.7814781665802002
11837,-0.18061767518520355,10.353261947631836
11838,7.508284091949463,-1.6461395025253296
11839,-2.8690438270568848,4.670560359954834
11840,-11.448610305786133,-0.7854984402656555
11841,18.731189727783203,16.53115463256836
11842,-13.951338768005371,-12.068585395812988
11843,3.3455936908721924,-0.7440121173858643
11844,1.3057986497879028,-6.575106620788574
11845,1.3075191974639893,-6.409663677215576
11846,2.566209554672241,-5.253041744232178
11847,5.263336658477783,-5.924411296844482
11848,-7.084257125854492,3.2381744384765625
11849,-24.028764724731445,-22.230133056640625
11850,-13.359469413757324,-9.85535717010498
11851,-0.32452139258384705,0.3727166950702667
11852,3.564918041229248,-7.772360324859619
11853,2.4852375984191895,-3.920383930206299
11854,1.1817911863327026,-8.572159767150879
11855,-3.196422576904297,-4.230315685272217
11856,9.718348503112793,-2.021287441253662
11857,12.008734703063965,-0.3234867751598358
11858,0.03680260851979256,-0.3322572112083435
11859,-1.7575136423110962,7.987059116363525
11860,-12.028741836547852,-5.617307186126709
11861,6.344381332397461,-1.4597116708755493
11862,3.6347081661224365,18.858413696289062
11863,7.474384307861328,-5.0279622077941895
11864,1.075872540473938,-5.007030010223389
11865,5.574935436248779,-8.57514476776123
11866,11.135750770568848,-1.7634859085083008
11867,-12.405098915100098,-0.4058825671672821
11868,-1.9925237894058228,1.3917486667633057
11869,-1.8726152181625366,11.019883155822754
11870,0.49943807721138,-5.130388259887695
11871,-1.430196762084961,0.17110469937324524
11872,-5.390912055969238,-0.46567896008491516
11873,-4.177704811096191,-11.235756874084473
11874,-2.759361743927002,3.9896373748779297
11875,-6.182609558105469,-4.333047389984131
11876,-5.453043460845947,-0.37537285685539246
11877,9.631309509277344,-1.2288661003112793
11878,0.6704683899879456,-0.059135131537914276
11879,0.46502554416656494,-1.7848231792449951
11880,-14.356775283813477,-15.474211692810059
11881,0.9500536918640137,-2.1015219688415527
11882,2.397655725479126,-9.831753730773926
11883,-5.827832221984863,-0.8107261657714844
11884,-10.582388877868652,-9.588912010192871
11885,-2.7245869636535645,-6.727771282196045
11886,2.852550983428955,-6.1540751457214355
11887,-5.732123374938965,-0.6608666777610779
11888,-7.593643665313721,0.44474175572395325
11889,-8.31446361541748,-2.452098846435547
11890,-0.865322470664978,-2.5269627571105957
11891,0.7029396295547485,-7.4037089347839355
11892,1.6450350284576416,-4.688567161560059
11893,10.470856666564941,-1.5336828231811523
11894,-11.781558990478516,-9.741735458374023
11895,-3.2848289012908936,8.825361251831055
11896,0.3529108464717865,-1.5695996284484863
11897,17.546833038330078,11.087152481079102
11898,14.597078323364258,9.114439010620117
11899,7.384849548339844,0.05037178844213486
11900,1.8829418420791626,-3.1066460609436035
11901,1.7002040147781372,-6.367456912994385
11902,-7.206726551055908,-1.7391161918640137
11903,-6.189286231994629,-4.165116786956787
11904,-0.29319384694099426,-1.5085046291351318
11905,11.7526273727417,6.338796615600586
11906,1.7186963558197021,1.080431580543518
11907,12.907760620117188,-2.2865495681762695
11908,2.3991432189941406,-1.9668052196502686
11909,-8.483101844787598,3.427978038787842
11910,-11.135878562927246,-4.128701686859131
11911,11.958537101745605,1.6527073383331299
11912,-6.931277275085449,-10.611958503723145
11913,-2.0415830612182617,-2.096930503845215
11914,-4.4527587890625,-3.7790746688842773
11915,0.7941355109214783,3.5566201210021973
11916,0.39969557523727417,-0.2989014685153961
11917,13.696684837341309,-1.5447752475738525
11918,1.0711017847061157,-4.434151649475098
11919,-1.4403859376907349,8.965594291687012
11920,7.2426300048828125,-6.240559101104736
11921,-16.610517501831055,-5.169662952423096
11922,-16.000572204589844,-11.384620666503906
11923,13.165322303771973,-1.2817420959472656
11924,-0.835064172744751,-1.998291015625
11925,-0.3033007085323334,0.10453581064939499
11926,14.480437278747559,9.808918952941895
11927,6.464361667633057,4.632430553436279
11928,-7.904238700866699,-3.113010883331299
11929,-0.8652023673057556,0.4996972978115082
11930,3.4986186027526855,-9.366169929504395
11931,-8.901278495788574,4.653386116027832
11932,-0.24342043697834015,2.059023857116699
11933,-19.968849182128906,-14.772075653076172
11934,1.5004222393035889,-4.519163131713867
11935,8.536831855773926,-1.3442506790161133
11936,2.3791890144348145,-7.437314033508301
11937,-6.047475814819336,3.0146586894989014
11938,-20.152973175048828,-21.24234390258789
11939,5.7202348709106445,-3.1685187816619873
11940,2.7917964458465576,-6.414822101593018
11941,3.824578046798706,-5.179279804229736
11942,-0.3251396119594574,1.7372990846633911
11943,-5.7221455574035645,-0.3007274568080902
11944,2.4234588146209717,1.5828592777252197
11945,-11.713479042053223,-9.948474884033203
11946,-1.742691159248352,-3.2881686687469482
11947,6.476727485656738,-1.241298794746399
11948,5.703419208526611,-7.993494510650635
11949,-8.395506858825684,2.165727138519287
11950,16.95043182373047,9.993324279785156
11951,6.621574401855469,-2.286550283432007
11952,-0.35725441575050354,0.7719495892524719
11953,-9.270650863647461,-0.026896454393863678
11954,-10.131413459777832,1.4110368490219116
11955,-3.4673454761505127,-1.8772785663604736
11956,-9.777194023132324,-0.032498158514499664
11957,1.0506833791732788,0.6159775257110596
11958,8.632044792175293,-1.6449201107025146
11959,0.49559488892555237,0.6889917850494385
11960,-7.659286975860596,-1.6148161888122559
11961,-14.823394775390625,-1.6056264638900757
11962,11.88293170928955,-0.7604761123657227
11963,0.24144652485847473,-3.3750293254852295
11964,8.47234058380127,6.799920558929443
11965,5.916561126708984,5.152454853057861
11966,0.9348456859588623,1.003417730331421
11967,11.344819068908691,-0.9873422384262085
11968,14.12049388885498,6.591847896575928
11969,-4.552085876464844,4.566254138946533
11970,1.8691250085830688,-0.9737762808799744
11971,17.297409057617188,12.863520622253418
11972,-2.8733174800872803,-6.632620334625244
11973,-8.55237865447998,-6.264628887176514
11974,-9.51016616821289,1.5353379249572754
11975,3.6647446155548096,1.5450260639190674
11976,10.809491157531738,1.368717908859253
11977,10.997101783752441,-0.21353265643119812
11978,5.505579948425293,9.327470779418945
11979,0.6494791507720947,-1.9217164516448975
11980,-6.9984846115112305,-0.3169321119785309
11981,-9.938809394836426,2.750035285949707
11982,-5.7530670166015625,0.7430601119995117
11983,13.293954849243164,-2.419670820236206
11984,12.323138236999512,1.0211670398712158
11985,10.760658264160156,-1.7872772216796875
11986,1.6411722898483276,-9.60765552520752
11987,-6.907181739807129,7.316405773162842
11988,9.66864013671875,9.404376029968262
11989,7.542295455932617,-5.276736736297607
11990,7.296842098236084,-6.828183650970459
11991,17.095544815063477,12.9464693069458
11992,-7.391382217407227,-4.9999518394470215
11993,1.0564172267913818,-4.1127800941467285
11994,13.46964168548584,7.424484729766846
11995,9.356597900390625,-1.123980164527893
11996,-8.802448272705078,0.12275209277868271
11997,1.514548897743225,-9.132429122924805
11998,10.651280403137207,-0.23129364848136902
11999,23.045005798339844,28.04572868347168
12000,8.293517112731934,-0.6029205322265625
12001,-14.470111846923828,-19.1894588470459
12002,-3.2852206230163574,5.447693347930908
12003,10.38898754119873,-2.424449920654297
12004,-1.1070553064346313,-3.4978551864624023
12005,10.876802444458008,-1.3630568981170654
12006,13.456972122192383,-1.115433931350708
12007,0.16455323994159698,-9.110037803649902
12008,12.418665885925293,0.3924925625324249
12009,8.654389381408691,20.815202713012695
12010,0.31268754601478577,-1.5808110237121582
12011,8.7441987991333,8.50009822845459
12012,-5.200100898742676,8.002795219421387
12013,13.013504981994629,-2.399214267730713
12014,8.857810020446777,-0.611152172088623
12015,1.336565613746643,-7.5484747886657715
12016,0.9651741981506348,-3.3254637718200684
12017,-14.123824119567871,-16.03567123413086
12018,-6.082962989807129,11.597458839416504
12019,15.214571952819824,8.247335433959961
12020,7.5206499099731445,-1.8018622398376465
12021,-1.4261713027954102,4.958289623260498
12022,-0.1581512838602066,1.187549352645874
12023,12.01418399810791,0.27147749066352844
12024,-2.369502067565918,-8.17425537109375
12025,1.5364784002304077,-4.6003193855285645
12026,-10.254301071166992,-2.7933640480041504
12027,-9.312031745910645,-2.476301670074463
12028,-3.211320638656616,-1.8196141719818115
12029,0.3703911602497101,9.91352367401123
12030,-0.29061952233314514,2.737781524658203
12031,9.708768844604492,17.156267166137695
12032,-23.60487174987793,-22.812021255493164
12033,1.412615418434143,-8.842609405517578
12034,-6.184124946594238,-2.4360289573669434
12035,2.005882740020752,-4.101387023925781
12036,12.99703598022461,-2.3324532508850098
12037,1.5997027158737183,-1.5399699211120605
12038,2.814836025238037,2.5120410919189453
12039,-3.32006573677063,1.3131847381591797
12040,5.00154972076416,-0.24855467677116394
12041,1.7734744548797607,-9.233753204345703
12042,-5.650102615356445,-9.607917785644531
12043,2.332508087158203,1.4596257209777832
12044,-0.7873560190200806,-5.712610244750977
12045,-0.029164832085371017,-3.4592902660369873
12046,-2.610440731048584,-2.594956398010254
12047,8.38373851776123,15.704297065734863
12048,6.497988700866699,5.255454063415527
12049,9.334506034851074,-0.2579077184200287
12050,-3.9026894569396973,-6.415018558502197
12051,-5.287270545959473,9.750542640686035
12052,-10.404580116271973,3.5821471214294434
12053,-2.290595531463623,2.8122355937957764
12054,11.878007888793945,-0.4628112018108368
12055,1.2751723527908325,-6.497391700744629
12056,-5.617901802062988,0.7403109669685364
12057,13.064045906066895,-2.472562313079834
12058,-21.54180335998535,-19.385639190673828
12059,0.21992643177509308,-7.2495856285095215
12060,-8.817950248718262,4.358706474304199
12061,3.9373412132263184,0.28816673159599304
12062,-4.9160966873168945,9.377821922302246
12063,1.6206729412078857,-4.994657039642334
12064,-24.835227966308594,-20.240766525268555
12065,-7.413822650909424,-0.7126855850219727
12066,-5.628162384033203,0.7745547294616699
12067,-6.989231109619141,-11.064116477966309
12068,0.22381766140460968,-3.0789451599121094
12069,-4.506016254425049,-2.8765859603881836
12070,-1.3944525718688965,2.043336868286133
12071,11.306361198425293,1.3523294925689697
12072,8.567708015441895,-2.5450191497802734
12073,11.356202125549316,-2.159013509750366
12074,4.220286846160889,-3.246297836303711
12075,2.3229568004608154,17.412654876708984
12076,-3.72879958152771,-10.204977035522461
12077,0.5229126214981079,13.760822296142578
12078,0.0770142525434494,-0.4178682267665863
12079,1.8331058025360107,-1.7310844659805298
12080,1.723084807395935,-4.442502021789551
12081,15.899690628051758,8.668634414672852
12082,2.7019259929656982,1.7672861814498901
12083,8.44527530670166,-0.9078947305679321
12084,-1.2195721864700317,-1.0944368839263916
12085,2.9127249717712402,-4.931591987609863
12086,12.041221618652344,0.9313523769378662
12087,1.8352967500686646,-4.630035877227783
12088,6.984883785247803,-0.7260316610336304
12089,11.94847583770752,0.4036286175251007
12090,-3.3932857513427734,5.673034191131592
12091,-15.0918550491333,-16.74107551574707
12092,-0.4863855540752411,-8.387571334838867
12093,0.6735836267471313,-2.4260034561157227
12094,14.871403694152832,9.786152839660645
12095,-0.2377386838197708,2.8731791973114014
12096,10.160833358764648,0.9234137535095215
12097,-18.667917251586914,-15.094322204589844
12098,-7.933205604553223,3.282433032989502
12099,1.9628485441207886,-4.182724475860596
12100,11.07356071472168,-0.3211154639720917
12101,-12.00698184967041,-13.386804580688477
12102,-0.4415663182735443,1.4415760040283203
12103,10.650504112243652,-2.1782350540161133
12104,1.4402793645858765,-4.67245626449585
12105,0.4016871154308319,-6.803523063659668
12106,-0.9861975908279419,7.359859943389893
12107,2.149428367614746,-3.5087459087371826
12108,0.005140099674463272,2.048784017562866
12109,11.685521125793457,0.4136841595172882
12110,17.467714309692383,14.42889404296875
12111,0.0653003603219986,-6.834342002868652
12112,10.439169883728027,3.582448959350586
12113,9.667189598083496,-1.4401054382324219
12114,0.17370830476284027,2.504931926727295
12115,-5.716376304626465,5.966153621673584
12116,-9.404204368591309,-5.9783806800842285
12117,5.599079608917236,16.468881607055664
12118,-11.249323844909668,-10.708517074584961
12119,10.241305351257324,0.7571945190429688
12120,5.9538373947143555,7.565276622772217
12121,-7.510413646697998,-1.2730374336242676
12122,8.214571952819824,-1.0504077672958374
12123,2.9159884452819824,-2.6136016845703125
12124,10.201969146728516,1.9821581840515137
12125,9.56701946258545,5.395914077758789
12126,7.670721054077148,-0.728994607925415
12127,1.5619734525680542,1.0369973182678223
12128,-7.689601898193359,8.60009479522705
12129,8.108172416687012,4.423158645629883
12130,8.190523147583008,-1.792830467224121
12131,1.721872329711914,0.44041651487350464
12132,6.319232940673828,-5.2272443771362305
12133,9.860939979553223,-1.715234637260437
12134,2.0745410919189453,-6.453132152557373
12135,3.712498903274536,-8.653410911560059
12136,8.51158618927002,-2.529956817626953
12137,0.5276244878768921,11.622014045715332
12138,-9.708270072937012,-10.667379379272461
12139,8.049880027770996,-3.573944091796875
12140,11.002017974853516,-0.4352874457836151
12141,-2.1243128776550293,-1.0087618827819824
12142,-8.798979759216309,0.26163390278816223
12143,2.387326717376709,-3.9030396938323975
12144,1.2126575708389282,6.855136394500732
12145,-17.178150177001953,-17.973241806030273
12146,-3.0884110927581787,-11.045945167541504
12147,11.807899475097656,0.4118693172931671
12148,1.2611483335494995,-7.310981273651123
12149,-1.3829681873321533,0.44059398770332336
12150,-0.9062142372131348,-7.140151500701904
12151,-0.503957986831665,8.327553749084473
12152,-3.5411672592163086,-5.181695938110352
12153,6.495106220245361,16.181283950805664
12154,8.070369720458984,-0.9193572998046875
12155,-0.20011425018310547,-0.5027995705604553
12156,10.9187593460083,-0.8565163612365723
12157,-2.783858299255371,10.183992385864258
12158,-6.219064712524414,8.4392728805542
12159,1.2971197366714478,-1.673656702041626
12160,11.243721008300781,-0.14756342768669128
12161,-15.808038711547852,-18.341407775878906
12162,-14.440608024597168,-9.242401123046875
12163,-2.5224506855010986,-2.0237698554992676
12164,1.4773741960525513,-3.5181822776794434
12165,4.041579723358154,3.36793851852417
12166,9.777408599853516,-0.8560731410980225
12167,-1.5635687112808228,9.589624404907227
12168,0.7930000424385071,-0.6086812615394592
12169,17.826866149902344,17.186708450317383
12170,7.149439811706543,-2.1644058227539062
12171,7.913568496704102,7.40159797668457
12172,15.520989418029785,9.75438404083252
12173,9.758792877197266,-1.802947759628296
12174,1.4788185358047485,-4.704283714294434
12175,11.101767539978027,-1.9033823013305664
12176,1.992374062538147,-3.9406585693359375
12177,-8.449971199035645,-7.683078289031982
12178,-6.816887855529785,-0.2334255874156952
12179,-8.84402084350586,-3.0876758098602295
12180,17.752422332763672,10.916831016540527
12181,5.974817276000977,-1.1500298976898193
12182,19.107999801635742,14.132715225219727
12183,-14.673534393310547,-18.402236938476562
12184,1.8555166721343994,-0.7781206369400024
12185,-3.989063262939453,-4.5431671142578125
12186,4.575961589813232,10.692866325378418
12187,-0.14587388932704926,-5.1292009353637695
12188,3.4885191917419434,-2.856492519378662
12189,-0.5313649773597717,1.697217345237732
12190,2.157140016555786,2.6063027381896973
12191,1.3358561992645264,-3.042252540588379
12192,1.8377686738967896,-5.985621929168701
12193,6.076360702514648,-3.398298978805542
12194,-0.5121493339538574,-1.1134003400802612
12195,17.860246658325195,12.730388641357422
12196,-9.367088317871094,-14.9478178024292
12197,1.2500391006469727,3.818113327026367
12198,-15.937848091125488,-11.295201301574707
12199,8.594862937927246,-1.6047061681747437
12200,-7.30233097076416,-15.330690383911133
12201,-12.510503768920898,-16.08833122253418
12202,1.5822341442108154,-5.7365875244140625
12203,1.756940484046936,0.09964444488286972
12204,1.8856860399246216,-1.6795040369033813
12205,0.5450731515884399,15.909031867980957
12206,-9.659615516662598,-7.9879350662231445
12207,-8.643097877502441,-2.837625026702881
12208,-5.89454460144043,2.8507907390594482
12209,-8.08194351196289,-0.43681880831718445
12210,3.5809075832366943,-1.70237398147583
12211,1.1448673009872437,0.9240425825119019
12212,1.7396372556686401,-9.406425476074219
12213,-9.314541816711426,-3.0226893424987793
12214,18.06644630432129,12.232377052307129
12215,-10.037808418273926,1.1050941944122314
12216,1.281498670578003,2.79667067527771
12217,4.556528091430664,-9.589335441589355
12218,0.5083839297294617,-8.350791931152344
12219,9.9363431930542,-2.345646858215332
12220,12.1791410446167,0.5497763156890869
12221,9.337662696838379,-1.3793784379959106
12222,-7.955730438232422,-3.911078453063965
12223,-3.773195743560791,-10.003229141235352
12224,-4.166717529296875,-1.2619428634643555
12225,-3.1925618648529053,-5.638569355010986
12226,14.794501304626465,7.85115909576416
12227,-2.298750877380371,6.298423767089844
12228,7.928896903991699,0.4771045744419098
12229,0.11188305914402008,0.008151315152645111
12230,1.023415207862854,-4.596414089202881
12231,16.541345596313477,11.440408706665039
12232,-0.24502961337566376,1.8118963241577148
12233,-7.504871368408203,8.887556076049805
12234,1.8228261470794678,-5.159330368041992
12235,0.14492540061473846,-1.2093549966812134
12236,7.974124908447266,7.785320281982422
12237,2.9043216705322266,-7.162543296813965
12238,2.5200889110565186,3.4203147888183594
12239,-1.4114232063293457,0.7527410984039307
12240,1.8347612619400024,-2.1759893894195557
12241,4.217499732971191,-4.261926651000977
12242,-7.760523319244385,8.372986793518066
12243,3.716397523880005,-1.8290214538574219
12244,5.944042682647705,-1.9329420328140259
12245,13.325220108032227,10.001681327819824
12246,-4.3125691413879395,-9.025178909301758
12247,13.16942310333252,-2.134443759918213
12248,3.36940336227417,-9.405280113220215
12249,12.08482551574707,0.255694180727005
12250,-15.556113243103027,-19.333925247192383
12251,-0.2871730923652649,-4.123154640197754
12252,1.9839458465576172,-6.629852294921875
12253,-12.711603164672852,-5.851063251495361
12254,14.518527030944824,8.4248685836792
12255,1.2751991748809814,-2.884575843811035
12256,13.844766616821289,7.010568618774414
12257,11.333622932434082,5.6914849281311035
12258,8.695609092712402,-1.467216968536377
12259,8.741199493408203,-1.6600415706634521
12260,-0.7348431944847107,-7.2690653800964355
12261,13.97053337097168,8.143289566040039
12262,-2.051642656326294,2.475627899169922
12263,2.1256792545318604,1.2811061143875122
12264,-9.442789077758789,-15.991421699523926
12265,7.57883882522583,-0.1990414559841156
12266,8.769909858703613,-1.8082228899002075
12267,4.482489109039307,-3.470980167388916
12268,9.676939964294434,1.261054277420044
12269,8.771236419677734,-0.015926219522953033
12270,16.468135833740234,10.342032432556152
12271,-18.520097732543945,-18.161306381225586
12272,-0.043996427208185196,1.1399081945419312
12273,-4.309689998626709,11.691502571105957
12274,11.788476943969727,-0.2650901973247528
12275,16.879226684570312,10.810826301574707
12276,-8.020742416381836,-5.883862018585205
12277,-11.888144493103027,-4.722223281860352
12278,1.0642728805541992,-6.301924705505371
12279,17.95256805419922,14.630435943603516
12280,-1.8920857906341553,-2.590813159942627
12281,-6.156941890716553,-1.9790023565292358
12282,1.7641491889953613,-5.302618980407715
12283,1.008924126625061,-7.406047344207764
12284,-0.4715210497379303,-1.6938201189041138
12285,-3.5249998569488525,2.3902783393859863
12286,-1.4859569072723389,-6.352254390716553
12287,11.589695930480957,0.032663844525814056
12288,2.5634031295776367,-5.410513877868652
12289,2.7140161991119385,-2.1551451683044434
12290,3.774681568145752,8.224848747253418
12291,1.44113290309906,-6.402617931365967
12292,0.9398473501205444,-3.2307281494140625
12293,-5.866935729980469,0.999602198600769
12294,-1.8435178995132446,-4.090771198272705
12295,-7.396506309509277,-3.1531171798706055
12296,-3.5648157596588135,-6.272489070892334
12297,1.33872389793396,-7.0278143882751465
12298,5.18333101272583,-7.7504472732543945
12299,-0.22180984914302826,2.1212329864501953
12300,1.857244610786438,-1.4195411205291748
12301,-8.0798921585083,0.9187619686126709
12302,0.26452088356018066,-1.6945903301239014
12303,8.150944709777832,-3.353386640548706
12304,-13.909903526306152,-5.279425144195557
12305,1.1010867357254028,-9.139625549316406
12306,1.0897581577301025,2.679344892501831
12307,-0.006586860865354538,2.019627094268799
12308,13.001141548156738,5.850026607513428
12309,10.493408203125,1.2009247541427612
12310,5.029010772705078,-3.297224283218384
12311,5.075178623199463,4.981727600097656
12312,10.750226974487305,-1.2997455596923828
12313,3.0884883403778076,2.8177576065063477
12314,12.474560737609863,-0.04205367714166641
12315,-3.9483561515808105,3.9357426166534424
12316,0.4200807213783264,-7.152504920959473
12317,-11.073651313781738,-2.9605906009674072
12318,-7.036931991577148,3.838550090789795
12319,1.2190450429916382,0.8954185247421265
12320,14.052034378051758,7.6589436531066895
12321,-0.4685094654560089,-4.726080417633057
12322,2.0716285705566406,-3.3598690032958984
12323,-8.896891593933105,-3.910327672958374
12324,1.1293684244155884,-4.903613567352295
12325,3.3962674140930176,-2.2243800163269043
12326,-6.96772575378418,-4.223008632659912
12327,0.1455363929271698,-9.893293380737305
12328,-1.3391069173812866,8.857012748718262
12329,-4.448296070098877,6.0482611656188965
12330,-4.483728408813477,-1.9978306293487549
12331,13.407492637634277,10.660594940185547
12332,6.563391208648682,-1.1841750144958496
12333,10.128613471984863,3.129394292831421
12334,12.267024993896484,5.245051860809326
12335,-11.268485069274902,-6.687032699584961
12336,-2.4496679306030273,10.520651817321777
12337,8.31938648223877,13.317900657653809
12338,12.808462142944336,8.545942306518555
12339,-6.775406360626221,-2.1351375579833984
12340,2.465923309326172,-5.765657901763916
12341,-6.87932014465332,-11.33431625366211
12342,3.1061863899230957,-3.8089840412139893
12343,-1.6118953227996826,-0.6861324906349182
12344,-6.394144058227539,-10.866890907287598
12345,8.505558013916016,-0.5318197011947632
12346,15.650520324707031,8.730483055114746
12347,9.865166664123535,-2.829340934753418
12348,1.2867379188537598,-6.491254806518555
12349,-4.992374897003174,-3.6064891815185547
12350,6.464714050292969,-3.034348487854004
12351,5.9753313064575195,-4.6364030838012695
12352,0.9082678556442261,-6.226294994354248
12353,12.802475929260254,3.4878883361816406
12354,12.876011848449707,7.455036163330078
12355,-2.1145803928375244,9.131850242614746
12356,11.901997566223145,-0.017827726900577545
12357,-12.181532859802246,-12.973776817321777
12358,12.976143836975098,-0.1798071563243866
12359,-0.35494884848594666,1.5546963214874268
12360,3.0749926567077637,-3.9275920391082764
12361,0.49309858679771423,-5.025752067565918
12362,0.5799268484115601,-8.002202987670898
12363,-7.16709041595459,-6.825673580169678
12364,9.405644416809082,-1.9516336917877197
12365,-2.858187437057495,8.12861156463623
12366,4.928862571716309,2.195119857788086
12367,-0.4098457396030426,2.6016361713409424
12368,-2.272890090942383,3.823683261871338
12369,-7.468135833740234,-2.262343168258667
12370,-6.652053356170654,7.379434108734131
12371,11.07945442199707,1.2570126056671143
12372,7.6338324546813965,-3.0862178802490234
12373,0.017458979040384293,0.5681514143943787
12374,2.65946102142334,-2.523196220397949
12375,-3.476985216140747,-8.205790519714355
12376,-5.001058578491211,-11.476890563964844
12377,-7.440208911895752,-3.3789432048797607
12378,3.277590274810791,0.07483562082052231
12379,2.1526529788970947,1.9194916486740112
12380,19.597389221191406,15.78233814239502
12381,-0.2652438282966614,1.6422128677368164
12382,-4.832756042480469,5.824562072753906
12383,12.674543380737305,-1.5148935317993164
12384,-1.7489218711853027,0.7578532695770264
12385,-0.31868380308151245,1.4349613189697266
12386,14.157963752746582,-0.5535597801208496
12387,5.213626861572266,-3.1943116188049316
12388,-21.73229217529297,-18.602764129638672
12389,-0.09199891984462738,3.342693328857422
12390,1.757906436920166,-5.65347146987915
12391,-6.954832077026367,-1.6689867973327637
12392,-8.842179298400879,-9.7183198928833
12393,10.942667007446289,2.2327587604522705
12394,18.283580780029297,14.97500228881836
12395,18.526613235473633,12.6099271774292
12396,13.206595420837402,-2.132068634033203
12397,-8.52900218963623,-4.962376594543457
12398,0.9343769550323486,-7.31069803237915
12399,-7.626964092254639,-0.7926644086837769
12400,-20.114673614501953,-19.22524070739746
12401,12.749849319458008,-0.22954246401786804
12402,10.952614784240723,0.5851109027862549
12403,8.593844413757324,-2.1517367362976074
12404,0.6794316172599792,3.693155288696289
12405,10.342000007629395,1.0916235446929932
12406,7.274617671966553,-0.9689986705780029
12407,-1.572771668434143,2.600029468536377
12408,-0.5513386726379395,-8.646169662475586
12409,12.355148315429688,0.7725768089294434
12410,-24.45796012878418,-21.114755630493164
12411,9.935327529907227,1.2168956995010376
12412,-0.18634624779224396,-5.848984718322754
12413,1.5046321153640747,-0.707677960395813
12414,10.285623550415039,-0.0361618772149086
12415,0.6793983578681946,-5.973270416259766
12416,2.934089183807373,-6.809906482696533
12417,7.072077751159668,-3.72639536857605
12418,-8.878314018249512,-3.969592571258545
12419,1.4249144792556763,-9.077731132507324
12420,1.3488413095474243,-1.3584764003753662
12421,-1.613146424293518,-1.4698817729949951
12422,0.5725798606872559,6.92492151260376
12423,1.6542009115219116,-5.307309150695801
12424,0.834176778793335,0.7729145884513855
12425,5.974769115447998,-2.8667306900024414
12426,-5.5407915115356445,1.494552493095398
12427,6.384528636932373,28.91908836364746
12428,-0.5340249538421631,1.194658875465393
12429,-4.272930145263672,7.369157791137695
12430,-10.5054292678833,-10.055301666259766
12431,2.1005825996398926,-3.06024169921875
12432,-7.15064811706543,-8.683035850524902
12433,-2.8405323028564453,5.3053131103515625
12434,1.298592448234558,-5.393775939941406
12435,1.9922356605529785,-5.3863043785095215
12436,-0.25767549872398376,-0.928236722946167
12437,-4.429133415222168,10.025410652160645
12438,-3.6885733604431152,12.596935272216797
12439,11.1759614944458,-2.477647542953491
12440,4.719286918640137,-4.419896602630615
12441,14.07519817352295,7.154706954956055
12442,1.7569941282272339,15.66740894317627
12443,6.41648530960083,-2.3969740867614746
12444,-4.944482803344727,-6.703031063079834
12445,2.820000648498535,9.061339378356934
12446,11.004969596862793,1.7937445640563965
12447,7.746055603027344,7.075530529022217
12448,0.6554268002510071,1.8910061120986938
12449,0.24350722134113312,-0.59586101770401
12450,1.6049563884735107,-2.831543207168579
12451,2.549530506134033,-6.919235706329346
12452,-10.696676254272461,-1.0086575746536255
12453,20.99728012084961,20.363088607788086
12454,0.4049287736415863,-7.9784135818481445
12455,10.405492782592773,3.728188991546631
12456,11.962536811828613,-1.656700611114502
12457,15.810175895690918,11.002018928527832
12458,10.276976585388184,-1.4442867040634155
12459,-11.98193073272705,-9.817399978637695
12460,10.361563682556152,0.3481016457080841
12461,1.121934413909912,-6.380508899688721
12462,4.0604424476623535,-3.0325660705566406
12463,20.6778507232666,15.496416091918945
12464,-11.001994132995605,-2.404632091522217
12465,0.6924864649772644,-2.323474407196045
12466,9.842059135437012,2.038139581680298
12467,4.152225494384766,4.356489181518555
12468,9.66752815246582,0.27312782406806946
12469,7.369294166564941,-1.9216073751449585
12470,11.293615341186523,-0.3376440703868866
12471,-11.222965240478516,-3.054821491241455
12472,10.44605827331543,-0.8076997995376587
12473,2.3051939010620117,-4.021229267120361
12474,-1.5597809553146362,6.243382930755615
12475,9.4951810836792,13.29275894165039
12476,11.7501859664917,5.147989749908447
12477,13.752825736999512,6.6253228187561035
12478,10.226723670959473,0.9550416469573975
12479,0.37645867466926575,-0.7239588499069214
12480,-11.803635597229004,-6.210098743438721
12481,17.234729766845703,12.141446113586426
12482,0.08878234028816223,-2.6430280208587646
12483,2.4786641597747803,-5.71905517578125
12484,11.761556625366211,-0.331966370344162
12485,17.34792709350586,12.296321868896484
12486,-1.528567910194397,-10.626989364624023
12487,14.232481956481934,8.01688003540039
12488,16.602115631103516,9.777837753295898
12489,2.519354820251465,0.5671964883804321
12490,-0.653192937374115,0.8125834465026855
12491,13.274632453918457,0.11761524528265
12492,-4.341482639312744,4.311007976531982
12493,-0.23330603539943695,2.8771042823791504
12494,6.870054244995117,0.5627342462539673
12495,13.377640724182129,-0.475643128156662
12496,7.41542387008667,8.555769920349121
12497,-3.8983733654022217,-2.4871013164520264
12498,-21.840431213378906,-19.703439712524414
12499,17.28582763671875,11.032369613647461
12500,7.10689640045166,-5.798131465911865
12501,-1.6752568483352661,6.13438081741333
12502,-5.218988418579102,-3.166642665863037
12503,0.27632713317871094,-5.4667253494262695
12504,1.514640212059021,-1.4455124139785767
12505,-20.603544235229492,-20.91958236694336
12506,12.094491004943848,-1.029892921447754
12507,2.002610683441162,-8.72895622253418
12508,-0.36886268854141235,-5.0453386306762695
12509,-21.762271881103516,-20.707197189331055
12510,-0.18313457071781158,2.8195958137512207
12511,-4.403761863708496,-10.177318572998047
12512,-7.670328140258789,-7.214515209197998
12513,1.0647984743118286,-1.7677016258239746
12514,11.42189884185791,1.0838181972503662
12515,9.919731140136719,-2.51474928855896
12516,1.2279791831970215,-7.16703462600708
12517,13.042500495910645,-1.5050115585327148
12518,-8.79940414428711,-13.202495574951172
12519,10.193697929382324,-1.658561110496521
12520,-0.12245088815689087,-3.960331916809082
12521,3.432621955871582,2.4298007488250732
12522,-0.24670930206775665,0.9955824613571167
12523,-8.356626510620117,-3.0136308670043945
12524,9.252514839172363,-4.804488658905029
12525,6.979637145996094,-4.716463565826416
12526,-4.711765289306641,-3.149660110473633
12527,1.0177725553512573,-8.625345230102539
12528,7.9698357582092285,-1.604344129562378
12529,21.18629264831543,25.23435401916504
12530,2.191171646118164,0.5268768668174744
12531,-7.918136119842529,-5.895664691925049
12532,4.965514183044434,-1.6150344610214233
12533,13.748021125793457,6.976219177246094
12534,-0.26775750517845154,0.3641720116138458
12535,9.153164863586426,0.5587975978851318
12536,1.71639084815979,-3.0291643142700195
12537,-7.170376777648926,-0.042374588549137115
12538,-5.883393287658691,6.845137596130371
12539,-12.75074577331543,-16.33970832824707
12540,4.312538146972656,-3.263364791870117
12541,17.62759780883789,11.751910209655762
12542,-26.56241798400879,-18.393367767333984
12543,8.54523754119873,7.247581958770752
12544,-6.385914325714111,6.519568920135498
12545,-0.7290585041046143,-0.38455823063850403
12546,17.429458618164062,12.709833145141602
12547,-1.1610723733901978,8.978236198425293
12548,0.8978375196456909,-4.2810821533203125
12549,-2.8926687240600586,9.738219261169434
12550,4.2014617919921875,-3.2859177589416504
12551,-1.014304518699646,0.782665491104126
12552,20.155067443847656,13.082889556884766
12553,1.5683876276016235,-6.712724208831787
12554,11.490254402160645,-1.0933421850204468
12555,-6.693042755126953,5.698482036590576
12556,-19.379619598388672,-20.639467239379883
12557,3.1698904037475586,-9.88528823852539
12558,6.807593822479248,21.132152557373047
12559,-6.014492511749268,3.586435317993164
12560,-12.986113548278809,-1.296875
12561,10.10393238067627,-1.4780852794647217
12562,4.845085144042969,-3.0049071311950684
12563,-0.23148716986179352,2.733389139175415
12564,6.384921073913574,-0.20615622401237488
12565,-6.127069473266602,8.238529205322266
12566,8.270105361938477,-3.185615062713623
12567,-6.126296043395996,6.208205699920654
12568,2.129262924194336,-5.3286213874816895
12569,10.913737297058105,1.8050997257232666
12570,-8.182528495788574,-10.753569602966309
12571,12.169942855834961,-0.25977084040641785
12572,-12.184172630310059,-10.435744285583496
12573,3.8877086639404297,-1.641854166984558
12574,0.3661625385284424,-0.9484723806381226
12575,1.9300312995910645,-4.757950782775879
12576,3.4990394115448,-0.38573315739631653
12577,1.9411330223083496,-1.5215383768081665
12578,7.36890172958374,0.23024335503578186
12579,-4.629734039306641,-3.8045692443847656
12580,-8.177973747253418,5.12697172164917
12581,8.861413955688477,-1.3408584594726562
12582,-1.6304830312728882,1.5693371295928955
12583,11.944267272949219,2.783100128173828
12584,10.282828330993652,1.4135816097259521
12585,8.900182723999023,-2.184138536453247
12586,12.948135375976562,-2.3736064434051514
12587,14.505471229553223,7.396207332611084
12588,-0.0022709183394908905,2.031463146209717
12589,1.0964701175689697,-8.906052589416504
12590,-1.7564877271652222,0.1785944402217865
12591,11.985980033874512,5.27432918548584
12592,-5.363364219665527,-3.0436508655548096
12593,14.281733512878418,9.760679244995117
12594,0.42426058650016785,7.798704147338867
12595,-10.337145805358887,-13.288288116455078
12596,1.052661657333374,-2.361663579940796
12597,11.83774471282959,5.956593036651611
12598,-9.84243106842041,-3.3557004928588867
12599,-2.7672042846679688,-2.2386648654937744
12600,-2.699272632598877,3.1677186489105225
12601,-5.343506336212158,-4.3463215827941895
12602,-0.3329635560512543,0.8534723520278931
12603,9.331855773925781,-0.4683416783809662
12604,-9.622695922851562,-9.606579780578613
12605,10.112027168273926,0.9452513456344604
12606,-0.9770005941390991,-9.109619140625
12607,0.598831832408905,-0.06275200098752975
12608,1.4435064792633057,-3.7910871505737305
12609,2.36268949508667,-2.734247922897339
12610,1.9328821897506714,-9.458661079406738
12611,-8.49049186706543,2.1897354125976562
12612,6.5723419189453125,5.995841979980469
12613,8.751835823059082,19.872926712036133
12614,4.773719310760498,-2.0477166175842285
12615,11.460192680358887,4.205128192901611
12616,1.1209551095962524,-7.99912166595459
12617,8.585677146911621,8.231478691101074
12618,5.518080711364746,3.3321590423583984
12619,-3.043423652648926,11.603487968444824
12620,-0.22047965228557587,1.7210092544555664
12621,-6.819847106933594,-5.300018787384033
12622,-5.592623710632324,-0.45674535632133484
12623,-13.740347862243652,-4.85752534866333
12624,-0.4362971782684326,-3.3824737071990967
12625,-0.08103962242603302,-1.7689361572265625
12626,-6.889868259429932,-8.72990894317627
12627,12.032698631286621,0.2391839325428009
12628,1.9450323581695557,-0.487280935049057
12629,-14.977584838867188,9.724457740783691
12630,3.2973649501800537,3.01426100730896
12631,1.4031586647033691,-7.126499652862549
12632,-10.408793449401855,-1.358486294746399
12633,-1.8634337186813354,12.198052406311035
12634,0.3601633310317993,-2.6228621006011963
12635,-1.6743481159210205,1.323554515838623
12636,-0.30272313952445984,0.9920650720596313
12637,-6.531067848205566,2.3359808921813965
12638,3.4501752853393555,-3.227085590362549
12639,2.364776611328125,-5.2349066734313965
12640,1.4987801313400269,-9.077034950256348
12641,-12.866772651672363,-8.918931007385254
12642,-1.8602876663208008,2.435701370239258
12643,-0.8731906414031982,2.50376558303833
12644,16.409696578979492,9.917430877685547
12645,-0.1812419891357422,2.3862481117248535
12646,1.8059141635894775,-1.8807271718978882
12647,0.16487590968608856,-5.7247490882873535
12648,-0.18115398287773132,-5.152944087982178
12649,-3.5828616619110107,-5.998469352722168
12650,4.545897483825684,-1.1564381122589111
12651,-12.971819877624512,-8.783921241760254
12652,-24.48926544189453,-19.255542755126953
12653,-14.154847145080566,9.957480430603027
12654,2.5347366333007812,3.370621919631958
12655,6.237733840942383,5.009070873260498
12656,-0.28554975986480713,1.9064483642578125
12657,2.3318777084350586,-8.059684753417969
12658,14.138114929199219,8.489758491516113
12659,-4.925724983215332,3.248154640197754
12660,-4.543468475341797,1.660158395767212
12661,9.570879936218262,-2.0529587268829346
12662,-0.7948009371757507,-4.270019054412842
12663,-1.3177919387817383,2.293710708618164
12664,-6.463898658752441,0.3002263605594635
12665,-0.11496485769748688,2.558605670928955
12666,1.610273838043213,-6.016692161560059
12667,-4.521252632141113,-5.225897789001465
12668,-10.612115859985352,0.21276512742042542
12669,-0.9115429520606995,0.9276047945022583
12670,18.848405838012695,13.962774276733398
12671,5.0874528884887695,-1.7678015232086182
12672,8.64116382598877,-2.081261157989502
12673,2.091279983520508,-2.915578842163086
12674,1.399633526802063,-1.8154492378234863
12675,13.065094947814941,-2.662386655807495
12676,-5.808938980102539,-6.5086259841918945
12677,2.037046194076538,-5.122042655944824
12678,1.3833280801773071,-7.6549248695373535
12679,0.09497086703777313,0.25807613134384155
12680,0.875188946723938,-2.886624336242676
12681,0.4357548952102661,-9.063976287841797
12682,8.346430778503418,-0.21927735209465027
12683,1.6474922895431519,16.543964385986328
12684,11.807856559753418,6.428348064422607
12685,11.48948860168457,1.4481046199798584
12686,-11.46240234375,-15.76671314239502
12687,1.0359866619110107,-8.473408699035645
12688,11.543437004089355,11.521204948425293
12689,1.591615080833435,5.135291576385498
12690,8.570385932922363,-0.769912600517273
12691,1.8366587162017822,-7.570279598236084
12692,0.26284822821617126,1.8089799880981445
12693,9.675354957580566,-1.629472255706787
12694,-6.187817573547363,-0.25652047991752625
12695,0.3557334542274475,-2.921276807785034
12696,6.910854339599609,12.774336814880371
12697,-7.392959117889404,0.12031637877225876
12698,0.3111949861049652,-1.7130229473114014
12699,1.9541369676589966,-5.206008434295654
12700,2.773672580718994,-2.3832898139953613
12701,-1.4563302993774414,-2.348400115966797
12702,-21.962772369384766,-7.712438106536865
12703,-7.420292377471924,-6.774811744689941
12704,-19.27972984313965,-15.544024467468262
12705,12.969536781311035,8.48049545288086
12706,-2.152554750442505,-9.00880241394043
12707,9.251299858093262,-0.637297511100769
12708,-2.188812732696533,-2.7426843643188477
12709,-0.18423055112361908,6.608209133148193
12710,-0.8342690467834473,0.17156538367271423
12711,7.201365947723389,0.1844893991947174
12712,1.5876024961471558,-4.013662338256836
12713,9.333873748779297,0.4582470953464508
12714,0.43615561723709106,-0.3208596110343933
12715,13.713808059692383,7.454196453094482
12716,2.1371378898620605,-3.7746033668518066
12717,8.474150657653809,0.5776313543319702
12718,10.939696311950684,-0.8288059234619141
12719,-1.9544509649276733,2.209327220916748
12720,21.683849334716797,21.833276748657227
12721,8.451224327087402,7.844881057739258
12722,15.930903434753418,10.221049308776855
12723,-2.789651393890381,2.307053327560425
12724,0.6454928517341614,-1.9271560907363892
12725,7.750827312469482,21.40480613708496
12726,12.046419143676758,7.259207248687744
12727,2.7588906288146973,-0.3771839439868927
12728,-0.8457212448120117,0.4693209230899811
12729,-6.837449073791504,-1.3626564741134644
12730,-3.9595751762390137,-0.41010114550590515
12731,6.045015811920166,25.448556900024414
12732,6.53207540512085,0.7926075458526611
12733,9.511713027954102,-1.199622392654419
12734,-1.0565885305404663,-2.1981964111328125
12735,-6.384618759155273,1.2439676523208618
12736,10.884796142578125,-1.6001732349395752
12737,-11.678044319152832,-2.5427615642547607
12738,14.36630630493164,7.900783061981201
12739,1.626083493232727,2.5897715091705322
12740,6.723406791687012,24.989919662475586
12741,-8.483829498291016,-0.7350673675537109
12742,-1.1933003664016724,2.1796369552612305
12743,8.435840606689453,0.5078800916671753
12744,5.291342735290527,-1.2721967697143555
12745,-7.257942199707031,-4.773694038391113
12746,-0.18886469304561615,-6.7840352058410645
12747,9.663247108459473,15.172444343566895
12748,-1.7492893934249878,0.8934535980224609
12749,-6.369806289672852,-2.8015284538269043
12750,-8.200477600097656,-12.893540382385254
12751,10.819456100463867,-0.45907828211784363
12752,5.767273902893066,-0.8159008026123047
12753,-1.8867660760879517,2.333160638809204
12754,1.3308874368667603,-3.456348419189453
12755,5.292056083679199,5.421664237976074
12756,1.1914712190628052,3.6533021926879883
12757,11.98146915435791,5.396280765533447
12758,-1.6099048852920532,4.225710391998291
12759,9.535650253295898,-1.762341022491455
12760,2.1613852977752686,-3.242222785949707
12761,-8.023526191711426,2.08825945854187
12762,-4.328560829162598,8.783236503601074
12763,-9.439717292785645,-3.725541591644287
12764,8.736262321472168,-1.4349701404571533
12765,7.245133399963379,6.102281093597412
12766,-3.7341065406799316,9.610262870788574
12767,17.633094787597656,10.907374382019043
12768,-0.5282304286956787,0.975305438041687
12769,-20.342397689819336,-8.581840515136719
12770,-1.865963101387024,-6.277302265167236
12771,12.232815742492676,0.4951775372028351
12772,14.08193302154541,7.055801868438721
12773,-6.421820640563965,-7.908303260803223
12774,6.495639324188232,23.965608596801758
12775,13.45252513885498,7.886195182800293
12776,-2.5164270401000977,-8.124102592468262
12777,13.044678688049316,9.654093742370605
12778,-16.046356201171875,-17.349178314208984
12779,-6.922280311584473,-2.8017144203186035
12780,-1.2352522611618042,5.3911356925964355
12781,6.868438720703125,6.144871234893799
12782,2.3624746799468994,-9.628329277038574
12783,8.807435035705566,-0.07206783443689346
12784,1.198874592781067,-4.550950527191162
12785,-6.5467047691345215,-5.02336311340332
12786,-2.1508312225341797,-2.135303497314453
12787,1.0052224397659302,-6.65045690536499
12788,-21.258764266967773,-19.839933395385742
12789,4.326772689819336,-3.555438756942749
12790,4.977551460266113,-2.6575934886932373
12791,2.3412435054779053,5.432826995849609
12792,-6.591965675354004,6.962084770202637
12793,-8.849963188171387,-8.265583992004395
12794,-13.584554672241211,-11.638595581054688
12795,-1.1069269180297852,1.3948276042938232
12796,-11.13177490234375,-11.546022415161133
12797,0.28707996010780334,1.1878676414489746
12798,13.286378860473633,6.168477535247803
12799,1.3142908811569214,-5.03102445602417
12800,1.1553282737731934,-7.756856918334961
12801,11.545415878295898,-0.5855214595794678
12802,-5.847379684448242,-4.279130935668945
12803,0.05455741658806801,0.25369247794151306
12804,4.2017059326171875,3.5352389812469482
12805,8.727502822875977,6.302138805389404
12806,2.767641544342041,-4.4456071853637695
12807,-1.5564254522323608,1.7768120765686035
12808,-5.50576114654541,-3.3470094203948975
12809,-4.932638168334961,5.830296039581299
12810,-8.608433723449707,3.776545763015747
12811,2.1331398487091064,2.1824684143066406
12812,-1.5230711698532104,-5.654016017913818
12813,2.325582981109619,0.20995095372200012
12814,7.064284801483154,19.264806747436523
12815,9.032730102539062,0.6692380905151367
12816,2.915184497833252,-6.198324680328369
12817,-3.123354434967041,-1.4865431785583496
12818,-5.3415446281433105,11.986235618591309
12819,1.4074937105178833,-0.7177861928939819
12820,9.2429780960083,-1.7097488641738892
12821,6.074321746826172,22.350088119506836
12822,6.705852031707764,-4.109153747558594
12823,6.149611473083496,21.626895904541016
12824,-1.9190993309020996,1.9072213172912598
12825,1.5516289472579956,-4.517397403717041
12826,-9.27867603302002,1.7730668783187866
12827,-3.16218900680542,5.702868938446045
12828,-20.243139266967773,-19.198318481445312
12829,-6.383392810821533,-13.371317863464355
12830,2.5459649562835693,-6.768373012542725
12831,-1.7987638711929321,-4.82041072845459
12832,7.167699813842773,-5.132986545562744
12833,4.678382873535156,14.616665840148926
12834,-7.862618446350098,1.280400037765503
12835,-10.512688636779785,2.1205480098724365
12836,-12.87831974029541,-1.963260531425476
12837,11.658333778381348,4.612365245819092
12838,0.016241367906332016,-1.748047113418579
12839,-2.688457489013672,3.2898683547973633
12840,-1.4409829378128052,-0.8496214747428894
12841,5.932206153869629,23.452852249145508
12842,-5.9298553466796875,-2.823319673538208
12843,4.396985054016113,3.7421226501464844
12844,7.656529426574707,-4.954405307769775
12845,2.5570316314697266,-10.029315948486328
12846,12.086647987365723,0.3688094913959503
12847,1.5173554420471191,-6.4540019035339355
12848,1.8955292701721191,-8.733705520629883
12849,20.613574981689453,20.542280197143555
12850,14.686600685119629,-2.2655014991760254
12851,10.023231506347656,1.4762446880340576
12852,2.995513677597046,-8.340900421142578
12853,-3.2569351196289062,3.8559582233428955
12854,13.191696166992188,7.3630805015563965
12855,-19.93526840209961,-19.35091209411621
12856,-11.295060157775879,-0.6713531613349915
12857,1.591365933418274,-6.164730072021484
12858,1.654070496559143,-7.311450004577637
12859,1.161134123802185,-8.456509590148926
12860,-4.2096967697143555,-3.063474655151367
12861,1.4649258852005005,-7.259459972381592
12862,-2.700052261352539,-2.371762990951538
12863,-5.610845565795898,-5.600658893585205
12864,2.0078108310699463,-3.0037617683410645
12865,1.809677243232727,-2.9526047706604004
12866,-7.9077348709106445,2.5492868423461914
12867,-7.571547031402588,1.197029948234558
12868,-19.779857635498047,-15.140467643737793
12869,-0.3507154881954193,0.9056034088134766
12870,8.75393009185791,-5.835362434387207
12871,0.16208672523498535,-0.017421461641788483
12872,17.338390350341797,11.302906036376953
12873,8.009695053100586,-2.1255767345428467
12874,3.9910216331481934,20.837453842163086
12875,7.47414493560791,-1.4108238220214844
12876,-5.303200721740723,-2.2497332096099854
12877,-0.17019890248775482,-1.2461230754852295
12878,-5.8681745529174805,-9.815155029296875
12879,-7.2288031578063965,1.9886057376861572
12880,0.9994204044342041,-5.429850101470947
12881,-0.058719437569379807,2.1415417194366455
12882,-0.09191049635410309,-3.0760698318481445
12883,-24.759220123291016,-20.331649780273438
12884,3.4277000427246094,2.8382408618927
12885,-6.845459938049316,-2.266848564147949
12886,1.5068867206573486,-6.386104106903076
12887,-1.4092230796813965,2.3239779472351074
12888,11.44542407989502,-2.269570827484131
12889,-9.643000602722168,7.319823741912842
12890,15.779569625854492,10.713134765625
12891,4.403205394744873,-4.289167404174805
12892,8.458434104919434,16.904287338256836
12893,4.820285797119141,1.0344619750976562
12894,13.681726455688477,-1.1413798332214355
12895,-23.982952117919922,-19.849653244018555
12896,-9.526860237121582,-8.876782417297363
12897,10.341629981994629,-1.96638822555542
12898,-1.6747130155563354,-2.4186484813690186
12899,9.508513450622559,-0.2434532344341278
12900,-18.283714294433594,-7.415704727172852
12901,-5.860813140869141,-1.0226309299468994
12902,0.1208733469247818,-1.4022774696350098
12903,11.617203712463379,0.6345648765563965
12904,1.747989296913147,-0.8787912130355835
12905,-8.566571235656738,-2.5196163654327393
12906,-4.341616630554199,0.6960709095001221
12907,-7.693446636199951,-2.6720433235168457
12908,-11.97177505493164,-1.0939981937408447
12909,-0.3579763174057007,0.5328580141067505
12910,2.7702605724334717,1.052875280380249
12911,3.10537052154541,20.925067901611328
12912,2.273529291152954,-7.398229122161865
12913,-4.254924774169922,-6.6968674659729
12914,17.71592140197754,11.630762100219727
12915,-10.405430793762207,-8.84571361541748
12916,5.614201068878174,4.917409420013428
12917,1.985192894935608,-3.1183218955993652
12918,0.8060910105705261,-1.6656532287597656
12919,0.7100445628166199,-3.0251481533050537
12920,-2.4589929580688477,0.5237935185432434
12921,7.63699197769165,-2.041137218475342
12922,1.538536548614502,2.0553956031799316
12923,0.5436241030693054,1.6266582012176514
12924,-16.98992347717285,-17.438796997070312
12925,-7.907670497894287,-11.230923652648926
12926,-1.8427629470825195,-0.7924798130989075
12927,20.577678680419922,16.33305549621582
12928,7.093531131744385,18.02506446838379
12929,9.647351264953613,-0.1910240352153778
12930,1.1960721015930176,-6.741379261016846
12931,1.9135032892227173,-6.572301864624023
12932,-16.374237060546875,-9.85770320892334
12933,10.30186939239502,0.938657283782959
12934,-2.669506549835205,10.282441139221191
12935,0.21620537340641022,-3.102055549621582
12936,1.3273534774780273,-4.2452216148376465
12937,-4.523193359375,-2.6889379024505615
12938,1.3508352041244507,-5.963099002838135
12939,-3.533435821533203,8.192025184631348
12940,-6.437186241149902,5.29066276550293
12941,2.2437801361083984,7.8257832527160645
12942,-2.192042589187622,4.597418308258057
12943,-10.766517639160156,-16.67841339111328
12944,0.2682251036167145,7.041172504425049
12945,1.6602989435195923,-3.1927437782287598
12946,-0.2642833888530731,1.289775013923645
12947,0.7435683608055115,-3.5485641956329346
12948,9.727004051208496,-0.4839186370372772
12949,4.797647476196289,-2.32173228263855
12950,1.3502776622772217,0.17283573746681213
12951,-5.640995979309082,-2.333444118499756
12952,0.133967787027359,-2.288802146911621
12953,2.6994199752807617,-5.320664882659912
12954,-25.547622680664062,-21.349132537841797
12955,-14.42014217376709,-17.91834259033203
12956,-8.263484001159668,-4.7688069343566895
12957,2.7595760822296143,-7.173287391662598
12958,0.08456219732761383,1.235133171081543
12959,-20.176368713378906,-20.608936309814453
12960,-23.900493621826172,-10.62794017791748
12961,-1.6452096700668335,3.564061403274536
12962,10.254667282104492,-1.3342996835708618
12963,11.441943168640137,0.5743815898895264
12964,5.550690650939941,0.4456513226032257
12965,2.172454357147217,-1.3887648582458496
12966,17.0632266998291,12.91069221496582
12967,-9.835135459899902,-2.1562867164611816
12968,-22.90437889099121,-20.297151565551758
12969,-12.511640548706055,-4.575729846954346
12970,15.291733741760254,10.186244010925293
12971,17.526626586914062,11.357954978942871
12972,8.439544677734375,0.19878104329109192
12973,4.609335899353027,3.230306625366211
12974,1.2920070886611938,-2.684664011001587
12975,0.49608710408210754,-2.1820034980773926
12976,2.70267391204834,-5.895193576812744
12977,-1.2954181432724,2.835386276245117
12978,-0.447648286819458,3.002143621444702
12979,-8.446517944335938,0.8849148750305176
12980,-0.561579167842865,-2.642035722732544
12981,9.374699592590332,-0.6665139198303223
12982,1.2929097414016724,-4.747183799743652
12983,10.450089454650879,-2.259476661682129
12984,-1.0141545534133911,1.8220068216323853
12985,1.70693838596344,-9.393500328063965
12986,11.758971214294434,-0.7783352136611938
12987,1.539793610572815,15.872889518737793
12988,-10.797940254211426,-2.678213119506836
12989,-5.285510063171387,-4.870564937591553
12990,10.436819076538086,-1.608452320098877
12991,2.961888074874878,-4.276802062988281
12992,1.1342662572860718,-9.220623016357422
12993,4.146385192871094,-1.7935283184051514
12994,14.792990684509277,15.10205078125
12995,-5.110612869262695,-9.656373023986816
12996,-0.10126720368862152,-8.974225044250488
12997,2.8363254070281982,-6.795652389526367
12998,-2.523197650909424,9.825111389160156
12999,0.48913517594337463,7.805042743682861
13000,0.9221928119659424,-3.2650632858276367
13001,4.885354042053223,-2.712075710296631
13002,1.932198166847229,-3.062880516052246
13003,23.29937744140625,25.561479568481445
13004,0.9656899571418762,-5.953063488006592
13005,-5.457010746002197,-11.123274803161621
13006,-7.129812240600586,-0.4794679582118988
13007,-10.633930206298828,-16.523576736450195
13008,2.38106369972229,-0.034995414316654205
13009,-10.627911567687988,-1.0736808776855469
13010,-7.101665019989014,1.6319900751113892
13011,-2.029984474182129,-5.526580333709717
13012,-21.393566131591797,-20.346939086914062
13013,8.020645141601562,-2.676978826522827
13014,2.056000232696533,7.9209465980529785
13015,-8.739173889160156,-3.4422812461853027
13016,0.6820357441902161,-7.387763500213623
13017,-12.319424629211426,-0.5900344848632812
13018,2.3518199920654297,-8.794781684875488
13019,0.922090470790863,-3.2317819595336914
13020,-5.27590274810791,-5.404038429260254
13021,1.5045075416564941,-7.573298931121826
13022,-8.696255683898926,-6.727308750152588
13023,-8.09384822845459,-1.8723088502883911
13024,-0.3139503598213196,2.395596504211426
13025,-5.207878112792969,-7.526354789733887
13026,-8.375821113586426,2.19600248336792
13027,9.879963874816895,3.263784408569336
13028,0.8555625677108765,-2.8197546005249023
13029,1.9327064752578735,-6.595580577850342
13030,-3.9762864112854004,2.9063172340393066
13031,-17.922550201416016,-6.679441452026367
13032,-3.860478401184082,3.1190152168273926
13033,-1.0488075017929077,-7.331294536590576
13034,-9.471391677856445,-10.246515274047852
13035,3.421414613723755,-5.997853755950928
13036,11.695577621459961,3.9044532775878906
13037,7.9090423583984375,-2.3074138164520264
13038,-18.35736083984375,-15.242260932922363
13039,-0.08652490377426147,1.6831960678100586
13040,6.322844982147217,0.0031080469489097595
13041,3.067471504211426,-2.4316298961639404
13042,-6.606673240661621,-2.6944398880004883
13043,12.277326583862305,6.391510963439941
13044,-0.28923794627189636,1.9454659223556519
13045,-9.084922790527344,-2.971661329269409
13046,2.3853774070739746,-4.078860759735107
13047,-0.9767166376113892,-1.237919807434082
13048,18.264732360839844,12.6997652053833
13049,2.464189052581787,0.5461258888244629
13050,-2.3651115894317627,-4.545518398284912
13051,-7.153759956359863,11.291637420654297
13052,-5.153797149658203,13.525819778442383
13053,-0.9295967817306519,-2.1040937900543213
13054,-0.4359670579433441,1.368788480758667
13055,-5.574646472930908,3.1926045417785645
13056,-22.172101974487305,-17.384540557861328
13057,1.3864620923995972,-9.034751892089844
13058,-6.654705047607422,-2.1242055892944336
13059,9.946587562561035,1.2520378828048706
13060,-12.30935287475586,-3.61230731010437
13061,9.945131301879883,4.0448317527771
13062,8.727486610412598,-1.8082033395767212
13063,-16.124832153320312,-19.437711715698242
13064,13.323187828063965,-0.7416071891784668
13065,8.784021377563477,-2.2640135288238525
13066,-4.976540565490723,-1.913682460784912
13067,-10.127305030822754,-5.554925918579102
13068,0.6358661651611328,-5.997008800506592
13069,-6.2684807777404785,-4.50709342956543
13070,-10.708903312683105,-2.6727256774902344
13071,1.3498730659484863,-5.063752174377441
13072,8.348799705505371,-2.6676533222198486
13073,-1.828991174697876,0.7308986186981201
13074,10.645495414733887,-0.5409154891967773
13075,-0.1063482016324997,-3.8517661094665527
13076,1.23463773727417,1.2378065586090088
13077,14.195128440856934,-1.2728655338287354
13078,2.8162777423858643,0.11611505597829819
13079,8.548291206359863,-2.5552659034729004
13080,1.0394866466522217,0.9718422889709473
13081,0.17751048505306244,2.597565174102783
13082,7.552335262298584,1.1992377042770386
13083,-2.171684741973877,-5.152857780456543
13084,-2.9513072967529297,-3.886495351791382
13085,11.385970115661621,4.193570137023926
13086,6.811228275299072,14.594511032104492
13087,-18.15560531616211,-20.26707649230957
13088,15.52731704711914,12.32818603515625
13089,-6.336920738220215,-3.659529209136963
13090,5.294960021972656,3.5287647247314453
13091,8.492823600769043,-1.5373121500015259
13092,-8.606525421142578,9.435511589050293
13093,9.654144287109375,0.8773679733276367
13094,1.782064437866211,-6.842581272125244
13095,-11.63393497467041,-5.338194370269775
13096,-23.997411727905273,-20.19696807861328
13097,1.7715591192245483,-10.930011749267578
13098,1.4658194780349731,13.307665824890137
13099,-0.9729751348495483,-1.8655606508255005
13100,2.5153746604919434,14.813858985900879
13101,2.612729072570801,-0.04751152545213699
13102,0.6810163259506226,0.021727345883846283
13103,13.946995735168457,6.90001916885376
13104,-4.873398780822754,11.822074890136719
13105,2.327821731567383,-4.412450790405273
13106,9.331408500671387,-3.289584159851074
13107,-7.947202205657959,-0.10852477699518204
13108,1.8910573720932007,-7.264755725860596
13109,-0.24876196682453156,1.2694706916809082
13110,10.103157997131348,10.969328880310059
13111,-10.385748863220215,0.1667650043964386
13112,1.8939440250396729,5.707201957702637
13113,2.0869784355163574,-3.232516288757324
13114,1.4809285402297974,-7.835472583770752
13115,-9.57942008972168,-0.15560004115104675
13116,13.177189826965332,0.2753629982471466
13117,4.210406303405762,-3.0450499057769775
13118,0.24702583253383636,-3.8548598289489746
13119,-2.0423128604888916,7.730191707611084
13120,0.7109495401382446,8.937681198120117
13121,-0.8540136814117432,-8.731500625610352
13122,-4.855701446533203,-4.795168876647949
13123,1.4263118505477905,-1.3891643285751343
13124,0.6752419471740723,1.0835546255111694
13125,-22.787376403808594,-21.342187881469727
13126,-9.634642601013184,-6.727508544921875
13127,-0.18149149417877197,1.3267616033554077
13128,8.55831241607666,22.203575134277344
13129,-7.330983638763428,9.953073501586914
13130,1.146163821220398,-6.9851908683776855
13131,9.266507148742676,-0.31404611468315125
13132,10.021363258361816,27.17919921875
13133,17.024564743041992,15.460864067077637
13134,1.6729493141174316,-0.1712198555469513
13135,10.428593635559082,-0.7430304288864136
13136,-6.849496841430664,-0.1012205258011818
13137,-5.418325424194336,9.457283020019531
13138,-6.574759483337402,2.028858184814453
13139,-3.7189931869506836,7.089602947235107
13140,-12.695826530456543,-6.044677734375
13141,-0.2991774082183838,-1.8853836059570312
13142,7.165209770202637,-0.09599373489618301
13143,1.2088135480880737,-2.4464073181152344
13144,-17.183185577392578,-7.319838047027588
13145,1.6893951892852783,1.173526644706726
13146,-1.1772772073745728,9.947722434997559
13147,-3.253969192504883,0.8416076898574829
13148,-0.006193812936544418,-3.076246738433838
13149,3.9797372817993164,5.403617858886719
13150,-4.511887550354004,1.2190872430801392
13151,1.8798712491989136,-4.058910846710205
13152,9.988649368286133,-2.657757043838501
13153,5.543788909912109,4.613768100738525
13154,2.265913724899292,-4.934497356414795
13155,-7.653726577758789,2.54045033454895
13156,-12.26835823059082,-5.9899749755859375
13157,-3.6707236766815186,-3.2572202682495117
13158,3.7656044960021973,-0.36102530360221863
13159,-9.674600601196289,-4.670258045196533
13160,-11.69987964630127,-8.122903823852539
13161,-4.7244439125061035,2.4085400104522705
13162,-0.4561314284801483,0.8028176426887512
13163,-0.23184619843959808,2.685028314590454
13164,-0.296925812959671,-0.16643056273460388
13165,-5.01154899597168,5.093779563903809
13166,1.6348077058792114,-2.6816511154174805
13167,5.445460796356201,-8.706232070922852
13168,11.959185600280762,-1.1038849353790283
13169,10.859223365783691,4.327550888061523
13170,-8.425064086914062,6.0279669761657715
13171,0.3132052719593048,-0.7178454399108887
13172,11.402731895446777,-0.5126283168792725
13173,14.94749927520752,7.2178215980529785
13174,11.63527774810791,3.0404160022735596
13175,-1.2152750492095947,8.508788108825684
13176,-8.043641090393066,-2.471630573272705
13177,-0.1747838407754898,-2.6850128173828125
13178,-3.309507131576538,1.9533145427703857
13179,-9.993476867675781,-4.349374294281006
13180,-8.678369522094727,2.271888017654419
13181,6.019802093505859,10.222565650939941
13182,-10.448101997375488,-8.67040729522705
13183,-5.575239658355713,-5.516181468963623
13184,-3.6678032875061035,7.650266647338867
13185,1.4598180055618286,-5.706226348876953
13186,-3.895421028137207,-4.6044793128967285
13187,-8.835801124572754,5.174360752105713
13188,-0.11610263586044312,2.524325370788574
13189,12.523406028747559,0.1866460144519806
13190,1.700319766998291,-3.698249340057373
13191,1.296356201171875,-8.56543254852295
13192,-0.47782132029533386,-1.072608232498169
13193,-9.066940307617188,-6.292082786560059
13194,8.039387702941895,-0.6507192850112915
13195,-0.7087745666503906,-2.260812759399414
13196,0.5686213374137878,-2.229252338409424
13197,-5.8240885734558105,-8.163880348205566
13198,4.938381671905518,-8.872038841247559
13199,-1.9581159353256226,4.818791389465332
13200,0.4581291973590851,2.8188862800598145
13201,10.517603874206543,12.611613273620605
13202,2.899078369140625,2.513167381286621
13203,0.2265481799840927,2.9903857707977295
13204,-7.560394287109375,-0.6498948335647583
13205,2.05948543548584,-4.107074737548828
13206,-27.965003967285156,-22.13677406311035
13207,2.721303701400757,-5.368983268737793
13208,1.143008828163147,-8.200386047363281
13209,1.4163435697555542,-2.3732399940490723
13210,-4.158174514770508,-1.3472445011138916
13211,9.02647590637207,-0.4512959420681
13212,3.0871975421905518,1.0158312320709229
13213,-0.25354257225990295,1.7236093282699585
13214,6.62982177734375,8.483617782592773
13215,11.297663688659668,-2.540255069732666
13216,-1.2333632707595825,-4.171393871307373
13217,8.737883567810059,-3.779503583908081
13218,-3.376222848892212,0.6371672749519348
13219,0.2644120454788208,-0.35811489820480347
13220,-22.854997634887695,-14.321776390075684
13221,1.907213568687439,-10.364171028137207
13222,3.6656954288482666,-1.469632863998413
13223,2.245704174041748,-1.9535980224609375
13224,11.240761756896973,3.5277116298675537
13225,-14.847350120544434,-18.550004959106445
13226,-0.22150997817516327,-1.3189349174499512
13227,-2.364985942840576,-4.181095600128174
13228,7.826797962188721,3.235104560852051
13229,0.2928278148174286,1.6350616216659546
13230,0.2520937919616699,-7.689136028289795
13231,6.634610652923584,6.030317306518555
13232,17.50086212158203,12.24931812286377
13233,-9.92983341217041,-14.79580307006836
13234,2.180250406265259,-9.939937591552734
13235,-13.700716018676758,1.176357388496399
13236,-10.95495319366455,-3.967407703399658
13237,-1.784490942955017,-2.308401107788086
13238,13.717141151428223,6.0378947257995605
13239,-18.147470474243164,-6.9764323234558105
13240,-9.321702003479004,-7.3149943351745605
13241,12.359268188476562,4.880339622497559
13242,14.953274726867676,8.906693458557129
13243,1.6922725439071655,-4.500240325927734
13244,7.292474746704102,-0.8789053559303284
13245,-1.415734887123108,14.399628639221191
13246,8.885279655456543,-2.3554110527038574
13247,11.288107872009277,0.9574868679046631
13248,12.673853874206543,-1.56846022605896
13249,-0.24297665059566498,2.84625244140625
13250,-1.409643292427063,4.956650257110596
13251,6.575980186462402,7.789005756378174
13252,-10.96877384185791,8.282938003540039
13253,-8.869969367980957,2.654668092727661
13254,-6.632724285125732,-1.5484036207199097
13255,1.9828996658325195,-5.008895397186279
13256,2.15695858001709,-2.5436859130859375
13257,1.0669891834259033,-5.332303524017334
13258,-1.2685763835906982,4.158717155456543
13259,9.52306079864502,-1.682729721069336
13260,6.654168128967285,25.379640579223633
13261,-1.7973538637161255,8.675103187561035
13262,2.2038798332214355,-3.0795092582702637
13263,-10.022652626037598,0.8626335859298706
13264,0.9852067232131958,-1.205646276473999
13265,-11.74062442779541,-11.330056190490723
13266,0.5856633186340332,1.0321581363677979
13267,2.7016918659210205,-5.124745845794678
13268,-7.1213908195495605,3.821643114089966
13269,-2.972576141357422,0.9137887954711914
13270,-1.4420820474624634,11.162360191345215
13271,0.5637196898460388,-2.0687997341156006
13272,-3.0021047592163086,-1.6358888149261475
13273,-6.787686347961426,0.3224785029888153
13274,-13.317289352416992,-9.238656997680664
13275,1.7923991680145264,-3.045111656188965
13276,-13.692545890808105,-10.022354125976562
13277,10.704596519470215,2.165994882583618
13278,-1.0407425165176392,-1.535844326019287
13279,6.09857177734375,5.752241134643555
13280,2.674269676208496,-4.9193291664123535
13281,1.8071504831314087,-9.443445205688477
13282,9.550620079040527,2.614532947540283
13283,1.8206554651260376,-2.954878091812134
13284,12.08749008178711,-2.1617889404296875
13285,1.4984686374664307,-7.987303256988525
13286,1.6652140617370605,-6.804262638092041
13287,-1.394944667816162,0.5186855792999268
13288,1.8140978813171387,0.5664925575256348
13289,0.3502786457538605,-1.9268677234649658
13290,15.231940269470215,8.057660102844238
13291,-7.27737283706665,6.108768939971924
13292,11.735194206237793,0.8659358024597168
13293,0.1681125909090042,-6.070202350616455
13294,1.1348096132278442,-6.756933689117432
13295,7.252031326293945,-4.846498966217041
13296,-3.039419174194336,5.427544116973877
13297,-7.557855606079102,-5.758359432220459
13298,-0.6800283193588257,1.6582667827606201
13299,17.061338424682617,12.49309253692627
13300,-8.812413215637207,2.5999932289123535
13301,18.23043441772461,16.14060401916504
13302,1.668327808380127,-7.6509623527526855
13303,-7.475040435791016,-3.8746023178100586
13304,6.379648685455322,-5.023963928222656
13305,8.817610740661621,7.692617416381836
13306,0.04032375290989876,9.312286376953125
13307,6.54835319519043,-1.3276536464691162
13308,1.6241321563720703,-2.329812526702881
13309,-6.59506368637085,5.214885711669922
13310,4.610074996948242,-2.8577938079833984
13311,-16.31989288330078,-19.992063522338867
13312,1.358970284461975,-6.706424713134766
13313,1.6319583654403687,-4.813009262084961
13314,-13.525460243225098,-3.1172327995300293
13315,-11.010972023010254,-4.114096641540527
13316,1.9895695447921753,-5.213852405548096
13317,-8.993596076965332,-0.2713235318660736
13318,-4.731831073760986,-3.9159977436065674
13319,1.6566145420074463,-3.4129538536071777
13320,-5.130670547485352,-2.8518173694610596
13321,-2.77854061126709,-9.976678848266602
13322,-4.692283630371094,-4.242683410644531
13323,2.4613921642303467,4.178020477294922
13324,-0.4398055970668793,0.5107340216636658
13325,-13.464167594909668,-0.7437378764152527
13326,6.950588703155518,4.707716941833496
13327,2.117982864379883,2.4376494884490967
13328,8.005736351013184,6.217123985290527
13329,-0.9828680753707886,-3.8038971424102783
13330,13.292486190795898,-1.186676025390625
13331,0.9095253348350525,-2.207265853881836
13332,3.8092665672302246,0.09024860709905624
13333,0.10761035978794098,-5.460178852081299
13334,-26.140193939208984,-20.234142303466797
13335,-0.26228800415992737,1.0038079023361206
13336,-1.2726731300354004,1.626805305480957
13337,17.504871368408203,10.59158706665039
13338,-6.1995954513549805,-10.432157516479492
13339,0.8853262662887573,-6.778361797332764
13340,0.19155116379261017,3.0399575233459473
13341,0.058049339801073074,-8.372832298278809
13342,-2.3351757526397705,-9.851154327392578
13343,4.341636657714844,-6.2573113441467285
13344,-27.511341094970703,-21.434629440307617
13345,10.200355529785156,-0.6275628805160522
13346,-0.7060846090316772,12.260801315307617
13347,-28.57715606689453,-23.64583396911621
13348,2.086491346359253,5.936588287353516
13349,1.7519296407699585,-1.392547607421875
13350,-1.1417773962020874,9.034560203552246
13351,-7.885362148284912,-1.4278061389923096
13352,12.42456340789795,4.469482898712158
13353,9.19368839263916,-0.9265052080154419
13354,-2.5346014499664307,4.193253040313721
13355,18.898292541503906,16.66507911682129
13356,1.1919245719909668,-7.915358066558838
13357,-27.748441696166992,-20.53969383239746
13358,1.0318844318389893,-3.188849925994873
13359,-7.478792667388916,-4.64141845703125
13360,-3.5502617359161377,9.519439697265625
13361,-11.004563331604004,-13.346878051757812
13362,-0.4962300956249237,-3.9833083152770996
13363,-4.462480545043945,-4.3003668785095215
13364,2.245375156402588,-2.3656609058380127
13365,10.132344245910645,0.90081787109375
13366,1.5683847665786743,-3.751087188720703
13367,3.990868091583252,14.712166786193848
13368,1.5074905157089233,-8.560884475708008
13369,9.326627731323242,-2.2732949256896973
13370,-0.23368676006793976,-0.045097991824150085
13371,1.555217981338501,-1.1411802768707275
13372,2.314053535461426,-1.6506742238998413
13373,-3.1867358684539795,-0.09967438131570816
13374,-1.7969878911972046,-0.09635210782289505
13375,-7.648055553436279,-2.8509905338287354
13376,12.020464897155762,-1.720394492149353
13377,-0.5009921789169312,0.9148889183998108
13378,8.070637702941895,6.897350311279297
13379,5.970312118530273,-3.0142993927001953
13380,13.374724388122559,6.600754261016846
13381,-3.3737854957580566,3.312598943710327
13382,-9.37723445892334,6.08970308303833
13383,-2.7938952445983887,3.1768038272857666
13384,-5.960151672363281,-3.2529163360595703
13385,-9.640738487243652,-2.3154187202453613
13386,3.200655460357666,-3.759536027908325
13387,1.6252464056015015,-3.1373291015625
13388,16.93832778930664,11.387604713439941
13389,-2.399233818054199,-0.37253183126449585
13390,-3.3460683822631836,3.9316890239715576
13391,-8.851662635803223,-14.782343864440918
13392,1.511440396308899,-8.598055839538574
13393,-3.337841510772705,1.9061545133590698
13394,0.9532793760299683,-6.324193954467773
13395,2.1699607372283936,-1.584242343902588
13396,0.22908838093280792,-4.048951625823975
13397,-18.258968353271484,-12.609834671020508
13398,4.352853775024414,17.489471435546875
13399,15.934741973876953,9.934982299804688
13400,1.778076410293579,-2.9607348442077637
13401,8.375997543334961,-0.4077673852443695
13402,6.839240074157715,-2.477487564086914
13403,-0.28477948904037476,1.4123954772949219
13404,1.6451963186264038,-4.999105930328369
13405,-15.158228874206543,-11.29929256439209
13406,0.6666889786720276,-6.062849998474121
13407,10.00097370147705,3.961933135986328
13408,6.460715293884277,-6.732987403869629
13409,0.3756014406681061,-3.593158006668091
13410,11.346922874450684,5.669181823730469
13411,-7.679631233215332,1.426103949546814
13412,0.06361119449138641,-0.46431392431259155
13413,-1.4171509742736816,1.324493408203125
13414,4.098813056945801,21.133731842041016
13415,-6.531808853149414,1.1754754781723022
13416,-9.008493423461914,0.6990431547164917
13417,-9.01828384399414,-3.19555926322937
13418,1.0689212083816528,-8.54208755493164
13419,6.2982611656188965,-1.464085340499878
13420,1.0857402086257935,-3.501020908355713
13421,-11.258984565734863,-15.132087707519531
13422,-9.825383186340332,-0.818121075630188
13423,-4.881567478179932,6.192081928253174
13424,-7.9940185546875,-1.8238753080368042
13425,-24.885936737060547,-21.94672966003418
13426,0.9605127573013306,-8.197715759277344
13427,1.374891996383667,-1.4660835266113281
13428,-3.5059781074523926,0.9526971578598022
13429,11.148542404174805,-3.9268593788146973
13430,-0.33153021335601807,2.31843900680542
13431,-3.6015686988830566,11.603087425231934
13432,1.6603950262069702,-5.410884857177734
13433,-0.540400505065918,-3.270653486251831
13434,-9.44605541229248,-16.641042709350586
13435,6.781617164611816,4.349991321563721
13436,6.636743545532227,-1.3397234678268433
13437,2.494136333465576,14.01179027557373
13438,-5.290164947509766,-0.6558852791786194
13439,-11.332601547241211,-9.644558906555176
13440,2.773446559906006,-5.528937339782715
13441,-8.353785514831543,2.922100305557251
13442,9.544072151184082,1.0823864936828613
13443,1.230101466178894,12.987292289733887
13444,-22.407663345336914,-19.077939987182617
13445,-0.09499162435531616,2.516554355621338
13446,-0.2904183566570282,10.7828369140625
13447,4.063119888305664,18.65323829650879
13448,-1.4595110416412354,-4.824729919433594
13449,15.857460975646973,17.20662498474121
13450,-6.753492832183838,-12.301827430725098
13451,-2.891353130340576,-1.0112053155899048
13452,-6.15965461730957,-2.997011423110962
13453,5.419151306152344,-0.6694307923316956
13454,-17.036090850830078,-17.84050178527832
13455,-7.464593887329102,3.211770534515381
13456,16.530864715576172,9.531630516052246
13457,-6.374027252197266,-10.110279083251953
13458,-0.5368916988372803,2.0523507595062256
13459,-1.2739487886428833,-7.010589599609375
13460,-2.6336605548858643,-5.002805233001709
13461,10.935391426086426,-1.8153585195541382
13462,-6.827579498291016,-13.77567195892334
13463,-0.2442157119512558,1.5295976400375366
13464,0.2311255931854248,-9.266278266906738
13465,-2.677208423614502,0.9476590156555176
13466,0.22913028299808502,2.2898621559143066
13467,7.934030532836914,-0.8839433193206787
13468,-5.0051164627075195,-0.33405110239982605
13469,-11.022903442382812,-5.090969562530518
13470,-11.37800121307373,-15.046435356140137
13471,-0.13254690170288086,-1.5851149559020996
13472,11.416975975036621,-0.4255368411540985
13473,-4.361728191375732,8.639131546020508
13474,-7.329370021820068,1.3126860857009888
13475,-3.73535418510437,-4.659502029418945
13476,-0.4710698425769806,0.8226653933525085
13477,-8.14454174041748,2.967292308807373
13478,-2.924405574798584,0.2902197241783142
13479,11.611048698425293,1.2521259784698486
13480,1.898710012435913,-5.743088245391846
13481,-6.596083641052246,3.811779022216797
13482,8.429248809814453,1.6880578994750977
13483,11.289956092834473,-2.5815277099609375
13484,9.128276824951172,-1.0272785425186157
13485,-10.039267539978027,8.130282402038574
13486,13.396039009094238,-3.0503525733947754
13487,-4.376441478729248,4.705918312072754
13488,-9.150885581970215,5.306939601898193
13489,1.5357778072357178,-5.561445713043213
13490,0.383854478597641,-8.566174507141113
13491,0.5291995406150818,-9.215694427490234
13492,-1.0735316276550293,2.15150785446167
13493,-14.347516059875488,-18.61981201171875
13494,9.023853302001953,-1.4255645275115967
13495,18.25519561767578,12.968803405761719
13496,6.340919494628906,21.37589454650879
13497,9.47813892364502,0.033915065228939056
13498,13.483094215393066,-1.1878972053527832
13499,-8.935937881469727,4.589290142059326
13500,-1.8286195993423462,-8.708735466003418
13501,-6.028613567352295,8.484574317932129
13502,9.210241317749023,-2.370344638824463
13503,-10.683703422546387,-1.3320913314819336
13504,1.2378562688827515,-8.739374160766602
13505,9.348525047302246,1.602120280265808
13506,-0.2536018192768097,2.2658395767211914
13507,1.5626572370529175,-5.271518707275391
13508,-1.5731834173202515,-0.4304988980293274
13509,0.38903263211250305,5.414729595184326
13510,-5.509998321533203,10.702794075012207
13511,5.305805206298828,3.2412185668945312
13512,-3.8230390548706055,-8.884733200073242
13513,9.37984561920166,6.2295823097229
13514,10.964945793151855,-2.1472787857055664
13515,11.254331588745117,-2.0420258045196533
13516,5.959870338439941,-3.8523035049438477
13517,-7.052728176116943,2.3791534900665283
13518,7.88229513168335,-0.7539923191070557
13519,8.712752342224121,-1.0947215557098389
13520,10.200970649719238,0.3916471302509308
13521,2.3211820125579834,-8.96544075012207
13522,-1.2925750017166138,-5.3625335693359375
13523,-5.601688385009766,-2.3658499717712402
13524,4.850397109985352,-8.828751564025879
13525,11.720911979675293,-1.4890782833099365
13526,-1.3208636045455933,3.228451728820801
13527,1.7081495523452759,-5.34894323348999
13528,2.181881904602051,-7.347039699554443
13529,11.672835350036621,-1.3856544494628906
13530,-4.478522777557373,-11.431856155395508
13531,8.406829833984375,15.253352165222168
13532,4.266007423400879,21.454862594604492
13533,-19.533527374267578,-19.165382385253906
13534,-16.481307983398438,-4.463168621063232
13535,-0.2870250642299652,2.2764978408813477
13536,2.083142042160034,-4.6759161949157715
13537,-5.57072639465332,0.9649314880371094
13538,2.3407626152038574,-5.993104934692383
13539,-9.946267127990723,-1.8804636001586914
13540,-4.595733642578125,-4.0956315994262695
13541,-5.005309104919434,9.48167896270752
13542,0.6988961100578308,-4.460610866546631
13543,-4.734997749328613,-3.147148370742798
13544,18.80384635925293,14.450960159301758
13545,0.37294575572013855,2.573781967163086
13546,5.072603702545166,5.677667140960693
13547,3.288604497909546,-7.199596881866455
13548,6.384900093078613,-1.3425266742706299
13549,-9.868290901184082,3.955690860748291
13550,-12.085104942321777,1.9072431325912476
13551,-8.156598091125488,-2.6822850704193115
13552,0.35485100746154785,2.535459280014038
13553,-17.72237777709961,-18.299623489379883
13554,6.135425090789795,4.590010166168213
13555,-1.5581954717636108,-1.1921472549438477
13556,-1.284807562828064,-5.112914085388184
13557,8.424912452697754,8.195425987243652
13558,-1.7170087099075317,1.372092843055725
13559,-3.444096326828003,1.3681995868682861
13560,1.3366528749465942,-9.223664283752441
13561,1.4155043363571167,-8.205294609069824
13562,5.280933856964111,3.8943111896514893
13563,20.264997482299805,19.04441261291504
13564,-3.8613529205322266,-5.06987190246582
13565,-9.3179292678833,-4.965626239776611
13566,-12.711442947387695,-2.1171839237213135
13567,0.6329285502433777,-8.706395149230957
13568,0.2129046469926834,-5.616722583770752
13569,-0.1505107581615448,2.2674059867858887
13570,12.390763282775879,3.957817554473877
13571,-16.695919036865234,-20.539918899536133
13572,8.233254432678223,-3.1977341175079346
13573,-1.631672978401184,-3.5977792739868164
13574,-1.8370187282562256,-0.43799683451652527
13575,1.2370961904525757,-3.2678489685058594
13576,0.01303570345044136,2.3756327629089355
13577,-10.826457977294922,-0.7023655772209167
13578,0.1015571802854538,-1.7416572570800781
13579,4.934206485748291,-1.4632973670959473
13580,-3.8449034690856934,-8.698486328125
13581,4.478297233581543,-1.340972900390625
13582,1.797518253326416,-4.0385565757751465
13583,-8.071494102478027,2.3064537048339844
13584,-9.471951484680176,-2.187711238861084
13585,14.381964683532715,7.777142524719238
13586,-0.147502601146698,2.1773688793182373
13587,0.8609033823013306,-2.5839548110961914
13588,0.007770109921693802,1.6610634326934814
13589,2.1120352745056152,-2.812675952911377
13590,2.9635677337646484,2.077346086502075
13591,2.0999038219451904,-2.2895169258117676
13592,-12.824068069458008,-2.705193042755127
13593,16.46859359741211,10.514803886413574
13594,12.589546203613281,5.2408294677734375
13595,-3.7816596031188965,-7.9833807945251465
13596,-26.059722900390625,-20.823711395263672
13597,-13.494879722595215,-6.924575328826904
13598,5.205711841583252,-3.388935089111328
13599,-3.0114095211029053,-1.4280810356140137
13600,-3.2179622650146484,5.309220314025879
13601,-16.44631576538086,-17.795923233032227
13602,8.851150512695312,-1.8509163856506348
13603,1.4264494180679321,-2.82775616645813
13604,4.498297214508057,-6.507033824920654
13605,1.9813530445098877,-3.512662887573242
13606,2.0015957355499268,-6.664608478546143
13607,1.20259690284729,8.714852333068848
13608,-5.4505767822265625,1.8518900871276855
13609,-2.118680477142334,-5.634676456451416
13610,-0.6089948415756226,1.489234447479248
13611,-1.256070613861084,7.020924091339111
13612,-23.839448928833008,-11.550612449645996
13613,0.308708131313324,-4.313542366027832
13614,-10.63792896270752,-9.073250770568848
13615,1.9884051084518433,-4.997049331665039
13616,-12.672987937927246,0.2611594498157501
13617,8.422272682189941,2.979356288909912
13618,-0.2935413122177124,1.8875612020492554
13619,10.55313777923584,2.646944284439087
13620,2.0663204193115234,-6.186091423034668
13621,-4.557913780212402,-8.63480281829834
13622,-26.99307632446289,-19.410045623779297
13623,0.4666399359703064,-1.815340280532837
13624,-4.339435577392578,-4.910567283630371
13625,-7.901195526123047,-4.508694171905518
13626,-3.5103540420532227,-7.512484073638916
13627,1.3454527854919434,13.726656913757324
13628,15.9469633102417,10.016202926635742
13629,5.083582401275635,3.528703451156616
13630,0.6728543639183044,-0.8578660488128662
13631,4.792496681213379,19.4330997467041
13632,2.4055116176605225,-0.6286658644676208
13633,1.1620169878005981,-5.67306661605835
13634,15.19650650024414,8.916056632995605
13635,-7.07734489440918,-1.341364860534668
13636,-1.7692811489105225,1.3831994533538818
13637,-6.09455680847168,-2.3842015266418457
13638,7.7252912521362305,-2.2965190410614014
13639,5.43770694732666,28.63730812072754
13640,-5.8796210289001465,-5.1989312171936035
13641,2.955415725708008,0.8059449195861816
13642,-12.593026161193848,-1.5492548942565918
13643,0.18758654594421387,-0.5145412683486938
13644,4.953420162200928,-8.532512664794922
13645,-13.894316673278809,-19.066492080688477
13646,0.9008334875106812,-7.573810577392578
13647,-18.9106502532959,-21.76185417175293
13648,-10.133158683776855,-2.0970001220703125
13649,-10.481690406799316,-4.393333911895752
13650,1.372818112373352,-2.295792579650879
13651,1.851661205291748,-8.46284294128418
13652,-1.6572424173355103,7.8805975914001465
13653,3.9206044673919678,-2.951930522918701
13654,2.172982931137085,-5.477603435516357
13655,-2.116055965423584,6.705532073974609
13656,0.31069833040237427,-3.773137331008911
13657,13.269956588745117,-2.190323829650879
13658,3.2062766551971436,9.429244041442871
13659,3.1750869750976562,-4.723984718322754
13660,-7.205472946166992,9.455780982971191
13661,-19.370861053466797,-20.45658302307129
13662,1.5842679738998413,-7.1810736656188965
13663,-23.487152099609375,-21.221956253051758
13664,6.785618305206299,19.71527099609375
13665,-9.036677360534668,1.0529937744140625
13666,12.12675952911377,2.5543887615203857
13667,-6.179373741149902,-2.163973331451416
13668,-10.727824211120605,2.4886584281921387
13669,1.5425652265548706,-3.6245481967926025
13670,-4.585124492645264,-5.203986644744873
13671,11.366005897521973,0.41901424527168274
13672,-12.739882469177246,-3.4159083366394043
13673,5.841393947601318,5.123647689819336
13674,1.8056203126907349,-7.173109531402588
13675,-6.947480201721191,-6.626576900482178
13676,2.756756067276001,4.383117198944092
13677,-6.76639461517334,-6.550173282623291
13678,11.977704048156738,1.3814995288848877
13679,7.366368293762207,5.573393821716309
13680,4.749547958374023,-8.986692428588867
13681,-2.4117884635925293,-5.65001106262207
13682,3.9685332775115967,-1.172173261642456
13683,-2.6132426261901855,2.349862575531006
13684,-13.913108825683594,-19.400287628173828
13685,1.1343653202056885,2.182833194732666
13686,2.6190977096557617,-1.96151864528656
13687,-4.120654106140137,-1.9045298099517822
13688,0.3475708067417145,-5.0132246017456055
13689,-3.709629535675049,-4.705225467681885
13690,-1.4626491069793701,-1.9315598011016846
13691,-9.078747749328613,-1.634978175163269
13692,-5.721307277679443,-1.2566430568695068
13693,11.836438179016113,-2.6845507621765137
13694,3.7046632766723633,-0.8762631416320801
13695,-8.068912506103516,0.36665502190589905
13696,-7.653894424438477,-11.849247932434082
13697,-14.097166061401367,-13.108678817749023
13698,7.207759380340576,-1.8518948554992676
13699,-13.316906929016113,-2.5545105934143066
13700,-6.362892150878906,-6.592800617218018
13701,8.515231132507324,19.9703426361084
13702,12.869624137878418,-0.005112387239933014
13703,2.556684970855713,2.2724857330322266
13704,11.115937232971191,-1.0979013442993164
13705,-5.1258015632629395,-9.58438491821289
13706,-3.4592764377593994,11.920293807983398
13707,2.1614410877227783,-2.495020866394043
13708,10.679266929626465,0.4444122612476349
13709,-4.64621114730835,-0.8507099151611328
13710,2.0833377838134766,-4.3940253257751465
13711,1.3483837842941284,-6.740516185760498
13712,-9.96756649017334,-9.451855659484863
13713,11.08732795715332,-0.6328539848327637
13714,0.030473757535219193,-0.44820597767829895
13715,-23.462417602539062,-20.340139389038086
13716,0.8105210065841675,17.88275909423828
13717,3.248652935028076,-3.79483962059021
13718,-4.039549827575684,-7.499635219573975
13719,1.4777650833129883,-3.245384454727173
13720,-8.647047996520996,-9.746891975402832
13721,0.5745556354522705,-5.486481189727783
13722,2.4085090160369873,-6.485920429229736
13723,21.178863525390625,18.41679573059082
13724,0.9375743269920349,-5.563797473907471
13725,7.6028594970703125,-5.780608654022217
13726,-0.3709533214569092,1.4243050813674927
13727,0.8824752569198608,-2.59619140625
13728,-1.993709921836853,-5.219625949859619
13729,1.9522252082824707,-5.361723899841309
13730,-8.184087753295898,1.3673105239868164
13731,1.1721317768096924,-3.6924357414245605
13732,-1.2863465547561646,-5.000037670135498
13733,3.557307720184326,-6.6532182693481445
13734,-1.748298168182373,-3.7130398750305176
13735,15.369296073913574,9.368889808654785
13736,-10.643202781677246,1.3797825574874878
13737,-9.760340690612793,-1.2780771255493164
13738,11.212910652160645,0.1289980709552765
13739,11.063802719116211,-0.23183676600456238
13740,1.360400676727295,-2.3352737426757812
13741,13.080012321472168,5.364134311676025
13742,-13.89828109741211,-2.0774354934692383
13743,-2.6662027835845947,-2.546696424484253
13744,8.505277633666992,-0.055298782885074615
13745,-0.3939448297023773,1.7084485292434692
13746,-7.237308502197266,-2.0949673652648926
13747,-1.031572699546814,-1.2372392416000366
13748,-5.545808792114258,-0.7290136814117432
13749,-5.391324043273926,-4.006075859069824
13750,0.44824597239494324,-6.997790813446045
13751,-10.582892417907715,1.3143908977508545
13752,3.3384289741516113,-8.422045707702637
13753,-15.301443099975586,-15.568215370178223
13754,-3.014434576034546,7.403838634490967
13755,-8.06230354309082,-2.1449694633483887
13756,1.2798477411270142,-2.0053069591522217
13757,-2.2248945236206055,-0.1831056773662567
13758,-0.5617243647575378,-5.90817928314209
13759,-8.3267183303833,-4.266530990600586
13760,-10.518954277038574,4.786340236663818
13761,1.231704831123352,-3.497560501098633
13762,-7.703401565551758,0.40099409222602844
13763,-10.9996919631958,-4.312959671020508
13764,1.5362740755081177,-3.5605573654174805
13765,9.537144660949707,0.22974565625190735
13766,-0.40740644931793213,1.1544873714447021
13767,-6.622387409210205,-0.45140519738197327
13768,2.9082586765289307,-0.6953877210617065
13769,-0.36446934938430786,0.1689000129699707
13770,6.826940536499023,-0.25651416182518005
13771,8.135638236999512,6.740757942199707
13772,4.430514335632324,-2.3964200019836426
13773,12.839678764343262,0.37348559498786926
13774,2.088871955871582,-1.456174612045288
13775,-4.546323299407959,-3.7885231971740723
13776,-13.33098030090332,-6.0880632400512695
13777,-15.43937873840332,-19.77324104309082
13778,0.8861846327781677,-1.1075468063354492
13779,-0.3222540616989136,2.569838047027588
13780,-16.02260971069336,-18.344482421875
13781,-9.520720481872559,-2.2535064220428467
13782,14.174293518066406,7.131609916687012
13783,-10.391743659973145,2.1034369468688965
13784,-8.102030754089355,-6.944598197937012
13785,11.393050193786621,-1.7966771125793457
13786,-2.718712329864502,-8.776885986328125
13787,-17.76144027709961,-9.934703826904297
13788,-0.40903329849243164,-7.560794830322266
13789,8.20481014251709,26.12911033630371
13790,9.751311302185059,-1.5051299333572388
13791,-2.087374210357666,-1.7146341800689697
13792,12.328276634216309,-2.198239326477051
13793,13.28039836883545,-1.2980380058288574
13794,3.617055892944336,-8.604968070983887
13795,-6.831027507781982,-2.986787796020508
13796,-6.400578498840332,0.9459818601608276
13797,1.8209017515182495,-2.8290181159973145
13798,5.394627571105957,11.001053810119629
13799,-6.536810874938965,-13.366780281066895
13800,-1.1922804117202759,0.9903717041015625
13801,-2.1389341354370117,0.7167156934738159
13802,-26.839920043945312,-21.347089767456055
13803,-0.37576547265052795,0.9004721641540527
13804,-10.698561668395996,5.210897922515869
13805,-7.690380096435547,-6.423755168914795
13806,-3.8394269943237305,-3.0142598152160645
13807,-6.532423973083496,-3.495047092437744
13808,1.2184487581253052,-1.7814034223556519
13809,-0.536342442035675,-3.3542494773864746
13810,12.196340560913086,-1.881340742111206
13811,-0.2708853781223297,0.7573961019515991
13812,-6.397982597351074,3.297318696975708
13813,-2.0306079387664795,-4.1522369384765625
13814,7.051519393920898,-3.2967801094055176
13815,-11.68386173248291,-1.7543866634368896
13816,8.84156322479248,-3.1476283073425293
13817,-11.510226249694824,0.6131975650787354
13818,-9.401313781738281,-7.261624813079834
13819,2.1424903869628906,-3.0539956092834473
13820,17.767671585083008,11.548393249511719
13821,-2.0311777591705322,3.9650778770446777
13822,20.286083221435547,19.649255752563477
13823,6.133865833282471,-1.5446248054504395
13824,-0.21582220494747162,2.6452736854553223
13825,1.1097978353500366,-1.265037178993225
13826,-10.912995338439941,-4.601106643676758
13827,15.084083557128906,9.26067066192627
13828,12.643798828125,-1.2894246578216553
13829,2.6836721897125244,0.22148072719573975
13830,-7.406899929046631,1.8116236925125122
13831,9.435284614562988,-2.1854248046875
13832,-10.354296684265137,-0.09607032686471939
13833,11.606097221374512,4.904567241668701
13834,-9.515976905822754,-1.8529987335205078
13835,0.1344582587480545,-6.5784382820129395
13836,-3.4096479415893555,-5.172680377960205
13837,-6.511445999145508,-2.969172477722168
13838,-0.3463042676448822,7.0187296867370605
13839,-17.158767700195312,-16.48354148864746
13840,-2.3762943744659424,-1.8119754791259766
13841,8.300887107849121,7.327150344848633
13842,-13.333149909973145,-18.398406982421875
13843,-0.6310958862304688,-7.8142218589782715
13844,11.584179878234863,0.35396960377693176
13845,4.166351318359375,-6.272088050842285
13846,-0.8629363775253296,0.8627362847328186
13847,-6.794300079345703,2.1040821075439453
13848,23.152233123779297,26.823089599609375
13849,6.829776287078857,-1.256616234779358
13850,-4.788447856903076,-8.013527870178223
13851,-4.85435152053833,5.755094051361084
13852,10.877004623413086,4.724067211151123
13853,-0.6023529767990112,10.324801445007324
13854,11.036822319030762,0.3047328293323517
13855,-9.29394245147705,-1.2693185806274414
13856,16.084293365478516,13.595972061157227
13857,-8.584474563598633,-4.48372745513916
13858,-7.7188720703125,-8.568995475769043
13859,10.2252836227417,0.6697995662689209
13860,-8.197711944580078,3.1323459148406982
13861,2.1585798263549805,-2.399359703063965
13862,-0.15717840194702148,1.9945778846740723
13863,3.0465283393859863,-8.003806114196777
13864,1.8876844644546509,-5.5426411628723145
13865,0.7899895906448364,-6.243311405181885
13866,2.01877760887146,-4.574555397033691
13867,-7.1692657470703125,2.5982930660247803
13868,-15.529410362243652,-7.926536560058594
13869,-4.752133369445801,-2.0878663063049316
13870,-15.171305656433105,-14.506340026855469
13871,11.362107276916504,0.29712775349617004
13872,3.769064426422119,-8.348640441894531
13873,1.0281543731689453,-7.074678421020508
13874,4.807269096374512,-9.468427658081055
13875,2.0305933952331543,-7.788928031921387
13876,-12.010400772094727,-1.2526826858520508
13877,2.226933479309082,-4.563384532928467
13878,-1.9001041650772095,-6.076093673706055
13879,6.626431941986084,-2.205779790878296
13880,0.07785899937152863,1.510606288909912
13881,5.295307159423828,1.7926530838012695
13882,8.840800285339355,-6.33936071395874
13883,-3.697690963745117,-0.015678323805332184
13884,0.08606104552745819,-6.097823619842529
13885,-22.50771713256836,-19.540342330932617
13886,-6.481475830078125,-2.135174512863159
13887,0.7514035701751709,-0.3700529634952545
13888,-0.42622822523117065,0.9955151081085205
13889,1.0258169174194336,-3.0951833724975586
13890,1.617770791053772,-7.893085956573486
13891,1.2201117277145386,-5.053038120269775
13892,-0.4323943853378296,1.091253399848938
13893,1.3012350797653198,-7.396666526794434
13894,1.86983323097229,-7.632030487060547
13895,-9.442084312438965,-4.8337225914001465
13896,-4.2478108406066895,-0.4184945225715637
13897,1.9033148288726807,-10.473999977111816
13898,-22.360755920410156,-20.60971450805664
13899,-3.693171501159668,-5.9799113273620605
13900,4.7456560134887695,0.4160407483577728
13901,-6.938040733337402,4.196441173553467
13902,14.72231674194336,8.764891624450684
13903,-4.53421688079834,5.463374137878418
13904,-15.03880786895752,-8.839033126831055
13905,0.6070770025253296,1.837540626525879
13906,-9.4652738571167,-11.416535377502441
13907,3.54302978515625,-2.3396568298339844
13908,12.754679679870605,4.33269739151001
13909,-0.48817577958106995,-3.0894927978515625
13910,0.7191410064697266,1.2567815780639648
13911,-2.731729030609131,0.3862972557544708
13912,3.7623162269592285,-2.5471348762512207
13913,-5.955981254577637,-1.3266422748565674
13914,0.8226156234741211,-7.16246223449707
13915,-10.676202774047852,-6.276771545410156
13916,17.00009536743164,11.840387344360352
13917,4.469178199768066,15.591914176940918
13918,-4.198306083679199,-1.9021333456039429
13919,2.622391939163208,-4.769922256469727
13920,-6.415018558502197,-1.1706500053405762
13921,-6.711851596832275,6.80480432510376
13922,-6.071846961975098,-7.301812648773193
13923,-5.636014938354492,-6.318277835845947
13924,1.1585662364959717,-6.995725631713867
13925,-2.058549404144287,-7.92215633392334
13926,1.0401970148086548,-9.259671211242676
13927,-7.717271327972412,-2.9718031883239746
13928,6.043066024780273,28.394535064697266
13929,6.365168571472168,5.122715473175049
13930,1.7927830219268799,-3.9468109607696533
13931,-21.987293243408203,-18.832971572875977
13932,1.8091057538986206,-10.295707702636719
13933,-3.9255430698394775,-1.7908992767333984
13934,1.3901106119155884,-1.1909027099609375
13935,8.227690696716309,-1.8651020526885986
13936,-2.982771158218384,-0.4684368073940277
13937,-7.960114479064941,10.751073837280273
13938,3.2161881923675537,2.626460552215576
13939,2.054039478302002,1.5780620574951172
13940,4.6746063232421875,5.642997741699219
13941,1.2320629358291626,-8.001304626464844
13942,0.5064348578453064,-2.816514015197754
13943,2.358121871948242,-5.186954498291016
13944,-7.148162841796875,-7.544410705566406
13945,0.5269923210144043,0.7102038860321045
13946,-7.735761642456055,3.57660174369812
13947,-0.01606358215212822,2.902031898498535
13948,-0.2817121148109436,2.3341264724731445
13949,2.324587821960449,-2.4125490188598633
13950,-20.745195388793945,-16.98996925354004
13951,7.627689361572266,-2.7128281593322754
13952,0.1769835501909256,-1.5188372135162354
13953,-5.559378623962402,12.250435829162598
13954,-0.11082012951374054,0.03395434468984604
13955,-15.6922025680542,-17.378337860107422
13956,-2.9623160362243652,-5.414373397827148
13957,-7.7723846435546875,-2.840418577194214
13958,7.526556968688965,-2.3208231925964355
13959,-0.5332162380218506,-5.576422214508057
13960,-2.8378210067749023,-1.0188899040222168
13961,3.1123011112213135,-1.639817714691162
13962,-2.8744311332702637,-6.118128776550293
13963,-1.6587690114974976,-1.210822343826294
13964,0.7931539416313171,-1.6828041076660156
13965,9.726205825805664,1.4394488334655762
13966,-4.704822540283203,-2.759669065475464
13967,-8.2684326171875,2.405484676361084
13968,-1.5888841152191162,1.7207367420196533
13969,3.5755615234375,24.30108070373535
13970,0.7235024571418762,-6.552210330963135
13971,3.8051304817199707,-9.366019248962402
13972,1.1269646883010864,-2.6298668384552
13973,-1.305830717086792,5.4211273193359375
13974,5.460447788238525,3.5632386207580566
13975,0.17824174463748932,-9.538232803344727
13976,3.201903820037842,-1.8212611675262451
13977,0.539018452167511,1.8857755661010742
13978,-11.824165344238281,-3.8285675048828125
13979,3.428452253341675,-2.666426658630371
13980,-8.156110763549805,3.6975789070129395
13981,-0.9547008872032166,2.8653950691223145
13982,7.968786239624023,5.686509609222412
13983,-6.0593109130859375,7.14641809463501
13984,0.35693755745887756,-3.777526617050171
13985,1.2016932964324951,-0.6888781189918518
13986,1.1149852275848389,-4.476191997528076
13987,10.239167213439941,1.1454975605010986
13988,-0.1491105705499649,1.6345336437225342
13989,13.82287311553955,7.259130477905273
13990,-2.6695845127105713,3.1503703594207764
13991,2.624976634979248,3.204468250274658
13992,-4.219063758850098,6.072429180145264
13993,8.65846061706543,0.677283763885498
13994,-12.88434886932373,-12.937603950500488
13995,7.594473361968994,7.219455242156982
13996,-10.513550758361816,1.500983476638794
13997,-9.08285140991211,5.234407901763916
13998,0.18854676187038422,1.7794079780578613
13999,0.10527703166007996,0.4768927991390228
14000,-0.34522947669029236,0.7947381138801575
14001,1.6226013898849487,-3.6513924598693848
14002,-6.36678409576416,8.333462715148926
14003,-9.581368446350098,1.8431864976882935
14004,-7.518644332885742,-4.493341445922852
14005,-1.2731330394744873,6.990085124969482
14006,14.298107147216797,7.874166011810303
14007,1.7936317920684814,2.458134651184082
14008,-1.3581477403640747,1.287670373916626
14009,-8.074211120605469,-6.613903999328613
14010,-5.911654472351074,-4.024755477905273
14011,-0.3953624963760376,0.7057830691337585
14012,10.54369831085205,-0.7540777921676636
14013,-6.615567207336426,-10.748610496520996
14014,-5.81752347946167,1.1932233572006226
14015,2.2206435203552246,-4.692120552062988
14016,10.544354438781738,-0.9524295330047607
14017,-0.3034225404262543,8.94784927368164
14018,6.937213897705078,-4.246574878692627
14019,-2.1964964866638184,11.742430686950684
14020,-2.647472858428955,-0.6783785820007324
14021,0.5936079025268555,-3.4538493156433105
14022,13.36996078491211,-1.7636334896087646
14023,13.578261375427246,-1.8809000253677368
14024,-13.31824016571045,-12.502748489379883
14025,2.9943196773529053,-6.534514427185059
14026,-10.275591850280762,-2.0617573261260986
14027,1.6293460130691528,-6.147252559661865
14028,8.788504600524902,-0.8898322582244873
14029,3.538937568664551,3.3279905319213867
14030,-4.440245151519775,5.444890975952148
14031,-8.109105110168457,-2.706327438354492
14032,8.833786964416504,-1.9716713428497314
14033,-4.830014228820801,1.1292548179626465
14034,-0.40872007608413696,-0.8665845990180969
14035,4.358165740966797,1.879804253578186
14036,-3.259608268737793,-10.315394401550293
14037,2.2617428302764893,2.757918357849121
14038,-0.24393431842327118,2.7757720947265625
14039,6.304471969604492,14.710975646972656
14040,9.053553581237793,-3.867084503173828
14041,17.311359405517578,15.097609519958496
14042,-13.04822063446045,-3.5508904457092285
14043,-7.207754611968994,2.1392903327941895
14044,-21.45949935913086,-12.371612548828125
14045,-3.595947504043579,-6.979724884033203
14046,0.7402455806732178,-1.8666903972625732
14047,6.567866802215576,5.13124942779541
14048,1.4093502759933472,-4.754600524902344
14049,-9.414348602294922,3.1089937686920166
14050,-1.3452537059783936,5.515756130218506
14051,-13.282746315002441,-1.632920265197754
14052,-11.760092735290527,3.5872368812561035
14053,-19.25464630126953,-18.07097053527832
14054,4.2661943435668945,-3.3747568130493164
14055,-1.1081494092941284,1.9174702167510986
14056,-2.9650251865386963,-5.068954944610596
14057,-9.153707504272461,-14.174572944641113
14058,-1.2076083421707153,9.754389762878418
14059,20.50597381591797,17.145065307617188
14060,9.397612571716309,-1.8519840240478516
14061,-7.458337783813477,-5.529062271118164
14062,-22.69345474243164,-10.511340141296387
14063,-7.7475175857543945,-0.5189120769500732
14064,-3.3658978939056396,-0.6186503767967224
14065,7.413160800933838,-1.7166411876678467
14066,1.6914705038070679,-5.897855758666992
14067,4.723864555358887,-4.521078586578369
14068,-9.770792961120605,2.966546058654785
14069,-4.2412943840026855,-10.851585388183594
14070,-0.13233701884746552,2.6822562217712402
14071,-0.2551858723163605,0.9078695178031921
14072,0.8585626482963562,-3.483844041824341
14073,-15.41688060760498,-10.223383903503418
14074,-11.509088516235352,-1.3368208408355713
14075,1.3410531282424927,-5.952269554138184
14076,-3.3964338302612305,-6.137747287750244
14077,1.7230104207992554,-2.489011526107788
14078,17.338632583618164,13.158074378967285
14079,0.22514955699443817,-1.492377519607544
14080,-13.099102973937988,-6.3802666664123535
14081,-0.2061307281255722,2.4056286811828613
14082,0.7042279243469238,-2.3263869285583496
14083,-4.424177169799805,0.8837658166885376
14084,-6.888078212738037,-0.056859590113162994
14085,2.2785682678222656,9.683890342712402
14086,-7.51547384262085,-1.8988381624221802
14087,-7.771190643310547,-0.9431459307670593
14088,-7.327933311462402,0.739277720451355
14089,0.15059606730937958,-0.008544571697711945
14090,-1.884702205657959,-2.5038318634033203
14091,-4.23094367980957,-2.499667167663574
14092,17.583036422729492,14.14169979095459
14093,-0.6842449903488159,-6.662673473358154
14094,-5.580990791320801,0.1415751874446869
14095,-1.5567175149917603,-6.892601490020752
14096,-0.3208027780056,2.36430025100708
14097,0.7952011823654175,-1.6423335075378418
14098,11.170686721801758,0.11027338355779648
14099,10.465209007263184,-3.1212055683135986
14100,-21.47856903076172,-17.069414138793945
14101,12.655056953430176,6.621412754058838
14102,-10.96776294708252,0.9332088232040405
14103,2.506884813308716,-4.7133402824401855
14104,-3.361659288406372,-6.0202956199646
14105,0.3769133687019348,-3.655026435852051
14106,2.491398334503174,-1.332922339439392
14107,11.076953887939453,-0.8160552978515625
14108,-0.17530952394008636,1.5569570064544678
14109,2.399688243865967,-3.9679198265075684
14110,-2.4098987579345703,10.71514892578125
14111,-8.060009956359863,-1.791154146194458
14112,11.636610984802246,-0.2930929362773895
14113,12.57303524017334,4.341433525085449
14114,-8.894820213317871,-10.863374710083008
14115,0.04380600526928902,0.44930583238601685
14116,3.9330692291259766,2.5211498737335205
14117,-2.347141742706299,3.3230504989624023
14118,9.873222351074219,10.618961334228516
14119,-5.409118175506592,-11.950514793395996
14120,-0.35271427035331726,2.319403648376465
14121,2.1256093978881836,-5.034008026123047
14122,0.7997787594795227,-6.66172456741333
14123,-7.385435104370117,-4.263126850128174
14124,-7.187472343444824,-2.331206798553467
14125,13.069634437561035,-2.61501407623291
14126,-6.122063636779785,1.3203569650650024
14127,-0.1613277792930603,2.632943630218506
14128,-0.07171624898910522,2.4497554302215576
14129,12.9872465133667,-2.06475567817688
14130,8.4653959274292,0.6336934566497803
14131,-13.037577629089355,-17.44182014465332
14132,-11.602982521057129,-5.312620162963867
14133,1.0016337633132935,-1.8683311939239502
14134,0.6134779453277588,-1.7188594341278076
14135,-9.643818855285645,-8.270522117614746
14136,14.109183311462402,7.894280910491943
14137,-5.372007846832275,-9.735516548156738
14138,-21.71239471435547,-7.757191181182861
14139,13.768860816955566,5.671781063079834
14140,-13.560918807983398,-3.4461510181427
14141,-3.5184102058410645,2.47648549079895
14142,16.775787353515625,12.092256546020508
14143,-18.100387573242188,-10.026579856872559
14144,-13.017660140991211,-6.173513889312744
14145,-2.0883374214172363,-6.202709197998047
14146,7.783417701721191,0.08679749816656113
14147,1.5456868410110474,-9.78256893157959
14148,1.1439059972763062,-9.417049407958984
14149,-0.48084113001823425,-4.567638874053955
14150,2.39387845993042,11.931037902832031
14151,9.563321113586426,-2.8335983753204346
14152,-10.63277530670166,-15.309491157531738
14153,5.323106288909912,-2.2091543674468994
14154,-1.0214697122573853,-5.381256103515625
14155,-13.54419994354248,1.4720048904418945
14156,1.4476643800735474,-4.370182514190674
14157,8.64766788482666,-3.275759220123291
14158,-7.457195281982422,-11.216723442077637
14159,2.6705551147460938,-7.342267990112305
14160,4.663465976715088,-5.944014549255371
14161,-4.438061714172363,-6.897311210632324
14162,-2.0922741889953613,-9.016860008239746
14163,9.939764976501465,0.91436767578125
14164,-12.84519100189209,-16.89011573791504
14165,15.86716365814209,9.52925968170166
14166,-3.4083378314971924,-10.755684852600098
14167,-9.82441234588623,3.414214611053467
14168,-17.59937858581543,-13.365550994873047
14169,-4.042905330657959,-4.2748517990112305
14170,1.2406158447265625,-7.486541748046875
14171,1.636742115020752,-5.629845142364502
14172,5.494556903839111,23.74173355102539
14173,-5.793388366699219,-4.461935520172119
14174,4.791570663452148,7.162924766540527
14175,9.032015800476074,-1.2257081270217896
14176,-4.880674839019775,-2.624356269836426
14177,16.127317428588867,10.744102478027344
14178,-7.941770553588867,-3.245116710662842
14179,-11.054512977600098,2.5270156860351562
14180,2.2084076404571533,-6.275055408477783
14181,-9.434123039245605,-4.0970988273620605
14182,-15.544690132141113,-6.346868991851807
14183,1.9527264833450317,-3.0716514587402344
14184,8.110820770263672,-3.5760226249694824
14185,13.730725288391113,-0.957573413848877
14186,-8.308197975158691,2.9945240020751953
14187,2.4679770469665527,-7.313015460968018
14188,-23.053668975830078,-16.264667510986328
14189,-0.6544917225837708,-0.8844883441925049
14190,-11.11547565460205,-1.4275405406951904
14191,1.6829580068588257,-2.979811668395996
14192,-3.2523927688598633,-2.5830440521240234
14193,-21.714557647705078,-11.414286613464355
14194,-11.529129981994629,3.0535073280334473
14195,2.4604690074920654,-5.473905563354492
14196,12.951908111572266,-1.9579721689224243
14197,7.599250316619873,33.09135437011719
14198,-9.303061485290527,-1.0369247198104858
14199,0.08690859377384186,2.0952398777008057
14200,-6.703009605407715,-2.6218197345733643
14201,12.333407402038574,-0.2902061641216278
14202,7.451133728027344,4.86691951751709
14203,-2.6731858253479004,2.0661308765411377
14204,-4.399340629577637,-3.331732749938965
14205,-1.8764716386795044,-1.8794045448303223
14206,-2.696094274520874,4.314389705657959
14207,-0.25192293524742126,3.0100014209747314
14208,-10.012226104736328,-2.2561419010162354
14209,6.593143939971924,-3.3729066848754883
14210,10.225692749023438,0.510453462600708
14211,-7.732792377471924,3.8592073917388916
14212,1.6326382160186768,-9.041363716125488
14213,-6.697248458862305,-5.822807788848877
14214,-1.530988097190857,0.8061403036117554
14215,14.888567924499512,10.856800079345703
14216,-22.79628562927246,-19.938093185424805
14217,0.16553016006946564,1.62457275390625
14218,-13.260817527770996,6.000339031219482
14219,-0.2143317013978958,0.9013071656227112
14220,-11.275636672973633,1.6940608024597168
14221,2.8122682571411133,-3.0748636722564697
14222,13.872011184692383,6.650401592254639
14223,-22.46173095703125,-10.345084190368652
14224,-2.548305034637451,-8.769525527954102
14225,-10.415186882019043,-15.329466819763184
14226,-11.52711296081543,-1.9645411968231201
14227,-10.193429946899414,-7.622096538543701
14228,1.319279670715332,-6.153170108795166
14229,1.3929580450057983,-8.113494873046875
14230,-0.05227721855044365,2.3458566665649414
14231,-7.333730697631836,7.914032936096191
14232,11.699250221252441,5.688926696777344
14233,-1.9363681077957153,-0.5916985273361206
14234,7.62369441986084,-1.8218106031417847
14235,10.592544555664062,-1.0638571977615356
14236,1.2350858449935913,-6.10101842880249
14237,-15.369303703308105,-18.312801361083984
14238,5.290575981140137,-8.533870697021484
14239,0.6055452823638916,-2.899632692337036
14240,2.4980106353759766,-4.914059162139893
14241,-2.6824402809143066,-6.831808090209961
14242,1.7128041982650757,-9.962400436401367
14243,16.352516174316406,11.427297592163086
14244,9.35204792022705,-1.2448773384094238
14245,0.7150663137435913,-8.560873985290527
14246,-13.660861015319824,-8.706709861755371
14247,-4.258701801300049,-2.9226272106170654
14248,4.463258743286133,19.92918586730957
14249,-4.94110107421875,-6.771370887756348
14250,2.04752254486084,-3.09712553024292
14251,-8.36481761932373,4.160722255706787
14252,-7.787829399108887,4.037131309509277
14253,-5.321891784667969,-1.0218051671981812
14254,12.249205589294434,5.587282180786133
14255,0.447603315114975,-0.12016844004392624
14256,12.667155265808105,-1.0057039260864258
14257,1.327249526977539,-3.770134687423706
14258,-7.315686225891113,3.6029324531555176
14259,-7.5429277420043945,2.2160136699676514
14260,-10.858617782592773,-15.210588455200195
14261,-6.130981922149658,-5.892691135406494
14262,12.9755220413208,6.4662909507751465
14263,4.211391448974609,4.023985385894775
14264,-6.637342929840088,-1.7802979946136475
14265,0.4337277412414551,1.8880318403244019
14266,-24.605981826782227,-16.82606315612793
14267,-20.226398468017578,-16.33103370666504
14268,4.906607151031494,0.9486812949180603
14269,-19.862260818481445,-18.79258918762207
14270,0.10648296773433685,-0.8420330882072449
14271,7.700141429901123,6.908957004547119
14272,5.744416236877441,-2.9675099849700928
14273,1.4575464725494385,-5.399076461791992
14274,14.701177597045898,0.5500383377075195
14275,1.251206636428833,-4.137476921081543
14276,9.58936595916748,-1.9600286483764648
14277,-7.557635307312012,-3.090092182159424
14278,-3.006561756134033,7.4205474853515625
14279,6.372286796569824,-0.9265592098236084
14280,-9.972566604614258,-2.9830987453460693
14281,3.0623221397399902,-5.747419834136963
14282,-6.653554439544678,0.054529570043087006
14283,9.952615737915039,3.1806156635284424
14284,-24.114810943603516,-15.606135368347168
14285,6.516249656677246,14.613277435302734
14286,-1.9306827783584595,-3.7998604774475098
14287,-13.531527519226074,-8.878981590270996
14288,-0.20295847952365875,-0.046621792018413544
14289,2.223799705505371,-5.619294166564941
14290,1.8749125003814697,-5.617669582366943
14291,11.907323837280273,3.808401346206665
14292,-5.515066146850586,-8.479435920715332
14293,10.069802284240723,27.535091400146484
14294,-4.143980026245117,-0.2666302025318146
14295,-0.28199252486228943,0.6447577476501465
14296,-4.716911792755127,-9.115192413330078
14297,-4.426944732666016,-2.4481050968170166
14298,12.50309944152832,-0.9185378551483154
14299,-3.386173725128174,-5.776670932769775
14300,-27.564050674438477,-21.632484436035156
14301,9.199469566345215,-1.1526458263397217
14302,-5.156174659729004,-3.44893217086792
14303,-7.049022674560547,-5.732868671417236
14304,-1.3837639093399048,-8.332676887512207
14305,0.3313560485839844,-5.923239707946777
14306,6.659256935119629,-1.125330924987793
14307,1.2826941013336182,-8.794156074523926
14308,2.0359373092651367,-2.8379461765289307
14309,-9.758496284484863,-4.3485188484191895
14310,-0.2916058301925659,-6.6984944343566895
14311,-8.522088050842285,-14.522705078125
14312,9.83930778503418,11.653698921203613
14313,-6.535575866699219,2.4488656520843506
14314,-11.4508056640625,-1.646338939666748
14315,0.15288127958774567,-5.125030517578125
14316,1.368015170097351,-1.4826953411102295
14317,4.459568977355957,1.4720505475997925
14318,10.228804588317871,-0.6836791038513184
14319,4.314764499664307,3.4800119400024414
14320,1.1461955308914185,-7.894436359405518
14321,9.396507263183594,-3.0490543842315674
14322,3.058889389038086,17.019376754760742
14323,-0.5478013157844543,1.177910566329956
14324,7.330618858337402,23.541433334350586
14325,4.879549980163574,-4.013935089111328
14326,-2.0047800540924072,-5.3416876792907715
14327,-6.157113552093506,-0.9125107526779175
14328,13.979178428649902,7.732061386108398
14329,-1.698630690574646,1.2727395296096802
14330,11.448657035827637,0.8984420299530029
14331,-6.091136932373047,-3.0603485107421875
14332,2.1316590309143066,-4.841437816619873
14333,2.104544162750244,-3.248257637023926
14334,-0.6500849723815918,-7.481942176818848
14335,9.784942626953125,-1.3288084268569946
14336,9.917964935302734,-0.9117295742034912
14337,5.0470967292785645,23.006546020507812
14338,12.71068286895752,5.394285202026367
14339,1.4335771799087524,-6.837586402893066
14340,3.0940561294555664,-2.4276671409606934
14341,-5.7288031578063965,-0.7432219982147217
14342,0.2824716866016388,4.678282260894775
14343,-17.355003356933594,-6.8569440841674805
14344,17.180599212646484,10.962484359741211
14345,10.895319938659668,-1.5498840808868408
14346,-10.33618450164795,-9.080665588378906
14347,1.4054200649261475,-1.6766996383666992
14348,11.195291519165039,13.522185325622559
14349,1.0900973081588745,-7.435488224029541
14350,0.5762920379638672,-2.150949001312256
14351,8.085099220275879,7.041249752044678
14352,0.6154143214225769,-0.7246270179748535
14353,-5.9361891746521,11.584041595458984
14354,-0.291520893573761,-0.6265352368354797
14355,1.2342356443405151,-4.511263847351074
14356,10.475214958190918,5.655178546905518
14357,1.5777136087417603,-3.463667869567871
14358,11.832352638244629,5.323590278625488
14359,15.520283699035645,7.862649917602539
14360,-15.831321716308594,-13.017415046691895
14361,-17.904876708984375,-10.394268989562988
14362,11.879620552062988,4.14108419418335
14363,9.663926124572754,0.6626195907592773
14364,18.090871810913086,13.671768188476562
14365,17.895923614501953,13.944985389709473
14366,15.39702320098877,9.308483123779297
14367,-7.589483261108398,-7.7225422859191895
14368,9.631731986999512,-0.8142315149307251
14369,-1.9753133058547974,-1.5049471855163574
14370,1.7706629037857056,-8.902654647827148
14371,-7.942018032073975,-0.25330641865730286
14372,-8.377087593078613,2.830979108810425
14373,-8.026224136352539,-2.521601676940918
14374,-27.04378318786621,-22.275089263916016
14375,9.022168159484863,8.55034351348877
14376,-4.267149925231934,1.255938172340393
14377,0.02205437794327736,1.6402748823165894
14378,10.009696960449219,-1.3628805875778198
14379,0.9086261987686157,-1.8416165113449097
14380,2.845482587814331,-5.469149589538574
14381,1.8942245244979858,-1.6088950634002686
14382,1.516064167022705,-8.744637489318848
14383,-10.87536334991455,-9.642671585083008
14384,-10.734944343566895,-1.7768049240112305
14385,13.376123428344727,6.024183750152588
14386,17.981304168701172,13.605704307556152
14387,0.4585782289505005,-2.559319257736206
14388,-8.8665189743042,-0.39016684889793396
14389,7.6177496910095215,0.014914058148860931
14390,-3.9669289588928223,3.8040223121643066
14391,-1.2700737714767456,2.652045726776123
14392,0.8452613949775696,-0.3911217749118805
14393,-10.478157043457031,-16.121339797973633
14394,16.197769165039062,9.133481979370117
14395,-23.593217849731445,-19.840547561645508
14396,-3.910914421081543,-8.21963882446289
14397,2.168656826019287,-3.533607244491577
14398,8.109423637390137,-0.6006788015365601
14399,1.1238771677017212,-1.623420000076294
14400,8.240943908691406,-2.2583184242248535
14401,6.018834114074707,20.724599838256836
14402,9.695611000061035,4.630866050720215
14403,2.4860000610351562,6.425751686096191
14404,0.8163445591926575,-2.806260585784912
14405,0.6492760181427002,-2.4847021102905273
14406,3.286970615386963,-2.5846915245056152
14407,-9.178606986999512,3.917804718017578
14408,11.041309356689453,1.123711109161377
14409,5.765467643737793,18.94440269470215
14410,7.418189525604248,-2.1143620014190674
14411,-0.42400798201560974,-6.54026460647583
14412,-6.633875846862793,-3.483646869659424
14413,7.552535057067871,-0.773400068283081
14414,8.200499534606934,-2.164677381515503
14415,8.314423561096191,-1.3167991638183594
14416,11.706520080566406,5.414905548095703
14417,11.69274616241455,0.42003563046455383
14418,12.528182029724121,-2.7014195919036865
14419,2.8890812397003174,-6.140688419342041
14420,-22.130197525024414,-15.617692947387695
14421,-10.339444160461426,-0.5291001796722412
14422,-1.48228919506073,3.204176425933838
14423,-11.290752410888672,-14.386751174926758
14424,-8.37178897857666,3.9399709701538086
14425,2.391282558441162,-5.610911846160889
14426,9.517752647399902,-1.0995254516601562
14427,-4.4457926750183105,-6.986948490142822
14428,8.019676208496094,-2.0459537506103516
14429,10.802700996398926,-0.22864529490470886
14430,-8.90237808227539,-0.6395372748374939
14431,-21.73236656188965,-11.812249183654785
14432,3.1697487831115723,-2.3326427936553955
14433,-0.41588208079338074,0.8115105628967285
14434,1.5717288255691528,-4.1494574546813965
14435,18.216381072998047,12.393448829650879
14436,-9.170968055725098,-1.761637568473816
14437,-0.7463284730911255,-2.5019752979278564
14438,9.786052703857422,-0.7085509300231934
14439,4.0064496994018555,6.677663326263428
14440,12.140624046325684,-2.6238574981689453
14441,0.715850830078125,-3.600090742111206
14442,8.781233787536621,14.37121295928955
14443,-13.890375137329102,-17.733814239501953
14444,-0.12946532666683197,0.991426944732666
14445,-7.458450794219971,-6.322010040283203
14446,1.4297021627426147,-1.5036988258361816
14447,10.02503776550293,-0.6895666122436523
14448,1.9915152788162231,-8.887112617492676
14449,0.5963090658187866,-2.0716793537139893
14450,8.85578727722168,-0.8163241147994995
14451,3.4442763328552246,3.786553382873535
14452,-16.840198516845703,-17.590702056884766
14453,-0.04777034744620323,-4.676257610321045
14454,-8.202317237854004,9.30271053314209
14455,1.1022652387619019,-1.6048527956008911
14456,1.3042817115783691,-5.856231689453125
14457,-2.1890077590942383,0.3645031452178955
14458,-9.891819953918457,-1.83744478225708
14459,1.119818925857544,-7.427079677581787
14460,-9.610400199890137,-1.854353427886963
14461,-10.948742866516113,-16.234630584716797
14462,11.334891319274902,5.9478044509887695
14463,-7.012246131896973,1.246288537979126
14464,18.073707580566406,14.789680480957031
14465,-4.309360504150391,-7.81060266494751
14466,8.745013236999512,7.54193639755249
14467,1.3677610158920288,-1.2291603088378906
14468,1.8178843259811401,-4.552103042602539
14469,11.806941032409668,-2.0501503944396973
14470,-0.24253807961940765,0.8624712824821472
14471,1.134482741355896,-2.429320812225342
14472,-0.3822921812534332,-1.165608525276184
14473,-0.4990987479686737,0.8653132915496826
14474,-0.25725334882736206,2.257107734680176
14475,-1.069510579109192,0.6008566617965698
14476,2.7418744564056396,-5.540715217590332
14477,0.7965242862701416,-1.804288625717163
14478,1.1059085130691528,-2.341912031173706
14479,16.735488891601562,12.882200241088867
14480,8.527815818786621,-1.5005029439926147
14481,-3.0163209438323975,-1.713156819343567
14482,-0.5487304329872131,-3.075167417526245
14483,-0.3275143802165985,0.8613075017929077
14484,14.318219184875488,8.571218490600586
14485,-14.72194766998291,-0.42664143443107605
14486,12.295599937438965,3.5615735054016113
14487,4.575261116027832,3.266669273376465
14488,-1.7520182132720947,-3.0938868522644043
14489,-6.758387565612793,-1.2142161130905151
14490,2.6887831687927246,2.6469712257385254
14491,0.6385353803634644,0.8517477512359619
14492,-23.014841079711914,-18.733776092529297
14493,-1.3745232820510864,0.46152517199516296
14494,9.888885498046875,-0.19255182147026062
14495,2.75675106048584,-8.58448600769043
14496,-23.25481414794922,-19.651002883911133
14497,10.990948677062988,-1.933019995689392
14498,1.4836039543151855,-1.5766451358795166
14499,10.877549171447754,1.3355035781860352
14500,7.3051276206970215,11.139275550842285
14501,8.468682289123535,-2.187405586242676
14502,15.496844291687012,9.986725807189941
14503,-5.446662902832031,-4.215109825134277
14504,10.871630668640137,0.8937418460845947
14505,10.215065002441406,0.6066374778747559
14506,0.2930128574371338,-1.9133421182632446
14507,-1.7747293710708618,-4.140584468841553
14508,16.421310424804688,10.566040992736816
14509,-1.0354955196380615,5.8523850440979
14510,-1.770715355873108,1.059562087059021
14511,-5.551407814025879,-3.3375277519226074
14512,-10.186469078063965,-7.181923866271973
14513,-0.6164692640304565,0.9774727821350098
14514,9.91430950164795,-1.2012789249420166
14515,9.725420951843262,-0.691875696182251
14516,-0.3278621733188629,0.6726886034011841
14517,-1.065477967262268,-0.5932942628860474
14518,-20.37158203125,-19.2225399017334
14519,1.242443323135376,2.6735923290252686
14520,0.23331670463085175,1.9568352699279785
14521,-9.031519889831543,-0.8137038946151733
14522,8.655932426452637,-1.413327932357788
14523,-2.9055497646331787,-7.159848213195801
14524,7.6480937004089355,2.178473949432373
14525,1.2500126361846924,1.8049923181533813
14526,10.468249320983887,2.8497655391693115
14527,-7.082500457763672,-2.277198314666748
14528,-6.986272811889648,-1.988091230392456
14529,-8.041959762573242,-1.4515595436096191
14530,1.8057225942611694,-3.547271490097046
14531,3.7621190547943115,-7.759460926055908
14532,-23.137622833251953,-22.000171661376953
14533,-0.15804357826709747,-6.318944454193115
14534,1.7631815671920776,-2.967808246612549
14535,-11.87624454498291,-1.5361684560775757
14536,-0.12847428023815155,0.9665513038635254
14537,5.03098726272583,17.32277488708496
14538,10.788536071777344,0.055855534970760345
14539,-2.4908132553100586,-8.919565200805664
14540,8.274225234985352,0.35071828961372375
14541,1.2116706371307373,-2.1163578033447266
14542,6.610894203186035,0.22653761506080627
14543,8.205706596374512,-1.3966152667999268
14544,11.943697929382324,1.9448603391647339
14545,-5.753086566925049,-2.8618087768554688
14546,12.759334564208984,-1.799117922782898
14547,10.334246635437012,4.329770565032959
14548,3.8949084281921387,3.6223316192626953
14549,-14.868060111999512,-0.3428768813610077
14550,-14.581746101379395,-3.966411590576172
14551,-7.366835594177246,2.8371453285217285
14552,1.8130617141723633,-2.4355874061584473
14553,-13.780911445617676,-4.084967136383057
14554,-21.616329193115234,-20.224315643310547
14555,-0.8102017045021057,5.10971212387085
14556,8.368036270141602,-1.3772704601287842
14557,3.5943989753723145,-2.5165252685546875
14558,-12.093888282775879,-5.425052165985107
14559,11.697709083557129,2.342050313949585
14560,-6.736799716949463,-0.40758517384529114
14561,-5.685953140258789,-2.6391782760620117
14562,6.684366226196289,-2.4666943550109863
14563,8.004794120788574,0.5243608951568604
14564,8.532721519470215,16.41362190246582
14565,1.2670788764953613,-1.431897759437561
14566,7.748374938964844,7.329399585723877
14567,3.0987401008605957,-2.082475185394287
14568,-1.2565289735794067,3.045363426208496
14569,1.4145419597625732,-0.7882359027862549
14570,4.437113285064697,10.822770118713379
14571,15.258238792419434,7.52692985534668
14572,10.663092613220215,-2.720615863800049
14573,-3.291269063949585,-0.8844683170318604
14574,1.4414829015731812,-5.852663993835449
14575,-0.299143522977829,0.8952178955078125
14576,9.669632911682129,0.29184427857398987
14577,-0.3901843726634979,-5.280731678009033
14578,16.468902587890625,12.421626091003418
14579,1.4502068758010864,-3.3157668113708496
14580,-3.0049493312835693,-7.694438934326172
14581,-7.225325584411621,0.3504519760608673
14582,19.54899787902832,18.78287696838379
14583,-7.704537391662598,-13.794487953186035
14584,7.242624282836914,-3.08357572555542
14585,9.506681442260742,-0.6424777507781982
14586,10.511353492736816,-0.30194899439811707
14587,-2.2609450817108154,8.817381858825684
14588,3.3035614490509033,-7.059781551361084
14589,1.0949300527572632,-9.285767555236816
14590,-7.9931745529174805,2.6372594833374023
14591,1.485437035560608,-5.171041488647461
14592,4.234895706176758,5.3417510986328125
14593,-4.2720513343811035,-11.497712135314941
14594,8.499505043029785,-2.91534161567688
14595,9.775103569030762,26.43804931640625
14596,19.66452407836914,16.779207229614258
14597,5.4507575035095215,-2.403317451477051
14598,1.058741569519043,-5.767637729644775
14599,-0.13210764527320862,1.1866871118545532
14600,-9.90434741973877,4.144438743591309
14601,10.667526245117188,-2.3539841175079346
14602,-10.543110847473145,-2.942222833633423
14603,10.139424324035645,-0.5262107849121094
14604,-7.396880149841309,-2.246366024017334
14605,5.891599178314209,1.6612136363983154
14606,13.976483345031738,-1.6238012313842773
14607,-0.46159490942955017,1.9110053777694702
14608,3.6602094173431396,-4.794906139373779
14609,-5.959731101989746,0.9412950873374939
14610,-9.12129020690918,-6.125913143157959
14611,1.024559736251831,-5.885316371917725
14612,10.422286033630371,4.154807090759277
14613,-0.46676215529441833,-3.1075656414031982
14614,-14.456088066101074,-11.921260833740234
14615,-21.04438591003418,-21.017953872680664
14616,2.0354647636413574,-2.434788465499878
14617,-5.0452423095703125,-2.3354220390319824
14618,-7.610010623931885,-11.060185432434082
14619,9.85544490814209,-0.8647350072860718
14620,4.193430423736572,-3.437736749649048
14621,8.716506004333496,-0.5060980319976807
14622,5.326486110687256,-1.3929662704467773
14623,-10.940459251403809,-11.665311813354492
14624,1.871309518814087,-2.91510009765625
14625,10.585671424865723,-0.12623021006584167
14626,17.44704246520996,14.372946739196777
14627,-1.3268812894821167,-5.44844913482666
14628,3.4755730628967285,-7.840845108032227
14629,7.957065582275391,-1.007775068283081
14630,11.206097602844238,0.18677785992622375
14631,-7.628949165344238,-0.4690886437892914
14632,3.190276622772217,-1.6489500999450684
14633,5.9855475425720215,-1.4815562963485718
14634,10.536622047424316,14.4721040725708
14635,-0.00015312060713768005,-7.33334493637085
14636,-12.3447847366333,-9.381072044372559
14637,-2.6756222248077393,9.589438438415527
14638,-6.834027290344238,-1.7544106245040894
14639,1.0344737768173218,3.161081314086914
14640,-7.572151184082031,4.5193376541137695
14641,-8.823655128479004,3.5439045429229736
14642,0.8947756886482239,-5.207633018493652
14643,-2.0148518085479736,-4.489579200744629
14644,-8.317036628723145,-7.373129844665527
14645,4.637517929077148,-5.657768726348877
14646,-3.0553507804870605,-3.8122050762176514
14647,-0.9678603410720825,0.23516231775283813
14648,1.2850924730300903,-5.148501396179199
14649,10.595380783081055,0.9452896118164062
14650,-15.543081283569336,-14.966540336608887
14651,8.579205513000488,-3.093928813934326
14652,6.259175777435303,-5.2008137702941895
14653,-0.05417528375983238,1.088357925415039
14654,13.628914833068848,8.651825904846191
14655,7.927970886230469,5.8986496925354
14656,-13.46439266204834,-1.8595807552337646
14657,9.407353401184082,-0.4617637097835541
14658,3.7859091758728027,3.4307310581207275
14659,13.291716575622559,5.903194904327393
14660,17.982437133789062,12.628056526184082
14661,-7.183917045593262,2.3162083625793457
14662,2.877549171447754,-1.6617289781570435
14663,-0.3032819926738739,1.8101863861083984
14664,14.395452499389648,8.21363353729248
14665,12.167441368103027,5.773293972015381
14666,-8.85328197479248,-4.788877964019775
14667,4.87612247467041,-0.3948545753955841
14668,-11.105196952819824,-1.1193430423736572
14669,9.415312767028809,0.23122671246528625
14670,-20.20752716064453,-8.132834434509277
14671,6.306919574737549,-1.3381407260894775
14672,1.1852126121520996,-6.48565673828125
14673,1.434916615486145,-3.9400506019592285
14674,-6.993704795837402,-3.815587043762207
14675,-26.52056312561035,-21.756210327148438
14676,-18.103557586669922,-20.230920791625977
14677,0.8662182092666626,3.832622766494751
14678,-25.65874481201172,-11.890839576721191
14679,5.211568832397461,-8.715493202209473
14680,1.7822951078414917,-3.776576280593872
14681,13.594460487365723,9.779967308044434
14682,-0.17427648603916168,2.170785903930664
14683,0.6787747144699097,-6.016204357147217
14684,-0.08729028701782227,0.8876636028289795
14685,14.769852638244629,8.910502433776855
14686,-5.203327655792236,5.139899730682373
14687,6.691644668579102,5.849595069885254
14688,1.95219087600708,-6.457565784454346
14689,-17.568641662597656,-17.394922256469727
14690,-0.5037029981613159,-0.5520799160003662
14691,18.427242279052734,13.530576705932617
14692,-3.5210487842559814,-1.6326377391815186
14693,20.85091209411621,22.986845016479492
14694,-0.2648374140262604,2.4940614700317383
14695,-7.567327976226807,3.038167953491211
14696,0.1808072179555893,-7.153947353363037
14697,3.407153367996216,16.169424057006836
14698,19.00042152404785,12.333340644836426
14699,-5.852718353271484,-2.003408193588257
14700,-0.10857343673706055,0.4480029344558716
14701,-6.520981788635254,7.341094493865967
14702,1.9076530933380127,-2.4489831924438477
14703,-3.4450273513793945,1.3022717237472534
14704,-0.8578462600708008,2.564906358718872
14705,5.262585639953613,-0.6263571381568909
14706,-9.54999828338623,-1.8910105228424072
14707,4.565310478210449,-8.495963096618652
14708,9.564742088317871,-1.8778746128082275
14709,3.664889335632324,-7.854498386383057
14710,11.79919147491455,0.35165122151374817
14711,0.5675022602081299,-1.2818801403045654
14712,-0.2091173380613327,-0.09616120159626007
14713,-1.8643219470977783,2.103496789932251
14714,6.069016933441162,-1.2554547786712646
14715,-0.780188262462616,3.327387809753418
14716,2.307342052459717,4.85420560836792
14717,8.457320213317871,-2.0007786750793457
14718,4.715564727783203,2.5162570476531982
14719,9.047995567321777,1.196250319480896
14720,18.992902755737305,13.259078025817871
14721,4.693337917327881,3.7366676330566406
14722,-1.680524230003357,1.0401928424835205
14723,-10.42279052734375,2.6765260696411133
14724,6.68012809753418,5.6751627922058105
14725,6.264407634735107,-2.4436631202697754
14726,-0.012109797447919846,-1.921589732170105
14727,-26.28900909423828,-20.57436752319336
14728,-2.8796486854553223,-2.277294158935547
14729,10.054160118103027,-1.4246646165847778
14730,0.291146457195282,-8.930665016174316
14731,14.602095603942871,10.84447193145752
14732,-3.795199394226074,-2.1254982948303223
14733,-14.369133949279785,8.664765357971191
14734,0.1272134929895401,-5.526327610015869
14735,1.6705409288406372,-7.3746724128723145
14736,18.027544021606445,16.177669525146484
14737,-0.013364490121603012,-0.2803584635257721
14738,12.629097938537598,6.984036445617676
14739,-0.9210048913955688,10.176040649414062
14740,-8.72565746307373,-2.4881997108459473
14741,1.468055009841919,-2.1979126930236816
14742,-1.4737436771392822,-1.862746000289917
14743,1.702073097229004,-1.3931176662445068
14744,1.6446027755737305,-1.5680159330368042
14745,9.935347557067871,3.410346269607544
14746,0.9897445440292358,-3.0708582401275635
14747,6.042693138122559,1.2863634824752808
14748,0.3963073790073395,14.662480354309082
14749,10.623509407043457,0.1506812870502472
14750,0.2465553730726242,-0.6412699222564697
14751,-10.158856391906738,3.5433878898620605
14752,8.33131217956543,7.081374645233154
14753,1.064395785331726,-1.8795578479766846
14754,-3.711493968963623,3.7804489135742188
14755,10.259943962097168,0.36873582005500793
14756,-0.8330080509185791,0.8974568843841553
14757,-20.49883270263672,-8.715723991394043
14758,4.287124156951904,-4.922895908355713
14759,2.2997493743896484,-4.123752117156982
14760,7.946343421936035,-1.7901880741119385
14761,6.759828567504883,0.37578001618385315
14762,-10.773086547851562,-6.947600364685059
14763,8.513629913330078,1.1936098337173462
14764,0.3298058807849884,-7.126664638519287
14765,4.332968711853027,26.349201202392578
14766,2.9982705116271973,2.6554434299468994
14767,-15.39003849029541,-5.992362976074219
14768,1.013208031654358,-2.976355791091919
14769,-11.189221382141113,-2.4945836067199707
14770,-9.669478416442871,3.1499886512756348
14771,11.770938873291016,-2.4706339836120605
14772,0.20810751616954803,-4.691780090332031
14773,-12.365467071533203,8.986041069030762
14774,-11.553832054138184,-9.128125190734863
14775,6.716777324676514,-1.7201282978057861
14776,-25.65521240234375,-20.407217025756836
14777,-8.419342994689941,-13.766765594482422
14778,2.097200870513916,-5.204686641693115
14779,8.113719940185547,-1.3718167543411255
14780,-0.2645471394062042,0.8197537064552307
14781,12.488445281982422,1.1386752128601074
14782,-12.702290534973145,-6.971343994140625
14783,-2.4424142837524414,9.05928897857666
14784,-11.857523918151855,-2.336155652999878
14785,0.6101282238960266,2.7214317321777344
14786,-8.617959976196289,-1.3341540098190308
14787,-13.303923606872559,0.44645097851753235
14788,-3.269209623336792,3.9904627799987793
14789,3.5466811656951904,19.63893699645996
14790,0.599989652633667,-2.2422287464141846
14791,-17.35560417175293,-20.406068801879883
14792,-7.505208969116211,1.2164041996002197
14793,-13.797974586486816,-2.934018850326538
14794,-5.463505268096924,-7.883212566375732
14795,-0.21191184222698212,1.1640815734863281
14796,7.393894195556641,6.325875282287598
14797,10.071648597717285,3.523837089538574
14798,16.68204116821289,11.10942268371582
14799,2.0462069511413574,-3.495732069015503
14800,11.867180824279785,6.840365409851074
14801,-4.761524677276611,-9.191686630249023
14802,-9.114596366882324,-16.113903045654297
14803,-7.030185699462891,-2.395692825317383
14804,-17.092575073242188,-17.897424697875977
14805,-4.482646942138672,-6.620109558105469
14806,-8.152934074401855,-2.2310354709625244
14807,5.865190505981445,25.735132217407227
14808,-0.2415436953306198,2.8510477542877197
14809,-22.803632736206055,-8.895174026489258
14810,-0.24650399386882782,-0.7327748537063599
14811,-7.53453254699707,-1.990159034729004
14812,3.0933167934417725,-8.109665870666504
14813,1.5020647048950195,-1.560286045074463
14814,-1.480533242225647,2.8463492393493652
14815,0.2853202819824219,2.3244311809539795
14816,1.7609413862228394,-2.67853045463562
14817,2.4744374752044678,3.158262014389038
14818,-7.135633945465088,-0.0476590171456337
14819,0.9496206045150757,4.579002380371094
14820,9.997213363647461,0.6516292095184326
14821,8.558037757873535,7.623205184936523
14822,1.6149436235427856,-5.230767250061035
14823,-22.83953094482422,-16.770980834960938
14824,-4.503763198852539,-1.3520700931549072
14825,-6.875511646270752,0.792281985282898
14826,1.5552319288253784,-5.172070503234863
14827,-24.689422607421875,-11.934174537658691
14828,-21.4305477142334,-8.48828411102295
14829,0.10937608778476715,-4.197695732116699
14830,8.108165740966797,-3.0207149982452393
14831,0.772508978843689,1.5856702327728271
14832,1.9317190647125244,1.5385828018188477
14833,-12.605393409729004,0.9634616374969482
14834,1.6573485136032104,-1.356299877166748
14835,3.0106520652770996,19.35775375366211
14836,8.260385513305664,7.366366863250732
14837,10.913566589355469,0.41115501523017883
14838,3.699540853500366,-9.363251686096191
14839,2.1037533283233643,-0.3648773431777954
14840,-9.702438354492188,-5.6311821937561035
14841,-10.064475059509277,-12.939606666564941
14842,-0.12187296152114868,-5.214811325073242
14843,-14.849942207336426,-7.423678874969482
14844,10.408549308776855,35.319671630859375
14845,-9.62250804901123,-5.860198020935059
14846,-18.188020706176758,-6.928073883056641
14847,1.1782605648040771,-4.394774913787842
14848,-7.757707118988037,4.156387805938721
14849,2.6365132331848145,-1.237764835357666
14850,-23.246997833251953,-11.861649513244629
14851,-7.89013671875,7.281498908996582
14852,1.8537408113479614,2.6259498596191406
14853,-4.718152046203613,3.8025403022766113
14854,13.466123580932617,0.07747843116521835
14855,0.1667056828737259,-2.3150835037231445
14856,7.497446060180664,-1.9189512729644775
14857,13.164958000183105,7.382896423339844
14858,8.795873641967773,0.9528326988220215
14859,18.069242477416992,17.74490737915039
14860,-8.808076858520508,-7.891808032989502
14861,-0.47859176993370056,-0.44489917159080505
14862,1.3557878732681274,-1.4740409851074219
14863,-11.500666618347168,2.4683680534362793
14864,-8.916234016418457,3.770268678665161
14865,10.37154483795166,-1.6863703727722168
14866,1.1525369882583618,-0.0761464312672615
14867,-8.202073097229004,0.8648685216903687
14868,-26.70473861694336,-12.097088813781738
14869,-2.0003738403320312,3.075079917907715
14870,1.1376723051071167,-1.6724886894226074
14871,0.38582977652549744,-2.759937047958374
14872,2.3685665130615234,-5.622223377227783
14873,5.532807350158691,16.291725158691406
14874,-15.881780624389648,-16.971052169799805
14875,14.866177558898926,-1.2883591651916504
14876,-1.65889573097229,-1.7910022735595703
14877,13.531155586242676,7.002363204956055
14878,3.4335520267486572,15.135473251342773
14879,-26.879478454589844,-20.669292449951172
14880,-5.552544593811035,3.2836127281188965
14881,-9.22878360748291,12.784728050231934
14882,9.807377815246582,-1.9406118392944336
14883,-2.5596084594726562,0.4982825815677643
14884,-1.7862052917480469,-9.76011848449707
14885,2.481635093688965,1.8714388608932495
14886,7.161226749420166,-0.0169205442070961
14887,-15.581795692443848,-18.997602462768555
14888,0.5673770904541016,0.49438121914863586
14889,-18.860076904296875,-15.932165145874023
14890,-27.485334396362305,-21.873788833618164
14891,-3.2754130363464355,-5.371127128601074
14892,-5.429013252258301,4.062756538391113
14893,12.363781929016113,-0.3152408301830292
14894,18.305349349975586,12.10451889038086
14895,15.67663288116455,8.657994270324707
14896,-17.468978881835938,-6.579586505889893
14897,-9.848273277282715,-6.6323442459106445
14898,-9.197998046875,-6.101471900939941
14899,-8.56761646270752,3.431619167327881
14900,-5.136534214019775,5.402607440948486
14901,-8.689325332641602,5.654390335083008
14902,-4.21080207824707,3.1896958351135254
14903,1.6888126134872437,-7.2685065269470215
14904,-29.25136947631836,-22.64595603942871
14905,1.1212005615234375,-1.6545023918151855
14906,-9.375125885009766,-15.12007999420166
14907,1.204715371131897,-6.8014702796936035
14908,15.166635513305664,11.075596809387207
14909,14.046083450317383,6.950906753540039
14910,2.702190637588501,-7.377422332763672
14911,-8.99082088470459,3.124197006225586
14912,-6.832405090332031,1.555156946182251
14913,1.617475152015686,-4.519340515136719
14914,14.999482154846191,14.411250114440918
14915,2.811365842819214,-6.2891154289245605
14916,-5.308069229125977,-5.466410160064697
14917,1.9281108379364014,-4.198700428009033
14918,-6.93599271774292,8.709517478942871
14919,4.051451683044434,-4.580576419830322
14920,0.6074627637863159,-6.618707656860352
14921,1.627567172050476,-5.278024673461914
14922,1.285902500152588,-9.172112464904785
14923,0.6388629674911499,-2.9993486404418945
14924,-5.2747602462768555,-3.824409246444702
14925,11.906155586242676,-1.5064796209335327
14926,4.329010009765625,-8.708356857299805
14927,-0.03207414969801903,-2.2211432456970215
14928,-2.2438883781433105,8.283743858337402
14929,3.064319610595703,-1.3088644742965698
14930,22.42070198059082,24.016019821166992
14931,-6.548304557800293,-14.054271697998047
14932,-18.74324607849121,-8.73526668548584
14933,-10.013391494750977,-1.8445348739624023
14934,1.5834473371505737,-1.7274422645568848
14935,-20.310415267944336,-9.447583198547363
14936,11.737452507019043,-0.8079333305358887
14937,9.917374610900879,1.4293107986450195
14938,-4.399436950683594,-3.8492941856384277
14939,-2.2786378860473633,2.779479503631592
14940,-8.856858253479004,-11.127875328063965
14941,10.541728019714355,8.794559478759766
14942,5.299903392791748,-1.4633347988128662
14943,0.9885803461074829,2.824687957763672
14944,-7.80457878112793,-4.004218578338623
14945,-18.302953720092773,-14.23790168762207
14946,-0.11903595924377441,2.3460423946380615
14947,0.046668220311403275,-2.689885139465332
14948,-7.8736982345581055,-7.094119548797607
14949,-6.603891849517822,-2.726834297180176
14950,5.6599321365356445,-8.664350509643555
14951,1.4703749418258667,-2.4963395595550537
14952,14.974676132202148,-1.630617618560791
14953,1.3343256711959839,-5.546774864196777
14954,-3.2037339210510254,5.59501314163208
14955,1.2318986654281616,-3.9949493408203125
14956,-6.801583290100098,3.0814785957336426
14957,0.6903429627418518,-0.896875262260437
14958,-7.800864219665527,-4.893300533294678
14959,0.9269118309020996,-5.122502326965332
14960,-0.7515167593955994,-0.12977224588394165
14961,12.026305198669434,1.0106358528137207
14962,-7.2266130447387695,-11.551712989807129
14963,-8.404594421386719,-2.1464648246765137
14964,12.772510528564453,-2.045431137084961
14965,2.9037766456604004,1.698517084121704
14966,-10.835410118103027,4.169467449188232
14967,2.011234998703003,-3.211606025695801
14968,1.790305733680725,-2.765578031539917
14969,-9.113801956176758,-4.391968250274658
14970,11.74604320526123,7.830140113830566
14971,1.5409235954284668,7.116665363311768
14972,0.3206948935985565,-2.233168601989746
14973,5.4399614334106445,-4.163177013397217
14974,3.0433311462402344,-5.018173694610596
14975,-9.448570251464844,1.8469269275665283
14976,-6.61160945892334,0.5551189184188843
14977,14.233420372009277,8.384378433227539
14978,-2.268123149871826,-10.11308765411377
14979,-3.491353988647461,0.25418034195899963
14980,-1.5793979167938232,4.822110652923584
14981,3.174527645111084,-8.42305850982666
14982,-15.573914527893066,7.7192559242248535
14983,-8.809683799743652,-13.349894523620605
14984,3.019230604171753,11.555630683898926
14985,-19.56597137451172,-21.559001922607422
14986,16.01435089111328,12.756026268005371
14987,-4.481396198272705,-4.3595147132873535
14988,4.780046463012695,15.573609352111816
14989,-2.6520979404449463,-8.961516380310059
14990,-4.997633934020996,-4.094644546508789
14991,-21.123807907104492,-19.70556640625
14992,2.63662052154541,-5.351761817932129
14993,8.80652904510498,-1.4229174852371216
14994,-8.70910358428955,-7.561588764190674
14995,7.94160270690918,-1.6953434944152832
14996,-0.9385384321212769,7.3796162605285645
14997,2.7021331787109375,-6.310216426849365
14998,-9.921387672424316,1.1754627227783203
14999,3.44370436668396,21.729616165161133
15000,0.232477068901062,0.30379125475883484
15001,11.421000480651855,-1.726173996925354
15002,-3.4939322471618652,-3.006666421890259
15003,5.950320720672607,-1.371658205986023
15004,6.981122016906738,-3.2396903038024902
15005,-1.0284231901168823,-2.236298084259033
15006,2.9177486896514893,-6.616628170013428
15007,-3.1820688247680664,5.4767279624938965
15008,-2.724665641784668,-5.836145877838135
15009,-9.631930351257324,-1.7933292388916016
15010,2.9171760082244873,-4.1928253173828125
15011,-23.34579849243164,-9.495528221130371
15012,3.1979758739471436,2.6804018020629883
15013,1.3621209859848022,-8.084282875061035
15014,-5.6786065101623535,-4.781118392944336
15015,0.9301467537879944,-7.852375507354736
15016,-7.744109153747559,-11.99123477935791
15017,-6.725051403045654,-2.141385078430176
15018,-6.288181781768799,2.218392848968506
15019,-10.961932182312012,-2.997096538543701
15020,1.975030779838562,-5.705145359039307
15021,1.7460473775863647,-2.8818790912628174
15022,16.414735794067383,10.20678997039795
15023,1.4387708902359009,-4.7257771492004395
15024,-11.440373420715332,-17.12708854675293
15025,5.833803176879883,22.457487106323242
15026,-9.360600471496582,-8.723736763000488
15027,0.7106320261955261,-2.004040002822876
15028,-20.89841079711914,-12.115092277526855
15029,15.400748252868652,10.42335319519043
15030,-3.2790722846984863,-9.247981071472168
15031,-0.9199671745300293,-3.7942771911621094
15032,1.3291716575622559,-1.3669426441192627
15033,-0.9652433395385742,3.8818931579589844
15034,0.17582708597183228,-0.14697948098182678
15035,4.4277191162109375,6.908592224121094
15036,2.34328556060791,-5.87689208984375
15037,22.610477447509766,24.886503219604492
15038,6.7629241943359375,-1.315497875213623
15039,10.958087921142578,0.579512357711792
15040,-23.949487686157227,-18.77003288269043
15041,-10.872902870178223,0.4414093792438507
15042,-14.255613327026367,-1.4010745286941528
15043,-5.546947479248047,3.2662250995635986
15044,0.3874490559101105,0.0812864825129509
15045,14.571949005126953,21.212642669677734
15046,1.415573239326477,-8.787074089050293
15047,-0.3577888607978821,1.1013139486312866
15048,9.851140022277832,-1.0449267625808716
15049,-11.355759620666504,-1.9725931882858276
15050,7.757433891296387,-4.962490081787109
15051,8.71724796295166,-6.4086012840271
15052,10.553847312927246,-0.34847089648246765
15053,-9.398167610168457,-7.350676536560059
15054,-6.70131778717041,-11.906087875366211
15055,-8.142868995666504,-8.214428901672363
15056,1.8855128288269043,-8.905815124511719
15057,10.979962348937988,-0.07689378410577774
15058,-0.318921834230423,1.752544641494751
15059,1.3712562322616577,-5.244692802429199
15060,-4.270866394042969,1.522095799446106
15061,-12.124672889709473,-13.539283752441406
15062,-16.05565643310547,-10.861664772033691
15063,-1.6463470458984375,4.835490703582764
15064,13.002482414245605,-2.4482383728027344
15065,-11.554949760437012,-1.8597087860107422
15066,1.2223926782608032,-3.611638069152832
15067,-9.207892417907715,-9.926396369934082
15068,-0.5097051858901978,12.160765647888184
15069,-9.631604194641113,1.4810535907745361
15070,0.10830916464328766,1.839992880821228
15071,14.59815502166748,7.315447807312012
15072,1.2489694356918335,-3.3695197105407715
15073,7.505177974700928,-0.23800334334373474
15074,1.019568920135498,-6.707214832305908
15075,1.5258508920669556,-6.064380168914795
15076,-23.686328887939453,-17.8499755859375
15077,2.621361255645752,-8.869491577148438
15078,9.383106231689453,8.982820510864258
15079,-15.152249336242676,-9.950201034545898
15080,-10.235672950744629,1.6150962114334106
15081,11.950180053710938,0.5580904483795166
15082,2.8068103790283203,8.439746856689453
15083,-0.3394944965839386,0.8617781400680542
15084,5.284461498260498,22.353796005249023
15085,-7.522849082946777,-5.509027481079102
15086,-3.034623622894287,6.770230770111084
15087,-3.362806558609009,-2.4405369758605957
15088,-4.676052093505859,-4.913777828216553
15089,0.496896892786026,-1.5592930316925049
15090,-20.690372467041016,-12.495970726013184
15091,-11.32524585723877,1.9031155109405518
15092,-4.859874725341797,-2.1868786811828613
15093,0.13544003665447235,-1.7631641626358032
15094,5.475790023803711,15.706548690795898
15095,-7.933725357055664,-6.548030376434326
15096,8.353760719299316,-2.0709667205810547
15097,8.587310791015625,-0.8354969024658203
15098,-1.9934920072555542,-4.185695648193359
15099,-9.074813842773438,-1.5529344081878662
15100,-2.1753246784210205,-4.850946426391602
15101,0.015932131558656693,-7.454472064971924
15102,-18.425025939941406,-8.38994312286377
15103,-9.883849143981934,2.631042718887329
15104,-4.139126777648926,-11.409783363342285
15105,0.26577478647232056,-0.604473888874054
15106,3.1001996994018555,-1.854092001914978
15107,2.7723264694213867,-9.280945777893066
15108,4.309591293334961,-7.2067999839782715
15109,12.812668800354004,5.868505477905273
15110,-15.549245834350586,-8.733237266540527
15111,-9.591399192810059,3.9239883422851562
15112,-2.1758389472961426,-4.943024158477783
15113,-22.88259506225586,-9.529285430908203
15114,-3.5516295433044434,-4.262978553771973
15115,5.149763107299805,7.341114521026611
15116,-7.8637776374816895,-8.28597354888916
15117,17.073837280273438,11.213415145874023
15118,-11.766928672790527,0.9148402214050293
15119,-4.856927871704102,-4.2870192527771
15120,1.448353886604309,-5.662042617797852
15121,-14.124922752380371,-6.036827087402344
15122,1.2080544233322144,-4.063975811004639
15123,6.882908821105957,8.41533374786377
15124,-2.936163902282715,1.0654692649841309
15125,0.6043280363082886,-1.8931598663330078
15126,-13.40259075164795,-7.048853874206543
15127,-3.0838143825531006,1.0631628036499023
15128,22.480667114257812,27.889179229736328
15129,-3.191696882247925,8.521383285522461
15130,-13.259411811828613,-0.4511037766933441
15131,-4.323863983154297,-10.471261024475098
15132,7.376010417938232,-1.8356661796569824
15133,-9.363360404968262,5.66975212097168
15134,-0.774480938911438,1.6922008991241455
15135,-9.582209587097168,4.200112819671631
15136,0.9161273837089539,-1.6051522493362427
15137,-12.816685676574707,-15.067954063415527
15138,4.637051105499268,2.5303564071655273
15139,3.8431107997894287,-3.154658317565918
15140,-24.34728240966797,-20.92610740661621
15141,1.4465175867080688,-6.898604393005371
15142,-9.201643943786621,-0.6584450006484985
15143,-3.901458501815796,6.083438396453857
15144,-0.30166104435920715,1.2947514057159424
15145,1.8227893114089966,-4.81793212890625
15146,-9.364388465881348,3.6268391609191895
15147,7.09281063079834,-1.8340528011322021
15148,-1.7359963655471802,11.818413734436035
15149,-7.134951591491699,10.752812385559082
15150,-18.11467742919922,-13.381293296813965
15151,6.479872703552246,-0.7316478490829468
15152,-3.190823554992676,1.6885606050491333
15153,-6.1238579750061035,-2.805588722229004
15154,-7.033229827880859,4.130613327026367
15155,5.1838860511779785,-9.578362464904785
15156,13.600153923034668,6.888003349304199
15157,-7.731390476226807,2.9851772785186768
15158,-18.873939514160156,-17.730545043945312
15159,5.209464073181152,-1.4206264019012451
15160,1.8788431882858276,-3.46418833732605
15161,1.1793570518493652,-3.8616836071014404
15162,-0.8368855714797974,1.485434889793396
15163,-0.8589956164360046,0.3134017884731293
15164,-20.668235778808594,-10.19906234741211
15165,0.6196008920669556,1.0127434730529785
15166,0.3941945731639862,-4.10789155960083
15167,7.527400016784668,-0.6798399686813354
15168,13.779343605041504,-2.2543368339538574
15169,4.559022903442383,-2.0310122966766357
15170,0.6343479156494141,-2.9717979431152344
15171,0.41553249955177307,10.526886940002441
15172,-6.338535308837891,-2.2605743408203125
15173,8.182263374328613,17.678014755249023
15174,0.027046669274568558,-1.7381534576416016
15175,-3.734632968902588,8.525679588317871
15176,4.5780930519104,18.19239044189453
15177,6.961459159851074,-3.757746696472168
15178,-5.399383544921875,-6.567204475402832
15179,1.4312117099761963,-5.186916351318359
15180,-2.5341408252716064,12.14762020111084
15181,-5.841731071472168,-3.258237361907959
15182,-9.873848915100098,1.4426308870315552
15183,-4.843984603881836,-1.420809268951416
15184,6.001870155334473,-1.7072511911392212
15185,8.976334571838379,0.904236912727356
15186,-1.3408812284469604,0.5413609743118286
15187,-6.907184600830078,0.03620102256536484
15188,1.7868359088897705,-2.154787302017212
15189,7.842886924743652,-3.219278335571289
15190,0.6444708108901978,0.3504107892513275
15191,-11.216827392578125,-3.0798397064208984
15192,-6.836980819702148,-3.186821460723877
15193,-7.649562358856201,1.8783291578292847
15194,-17.35812759399414,-21.520158767700195
15195,-7.363002777099609,0.4392208158969879
15196,3.156848907470703,-3.5600860118865967
15197,-19.238510131835938,-7.264313220977783
15198,8.709990501403809,5.840893745422363
15199,0.0016458891332149506,0.4015444219112396
15200,-6.375962734222412,7.108933448791504
15201,14.669014930725098,7.841007232666016
15202,6.765237808227539,-0.35249969363212585
15203,8.284928321838379,-0.31163594126701355
15204,3.6002042293548584,12.038064002990723
15205,0.9792799353599548,-1.5219173431396484
15206,-2.806373119354248,-2.054046154022217
15207,-0.5085774660110474,0.7253422737121582
15208,-8.740869522094727,-2.684544086456299
15209,1.8103654384613037,-4.897837162017822
15210,0.26882004737854004,-3.535597801208496
15211,-0.541092574596405,-4.24529504776001
15212,-4.36029052734375,-9.429553031921387
15213,2.341654062271118,-3.5591344833374023
15214,-6.286069393157959,-2.2652604579925537
15215,7.674290657043457,-2.4246363639831543
15216,14.28380298614502,-1.9520037174224854
15217,8.268712997436523,7.293240547180176
15218,1.6611663103103638,-7.794269561767578
15219,-12.492254257202148,-0.535484790802002
15220,1.8930997848510742,-3.339967727661133
15221,-24.0083065032959,-18.634897232055664
15222,6.319974422454834,4.305910110473633
15223,-3.4735896587371826,-3.2496206760406494
15224,10.864956855773926,-3.724586248397827
15225,4.414602279663086,3.288810968399048
15226,-4.486545085906982,11.80359935760498
15227,-2.071382999420166,0.7765519618988037
15228,7.605618476867676,-0.8402822017669678
15229,16.88736915588379,11.131097793579102
15230,-8.857707023620605,-12.367284774780273
15231,1.6685031652450562,-5.778169631958008
15232,10.409300804138184,-1.4836857318878174
15233,1.866155743598938,-7.387426376342773
15234,0.8782232999801636,-1.53513503074646
15235,-7.943857669830322,-1.909770131111145
15236,2.556609630584717,12.768911361694336
15237,-0.23144854605197906,-7.4618144035339355
15238,6.822124481201172,-6.100381851196289
15239,1.0127989053726196,-2.493177890777588
15240,7.9991044998168945,1.2657372951507568
15241,-9.865127563476562,2.590463161468506
15242,1.4770056009292603,-5.75474739074707
15243,-6.534149169921875,-3.2034530639648438
15244,-8.365653038024902,-2.694148302078247
15245,-10.829880714416504,-2.2133264541625977
15246,1.2139278650283813,-2.6390695571899414
15247,-1.8302708864212036,-10.770915031433105
15248,-4.098635673522949,-2.190880298614502
15249,22.80904197692871,20.768339157104492
15250,-21.314311981201172,-19.873979568481445
15251,15.66629695892334,11.959378242492676
15252,-0.43255987763404846,2.8876712322235107
15253,8.849695205688477,-2.086933135986328
15254,1.4174615144729614,-1.7118284702301025
15255,1.0805977582931519,-0.23449179530143738
15256,2.2743821144104004,-2.825502395629883
15257,-5.055613040924072,0.6391863822937012
15258,13.058178901672363,5.828938961029053
15259,-7.297044277191162,10.470046997070312
15260,-6.696518898010254,-7.645144462585449
15261,-7.504923343658447,4.438279151916504
15262,7.956747055053711,6.9645538330078125
15263,-6.764548301696777,6.891273021697998
15264,5.6701250076293945,-6.8694844245910645
15265,1.1518763303756714,-2.9228744506835938
15266,0.24878565967082977,-1.3515713214874268
15267,-11.515103340148926,6.527901649475098
15268,4.489286422729492,-3.4270358085632324
15269,5.361907958984375,-8.631996154785156
15270,2.1489782333374023,-2.372544527053833
15271,8.482183456420898,-1.9841115474700928
15272,7.168305397033691,14.020817756652832
15273,-1.2144790887832642,-5.218888759613037
15274,1.4891815185546875,-6.006433963775635
15275,-13.678999900817871,-6.776491165161133
15276,0.9547405242919922,-1.5367486476898193
15277,-3.196039915084839,0.05860214680433273
15278,13.500516891479492,7.87399435043335
15279,-6.326013565063477,-8.68251895904541
15280,-8.450950622558594,1.8632497787475586
15281,1.062807321548462,-5.594061374664307
15282,-8.848458290100098,-7.921684741973877
15283,-7.5917134284973145,-0.44389137625694275
15284,4.152708530426025,-8.393228530883789
15285,-5.100866794586182,-4.711183071136475
15286,-21.492385864257812,-17.903488159179688
15287,9.570112228393555,-2.7928097248077393
15288,14.499561309814453,29.489646911621094
15289,-10.930397987365723,-4.21022367477417
15290,12.26077651977539,-1.8125603199005127
15291,4.473022937774658,6.313838005065918
15292,-12.830666542053223,-6.367791652679443
15293,-10.686971664428711,-13.297066688537598
15294,1.311432957649231,-3.1865198612213135
15295,-7.009258270263672,3.759619951248169
15296,-7.809725761413574,5.011155605316162
15297,-2.725219964981079,-2.8159804344177246
15298,11.053119659423828,4.839385032653809
15299,5.578380584716797,4.282528877258301
15300,1.5192164182662964,-4.240795612335205
15301,2.177471160888672,-2.7562551498413086
15302,0.03140496090054512,-0.9110962152481079
15303,-11.218924522399902,3.4376909732818604
15304,-4.5740461349487305,-0.3556705415248871
15305,0.4128142297267914,1.2001657485961914
15306,10.669354438781738,0.7182724475860596
15307,-6.289648056030273,-1.0309772491455078
15308,-17.4005184173584,-9.247010231018066
15309,-1.8587538003921509,3.4359793663024902
15310,-3.8753318786621094,-2.4805526733398438
15311,2.569060802459717,-9.76226806640625
15312,0.6219760775566101,-0.707199215888977
15313,9.918105125427246,-0.976510763168335
15314,-6.13553524017334,-2.2656028270721436
15315,-0.2961612045764923,6.731995105743408
15316,12.75131893157959,4.964770317077637
15317,2.874551773071289,0.7631014585494995
15318,-1.1380287408828735,-4.84237003326416
15319,-13.2794189453125,-16.761693954467773
15320,-9.80905818939209,-1.4913215637207031
15321,9.079039573669434,10.962122917175293
15322,-0.146222785115242,1.8070979118347168
15323,6.798999309539795,-2.435751438140869
15324,19.07498550415039,17.72968101501465
15325,0.1111508458852768,-1.9956010580062866
15326,-0.16187329590320587,1.9291481971740723
15327,-5.387428283691406,1.5083506107330322
15328,-11.83040714263916,-8.096460342407227
15329,-15.587480545043945,-14.144993782043457
15330,-6.294919967651367,-2.503511905670166
15331,13.255722999572754,5.932487964630127
15332,-8.535208702087402,9.115015983581543
15333,2.2578163146972656,-4.915160655975342
15334,-1.753304123878479,0.30269017815589905
15335,1.4326444864273071,-5.086562633514404
15336,-11.195493698120117,0.8804007768630981
15337,-11.102187156677246,-0.14146777987480164
15338,-10.252625465393066,-1.4648940563201904
15339,0.7906075716018677,13.178694725036621
15340,0.4245768189430237,-6.4458112716674805
15341,-11.041302680969238,-4.276615619659424
15342,-10.370221138000488,-0.7492911219596863
15343,8.606017112731934,7.161131858825684
15344,-6.340047836303711,-1.8844929933547974
15345,7.523894309997559,7.108850479125977
15346,-3.1992108821868896,-3.458096981048584
15347,-15.540570259094238,-14.798447608947754
15348,11.160504341125488,4.323915481567383
15349,6.976741313934326,0.3258533775806427
15350,2.83389949798584,7.907721996307373
15351,5.563665866851807,24.30998420715332
15352,-15.02977180480957,-17.129804611206055
15353,-21.852079391479492,-22.607818603515625
15354,7.857809066772461,0.004770420491695404
15355,-6.736641883850098,6.7924652099609375
15356,5.872426986694336,10.459699630737305
15357,-19.976612091064453,-17.210308074951172
15358,10.792876243591309,-0.9250376224517822
15359,2.436150074005127,-2.933037757873535
15360,-15.555591583251953,-17.687950134277344
15361,1.512539267539978,-5.807104110717773
15362,-2.2242748737335205,1.2438796758651733
15363,-0.9749612808227539,-1.3036519289016724
15364,5.682449817657471,-2.3198273181915283
15365,-6.722404479980469,-2.7069807052612305
15366,10.974905967712402,2.8689355850219727
15367,1.3291312456130981,-1.0616815090179443
15368,-9.492415428161621,-2.3511340618133545
15369,4.2160115242004395,3.4625322818756104
15370,1.0655320882797241,-1.407507300376892
15371,12.030396461486816,2.165687084197998
15372,-8.342507362365723,-8.003327369689941
15373,-8.481321334838867,5.6912078857421875
15374,1.6606316566467285,-3.803072690963745
15375,-12.6909761428833,-1.3101966381072998
15376,-11.89333438873291,-1.9153978824615479
15377,0.8393042683601379,-0.4859769344329834
15378,-3.4472885131835938,7.3790106773376465
15379,5.940174579620361,25.291669845581055
15380,22.714073181152344,19.09341812133789
15381,-4.820112705230713,-5.176737308502197
15382,-2.717643976211548,-1.39960515499115
15383,-10.179438591003418,3.2978596687316895
15384,8.79590129852295,7.54166841506958
15385,2.781550407409668,2.7109405994415283
15386,4.981575012207031,2.563681125640869
15387,-11.744006156921387,3.0703577995300293
15388,-12.648723602294922,0.11503686755895615
15389,-7.853519439697266,-14.271045684814453
15390,24.716629028320312,31.16089630126953
15391,17.77431869506836,13.299854278564453
15392,-0.002468060702085495,2.1599998474121094
15393,-4.816795825958252,7.051750659942627
15394,0.2782549560070038,-9.095733642578125
15395,-3.0858094692230225,1.0645041465759277
15396,-9.250999450683594,-3.4429092407226562
15397,-9.946109771728516,-14.941102027893066
15398,-6.362403869628906,1.5309265851974487
15399,-5.7330169677734375,-2.578495979309082
15400,8.693379402160645,6.266902923583984
15401,-7.957676887512207,-9.658074378967285
15402,-11.270237922668457,-7.56610107421875
15403,-13.091008186340332,-16.667665481567383
15404,15.803603172302246,8.7686128616333
15405,13.017220497131348,7.120077133178711
15406,-0.8534104228019714,-6.460885047912598
15407,9.999768257141113,-1.2262507677078247
15408,3.268681287765503,-2.5867061614990234
15409,-27.026920318603516,-12.474485397338867
15410,-2.1321890354156494,0.8817728757858276
15411,-18.667232513427734,-20.376283645629883
15412,-14.355902671813965,-17.648420333862305
15413,-6.421060085296631,-2.845836877822876
15414,-14.184510231018066,8.328179359436035
15415,7.856217384338379,-2.1193971633911133
15416,-5.6547980308532715,7.6988091468811035
15417,10.257660865783691,-0.07505986839532852
15418,-7.640170574188232,3.8418822288513184
15419,1.2115447521209717,-6.967427730560303
15420,1.0148615837097168,6.471694469451904
15421,10.489124298095703,0.16971614956855774
15422,0.1746373325586319,0.3522628843784332
15423,-3.418849468231201,4.932179927825928
15424,12.222708702087402,4.6686224937438965
15425,-10.61481761932373,3.231846809387207
15426,-1.1685901880264282,-2.032684087753296
15427,-3.574878215789795,-10.38429069519043
15428,-7.609162330627441,-3.791646718978882
15429,5.275328636169434,12.98513126373291
15430,-7.057891845703125,4.612208366394043
15431,-3.101438283920288,-0.2288837730884552
15432,2.7893447875976562,1.0866572856903076
15433,-4.819873809814453,-11.496058464050293
15434,7.978457450866699,-2.695232391357422
15435,-10.633162498474121,-2.527388572692871
15436,-0.3374692499637604,0.8636770844459534
15437,-14.414816856384277,-11.603418350219727
15438,7.187548637390137,29.573017120361328
15439,0.5585985779762268,-5.258327007293701
15440,-3.096120834350586,-10.461373329162598
15441,10.396313667297363,15.316779136657715
15442,3.514047622680664,18.955188751220703
15443,13.108505249023438,7.174000263214111
15444,-4.2579474449157715,-4.726622581481934
15445,-3.217700242996216,9.228549003601074
15446,0.5305460691452026,-0.39530637860298157
15447,-1.0724884271621704,2.985705852508545
15448,-3.7788264751434326,4.407968044281006
15449,-6.876697540283203,-11.363133430480957
15450,16.415328979492188,15.231934547424316
15451,-3.829679250717163,-7.340808391571045
15452,16.48508071899414,10.140966415405273
15453,3.1762003898620605,-0.06731120496988297
15454,-1.1476026773452759,0.9442369341850281
15455,-9.56554889678955,-8.683106422424316
15456,-0.24265138804912567,-7.751585483551025
15457,-1.29735267162323,1.9236714839935303
15458,1.5944781303405762,5.950332164764404
15459,-23.802459716796875,-15.727208137512207
15460,10.89648723602295,-0.7304210662841797
15461,-1.6604516506195068,-3.8367483615875244
15462,-3.706432342529297,-4.933968544006348
15463,-10.34421443939209,4.693964958190918
15464,1.492210865020752,-7.393922805786133
15465,1.3107476234436035,-9.199684143066406
15466,0.4403696656227112,1.5034258365631104
15467,3.2523326873779297,3.6102240085601807
15468,-4.34073543548584,-0.3373682498931885
15469,12.006380081176758,21.239852905273438
15470,0.02857344225049019,-0.8642791509628296
15471,-4.596205711364746,-3.1822710037231445
15472,-2.2050960063934326,4.463085651397705
15473,-4.059512615203857,0.6011128425598145
15474,-3.3884758949279785,-3.5625338554382324
15475,-0.20025204122066498,7.135601043701172
15476,-17.55638885498047,-14.361278533935547
15477,-5.7514142990112305,-3.6700799465179443
15478,-11.565315246582031,6.5560173988342285
15479,-10.228074073791504,6.514387607574463
15480,5.2000908851623535,-3.7410712242126465
15481,-2.1054086685180664,9.567705154418945
15482,-3.720402240753174,-1.5911062955856323
15483,-8.590930938720703,-1.3478353023529053
15484,0.7383447885513306,-2.2670998573303223
15485,-1.204788327217102,-8.571702003479004
15486,-6.156357765197754,-3.476691246032715
15487,13.360384941101074,-2.4146928787231445
15488,1.4583479166030884,-1.5955874919891357
15489,-10.108627319335938,0.04299189895391464
15490,-0.1772710233926773,-6.255630970001221
15491,4.887840270996094,11.3368501663208
15492,0.6330783367156982,-1.8492631912231445
15493,1.0887457132339478,-6.522444248199463
15494,-7.29746150970459,3.7479794025421143
15495,1.4906684160232544,4.3471598625183105
15496,-8.10025691986084,-1.7208986282348633
15497,9.252028465270996,-0.9570978879928589
15498,1.8407305479049683,-2.8424923419952393
15499,4.2575507164001465,3.890684127807617
15500,19.184932708740234,15.876910209655762
15501,-0.5077782869338989,0.34614208340644836
15502,-9.530069351196289,0.901993989944458
15503,-0.00817355141043663,0.19095706939697266
15504,0.95992511510849,-8.010581970214844
15505,-7.642775058746338,-4.794804096221924
15506,-3.717230796813965,-6.42720365524292
15507,2.202631711959839,-8.346132278442383
15508,0.6973191499710083,-6.066229343414307
15509,-9.871098518371582,-6.59642219543457
15510,-11.10364055633545,-4.69581413269043
15511,-9.863814353942871,-7.33743143081665
15512,2.809725761413574,-6.308427333831787
15513,15.352229118347168,9.580910682678223
15514,-9.861433982849121,-2.393427848815918
15515,-1.4943007230758667,7.021729469299316
15516,-8.41976261138916,5.53400993347168
15517,-9.646075248718262,0.49330541491508484
15518,-25.257469177246094,-12.842753410339355
15519,0.10451975464820862,-1.9676768779754639
15520,10.946718215942383,1.1597819328308105
15521,8.490636825561523,7.087480068206787
15522,10.610832214355469,7.7249345779418945
15523,15.793707847595215,9.403690338134766
15524,-2.6365537643432617,-1.1330158710479736
15525,-9.77468204498291,-0.0241762176156044
15526,6.119246482849121,-0.8222401142120361
15527,10.688397407531738,0.02643897384405136
15528,8.385659217834473,-2.875382423400879
15529,6.708548545837402,-2.325256586074829
15530,-1.7994064092636108,-4.081676483154297
15531,6.261104583740234,-0.8472365736961365
15532,8.521955490112305,7.934767246246338
15533,-5.278300762176514,2.3983027935028076
15534,-7.465873718261719,3.510043144226074
15535,-7.446952819824219,9.540287971496582
15536,-4.9294657707214355,-3.4440221786499023
15537,-5.4936323165893555,-3.1590800285339355
15538,-11.237454414367676,-0.4246213138103485
15539,11.74518871307373,1.6124153137207031
15540,-14.712345123291016,-5.728773593902588
15541,0.8680960536003113,-3.155935764312744
15542,1.6370996236801147,2.5699048042297363
15543,-0.8325932621955872,1.5053880214691162
15544,5.882627487182617,3.363588333129883
15545,-7.358951568603516,-9.776604652404785
15546,1.9092366695404053,3.3499913215637207
15547,9.95076847076416,1.214741826057434
15548,9.025524139404297,-1.868602991104126
15549,0.6911044120788574,-3.255290985107422
15550,-3.7956643104553223,0.8728587627410889
15551,2.6144189834594727,-6.953622341156006
15552,2.528291702270508,-6.69264030456543
15553,8.710362434387207,13.652892112731934
15554,-7.89711856842041,3.7610599994659424
15555,-7.266075611114502,1.6021416187286377
15556,-8.801862716674805,-6.436090469360352
15557,-7.893397331237793,3.059044599533081
15558,-4.404351711273193,8.377699851989746
15559,1.2030683755874634,-2.671297550201416
15560,-10.232471466064453,-14.184773445129395
15561,-5.805568695068359,-2.390526294708252
15562,9.731955528259277,21.258512496948242
15563,-11.544984817504883,-3.321746826171875
15564,0.9635494947433472,14.231891632080078
15565,2.0829315185546875,-6.755317687988281
15566,-0.31593185663223267,2.19935941696167
15567,-10.938430786132812,8.324406623840332
15568,17.283903121948242,11.754382133483887
15569,-2.821784734725952,0.1822809875011444
15570,8.505090713500977,-5.205866813659668
15571,7.492511749267578,6.626565456390381
15572,1.5328885316848755,-1.5375515222549438
15573,4.115097999572754,-1.7162036895751953
15574,15.577592849731445,9.683416366577148
15575,4.55933141708374,-2.3124375343322754
15576,7.660586357116699,-1.847859501838684
15577,-2.3986382484436035,2.9200072288513184
15578,2.0502452850341797,-4.146852016448975
15579,-3.5388269424438477,-1.181429147720337
15580,-5.66555118560791,10.991291046142578
15581,-0.34680816531181335,0.8985041379928589
15582,17.611345291137695,10.550688743591309
15583,-6.288893699645996,-3.4140100479125977
15584,2.1814587116241455,-6.7387614250183105
15585,-1.4202244281768799,-2.2357373237609863
15586,-2.357337474822998,1.226149320602417
15587,-6.49086856842041,-13.501513481140137
15588,13.915770530700684,7.016524314880371
15589,0.849234938621521,0.44593527913093567
15590,8.604958534240723,0.2632491886615753
15591,1.2203983068466187,-7.723046779632568
15592,9.218363761901855,-1.8186434507369995
15593,9.537540435791016,-1.9335875511169434
15594,-11.479832649230957,-4.811807155609131
15595,-5.581280708312988,3.122554302215576
15596,-0.5658127665519714,0.9408482313156128
15597,-5.036899566650391,-11.691939353942871
15598,5.3651933670043945,-5.398454189300537
15599,-9.1131010055542,-3.4686169624328613
15600,-9.50903034210205,-2.0092763900756836
15601,-6.887550354003906,-2.2222137451171875
15602,11.321440696716309,1.852065920829773
15603,0.20855988562107086,12.287732124328613
15604,-13.167463302612305,-17.3391056060791
15605,-11.59439754486084,-9.425466537475586
15606,1.6100491285324097,-9.18502426147461
15607,-0.1371789425611496,-2.542200803756714
15608,-8.409527778625488,7.838897228240967
15609,15.652722358703613,9.5503568649292
15610,2.4567856788635254,-4.711912155151367
15611,1.5625532865524292,-2.0483827590942383
15612,-15.408082008361816,-7.232838153839111
15613,9.499881744384766,4.639105319976807
15614,-12.851181983947754,-2.214048385620117
15615,2.5817244052886963,-5.226259231567383
15616,9.26140022277832,-0.8335261344909668
15617,1.8385721445083618,6.531118869781494
15618,15.862154006958008,9.293585777282715
15619,1.2419391870498657,-7.423922061920166
15620,-4.251909255981445,-6.139010906219482
15621,-4.47487735748291,4.166687488555908
15622,-3.354647636413574,-7.425914287567139
15623,6.522554397583008,4.467267036437988
15624,-9.922411918640137,-12.626559257507324
15625,-8.147564888000488,-1.6986680030822754
15626,-5.408806324005127,-3.7620816230773926
15627,-1.1827912330627441,0.22714677453041077
15628,10.24878978729248,3.5984749794006348
15629,0.7150489687919617,-8.224453926086426
15630,-10.910964012145996,-2.3882038593292236
15631,8.667251586914062,9.00794506072998
15632,-5.831691741943359,0.43304795026779175
15633,4.546282768249512,5.727209568023682
15634,0.305004745721817,-1.7029519081115723
15635,0.3998808264732361,-1.894586443901062
15636,1.0274691581726074,-2.405927896499634
15637,6.187925338745117,-2.856626510620117
15638,3.0213518142700195,-0.5273745059967041
15639,-17.473953247070312,-13.346160888671875
15640,5.696540832519531,-1.0336487293243408
15641,16.7359561920166,11.933629989624023
15642,-15.589740753173828,-7.878939628601074
15643,-3.379000663757324,-10.496798515319824
15644,10.275732040405273,-2.623152732849121
15645,0.9304876327514648,-2.6916606426239014
15646,0.7988019585609436,0.5101442337036133
15647,-0.43448951840400696,-6.298210620880127
15648,-7.494265079498291,-3.397042989730835
15649,-7.0355224609375,-1.3203765153884888
15650,8.759191513061523,-2.2883055210113525
15651,1.1939729452133179,-6.938327789306641
15652,-8.630139350891113,-2.2682111263275146
15653,-2.224109172821045,1.002183437347412
15654,2.0065388679504395,-7.24321985244751
15655,-4.423576831817627,-9.275956153869629
15656,0.45473039150238037,-3.0304296016693115
15657,1.298409342765808,-8.019834518432617
15658,8.027762413024902,24.244300842285156
15659,-0.21453391015529633,-3.2334113121032715
15660,9.142611503601074,2.6407101154327393
15661,-5.965989589691162,8.802373886108398
15662,6.455108642578125,3.701411008834839
15663,-0.22185908257961273,0.9597295522689819
15664,1.2771834135055542,-4.628441333770752
15665,16.46920394897461,9.77157974243164
15666,-7.742409706115723,-11.34423542022705
15667,1.1595982313156128,0.2940451204776764
15668,-3.149768352508545,-4.79884147644043
15669,-7.791815280914307,-3.2777209281921387
15670,1.381485104560852,-4.843551158905029
15671,2.929537534713745,0.0026319846510887146
15672,1.4313846826553345,-8.677948951721191
15673,-3.0156331062316895,-0.6571481823921204
15674,2.797239065170288,-8.973472595214844
15675,-4.529917240142822,-0.9223986864089966
15676,-7.743447780609131,-3.5086562633514404
15677,-7.889784336090088,-1.6475889682769775
15678,-2.471008062362671,8.233187675476074
15679,5.3971147537231445,-8.63446044921875
15680,4.156792640686035,1.0665363073349
15681,-3.8154616355895996,-0.4076671898365021
15682,4.695991516113281,-2.8200042247772217
15683,-27.216520309448242,-12.188084602355957
15684,0.24293288588523865,1.4062594175338745
15685,19.737834930419922,14.452513694763184
15686,1.0364378690719604,-7.584876537322998
15687,7.416671276092529,3.7239558696746826
15688,-3.754211902618408,2.7466533184051514
15689,13.17011833190918,-1.485494613647461
15690,9.285173416137695,-2.1469099521636963
15691,16.44811248779297,9.714435577392578
15692,-3.0871224403381348,0.8077877163887024
15693,0.8203948140144348,-1.1512815952301025
15694,-14.246811866760254,-5.987697124481201
15695,3.4070253372192383,-0.5529994964599609
15696,8.420392036437988,2.4469361305236816
15697,-0.3324102461338043,-2.9948971271514893
15698,2.4281556606292725,-6.858829975128174
15699,1.805253028869629,-3.2772715091705322
15700,-0.22718174755573273,1.1295071840286255
15701,-0.5081652998924255,-3.6393587589263916
15702,-10.39048957824707,-2.965919256210327
15703,0.9614729881286621,-1.7852561473846436
15704,2.580723285675049,-1.2854477167129517
15705,2.320674419403076,-4.9085211753845215
15706,2.477177143096924,-1.0911250114440918
15707,-2.7555620670318604,8.885334968566895
15708,-9.756010055541992,-9.86894702911377
15709,1.9646339416503906,-5.227674961090088
15710,5.485892295837402,-2.744837760925293
15711,13.022237777709961,1.2949719429016113
15712,-2.4786059856414795,-3.4630842208862305
15713,-10.141419410705566,-2.5617542266845703
15714,-7.4239959716796875,-10.76345443725586
15715,13.189363479614258,-3.6752312183380127
15716,-7.5497589111328125,-5.893249034881592
15717,7.717602729797363,-1.575722575187683
15718,-7.247065544128418,-5.274017810821533
15719,-12.450057983398438,-3.7879679203033447
15720,-4.734263896942139,-8.388684272766113
15721,-5.610215663909912,3.7838361263275146
15722,-13.557042121887207,-15.820834159851074
15723,-0.08460880815982819,-5.062566757202148
15724,0.8786988854408264,-8.090950012207031
15725,4.427201271057129,-0.2593149244785309
15726,-7.494879722595215,-9.931645393371582
15727,1.0462291240692139,-7.949911117553711
15728,0.9584131240844727,-3.03121280670166
15729,2.068023681640625,-5.392452716827393
15730,3.554565668106079,-1.9401280879974365
15731,0.06643623113632202,-2.007434606552124
15732,-7.366057395935059,2.4422833919525146
15733,-5.934363842010498,-6.021361827850342
15734,1.2818721532821655,-7.911184310913086
15735,10.747332572937012,0.04670073837041855
15736,13.911261558532715,7.859988689422607
15737,-28.380033493041992,-13.567214012145996
15738,-7.433012008666992,-11.787710189819336
15739,-10.911388397216797,-6.508191108703613
15740,-0.24965624511241913,2.143678665161133
15741,0.7651177644729614,3.1498262882232666
15742,-5.80317497253418,2.251716136932373
15743,4.599161624908447,11.33845043182373
15744,-4.1375250816345215,-4.194860935211182
15745,9.657020568847656,-2.8547234535217285
15746,7.667013645172119,0.5184545516967773
15747,-0.331341952085495,0.14130914211273193
15748,13.263773918151855,7.354522228240967
15749,7.730783462524414,7.158506870269775
15750,1.2814488410949707,-3.1051814556121826
15751,7.455981254577637,7.832393169403076
15752,0.7405440211296082,0.5316880941390991
15753,12.247429847717285,2.0876498222351074
15754,-2.672501564025879,0.11241789907217026
15755,-4.473933219909668,-9.702939987182617
15756,9.868378639221191,0.07798793166875839
15757,1.2375319004058838,-3.7453866004943848
15758,8.114624977111816,6.926723003387451
15759,2.827454090118408,-3.6398696899414062
15760,2.2361831665039062,-5.215744972229004
15761,9.4583740234375,-1.5367369651794434
15762,10.115799903869629,-3.1262006759643555
15763,9.896838188171387,-0.009935356676578522
15764,10.977237701416016,-0.8642044067382812
15765,-7.281458854675293,-0.6971101760864258
15766,-2.1599173545837402,-8.002427101135254
15767,-5.962207794189453,4.3824262619018555
15768,-8.397011756896973,-2.69608473777771
15769,0.4786708652973175,-1.6605207920074463
15770,-11.234883308410645,10.417131423950195
15771,0.6285778284072876,-1.942765712738037
15772,1.146093726158142,-2.7305359840393066
15773,-8.423154830932617,4.452701568603516
15774,13.632916450500488,-1.6041350364685059
15775,-11.087717056274414,-9.635205268859863
15776,-0.35106056928634644,-3.394186019897461
15777,-0.1038709431886673,1.263713002204895
15778,9.71106243133545,18.730083465576172
15779,-0.27901291847229004,1.6094367504119873
15780,-5.33561897277832,3.9926953315734863
15781,-22.680973052978516,-20.050559997558594
15782,0.6765691041946411,-3.277278184890747
15783,19.47672462463379,14.1867094039917
15784,-0.44956865906715393,-6.960399150848389
15785,4.050809860229492,-2.5771236419677734
15786,-8.2814302444458,0.9329086542129517
15787,14.289834976196289,6.247892379760742
15788,4.017712593078613,6.444485187530518
15789,0.8415623903274536,-2.7766623497009277
15790,14.263481140136719,-1.5307199954986572
15791,1.443196415901184,-3.874279737472534
15792,2.973071575164795,-3.534238576889038
15793,1.4109736680984497,-3.983952760696411
15794,14.153334617614746,-1.568645715713501
15795,1.0583398342132568,0.1895921528339386
15796,10.154986381530762,-0.973814845085144
15797,0.9888800978660583,-3.4782938957214355
15798,-8.302306175231934,0.7160919904708862
15799,1.707703709602356,-8.653350830078125
15800,-20.716196060180664,-20.07738494873047
15801,-2.2371437549591064,-4.032545566558838
15802,12.206984519958496,-2.101626396179199
15803,10.902798652648926,1.734210729598999
15804,0.9463064074516296,9.01010799407959
15805,0.8761387467384338,-1.5544075965881348
15806,1.0372450351715088,12.038433074951172
15807,-1.526591181755066,0.3841991126537323
15808,-10.864388465881348,2.9742720127105713
15809,-11.840527534484863,1.0695621967315674
15810,-3.2333197593688965,-1.5619125366210938
15811,16.95479965209961,11.203812599182129
15812,2.0764389038085938,-2.8962795734405518
15813,1.0847307443618774,8.093488693237305
15814,2.5305123329162598,-2.055555820465088
15815,1.5827792882919312,-5.028269290924072
15816,0.25620490312576294,-2.044735908508301
15817,0.0763651579618454,1.6294505596160889
15818,-11.121580123901367,-8.283824920654297
15819,-0.015854019671678543,0.4123063385486603
15820,0.25693821907043457,-0.3603222072124481
15821,-27.08709716796875,-22.52050018310547
15822,-6.221889495849609,0.0471353754401207
15823,1.0949209928512573,-7.513360500335693
15824,3.0430262088775635,-4.990522861480713
15825,-0.26924973726272583,1.7829163074493408
15826,1.9351081848144531,-6.682285308837891
15827,6.334179878234863,-1.7152515649795532
15828,12.517022132873535,4.938653945922852
15829,-12.982522964477539,-5.066205978393555
15830,-15.8131685256958,-11.573107719421387
15831,-9.47451114654541,-1.373473882675171
15832,-11.425676345825195,-12.732049942016602
15833,1.0680125951766968,-6.208256721496582
15834,-2.1646437644958496,-2.0722076892852783
15835,0.45419397950172424,-0.13659760355949402
15836,-7.085837364196777,2.9260811805725098
15837,3.8575706481933594,-5.005053997039795
15838,1.764837384223938,-1.5385600328445435
15839,22.662254333496094,30.022157669067383
15840,17.206331253051758,16.45532989501953
15841,8.794013023376465,-4.706233501434326
15842,0.7611487507820129,-3.5095558166503906
15843,-5.645443439483643,1.679840087890625
15844,10.23627758026123,10.913996696472168
15845,-1.5458053350448608,6.808431625366211
15846,-13.8583402633667,-7.708942413330078
15847,-22.792428970336914,-20.64275360107422
15848,0.24376021325588226,-9.6571626663208
15849,-1.123038649559021,1.4050508737564087
15850,-2.3708033561706543,-3.0283827781677246
15851,-10.148665428161621,4.035546779632568
15852,6.265739440917969,-8.155652046203613
15853,5.068122863769531,3.723515510559082
15854,-1.6206129789352417,0.14881834387779236
15855,-0.30397841334342957,-1.6283819675445557
15856,-12.015809059143066,-5.4044976234436035
15857,0.9236417412757874,-6.4972310066223145
15858,0.3877030313014984,-2.9259324073791504
15859,-4.316051959991455,-1.5536805391311646
15860,-11.98790454864502,7.416514873504639
15861,7.737235069274902,-0.4250752627849579
15862,-11.799189567565918,-13.798554420471191
15863,-1.9624708890914917,2.0404105186462402
15864,-10.147432327270508,4.113243579864502
15865,-8.308289527893066,7.705897808074951
15866,-3.2648491859436035,2.3201193809509277
15867,-0.09760621190071106,-9.131667137145996
15868,3.1488037109375,11.682621002197266
15869,0.030498240143060684,-7.752043724060059
15870,3.5147883892059326,-1.1245622634887695
15871,-19.222341537475586,-18.126455307006836
15872,-9.087496757507324,6.959726810455322
15873,7.700751304626465,6.791612148284912
15874,4.2289042472839355,-0.9398512840270996
15875,1.037552833557129,-4.505498886108398
15876,-1.0279935598373413,3.680168628692627
15877,16.521949768066406,9.079562187194824
15878,-11.81110668182373,-2.2182719707489014
15879,2.8091819286346436,-0.032789118587970734
15880,-10.12254810333252,-4.754254341125488
15881,-7.945394515991211,-2.622241497039795
15882,-0.7293241024017334,1.468212604522705
15883,-11.148468971252441,4.399892807006836
15884,7.252488136291504,-1.0820590257644653
15885,5.700934886932373,19.553991317749023
15886,1.683751106262207,-4.380752086639404
15887,-8.108112335205078,-1.3684511184692383
15888,9.070218086242676,-2.6986825466156006
15889,-11.353738784790039,8.290406227111816
15890,-2.285571813583374,2.7339892387390137
15891,-4.922250747680664,-2.2906181812286377
15892,-2.5128026008605957,1.2234159708023071
15893,9.692397117614746,3.9860806465148926
15894,1.5514763593673706,-1.5849878787994385
15895,5.701780796051025,-8.76219654083252
15896,2.5462396144866943,17.92522621154785
15897,8.552666664123535,-1.7105565071105957
15898,4.397085189819336,-4.887269496917725
15899,19.460926055908203,18.1906795501709
15900,-7.933234691619873,-2.5190601348876953
15901,13.779799461364746,-1.9256386756896973
15902,-8.318511009216309,-2.577221393585205
15903,-20.5588436126709,-20.41130256652832
15904,-1.0327717065811157,0.03296815603971481
15905,12.07506275177002,6.847566604614258
15906,5.395260810852051,-2.0235021114349365
15907,1.821905493736267,-2.942478656768799
15908,10.115628242492676,5.438787460327148
15909,2.450779914855957,-6.542745590209961
15910,-21.79123306274414,-12.915609359741211
15911,19.738252639770508,24.13593101501465
15912,-10.219993591308594,4.068525791168213
15913,2.120128631591797,-7.564877033233643
15914,-6.477897644042969,-0.7428590059280396
15915,-15.367067337036133,-19.019956588745117
15916,-10.909836769104004,-4.877424240112305
15917,1.2688488960266113,-5.120296478271484
15918,11.381207466125488,-1.3966206312179565
15919,-2.168736457824707,3.0184247493743896
15920,-1.285098910331726,-1.5872637033462524
15921,-3.1288156509399414,-0.529712975025177
15922,0.5600077509880066,-7.301267623901367
15923,-6.760605812072754,-6.9724650382995605
15924,-8.676069259643555,3.52473783493042
15925,7.193825721740723,-2.07550048828125
15926,-1.5748564004898071,-8.226766586303711
15927,0.09999167919158936,0.984670877456665
15928,1.8370940685272217,-9.538824081420898
15929,-19.329954147338867,-20.11103057861328
15930,-14.159773826599121,-11.885428428649902
15931,17.136362075805664,14.258805274963379
15932,2.828608989715576,-5.782039165496826
15933,-1.6026910543441772,-8.648775100708008
15934,2.864140033721924,-2.0181057453155518
15935,21.969341278076172,17.387990951538086
15936,11.834837913513184,31.028406143188477
15937,3.2978081703186035,-2.146919012069702
15938,-22.971149444580078,-10.061570167541504
15939,7.1832990646362305,6.906781196594238
15940,-0.026010122150182724,-0.6732501983642578
15941,-4.544651031494141,-4.490706920623779
15942,8.988445281982422,-0.2903606593608856
15943,0.18903331458568573,-2.5443806648254395
15944,13.54992389678955,-2.702615261077881
15945,3.308151960372925,-7.053817272186279
15946,-8.887259483337402,7.466370105743408
15947,4.2849273681640625,-4.5900044441223145
15948,2.2959330081939697,-8.346874237060547
15949,6.593169212341309,-1.4899113178253174
15950,7.586209774017334,-0.23605629801750183
15951,9.599703788757324,-1.1127357482910156
15952,-21.249427795410156,-23.569414138793945
15953,2.0254693031311035,-3.1106510162353516
15954,7.553001880645752,7.383228302001953
15955,-0.9726601839065552,-2.3589420318603516
15956,8.530691146850586,0.46608367562294006
15957,2.1014983654022217,4.262933254241943
15958,-8.318524360656738,-3.6980278491973877
15959,-15.36773681640625,-0.9903889298439026
15960,-6.831247329711914,-6.063574314117432
15961,7.154319763183594,10.494710922241211
15962,2.2664225101470947,-6.602532863616943
15963,0.9741514921188354,7.691962718963623
15964,0.9754873514175415,-6.190793991088867
15965,0.12737543880939484,-0.5707382559776306
15966,-3.2657418251037598,8.245835304260254
15967,-21.909748077392578,-16.347824096679688
15968,-16.82746124267578,-5.742900371551514
15969,11.627415657043457,1.086089849472046
15970,8.796451568603516,1.5391765832901
15971,-4.891152381896973,-3.0967049598693848
15972,13.06613826751709,7.581130504608154
15973,-11.453328132629395,-6.8163676261901855
15974,-10.601588249206543,-1.3010367155075073
15975,-6.2669677734375,-1.6331813335418701
15976,-11.417903900146484,3.4747211933135986
15977,-8.899640083312988,2.191101312637329
15978,5.914751052856445,-7.586654186248779
15979,0.3019854724407196,-1.6399685144424438
15980,3.2030346393585205,13.787002563476562
15981,-4.588728904724121,-4.5976715087890625
15982,-5.3645124435424805,-1.3579151630401611
15983,-1.4283922910690308,1.4375255107879639
15984,0.7573496699333191,-0.5601109266281128
15985,-10.199049949645996,-7.122680187225342
15986,-1.654874563217163,-7.5774006843566895
15987,-5.142800807952881,-4.010936260223389
15988,5.527790069580078,2.4416637420654297
15989,7.544916152954102,3.708101749420166
15990,1.968234896659851,-7.715338230133057
15991,12.446096420288086,4.836393356323242
15992,-3.4747724533081055,-3.458223342895508
15993,-1.7847970724105835,2.0835928916931152
15994,19.446725845336914,16.937387466430664
15995,0.24646596610546112,-1.596771240234375
15996,0.5451749563217163,1.264893889427185
15997,1.495985746383667,-6.735493183135986
15998,2.079326868057251,-7.374520301818848
15999,-0.12591968476772308,-7.564492702484131
16000,11.353585243225098,3.62345552444458
16001,4.013103485107422,-2.0281858444213867
16002,10.239340782165527,-4.776333332061768
16003,7.4044694900512695,5.854447841644287
16004,-1.2181872129440308,11.22877311706543
16005,1.7465192079544067,-2.8951354026794434
16006,6.146112442016602,5.5014777183532715
16007,1.1097720861434937,-2.886525869369507
16008,2.046082019805908,-3.7198309898376465
16009,17.325925827026367,12.915228843688965
16010,-10.761368751525879,-2.158440589904785
16011,-0.27869245409965515,2.6335129737854004
16012,-0.946588397026062,1.6183547973632812
16013,1.5343514680862427,-8.043473243713379
16014,10.04099178314209,-2.349876880645752
16015,6.603335380554199,-0.4017961919307709
16016,8.655797958374023,0.4677322208881378
16017,-3.2306461334228516,1.527611494064331
16018,2.5969200134277344,-6.834563255310059
16019,-11.646199226379395,3.452082633972168
16020,-6.618250846862793,-7.965104579925537
16021,-7.09065055847168,-3.9882354736328125
16022,-0.13043029606342316,2.1311140060424805
16023,-6.116684913635254,-2.6398115158081055
16024,6.973875999450684,17.109031677246094
16025,2.5869574546813965,5.105852127075195
16026,14.429014205932617,5.162617206573486
16027,-4.651559829711914,-1.154017448425293
16028,-1.267623782157898,0.4222206771373749
16029,-7.077925205230713,-2.8717141151428223
16030,-6.547635078430176,-3.745997905731201
16031,6.54504919052124,20.161495208740234
16032,-1.6947308778762817,0.691642165184021
16033,-4.946505069732666,1.5495688915252686
16034,-5.891921043395996,0.7809193134307861
16035,-19.215383529663086,-13.447064399719238
16036,-1.4697364568710327,1.0849617719650269
16037,-7.991631507873535,-2.6354079246520996
16038,11.01452922821045,0.27857545018196106
16039,6.484306335449219,-2.7580208778381348
16040,-3.1580820083618164,1.2599201202392578
16041,-5.766801834106445,-0.6549503207206726
16042,2.1589455604553223,-5.474184989929199
16043,8.02141284942627,-1.727413296699524
16044,5.442923545837402,0.3848009407520294
16045,1.963675856590271,-3.0752272605895996
16046,1.7199450731277466,-5.492982387542725
16047,-10.252289772033691,2.8697476387023926
16048,-6.7744269371032715,-5.359549045562744
16049,0.9664440155029297,-2.9543251991271973
16050,0.12977689504623413,1.433501958847046
16051,-0.6459664702415466,-2.211965560913086
16052,-9.308578491210938,-11.779801368713379
16053,-3.3416996002197266,-0.20905885100364685
16054,1.4039541482925415,-1.8458080291748047
16055,-4.043859481811523,9.001908302307129
16056,-7.834128379821777,3.778858184814453
16057,10.257731437683105,-2.0956742763519287
16058,-2.877173900604248,9.294421195983887
16059,-4.35473108291626,-6.551229953765869
16060,10.388788223266602,-0.9895097017288208
16061,12.561212539672852,3.5697360038757324
16062,-10.84230899810791,-2.102520704269409
16063,-0.7643616199493408,-3.7798497676849365
16064,1.0950154066085815,0.6224434971809387
16065,1.1980024576187134,-3.7019128799438477
16066,4.963451862335205,13.970954895019531
16067,-3.5133190155029297,-2.228095531463623
16068,0.22291232645511627,8.222275733947754
16069,1.2657464742660522,-2.7282280921936035
16070,7.531581878662109,6.155843257904053
16071,8.97452449798584,4.82420015335083
16072,-24.01425552368164,-21.723114013671875
16073,-8.91598129272461,-14.187684059143066
16074,-10.803812980651855,1.0168635845184326
16075,-3.22992205619812,6.096933841705322
16076,0.8554078936576843,-5.455946445465088
16077,2.449169635772705,-7.210909843444824
16078,-1.7865065336227417,-0.647730827331543
16079,0.47805356979370117,-8.61343765258789
16080,10.840332984924316,-2.4227070808410645
16081,-13.974464416503906,-17.833738327026367
16082,-12.213240623474121,-7.685983180999756
16083,-4.1954874992370605,-0.11728284507989883
16084,-6.897092819213867,-12.947076797485352
16085,-7.845447540283203,3.310863971710205
16086,5.802994728088379,0.14647391438484192
16087,16.565696716308594,11.338067054748535
16088,-20.803102493286133,-10.020712852478027
16089,-0.22114641964435577,0.8918077349662781
16090,-10.7490873336792,4.097255706787109
16091,11.70002269744873,4.005695819854736
16092,3.6721856594085693,-8.975356101989746
16093,3.3642587661743164,-2.172403335571289
16094,1.1495956182479858,-1.3382112979888916
16095,-10.274920463562012,1.8188211917877197
16096,-1.1112536191940308,-4.238159656524658
16097,8.966410636901855,-2.510711193084717
16098,11.533429145812988,7.863934516906738
16099,-25.135915756225586,-20.624025344848633
16100,6.95054817199707,-0.8515639901161194
16101,1.0399765968322754,-3.967139720916748
16102,-7.6927361488342285,-1.8238743543624878
16103,-9.3898344039917,-0.35703912377357483
16104,1.2286937236785889,-8.354874610900879
16105,-4.322993755340576,-11.243107795715332
16106,4.438420295715332,-3.775306224822998
16107,-8.060382843017578,-4.231613636016846
16108,-23.551956176757812,-8.494709014892578
16109,16.63024139404297,11.305127143859863
16110,10.676926612854004,-1.905395269393921
16111,-11.77475643157959,0.2703169882297516
16112,4.492116928100586,4.852989673614502
16113,11.584695816040039,5.2831130027771
16114,11.430916786193848,24.670949935913086
16115,13.549071311950684,6.536826133728027
16116,-6.083353519439697,-8.187067031860352
16117,1.8324261903762817,-2.9119176864624023
16118,0.7920867204666138,-3.587090253829956
16119,16.528352737426758,11.671334266662598
16120,1.079828143119812,-5.793249607086182
16121,-1.1353486776351929,1.7317821979522705
16122,8.92032241821289,-0.6333233118057251
16123,-9.107850074768066,1.734845519065857
16124,-0.2878734767436981,0.9145016074180603
16125,-8.28903865814209,-4.6330342292785645
16126,1.7469888925552368,-5.479357719421387
16127,10.78713321685791,0.46759822964668274
16128,2.1361277103424072,10.563484191894531
16129,-0.8698062896728516,-2.555563449859619
16130,-21.89361000061035,-20.89463996887207
16131,1.2809821367263794,-6.406628131866455
16132,-2.331758975982666,1.7658226490020752
16133,-5.2311811447143555,0.5294835567474365
16134,0.7539429664611816,-8.661665916442871
16135,1.4191840887069702,0.28950151801109314
16136,-5.315859794616699,-0.45694437623023987
16137,-1.4785943031311035,0.5671199560165405
16138,-0.33732596039772034,3.2675178050994873
16139,20.530559539794922,16.614381790161133
16140,-10.252602577209473,-4.454000473022461
16141,19.777429580688477,18.76515769958496
16142,-20.87164878845215,-19.0742130279541
16143,-0.2190733402967453,-1.8353129625320435
16144,-13.205080032348633,-17.1516170501709
16145,1.599556803703308,7.5670952796936035
16146,16.47386932373047,10.730627059936523
16147,0.513167142868042,-7.948766708374023
16148,-7.797219276428223,-5.36398983001709
16149,5.122297286987305,3.4684321880340576
16150,-11.308842658996582,1.2354352474212646
16151,-0.042026717215776443,-1.7771532535552979
16152,-11.92825984954834,-9.963943481445312
16153,-8.611916542053223,-13.787001609802246
16154,0.23399853706359863,-0.7811289429664612
16155,-0.23744617402553558,2.9251012802124023
16156,2.0813329219818115,-3.1536285877227783
16157,3.8878390789031982,1.7523040771484375
16158,-4.109225273132324,5.402924060821533
16159,0.8752174377441406,-1.9897637367248535
16160,2.496828317642212,-5.782025337219238
16161,-24.317214965820312,-21.149826049804688
16162,0.40922102332115173,-3.433892250061035
16163,-3.595874309539795,0.8599551916122437
16164,-24.935989379882812,-22.87822723388672
16165,4.603265285491943,5.546700477600098
16166,-13.501677513122559,-10.15007495880127
16167,-11.764663696289062,3.601581573486328
16168,1.3631446361541748,2.669541597366333
16169,8.083660125732422,0.15030816197395325
16170,8.378698348999023,7.735986232757568
16171,7.463918685913086,1.3429334163665771
16172,-5.735095977783203,7.197486877441406
16173,6.067766189575195,-6.4658074378967285
16174,10.38807201385498,0.4271550476551056
16175,2.4813005924224854,1.1759674549102783
16176,1.5223488807678223,-4.232065677642822
16177,1.319272518157959,3.0496439933776855
16178,19.638391494750977,17.91570472717285
16179,3.048079252243042,-4.603841304779053
16180,0.8308932185173035,-5.442889213562012
16181,2.079934597015381,-5.498897552490234
16182,-6.568900108337402,1.0685462951660156
16183,13.993805885314941,-2.1441822052001953
16184,1.2050312757492065,-7.958235263824463
16185,1.8603676557540894,-8.310230255126953
16186,-5.991158485412598,9.330605506896973
16187,2.018465995788574,-8.340295791625977
16188,11.651719093322754,-1.8686765432357788
16189,9.74753189086914,0.061397574841976166
16190,-10.406538963317871,0.3312579095363617
16191,10.704452514648438,2.4567151069641113
16192,6.827647686004639,21.648088455200195
16193,11.25540828704834,0.9389381408691406
16194,5.70374059677124,-0.4413517415523529
16195,-0.7692992687225342,-3.3932888507843018
16196,1.8499705791473389,-9.139187812805176
16197,9.256802558898926,10.087664604187012
16198,4.275035858154297,-1.8066409826278687
16199,-0.05079333111643791,-4.3017683029174805
16200,-10.983258247375488,2.3942501544952393
16201,-2.820038318634033,-5.4964728355407715
16202,8.507545471191406,-0.9850963354110718
16203,-2.666511058807373,-6.498496055603027
16204,-7.362282752990723,-0.21525833010673523
16205,1.4791187047958374,-3.2856216430664062
16206,0.005108583718538284,-2.4772961139678955
16207,16.206968307495117,12.074566841125488
16208,0.9114276170730591,-5.907110691070557
16209,0.5596335530281067,-1.813626766204834
16210,6.032934665679932,3.499879837036133
16211,0.8065618872642517,6.975502967834473
16212,-9.117284774780273,-0.7075539827346802
16213,-13.569092750549316,-12.239895820617676
16214,0.9706779718399048,-6.437519550323486
16215,0.19572333991527557,-0.062104664742946625
16216,-10.030247688293457,4.291508197784424
16217,4.863333702087402,-0.5342318415641785
16218,-13.476962089538574,0.15171197056770325
16219,5.957079887390137,5.336206912994385
16220,10.737627983093262,0.6150615215301514
16221,-9.062097549438477,4.6341471672058105
16222,-14.961570739746094,-5.258312702178955
16223,11.572813987731934,-1.2929202318191528
16224,-2.7179207801818848,-1.5712339878082275
16225,6.116779327392578,19.3549861907959
16226,2.2816317081451416,-6.5203118324279785
16227,20.19316864013672,17.62787437438965
16228,-7.076773166656494,-12.155770301818848
16229,-3.465773344039917,12.390461921691895
16230,1.5974879264831543,-2.285339832305908
16231,1.400164008140564,-1.5971887111663818
16232,0.06806732714176178,-0.31041213870048523
16233,1.8872309923171997,-10.589978218078613
16234,-10.342350006103516,-10.833312034606934
16235,9.297628402709961,-1.4209835529327393
16236,9.756125450134277,-1.3948051929473877
16237,1.3048237562179565,-4.676812171936035
16238,-2.54014253616333,3.2462875843048096
16239,2.63392972946167,-0.013104982674121857
16240,8.644705772399902,13.083077430725098
16241,2.0133373737335205,-6.297494888305664
16242,-7.535930633544922,1.3814599514007568
16243,-1.0888400077819824,5.382132053375244
16244,2.126849889755249,17.757219314575195
16245,-9.620553970336914,-5.6392011642456055
16246,0.04168226197361946,2.132089853286743
16247,-4.183109760284424,-5.143701076507568
16248,-10.848878860473633,-1.5920829772949219
16249,-4.056397438049316,4.668877124786377
16250,1.7462729215621948,-4.728797435760498
16251,12.696778297424316,5.903619766235352
16252,-1.2997668981552124,0.30709394812583923
16253,-5.064646244049072,-10.989909172058105
16254,-0.34220051765441895,-0.577660858631134
16255,0.7524430751800537,-3.1877048015594482
16256,-5.432795524597168,-6.612740516662598
16257,4.147375106811523,-3.327556610107422
16258,2.211921453475952,-7.192035675048828
16259,-4.279413223266602,4.6944403648376465
16260,1.4370124340057373,-4.082275867462158
16261,17.577455520629883,12.325638771057129
16262,0.12218108773231506,-2.753288745880127
16263,8.36342716217041,-2.4436440467834473
16264,1.1937917470932007,-4.703599452972412
16265,-11.662334442138672,-4.172384738922119
16266,-11.588434219360352,-1.235626459121704
16267,1.755826711654663,-2.681771993637085
16268,1.7574044466018677,-2.926842212677002
16269,15.551316261291504,10.595840454101562
16270,-25.657028198242188,-13.537447929382324
16271,1.5158650875091553,11.59306812286377
16272,-0.46471402049064636,1.3191355466842651
16273,0.674156665802002,-0.19528204202651978
16274,-9.784680366516113,3.4942166805267334
16275,-7.495004653930664,-0.31148430705070496
16276,-10.132970809936523,5.408824443817139
16277,6.482414722442627,23.48666000366211
16278,9.556866645812988,32.77141189575195
16279,0.583145022392273,0.33278554677963257
16280,-16.996292114257812,-4.163766384124756
16281,-7.491280555725098,0.311230331659317
16282,-0.6499398946762085,1.4215567111968994
16283,-12.112774848937988,-3.1270406246185303
16284,-6.296119689941406,-4.98551082611084
16285,-8.774930000305176,3.9065303802490234
16286,-7.329146862030029,-1.4655870199203491
16287,-0.30544528365135193,9.82679271697998
16288,11.75494384765625,0.5176591873168945
16289,-1.0567156076431274,0.7555197477340698
16290,-1.001816749572754,-3.5462160110473633
16291,-1.0565006732940674,-8.343356132507324
16292,1.2090542316436768,-8.588756561279297
16293,-8.802183151245117,-2.5021235942840576
16294,-6.953456401824951,-3.6396079063415527
16295,-9.671086311340332,-1.2653541564941406
16296,1.8485263586044312,-9.755717277526855
16297,7.0832929611206055,4.139892578125
16298,-10.049756050109863,-3.1734251976013184
16299,-2.588669776916504,-1.8804311752319336
16300,6.758937358856201,-3.0906665325164795
16301,-27.24100112915039,-19.503568649291992
16302,-8.377272605895996,4.647996425628662
16303,10.977470397949219,-0.1265701949596405
16304,-6.302359580993652,-2.283658504486084
16305,-10.363988876342773,-0.08365670591592789
16306,-0.2952091693878174,-0.5767147541046143
16307,15.943796157836914,11.028325080871582
16308,-9.407149314880371,-0.2687494456768036
16309,10.260680198669434,-1.7947479486465454
16310,1.9296296834945679,-3.086312770843506
16311,-14.7704496383667,-16.86954116821289
16312,8.164395332336426,-2.135110378265381
16313,-16.41222381591797,-19.51527976989746
16314,3.372791290283203,5.686705589294434
16315,14.947186470031738,8.455483436584473
16316,0.02230270579457283,2.189711570739746
16317,-14.46026611328125,-2.3756415843963623
16318,2.290632963180542,-0.9825082421302795
16319,-9.687745094299316,-4.825847148895264
16320,-1.4225479364395142,2.421731948852539
16321,4.724247455596924,-2.062584638595581
16322,3.461278200149536,5.79131555557251
16323,11.057097434997559,-0.8522045612335205
16324,6.050209999084473,-6.29773473739624
16325,-9.162459373474121,-5.929239749908447
16326,12.597748756408691,-2.7858505249023438
16327,12.898672103881836,-3.132258892059326
16328,-7.424727439880371,-8.534224510192871
16329,0.47050103545188904,1.596094012260437
16330,-8.45918083190918,-3.4522976875305176
16331,-5.94984245300293,-3.475691795349121
16332,0.7818915247917175,-4.11527681350708
16333,-10.495420455932617,-14.248286247253418
16334,-2.981281280517578,-7.654876708984375
16335,0.1691422313451767,-9.177101135253906
16336,-14.808916091918945,-0.42243441939353943
16337,0.6118696928024292,-4.7216362953186035
16338,12.684120178222656,-0.021562792360782623
16339,2.910386323928833,-0.10107959061861038
16340,-8.1220121383667,-5.804239749908447
16341,-6.035733222961426,-2.915334939956665
16342,1.2480393648147583,-9.406319618225098
16343,2.530992031097412,1.8612494468688965
16344,7.972150802612305,0.18241265416145325
16345,-2.440992832183838,8.459851264953613
16346,-2.804020881652832,-1.6520965099334717
16347,9.550152778625488,-0.5902091264724731
16348,-7.970061302185059,-5.6489458084106445
16349,0.5995519161224365,-0.7353079319000244
16350,2.147181987762451,-4.272433280944824
16351,7.038087368011475,-0.21728679537773132
16352,-0.36774924397468567,-7.545241355895996
16353,13.54688835144043,6.783720970153809
16354,8.141776084899902,-1.712571144104004
16355,-7.913092136383057,-13.839059829711914
16356,-9.905386924743652,-0.4643033444881439
16357,1.5543330907821655,-5.652495861053467
16358,5.8452653884887695,-6.126795768737793
16359,-0.3789125382900238,11.126697540283203
16360,3.4497528076171875,7.503148555755615
16361,-13.753035545349121,-0.5951575040817261
16362,-5.0497541427612305,-5.290646553039551
16363,-4.163285732269287,-4.789099216461182
16364,-8.879133224487305,-3.9875845909118652
16365,16.85146713256836,11.848732948303223
16366,-2.0971999168395996,4.4897589683532715
16367,-1.1575840711593628,-5.616369247436523
16368,2.360067844390869,9.994158744812012
16369,-7.0433349609375,0.6822733879089355
16370,-9.46227741241455,6.3768486976623535
16371,-5.000359535217285,-7.1861958503723145
16372,-23.70130157470703,-19.768892288208008
16373,1.857382893562317,0.8370877504348755
16374,-10.321619033813477,0.9402164220809937
16375,-4.906813621520996,-3.7545595169067383
16376,-2.6315722465515137,-6.921459197998047
16377,2.3318278789520264,1.8061590194702148
16378,-0.6579634547233582,2.6814560890197754
16379,7.622779846191406,-3.9622952938079834
16380,0.6565738916397095,-0.49180033802986145
16381,13.987508773803711,7.0262322425842285
16382,6.357909202575684,4.562378406524658
16383,-1.6672760248184204,0.44246241450309753
16384,0.17180313169956207,7.684638500213623
16385,-19.676410675048828,-20.496309280395508
16386,-3.6627602577209473,-1.7980504035949707
16387,19.297138214111328,15.036108016967773
16388,2.062991142272949,-3.892498016357422
16389,-0.2079165130853653,1.8130404949188232
16390,0.6131314039230347,-3.496537208557129
16391,2.976949453353882,-5.139858245849609
16392,-8.619000434875488,-0.903336763381958
16393,12.956467628479004,7.336383819580078
16394,0.12497831881046295,8.98436164855957
16395,3.272480010986328,-4.397695064544678
16396,-9.180878639221191,2.0434622764587402
16397,12.145634651184082,-2.55543851852417
16398,0.3468606472015381,-0.2735973596572876
16399,-0.0894390195608139,-1.313070297241211
16400,10.250025749206543,2.4427242279052734
16401,7.008296966552734,-1.1693050861358643
16402,8.604499816894531,6.961680889129639
16403,-0.3702748715877533,2.0895657539367676
16404,-9.904099464416504,-7.526808738708496
16405,11.98037338256836,26.52187728881836
16406,-1.1521016359329224,-0.3504771888256073
16407,2.814877986907959,-5.7330827713012695
16408,1.8112046718597412,-2.8479907512664795
16409,-1.9545766115188599,1.236312747001648
16410,-15.658427238464355,-0.3429276645183563
16411,1.9077702760696411,-4.677683353424072
16412,-1.3792804479599,-4.94045877456665
16413,9.342703819274902,-0.631759762763977
16414,13.170855522155762,-2.419844627380371
16415,3.3444247245788574,-2.7506003379821777
16416,-10.99927806854248,-0.9572517275810242
16417,-7.870912075042725,-3.1759419441223145
16418,2.8229997158050537,6.3631486892700195
16419,8.579371452331543,10.799349784851074
16420,-0.22623871266841888,-7.060120105743408
16421,-23.097225189208984,-10.784148216247559
16422,3.377340316772461,2.1741981506347656
16423,-10.804474830627441,-2.671530246734619
16424,12.564753532409668,-2.0133612155914307
16425,-0.10548408329486847,-1.0093145370483398
16426,0.11110500991344452,-2.5407915115356445
16427,-14.380898475646973,-7.445688724517822
16428,-5.636374473571777,-3.7201011180877686
16429,12.327556610107422,6.6917009353637695
16430,8.70610523223877,-1.771043062210083
16431,12.557112693786621,11.87321949005127
16432,-9.906929016113281,-16.496639251708984
16433,7.001008987426758,-0.6249151229858398
16434,0.34428709745407104,-0.9700355529785156
16435,8.068160057067871,2.7761168479919434
16436,5.377610206604004,7.711972236633301
16437,-12.831905364990234,-2.925522804260254
16438,-4.845073699951172,11.205927848815918
16439,2.392180919647217,-3.448841094970703
16440,5.32483434677124,4.541243553161621
16441,2.4431114196777344,-7.959311008453369
16442,-10.825913429260254,-2.043184995651245
16443,-4.541940212249756,3.955042839050293
16444,-17.740463256835938,-11.802392959594727
16445,0.34773555397987366,-7.796799182891846
16446,14.049992561340332,-1.4031033515930176
16447,9.093192100524902,12.900044441223145
16448,-7.835235118865967,0.009201787412166595
16449,-0.5288946628570557,-2.5152220726013184
16450,1.0723011493682861,-5.961864471435547
16451,-2.65706205368042,-2.8549318313598633
16452,-5.387059211730957,10.903822898864746
16453,12.375382423400879,5.258225917816162
16454,1.0551636219024658,0.17477020621299744
16455,-0.17855176329612732,2.265127658843994
16456,13.970170021057129,7.470798015594482
16457,-5.613498687744141,0.28156331181526184
16458,15.696728706359863,9.876239776611328
16459,5.351825714111328,19.54515266418457
16460,-10.275572776794434,-2.2625012397766113
16461,-3.6207454204559326,-0.587965726852417
16462,-0.22376970946788788,2.8180367946624756
16463,9.503315925598145,-1.6469372510910034
16464,1.8940483331680298,-7.5888190269470215
16465,-0.18865610659122467,-5.19652795791626
16466,-0.3876393735408783,1.205815315246582
16467,6.154520034790039,0.6727269887924194
16468,1.9298990964889526,-5.292588710784912
16469,-17.068988800048828,-16.131147384643555
16470,-9.688573837280273,-3.6605069637298584
16471,-7.849080562591553,-13.638609886169434
16472,-9.235487937927246,6.585761547088623
16473,20.00489044189453,20.666545867919922
16474,-2.8520472049713135,12.269070625305176
16475,-11.303055763244629,-2.4149725437164307
16476,0.6027718186378479,-7.229530334472656
16477,-5.95538330078125,-3.5193586349487305
16478,-0.14002804458141327,-0.19535177946090698
16479,2.439908266067505,4.317700386047363
16480,-0.37612399458885193,0.9778867959976196
16481,-11.831597328186035,-3.509262800216675
16482,9.044589042663574,5.932769775390625
16483,-12.01881217956543,-5.59173059463501
16484,1.793075680732727,-5.91831636428833
16485,-3.4368159770965576,0.9390882253646851
16486,12.26689338684082,-1.791297435760498
16487,4.305298328399658,-8.616570472717285
16488,0.12454536557197571,-9.176042556762695
16489,-9.503145217895508,-0.22657093405723572
16490,0.6556575298309326,-3.714731454849243
16491,-8.9182767868042,0.07814731448888779
16492,-4.423177242279053,-6.247453212738037
16493,13.158215522766113,-1.998722791671753
16494,-15.123862266540527,-18.677671432495117
16495,0.8708866834640503,4.400028705596924
16496,10.109082221984863,1.836500883102417
16497,-4.424871921539307,-7.344336032867432
16498,1.4786665439605713,-0.8543425798416138
16499,-6.742740631103516,-1.548585057258606
16500,-10.07434368133545,-0.35027965903282166
16501,-7.374244689941406,-1.728668212890625
16502,-3.340765953063965,10.078643798828125
16503,0.005891468375921249,-2.720937490463257
16504,-8.847326278686523,-0.2587037980556488
16505,2.1949100494384766,-0.03713548183441162
16506,1.4121850728988647,-3.8166849613189697
16507,1.3724299669265747,-5.2936320304870605
16508,-21.237525939941406,-10.168875694274902
16509,-15.607772827148438,-16.82134437561035
16510,5.6177449226379395,28.62432861328125
16511,0.508400559425354,-1.354903221130371
16512,1.6738234758377075,-4.641295433044434
16513,-10.053055763244629,-1.6481857299804688
16514,-1.367385983467102,8.692916870117188
16515,-0.4749933183193207,0.8358771800994873
16516,-6.8297576904296875,-5.485276699066162
16517,4.971131324768066,-9.20546817779541
16518,12.577985763549805,6.136537075042725
16519,4.5396294593811035,11.415261268615723
16520,1.2783398628234863,-9.468345642089844
16521,-0.10348284244537354,-0.798839271068573
16522,-19.300872802734375,-6.596794605255127
16523,-7.170083522796631,4.013547897338867
16524,-6.455076694488525,-11.946660995483398
16525,-2.5219879150390625,-3.140949249267578
16526,-2.8881630897521973,-1.8590524196624756
16527,1.5601171255111694,-4.228076457977295
16528,14.757867813110352,9.658949851989746
16529,-5.114496231079102,1.3657145500183105
16530,0.0177091546356678,8.568355560302734
16531,-5.522266387939453,-0.3181804120540619
16532,14.20362663269043,9.70480728149414
16533,13.990287780761719,9.759243965148926
16534,-0.4326361119747162,15.453106880187988
16535,20.62630271911621,16.333721160888672
16536,8.919412612915039,-0.9140782356262207
16537,-6.828437805175781,-4.772175312042236
16538,-9.052059173583984,0.4489717483520508
16539,-6.892791748046875,-3.2675511837005615
16540,0.7836272716522217,-0.04415621608495712
16541,3.8065924644470215,-9.032301902770996
16542,-2.5522170066833496,-4.993301868438721
16543,-9.374655723571777,0.1889297068119049
16544,-9.72501277923584,2.8353965282440186
16545,23.621448516845703,31.506725311279297
16546,-3.0538458824157715,2.3294787406921387
16547,-9.355427742004395,1.8217074871063232
16548,-2.484517812728882,0.4261137843132019
16549,10.435633659362793,-0.4836603105068207
16550,-11.41219711303711,4.1132378578186035
16551,9.730253219604492,-0.6702145338058472
16552,5.4163498878479,3.019003391265869
16553,4.517125129699707,-10.10224437713623
16554,2.696667194366455,-6.645359992980957
16555,-1.821731448173523,-9.91677188873291
16556,-18.32543182373047,-8.444684028625488
16557,3.370657205581665,-8.48874568939209
16558,-8.199369430541992,-13.119282722473145
16559,10.729135513305664,-0.6340420246124268
16560,-22.404739379882812,-21.09331512451172
16561,0.8872079253196716,-2.761495351791382
16562,8.969422340393066,-1.1292762756347656
16563,3.4929375648498535,-8.55837345123291
16564,4.737410068511963,-8.423792839050293
16565,-6.962668418884277,8.649234771728516
16566,4.603969573974609,-9.943009376525879
16567,-7.079863548278809,1.9894132614135742
16568,10.534343719482422,-0.8514056205749512
16569,19.317535400390625,17.665157318115234
16570,-12.210999488830566,-17.48402976989746
16571,1.9845877885818481,2.686915397644043
16572,-7.95933723449707,-3.0885725021362305
16573,13.032570838928223,-2.589942455291748
16574,-22.498943328857422,-20.648576736450195
16575,-3.015758991241455,0.49517324566841125
16576,0.854600727558136,-8.314274787902832
16577,2.0176610946655273,-5.777700901031494
16578,8.383916854858398,19.303686141967773
16579,7.2326788902282715,-7.145756721496582
16580,-20.77285385131836,-16.492544174194336
16581,-10.149049758911133,-14.898240089416504
16582,1.282091498374939,-4.4968647956848145
16583,-5.391374588012695,1.1204569339752197
16584,-8.363234519958496,-4.871288776397705
16585,-21.030677795410156,-21.207441329956055
16586,2.0428237915039062,17.911787033081055
16587,-0.10203321278095245,-0.5610126256942749
16588,1.2069424390792847,-3.6526565551757812
16589,9.445987701416016,16.263225555419922
16590,-0.2148292511701584,0.8723405599594116
16591,0.5252454280853271,0.18787500262260437
16592,0.9779531955718994,0.9456995129585266
16593,12.143462181091309,-5.128314018249512
16594,-8.414714813232422,-11.62297534942627
16595,-0.24246029555797577,1.9451264142990112
16596,13.374028205871582,8.746870994567871
16597,-4.089377403259277,-3.7672696113586426
16598,11.19895076751709,0.2980695068836212
16599,6.764974594116211,1.4349377155303955
16600,0.8115146160125732,-5.941534519195557
16601,-2.790884494781494,10.313140869140625
16602,13.526063919067383,14.610682487487793
16603,-10.160914421081543,-1.6431283950805664
16604,5.216479301452637,0.27747848629951477
16605,4.7259321212768555,3.296098232269287
16606,16.860105514526367,15.274262428283691
16607,6.807268142700195,28.135583877563477
16608,-8.351645469665527,-2.7142834663391113
16609,2.223909616470337,-3.6359331607818604
16610,-1.5409611463546753,-7.164405345916748
16611,-8.835833549499512,0.019611619412899017
16612,-8.194157600402832,-5.132543563842773
16613,21.79930305480957,24.982784271240234
16614,12.28576374053955,0.326170951128006
16615,-0.12056739628314972,0.9846353530883789
16616,0.9419527649879456,-5.084827423095703
16617,2.513428211212158,-5.461897373199463
16618,-1.176032543182373,-7.95742654800415
16619,15.451773643493652,9.09031867980957
16620,-25.214313507080078,-13.476739883422852
16621,0.7309352159500122,11.989832878112793
16622,6.0501813888549805,19.297252655029297
16623,-10.249259948730469,-2.553697109222412
16624,-7.575870513916016,4.953990459442139
16625,-6.919297218322754,-1.2616257667541504
16626,-5.407828330993652,6.379633903503418
16627,1.698309302330017,-3.44296932220459
16628,2.183441638946533,-2.442028045654297
16629,13.903359413146973,7.864831924438477
16630,0.04229043796658516,-6.213057518005371
16631,-1.3022284507751465,8.690135955810547
16632,1.4547127485275269,-4.609231472015381
16633,-5.663516998291016,0.5580587387084961
16634,-4.626455307006836,2.6968905925750732
16635,-3.314539670944214,-1.9120057821273804
16636,-16.016427993774414,-4.734796524047852
16637,-2.4832334518432617,-3.149970769882202
16638,-1.45183265209198,-1.8885778188705444
16639,1.4290682077407837,-5.648815155029297
16640,1.196065068244934,-4.188325881958008
16641,-12.502047538757324,-0.9833546876907349
16642,3.291081428527832,15.465703010559082
16643,3.4022183418273926,-3.1444802284240723
16644,-9.214393615722656,-1.852294683456421
16645,-13.154766082763672,-3.978607416152954
16646,-7.558985710144043,3.9163708686828613
16647,3.1519103050231934,-4.984090328216553
16648,-2.0869357585906982,4.574997425079346
16649,10.762763023376465,1.7927727699279785
16650,-13.71764087677002,-3.6900601387023926
16651,2.5057787895202637,-1.7105685472488403
16652,12.137763977050781,3.0860884189605713
16653,-9.298638343811035,-1.9426958560943604
16654,18.642242431640625,13.721933364868164
16655,-10.929577827453613,7.9910054206848145
16656,21.292858123779297,15.747761726379395
16657,-16.53441047668457,-17.89548110961914
16658,16.370885848999023,9.07595157623291
16659,-1.850098729133606,9.097302436828613
16660,-3.279831886291504,1.5221052169799805
16661,17.017005920410156,11.066214561462402
16662,-13.947132110595703,-8.070963859558105
16663,11.89224910736084,0.0335550531744957
16664,16.707597732543945,14.022997856140137
16665,3.43377423286438,-7.542550563812256
16666,-8.419390678405762,1.4996743202209473
16667,-9.609816551208496,9.910256385803223
16668,-0.25339028239250183,-2.2258777618408203
16669,4.44648551940918,24.131877899169922
16670,2.683466911315918,-5.336064338684082
16671,21.912490844726562,25.59125328063965
16672,-8.566102027893066,-1.4988796710968018
16673,0.19702716171741486,-5.956414699554443
16674,0.3323633372783661,-5.931938648223877
16675,-2.6182873249053955,-4.590084552764893
16676,-1.3965548276901245,2.4409637451171875
16677,1.7462692260742188,-3.128629684448242
16678,19.78516387939453,19.769441604614258
16679,-19.065994262695312,-20.705106735229492
16680,1.782213568687439,-10.847500801086426
16681,5.2694525718688965,-4.905824184417725
16682,10.563374519348145,5.161369323730469
16683,-17.84145164489746,-21.14936637878418
16684,2.589893341064453,-1.209648847579956
16685,9.5801420211792,-1.1827423572540283
16686,1.6685301065444946,-6.226015567779541
16687,-8.12352466583252,5.491912364959717
16688,0.3105929493904114,0.5690569877624512
16689,-2.817974090576172,-4.632583141326904
16690,-23.1981201171875,-11.42830753326416
16691,-5.970223426818848,1.627418875694275
16692,-8.082911491394043,-6.731479167938232
16693,1.9036707878112793,-1.473248839378357
16694,-27.159257888793945,-22.278379440307617
16695,17.20146942138672,13.191137313842773
16696,-0.4125186502933502,-0.3222266137599945
16697,-1.5064404010772705,1.2663832902908325
16698,-1.8114382028579712,1.8470559120178223
16699,-4.943726062774658,0.7433927655220032
16700,1.2075551748275757,6.942475318908691
16701,-8.470766067504883,-3.6576390266418457
16702,-0.541750431060791,-3.9126534461975098
16703,-11.323906898498535,0.0635540708899498
16704,9.020071029663086,-0.9814995527267456
16705,-19.673725128173828,-18.55493927001953
16706,2.784212350845337,-8.678191184997559
16707,7.373081684112549,-6.09387731552124
16708,-8.636862754821777,-3.5877902507781982
16709,-24.679656982421875,-9.986800193786621
16710,-0.985207200050354,-2.012716293334961
16711,-6.9063262939453125,-4.736982345581055
16712,16.61203956604004,10.67468547821045
16713,6.638222694396973,25.4974308013916
16714,8.98857593536377,5.766157150268555
16715,1.0593103170394897,-7.786872386932373
16716,14.76787281036377,10.772449493408203
16717,1.546953797340393,-5.369598865509033
16718,-2.452155590057373,-4.456425189971924
16719,13.402167320251465,7.612886905670166
16720,-0.07238627970218658,2.250856637954712
16721,-4.766419410705566,-3.849034070968628
16722,-7.688925743103027,3.3462133407592773
16723,-1.7361963987350464,0.13779541850090027
16724,-1.1786022186279297,8.988171577453613
16725,-0.5145858526229858,0.7322337627410889
16726,-0.7592074871063232,-1.3317248821258545
16727,0.05296424403786659,-0.32996949553489685
16728,16.84203338623047,12.069565773010254
16729,1.0100979804992676,-7.218990802764893
16730,-9.489264488220215,-0.8515779972076416
16731,2.601144790649414,-8.26123332977295
16732,6.482780456542969,5.565563678741455
16733,6.87893533706665,-1.690575361251831
16734,9.109396934509277,-0.3243043124675751
16735,-0.2507680356502533,1.3609048128128052
16736,-10.496354103088379,-8.137679100036621
16737,0.9666062593460083,-3.0967516899108887
16738,6.433279037475586,-0.8981969356536865
16739,9.914506912231445,-0.11005160957574844
16740,3.367657423019409,-2.565387010574341
16741,5.8962082862854,4.043391227722168
16742,-2.3363609313964844,0.596455991268158
16743,6.519044876098633,6.440561771392822
16744,-22.86684799194336,-17.672454833984375
16745,-14.4423246383667,-2.3207783699035645
16746,6.134361743927002,-1.2319114208221436
16747,1.9098278284072876,-6.359928607940674
16748,5.239067077636719,3.9074018001556396
16749,6.817142009735107,-2.5277061462402344
16750,1.2331539392471313,-2.5141777992248535
16751,-4.909698486328125,6.312327861785889
16752,2.0652379989624023,15.160334587097168
16753,2.2199130058288574,-3.756045341491699
16754,-7.498096942901611,-5.66508150100708
16755,6.762910842895508,6.095675945281982
16756,-1.509255290031433,2.275352954864502
16757,1.8340027332305908,-4.7173542976379395
16758,9.17370319366455,-1.290231704711914
16759,8.437045097351074,7.335002422332764
16760,-0.2135937660932541,-1.7556238174438477
16761,1.956105351448059,-4.240339756011963
16762,-12.259020805358887,-15.121800422668457
16763,-4.593990325927734,-7.592386722564697
16764,1.1692239046096802,-4.385923385620117
16765,2.456050157546997,0.6483429670333862
16766,-7.373195648193359,-5.915523052215576
16767,1.5665494203567505,-7.090246677398682
16768,1.59489905834198,-2.4194207191467285
16769,-10.125151634216309,3.3572885990142822
16770,10.544256210327148,9.858372688293457
16771,-8.957049369812012,-0.012454010546207428
16772,-13.56871509552002,-3.241189479827881
16773,6.113490104675293,-2.668917179107666
16774,3.5364878177642822,19.21906852722168
16775,1.1201282739639282,-5.978168964385986
16776,0.5834245681762695,-2.1285622119903564
16777,-1.6649807691574097,9.044682502746582
16778,-0.3670322299003601,-1.9165565967559814
16779,-25.54845428466797,-13.564153671264648
16780,-0.03954204544425011,-0.5356879234313965
16781,-9.062235832214355,-0.695349931716919
16782,9.909269332885742,16.263662338256836
16783,10.413687705993652,0.19050100445747375
16784,2.259699821472168,9.871596336364746
16785,-0.17088107764720917,1.9475266933441162
16786,7.025702953338623,-4.2248311042785645
16787,-11.279162406921387,-14.289569854736328
16788,0.22932618856430054,-4.437877178192139
16789,-8.268872261047363,-2.1921024322509766
16790,12.440999984741211,0.05826570838689804
16791,0.513170599937439,0.6510486602783203
16792,-8.503280639648438,1.8127106428146362
16793,8.302106857299805,-1.5328254699707031
16794,9.916934967041016,1.1449337005615234
16795,-24.614465713500977,-20.230976104736328
16796,-3.7650046348571777,-5.485632419586182
16797,3.506396770477295,17.806238174438477
16798,-7.558456897735596,3.1125564575195312
16799,-5.313747882843018,-3.955936908721924
16800,-10.1094388961792,4.407900333404541
16801,-2.611334800720215,2.831277847290039
16802,1.9655143022537231,-7.981082916259766
16803,6.9777069091796875,-0.2093634307384491
16804,-18.00720977783203,-19.367109298706055
16805,2.0341379642486572,-8.406983375549316
16806,-5.7603559494018555,-13.093194007873535
16807,-4.79074764251709,-6.887539386749268
16808,2.7150051593780518,-5.817540168762207
16809,-5.20374870300293,-7.305998802185059
16810,3.022223949432373,-4.505363941192627
16811,-8.480267524719238,-0.6851739883422852
16812,19.663461685180664,14.173779487609863
16813,-5.202843189239502,13.345508575439453
16814,19.723575592041016,19.06902503967285
16815,7.443614959716797,-7.637466907501221
16816,-14.7157564163208,-15.65323543548584
16817,5.162670135498047,5.354231357574463
16818,7.114812850952148,5.724771976470947
16819,-19.777482986450195,-19.394460678100586
16820,-1.0680402517318726,-9.717865943908691
16821,6.519866943359375,-1.804083228111267
16822,16.83429718017578,10.814101219177246
16823,-3.979611396789551,3.8833165168762207
16824,6.624642372131348,-0.7521872520446777
16825,4.551766395568848,18.49660301208496
16826,-22.140705108642578,-8.75283145904541
16827,-5.985011100769043,-9.239984512329102
16828,-6.832433223724365,-8.456225395202637
16829,16.995437622070312,12.074061393737793
16830,5.643622398376465,-9.393532752990723
16831,-8.624613761901855,8.480969429016113
16832,-7.797313690185547,-2.428152084350586
16833,18.610254287719727,13.51712703704834
16834,3.782095432281494,15.119772911071777
16835,-17.680259704589844,-8.07759952545166
16836,-0.6521764993667603,-2.8034636974334717
16837,-4.4536848068237305,-4.81838321685791
16838,11.671704292297363,20.383039474487305
16839,2.2807605266571045,-4.360574245452881
16840,-6.201995849609375,1.420278549194336
16841,-6.1864423751831055,1.112920880317688
16842,-26.47191619873047,-20.209218978881836
16843,-7.256549835205078,-5.942721366882324
16844,14.673324584960938,9.858818054199219
16845,-2.9123194217681885,-4.947021961212158
16846,0.2479904592037201,-1.183763861656189
16847,-9.661764144897461,3.5661227703094482
16848,12.09931755065918,7.239034175872803
16849,7.540004730224609,-0.2905065715312958
16850,-0.080964595079422,0.5820602178573608
16851,0.02312912419438362,-2.090129852294922
16852,0.48644158244132996,-6.714262008666992
16853,6.253156661987305,-0.7384155988693237
16854,9.360984802246094,-0.6820027828216553
16855,-0.8153140544891357,7.719949245452881
16856,7.5338640213012695,-3.466153621673584
16857,-9.644416809082031,4.227683067321777
16858,-3.7251553535461426,-2.2013511657714844
16859,7.767978668212891,6.743546009063721
16860,15.806897163391113,10.608656883239746
16861,0.4915686249732971,-5.486185550689697
16862,-14.335886001586914,-3.6932718753814697
16863,-0.19081713259220123,-0.03605557233095169
16864,16.923748016357422,10.553109169006348
16865,6.430681228637695,19.280292510986328
16866,10.619413375854492,0.13142326474189758
16867,1.4987534284591675,11.862584114074707
16868,-9.138134002685547,-1.5883738994598389
16869,-5.992824077606201,9.865184783935547
16870,-4.005712032318115,10.04250431060791
16871,7.454572677612305,-1.4950441122055054
16872,-7.2542266845703125,7.357922077178955
16873,-8.237906455993652,6.389515399932861
16874,-2.0275487899780273,2.357809543609619
16875,1.2414108514785767,-4.454413414001465
16876,-6.017965793609619,-2.114419460296631
16877,6.371946334838867,4.381729602813721
16878,-11.591081619262695,6.570803642272949
16879,3.489478588104248,-7.614142417907715
16880,2.1458168029785156,-4.939927101135254
16881,-0.5898971557617188,-5.580332279205322
16882,18.69681167602539,19.582609176635742
16883,15.510405540466309,9.78068733215332
16884,-9.92383098602295,-6.869077205657959
16885,3.3702166080474854,-7.262059688568115
16886,2.347993850708008,3.407219409942627
16887,-15.190180778503418,-15.744093894958496
16888,11.199284553527832,6.10453462600708
16889,-11.06044864654541,-3.4866113662719727
16890,-6.787901878356934,-11.70726490020752
16891,-11.545577049255371,-15.015851020812988
16892,8.25070858001709,4.174323558807373
16893,-13.14794921875,-10.774704933166504
16894,8.52805233001709,28.673189163208008
16895,-14.160360336303711,-11.691156387329102
16896,-3.7711181640625,-1.7699189186096191
16897,-7.274862766265869,-2.783212184906006
16898,1.223924160003662,-2.330507278442383
16899,2.7504184246063232,9.739832878112793
16900,-7.45903205871582,-2.9799976348876953
16901,-12.515649795532227,-4.884347915649414
16902,0.5505774617195129,0.10190489143133163
16903,5.096502304077148,-6.569238185882568
16904,9.623089790344238,-2.2094364166259766
16905,8.680716514587402,5.445613861083984
16906,2.41105580329895,-6.4542412757873535
16907,19.065349578857422,26.09752082824707
16908,0.771456241607666,-1.9289458990097046
16909,11.60598373413086,8.496606826782227
16910,2.572437286376953,-5.3286824226379395
16911,-3.1099302768707275,10.911751747131348
16912,-0.03234028443694115,0.022533446550369263
16913,7.028681755065918,10.953664779663086
16914,-6.379803657531738,-9.086133003234863
16915,-7.399445533752441,-3.7044262886047363
16916,-3.7476181983947754,-1.6470141410827637
16917,0.33560505509376526,2.528050422668457
16918,0.5133129358291626,-1.0171445608139038
16919,-1.7925543785095215,8.422203063964844
16920,-1.2850698232650757,1.1204347610473633
16921,-2.780428886413574,-6.861159801483154
16922,8.170868873596191,-1.7374151945114136
16923,-12.810964584350586,-9.11589241027832
16924,1.4299527406692505,-4.496426105499268
16925,0.10434849560260773,6.459761142730713
16926,1.1019092798233032,2.6260104179382324
16927,0.5133267641067505,-0.2628227472305298
16928,0.5222393274307251,-4.757806777954102
16929,-8.381791114807129,-2.80755877494812
16930,-3.0684714317321777,-2.2624008655548096
16931,6.848908424377441,-1.1432405710220337
16932,-10.0862455368042,0.09290864318609238
16933,-17.30068016052246,-20.712182998657227
16934,-2.931673288345337,-6.873018264770508
16935,-5.639125823974609,1.1828129291534424
16936,12.103031158447266,3.426936149597168
16937,0.9208439588546753,0.9587070941925049
16938,-6.661298751831055,1.3855741024017334
16939,8.805466651916504,0.9502522945404053
16940,-0.4096006453037262,0.920781672000885
16941,8.197206497192383,1.4060125350952148
16942,0.6336158514022827,-0.2872827351093292
16943,-15.209429740905762,-10.712200164794922
16944,1.6600759029388428,-3.7146482467651367
16945,1.1715219020843506,-9.09157943725586
16946,8.101990699768066,-2.398261547088623
16947,-9.446439743041992,0.07590886205434799
16948,-5.388937950134277,-2.1112070083618164
16949,1.885245442390442,-3.0070204734802246
16950,-6.309035301208496,-4.524008750915527
16951,12.835328102111816,-1.050408124923706
16952,-12.13377857208252,4.944926738739014
16953,-9.717822074890137,3.2400131225585938
16954,9.917250633239746,27.0881404876709
16955,18.907522201538086,20.506534576416016
16956,3.1439075469970703,-6.324734687805176
16957,8.057162284851074,6.53328275680542
16958,-9.202013969421387,-5.480284214019775
16959,-0.45596054196357727,2.449979782104492
16960,2.029228925704956,-2.1518213748931885
16961,-9.109959602355957,2.405257225036621
16962,-16.85590934753418,-5.5889811515808105
16963,-12.765860557556152,-1.1605126857757568
16964,1.372710108757019,-4.491358280181885
16965,-6.408967018127441,2.0647623538970947
16966,-9.541427612304688,-5.363869667053223
16967,-12.793048858642578,-4.2653679847717285
16968,-3.373748302459717,3.7296793460845947
16969,-15.77422046661377,-17.951520919799805
16970,7.881654262542725,6.5710625648498535
16971,1.7539302110671997,7.524304389953613
16972,-0.23993782699108124,-0.5503387451171875
16973,10.738055229187012,-2.5388240814208984
16974,-5.0338029861450195,-2.01399827003479
16975,1.636877179145813,15.289763450622559
16976,0.24376051127910614,-0.7580259442329407
16977,9.244104385375977,23.430070877075195
16978,11.937495231628418,3.936636209487915
16979,-0.29494747519493103,-0.02235398441553116
16980,14.044615745544434,8.087737083435059
16981,15.866720199584961,12.340487480163574
16982,-0.34282973408699036,2.1258223056793213
16983,-1.0311596393585205,-4.502457618713379
16984,8.61162281036377,-1.238218069076538
16985,0.6923280954360962,-3.0053293704986572
16986,-21.6961669921875,-20.755916595458984
16987,-7.287086486816406,-1.6974728107452393
16988,17.496984481811523,9.88087272644043
16989,11.05103874206543,-1.140830636024475
16990,-0.0629115104675293,0.24644550681114197
16991,-5.17945671081543,2.6403932571411133
16992,17.280813217163086,12.825160026550293
16993,-1.6773310899734497,-4.5065598487854
16994,3.786113739013672,4.02496337890625
16995,1.0918521881103516,-5.158819675445557
16996,-5.323342323303223,-3.4009711742401123
16997,-10.254467010498047,0.6294270753860474
16998,4.595821380615234,-3.6192288398742676
16999,-0.22328726947307587,0.3334861099720001
17000,-1.7089568376541138,-3.8707759380340576
17001,0.2718467712402344,-1.7496243715286255
17002,7.180237770080566,6.081140041351318
17003,-6.551295280456543,-6.326420307159424
17004,0.058751482516527176,-6.343547344207764
17005,-10.527169227600098,-2.2804059982299805
17006,-18.172359466552734,-7.552432537078857
17007,0.521477460861206,1.6032425165176392
17008,9.954171180725098,-0.6752867698669434
17009,5.370143890380859,-3.6753454208374023
17010,2.4861583709716797,4.284397602081299
17011,-5.565188407897949,1.9792749881744385
17012,-0.059190575033426285,1.2046270370483398
17013,-1.4213906526565552,-1.0604708194732666
17014,1.3640722036361694,-1.959216833114624
17015,-7.026906967163086,-3.3471384048461914
17016,-1.3533238172531128,-1.1489086151123047
17017,-6.262640953063965,8.61125373840332
17018,0.8229660987854004,-0.979988694190979
17019,17.954313278198242,13.658855438232422
17020,20.30483627319336,23.750459671020508
17021,-11.347578048706055,-11.817277908325195
17022,-19.682510375976562,-6.162850856781006
17023,4.724181652069092,8.780098915100098
17024,0.2594965100288391,-2.772538900375366
17025,-7.953157424926758,2.697876453399658
17026,1.2963674068450928,-6.152807235717773
17027,1.9991512298583984,-8.346382141113281
17028,-0.2148151844739914,2.880751371383667
17029,3.4783663749694824,-9.203520774841309
17030,-3.9531426429748535,-8.063454627990723
17031,0.6921171545982361,-0.446492999792099
17032,-10.112822532653809,-8.499523162841797
17033,0.8620392084121704,-4.918538570404053
17034,-25.216636657714844,-11.304445266723633
17035,3.9890871047973633,6.210883617401123
17036,3.8744630813598633,-0.34682318568229675
17037,-0.45739123225212097,0.6428266763687134
17038,-0.22295014560222626,2.68082332611084
17039,0.3447118103504181,-2.1988525390625
17040,-7.487917900085449,3.282458782196045
17041,0.4058191478252411,-0.3174540400505066
17042,7.7048773765563965,-1.1469908952713013
17043,13.819367408752441,6.595467567443848
17044,-11.803189277648926,-8.780649185180664
17045,-3.6491646766662598,0.6758484244346619
17046,0.049759555608034134,-6.604203224182129
17047,-11.917960166931152,-9.216675758361816
17048,-10.773645401000977,-3.47021222114563
17049,-2.847339630126953,0.40123412013053894
17050,13.495203971862793,-1.8259358406066895
17051,1.886297583580017,-5.350827217102051
17052,12.219986915588379,3.0991055965423584
17053,-9.283474922180176,-2.4026293754577637
17054,-2.2658627033233643,-5.109134197235107
17055,-3.442193031311035,3.9644899368286133
17056,-11.022595405578613,-9.759326934814453
17057,1.3601142168045044,-4.232975482940674
17058,-2.7842774391174316,-2.9045655727386475
17059,-9.70373821258545,-0.5616219639778137
17060,4.646162986755371,-3.6538166999816895
17061,-10.030181884765625,-10.358702659606934
17062,-16.81182289123535,-5.677317142486572
17063,-7.853129863739014,4.806110382080078
17064,-6.281482219696045,-10.328887939453125
17065,-21.466793060302734,-7.495469093322754
17066,-4.193119525909424,-8.139697074890137
17067,0.5488853454589844,-1.6706311702728271
17068,-1.4872907400131226,9.25883960723877
17069,4.088161945343018,-1.4588770866394043
17070,-8.589245796203613,-2.005460023880005
17071,-3.0259766578674316,0.8864045739173889
17072,1.1825939416885376,-5.857750415802002
17073,7.7730536460876465,-1.0094784498214722
17074,-8.897320747375488,0.9667350053787231
17075,1.236956000328064,-3.799377202987671
17076,-1.8027215003967285,-0.27641788125038147
17077,1.5998096466064453,-3.794172763824463
17078,-7.559517860412598,6.392274379730225
17079,1.864827275276184,-2.9729115962982178
17080,-5.999316692352295,-2.167912006378174
17081,-12.911067008972168,-18.686391830444336
17082,-10.972090721130371,-10.474471092224121
17083,-8.499133110046387,-1.1923832893371582
17084,1.3144513368606567,-1.7624940872192383
17085,1.6990488767623901,-2.2113218307495117
17086,0.4573894441127777,-7.700779914855957
17087,1.3546382188796997,-5.2804694175720215
17088,0.9080209732055664,-1.868657112121582
17089,-9.409008979797363,2.5282442569732666
17090,0.21115826070308685,0.030326388776302338
17091,7.3382415771484375,-5.93812894821167
17092,7.300395488739014,-2.0856375694274902
17093,-1.076290488243103,-1.8279606103897095
17094,16.732372283935547,15.148252487182617
17095,1.1023585796356201,-4.445108890533447
17096,-3.655865430831909,3.2770934104919434
17097,4.458451271057129,-2.4255850315093994
17098,-21.83083724975586,-20.474090576171875
17099,-8.823003768920898,-3.0924339294433594
17100,-12.922204971313477,-1.5615615844726562
17101,-5.065993785858154,9.494522094726562
17102,-15.203489303588867,-5.256372928619385
17103,14.911709785461426,10.466293334960938
17104,1.4946845769882202,-3.463256359100342
17105,-2.267768621444702,5.046227931976318
17106,8.577126502990723,7.198763370513916
17107,0.09244860708713531,7.508394718170166
17108,-5.5422749519348145,-4.175590991973877
17109,-8.25589656829834,-4.026352882385254
17110,9.554104804992676,-1.0251904726028442
17111,-5.477339744567871,-1.9479511976242065
17112,-0.26475653052330017,-1.4048622846603394
17113,4.693536281585693,-8.487228393554688
17114,-10.112130165100098,-6.352602958679199
17115,-0.357605516910553,-4.151186466217041
17116,4.034270286560059,6.127137660980225
17117,-1.60367751121521,0.0203469917178154
17118,-13.767373085021973,2.110504388809204
17119,-4.67369270324707,-0.23753252625465393
17120,-6.7790398597717285,1.8999123573303223
17121,-23.81751251220703,-10.876025199890137
17122,-7.301415920257568,6.656158447265625
17123,11.36579418182373,2.8073792457580566
17124,0.19502656161785126,2.0418460369110107
17125,-3.7225632667541504,-4.705465793609619
17126,-17.572921752929688,-16.71062469482422
17127,-9.129395484924316,2.3550236225128174
17128,-9.870997428894043,3.684804916381836
17129,0.3274786174297333,-1.654869556427002
17130,0.4345909655094147,-3.111846923828125
17131,-6.026620864868164,-2.566575527191162
17132,-12.433161735534668,6.323084354400635
17133,-0.9152008295059204,1.1108027696609497
17134,9.888651847839355,-1.6201621294021606
17135,-12.603338241577148,-8.291239738464355
17136,-19.181236267089844,-16.303726196289062
17137,10.838333129882812,0.9206051826477051
17138,1.3271634578704834,-2.7705843448638916
17139,6.026476860046387,5.6335883140563965
17140,-1.555324673652649,-0.39753618836402893
17141,-11.912199020385742,-1.0593879222869873
17142,-24.725730895996094,-11.589093208312988
17143,-10.478866577148438,8.038337707519531
17144,11.076172828674316,-1.225801944732666
17145,11.83759880065918,0.40322545170783997
17146,-15.443583488464355,-18.671316146850586
17147,2.339069366455078,15.980696678161621
17148,-9.18739128112793,4.232623100280762
17149,6.5008134841918945,-5.208680152893066
17150,-1.8409619331359863,-2.0275161266326904
17151,-0.8769333362579346,-4.095572471618652
17152,-1.057106852531433,-6.3916754722595215
17153,8.411364555358887,-2.2279677391052246
17154,-1.2232255935668945,0.00517677515745163
17155,-11.78476619720459,-4.472443103790283
17156,0.5524895787239075,-0.9602795243263245
17157,4.683656692504883,-1.2535678148269653
17158,3.817167282104492,-0.6281642317771912
17159,-3.486433982849121,0.5353804230690002
17160,0.4097054600715637,-3.028003215789795
17161,9.584456443786621,-5.129893779754639
17162,7.864142417907715,6.897979259490967
17163,-0.11683467030525208,1.7655916213989258
17164,-3.8215208053588867,8.8981351852417
17165,0.40906646847724915,-0.8877123594284058
17166,-22.518680572509766,-20.00998306274414
17167,-3.922034740447998,4.413665771484375
17168,-11.59705638885498,-0.30835816264152527
17169,-0.9441558122634888,1.978865623474121
17170,-3.0598721504211426,-2.408010721206665
17171,2.7244701385498047,-4.9308600425720215
17172,-3.7833352088928223,-1.8172402381896973
17173,-1.4872452020645142,7.388838768005371
17174,1.3107613325119019,-1.8600692749023438
17175,-6.470057964324951,0.4988718330860138
17176,5.841923236846924,4.134748935699463
17177,3.309145212173462,3.4959189891815186
17178,0.6471590399742126,-1.963248372077942
17179,1.1405054330825806,10.170027732849121
17180,13.821476936340332,-1.9068694114685059
17181,2.0079712867736816,-10.595549583435059
17182,2.5104520320892334,11.706181526184082
17183,1.72840416431427,-9.599556922912598
17184,-12.013319969177246,-8.111148834228516
17185,1.6040937900543213,-3.4614062309265137
17186,-8.059477806091309,8.369322776794434
17187,-6.87990665435791,-7.522167682647705
17188,-0.35222578048706055,-5.058394908905029
17189,-4.629428386688232,-1.4933412075042725
17190,-8.148167610168457,0.46711239218711853
17191,8.84575366973877,6.572587490081787
17192,-1.2021284103393555,0.5802369117736816
17193,3.6363461017608643,22.157955169677734
17194,-5.6993818283081055,-2.057874917984009
17195,-6.95343542098999,-2.609671115875244
17196,1.9621589183807373,4.9769511222839355
17197,20.19785499572754,20.677425384521484
17198,-9.885438919067383,-16.463035583496094
17199,2.622316598892212,-6.561604976654053
17200,-0.4791325032711029,-0.07334818691015244
17201,0.7534205317497253,0.49256911873817444
17202,-0.7915582060813904,-7.397428512573242
17203,1.8710721731185913,-2.961806535720825
17204,4.171092987060547,-4.410494804382324
17205,-3.7992746829986572,3.203217029571533
17206,5.169347763061523,-3.6491317749023438
17207,12.146773338317871,8.085742950439453
17208,13.41057014465332,8.834118843078613
17209,0.21416626870632172,-2.0659985542297363
17210,-21.65054702758789,-10.384278297424316
17211,3.0538105964660645,2.934870481491089
17212,1.5348511934280396,-4.150744438171387
17213,-11.8865385055542,8.691520690917969
17214,7.167913436889648,-0.15512427687644958
17215,9.986692428588867,-0.2507152259349823
17216,-16.815759658813477,-5.5889973640441895
17217,1.9905728101730347,7.513984203338623
17218,7.467190742492676,-3.267188549041748
17219,-17.258514404296875,-8.096081733703613
17220,1.2722316980361938,-1.5126447677612305
17221,-8.787829399108887,1.2770031690597534
17222,-5.822578430175781,-0.43055281043052673
17223,-11.18099308013916,-3.019181966781616
17224,1.840295433998108,-4.0676703453063965
17225,-6.2825927734375,-2.6373965740203857
17226,-3.9728469848632812,2.7503774166107178
17227,13.051870346069336,-2.2285099029541016
17228,1.0531023740768433,-7.253714561462402
17229,-10.22779369354248,-14.353692054748535
17230,2.514150857925415,-0.5199997425079346
17231,-8.068643569946289,1.982938289642334
17232,5.598891735076904,-0.5632882118225098
17233,2.026406764984131,-3.1337246894836426
17234,-3.6499006748199463,2.8231778144836426
17235,-9.817513465881348,-1.4797050952911377
17236,8.398247718811035,-0.048319555819034576
17237,-3.3351316452026367,0.41069677472114563
17238,-0.9589138031005859,0.8689118027687073
17239,-5.270878791809082,-8.384661674499512
17240,-10.017411231994629,-2.5625009536743164
17241,4.785355567932129,-2.6316540241241455
17242,16.4943790435791,21.97257423400879
17243,-6.621429920196533,-2.382615089416504
17244,-7.476086616516113,-1.0039994716644287
17245,-1.9126287698745728,3.971714496612549
17246,1.687836766242981,-1.739591121673584
17247,18.93036460876465,37.521427154541016
17248,-7.048259258270264,-4.617229461669922
17249,2.859330177307129,18.207277297973633
17250,-11.67579174041748,-14.873430252075195
17251,5.055130958557129,3.4371232986450195
17252,-10.662145614624023,-1.6917887926101685
17253,-27.510011672973633,-21.924135208129883
17254,1.66026771068573,0.21314296126365662
17255,1.834163784980774,-2.8214921951293945
17256,6.003268718719482,0.23431339859962463
17257,-7.694387912750244,-13.974546432495117
17258,-9.223398208618164,3.8420534133911133
17259,-3.5650382041931152,-9.402994155883789
17260,-2.723529815673828,-6.632061004638672
17261,2.1926515102386475,8.134308815002441
17262,-7.043436050415039,-3.7149500846862793
17263,6.352426052093506,4.67298698425293
17264,10.105633735656738,-1.8286956548690796
17265,-0.2045293152332306,2.7342047691345215
17266,-11.092638969421387,0.7985080480575562
17267,2.6519367694854736,-6.095674991607666
17268,-8.675463676452637,2.8234617710113525
17269,1.8557524681091309,-2.975198984146118
17270,9.28217601776123,-0.6496015787124634
17271,13.208976745605469,-1.4467358589172363
17272,-25.01629638671875,-20.336095809936523
17273,11.231956481933594,-0.2293066680431366
17274,-6.129073143005371,-2.366276741027832
17275,-2.139521598815918,-1.110680341720581
17276,-21.531923294067383,-10.16105842590332
17277,-11.234604835510254,-0.47511157393455505
17278,2.5548410415649414,-5.979379653930664
17279,-4.873558044433594,-10.869355201721191
17280,1.256803035736084,-6.3013081550598145
17281,-13.297829627990723,-12.572426795959473
17282,-1.8544566631317139,-4.067169666290283
17283,18.364540100097656,13.729275703430176
17284,9.831538200378418,-1.1593821048736572
17285,4.217349052429199,-4.829160213470459
17286,-9.107799530029297,-3.3688979148864746
17287,1.5785232782363892,-6.4079203605651855
17288,-23.445751190185547,-21.840778350830078
17289,13.733798027038574,4.266674518585205
17290,-5.784379482269287,-0.4006367623806
17291,-7.947618007659912,3.0238518714904785
17292,-6.7808990478515625,-3.2709507942199707
17293,3.997729778289795,4.318604469299316
17294,0.5532862544059753,-0.9928017854690552
17295,-5.697802543640137,-6.874885559082031
17296,-8.153517723083496,-2.560786008834839
17297,9.508265495300293,0.9062380790710449
17298,-7.962806701660156,-6.305177211761475
17299,1.1405507326126099,-7.664718151092529
17300,-4.502663612365723,1.4764504432678223
17301,-7.318403720855713,-2.107260227203369
17302,0.0059764571487903595,2.527372121810913
17303,7.481560707092285,5.992542743682861
17304,6.107036590576172,-2.5496950149536133
17305,6.6506571769714355,25.66022491455078
17306,1.849744439125061,-2.9342288970947266
17307,0.10767030715942383,-3.1028733253479004
17308,10.33458137512207,-1.879237174987793
17309,-6.714791774749756,0.18669357895851135
17310,0.9935418963432312,-1.3898687362670898
17311,4.8197736740112305,16.588838577270508
17312,12.235170364379883,7.673348426818848
17313,-1.4884916543960571,-2.8047139644622803
17314,-16.041723251342773,-5.872025012969971
17315,4.489934921264648,1.3192358016967773
17316,9.530117988586426,-2.629310369491577
17317,1.9322665929794312,-3.9385170936584473
17318,7.693938255310059,5.819962024688721
17319,-5.449124336242676,-3.9924721717834473
17320,-13.218927383422852,-11.788331985473633
17321,12.008919715881348,0.18525245785713196
17322,-11.56607723236084,-9.873465538024902
17323,4.204038619995117,12.302738189697266
17324,-11.817700386047363,-5.372142791748047
17325,10.589863777160645,-0.7478828430175781
17326,2.172194480895996,-8.131702423095703
17327,-13.358626365661621,-1.8073256015777588
17328,-8.148435592651367,-10.118009567260742
17329,-9.769355773925781,7.913330554962158
17330,-0.2517058253288269,2.145198345184326
17331,-6.146310806274414,-1.4759635925292969
17332,-8.25323486328125,-13.393280982971191
17333,-11.587599754333496,-4.767404556274414
17334,-1.6511046886444092,-8.025595664978027
17335,-13.44885540008545,-1.6522433757781982
17336,-1.5855821371078491,-0.5363108515739441
17337,7.5544281005859375,1.6871572732925415
17338,-15.850269317626953,-7.094686031341553
17339,20.88372230529785,18.61813735961914
17340,6.436576843261719,-0.4483010470867157
17341,-0.1754462569952011,2.6156005859375
17342,1.5198725461959839,-1.9235361814498901
17343,-4.513666152954102,-7.8763275146484375
17344,-2.569470167160034,-5.161759853363037
17345,10.378006935119629,0.9975428581237793
17346,11.485581398010254,6.160615921020508
17347,16.599082946777344,10.325017929077148
17348,8.604349136352539,0.8940043449401855
17349,-17.931636810302734,-18.151647567749023
17350,-0.47369810938835144,1.6945643424987793
17351,-12.891555786132812,-2.9489731788635254
17352,0.048666972666978836,-7.921563148498535
17353,-5.855781555175781,-8.745275497436523
17354,0.07104036211967468,-0.4677790403366089
17355,5.25372838973999,21.720521926879883
17356,11.719758033752441,1.6650168895721436
17357,8.333605766296387,10.17971420288086
17358,0.06858350336551666,-1.8476492166519165
17359,12.212586402893066,1.1379613876342773
17360,-6.969987869262695,0.07886829227209091
17361,-10.664353370666504,-3.243892192840576
17362,8.791401863098145,-0.5245342254638672
17363,-9.962091445922852,-6.800974369049072
17364,-12.43397045135498,-0.9372000694274902
17365,1.4589028358459473,-5.053277492523193
17366,0.4379127323627472,-1.11714506149292
17367,-3.1706457138061523,6.811395168304443
17368,-10.686488151550293,-1.321152925491333
17369,12.514397621154785,19.021455764770508
17370,-11.633648872375488,10.673556327819824
17371,-7.77775764465332,-6.937893390655518
17372,0.9450997710227966,-2.9552392959594727
17373,-0.7768345475196838,1.3276278972625732
17374,3.3910677433013916,9.332427024841309
17375,7.320268630981445,6.176284313201904
17376,18.2149715423584,9.609245300292969
17377,-8.593499183654785,1.3373396396636963
17378,9.837395668029785,2.8065779209136963
17379,8.642891883850098,5.352672100067139
17380,-3.531045436859131,8.893303871154785
17381,0.16701433062553406,1.8592537641525269
17382,0.5430645942687988,6.064259052276611
17383,-4.727699279785156,-10.070053100585938
17384,-7.22370719909668,8.970480918884277
17385,1.7807642221450806,-6.124161243438721
17386,-14.791200637817383,9.125216484069824
17387,-6.098155498504639,-4.9302077293396
17388,0.5736691951751709,-1.8259458541870117
17389,-7.74444580078125,-2.229543447494507
17390,4.368556976318359,-3.078390121459961
17391,-18.463417053222656,-7.67703104019165
17392,-10.444612503051758,3.148749589920044
17393,0.2256164401769638,-5.385011196136475
17394,1.8172670602798462,16.74330711364746
17395,-0.024300839751958847,1.2038326263427734
17396,-3.7501559257507324,-8.001503944396973
17397,3.4655861854553223,-2.4572055339813232
17398,-21.997724533081055,-10.50510311126709
17399,-7.762021064758301,3.172703266143799
17400,10.82458782196045,-1.8545260429382324
17401,-3.202457904815674,-3.9100341796875
17402,1.5072287321090698,-9.231403350830078
17403,3.757842540740967,19.631948471069336
17404,9.281052589416504,8.584212303161621
17405,-13.671998977661133,-15.767898559570312
17406,5.653683662414551,3.471876621246338
17407,0.011262763291597366,-6.332897663116455
17408,-0.9979265928268433,1.3267544507980347
17409,-2.1106555461883545,2.355742931365967
17410,7.057417869567871,20.756677627563477
17411,-0.7345572710037231,0.7412664294242859
17412,-7.559211730957031,1.5415798425674438
17413,-6.4776153564453125,-2.3573720455169678
17414,-3.791287660598755,1.8135567903518677
17415,1.1182221174240112,-9.16916561126709
17416,5.839234352111816,-3.0201916694641113
17417,0.5854017734527588,0.16887667775154114
17418,-4.103935718536377,-4.010368824005127
17419,2.3762457370758057,-5.7692389488220215
17420,-0.4349387586116791,0.6300888061523438
17421,-15.644444465637207,-14.244394302368164
17422,-1.17607581615448,3.514634370803833
17423,0.5353180170059204,-8.7654390335083
17424,6.479887962341309,27.350248336791992
17425,0.2409774214029312,0.9396776556968689
17426,5.936149597167969,-1.3343868255615234
17427,-10.043869972229004,-7.344809055328369
17428,9.500514030456543,0.5879577398300171
17429,20.550113677978516,17.253681182861328
17430,1.804304599761963,-2.984368324279785
17431,-2.2011687755584717,-1.1059670448303223
17432,-8.274118423461914,1.418865442276001
17433,11.751461029052734,6.0938591957092285
17434,-3.269841432571411,-1.419406533241272
17435,1.0764797925949097,0.6211389303207397
17436,-2.656597375869751,-1.3501168489456177
17437,-6.416023254394531,2.153996706008911
17438,5.577929496765137,-8.747489929199219
17439,0.812198281288147,-4.8827805519104
17440,3.137948513031006,-8.005722045898438
17441,4.777345657348633,13.37777042388916
17442,-6.302674293518066,-2.9086079597473145
17443,-20.75289535522461,-19.635168075561523
17444,1.6517161130905151,-8.985773086547852
17445,10.569558143615723,4.6116461753845215
17446,-2.188737392425537,0.12341614812612534
17447,-5.470384120941162,8.481956481933594
17448,8.015241622924805,-0.1918308436870575
17449,-23.89114761352539,-22.27462387084961
17450,0.2904873788356781,-5.988796234130859
17451,6.944984436035156,6.296388626098633
17452,-3.9439618587493896,9.275704383850098
17453,-13.394827842712402,-14.681999206542969
17454,11.292089462280273,3.6505446434020996
17455,4.418378829956055,1.9149715900421143
17456,4.924057960510254,3.478577136993408
17457,6.954744815826416,3.5817012786865234
17458,12.01647663116455,-0.6134359836578369
17459,-1.1453479528427124,-0.2421932816505432
17460,-7.308962345123291,-7.002465724945068
17461,-2.640082597732544,4.93829870223999
17462,6.954277038574219,-1.3610022068023682
17463,2.133537530899048,3.5255181789398193
17464,3.6581931114196777,2.564406394958496
17465,-24.042423248291016,-14.120264053344727
17466,12.210867881774902,8.181327819824219
17467,-0.24645815789699554,2.533104419708252
17468,4.669180870056152,3.961884021759033
17469,6.070457458496094,14.241186141967773
17470,-23.421035766601562,-10.408407211303711
17471,-7.06727409362793,5.696829319000244
17472,-0.13255545496940613,2.9066152572631836
17473,-9.659375190734863,-4.209883689880371
17474,8.098891258239746,7.517498016357422
17475,2.544316530227661,-2.9888572692871094
17476,-7.013288497924805,2.5039470195770264
17477,2.1613731384277344,1.837478756904602
17478,-5.897100925445557,-12.718232154846191
17479,-4.246135234832764,4.326821804046631
17480,-5.107731342315674,-12.327754974365234
17481,-27.562332153320312,-22.226198196411133
17482,13.90464973449707,9.02206039428711
17483,19.35159683227539,20.636442184448242
17484,13.201904296875,6.511014461517334
17485,-8.98291301727295,-0.0577230229973793
17486,-0.3179011642932892,2.9701552391052246
17487,1.630470871925354,-5.576111316680908
17488,0.1617206335067749,1.417149305343628
17489,1.3431566953659058,-3.459798812866211
17490,1.5924642086029053,1.4665393829345703
17491,1.0737740993499756,-1.3143589496612549
17492,-1.2552310228347778,-0.47672340273857117
17493,13.162760734558105,-1.6315348148345947
17494,3.7340283393859863,0.6051046848297119
17495,-7.0585174560546875,3.298393726348877
17496,-7.648397445678711,5.444726943969727
17497,-26.546844482421875,-21.91832160949707
17498,12.752326965332031,2.352588176727295
17499,9.662890434265137,-0.6356873512268066
17500,0.49937349557876587,-0.9581860303878784
17501,8.579314231872559,7.9418253898620605
17502,2.2054505348205566,-3.13830304145813
17503,-13.538718223571777,-17.62828826904297
17504,-0.825222909450531,2.553399085998535
17505,-6.405324935913086,-3.5450587272644043
17506,1.0230028629302979,-6.007840156555176
17507,-8.393406867980957,0.16644969582557678
17508,-9.444466590881348,-4.32829475402832
17509,-0.27704375982284546,2.3556859493255615
17510,-6.383745193481445,-1.9827051162719727
17511,-2.6547887325286865,8.610909461975098
17512,-0.7274429798126221,1.9212908744812012
17513,16.784196853637695,10.641282081604004
17514,2.391545295715332,14.55355167388916
17515,16.65801239013672,10.242945671081543
17516,10.50704574584961,1.1957277059555054
17517,-2.312014102935791,-3.1198129653930664
17518,-12.6124267578125,-0.22781774401664734
17519,-16.895511627197266,-18.0380916595459
17520,-0.8229629993438721,-1.034340262413025
17521,6.888067245483398,6.658724308013916
17522,-13.509147644042969,9.493428230285645
17523,-8.90538215637207,-0.5438244342803955
17524,1.7863259315490723,-5.428938865661621
17525,7.227807998657227,16.912038803100586
17526,2.199791669845581,-4.93404483795166
17527,4.420519828796387,14.265856742858887
17528,2.4529271125793457,-6.70436429977417
17529,-6.992501258850098,-3.521631956100464
17530,-11.610258102416992,3.912943124771118
17531,-5.922553062438965,5.239947319030762
17532,-6.816636562347412,-3.2593600749969482
17533,11.069544792175293,-0.414485901594162
17534,-10.382613182067871,3.972231388092041
17535,-0.8455497026443481,15.962578773498535
17536,11.852877616882324,0.41178467869758606
17537,3.355754852294922,-2.287386894226074
17538,9.525589942932129,0.3010154068470001
17539,3.695866107940674,19.29165267944336
17540,2.4155354499816895,-5.690199375152588
17541,-8.070691108703613,2.8578553199768066
17542,1.4428921937942505,-7.724658012390137
17543,-10.00775146484375,-2.416630744934082
17544,-0.17796431481838226,1.77010178565979
17545,-13.280638694763184,-17.968765258789062
17546,3.477379083633423,1.0859990119934082
17547,4.558198928833008,-8.12946605682373
17548,2.119297981262207,-6.7397589683532715
17549,9.085431098937988,2.9470245838165283
17550,-8.965897560119629,-11.844477653503418
17551,9.672684669494629,-2.825829029083252
17552,-9.262835502624512,2.4339802265167236
17553,-10.38612174987793,-9.848649024963379
17554,2.1050093173980713,-5.1514458656311035
17555,1.4576627016067505,-3.107423782348633
17556,-4.366128921508789,-3.4465537071228027
17557,0.2433098554611206,-5.115663051605225
17558,0.16444824635982513,-1.1921011209487915
17559,12.939496040344238,6.820052146911621
17560,3.878077983856201,-2.026242971420288
17561,1.3481923341751099,-4.372673988342285
17562,-2.1113088130950928,-1.2328088283538818
17563,-0.6018351912498474,-6.232534885406494
17564,-2.0796802043914795,3.7096939086914062
17565,5.698752403259277,-8.827062606811523
17566,-15.768061637878418,-12.4100923538208
17567,11.296765327453613,15.67658805847168
17568,1.1847089529037476,-1.6618163585662842
17569,-2.0693559646606445,6.7739362716674805
17570,4.831413269042969,17.219196319580078
17571,-7.663120746612549,2.395442008972168
17572,12.2398099899292,-1.0667723417282104
17573,-10.319873809814453,-5.254608631134033
17574,6.563912391662598,7.096626281738281
17575,8.833333969116211,25.309720993041992
17576,1.4546315670013428,-4.6247029304504395
17577,5.732922554016113,11.27954387664795
17578,-8.162741661071777,3.066396713256836
17579,-7.936032295227051,-3.436249256134033
17580,-9.947539329528809,-1.0587449073791504
17581,-7.63302755355835,0.7395153045654297
17582,2.7213475704193115,2.241008758544922
17583,-0.9976906776428223,-2.0593481063842773
17584,0.9703254699707031,-5.360611915588379
17585,12.037314414978027,3.7418556213378906
17586,1.5373033285140991,-5.076321601867676
17587,-13.06088924407959,9.026961326599121
17588,-3.5047173500061035,3.569321393966675
17589,-0.011761099100112915,-0.057959623634815216
17590,1.8701785802841187,-7.083556652069092
17591,-2.4011733531951904,6.582238674163818
17592,1.2943016290664673,-4.060352325439453
17593,16.083847045898438,7.922658443450928
17594,-2.6161746978759766,-5.048210620880127
17595,7.966762065887451,-3.2385168075561523
17596,9.910798072814941,-1.8185296058654785
17597,0.8016246557235718,-4.613179683685303
17598,-9.729934692382812,6.162308216094971
17599,-8.125384330749512,4.081800937652588
17600,1.574952483177185,-6.457955837249756
17601,-5.845931053161621,-2.1925363540649414
17602,-0.6030944585800171,0.3100067973136902
17603,-2.3372037410736084,-6.443900108337402
17604,0.7489007115364075,-2.976621627807617
17605,3.056057929992676,-0.9751609563827515
17606,1.6316733360290527,-3.0133206844329834
17607,1.3889747858047485,-4.525039196014404
17608,7.3845343589782715,-0.6243500709533691
17609,-10.867716789245605,-5.365511417388916
17610,-7.308258533477783,-2.567793607711792
17611,20.19894027709961,15.346232414245605
17612,-8.257340431213379,-1.5337190628051758
17613,9.325556755065918,13.321030616760254
17614,4.209571838378906,-2.4873366355895996
17615,-2.5561861991882324,10.96335506439209
17616,-2.514293909072876,13.717368125915527
17617,-3.928140878677368,-2.8486225605010986
17618,-9.113898277282715,0.42284634709358215
17619,-0.004974197596311569,-6.5998125076293945
17620,-6.488720893859863,-0.5885642766952515
17621,1.5023506879806519,-3.7138540744781494
17622,2.1268792152404785,8.437344551086426
17623,-0.29128044843673706,-2.580894947052002
17624,9.27966594696045,33.60310745239258
17625,-12.21280574798584,-14.066018104553223
17626,8.957706451416016,-0.3462934195995331
17627,-0.7665131092071533,1.5861012935638428
17628,5.269218444824219,22.333314895629883
17629,10.627158164978027,0.8183146715164185
17630,1.0932600498199463,-3.8822853565216064
17631,1.7640937566757202,-9.604314804077148
17632,10.722430229187012,6.397797584533691
17633,-1.4757001399993896,-2.4648492336273193
17634,8.924606323242188,-3.336935043334961
17635,-8.358712196350098,4.188686370849609
17636,-11.62657642364502,3.6853229999542236
17637,-3.6959714889526367,6.8493781089782715
17638,1.3320115804672241,-2.0227675437927246
17639,5.050239562988281,-8.36831283569336
17640,2.1712095737457275,0.40418341755867004
17641,-6.740994453430176,-2.987053394317627
17642,6.441853046417236,23.576845169067383
17643,-10.461180686950684,-0.38024625182151794
17644,13.399331092834473,8.513635635375977
17645,-0.4543980062007904,8.601677894592285
17646,5.405952453613281,4.610626220703125
17647,5.464876174926758,22.86165428161621
17648,11.828490257263184,0.09965207427740097
17649,-7.446985244750977,-14.50818157196045
17650,7.896035194396973,-0.3393063247203827
17651,-0.24123547971248627,1.9421144723892212
17652,5.9669342041015625,-3.215395212173462
17653,1.284853219985962,-8.233749389648438
17654,-8.132804870605469,-2.2829360961914062
17655,-20.687288284301758,-11.218634605407715
17656,-12.413000106811523,-9.692923545837402
17657,-14.555274963378906,-16.78103256225586
17658,-9.600790977478027,1.6854268312454224
17659,-11.483868598937988,-2.1678266525268555
17660,-4.268163681030273,-6.146056175231934
17661,6.168099403381348,-6.581401824951172
17662,4.399982452392578,-1.8377996683120728
17663,3.9289960861206055,-3.7967419624328613
17664,-7.502243995666504,0.3054657578468323
17665,-0.6209725141525269,0.003109060227870941
17666,17.05170249938965,21.92366600036621
17667,13.808740615844727,-0.4593305289745331
17668,-3.8133983612060547,-3.203054904937744
17669,-10.212702751159668,-5.172789096832275
17670,-7.065606117248535,1.1524708271026611
17671,-26.41135597229004,-11.747426986694336
17672,2.7373852729797363,-4.527322769165039
17673,17.524959564208984,11.0246000289917
17674,-7.086992263793945,2.7710516452789307
17675,-7.342174530029297,4.4398016929626465
17676,0.15889552235603333,-1.0053558349609375
17677,17.56096649169922,13.282946586608887
17678,-10.458231925964355,-7.310392379760742
17679,-13.897076606750488,-15.286670684814453
17680,0.8774195313453674,0.8189295530319214
17681,-10.62568473815918,5.342421054840088
17682,-8.53600788116455,2.852492332458496
17683,1.778972864151001,-6.745205402374268
17684,-4.362462997436523,-2.7893669605255127
17685,14.826662063598633,10.49687671661377
17686,6.77127742767334,0.7089667320251465
17687,0.3706563413143158,-0.7045873403549194
17688,-2.223402976989746,-0.38180068135261536
17689,-7.728041172027588,6.062662601470947
17690,22.016361236572266,24.13446807861328
17691,0.479557067155838,-0.670861005783081
17692,-11.820039749145508,-11.65186882019043
17693,1.586899995803833,-2.0599365234375
17694,-6.387885093688965,-0.2843247354030609
17695,4.034835338592529,-8.96461009979248
17696,7.811676025390625,6.105954170227051
17697,2.7575244903564453,15.055129051208496
17698,-7.033344268798828,2.8948495388031006
17699,6.897170066833496,-1.8927122354507446
17700,7.695362567901611,7.046319484710693
17701,-4.260494709014893,0.38563767075538635
17702,11.731986999511719,-1.894225001335144
17703,-2.6724023818969727,6.265979290008545
17704,1.325494408607483,-7.534617900848389
17705,-0.253891259431839,1.8581171035766602
17706,-17.812515258789062,-18.284650802612305
17707,6.051287651062012,-8.935760498046875
17708,1.5391322374343872,-5.051361560821533
17709,10.482279777526855,16.288667678833008
17710,13.67619800567627,11.161175727844238
17711,-13.690244674682617,-3.338919162750244
17712,4.6438446044921875,7.393172264099121
17713,2.112351417541504,-3.3425025939941406
17714,1.3092495203018188,-7.1585493087768555
17715,-1.6124544143676758,-1.4931498765945435
17716,-3.148463010787964,8.151070594787598
17717,2.2339038848876953,12.62481689453125
17718,-2.785410165786743,-3.5886447429656982
17719,3.9352641105651855,20.99973487854004
17720,0.05946292355656624,-4.336503028869629
17721,2.7062225341796875,-6.017470836639404
17722,-5.01280403137207,7.070335865020752
17723,-10.5902738571167,2.9691736698150635
17724,-5.739665985107422,-6.612411022186279
17725,0.6982945203781128,-2.2525110244750977
17726,1.200499415397644,-5.175355911254883
17727,-9.570549011230469,1.1090975999832153
17728,-14.362714767456055,-10.978439331054688
17729,1.5599015951156616,-2.7105205059051514
17730,-10.195303916931152,0.26153698563575745
17731,-0.839066743850708,0.8931574821472168
17732,2.445657730102539,-7.3297505378723145
17733,-1.3634717464447021,1.4265103340148926
17734,-2.4718589782714844,7.258337020874023
17735,-1.0083882808685303,0.9299989342689514
17736,6.535643100738525,-0.5599923133850098
17737,9.597784996032715,-2.527287006378174
17738,-13.947394371032715,-17.907060623168945
17739,-8.467093467712402,5.543605327606201
17740,-1.2457681894302368,-4.321225643157959
17741,-6.134126663208008,-8.817564964294434
17742,-0.11060437560081482,0.17856377363204956
17743,-2.2268967628479004,-5.432612419128418
17744,11.392131805419922,-0.09183595329523087
17745,-17.225500106811523,-19.369922637939453
17746,-14.310065269470215,-8.252145767211914
17747,5.3275065422058105,-1.9171103239059448
17748,-1.6426409482955933,-4.710850715637207
17749,1.3373109102249146,-3.6799378395080566
17750,6.744355201721191,5.765699863433838
17751,-15.541789054870605,8.098064422607422
17752,-14.4301118850708,1.6014049053192139
17753,2.118656873703003,-0.22094547748565674
17754,9.313690185546875,-0.5562994480133057
17755,0.8113055229187012,-4.570733070373535
17756,1.6831291913986206,4.69916296005249
17757,13.806406021118164,5.918863296508789
17758,-7.327218055725098,-2.31571888923645
17759,-2.8392181396484375,8.368016242980957
17760,0.4143422842025757,0.1455470323562622
17761,-6.887615203857422,2.460310935974121
17762,-10.645617485046387,5.033703327178955
17763,-23.985431671142578,-19.47172737121582
17764,-11.723326683044434,-10.424287796020508
17765,4.927964687347412,-8.790643692016602
17766,-6.099168300628662,-11.162407875061035
17767,0.46820947527885437,-7.034204483032227
17768,8.097711563110352,0.44190600514411926
17769,-11.044358253479004,0.6597113609313965
17770,-16.129535675048828,-20.225522994995117
17771,-4.178961753845215,-1.386413812637329
17772,7.464123725891113,-3.0247437953948975
17773,-3.852755069732666,0.11466088145971298
17774,4.042407512664795,19.436744689941406
17775,5.1937360763549805,2.948884963989258
17776,5.312873840332031,-1.1099847555160522
17777,2.7907986640930176,-4.59050178527832
17778,1.9570380449295044,-5.943853855133057
17779,-5.250438690185547,1.3640341758728027
17780,-2.5839951038360596,-3.93593692779541
17781,5.259636402130127,16.51421356201172
17782,-5.758892059326172,-9.83872127532959
17783,1.8031795024871826,-6.91448974609375
17784,-8.386520385742188,-2.6276040077209473
17785,-0.22529451549053192,1.7297388315200806
17786,2.152740955352783,15.909123420715332
17787,5.511518955230713,-7.628296852111816
17788,-0.22820450365543365,1.7098294496536255
17789,3.479567527770996,5.460535049438477
17790,0.1484259068965912,-4.472707271575928
17791,-1.198374629020691,1.2706912755966187
17792,18.350255966186523,33.98261642456055
17793,9.8720064163208,-0.9005382061004639
17794,2.4321203231811523,18.63075065612793
17795,5.427812099456787,-0.443088561296463
17796,-3.1935858726501465,-1.6898233890533447
17797,0.012210670858621597,1.502042531967163
17798,-5.793210983276367,-1.8837900161743164
17799,-7.8220624923706055,-7.010399341583252
17800,-19.1036319732666,-21.4431095123291
17801,1.9985172748565674,5.165397644042969
17802,0.7071495056152344,1.4020895957946777
17803,10.682452201843262,-0.5987675189971924
17804,15.901799201965332,11.152859687805176
17805,7.384936332702637,0.17809513211250305
17806,1.4688211679458618,-5.854395866394043
17807,0.9047071933746338,-4.296143531799316
17808,6.873307228088379,6.359238147735596
17809,-13.073472023010254,-3.2139086723327637
17810,-3.4742650985717773,0.37131598591804504
17811,1.4113856554031372,-1.6379859447479248
17812,-1.8160505294799805,-4.544744491577148
17813,-1.1922873258590698,1.1181131601333618
17814,-17.89971160888672,-17.559925079345703
17815,5.118825435638428,5.8720622062683105
17816,2.4102492332458496,-7.139598369598389
17817,-1.2552862167358398,-1.396716594696045
17818,-7.951569557189941,0.6461642980575562
17819,1.5403281450271606,-4.330684661865234
17820,7.799101829528809,6.904510974884033
17821,6.1663360595703125,-0.08820603042840958
17822,0.35869118571281433,0.9378486275672913
17823,1.712717890739441,-6.205948352813721
17824,3.507051467895508,13.288067817687988
17825,-6.33181095123291,-1.1036427021026611
17826,-0.6727197766304016,-6.800553798675537
17827,-3.4933581352233887,1.505871295928955
17828,1.9259907007217407,-2.9101462364196777
17829,-6.823797225952148,3.1274781227111816
17830,13.723200798034668,0.6630189418792725
17831,-0.2510218322277069,0.9525504112243652
17832,1.848042368888855,-3.5686354637145996
17833,-10.614694595336914,10.670303344726562
17834,-4.329998970031738,-3.2890377044677734
17835,1.8433598279953003,-4.0256476402282715
17836,19.75705337524414,21.966548919677734
17837,0.486032634973526,1.5411407947540283
17838,1.5322099924087524,-4.449079513549805
17839,-8.162309646606445,0.6986565589904785
17840,-5.456002235412598,3.268948554992676
17841,1.3846756219863892,-4.169534206390381
17842,1.6982334852218628,-4.257331371307373
17843,1.4407362937927246,-4.141557693481445
17844,-11.01557731628418,-1.558513879776001
17845,4.047145843505859,-4.066843509674072
17846,-13.941659927368164,-8.411662101745605
17847,-6.687960624694824,3.2998547554016113
17848,9.254728317260742,-0.885595440864563
17849,-11.703356742858887,-5.510438919067383
17850,-8.674651145935059,-1.865540623664856
17851,7.8046112060546875,0.3684554398059845
17852,-9.443275451660156,-4.360477447509766
17853,18.570186614990234,18.677228927612305
17854,12.771727561950684,-2.4877562522888184
17855,16.408313751220703,14.35610294342041
17856,0.9214950203895569,-4.206243991851807
17857,-6.6904802322387695,-5.973021507263184
17858,9.925797462463379,0.5569162368774414
17859,2.091723680496216,-3.3853092193603516
17860,1.723685622215271,9.524223327636719
17861,-11.959029197692871,-0.7333912253379822
17862,1.7921262979507446,-5.49092960357666
17863,4.392910957336426,21.946130752563477
17864,-5.271232604980469,4.074794292449951
17865,6.332279682159424,4.342723369598389
17866,-19.973922729492188,-7.780746936798096
17867,1.4826140403747559,-6.1731367111206055
17868,0.9758156538009644,-1.4728882312774658
17869,3.5230965614318848,-8.568973541259766
17870,12.092499732971191,-2.5848231315612793
17871,-11.211392402648926,0.4567085802555084
17872,10.48023509979248,3.932973861694336
17873,-12.014952659606934,-6.494747638702393
17874,-1.1025561094284058,-0.8000499606132507
17875,12.740721702575684,6.617544651031494
17876,8.181136131286621,-1.5264841318130493
17877,-4.15238618850708,0.5142384767532349
17878,20.334144592285156,20.55198097229004
17879,10.895050048828125,-0.9422447681427002
17880,1.9384394884109497,-4.644685745239258
17881,-8.444326400756836,-2.6766161918640137
17882,-3.9730372428894043,-1.5219542980194092
17883,-13.267428398132324,-10.73273754119873
17884,-1.865964651107788,10.20922565460205
17885,9.260035514831543,6.360143184661865
17886,-10.740992546081543,-1.9289867877960205
17887,-0.006085347384214401,-3.6291937828063965
17888,5.286322116851807,-8.42573070526123
17889,1.045910120010376,8.802032470703125
17890,2.5779545307159424,20.956186294555664
17891,13.730938911437988,-2.5949630737304688
17892,-10.149308204650879,6.131598472595215
17893,9.619165420532227,-1.4205021858215332
17894,-24.074987411499023,-10.804009437561035
17895,1.777415156364441,-4.716773986816406
17896,6.585445404052734,-1.433504343032837
17897,-7.808475494384766,-0.7445060610771179
17898,1.475206971168518,-3.179572343826294
17899,-9.560931205749512,-4.85054874420166
17900,-4.053276062011719,-0.8753868341445923
17901,13.730883598327637,7.163642883300781
17902,-5.406787872314453,-4.652245044708252
17903,0.6183667182922363,1.1741843223571777
17904,-5.694277763366699,-3.062373161315918
17905,-1.328604817390442,-2.368037462234497
17906,-6.963716983795166,0.21707835793495178
17907,6.105328559875488,-8.673051834106445
17908,-8.85430908203125,-1.7510923147201538
17909,9.549420356750488,-1.1522738933563232
17910,-1.6030181646347046,8.141705513000488
17911,-6.066411972045898,-2.1329729557037354
17912,1.8464161157608032,-2.990839719772339
17913,4.1025390625,-5.7172698974609375
17914,13.640594482421875,10.839452743530273
17915,6.962954521179199,-2.3869454860687256
17916,-2.9500362873077393,10.400494575500488
17917,5.646860122680664,17.573972702026367
17918,1.0867915153503418,5.890018939971924
17919,-9.241847038269043,-3.584855079650879
17920,1.1159509420394897,-3.7862496376037598
17921,0.8080792427062988,-0.647972822189331
17922,1.541208028793335,1.1432747840881348
17923,3.143544912338257,13.518468856811523
17924,-1.7521950006484985,-4.122520446777344
17925,-3.4525980949401855,-6.359158039093018
17926,1.582750916481018,-2.41713809967041
17927,12.92371940612793,-0.3439898192882538
17928,3.167158603668213,-4.143370628356934
17929,9.228285789489746,-1.776649832725525
17930,4.19796085357666,6.017235279083252
17931,0.35811057686805725,8.635725021362305
17932,-9.549094200134277,0.5691941976547241
17933,1.2083152532577515,-5.838714122772217
17934,-5.4552106857299805,6.321516513824463
17935,-6.508875846862793,1.84098482131958
17936,7.187209129333496,-1.3545103073120117
17937,1.514981746673584,-1.4921091794967651
17938,-0.9589303731918335,3.013925313949585
17939,10.726476669311523,0.2556476891040802
17940,14.940269470214844,9.457399368286133
17941,-11.138123512268066,-3.8356165885925293
17942,-0.997796893119812,11.986674308776855
17943,12.780669212341309,10.187596321105957
17944,11.190805435180664,1.018686056137085
17945,11.681224822998047,4.499350070953369
17946,11.325661659240723,0.4272485077381134
17947,13.450275421142578,-1.8589913845062256
17948,4.534050941467285,7.768565654754639
17949,1.6575630903244019,-3.459930896759033
17950,1.596592664718628,-4.5571064949035645
17951,-1.5472179651260376,-1.655583143234253
17952,-11.034037590026855,1.3691836595535278
17953,-0.058468129485845566,2.0106096267700195
17954,3.5427074432373047,7.566868782043457
17955,12.54435920715332,13.894515037536621
17956,-3.552290678024292,11.419663429260254
17957,2.7160844802856445,-3.450680732727051
17958,5.557324409484863,-3.4011073112487793
17959,-0.06459443271160126,3.0064733028411865
17960,5.764681339263916,17.383663177490234
17961,2.4351415634155273,-5.476171016693115
17962,-2.5533180236816406,-0.35333216190338135
17963,11.980350494384766,1.9563238620758057
17964,-5.759616851806641,9.858698844909668
17965,-14.806736946105957,-16.78557777404785
17966,-12.055743217468262,-3.789985418319702
17967,0.6186707019805908,7.352637767791748
17968,8.395788192749023,5.3872389793396
17969,-0.8191914558410645,-7.514841079711914
17970,-22.198204040527344,-10.600386619567871
17971,1.4147086143493652,1.715336799621582
17972,-6.032959461212158,-3.811016798019409
17973,-9.988490104675293,-2.8356690406799316
17974,-0.39663514494895935,9.65815258026123
17975,6.500758171081543,-2.7153444290161133
17976,1.6611238718032837,-4.880105018615723
17977,5.645376682281494,-5.862803936004639
17978,13.978964805603027,7.63623571395874
17979,10.445236206054688,21.835111618041992
17980,-2.6314377784729004,0.48718979954719543
17981,2.155679702758789,-6.279841899871826
17982,16.4306583404541,10.385492324829102
17983,-1.3182306289672852,1.4561328887939453
17984,0.020506728440523148,1.0515751838684082
17985,-12.710103034973145,-9.734524726867676
17986,-8.339030265808105,2.5886969566345215
17987,-8.556296348571777,-3.0923588275909424
17988,-8.998292922973633,4.843470096588135
17989,3.0993494987487793,2.474336862564087
17990,8.004464149475098,-2.150557518005371
17991,-20.898351669311523,-17.929166793823242
17992,10.371209144592285,0.4969659149646759
17993,1.9258043766021729,-2.987844944000244
17994,-1.3954747915267944,-1.6736655235290527
17995,-5.469216823577881,0.7284696102142334
17996,-7.459197998046875,-0.39090612530708313
17997,15.159550666809082,20.854673385620117
17998,0.49189046025276184,-3.4082586765289307
17999,-0.8248908519744873,-0.821500837802887
18000,21.722030639648438,23.540117263793945
18001,2.319422960281372,0.1336711347103119
18002,0.37989097833633423,-0.5100247263908386
18003,10.276938438415527,-1.1327488422393799
18004,1.299566626548767,-6.122043609619141
18005,0.9397910237312317,-7.624460697174072
18006,-7.047191143035889,-6.359317302703857
18007,-18.703365325927734,-17.878896713256836
18008,-27.446741104125977,-19.47700309753418
18009,-6.432356834411621,0.1871354877948761
18010,-21.779294967651367,-21.83527946472168
18011,2.021427869796753,-3.2113590240478516
18012,-7.884031295776367,2.7052862644195557
18013,0.19343604147434235,-1.5102699995040894
18014,13.16441535949707,5.124386310577393
18015,1.3602946996688843,12.486699104309082
18016,-0.022505175322294235,-2.8941545486450195
18017,-7.007798671722412,-2.391469955444336
18018,-2.090925693511963,-3.2075934410095215
18019,8.964799880981445,2.4102845191955566
18020,-16.478500366210938,-11.942222595214844
18021,-1.2729061841964722,-1.983884572982788
18022,8.959895133972168,-2.5923044681549072
18023,1.988057255744934,-8.034728050231934
18024,-6.834690093994141,-3.5325028896331787
18025,1.2946736812591553,-5.458073616027832
18026,13.806089401245117,9.378445625305176
18027,1.3899952173233032,-1.613864541053772
18028,-22.53963851928711,-10.34327507019043
18029,1.7065751552581787,4.5905537605285645
18030,0.7516171336174011,-7.759136199951172
18031,8.33287525177002,-1.4195010662078857
18032,-0.3915713131427765,-1.9022016525268555
18033,-7.720221519470215,-8.730329513549805
18034,-1.9216811656951904,-3.957834243774414
18035,1.09186589717865,-6.785599231719971
18036,14.36559772491455,-1.226644515991211
18037,-5.148341178894043,1.538292407989502
18038,-2.3442819118499756,-5.472740650177002
18039,-24.20098876953125,-11.333593368530273
18040,8.565861701965332,0.060834310948848724
18041,-0.6584640145301819,-4.24071741104126
18042,-0.35830339789390564,2.385589599609375
18043,-12.396069526672363,-1.3589969873428345
18044,-7.8223371505737305,-13.142908096313477
18045,-4.384866714477539,4.721619606018066
18046,-3.7265706062316895,8.12269115447998
18047,11.36509895324707,-0.0035550370812416077
18048,0.9285892844200134,0.13993361592292786
18049,4.936302185058594,25.509126663208008
18050,12.733073234558105,-1.7744731903076172
18051,1.5832399129867554,0.9508034586906433
18052,0.916983425617218,-3.1713762283325195
18053,-0.4556163251399994,1.5841606855392456
18054,13.922788619995117,7.1767048835754395
18055,-3.689298629760742,-2.1827428340911865
18056,-6.954145431518555,-6.1001458168029785
18057,-6.947509765625,-6.240346431732178
18058,-3.834174156188965,-3.867112636566162
18059,13.94332218170166,-2.471653938293457
18060,1.1872502565383911,-7.603176593780518
18061,4.196798324584961,1.4755773544311523
18062,-2.917147159576416,-4.06958532333374
18063,-5.22092342376709,-2.0984644889831543
18064,-0.8757778406143188,7.22709321975708
18065,0.9823920726776123,-5.583034038543701
18066,-1.05337655544281,2.8524703979492188
18067,1.225629448890686,-4.551091194152832
18068,13.40510082244873,6.849111080169678
18069,-17.108749389648438,-10.307292938232422
18070,-4.933473587036133,-2.0840463638305664
18071,14.82816219329834,8.63530445098877
18072,11.235325813293457,3.939897060394287
18073,8.001502990722656,8.914301872253418
18074,-3.8014535903930664,-9.889019966125488
18075,-24.91904067993164,-17.953392028808594
18076,9.266072273254395,6.4935407638549805
18077,2.440904140472412,-4.25261926651001
18078,-5.625674724578857,-4.8686203956604
18079,2.8236923217773438,-8.138984680175781
18080,-9.182782173156738,-9.853002548217773
18081,-1.6465004682540894,-4.25654411315918
18082,-0.024188142269849777,-0.4395717680454254
18083,0.9323651790618896,12.842423439025879
18084,4.1245198249816895,4.168920040130615
18085,8.440483093261719,6.520893573760986
18086,-3.5422449111938477,-0.29921960830688477
18087,-8.746696472167969,-14.259733200073242
18088,-8.771468162536621,-0.5332411527633667
18089,-8.719625473022461,-7.2707672119140625
18090,-12.072901725769043,8.540748596191406
18091,0.9506069421768188,-9.11677360534668
18092,1.9544610977172852,-3.1135313510894775
18093,1.7097173929214478,-2.7811872959136963
18094,0.11813706159591675,-3.310701370239258
18095,-7.998045921325684,-2.262049436569214
18096,-9.599701881408691,2.930490016937256
18097,1.0894843339920044,-6.190527439117432
18098,1.2266570329666138,-5.4193878173828125
18099,1.5787298679351807,-10.097699165344238
18100,6.131711483001709,-3.9933626651763916
18101,12.000509262084961,-1.1617132425308228
18102,10.896153450012207,1.1984368562698364
18103,-15.601609230041504,-11.039965629577637
18104,1.2828247547149658,2.767404794692993
18105,-15.693801879882812,-12.934536933898926
18106,4.0524678230285645,4.6001763343811035
18107,-9.56937313079834,-9.613656997680664
18108,15.780013084411621,9.5368013381958
18109,-0.31013351678848267,2.799137592315674
18110,-10.31655216217041,-9.278965950012207
18111,-6.047987937927246,-1.509986400604248
18112,-7.571887016296387,-1.978115439414978
18113,-0.7822432518005371,2.4584732055664062
18114,-9.25797176361084,0.2643161118030548
18115,-11.418560981750488,-0.572401225566864
18116,-9.807384490966797,9.133133888244629
18117,0.9847610592842102,-6.581740379333496
18118,2.1160264015197754,-5.996685028076172
18119,0.8970272541046143,-6.390022277832031
18120,7.605594158172607,0.9414784908294678
18121,2.335900068283081,11.279463768005371
18122,4.436260223388672,24.835765838623047
18123,10.129740715026855,0.559605598449707
18124,-1.5123367309570312,7.370396614074707
18125,-8.12498950958252,-2.9163808822631836
18126,0.8284661769866943,-6.197638511657715
18127,13.72652530670166,5.836704730987549
18128,-0.4536281228065491,-5.867096424102783
18129,14.669100761413574,8.716625213623047
18130,-6.089012145996094,-5.316075325012207
18131,15.724373817443848,7.871241092681885
18132,-9.695810317993164,-4.171420574188232
18133,10.957240104675293,0.5728297233581543
18134,-0.025183837860822678,1.761394739151001
18135,-8.847105026245117,1.1544289588928223
18136,10.91525936126709,-1.8160983324050903
18137,7.989274501800537,0.5147156715393066
18138,10.53133773803711,-1.9799937009811401
18139,7.843883514404297,-2.8158762454986572
18140,0.09540566802024841,0.2987811863422394
18141,7.295223236083984,1.480056881904602
18142,6.508841037750244,6.500051021575928
18143,1.7063792943954468,-1.5735373497009277
18144,5.457099914550781,4.8533854484558105
18145,-9.862519264221191,-4.39408016204834
18146,-11.738761901855469,-16.79267692565918
18147,4.082459926605225,2.471956968307495
18148,0.5320554375648499,-2.1577255725860596
18149,10.7396879196167,1.2524127960205078
18150,-2.3506429195404053,2.5040431022644043
18151,9.526680946350098,-2.1883206367492676
18152,-12.30412769317627,-15.373595237731934
18153,-6.911617279052734,4.160505294799805
18154,8.42463207244873,-0.3670367896556854
18155,2.9545254707336426,-7.497821807861328
18156,13.594648361206055,-1.5215060710906982
18157,0.2405467927455902,-3.1326215267181396
18158,2.089351177215576,-7.847354412078857
18159,0.24373342096805573,11.767962455749512
18160,-2.8603737354278564,-2.666388750076294
18161,-0.6830543279647827,3.283464193344116
18162,-24.1546688079834,-11.529620170593262
18163,7.266315937042236,26.73226547241211
18164,0.08143387734889984,-1.9821364879608154
18165,1.9215277433395386,-4.2879767417907715
18166,7.8011064529418945,-0.06460950523614883
18167,-1.8814681768417358,2.042978048324585
18168,-4.384527206420898,7.897388458251953
18169,-10.843239784240723,-4.05911111831665
18170,18.79779624938965,27.377288818359375
18171,11.760878562927246,-2.503056526184082
18172,8.017804145812988,16.114450454711914
18173,12.374418258666992,-1.6230647563934326
18174,17.161483764648438,11.781317710876465
18175,-11.204510688781738,-10.256563186645508
18176,-8.404858589172363,-0.8385584354400635
18177,11.842066764831543,5.023845672607422
18178,2.6501731872558594,-2.640228271484375
18179,2.5707015991210938,1.9245641231536865
18180,-7.462756633758545,-3.2551703453063965
18181,-4.132651329040527,0.5023212432861328
18182,-11.171957969665527,-15.025864601135254
18183,2.926309108734131,4.637234687805176
18184,9.351966857910156,8.478939056396484
18185,2.0042130947113037,0.09048924595117569
18186,-8.10695743560791,-2.620652198791504
18187,10.402207374572754,-1.5216724872589111
18188,3.076630115509033,-5.774835109710693
18189,0.5719896554946899,-0.9643796682357788
18190,-8.65245532989502,6.381471633911133
18191,14.765422821044922,7.101248741149902
18192,8.01158618927002,-0.9876654148101807
18193,12.933638572692871,6.0971832275390625
18194,10.666958808898926,-0.9989114999771118
18195,-23.742412567138672,-14.201391220092773
18196,-8.027369499206543,-2.9889957904815674
18197,-3.299527645111084,-2.8920083045959473
18198,5.217774868011475,-1.9180829524993896
18199,-15.001080513000488,-17.746435165405273
18200,-8.700882911682129,-0.5529197454452515
18201,-20.85399627685547,-20.502229690551758
18202,1.520151972770691,-4.844197750091553
18203,-0.5913668870925903,0.9309051632881165
18204,-3.8414957523345947,-2.0671920776367188
18205,18.116661071777344,12.752490043640137
18206,-3.8638269901275635,-4.2597551345825195
18207,-8.566384315490723,1.9044384956359863
18208,6.6928606033325195,7.8114848136901855
18209,-3.2842631340026855,-6.365513801574707
18210,10.950770378112793,19.609094619750977
18211,-0.5283398628234863,-0.4168137013912201
18212,11.300321578979492,8.141702651977539
18213,9.283684730529785,17.61417579650879
18214,10.322340965270996,0.916783332824707
18215,6.177718639373779,-2.1087779998779297
18216,6.193454742431641,-8.864816665649414
18217,9.950953483581543,-0.6802473068237305
18218,-12.063155174255371,-1.0284032821655273
18219,1.666260838508606,-7.553890705108643
18220,-4.493096351623535,-5.674248218536377
18221,0.4741314649581909,-3.79127836227417
18222,-0.2646850645542145,-1.9167765378952026
18223,-8.270051002502441,8.081729888916016
18224,-3.3653368949890137,-0.738655686378479
18225,8.79898738861084,-1.9502028226852417
18226,-2.899582862854004,10.506416320800781
18227,15.982357025146484,10.35023021697998
18228,-7.25877571105957,-5.617945194244385
18229,-8.233538627624512,2.2678444385528564
18230,5.222501754760742,5.196643352508545
18231,0.6502081155776978,-0.6129698157310486
18232,5.762359619140625,28.028789520263672
18233,-7.981695175170898,1.6211061477661133
18234,-1.2937570810317993,-1.722230315208435
18235,-0.38659557700157166,-0.7000633478164673
18236,1.3914521932601929,-3.4135231971740723
18237,0.6956212520599365,-4.906120777130127
18238,-10.312973022460938,-1.3603568077087402
18239,22.190011978149414,26.10079002380371
18240,17.583324432373047,14.26871395111084
18241,12.520301818847656,-0.03464934974908829
18242,-0.13621918857097626,-1.0489108562469482
18243,1.9220932722091675,-6.839131832122803
18244,5.147531509399414,3.2847392559051514
18245,14.717717170715332,13.364378929138184
18246,-6.673088073730469,-5.516829967498779
18247,1.1386362314224243,-7.441993713378906
18248,12.523702621459961,-1.7126524448394775
18249,-3.900101900100708,-9.360331535339355
18250,7.1204423904418945,-3.113271474838257
18251,-8.737385749816895,2.316753387451172
18252,0.8647375106811523,-2.0395681858062744
18253,1.9815380573272705,-6.1092681884765625
18254,12.252836227416992,0.7301750183105469
18255,-10.219767570495605,4.715922832489014
18256,-11.39383602142334,-9.080428123474121
18257,-9.947453498840332,1.9878458976745605
18258,-18.77027702331543,-17.7032413482666
18259,11.817011833190918,0.06622984260320663
18260,-7.51679801940918,4.660805702209473
18261,-2.4385881423950195,-1.129117727279663
18262,13.699176788330078,6.460386753082275
18263,-3.55532169342041,-6.186769485473633
18264,1.4139691591262817,20.7896671295166
18265,-9.535284996032715,1.777700424194336
18266,4.423960208892822,4.516180992126465
18267,-12.687819480895996,9.504228591918945
18268,0.8876194953918457,6.862184047698975
18269,1.916944980621338,-9.950164794921875
18270,-17.96390151977539,-15.141761779785156
18271,0.6711280941963196,-5.35778284072876
18272,17.14080238342285,22.536062240600586
18273,11.940683364868164,5.193097114562988
18274,11.30463981628418,2.720973491668701
18275,-0.09214691817760468,0.21780166029930115
18276,0.11317040026187897,-1.7444311380386353
18277,-1.5656927824020386,-5.055922031402588
18278,2.1515231132507324,18.59225845336914
18279,-4.218747615814209,-10.796734809875488
18280,2.1810543537139893,-3.3284215927124023
18281,0.5408621430397034,-6.977923393249512
18282,10.9774751663208,1.4164206981658936
18283,0.5412888526916504,-1.1917567253112793
18284,0.46933671832084656,-1.4272722005844116
18285,-10.63977336883545,-5.959410190582275
18286,-2.3748748302459717,5.403348445892334
18287,7.911787033081055,6.37412691116333
18288,-0.24395804107189178,1.5788387060165405
18289,-17.126789093017578,-10.538763999938965
18290,-1.8167222738265991,-7.320396900177002
18291,12.9227294921875,7.526883125305176
18292,-18.46758270263672,-14.917248725891113
18293,-13.361227035522461,-2.0108258724212646
18294,-0.20555545389652252,0.32388219237327576
18295,15.442423820495605,8.934364318847656
18296,3.4671425819396973,-0.9833281636238098
18297,-14.061447143554688,-7.353632926940918
18298,1.809972882270813,-6.5616350173950195
18299,-19.95913314819336,-5.8342084884643555
18300,-10.103869438171387,-7.798127174377441
18301,-2.78706693649292,1.8032186031341553
18302,0.26666927337646484,-0.9426410794258118
18303,10.4155912399292,0.44506993889808655
18304,0.9057241082191467,-7.930169582366943
18305,-7.808908462524414,-2.910127878189087
18306,-4.78763484954834,-8.029096603393555
18307,0.3069845139980316,-3.4741921424865723
18308,-6.271097660064697,-2.419341802597046
18309,-7.984529495239258,2.7305760383605957
18310,-9.997937202453613,-10.135488510131836
18311,-1.8361033201217651,-8.770966529846191
18312,-11.563673973083496,-8.281440734863281
18313,-10.25939655303955,-11.818848609924316
18314,12.030266761779785,-0.2071671187877655
18315,-7.0108747482299805,0.07760395854711533
18316,6.315491199493408,-1.3539597988128662
18317,-16.204761505126953,-19.34741973876953
18318,7.511486053466797,-5.66892671585083
18319,-1.4305323362350464,-0.07565843313932419
18320,-0.219452902674675,-0.8211860060691833
18321,-12.119475364685059,-0.004907943308353424
18322,-11.50153636932373,-2.8298940658569336
18323,-18.091205596923828,-8.364531517028809
18324,-27.043277740478516,-21.351757049560547
18325,-0.15307192504405975,1.4839506149291992
18326,0.5949581265449524,-1.9205363988876343
18327,-12.521227836608887,8.189347267150879
18328,0.48851242661476135,-0.6345410943031311
18329,3.6690258979797363,-2.1559653282165527
18330,-18.701444625854492,-14.380816459655762
18331,9.521130561828613,-1.4641139507293701
18332,5.868024826049805,25.85251808166504
18333,1.9503402709960938,-6.183774948120117
18334,3.8585968017578125,-0.5617187023162842
18335,6.26954460144043,-9.183087348937988
18336,1.2613718509674072,-3.019489049911499
18337,1.7581149339675903,-2.915977954864502
18338,1.5294619798660278,-4.242391109466553
18339,4.7741780281066895,-4.71919584274292
18340,-0.5774863958358765,1.4598149061203003
18341,-11.128933906555176,-1.1834299564361572
18342,1.7023452520370483,-7.232853889465332
18343,-2.470400810241699,-2.160078287124634
18344,-2.2238125801086426,-0.5695815682411194
18345,6.4417405128479,26.259374618530273
18346,-3.020341396331787,-9.890009880065918
18347,0.8491654396057129,-6.41455602645874
18348,-12.0146484375,1.1874220371246338
18349,0.02904898300766945,-6.000720024108887
18350,-0.6085487604141235,11.227465629577637
18351,1.879282832145691,-3.795060157775879
18352,14.674698829650879,9.498149871826172
18353,1.0980685949325562,7.33890962600708
18354,-10.651549339294434,-4.884308338165283
18355,13.415627479553223,-2.0758893489837646
18356,1.023823618888855,9.041121482849121
18357,-0.3527276813983917,-1.5483131408691406
18358,0.5428342223167419,-8.127503395080566
18359,-6.069326877593994,3.284656047821045
18360,-0.3757055103778839,-6.292806625366211
18361,17.15987777709961,10.982733726501465
18362,-0.5625529289245605,0.07576029747724533
18363,-0.36042365431785583,2.508235454559326
18364,-7.869492530822754,-0.8178321719169617
18365,3.544621467590332,-1.4242143630981445
18366,-10.247353553771973,-3.8573529720306396
18367,-25.579721450805664,-21.856719970703125
18368,7.85059928894043,6.399667263031006
18369,2.1346218585968018,15.276447296142578
18370,-11.91188907623291,-4.069384574890137
18371,-7.8432817459106445,-3.5094504356384277
18372,-10.660035133361816,-14.564684867858887
18373,-0.09297852218151093,-3.175031900405884
18374,8.175932884216309,-0.9590277671813965
18375,0.3343919813632965,-1.399610996246338
18376,-0.8949400782585144,8.666162490844727
18377,3.0179214477539062,-9.774179458618164
18378,1.026051640510559,-1.6331099271774292
18379,7.374273300170898,8.406463623046875
18380,-3.567647933959961,-5.4397077560424805
18381,-0.16058892011642456,-5.715143203735352
18382,8.201340675354004,6.9096527099609375
18383,-7.694399356842041,0.028958462178707123
18384,3.109868049621582,-2.790022373199463
18385,1.333177089691162,-7.0234198570251465
18386,-10.478238105773926,-3.5468597412109375
18387,-12.90075969696045,-3.9176089763641357
18388,-3.8243155479431152,4.294067859649658
18389,11.020600318908691,-1.3880505561828613
18390,-11.135563850402832,7.211219310760498
18391,-5.678780555725098,-1.9423091411590576
18392,-0.41078516840934753,-0.7093837857246399
18393,3.5935025215148926,9.143122673034668
18394,-2.9746155738830566,-8.407532691955566
18395,16.54591941833496,9.530035018920898
18396,12.866263389587402,-2.166532278060913
18397,1.7701135873794556,-3.2821478843688965
18398,3.370270013809204,3.255573034286499
18399,-10.430094718933105,-6.194634914398193
18400,4.515467643737793,-9.09995174407959
18401,-0.23711197078227997,0.8376655578613281
18402,13.269927024841309,6.016922473907471
18403,1.9200903177261353,-2.780189275741577
18404,0.0409560464322567,-0.0236705020070076
18405,7.7899322509765625,18.65238380432129
18406,-3.0020334720611572,12.577574729919434
18407,1.4581891298294067,-3.614640235900879
18408,13.035292625427246,-2.1679162979125977
18409,-14.3878812789917,-11.458065032958984
18410,6.8865838050842285,0.42521610856056213
18411,-5.258791446685791,-0.8715481758117676
18412,-8.616795539855957,9.387666702270508
18413,-0.05220503732562065,1.034641981124878
18414,-6.682525157928467,-2.2665486335754395
18415,11.466096878051758,0.08032991737127304
18416,-4.398036956787109,-7.543899059295654
18417,9.709115982055664,1.9191133975982666
18418,12.822322845458984,9.532672882080078
18419,-18.418283462524414,-21.943517684936523
18420,4.2298383712768555,10.410767555236816
18421,-1.3373878002166748,-0.8177566528320312
18422,-12.677712440490723,-4.306886196136475
18423,5.738138198852539,-7.480659484863281
18424,3.4242067337036133,-2.0490341186523438
18425,-9.852835655212402,5.940413475036621
18426,3.175868511199951,-3.997852087020874
18427,-21.748600006103516,-20.510568618774414
18428,2.833482027053833,2.3980212211608887
18429,11.756836891174316,-0.03944728523492813
18430,13.219929695129395,-2.3658065795898438
18431,-8.344222068786621,2.260497570037842
18432,12.637677192687988,-1.9647842645645142
18433,0.042198289185762405,1.7097253799438477
18434,-8.92109203338623,-13.050080299377441
18435,14.069913864135742,7.091127872467041
18436,-3.077800750732422,-2.245420455932617
18437,7.269826889038086,-0.8919262886047363
18438,-6.658940315246582,2.4322636127471924
18439,0.7988610863685608,-2.7904860973358154
18440,-11.22623348236084,1.2683463096618652
18441,-1.1400046348571777,0.9203372001647949
18442,-6.483368873596191,-0.6688461303710938
18443,-26.878925323486328,-23.012727737426758
18444,1.1481035947799683,-0.022967912256717682
18445,5.272442817687988,14.128759384155273
18446,-2.4369821548461914,2.165469169616699
18447,-8.873827934265137,1.8896600008010864
18448,-8.54706859588623,-3.325159788131714
18449,10.00481128692627,-0.01709625869989395
18450,-8.09603214263916,10.43579387664795
18451,6.595943450927734,4.280488967895508
18452,0.12792743742465973,7.067584037780762
18453,9.518477439880371,0.24967125058174133
18454,5.811104774475098,-6.337795734405518
18455,1.6947215795516968,-3.5463719367980957
18456,-7.994236946105957,7.328127384185791
18457,1.6828440427780151,-5.104648590087891
18458,2.0715839862823486,-7.8732123374938965
18459,-8.088109970092773,-0.1989654004573822
18460,-25.760406494140625,-13.274296760559082
18461,-12.762306213378906,-14.798623085021973
18462,0.6654380559921265,1.19810152053833
18463,-4.286683082580566,-9.110390663146973
18464,-17.09992027282715,-17.687524795532227
18465,1.6102746725082397,-9.272499084472656
18466,-6.373804092407227,-1.7725019454956055
18467,-9.033341407775879,0.1904061734676361
18468,-6.358828544616699,-7.247655391693115
18469,2.087918281555176,-4.330067157745361
18470,6.275254249572754,28.4572811126709
18471,2.263004779815674,-3.7857449054718018
18472,4.924757957458496,5.591933727264404
18473,-10.521281242370605,4.690392971038818
18474,0.7436245083808899,-1.950284481048584
18475,-11.073534965515137,3.772386074066162
18476,2.777522087097168,-5.979611396789551
18477,6.20387077331543,26.49343490600586
18478,-9.008898735046387,-7.5146331787109375
18479,13.201930046081543,6.927315711975098
18480,0.1539708971977234,1.631602168083191
18481,-20.0880069732666,-19.21492576599121
18482,3.5253100395202637,-1.1710151433944702
18483,2.4221420288085938,-5.288760662078857
18484,-3.1050596237182617,0.8725227117538452
18485,12.529784202575684,-3.016289710998535
18486,11.254061698913574,0.4558086693286896
18487,-12.377028465270996,-7.18604850769043
18488,-20.63014030456543,-20.535066604614258
18489,-4.094342231750488,-0.1930314600467682
18490,3.053255558013916,2.4421963691711426
18491,16.186973571777344,9.914833068847656
18492,1.5315182209014893,-3.1808278560638428
18493,0.2027769535779953,-6.035884380340576
18494,-6.89759635925293,-2.29374361038208
18495,4.967938423156738,1.4420503377914429
18496,-10.372038841247559,2.421724557876587
18497,-3.6191844940185547,8.783318519592285
18498,15.398943901062012,8.933050155639648
18499,-9.625760078430176,3.9431729316711426
18500,1.6618629693984985,0.020738162100315094
18501,-5.944726467132568,-3.9049761295318604
18502,10.623451232910156,-1.5712419748306274
18503,1.3126670122146606,0.019834451377391815
18504,-10.782611846923828,3.4519360065460205
18505,11.312201499938965,-0.3701607882976532
18506,-0.42556047439575195,-4.256369113922119
18507,5.526848793029785,-1.9513412714004517
18508,1.5977078676223755,-6.707234859466553
18509,-6.74338960647583,1.4809054136276245
18510,14.350382804870605,3.074838399887085
18511,11.386520385742188,-0.21297666430473328
18512,-7.408868312835693,-1.9594768285751343
18513,10.732893943786621,-1.6428275108337402
18514,-2.3375844955444336,-4.718725204467773
18515,0.7473687529563904,-6.594717979431152
18516,-9.934525489807129,-4.465078353881836
18517,-10.420088768005371,3.7284975051879883
18518,-10.535035133361816,-7.512888431549072
18519,-7.34323787689209,-5.846156597137451
18520,-7.043828010559082,-4.457062721252441
18521,0.19147486984729767,-0.7938293218612671
18522,23.4857234954834,33.7133674621582
18523,-7.882781028747559,0.8494422435760498
18524,11.083020210266113,-0.1951582133769989
18525,1.602447271347046,-8.305604934692383
18526,-4.008213520050049,-10.259227752685547
18527,-3.2282114028930664,-1.6906747817993164
18528,-20.37920379638672,-7.541074752807617
18529,1.84561288356781,-5.333778381347656
18530,7.925314903259277,-0.7867902517318726
18531,11.219778060913086,0.7850768566131592
18532,-12.584320068359375,5.042541980743408
18533,4.785766124725342,3.7116339206695557
18534,0.3452022075653076,-3.752589702606201
18535,1.3062820434570312,10.175454139709473
18536,-8.002934455871582,0.054854296147823334
18537,0.4779881536960602,10.350922584533691
18538,-2.745100736618042,3.8546690940856934
18539,-1.424837589263916,-5.854297637939453
18540,-7.952849864959717,2.0769219398498535
18541,-11.2399263381958,-0.6961801648139954
18542,1.1230827569961548,-5.458560466766357
18543,3.705692768096924,-1.3126413822174072
18544,-8.08212947845459,-0.7820959091186523
18545,7.0228424072265625,7.393701076507568
18546,1.2407091856002808,0.4809049665927887
18547,-6.9184250831604,-10.502358436584473
18548,0.6147710084915161,7.072776794433594
18549,13.049189567565918,20.849992752075195
18550,1.5289548635482788,-4.261312484741211
18551,0.5933223366737366,-2.399601697921753
18552,13.197227478027344,-1.3040361404418945
18553,-9.599489212036133,-9.409428596496582
18554,-0.9391152262687683,-5.822103023529053
18555,5.298187732696533,-1.890024185180664
18556,3.9116883277893066,17.85904884338379
18557,-4.671932220458984,-4.08147668838501
18558,1.101233720779419,-8.408370971679688
18559,-16.908008575439453,-8.204644203186035
18560,5.660378456115723,24.447710037231445
18561,-9.740547180175781,4.27427864074707
18562,5.748287677764893,4.99191951751709
18563,-5.495789527893066,-3.921353816986084
18564,-7.318655014038086,-0.16822859644889832
18565,-27.51247215270996,-22.39110565185547
18566,3.7086634635925293,0.46540024876594543
18567,12.007884979248047,0.519932746887207
18568,11.315438270568848,-0.5175211429595947
18569,-9.585927963256836,-13.557778358459473
18570,2.25095272064209,-5.613195896148682
18571,-6.086086273193359,-2.0367681980133057
18572,-13.699681282043457,-5.998513221740723
18573,-3.440617084503174,1.5910338163375854
18574,0.6081622838973999,-2.1593847274780273
18575,3.942870855331421,-8.910026550292969
18576,-0.3028647303581238,2.4258038997650146
18577,-0.15310119092464447,-5.216062068939209
18578,-13.381326675415039,-6.3780717849731445
18579,-10.878586769104004,-4.382010459899902
18580,-4.752747058868408,-7.750298023223877
18581,-1.6914252042770386,8.425396919250488
18582,-6.6645989418029785,-3.6435775756835938
18583,-16.380287170410156,-10.900278091430664
18584,10.45640754699707,-1.1367853879928589
18585,-3.6297049522399902,-3.9317381381988525
18586,0.8030556440353394,0.8342947959899902
18587,1.9763866662979126,-7.432976245880127
18588,-14.77549934387207,-3.965639591217041
18589,-7.667562007904053,1.8630837202072144
18590,21.173372268676758,20.711217880249023
18591,7.526713848114014,0.15354838967323303
18592,2.6711907386779785,-2.580322265625
18593,-6.1471452713012695,6.439116954803467
18594,2.039916753768921,-6.258361339569092
18595,4.215236186981201,3.9201836585998535
18596,6.090353012084961,-7.715396404266357
18597,1.6624096632003784,-3.539853096008301
18598,-16.978530883789062,-12.573407173156738
18599,-2.6285619735717773,-7.703213214874268
18600,8.92606258392334,-1.3954815864562988
18601,-8.184440612792969,-2.0954208374023438
18602,1.7428888082504272,-2.179421901702881
18603,-25.69803237915039,-13.92247486114502
18604,8.208497047424316,14.41617202758789
18605,-9.526327133178711,-0.11599419265985489
18606,2.8443374633789062,-3.0428266525268555
18607,-8.879755020141602,-2.012941837310791
18608,9.118727684020996,-0.947394847869873
18609,5.576186180114746,-3.099003791809082
18610,0.9751750826835632,-3.8411121368408203
18611,1.5133215188980103,-5.289844036102295
18612,3.0096888542175293,-4.535150051116943
18613,8.66800308227539,0.14272740483283997
18614,-12.74804401397705,-3.2330174446105957
18615,0.7893991470336914,-3.250979423522949
18616,9.525626182556152,-0.7555317878723145
18617,-10.20159912109375,-1.2494715452194214
18618,-9.728800773620605,-3.2654290199279785
18619,0.27389994263648987,7.588902473449707
18620,10.868616104125977,3.734905242919922
18621,13.667494773864746,-2.1420624256134033
18622,4.932799816131592,22.999799728393555
18623,-6.3427228927612305,-1.267387866973877
18624,-6.898763179779053,1.7858108282089233
18625,-8.107694625854492,3.2243547439575195
18626,-5.811735153198242,3.9436888694763184
18627,17.245525360107422,11.30949878692627
18628,5.326629638671875,-9.271734237670898
18629,-2.2771685123443604,-2.266500234603882
18630,1.5408514738082886,-4.8803486824035645
18631,-2.7154335975646973,-2.651869297027588
18632,9.317166328430176,-0.861382246017456
18633,0.4853956997394562,9.200411796569824
18634,-7.61713171005249,9.796098709106445
18635,4.055377006530762,1.9444454908370972
18636,1.1573058366775513,-3.269680976867676
18637,-6.380993843078613,6.645147800445557
18638,-7.321500778198242,-0.04354391247034073
18639,11.491047859191895,-0.0523977056145668
18640,9.953019142150879,-1.3265221118927002
18641,-12.276515007019043,6.259859085083008
18642,15.726919174194336,16.165388107299805
18643,-6.184974670410156,-2.7213847637176514
18644,12.94882869720459,-2.3689472675323486
18645,4.802447319030762,16.922161102294922
18646,2.01818585395813,-3.0962884426116943
18647,0.11958174407482147,-1.15083646774292
18648,0.17850182950496674,-4.799013614654541
18649,1.452140212059021,-8.21103572845459
18650,-11.660361289978027,-10.853577613830566
18651,2.3684096336364746,-4.4078168869018555
18652,-0.9629694223403931,10.98269271850586
18653,-3.5272858142852783,-11.050904273986816
18654,-6.306282043457031,-6.74372673034668
18655,0.5767884254455566,-0.4033791720867157
18656,-9.261683464050293,-6.8864054679870605
18657,-8.953354835510254,4.064624786376953
18658,-11.421780586242676,-1.4907020330429077
18659,-4.782433032989502,-2.478489398956299
18660,5.084061622619629,-9.006804466247559
18661,-4.96905517578125,-6.525396823883057
18662,-12.537793159484863,1.408092737197876
18663,7.025946140289307,25.972383499145508
18664,-6.506609916687012,-1.8209490776062012
18665,-6.317554473876953,-2.245706558227539
18666,-0.21312396228313446,-3.201099157333374
18667,-28.273408889770508,-22.221027374267578
18668,16.285236358642578,11.67113971710205
18669,-1.1105705499649048,0.8733015656471252
18670,-10.735552787780762,-15.322749137878418
18671,-1.185645580291748,0.2000979781150818
18672,-2.3765792846679688,-0.269456684589386
18673,5.282203674316406,-1.291356086730957
18674,11.104390144348145,-0.17720076441764832
18675,11.740128517150879,4.775145530700684
18676,14.937491416931152,10.551663398742676
18677,7.992982864379883,7.995230197906494
18678,-8.319866180419922,-1.7786921262741089
18679,17.024946212768555,17.643157958984375
18680,-23.46162223815918,-17.635009765625
18681,-7.737154960632324,-6.491194248199463
18682,5.9703593254089355,-8.810534477233887
18683,-11.331997871398926,-6.243488788604736
18684,-3.3523621559143066,-1.0855700969696045
18685,2.085000991821289,-6.165733814239502
18686,-8.63809871673584,-13.125622749328613
18687,-7.174407958984375,-3.105898380279541
18688,-7.846280574798584,4.318608283996582
18689,17.846813201904297,15.738520622253418
18690,7.015549659729004,-4.143718242645264
18691,17.26710319519043,11.77838134765625
18692,1.8509050607681274,-0.31768998503685
18693,1.8550653457641602,-3.052750587463379
18694,1.9592397212982178,-2.0201449394226074
18695,-7.781707286834717,3.8864128589630127
18696,-8.100361824035645,-1.8363618850708008
18697,-0.23563139140605927,-2.3831593990325928
18698,-11.731159210205078,-15.203568458557129
18699,-8.472696304321289,-4.315935134887695
18700,-4.4184465408325195,-4.303715229034424
18701,0.9540932178497314,-4.518799781799316
18702,2.0289764404296875,-2.6901607513427734
18703,1.9563368558883667,-4.750718116760254
18704,6.453933238983154,13.77251148223877
18705,-2.5849316120147705,0.21819528937339783
18706,-5.456493377685547,1.3099095821380615
18707,4.9420647621154785,4.129153251647949
18708,-8.753721237182617,7.763197898864746
18709,17.902177810668945,25.174833297729492
18710,-9.83358097076416,5.9519548416137695
18711,0.03068244829773903,-5.255828380584717
18712,10.3273286819458,2.3835601806640625
18713,-4.74368953704834,-3.560443878173828
18714,0.2747727334499359,-0.7972376942634583
18715,8.028992652893066,4.119178295135498
18716,-12.568596839904785,2.842402219772339
18717,-14.999608993530273,-18.31972312927246
18718,-5.630619525909424,-2.0741512775421143
18719,-4.672770977020264,0.29799801111221313
18720,-0.6979684233665466,-2.879631757736206
18721,-7.830277919769287,-0.7466245293617249
18722,-5.839962482452393,-1.5671422481536865
18723,-12.211785316467285,-13.154364585876465
18724,-5.711040496826172,-3.4615283012390137
18725,-0.8482140302658081,-1.304112195968628
18726,-19.792173385620117,-11.238259315490723
18727,17.273601531982422,18.55483055114746
18728,2.643460988998413,-7.944606304168701
18729,17.063190460205078,22.16173553466797
18730,16.667184829711914,9.92995548248291
18731,1.0332162380218506,-3.1584787368774414
18732,0.04084352031350136,-1.0086134672164917
18733,-8.59196949005127,3.734220027923584
18734,-9.800398826599121,2.5112102031707764
18735,-12.727632522583008,-7.1742448806762695
18736,-10.122679710388184,8.812850952148438
18737,19.748958587646484,20.67995834350586
18738,-11.82211971282959,-4.550635814666748
18739,17.36895751953125,13.39050579071045
18740,0.3874647915363312,-0.9677682518959045
18741,0.9167380928993225,-2.260279893875122
18742,-7.814274787902832,3.2612786293029785
18743,-21.7802734375,-10.06417465209961
18744,4.722692489624023,3.039797306060791
18745,0.8024187088012695,-5.908957004547119
18746,-9.439071655273438,0.1788652241230011
18747,2.8411483764648438,-5.59168815612793
18748,-10.375588417053223,-7.935805320739746
18749,9.147224426269531,-0.2596273124217987
18750,-10.714895248413086,-0.12387631088495255
18751,2.182490348815918,6.0355730056762695
18752,0.607047438621521,-7.06150484085083
18753,-7.240137577056885,3.6463754177093506
18754,1.7921401262283325,-3.013363838195801
18755,19.11090850830078,19.256559371948242
18756,-4.951351165771484,9.83181095123291
18757,8.647884368896484,-2.557619571685791
18758,1.6750141382217407,0.28529873490333557
18759,1.602242350578308,-9.510453224182129
18760,-7.647621154785156,3.7943613529205322
18761,-6.781827926635742,-2.4184727668762207
18762,11.44033145904541,0.4093506634235382
18763,-12.764594078063965,-2.608527183532715
18764,-2.031749963760376,5.172868728637695
18765,-7.941855430603027,2.9208316802978516
18766,16.648204803466797,12.349762916564941
18767,-1.293310523033142,-7.437442302703857
18768,-0.8306514024734497,-3.8955416679382324
18769,-0.33761656284332275,-4.256460666656494
18770,-10.89177131652832,-5.794321060180664
18771,10.781742095947266,0.08596756309270859
18772,7.416374206542969,-6.5555195808410645
18773,11.430981636047363,5.20086669921875
18774,12.53036117553711,5.609452247619629
18775,4.933282852172852,-3.753096342086792
18776,-12.910750389099121,-4.322656631469727
18777,13.20136547088623,6.21332311630249
18778,21.985260009765625,28.491037368774414
18779,-3.1001343727111816,-6.156655788421631
18780,10.897860527038574,-1.2990341186523438
18781,2.4115915298461914,-2.072079658508301
18782,19.03113555908203,15.629518508911133
18783,-3.4912726879119873,1.2853119373321533
18784,4.678802490234375,-2.2611477375030518
18785,-1.2568875551223755,6.880340576171875
18786,0.9239006042480469,-6.122037410736084
18787,15.437691688537598,10.023241996765137
18788,-9.31313705444336,-9.74915599822998
18789,10.902763366699219,0.31136515736579895
18790,2.079256057739258,-6.646217346191406
18791,16.500333786010742,15.830904006958008
18792,10.907934188842773,-1.0062873363494873
18793,3.5759530067443848,5.068748950958252
18794,-4.11376953125,-2.369974136352539
18795,-1.0709391832351685,-4.5004072189331055
18796,-5.089572429656982,-6.49923038482666
18797,1.9027777910232544,-9.142995834350586
18798,2.0950984954833984,-3.195810317993164
18799,-1.0693563222885132,0.7057002186775208
18800,-8.62293529510498,-4.98911714553833
18801,-12.010016441345215,-17.148067474365234
18802,10.828795433044434,-1.5798894166946411
18803,-6.779782772064209,-7.944973468780518
18804,1.063658595085144,-4.130020618438721
18805,-16.72467041015625,-19.22285270690918
18806,-1.6096211671829224,-0.08543006330728531
18807,5.790776252746582,-6.256408214569092
18808,1.6183849573135376,-7.173469543457031
18809,-10.85936164855957,-3.258619785308838
18810,7.190452575683594,6.249338626861572
18811,-2.4827399253845215,-1.6455997228622437
18812,12.825230598449707,-2.2473771572113037
18813,13.025062561035156,6.826102256774902
18814,-10.809715270996094,-0.6272464394569397
18815,-11.634572982788086,-4.474788188934326
18816,5.375921249389648,-9.6057767868042
18817,6.09916877746582,-3.478975296020508
18818,6.076756477355957,15.260509490966797
18819,-13.589079856872559,-2.8130016326904297
18820,-9.806181907653809,3.8658273220062256
18821,11.60058307647705,-0.11879942566156387
18822,19.345256805419922,16.90101432800293
18823,4.833571910858154,3.220275640487671
18824,-0.6156517267227173,13.386977195739746
18825,18.50425148010254,15.827115058898926
18826,7.869455337524414,-0.8876669406890869
18827,-2.237077236175537,6.852226257324219
18828,-0.6424391269683838,-2.6987311840057373
18829,-0.3537909984588623,0.8842307329177856
18830,-7.0642571449279785,-9.350603103637695
18831,1.7632582187652588,-3.791806697845459
18832,10.395689964294434,-1.769455909729004
18833,0.5072739720344543,-2.0911803245544434
18834,1.3253775835037231,-7.533148765563965
18835,0.18512926995754242,-0.4858071804046631
18836,7.575211524963379,9.60043716430664
18837,1.782460331916809,-9.932637214660645
18838,8.012112617492676,6.744979381561279
18839,-13.460424423217773,-14.099947929382324
18840,9.825881004333496,1.2342673540115356
18841,7.574796676635742,-0.15871307253837585
18842,-3.697455883026123,9.833773612976074
18843,-13.061445236206055,-3.5185747146606445
18844,13.490592002868652,5.567849636077881
18845,6.424585342407227,5.215317249298096
18846,-10.27823257446289,-2.3885245323181152
18847,1.9456490278244019,-4.043726921081543
18848,11.165215492248535,0.14647558331489563
18849,-10.717690467834473,-1.103930950164795
18850,2.4290194511413574,-4.378737449645996
18851,5.14365291595459,3.0539283752441406
18852,0.48573556542396545,-1.8916590213775635
18853,-7.995121955871582,4.334411144256592
18854,5.324352741241455,0.9281405210494995
18855,5.6837663650512695,-1.3340787887573242
18856,-8.405556678771973,-3.10146427154541
18857,-10.436923027038574,-17.191495895385742
18858,18.452880859375,16.04063606262207
18859,17.701622009277344,21.282079696655273
18860,16.679855346679688,10.66049861907959
18861,12.716151237487793,7.520839691162109
18862,-5.384103298187256,5.484499454498291
18863,-3.0764288902282715,2.374455213546753
18864,11.019072532653809,-0.9607683420181274
18865,-2.144869089126587,-3.311014413833618
18866,-8.035167694091797,7.526581287384033
18867,-9.094792366027832,-1.6131091117858887
18868,1.0031818151474,-3.2082178592681885
18869,2.3658103942871094,-3.2805497646331787
18870,3.341538906097412,-4.321473121643066
18871,-12.011918067932129,-11.470193862915039
18872,-4.28216552734375,-0.8492575883865356
18873,-12.855365753173828,-1.8680927753448486
18874,8.84361743927002,-2.1307477951049805
18875,-0.3993811309337616,1.7266343832015991
18876,6.180462837219238,4.61436128616333
18877,-9.722733497619629,2.584508180618286
18878,5.378354072570801,6.715847015380859
18879,0.34545430541038513,-1.749258279800415
18880,-21.68402862548828,-19.734853744506836
18881,-0.9903937578201294,-1.88059401512146
18882,-11.369311332702637,-1.3327105045318604
18883,-25.204071044921875,-21.16259002685547
18884,-0.07931014895439148,0.10867350548505783
18885,-4.405869483947754,-5.626314640045166
18886,-2.3305976390838623,-2.93891978263855
18887,17.768930435180664,20.762121200561523
18888,-21.003990173339844,-7.556581974029541
18889,17.58147430419922,12.943525314331055
18890,1.7466919422149658,1.2038599252700806
18891,0.8089224100112915,-0.23952031135559082
18892,1.601326584815979,-2.153860330581665
18893,-0.06987552344799042,5.432956218719482
18894,-5.089239120483398,-12.056795120239258
18895,14.007552146911621,6.257413864135742
18896,0.8978769779205322,-4.033102512359619
18897,-13.994622230529785,-7.340571880340576
18898,-5.770036697387695,-2.692122459411621
18899,3.3002047538757324,14.517319679260254
18900,-0.47385331988334656,-2.6606650352478027
18901,-6.9733428955078125,0.3689338266849518
18902,-7.876611232757568,-13.15779972076416
18903,18.817337036132812,14.4682035446167
18904,-7.561939239501953,3.2574985027313232
18905,1.7324978113174438,-4.21504545211792
18906,0.5078877806663513,0.04038820415735245
18907,8.54641056060791,-0.7303802967071533
18908,-7.973294258117676,-4.601734638214111
18909,-7.2405853271484375,-3.5078091621398926
18910,1.245015263557434,-4.241804122924805
18911,9.079710960388184,9.348894119262695
18912,-0.28062063455581665,1.3546617031097412
18913,0.5979377031326294,-5.052561283111572
18914,-2.620232582092285,-3.3832201957702637
18915,0.90082848072052,-7.177816867828369
18916,-8.463356971740723,-3.432297706604004
18917,0.47294771671295166,-8.669053077697754
18918,-9.16469669342041,1.4553356170654297
18919,-10.940235137939453,2.309997797012329
18920,-10.01445484161377,4.173562049865723
18921,9.337846755981445,-1.6080896854400635
18922,-0.10889507830142975,-2.020995855331421
18923,6.947293758392334,-6.018195629119873
18924,-12.811697006225586,-17.299074172973633
18925,-0.5654968619346619,-3.3343279361724854
18926,8.632129669189453,16.333337783813477
18927,-0.9461795091629028,-8.78662109375
18928,16.886810302734375,11.767516136169434
18929,0.5324138402938843,5.423756122589111
18930,1.280518651008606,-3.9378199577331543
18931,9.079379081726074,-1.5087114572525024
18932,14.390055656433105,7.933391094207764
18933,12.277427673339844,4.942761421203613
18934,10.905829429626465,-2.25331711769104
18935,-11.773128509521484,-4.132303714752197
18936,0.9267410039901733,-1.730628252029419
18937,0.6166241765022278,-0.5751754641532898
18938,-8.187212944030762,3.5709030628204346
18939,-21.61558723449707,-10.03546142578125
18940,-8.86212158203125,-4.39520788192749
18941,2.2950141429901123,-4.068008899688721
18942,-13.690348625183105,1.8439600467681885
18943,9.161177635192871,1.6167430877685547
18944,-6.781786918640137,-0.7888320684432983
18945,0.20688484609127045,-0.21445465087890625
18946,0.43352165818214417,-3.3939356803894043
18947,1.2626889944076538,-4.689565181732178
18948,2.6761226654052734,-2.5357820987701416
18949,10.74402141571045,1.2075903415679932
18950,-13.477584838867188,-13.440497398376465
18951,10.750327110290527,-2.2055163383483887
18952,7.666579246520996,7.501359462738037
18953,-1.7265032529830933,0.14546367526054382
18954,-12.515921592712402,2.6438210010528564
18955,-0.42482390999794006,1.9636569023132324
18956,0.7059029340744019,-3.5950729846954346
18957,-4.956325531005859,7.827828884124756
18958,-11.586562156677246,-4.908501148223877
18959,3.1471266746520996,-5.065385341644287
18960,-8.700151443481445,5.288109302520752
18961,-7.5165910720825195,-7.097393035888672
18962,-4.449387550354004,8.497096061706543
18963,8.85468578338623,2.9421911239624023
18964,11.12362003326416,2.309150457382202
18965,0.8474164605140686,-8.103440284729004
18966,1.5732922554016113,-1.766122817993164
18967,-8.436850547790527,2.654501438140869
18968,0.0219949372112751,-2.12251877784729
18969,0.29348406195640564,-4.530423164367676
18970,2.3555002212524414,-4.460695743560791
18971,-7.043201446533203,-2.959897041320801
18972,-0.9898155927658081,2.312392234802246
18973,4.903947353363037,0.871046781539917
18974,-1.4880738258361816,9.091614723205566
18975,10.528304100036621,1.7168229818344116
18976,1.7818585634231567,-0.37582793831825256
18977,1.343636155128479,-3.493036985397339
18978,-8.146193504333496,2.418490409851074
18979,1.7206108570098877,-4.4282450675964355
18980,2.4418628215789795,18.131574630737305
18981,-10.327905654907227,-0.29461488127708435
18982,0.644170880317688,-2.4706356525421143
18983,-7.669109344482422,-3.25875186920166
18984,2.532416582107544,-2.303868293762207
18985,4.391807556152344,4.012144088745117
18986,0.767194926738739,-3.375788688659668
18987,-7.846816062927246,-2.928846597671509
18988,22.55352020263672,23.214309692382812
18989,-11.752093315124512,3.7537190914154053
18990,11.7781343460083,-1.9374219179153442
18991,2.3724212646484375,-6.493800163269043
18992,8.971369743347168,-1.3462107181549072
18993,-11.80956745147705,-4.987703323364258
18994,-23.182767868041992,-21.091890335083008
18995,13.170001983642578,-2.09877872467041
18996,-11.530732154846191,-7.860620021820068
18997,-12.409504890441895,-1.5979986190795898
18998,10.686470985412598,-0.849259614944458
18999,0.8815650343894958,-7.977423667907715
19000,0.06215022876858711,-1.94135320186615
19001,10.023998260498047,-0.8342218399047852
19002,10.133292198181152,2.9078335762023926
19003,4.348966598510742,5.895540237426758
19004,-8.15446662902832,-2.3526384830474854
19005,-9.861044883728027,-10.25902271270752
19006,0.21970583498477936,0.7810729146003723
19007,-9.764103889465332,1.1318011283874512
19008,8.604769706726074,0.26090124249458313
19009,-11.08074951171875,-4.0787434577941895
19010,-13.369196891784668,-3.941470146179199
19011,7.585330009460449,6.414089679718018
19012,-17.17216682434082,-9.550304412841797
19013,-8.057788848876953,3.074557304382324
19014,-22.556482315063477,-10.4080171585083
19015,8.197552680969238,16.084123611450195
19016,-6.6685895919799805,0.9016789197921753
19017,2.154606342315674,-3.290170669555664
19018,-3.1676535606384277,0.25654247403144836
19019,8.50846004486084,1.156731367111206
19020,-5.498445510864258,6.848574161529541
19021,11.106627464294434,12.939741134643555
19022,7.248298645019531,-0.2615358531475067
19023,-4.303012847900391,0.6385481953620911
19024,0.6743535399436951,-4.144430637359619
19025,-3.81528377532959,-5.540741443634033
19026,-3.8181915283203125,-1.8018978834152222
19027,-10.20754337310791,-3.877443313598633
19028,-6.043162822723389,3.6960299015045166
19029,-14.63633918762207,-7.319086074829102
19030,-5.891181468963623,1.8774911165237427
19031,0.9724278450012207,-6.451110363006592
19032,-4.791033744812012,11.114324569702148
19033,-6.139036655426025,-7.408790111541748
19034,-23.504898071289062,-12.237380027770996
19035,-7.586867332458496,-0.5322465896606445
19036,8.039652824401855,-1.1922740936279297
19037,-4.954627513885498,-0.8452685475349426
19038,-2.728750705718994,0.1689988672733307
19039,-7.774181842803955,-0.42171570658683777
19040,-7.881875038146973,2.5878524780273438
19041,8.883299827575684,19.824249267578125
19042,-11.513068199157715,-4.152907848358154
19043,14.100194931030273,8.165970802307129
19044,9.35030460357666,0.8215709924697876
19045,13.267426490783691,29.407665252685547
19046,4.491105079650879,-3.8641295433044434
19047,-6.801944732666016,6.852877140045166
19048,-7.405881881713867,1.634955644607544
19049,-0.8063212037086487,0.2416534423828125
19050,-9.323290824890137,-1.9930764436721802
19051,-6.95994758605957,-0.11441711336374283
19052,-13.779170036315918,-1.0645663738250732
19053,-9.0043306350708,-2.738363742828369
19054,-22.708778381347656,-19.130685806274414
19055,1.6157029867172241,-9.244914054870605
19056,-1.0672768354415894,-7.368430137634277
19057,-4.158910751342773,-5.416785717010498
19058,-1.4131367206573486,-4.0994648933410645
19059,-1.2075804471969604,9.926031112670898
19060,6.134458065032959,18.781293869018555
19061,-0.8732410669326782,12.631547927856445
19062,-10.309157371520996,2.6070804595947266
19063,15.691065788269043,21.68302345275879
19064,9.2144193649292,22.01881217956543
19065,2.7923519611358643,-7.068021297454834
19066,2.8904385566711426,-5.952207565307617
19067,7.919312477111816,-1.4772193431854248
19068,-2.4705567359924316,-9.905570030212402
19069,-8.624129295349121,3.4915952682495117
19070,-9.339052200317383,3.0765302181243896
19071,0.6130490303039551,-1.1459643840789795
19072,-13.203028678894043,-5.945122241973877
19073,-2.112490653991699,6.401008129119873
19074,15.41858196258545,10.24114990234375
19075,-10.275092124938965,-9.350156784057617
19076,6.338565826416016,7.472885608673096
19077,2.8487391471862793,-6.051919937133789
19078,-7.021125316619873,-6.452765941619873
19079,-13.89767837524414,-12.561363220214844
19080,-12.383543014526367,-0.8478683233261108
19081,1.0242687463760376,-7.542751789093018
19082,-8.62112808227539,-3.59737229347229
19083,2.47733736038208,-5.741312503814697
19084,-6.209891319274902,2.570812225341797
19085,5.432642459869385,-9.05221939086914
19086,12.152796745300293,-2.5483973026275635
19087,12.9532470703125,30.076459884643555
19088,7.124294281005859,-3.2863106727600098
19089,13.606118202209473,7.082234859466553
19090,6.291635513305664,21.891935348510742
19091,-10.373984336853027,-14.242087364196777
19092,-3.4452219009399414,3.482217788696289
19093,1.0679075717926025,-7.110538959503174
19094,-1.1466249227523804,1.567135214805603
19095,-0.7307957410812378,-4.157127380371094
19096,-10.562485694885254,-2.4253358840942383
19097,6.652491569519043,-1.5255361795425415
19098,2.97627854347229,-6.763580799102783
19099,9.452957153320312,-6.097414493560791
19100,-8.578239440917969,-8.136351585388184
19101,-0.3596104085445404,-6.041468620300293
19102,1.3930319547653198,-4.370443344116211
19103,-3.3028576374053955,-5.830915927886963
19104,-0.041639294475317,-4.804260730743408
19105,-0.8255480527877808,0.812004804611206
19106,9.902602195739746,3.1642794609069824
19107,20.4703369140625,14.29409408569336
19108,0.36690688133239746,-1.7517595291137695
19109,15.796032905578613,11.83708381652832
19110,14.651824951171875,-0.6369345188140869
19111,9.38662052154541,-0.588658332824707
19112,13.285222053527832,10.118775367736816
19113,-8.023905754089355,-1.347021460533142
19114,16.11544418334961,10.978568077087402
19115,1.8713747262954712,-7.193295955657959
19116,-9.182762145996094,-2.5205252170562744
19117,-9.609648704528809,1.768747329711914
19118,-0.008060913532972336,-7.060458183288574
19119,-9.631314277648926,-11.879583358764648
19120,-12.030896186828613,-13.932663917541504
19121,-9.278817176818848,-9.39348316192627
19122,-9.468925476074219,-7.017179489135742
19123,-9.006957054138184,2.390657424926758
19124,-11.08435344696045,-1.7753889560699463
19125,0.6789860129356384,-4.621514320373535
19126,3.313616991043091,3.2678961753845215
19127,7.7879791259765625,-3.856311321258545
19128,-8.618578910827637,-7.032398223876953
19129,4.147575378417969,2.374788284301758
19130,-7.134575366973877,0.4011211693286896
19131,-10.429743766784668,0.3618016541004181
19132,0.9724531173706055,1.1044600009918213
19133,3.9589672088623047,-4.868007183074951
19134,8.228997230529785,-2.750189781188965
19135,-12.696304321289062,-2.7393789291381836
19136,1.7439597845077515,-10.564891815185547
19137,12.798539161682129,4.687267780303955
19138,-12.942950248718262,1.2249488830566406
19139,-13.11876106262207,-16.95464515686035
19140,-8.621672630310059,-1.019480586051941
19141,0.7648248076438904,-5.606853485107422
19142,-7.608528137207031,2.921858787536621
19143,-11.12633991241455,2.392400026321411
19144,-0.7204779982566833,0.7056381702423096
19145,-0.41498079895973206,1.1164194345474243
19146,-7.054563045501709,4.541652202606201
19147,-0.2067081183195114,-2.5669543743133545
19148,0.905265212059021,8.22959041595459
19149,2.389655113220215,13.488232612609863
19150,2.103022575378418,-5.615467071533203
19151,9.273115158081055,-0.13873574137687683
19152,6.932115077972412,11.764433860778809
19153,0.3056958019733429,-0.5453663468360901
19154,6.995108604431152,28.37984275817871
19155,-5.777224540710449,-4.076382160186768
19156,2.0572006702423096,-4.339521408081055
19157,-3.5637898445129395,-0.11951837688684464
19158,-6.996867656707764,2.101513385772705
19159,-1.941455602645874,7.90545129776001
19160,0.18215876817703247,0.8312055468559265
19161,-5.076042175292969,-4.579212188720703
19162,-24.932518005371094,-12.240484237670898
19163,-1.9849120378494263,11.370465278625488
19164,5.891144752502441,2.840068817138672
19165,-23.309444427490234,-11.247243881225586
19166,2.9782376289367676,-1.6116162538528442
19167,11.917872428894043,0.3520670235157013
19168,4.26227331161499,21.529569625854492
19169,0.38557639718055725,-0.522465705871582
19170,-14.41069507598877,-16.627635955810547
19171,-4.344844818115234,-0.5102933645248413
19172,1.9640628099441528,-3.1257100105285645
19173,-3.1327199935913086,-7.770995616912842
19174,-4.545809268951416,-12.568915367126465
19175,17.04920196533203,14.958740234375
19176,4.804234504699707,-2.8736114501953125
19177,19.7530517578125,20.347627639770508
19178,21.168542861938477,19.38538932800293
19179,11.20334529876709,1.990652322769165
19180,13.031094551086426,6.712524890899658
19181,13.497842788696289,10.402326583862305
19182,-8.392945289611816,-2.8828303813934326
19183,17.73281478881836,13.961405754089355
19184,-11.043350219726562,-2.2740743160247803
19185,-3.463865280151367,-8.96308422088623
19186,-7.534298896789551,1.1989562511444092
19187,-9.179290771484375,5.990249156951904
19188,1.9560338258743286,-6.2123212814331055
19189,0.14473171532154083,-2.1628623008728027
19190,0.5367763638496399,-3.2269773483276367
19191,7.23757266998291,17.682687759399414
19192,-6.114571571350098,-2.826289176940918
19193,-4.454889297485352,9.430771827697754
19194,8.664864540100098,7.196206569671631
19195,-4.455844879150391,-11.349146842956543
19196,2.545956611633301,7.064671039581299
19197,1.8038846254348755,-4.523189067840576
19198,1.5113813877105713,-6.077040195465088
19199,-11.01920223236084,-7.92568302154541
19200,-6.681804180145264,-2.163161039352417
19201,12.39452838897705,-0.12417647987604141
19202,-9.02306842803955,4.6754374504089355
19203,11.531900405883789,-1.0935271978378296
19204,10.650559425354004,-0.06455609947443008
19205,5.188053131103516,-2.426140069961548
19206,1.8501014709472656,-2.36173939704895
19207,-5.889874458312988,0.8487372994422913
19208,-5.361761093139648,3.4511659145355225
19209,2.568923234939575,-7.929661273956299
19210,-3.473700523376465,-1.2273976802825928
19211,2.7290287017822266,15.469097137451172
19212,11.20979118347168,-1.0970478057861328
19213,-7.344704627990723,4.644683837890625
19214,-0.5908751487731934,8.199490547180176
19215,-6.868253707885742,-0.5050910115242004
19216,-3.0609254837036133,-2.219426155090332
19217,1.733073353767395,-2.832338809967041
19218,-10.10117244720459,-3.396660566329956
19219,1.9224056005477905,-5.587959289550781
19220,-11.305645942687988,0.7182949781417847
19221,-7.259737968444824,-0.4205075204372406
19222,1.0643707513809204,-5.258870601654053
19223,10.728728294372559,0.07361318916082382
19224,0.43621790409088135,-4.794745445251465
19225,-13.225943565368652,-7.007950305938721
19226,1.680235505104065,-4.616331100463867
19227,10.541817665100098,0.37580397725105286
19228,-9.027351379394531,-1.5473283529281616
19229,-1.8609102964401245,1.8504706621170044
19230,-4.152283191680908,5.956552028656006
19231,4.384228706359863,1.2706540822982788
19232,-2.212317705154419,-5.429025173187256
19233,-8.736513137817383,3.9258949756622314
19234,-0.29683366417884827,1.2525510787963867
19235,-10.588461875915527,-13.642312049865723
19236,8.705147743225098,7.180415153503418
19237,-12.329144477844238,-8.994372367858887
19238,-6.170522212982178,-2.063276767730713
19239,-0.6329290866851807,3.2936172485351562
19240,-6.976343631744385,10.105121612548828
19241,7.504528522491455,-0.4508424699306488
19242,2.065380811691284,7.9430670738220215
19243,9.547356605529785,-5.397970676422119
19244,-1.7719085216522217,-3.9897894859313965
19245,9.452012062072754,20.04643440246582
19246,0.45231112837791443,-0.916759729385376
19247,-8.765254974365234,-0.3579147756099701
19248,-4.83164644241333,5.268777370452881
19249,-2.6956613063812256,-7.006399154663086
19250,6.840859413146973,27.058732986450195
19251,13.514508247375488,5.336217880249023
19252,-13.067435264587402,-15.436955451965332
19253,15.617403030395508,12.285017013549805
19254,1.9494842290878296,-4.143857479095459
19255,9.39615535736084,-3.482052803039551
19256,9.630510330200195,1.4440473318099976
19257,2.514617681503296,-4.537304401397705
19258,13.580357551574707,8.64356517791748
19259,4.059142589569092,-4.488584041595459
19260,-16.00422477722168,9.021754264831543
19261,-10.73210620880127,3.3069210052490234
19262,9.238519668579102,-3.1705574989318848
19263,4.051620960235596,1.2600451707839966
19264,7.58150053024292,-4.891934394836426
19265,12.538413047790527,5.492988109588623
19266,10.114673614501953,-1.3516716957092285
19267,-1.2483803033828735,8.350836753845215
19268,1.596993088722229,-5.726420879364014
19269,-16.61934471130371,-17.427499771118164
19270,-9.899250984191895,-1.5989317893981934
19271,-7.663234233856201,-0.18803498148918152
19272,-7.4665446281433105,-1.8582572937011719
19273,-13.076725006103516,-0.0599348321557045
19274,-18.512414932250977,-14.492339134216309
19275,9.774157524108887,16.439247131347656
19276,9.930811882019043,-0.4323882758617401
19277,9.154763221740723,-1.6016830205917358
19278,0.7027518153190613,-9.303582191467285
19279,2.0819060802459717,-4.4413065910339355
19280,-11.618491172790527,-7.712183475494385
19281,-1.850500226020813,12.297582626342773
19282,-13.213967323303223,1.2853000164031982
19283,-6.220268249511719,7.854361057281494
19284,-3.229741096496582,-7.0120158195495605
19285,-5.9176025390625,-2.212674617767334
19286,2.106142997741699,-8.248403549194336
19287,1.3666988611221313,-2.821746826171875
19288,3.1773452758789062,-2.4904165267944336
19289,17.710718154907227,18.650508880615234
19290,0.5547142028808594,-0.5134093761444092
19291,-10.05463695526123,6.788837909698486
19292,-18.912715911865234,-18.469335556030273
19293,3.390035390853882,-1.34110426902771
19294,-15.599428176879883,-11.460488319396973
19295,-14.73603630065918,-3.753610134124756
19296,-13.093827247619629,-4.541391372680664
19297,6.4701995849609375,32.84367752075195
19298,-9.408013343811035,-5.09453821182251
19299,-5.566439628601074,4.710824012756348
19300,0.02668662741780281,2.0961737632751465
19301,9.893413543701172,17.85491371154785
19302,3.5972232818603516,2.9086368083953857
19303,8.19681167602539,0.3317616283893585
19304,-6.688846588134766,3.532557725906372
19305,2.5343666076660156,20.97671890258789
19306,0.0834951251745224,-1.6343969106674194
19307,12.575736045837402,-0.37352749705314636
19308,-10.465657234191895,-6.993722915649414
19309,-3.800771951675415,-1.1820870637893677
19310,9.258861541748047,-0.14077302813529968
19311,3.729811668395996,-9.825831413269043
19312,0.7373213768005371,-4.129028797149658
19313,-0.2661326229572296,-0.7833570241928101
19314,1.6804569959640503,-1.417443871498108
19315,-0.5586937069892883,-1.7522177696228027
19316,13.667763710021973,-2.6799402236938477
19317,-1.8047620058059692,-10.741110801696777
19318,3.3148841857910156,-2.4088757038116455
19319,1.2471266984939575,-6.9682440757751465
19320,-15.200111389160156,-3.7103431224823
19321,-6.952328205108643,0.625556468963623
19322,-5.480753421783447,1.0584980249404907
19323,-7.7703857421875,-0.5038071274757385
19324,-1.843140721321106,-6.294567584991455
19325,-16.37124252319336,-17.51442527770996
19326,17.220991134643555,16.041624069213867
19327,-13.622879028320312,-17.32122802734375
19328,1.6673601865768433,-10.013748168945312
19329,4.714566707611084,-8.945219039916992
19330,-10.104516983032227,-1.3857898712158203
19331,-6.712637424468994,0.1335703432559967
19332,-13.421900749206543,-5.378096580505371
19333,8.84757137298584,2.1515583992004395
19334,-9.158844947814941,-14.500871658325195
19335,-11.7223539352417,-3.7170491218566895
19336,12.921276092529297,-0.3730776011943817
19337,-5.576818466186523,-1.6934318542480469
19338,-22.080785751342773,-21.70319175720215
19339,8.80419921875,5.8725481033325195
19340,1.7983673810958862,-3.025015354156494
19341,1.6764651536941528,-1.4552608728408813
19342,2.025193452835083,-2.152886152267456
19343,-20.188112258911133,-16.026060104370117
19344,-6.610761642456055,0.536483883857727
19345,11.00561809539795,16.231151580810547
19346,-4.049037456512451,0.8955525159835815
19347,11.200849533081055,19.41178321838379
19348,-2.8862404823303223,-2.223440170288086
19349,12.40274715423584,-1.8424712419509888
19350,4.126144886016846,20.343181610107422
19351,1.300428032875061,-6.850719928741455
19352,0.38774314522743225,-0.12911415100097656
19353,-6.3468403816223145,-11.068102836608887
19354,-5.837969779968262,-5.202590465545654
19355,-22.356599807739258,-18.91399383544922
19356,1.350035309791565,-5.817219257354736
19357,-11.652846336364746,1.7879071235656738
19358,-10.101912498474121,-1.5287246704101562
19359,-8.621455192565918,-3.36618971824646
19360,-1.46727454662323,-0.7549948692321777
19361,5.766515731811523,4.547384262084961
19362,-9.283251762390137,-3.446570873260498
19363,-20.11212158203125,-19.267202377319336
19364,-6.481013298034668,3.724788188934326
19365,3.541868209838867,-8.635281562805176
19366,-0.7728310823440552,-2.24863600730896
19367,1.1706678867340088,-3.5639455318450928
19368,-18.15317153930664,-9.804591178894043
19369,-9.151503562927246,-1.7410657405853271
19370,-13.190054893493652,-16.916275024414062
19371,-1.8582338094711304,-0.8008031845092773
19372,12.375465393066406,0.5742530822753906
19373,-4.912761211395264,-2.1629672050476074
19374,14.710509300231934,8.062093734741211
19375,-10.233000755310059,3.9830164909362793
19376,-10.001086235046387,-3.4689598083496094
19377,-5.823853969573975,-2.5893962383270264
19378,-10.932144165039062,1.4891194105148315
19379,3.9182276725769043,-2.6949715614318848
19380,-4.352625370025635,3.3349454402923584
19381,-0.034977298229932785,2.505976915359497
19382,-4.570494651794434,-4.125316619873047
19383,11.619711875915527,2.9082136154174805
19384,0.29319116473197937,1.591601848602295
19385,-5.528682708740234,-6.7999653816223145
19386,10.950277328491211,5.660615921020508
19387,-26.867198944091797,-21.352317810058594
19388,-4.330127239227295,-8.393046379089355
19389,6.94035005569458,5.871960163116455
19390,21.042333602905273,26.066944122314453
19391,1.8055617809295654,-7.143812656402588
19392,-10.676827430725098,-3.817660331726074
19393,8.961398124694824,8.24594783782959
19394,5.405820846557617,-8.72989559173584
19395,0.47473785281181335,-1.7359037399291992
19396,23.849292755126953,35.24512481689453
19397,-10.247815132141113,3.6351051330566406
19398,2.0822629928588867,6.642593860626221
19399,-9.471087455749512,4.575043201446533
19400,1.2478598356246948,-7.026512145996094
19401,-11.217879295349121,1.2727700471878052
19402,-16.157339096069336,-19.50486183166504
19403,1.6071399450302124,-4.690064907073975
19404,1.3862941265106201,-7.505768299102783
19405,-8.876973152160645,3.8506417274475098
19406,-1.3148962259292603,-1.9669171571731567
19407,2.9163548946380615,2.6289892196655273
19408,-5.929821968078613,-0.43167218565940857
19409,4.597700595855713,18.856002807617188
19410,11.9525728225708,-1.8376425504684448
19411,8.922364234924316,1.6132371425628662
19412,1.5535186529159546,-9.274523735046387
19413,1.5769541263580322,-7.149812698364258
19414,-5.7832512855529785,-3.7228593826293945
19415,-0.11376796662807465,2.9464612007141113
19416,1.7393749952316284,-6.135657787322998
19417,-3.2476372718811035,0.9091618061065674
19418,22.031795501708984,25.813905715942383
19419,12.944586753845215,5.587527751922607
19420,1.5133925676345825,5.660154342651367
19421,-9.893502235412598,-2.379422664642334
19422,0.23640437424182892,1.6737146377563477
19423,-11.497780799865723,-1.634211778640747
19424,-21.226511001586914,-19.962474822998047
19425,-4.551229476928711,-7.130253314971924
19426,-8.03979778289795,-4.514350414276123
19427,0.242129385471344,-2.238952159881592
19428,6.71528434753418,-2.385218620300293
19429,11.968588829040527,5.858197212219238
19430,5.7069783210754395,-0.8934133052825928
19431,2.3158669471740723,-5.727644443511963
19432,2.1220879554748535,-5.350399971008301
19433,1.1664632558822632,-4.063446521759033
19434,0.2860852777957916,10.712342262268066
19435,-5.856639385223389,0.021640025079250336
19436,12.883959770202637,6.479165077209473
19437,1.0549176931381226,-3.097156524658203
19438,-14.028717041015625,-7.2183918952941895
19439,-1.7605262994766235,6.818601608276367
19440,22.328479766845703,26.65956687927246
19441,-7.32808780670166,2.844269275665283
19442,3.2582638263702393,4.1043524742126465
19443,14.055636405944824,7.419371128082275
19444,-8.950420379638672,-13.224038124084473
19445,8.557883262634277,-0.9643690586090088
19446,3.057213068008423,8.372446060180664
19447,1.1464229822158813,-3.600551128387451
19448,1.6972339153289795,-8.357623100280762
19449,-1.336573839187622,-7.3096723556518555
19450,-10.760221481323242,3.6874237060546875
19451,13.161344528198242,1.4787697792053223
19452,11.781630516052246,-0.709155797958374
19453,2.485149383544922,0.5914673805236816
19454,0.8432560563087463,-6.274763107299805
19455,7.740259170532227,12.27425765991211
19456,15.756573677062988,8.80445384979248
19457,-24.546649932861328,-12.246060371398926
19458,-1.9290465116500854,10.042906761169434
19459,-9.6121244430542,7.475559711456299
19460,1.6244148015975952,-5.99874210357666
19461,2.127559185028076,-3.2088496685028076
19462,-2.6432271003723145,-7.8526740074157715
19463,-3.915231227874756,-6.953463077545166
19464,8.477627754211426,0.026607297360897064
19465,-7.721399307250977,1.6933624744415283
19466,-6.061183929443359,-2.5495874881744385
19467,6.484057426452637,-3.888812780380249
19468,12.256571769714355,0.08193971961736679
19469,-10.49931812286377,0.6609829664230347
19470,-0.4264678657054901,-2.0602667331695557
19471,10.345637321472168,-0.4160468280315399
19472,0.16428054869174957,-7.612789630889893
19473,-1.1861891746520996,5.840947151184082
19474,-1.9109665155410767,0.9179247617721558
19475,-8.99677562713623,2.092027425765991
19476,0.889266848564148,-3.566988945007324
19477,-0.0560479573905468,-4.814867973327637
19478,-12.409147262573242,-10.71524429321289
19479,-11.032509803771973,-2.1856768131256104
19480,-17.96942901611328,-20.803911209106445
19481,-7.568490982055664,-0.7702611684799194
19482,13.354535102844238,7.417153835296631
19483,7.078991889953613,0.13756707310676575
19484,4.208709239959717,-2.119933843612671
19485,4.336359024047852,21.726884841918945
19486,1.9977554082870483,-9.258515357971191
19487,-9.457098960876465,-7.955624103546143
19488,12.195337295532227,-2.652329444885254
19489,11.041797637939453,-1.660712480545044
19490,12.732743263244629,8.62728214263916
19491,-5.094578742980957,-4.21566915512085
19492,16.460205078125,10.016758918762207
19493,17.547075271606445,12.287667274475098
19494,-7.81074333190918,4.971119403839111
19495,6.37125301361084,-1.0954322814941406
19496,-7.064935684204102,-6.1005964279174805
19497,2.0303280353546143,-5.489352703094482
19498,1.73025381565094,-5.660464763641357
19499,5.871203899383545,4.654087543487549
19500,15.737845420837402,-1.3027732372283936
19501,-1.3328391313552856,13.188862800598145
19502,-13.189663887023926,-8.252700805664062
19503,8.226832389831543,-1.260385274887085
19504,-8.354321479797363,2.1955113410949707
19505,-6.692209243774414,-4.186867713928223
19506,-14.496420860290527,1.3923003673553467
19507,-11.423667907714844,6.913568496704102
19508,8.354575157165527,-3.755319595336914
19509,-6.954354286193848,7.825982093811035
19510,-5.5757269859313965,0.9313342571258545
19511,-9.864480018615723,6.850800514221191
19512,-8.028114318847656,-0.5967114567756653
19513,16.145061492919922,10.095146179199219
19514,0.34446844458580017,-2.314544200897217
19515,1.587699294090271,-1.3983285427093506
19516,1.8597439527511597,-4.019108295440674
19517,1.3588558435440063,-9.065803527832031
19518,-5.71903133392334,7.91442346572876
19519,-4.712795257568359,-3.512871742248535
19520,2.1163322925567627,-4.451199054718018
19521,12.50827407836914,6.2108154296875
19522,-3.2470502853393555,-7.9497504234313965
19523,-9.732423782348633,-1.7768594026565552
19524,5.543511867523193,6.945417881011963
19525,-0.09730051457881927,3.0740180015563965
19526,-10.44715404510498,-3.717884063720703
19527,-10.350593566894531,1.5625028610229492
19528,-3.758242130279541,5.504002094268799
19529,0.12291266024112701,-0.08716356754302979
19530,20.059032440185547,31.229829788208008
19531,0.9080743193626404,-7.430356979370117
19532,-13.358588218688965,-12.899046897888184
19533,4.089881896972656,18.94200897216797
19534,-15.42266845703125,-9.921968460083008
19535,-1.559186339378357,-2.7381157875061035
19536,1.4534987211227417,-3.8086745738983154
19537,-3.462876796722412,-10.664368629455566
19538,-4.561923980712891,3.2361762523651123
19539,0.4238605201244354,-6.944972991943359
19540,-8.361315727233887,-3.035461902618408
19541,5.056778907775879,-0.8679821491241455
19542,-5.926837921142578,-4.0507025718688965
19543,8.182825088500977,-1.0164700746536255
19544,1.1664009094238281,-2.077880859375
19545,-8.748329162597656,2.803513526916504
19546,-7.596141815185547,8.418973922729492
19547,-5.726306438446045,-0.5743266344070435
19548,-7.461462020874023,4.390568256378174
19549,10.615254402160645,0.08553459495306015
19550,-9.067885398864746,-3.0802369117736816
19551,-7.50034236907959,-2.8266313076019287
19552,-5.8655853271484375,-5.213501453399658
19553,1.5946439504623413,-1.5543372631072998
19554,-0.7976998686790466,-2.7791671752929688
19555,1.5168747901916504,8.173911094665527
19556,-5.970030307769775,4.224447250366211
19557,-0.3081127405166626,-0.6353237628936768
19558,-7.485467910766602,-5.493267059326172
19559,6.0833282470703125,11.540266036987305
19560,2.437591552734375,-4.445570468902588
19561,6.980033874511719,-2.671595811843872
19562,1.1440062522888184,-1.3992558717727661
19563,6.929439067840576,-1.0659806728363037
19564,3.436541795730591,0.5294541120529175
19565,-0.41070181131362915,-7.87545108795166
19566,2.138646364212036,2.693366527557373
19567,6.147246360778809,18.665616989135742
19568,-2.9736950397491455,5.413787364959717
19569,2.182767868041992,-1.8913521766662598
19570,-8.560665130615234,-2.900017023086548
19571,7.137049674987793,6.029645919799805
19572,-8.13420581817627,-8.126260757446289
19573,-12.762177467346191,-13.936638832092285
19574,13.44206428527832,7.306100845336914
19575,0.05430026724934578,-6.469000339508057
19576,-0.7886122465133667,0.003702692687511444
19577,-1.5936442613601685,-3.7313594818115234
19578,0.10500092804431915,-4.595733165740967
19579,6.819967269897461,-3.1361498832702637
19580,9.397150039672852,-0.4482671916484833
19581,-0.8209927082061768,0.021350108087062836
19582,2.129911422729492,0.6030465364456177
19583,12.69335651397705,4.080515384674072
19584,-7.141968250274658,0.015173815190792084
19585,2.0627427101135254,-7.168313503265381
19586,5.777614116668701,20.026399612426758
19587,-1.7543679475784302,5.250600337982178
19588,-7.86397647857666,-1.7127336263656616
19589,-2.6180639266967773,-3.3472979068756104
19590,1.7310343980789185,-3.644528388977051
19591,-10.523695945739746,2.314871311187744
19592,-0.13648532330989838,4.211350440979004
19593,-6.815202236175537,-0.719375491142273
19594,10.833235740661621,7.261192798614502
19595,0.45090535283088684,-3.6126747131347656
19596,-17.22342300415039,-19.494897842407227
19597,-7.796881198883057,2.8171517848968506
19598,-18.524951934814453,-8.4319429397583
19599,5.509130001068115,7.377748966217041
19600,5.304653167724609,-4.2047200202941895
19601,-6.160642147064209,-2.366689682006836
19602,9.575870513916016,12.634406089782715
19603,0.4526287913322449,-3.5292413234710693
19604,-1.5910958051681519,11.896841049194336
19605,1.1314332485198975,-7.439517498016357
19606,-2.1809630393981934,7.4138054847717285
19607,19.828487396240234,17.860862731933594
19608,14.428421974182129,7.296010494232178
19609,0.35927101969718933,-0.8840076923370361
19610,19.508819580078125,18.279478073120117
19611,-7.044443607330322,2.4200854301452637
19612,7.542486190795898,6.626097202301025
19613,-9.05129623413086,-14.144591331481934
19614,-2.136931896209717,-1.8322956562042236
19615,22.426433563232422,23.9547176361084
19616,1.8461740016937256,-1.080880045890808
19617,0.07756868004798889,1.6991705894470215
19618,-25.120464324951172,-21.248659133911133
19619,-27.319486618041992,-20.352624893188477
19620,-25.934024810791016,-22.255727767944336
19621,0.6542091369628906,-3.673996925354004
19622,1.0942906141281128,-6.609992504119873
19623,-14.691637992858887,9.784926414489746
19624,13.434464454650879,-3.8476428985595703
19625,-10.79337215423584,-4.601984024047852
19626,-11.092864036560059,-16.854156494140625
19627,0.41046980023384094,-1.8309993743896484
19628,-0.5044968724250793,-3.383822202682495
19629,-8.326457023620605,-15.021270751953125
19630,9.50855541229248,-1.800133466720581
19631,-7.318280220031738,-12.76250171661377
19632,11.46970272064209,2.972655773162842
19633,-5.989828109741211,-2.5263166427612305
19634,9.990344047546387,-0.3940877616405487
19635,16.91363525390625,12.32779598236084
19636,-8.761384010314941,-0.063451386988163
19637,1.9970364570617676,-1.5130566358566284
19638,2.0429065227508545,13.239096641540527
19639,-0.42261746525764465,1.2070971727371216
19640,12.219346046447754,0.01900031417608261
19641,-5.295680522918701,-5.261178016662598
19642,-6.880128383636475,0.7412794828414917
19643,-5.4135565757751465,-7.2904276847839355
19644,3.3641886711120605,0.7904041409492493
19645,-3.2232799530029297,-10.828370094299316
19646,8.250679969787598,-1.52568519115448
19647,11.546356201171875,1.4034229516983032
19648,1.5910307168960571,16.379610061645508
19649,-19.222585678100586,-20.325345993041992
19650,-7.951245307922363,4.369136333465576
19651,-10.19442081451416,-1.385230541229248
19652,1.097682237625122,-6.989918231964111
19653,-5.484870433807373,7.464849948883057
19654,12.377352714538574,5.766783237457275
19655,-13.139365196228027,-16.33392906188965
19656,-9.821269035339355,-9.65280532836914
19657,-6.284045219421387,-10.644497871398926
19658,0.21484918892383575,1.6698561906814575
19659,-17.404476165771484,-7.203877925872803
19660,3.7197508811950684,4.327493667602539
19661,9.661502838134766,-1.6676890850067139
19662,1.388513207435608,-4.1029157638549805
19663,-4.413431644439697,-11.449397087097168
19664,2.809087038040161,-5.700719356536865
19665,0.5898715257644653,-8.354926109313965
19666,-5.362462520599365,-3.3888256549835205
19667,1.1776200532913208,-2.754188060760498
19668,1.5230755805969238,-4.488949298858643
19669,-6.320765495300293,-7.076907157897949
19670,-1.0592859983444214,2.3605659008026123
19671,-1.472726583480835,-3.133505344390869
19672,16.233203887939453,10.920007705688477
19673,9.421658515930176,5.179875373840332
19674,-5.861672401428223,-5.034199237823486
19675,0.590175211429596,-0.2527126371860504
19676,2.6937172412872314,-4.251601696014404
19677,-16.837202072143555,-5.274032115936279
19678,-0.06875856220722198,0.33272722363471985
19679,-5.866284370422363,2.769531011581421
19680,-5.029175758361816,-1.0273603200912476
19681,-13.723042488098145,-14.675463676452637
19682,1.340909719467163,-3.548548936843872
19683,-14.568345069885254,-8.355441093444824
19684,0.629531979560852,-6.605484485626221
19685,6.992771148681641,22.38429832458496
19686,10.246376991271973,17.223222732543945
19687,2.1483898162841797,-3.7196576595306396
19688,1.2030318975448608,-1.250887393951416
19689,2.635711669921875,-0.2215401530265808
19690,8.167954444885254,2.8946163654327393
19691,-7.304543495178223,-0.21193960309028625
19692,2.154097080230713,-4.7786455154418945
19693,1.9422509670257568,-2.946439504623413
19694,-0.029148545116186142,-5.145554065704346
19695,1.1120606660842896,0.6568363308906555
19696,23.223859786987305,27.60311508178711
19697,-3.2814269065856934,1.6358753442764282
19698,-10.166708946228027,4.209359169006348
19699,-24.333255767822266,-19.9901180267334
19700,0.8083733320236206,-4.391717433929443
19701,-12.376273155212402,-16.64280128479004
19702,20.525131225585938,15.893138885498047
19703,11.686015129089355,-0.9033732414245605
19704,-8.444724082946777,-0.8852545619010925
19705,10.550460815429688,-0.8944981098175049
19706,-10.754494667053223,-8.457447052001953
19707,10.058293342590332,-1.5631067752838135
19708,14.28447437286377,7.309911727905273
19709,0.1805272251367569,-0.9335660934448242
19710,-8.10876178741455,-1.456296682357788
19711,1.7537510395050049,-2.871199369430542
19712,-8.966296195983887,-0.17109379172325134
19713,10.73300552368164,24.192358016967773
19714,-20.59354591369629,-19.270593643188477
19715,2.6456196308135986,-9.646705627441406
19716,-6.216934680938721,-3.085340976715088
19717,-9.194128036499023,-1.1952393054962158
19718,-2.917017936706543,2.1304867267608643
19719,-12.304940223693848,-2.8474130630493164
19720,-8.654287338256836,1.4665147066116333
19721,-8.25576114654541,-2.507520914077759
19722,8.695775032043457,-1.59044349193573
19723,0.08897070586681366,-5.565345764160156
19724,9.384675025939941,-0.13862034678459167
19725,0.28330156207084656,-5.923031330108643
19726,-10.863097190856934,-2.7753801345825195
19727,-4.015709400177002,-9.054094314575195
19728,0.6257103681564331,-5.785733699798584
19729,-9.462828636169434,-12.66394329071045
19730,13.019492149353027,7.268870830535889
19731,-4.468008041381836,-3.8400492668151855
19732,-8.90554141998291,-5.216493606567383
19733,10.109640121459961,-2.7197391986846924
19734,-10.804471015930176,-5.193924903869629
19735,-2.82444429397583,6.057287216186523
19736,-25.196823120117188,-21.909133911132812
19737,1.9293733835220337,-4.393466472625732
19738,0.6211122274398804,9.620744705200195
19739,13.896843910217285,-1.9243481159210205
19740,2.846463680267334,5.7941508293151855
19741,15.70004940032959,10.992827415466309
19742,-6.967617988586426,-5.727221965789795
19743,1.614458441734314,-5.419454097747803
19744,6.678533554077148,22.937498092651367
19745,2.005972385406494,6.262046813964844
19746,-13.774603843688965,-6.576799392700195
19747,-11.290520668029785,-3.8161959648132324
19748,-7.870868682861328,-2.821528911590576
19749,8.211691856384277,7.181265354156494
19750,-7.307356834411621,-2.337695360183716
19751,6.2660746574401855,15.568205833435059
19752,-11.960648536682129,8.954338073730469
19753,1.1964097023010254,-6.154672145843506
19754,3.944338321685791,12.716625213623047
19755,-0.057775963097810745,-0.7634729146957397
19756,-9.189741134643555,-2.975724935531616
19757,-8.661120414733887,-3.3769633769989014
19758,9.879413604736328,-1.3905099630355835
19759,-3.9321787357330322,-5.3122429847717285
19760,3.4090352058410645,11.546326637268066
19761,-6.445910453796387,7.208754062652588
19762,-22.305906295776367,-9.050662994384766
19763,10.493090629577637,2.624265193939209
19764,-21.212406158447266,-19.401582717895508
19765,-14.712594985961914,-10.162705421447754
19766,2.24745774269104,-0.3975631892681122
19767,8.740571975708008,-1.0732505321502686
19768,11.243264198303223,4.816603660583496
19769,-0.6733419895172119,-2.446279287338257
19770,4.242973327636719,4.250080108642578
19771,1.63889479637146,11.722457885742188
19772,-7.732458114624023,-2.209401845932007
19773,2.2854371070861816,-7.28187894821167
19774,8.238303184509277,0.5050787925720215
19775,-0.5029473900794983,1.7981103658676147
19776,-3.845902442932129,-0.7927128076553345
19777,5.676623344421387,-8.80794906616211
19778,0.024677898734807968,-0.010338634252548218
19779,-12.299878120422363,-10.917510986328125
19780,12.508878707885742,3.405855178833008
19781,7.7947893142700195,6.954391956329346
19782,1.1117149591445923,-2.407160758972168
19783,-0.45980194211006165,-1.96946120262146
19784,3.4634287357330322,-8.863324165344238
19785,1.618404507637024,-6.078244209289551
19786,-11.1810884475708,-6.887660503387451
19787,1.2563925981521606,-4.963377952575684
19788,9.574491500854492,-0.6472595930099487
19789,2.8858306407928467,-6.271674156188965
19790,-14.657273292541504,-18.33054542541504
19791,-8.271647453308105,9.17873477935791
19792,9.154662132263184,8.423269271850586
19793,-7.58882999420166,-3.5678770542144775
19794,-14.995059967041016,-5.741105556488037
19795,2.169654369354248,-6.418247222900391
19796,2.4705429077148438,-4.417394161224365
19797,1.1519443988800049,-3.578462839126587
19798,12.293745994567871,4.2033538818359375
19799,0.07087938487529755,-0.6313058137893677
19800,5.009767055511475,-8.689547538757324
19801,5.319240570068359,14.83562183380127
19802,8.539493560791016,7.852031230926514
19803,-7.9456024169921875,-3.2298004627227783
19804,-11.430797576904297,2.666191816329956
19805,-8.043549537658691,5.646617889404297
19806,1.408077359199524,-5.394815444946289
19807,-24.662220001220703,-19.551542282104492
19808,-6.588294506072998,2.255669116973877
19809,-10.923537254333496,5.003687858581543
19810,10.003166198730469,-1.8098691701889038
19811,-20.868915557861328,-17.017526626586914
19812,11.536800384521484,0.6914088726043701
19813,6.906547546386719,-4.512973308563232
19814,6.72800350189209,-2.1286754608154297
19815,-0.8527876138687134,8.787557601928711
19816,-2.2477798461914062,1.912071704864502
19817,-15.452887535095215,-6.571013927459717
19818,-6.29255485534668,-1.6895246505737305
19819,10.784732818603516,-0.918781042098999
19820,-18.591720581054688,-21.007226943969727
19821,-23.995811462402344,-20.617799758911133
19822,-9.38550090789795,-2.0972375869750977
19823,0.3666718304157257,-1.6374908685684204
19824,7.4143781661987305,5.349057197570801
19825,-7.684047222137451,-2.587897300720215
19826,1.3560539484024048,-3.366969108581543
19827,6.846747398376465,4.3282012939453125
19828,-2.4565341472625732,8.81270980834961
19829,-11.243916511535645,-12.017395973205566
19830,2.3370299339294434,-7.865462303161621
19831,7.697462558746338,7.157718181610107
19832,2.1507246494293213,8.122051239013672
19833,15.545848846435547,9.116950988769531
19834,1.801962971687317,-4.546390056610107
19835,0.34413060545921326,-0.5063319206237793
19836,6.705953598022461,13.028965950012207
19837,3.90124249458313,-3.423651695251465
19838,6.252370834350586,-8.310401916503906
19839,-7.323443412780762,-5.604083061218262
19840,9.346216201782227,-3.725123405456543
19841,0.3592468798160553,-0.5996790528297424
19842,1.8155690431594849,-5.202891826629639
19843,9.366930961608887,-5.315673351287842
19844,-1.9790335893630981,-6.091110706329346
19845,-11.091653823852539,-0.8704279661178589
19846,1.288575291633606,-4.806223392486572
19847,-9.217803001403809,-9.471343040466309
19848,-18.943721771240234,-10.441672325134277
19849,2.267430305480957,-4.979201793670654
19850,10.892971992492676,-0.36095520853996277
19851,-9.262938499450684,-0.6170258522033691
19852,12.157605171203613,18.62164878845215
19853,1.038158655166626,-4.637287616729736
19854,0.07643872499465942,-0.5341158509254456
19855,-5.5087432861328125,4.1713128089904785
19856,-5.5762128829956055,-0.9941776394844055
19857,1.4350453615188599,-5.350549697875977
19858,13.33617115020752,-1.6652333736419678
19859,4.762921333312988,-2.358306884765625
19860,-5.560697555541992,-0.8510292768478394
19861,4.413972854614258,12.005608558654785
19862,2.1098458766937256,20.19788932800293
19863,13.379253387451172,-2.700949192047119
19864,-6.244362831115723,4.331553936004639
19865,21.397714614868164,34.2099723815918
19866,15.207513809204102,19.982019424438477
19867,-6.05781364440918,-6.1227641105651855
19868,-6.307342052459717,2.420851469039917
19869,17.088237762451172,17.614166259765625
19870,-7.087978363037109,3.281784772872925
19871,12.840367317199707,-1.4368681907653809
19872,1.3522425889968872,-5.663248538970947
19873,2.420820474624634,-3.9046413898468018
19874,2.151343822479248,-3.3138787746429443
19875,1.572381615638733,-3.9735190868377686
19876,2.132199287414551,0.6155412197113037
19877,-5.054953098297119,0.022564254701137543
19878,14.566880226135254,10.507004737854004
19879,1.2183321714401245,-4.83589506149292
19880,11.533818244934082,-1.1384751796722412
19881,-0.004821520298719406,-3.3015286922454834
19882,-12.059399604797363,-5.944235324859619
19883,-3.448286294937134,-10.563078880310059
19884,3.250398635864258,-2.8235912322998047
19885,-9.13750171661377,-4.466343402862549
19886,-3.904120922088623,3.8904237747192383
19887,14.949234962463379,10.890674591064453
19888,-6.440983772277832,-4.296255111694336
19889,-20.089229583740234,-19.87224578857422
19890,-1.5523444414138794,-1.9894180297851562
19891,-5.3980302810668945,3.7307162284851074
19892,-0.3262638449668884,1.611136555671692
19893,7.867425918579102,-2.3234620094299316
19894,3.133471965789795,-8.900885581970215
19895,-21.185333251953125,-8.334614753723145
19896,3.63022518157959,-2.8987350463867188
19897,3.965404987335205,-9.37903881072998
19898,-7.170949935913086,3.2242350578308105
19899,21.08092498779297,28.0759334564209
19900,1.6883827447891235,-1.7463839054107666
19901,8.1296968460083,-1.9002315998077393
19902,-0.23038719594478607,0.9281772375106812
19903,9.87621784210205,-2.1436400413513184
19904,-1.3003689050674438,-8.112115859985352
19905,2.0184478759765625,-3.184837818145752
19906,-5.5871148109436035,2.358049154281616
19907,0.2621309757232666,-1.8170242309570312
19908,2.0558009147644043,-9.505806922912598
19909,11.318582534790039,1.0505986213684082
19910,2.312131404876709,-4.3748555183410645
19911,-7.91819953918457,10.100690841674805
19912,9.91415786743164,3.1044788360595703
19913,0.4592868387699127,-1.7682483196258545
19914,-9.823043823242188,-1.0287367105484009
19915,-1.4869370460510254,10.806666374206543
19916,-13.107105255126953,-5.757112503051758
19917,1.452492594718933,-3.507456064224243
19918,14.956501960754395,8.750544548034668
19919,10.15403938293457,1.122478723526001
19920,2.2550477981567383,4.1331706047058105
19921,-22.996328353881836,-19.39491844177246
19922,-8.61450481414795,1.8079774379730225
19923,0.6263134479522705,-2.1762607097625732
19924,12.525705337524414,0.7122218608856201
19925,-7.980319023132324,-3.574955940246582
19926,-9.12038516998291,-0.41858425736427307
19927,11.57018756866455,-1.3324629068374634
19928,8.677210807800293,27.7889461517334
19929,5.850559711456299,-0.6237915754318237
19930,15.624800682067871,8.237646102905273
19931,23.122943878173828,24.49835777282715
19932,-12.472596168518066,-18.33385467529297
19933,2.0385091304779053,-10.436964988708496
19934,1.8327127695083618,-3.037184476852417
19935,-10.13764762878418,2.9820311069488525
19936,1.5889263153076172,-3.6404285430908203
19937,10.90271282196045,0.5333216190338135
19938,-9.390735626220703,-9.055477142333984
19939,-22.578353881835938,-20.053171157836914
19940,9.936141014099121,6.004542827606201
19941,-11.963659286499023,-2.254730224609375
19942,2.262178421020508,-2.5430569648742676
19943,-7.26279878616333,-3.590362787246704
19944,-3.739114284515381,4.448013782501221
19945,-20.50857925415039,-21.88243293762207
19946,-10.795501708984375,-1.4419403076171875
19947,2.166471481323242,-4.731789588928223
19948,-0.37994256615638733,-0.8855468034744263
19949,5.824947357177734,27.3144588470459
19950,-16.64461898803711,-12.480317115783691
19951,13.68099308013916,7.5326924324035645
19952,-2.5649490356445312,-7.362585544586182
19953,-7.98171329498291,3.497711420059204
19954,-0.32340529561042786,-1.683199167251587
19955,11.930750846862793,4.234314918518066
19956,-10.000653266906738,-8.978253364562988
19957,13.184151649475098,8.312938690185547
19958,0.35981839895248413,-2.83589506149292
19959,-24.83269691467285,-11.554363250732422
19960,-0.03440531715750694,2.235396146774292
19961,13.619392395019531,7.339998722076416
19962,0.6493279933929443,-1.2190759181976318
19963,-7.3001909255981445,-0.6411802768707275
19964,-4.117473602294922,6.138077259063721
19965,5.666476249694824,14.9240140914917
19966,-6.002124309539795,8.27770709991455
19967,-6.160837173461914,-2.317885398864746
19968,0.9868738651275635,-2.247386932373047
19969,-7.091712951660156,-2.5260438919067383
19970,5.067007541656494,8.721823692321777
19971,-7.777912139892578,-3.818157911300659
19972,10.915801048278809,-1.3768181800842285
19973,6.061521053314209,13.418038368225098
19974,12.734560012817383,8.12010669708252
19975,10.741520881652832,-0.15145370364189148
19976,-2.3748302459716797,-1.0394189357757568
19977,-6.1332221031188965,-0.9866409301757812
19978,6.963109970092773,-0.5669623613357544
19979,-2.27596116065979,-4.635075092315674
19980,2.1941301822662354,-4.201354503631592
19981,13.267218589782715,-2.5779380798339844
19982,8.046137809753418,6.157841205596924
19983,-2.1686575412750244,-3.1217312812805176
19984,-2.0410847663879395,8.490461349487305
19985,-6.698201656341553,-0.8158624172210693
19986,4.2226715087890625,16.38302230834961
19987,13.8228120803833,8.051012992858887
19988,-11.805567741394043,-11.219356536865234
19989,9.948742866516113,14.536375999450684
19990,2.389594078063965,-6.054943561553955
19991,1.671743631362915,-2.8085451126098633
19992,0.08235014975070953,-0.8320919275283813
19993,10.19462776184082,-2.3109400272369385
19994,-7.531187057495117,-0.9100655317306519
19995,4.671891212463379,-4.197485446929932
19996,8.026522636413574,-5.492254734039307
19997,8.321001052856445,-0.36964234709739685
19998,-0.8147478103637695,1.8703315258026123
19999,-0.4229981601238251,3.1267504692077637
