evaluation,filled_cells,coverage,qd_score,raw_qd_score,qd_score_fitness_floor,max_fitness,mean_fitness,occupancy_entropy,mean_pairwise_descriptor_euclidean,mean_pairwise_descriptor_knn_geodesic,pairwise_geodesic_k,pairwise_geodesic_finite_fraction,pairwise_geodesic_disconnected_pairs
1,1,0.0016,6.296000000000001,1.296000000000001,-5.0,1.296000000000001,1.296000000000001,0.0,nan,nan,5,nan,-1
25,11,0.0176,87.94699999999993,32.946999999999925,-5.0,9.222999999999951,2.9951818181818113,0.37247402560124454,nan,nan,5,nan,-1
50,23,0.0368,181.46099999999998,66.46099999999994,-5.0,9.222999999999951,2.8896086956521714,0.4870480233665949,nan,nan,5,nan,-1
75,33,0.0528,283.9909999999998,118.99099999999984,-5.0,10.263999999999951,3.605787878787874,0.5431255742227409,nan,nan,5,nan,-1
100,43,0.0688,351.18199999999985,136.18199999999982,-5.0,10.263999999999951,3.167023255813949,0.584241256937516,nan,nan,5,nan,-1
125,55,0.088,443.10799999999983,168.1079999999998,-5.0,10.263999999999951,3.0565090909090875,0.6224740256012445,nan,nan,5,nan,-1
150,66,0.1056,531.5649999999998,201.56499999999983,-5.0,10.263999999999951,3.054015151515149,0.6507947137410891,nan,nan,5,nan,-1
175,74,0.1184,596.3829999999999,226.3829999999998,-5.0,10.263999999999951,3.059229729729727,0.6685665007565806,nan,nan,5,nan,-1
200,79,0.1264,634.3729999999998,239.3729999999998,-5.0,10.263999999999951,3.0300379746835415,0.6787226488685584,nan,nan,5,nan,-1
225,89,0.1424,691.0459999999998,246.04599999999982,-5.0,10.263999999999951,2.764561797752807,0.6972366462623532,nan,nan,5,nan,-1
250,95,0.152,758.0689999999998,283.06899999999985,-5.0,10.263999999999951,2.9796736842105247,0.7073707001087877,nan,nan,5,nan,-1
275,103,0.1648,827.1819999999998,312.18199999999973,-5.0,10.263999999999951,3.0308932038834926,0.7199297581507992,nan,nan,5,nan,-1
300,109,0.1744,876.1789999999997,331.17899999999975,-5.0,10.263999999999951,3.038339449541282,0.7287245823503046,nan,nan,5,nan,-1
325,121,0.1936,1000.9659999999998,395.96599999999967,-5.0,10.263999999999951,3.272446280991733,0.7449480512024891,nan,nan,5,nan,-1
350,134,0.2144,1110.0479999999998,440.04799999999955,-5.0,10.263999999999951,3.2839402985074595,0.7607997428964904,nan,nan,5,nan,-1
375,144,0.2304,1189.4619999999995,469.46199999999953,-5.0,10.263999999999951,3.2601527777777743,0.7719796553163858,nan,nan,5,nan,-1
400,150,0.24,1262.1279999999997,512.1279999999995,-5.0,10.263999999999951,3.414186666666663,0.7783206881398446,nan,nan,5,nan,-1
425,159,0.2544,1373.7929999999992,578.7929999999992,-5.0,10.263999999999951,3.6402075471698065,0.7873718151938622,nan,nan,5,nan,-1
450,166,0.2656,1429.3279999999993,599.3279999999993,-5.0,10.263999999999951,3.610409638554213,0.794064149487012,nan,nan,5,nan,-1
475,178,0.2848,1550.4439999999995,660.4439999999993,-5.0,10.511000000000005,3.710359550561794,0.8049057857807015,nan,nan,5,nan,-1
500,184,0.2944,1618.9339999999993,698.9339999999993,-5.0,10.511000000000005,3.7985543478260833,0.8100554419216398,nan,nan,5,nan,-1
525,196,0.3136,1753.055999999999,773.0559999999989,-5.0,12.854999999999919,3.9441632653061167,0.8198692565977803,nan,nan,5,nan,-1
550,204,0.3264,1851.3129999999987,831.312999999999,-5.0,12.854999999999919,4.075063725490191,0.8260834345888398,nan,nan,5,nan,-1
575,212,0.3392,1943.461999999999,883.4619999999989,-5.0,12.854999999999919,4.167273584905655,0.8320585456090624,nan,nan,5,nan,-1
600,220,0.352,2023.131999999999,923.1319999999988,-5.0,12.854999999999919,4.19605454545454,0.8378123046379412,nan,nan,5,nan,-1
625,225,0.36,2086.190999999999,961.1909999999988,-5.0,12.854999999999919,4.271959999999995,0.8413030972429927,nan,nan,5,nan,-1
650,229,0.3664,2135.1989999999987,990.1989999999987,-5.0,12.854999999999919,4.324013100436676,0.8440403263733741,nan,nan,5,nan,-1
675,238,0.3808,2224.4279999999985,1034.4279999999987,-5.0,12.854999999999919,4.346336134453776,0.8500282352295372,nan,nan,5,nan,-1
700,246,0.3936,2320.2929999999988,1090.2929999999983,-5.0,18.439999999999888,4.432085365853651,0.8551637024018754,nan,nan,5,nan,-1
725,249,0.3984,2370.7039999999984,1125.7039999999984,-5.0,18.439999999999888,4.520899598393568,0.85704655859016,nan,nan,5,nan,-1
750,255,0.408,2455.520999999998,1180.5209999999984,-5.0,18.439999999999888,4.629494117647052,0.8607451555521433,nan,nan,5,nan,-1
775,263,0.4208,2571.199999999998,1256.1999999999982,-5.0,18.439999999999888,4.776425855513302,0.8655434902348121,nan,nan,5,nan,-1
800,266,0.4256,2639.118999999998,1309.118999999998,-5.0,18.439999999999888,4.921499999999993,0.8673053284076778,nan,nan,5,nan,-1
825,269,0.4304,2716.552999999998,1371.552999999998,-5.0,18.439999999999888,5.098710037174714,0.8690474072312061,nan,nan,5,nan,-1
850,276,0.4416,2808.3639999999978,1428.3639999999978,-5.0,18.439999999999888,5.175231884057963,0.8730378510247877,nan,nan,5,nan,-1
875,283,0.4528,2878.468999999998,1463.4689999999978,-5.0,18.439999999999888,5.171268551236741,0.8769283446767312,nan,nan,5,nan,-1
900,287,0.4592,2930.0979999999977,1495.0979999999977,-5.0,18.439999999999888,5.209400696864104,0.8791085030425728,nan,nan,5,nan,-1
925,291,0.4656,2992.1429999999973,1537.1429999999978,-5.0,18.439999999999888,5.2822783505154565,0.8812584852358807,nan,nan,5,nan,-1
950,294,0.4704,3032.4609999999975,1562.4609999999975,-5.0,18.439999999999888,5.314493197278903,0.8828516657009284,nan,nan,5,nan,-1
975,297,0.4752,3077.7649999999976,1592.7649999999976,-5.0,18.439999999999888,5.36284511784511,0.8844286714657336,nan,nan,5,nan,-1
1000,301,0.4816,3150.1089999999976,1645.1089999999972,-5.0,18.439999999999888,5.465478405315605,0.8865067457180579,1.0462737428745499,1.2381525941866436,5,1.0,0
1025,304,0.4864,3212.7779999999975,1692.7779999999973,-5.0,18.439999999999888,5.568348684210517,0.8880472581821808,nan,nan,5,nan,-1
1050,311,0.4976,3292.562999999997,1737.5629999999971,-5.0,18.439999999999888,5.587019292604492,0.891583463368652,nan,nan,5,nan,-1
1075,314,0.5024,3344.364999999997,1774.364999999997,-5.0,18.439999999999888,5.650843949044576,0.893074678664199,nan,nan,5,nan,-1
1100,318,0.5088,3400.7749999999974,1810.7749999999971,-5.0,18.439999999999888,5.694261006289299,0.8950409547122106,nan,nan,5,nan,-1
1125,323,0.5168,3480.068999999997,1865.068999999997,-5.0,18.439999999999888,5.774207430340548,0.8974643070394347,nan,nan,5,nan,-1
1150,326,0.5216,3529.4019999999973,1899.4019999999966,-5.0,18.439999999999888,5.826386503067474,0.8989003764386682,nan,nan,5,nan,-1
1175,336,0.5376,3651.0849999999964,1971.0849999999969,-5.0,18.439999999999888,5.866324404761896,0.9035935954754313,nan,nan,5,nan,-1
1200,338,0.5408,3683.3199999999965,1993.3199999999965,-5.0,18.439999999999888,5.897396449704131,0.9045154601018894,nan,nan,5,nan,-1
1225,346,0.5536,3775.1559999999963,2045.1559999999965,-5.0,18.439999999999888,5.91085549132947,0.9081491634268172,nan,nan,5,nan,-1
1250,350,0.56,3848.706999999996,2098.7069999999967,-5.0,18.439999999999888,5.996305714285705,0.9099346282988902,nan,nan,5,nan,-1
1275,356,0.5696,3934.6609999999964,2154.6609999999964,-5.0,18.439999999999888,6.052418539325832,0.9125749252990497,nan,nan,5,nan,-1
1300,363,0.5808,4025.1839999999956,2210.1839999999966,-5.0,18.439999999999888,6.0886611570247835,0.9155995998239853,nan,nan,5,nan,-1
1325,367,0.5872,4092.739999999996,2257.739999999996,-5.0,18.439999999999888,6.151880108991815,0.9173019043529538,nan,nan,5,nan,-1
1350,370,0.592,4148.728999999996,2298.7289999999957,-5.0,18.439999999999888,6.2127810810810695,0.9185665007565805,nan,nan,5,nan,-1
1375,371,0.5936,4163.060999999996,2308.060999999996,-5.0,18.439999999999888,6.221188679245272,0.9189857553529078,nan,nan,5,nan,-1
1400,375,0.6,4218.132999999996,2343.1329999999957,-5.0,18.439999999999888,6.248354666666655,0.9206515486214963,nan,nan,5,nan,-1
1425,381,0.6096,4298.527999999996,2393.5279999999957,-5.0,18.439999999999888,6.282225721784766,0.9231172152113127,nan,nan,5,nan,-1
1450,382,0.6112,4328.888999999996,2418.8889999999956,-5.0,18.439999999999888,6.3321701570680515,0.9235243811944835,nan,nan,5,nan,-1
1475,384,0.6144,4375.136999999995,2455.1369999999956,-5.0,18.439999999999888,6.393585937499989,0.9243355252499342,nan,nan,5,nan,-1
1500,386,0.6176,4421.858999999995,2491.858999999996,-5.0,18.439999999999888,6.4555932642486935,0.9251424555510304,nan,nan,5,nan,-1
1525,388,0.6208,4454.364999999995,2514.3649999999952,-5.0,18.439999999999888,6.480322164948442,0.9259452156510809,nan,nan,5,nan,-1
1550,389,0.6224,4493.676999999995,2548.6769999999956,-5.0,18.439999999999888,6.551868894601531,0.926345045302055,nan,nan,5,nan,-1
1575,394,0.6304,4577.408999999994,2607.408999999995,-5.0,18.439999999999888,6.617789340101511,0.9283289002834771,nan,nan,5,nan,-1
1600,396,0.6336,4609.848999999995,2629.8489999999947,-5.0,18.439999999999888,6.641032828282815,0.9291154018809338,nan,nan,5,nan,-1
1625,400,0.64,4670.076999999995,2670.0769999999948,-5.0,18.439999999999888,6.675192499999987,0.9306765580733931,nan,nan,5,nan,-1
1650,402,0.6432,4711.283999999994,2701.2839999999946,-5.0,18.439999999999888,6.719611940298494,0.9314512915179868,nan,nan,5,nan,-1
1675,406,0.6496,4763.298999999995,2733.298999999995,-5.0,18.439999999999888,6.732263546798017,0.9329892618407651,nan,nan,5,nan,-1
1700,410,0.656,4840.103999999995,2790.103999999995,-5.0,18.439999999999888,6.80513170731706,0.9345121537803792,nan,nan,5,nan,-1
1725,412,0.6592,4885.080999999995,2825.080999999994,-5.0,18.439999999999888,6.8569927184465875,0.9352680371874957,nan,nan,5,nan,-1
1750,413,0.6608,4921.4639999999945,2856.463999999994,-5.0,18.439999999999888,6.91637772397093,0.9356446039989238,nan,nan,5,nan,-1
1775,416,0.6656,4972.272999999994,2892.272999999994,-5.0,18.439999999999888,6.952579326923063,0.9367688578835119,nan,nan,5,nan,-1
1800,418,0.6688,5028.427999999994,2938.4279999999944,-5.0,18.439999999999888,7.029732057416255,0.9375138652283804,nan,nan,5,nan,-1
1825,420,0.672,5088.317999999994,2988.317999999994,-5.0,18.439999999999888,7.115042857142843,0.9382553164387347,nan,nan,5,nan,-1
1850,420,0.672,5134.254999999994,3034.2549999999937,-5.0,18.439999999999888,7.224416666666651,0.9382553164387347,nan,nan,5,nan,-1
1875,421,0.6736,5151.643999999993,3046.6439999999934,-5.0,18.439999999999888,7.2366840855106735,0.938624719070951,nan,nan,5,nan,-1
1900,424,0.6784,5213.421999999993,3093.421999999993,-5.0,18.439999999999888,7.295806603773569,0.9397276851274107,nan,nan,5,nan,-1
1925,427,0.6832,5261.010999999993,3126.010999999993,-5.0,18.439999999999888,7.320868852459,0.9408228746252777,nan,nan,5,nan,-1
1950,430,0.688,5310.419999999993,3160.4199999999933,-5.0,18.439999999999888,7.349813953488356,0.9419103964558643,nan,nan,5,nan,-1
1975,433,0.6928,5363.550999999992,3198.550999999993,-5.0,18.439999999999888,7.386953810623541,0.9429903572392484,nan,nan,5,nan,-1
2000,433,0.6928,5380.763999999993,3215.763999999993,-5.0,18.439999999999888,7.426706697459568,0.9429903572392484,1.0620582123829811,1.197048590555329,5,1.0,0
2025,436,0.6976,5436.370999999993,3256.370999999993,-5.0,18.439999999999888,7.468740825688057,0.9440628613870011,nan,nan,5,nan,-1
2050,438,0.7008,5470.525999999993,3280.5259999999926,-5.0,18.439999999999888,7.489785388127837,0.9447737721639957,nan,nan,5,nan,-1
2075,440,0.704,5503.8069999999925,3303.8069999999925,-5.0,18.439999999999888,7.5086522727272555,0.9454814441562893,nan,nan,5,nan,-1
2100,440,0.704,5527.671999999993,3327.6719999999923,-5.0,20.85499999999996,7.562890909090892,0.9454814441562893,nan,nan,5,nan,-1
2125,441,0.7056,5558.302999999993,3353.3029999999926,-5.0,20.85499999999996,7.6038616780045185,0.9458340748040764,nan,nan,5,nan,-1
2150,442,0.7072,5596.280999999992,3386.2809999999918,-5.0,20.85499999999996,7.6612692307692125,0.9461859067407659,nan,nan,5,nan,-1
2175,443,0.7088,5613.438999999993,3398.438999999992,-5.0,20.85499999999996,7.671419864559802,0.9465369435763559,nan,nan,5,nan,-1
2200,446,0.7136,5665.667999999992,3435.6679999999924,-5.0,20.85499999999996,7.703291479820611,0.9475853192115367,nan,nan,5,nan,-1
2225,448,0.7168,5698.296999999992,3458.2969999999923,-5.0,20.85499999999996,7.719412946428554,0.9482803258906315,nan,nan,5,nan,-1
2250,448,0.7168,5719.839999999992,3479.839999999992,-5.0,20.85499999999996,7.767499999999982,0.9482803258906315,nan,nan,5,nan,-1
2275,449,0.7184,5739.943999999992,3494.9439999999922,-5.0,20.85499999999996,7.783839643652544,0.9486266665773464,nan,nan,5,nan,-1
2300,450,0.72,5770.674999999992,3520.674999999992,-5.0,20.85499999999996,7.823722222222204,0.948972236761341,nan,nan,5,nan,-1
2325,450,0.72,5800.714999999991,3550.7149999999915,-5.0,20.85499999999996,7.890477777777759,0.948972236761341,nan,nan,5,nan,-1
2350,454,0.7264,5858.326999999992,3588.326999999991,-5.0,20.85499999999996,7.90380396475769,0.9503468805435914,nan,nan,5,nan,-1
2375,459,0.7344,5917.8289999999915,3622.8289999999915,-5.0,20.85499999999996,7.892873638344208,0.952048252795136,nan,nan,5,nan,-1
2400,461,0.7376,5950.907999999991,3645.9079999999913,-5.0,20.85499999999996,7.9086941431670095,0.9527236179183435,nan,nan,5,nan,-1
2425,461,0.7376,5967.178999999991,3662.178999999991,-5.0,20.85499999999996,7.943989154012995,0.9527236179183435,nan,nan,5,nan,-1
2450,463,0.7408,6005.357999999991,3690.357999999991,-5.0,20.85499999999996,7.970535637149009,0.9533960593738574,nan,nan,5,nan,-1
2475,466,0.7456,6057.280999999991,3727.280999999991,-5.0,20.85499999999996,7.998457081545045,0.9543992947253913,nan,nan,5,nan,-1
2500,468,0.7488,6099.018999999991,3759.0189999999907,-5.0,20.85499999999996,8.032091880341861,0.9550645365714598,nan,nan,5,nan,-1
2525,469,0.7504,6132.70199999999,3787.701999999991,-5.0,20.85499999999996,8.076123667377379,0.955396092158684,nan,nan,5,nan,-1
2550,470,0.752,6154.8549999999905,3804.854999999991,-5.0,20.85499999999996,8.095436170212746,0.9557269415566897,nan,nan,5,nan,-1
2575,472,0.7552,6202.673999999991,3842.673999999991,-5.0,20.85499999999996,8.141258474576253,0.9563865337734265,nan,nan,5,nan,-1
2600,476,0.7616,6250.305999999991,3870.3059999999905,-5.0,20.85499999999996,8.130894957983173,0.9576973747478855,nan,nan,5,nan,-1
2625,478,0.7648,6287.86699999999,3897.866999999991,-5.0,20.85499999999996,8.154533472803328,0.9583486701827145,nan,nan,5,nan,-1
2650,479,0.7664,6328.359999999991,3933.3599999999906,-5.0,20.85499999999996,8.211607515657601,0.958673296703457,nan,nan,5,nan,-1
2675,479,0.7664,6330.83599999999,3935.8359999999902,-5.0,20.85499999999996,8.21677661795405,0.958673296703457,nan,nan,5,nan,-1
2700,480,0.768,6377.62699999999,3977.6269999999904,-5.0,20.85499999999996,8.286722916666646,0.9589972462132377,nan,nan,5,nan,-1
2725,485,0.776,6455.60999999999,4030.6099999999897,-5.0,20.85499999999996,8.310536082474206,0.9606069366143843,nan,nan,5,nan,-1
2750,485,0.776,6476.17899999999,4051.178999999989,-5.0,20.85499999999996,8.352946391752555,0.9606069366143843,nan,nan,5,nan,-1
2775,488,0.7808,6518.83799999999,4078.8379999999897,-5.0,20.85499999999996,8.358274590163914,0.9615648043997806,nan,nan,5,nan,-1
2800,489,0.7824,6538.20399999999,4093.2039999999897,-5.0,20.85499999999996,8.370560327198342,0.9618827855418163,nan,nan,5,nan,-1
2825,492,0.7872,6594.29899999999,4134.29899999999,-5.0,20.85499999999996,8.403046747967458,0.9628328419202238,nan,nan,5,nan,-1
2850,496,0.7936,6659.444999999989,4179.444999999989,-5.0,20.85499999999996,8.426300403225785,0.9640906118177238,nan,nan,5,nan,-1
2875,498,0.7968,6697.152999999989,4207.152999999989,-5.0,20.85499999999996,8.448098393574275,0.9647156981085082,nan,nan,5,nan,-1
2900,500,0.8,6734.87299999999,4234.872999999989,-5.0,20.85499999999996,8.469745999999978,0.9653382790366966,nan,nan,5,nan,-1
2925,500,0.8,6745.384999999989,4245.384999999989,-5.0,20.85499999999996,8.490769999999978,0.9653382790366966,nan,nan,5,nan,-1
2950,502,0.8032,6782.870999999989,4272.870999999988,-5.0,20.85499999999996,8.511695219123483,0.9659583746052637,nan,nan,5,nan,-1
2975,503,0.8048,6813.239999999989,4298.239999999989,-5.0,20.85499999999996,8.545208747514888,0.9662674965652716,nan,nan,5,nan,-1
3000,503,0.8048,6843.404999999989,4328.404999999989,-5.0,20.85499999999996,8.60517892644133,0.9662674965652716,1.0632401359481958,1.216086992247828,5,1.0,0
3025,505,0.808,6873.396999999989,4348.396999999988,-5.0,20.85499999999996,8.610687128712847,0.9668839010790715,nan,nan,5,nan,-1
3050,507,0.8112,6917.754999999988,4382.754999999988,-5.0,20.85499999999996,8.644487179487156,0.9674978692050376,nan,nan,5,nan,-1
3075,509,0.8144,6963.200999999988,4418.200999999988,-5.0,20.85499999999996,8.680159135559899,0.9681094201274004,nan,nan,5,nan,-1
3100,509,0.8144,6968.629999999988,4423.629999999988,-5.0,20.85499999999996,8.690825147347718,0.9681094201274004,nan,nan,5,nan,-1
3125,509,0.8144,6980.460999999988,4435.460999999988,-5.0,20.85499999999996,8.714068762278956,0.9681094201274004,nan,nan,5,nan,-1
3150,510,0.816,7010.061999999989,4460.061999999988,-5.0,20.85499999999996,8.745219607843113,0.9684142950704916,nan,nan,5,nan,-1
3175,510,0.816,7024.189999999989,4474.189999999988,-5.0,20.85499999999996,8.772921568627426,0.9684142950704916,nan,nan,5,nan,-1
3200,511,0.8176,7078.229999999989,4523.229999999988,-5.0,20.85499999999996,8.85172211350291,0.968718572804693,nan,nan,5,nan,-1
3225,512,0.8192,7095.413999999988,4535.413999999988,-5.0,20.85499999999996,8.858230468749976,0.9690222556651344,nan,nan,5,nan,-1
3250,512,0.8192,7118.005999999988,4558.0059999999885,-5.0,20.85499999999996,8.902355468749978,0.9690222556651344,nan,nan,5,nan,-1
3275,514,0.8224,7149.706999999988,4579.706999999988,-5.0,20.86499999999995,8.909935797665346,0.9696278460370179,nan,nan,5,nan,-1
3300,514,0.8224,7159.790999999987,4589.790999999987,-5.0,20.86499999999995,8.929554474708146,0.9696278460370179,nan,nan,5,nan,-1
3325,514,0.8224,7176.095999999988,4606.095999999988,-5.0,20.86499999999995,8.961276264591415,0.9696278460370179,nan,nan,5,nan,-1
3350,514,0.8224,7178.966999999988,4608.966999999988,-5.0,20.86499999999995,8.966861867704257,0.9696278460370179,nan,nan,5,nan,-1
3375,515,0.824,7190.984999999987,4615.984999999988,-5.0,20.86499999999995,8.963077669902889,0.9699297581507993,nan,nan,5,nan,-1
3400,516,0.8256,7210.180999999988,4630.180999999988,-5.0,20.86499999999995,8.973218992248038,0.970231084595709,nan,nan,5,nan,-1
3425,516,0.8256,7226.455999999987,4646.455999999987,-5.0,20.86499999999995,9.004759689922457,0.970231084595709,nan,nan,5,nan,-1
3450,517,0.8272,7258.124999999987,4673.124999999987,-5.0,20.86499999999995,9.038926499032858,0.970531827639586,nan,nan,5,nan,-1
3475,518,0.8288,7290.594999999987,4700.594999999987,-5.0,20.86499999999995,9.074507722007697,0.9708319895371225,nan,nan,5,nan,-1
3500,518,0.8288,7316.7599999999875,4726.7599999999875,-5.0,20.86499999999995,9.125019305019281,0.9708319895371225,nan,nan,5,nan,-1
3525,519,0.8304,7338.7819999999865,4743.7819999999865,-5.0,20.86499999999995,9.140235067437354,0.9711315725299651,nan,nan,5,nan,-1
3550,519,0.8304,7339.803999999986,4744.803999999986,-5.0,20.86499999999995,9.142204238920975,0.9711315725299651,nan,nan,5,nan,-1
3575,519,0.8304,7354.519999999987,4759.519999999987,-5.0,20.86499999999995,9.170558766859319,0.9711315725299651,nan,nan,5,nan,-1
3600,521,0.8336,7394.779999999986,4789.779999999986,-5.0,20.86499999999995,9.193435700575789,0.9717290107035294,nan,nan,5,nan,-1
3625,521,0.8336,7411.623999999985,4806.623999999985,-5.0,20.86499999999995,9.225765834932794,0.9717290107035294,nan,nan,5,nan,-1
3650,523,0.8368,7447.614999999987,4832.614999999985,-5.0,20.86499999999995,9.240181644359437,0.9723241598363346,nan,nan,5,nan,-1
3675,524,0.8384,7479.818999999986,4859.818999999986,-5.0,20.86499999999995,9.274463740457989,0.9726208814807921,nan,nan,5,nan,-1
3700,524,0.8384,7491.801999999986,4871.801999999985,-5.0,20.86499999999995,9.297332061068674,0.9726208814807921,nan,nan,5,nan,-1
3725,525,0.84,7516.131999999986,4891.131999999986,-5.0,20.86499999999995,9.316441904761877,0.9729170374020383,nan,nan,5,nan,-1
3750,527,0.8432,7559.488999999986,4924.488999999985,-5.0,20.86499999999995,9.344381404174545,0.9735076606749777,nan,nan,5,nan,-1
3775,528,0.8448,7591.825999999986,4951.8259999999855,-5.0,20.86499999999995,9.378458333333306,0.9738021322961339,nan,nan,5,nan,-1
3800,528,0.8448,7608.562999999986,4968.562999999986,-5.0,20.86499999999995,9.410157196969669,0.9738021322961339,nan,nan,5,nan,-1
3825,530,0.848,7663.498999999985,5013.498999999985,-5.0,20.86499999999995,9.45943207547167,0.9743894060907142,nan,nan,5,nan,-1
3850,532,0.8512,7693.938999999985,5033.938999999985,-5.0,20.86499999999995,9.46229135338343,0.9749744679260262,nan,nan,5,nan,-1
3875,534,0.8544,7721.316999999985,5051.316999999985,-5.0,20.86499999999995,9.459395131086113,0.9755573344021978,nan,nan,5,nan,-1
3900,536,0.8576,7758.672999999985,5078.672999999985,-5.0,20.86499999999995,9.475136194029822,0.976138021933187,nan,nan,5,nan,-1
3925,537,0.8592,7774.345999999985,5089.345999999985,-5.0,20.86499999999995,9.477366852886378,0.9764275536733776,nan,nan,5,nan,-1
3950,538,0.8608,7795.195999999985,5105.195999999985,-5.0,20.86499999999995,9.489211895910753,0.9767165467495543,nan,nan,5,nan,-1
3975,538,0.8608,7799.141999999985,5109.141999999985,-5.0,20.86499999999995,9.49654646840146,0.9767165467495543,nan,nan,5,nan,-1
4000,540,0.864,7816.270999999985,5116.270999999985,-5.0,20.86499999999995,9.4745759259259,0.9772929249011856,1.0632279125605173,1.2163188016986655,5,1.0,0
4025,540,0.864,7830.442999999985,5130.442999999985,-5.0,20.86499999999995,9.500820370370342,0.9772929249011856,nan,nan,5,nan,-1
4050,541,0.8656,7862.330999999986,5157.330999999986,-5.0,20.86499999999995,9.532959334565593,0.9775803139445695,nan,nan,5,nan,-1
4075,541,0.8656,7875.555999999984,5170.555999999984,-5.0,20.86499999999995,9.557404805914944,0.9775803139445695,nan,nan,5,nan,-1
4100,541,0.8656,7883.862999999985,5178.862999999985,-5.0,20.86499999999995,9.572759704251359,0.9775803139445695,nan,nan,5,nan,-1
4125,541,0.8656,7891.758999999985,5186.758999999985,-5.0,20.86499999999995,9.587354898336386,0.9775803139445695,nan,nan,5,nan,-1
4150,541,0.8656,7911.543999999985,5206.543999999985,-5.0,20.86499999999995,9.623926062846554,0.9775803139445695,nan,nan,5,nan,-1
4175,541,0.8656,7924.685999999984,5219.685999999984,-5.0,20.86499999999995,9.648218114602559,0.9775803139445695,nan,nan,5,nan,-1
4200,543,0.8688,7967.274999999985,5252.274999999985,-5.0,20.86499999999995,9.672697974217284,0.9781535018039683,nan,nan,5,nan,-1
4225,543,0.8688,7974.863999999985,5259.863999999985,-5.0,20.86499999999995,9.686674033149144,0.9781535018039683,nan,nan,5,nan,-1
4250,543,0.8688,7984.416999999984,5269.416999999984,-5.0,20.86499999999995,9.704267034990762,0.9781535018039683,nan,nan,5,nan,-1
4275,544,0.8704,8012.399999999984,5292.399999999984,-5.0,20.86499999999995,9.728676470588207,0.9784393045223883,nan,nan,5,nan,-1
4300,544,0.8704,8031.961999999984,5311.961999999985,-5.0,20.86499999999995,9.764636029411736,0.9784393045223883,nan,nan,5,nan,-1
4325,545,0.872,8057.230999999984,5332.230999999984,-5.0,20.86499999999995,9.78391009174309,0.9787245823503047,nan,nan,5,nan,-1
4350,545,0.872,8061.966999999984,5336.966999999984,-5.0,20.86499999999995,9.792599999999972,0.9787245823503047,nan,nan,5,nan,-1
4375,545,0.872,8067.018999999984,5342.018999999984,-5.0,20.86499999999995,9.801869724770613,0.9787245823503047,nan,nan,5,nan,-1
4400,545,0.872,8079.962999999983,5354.962999999983,-5.0,20.86499999999995,9.825620183486208,0.9787245823503047,nan,nan,5,nan,-1
4425,547,0.8752,8119.296999999984,5384.296999999984,-5.0,20.86499999999995,9.843321755027393,0.9792935710218212,nan,nan,5,nan,-1
4450,547,0.8752,8134.971999999983,5399.971999999983,-5.0,20.86499999999995,9.87197806215719,0.9792935710218212,nan,nan,5,nan,-1
4475,549,0.8784,8158.720999999984,5413.720999999984,-5.0,20.86499999999995,9.861058287795963,0.9798604830877284,nan,nan,5,nan,-1
4500,549,0.8784,8175.7589999999855,5430.758999999984,-5.0,20.86499999999995,9.892092896174834,0.9798604830877284,nan,nan,5,nan,-1
4525,550,0.88,8207.579999999984,5457.579999999984,-5.0,20.86499999999995,9.922872727272697,0.9801431651195928,nan,nan,5,nan,-1
4550,552,0.8832,8242.301999999985,5482.301999999983,-5.0,20.86499999999995,9.9317065217391,0.980706990543136,nan,nan,5,nan,-1
4575,552,0.8832,8261.911999999986,5501.911999999984,-5.0,20.86499999999995,9.967231884057941,0.980706990543136,nan,nan,5,nan,-1
4600,553,0.8848,8286.388999999983,5521.388999999983,-5.0,20.86499999999995,9.984428571428541,0.9809881376491003,nan,nan,5,nan,-1
4625,553,0.8848,8311.539999999985,5546.539999999984,-5.0,20.86499999999995,10.02990958408677,0.9809881376491003,nan,nan,5,nan,-1
4650,553,0.8848,8314.633999999984,5549.633999999984,-5.0,20.86499999999995,10.03550452079563,0.9809881376491003,nan,nan,5,nan,-1
4675,553,0.8848,8320.402999999984,5555.402999999984,-5.0,20.86499999999995,10.045936708860731,0.9809881376491003,nan,nan,5,nan,-1
4700,553,0.8848,8322.708999999984,5557.7089999999835,-5.0,20.86499999999995,10.050106690777547,0.9809881376491003,nan,nan,5,nan,-1
4725,554,0.8864,8337.706999999984,5567.706999999984,-5.0,20.86499999999995,10.050012635379032,0.9812687768106036,nan,nan,5,nan,-1
4750,556,0.8896,8374.585999999985,5594.585999999983,-5.0,20.86499999999995,10.062205035971193,0.9818285386186637,nan,nan,5,nan,-1
4775,556,0.8896,8396.963999999984,5616.963999999984,-5.0,20.86499999999995,10.102453237410042,0.9818285386186637,nan,nan,5,nan,-1
4800,556,0.8896,8417.598999999984,5637.598999999984,-5.0,20.86499999999995,10.13956654676256,0.9818285386186637,nan,nan,5,nan,-1
4825,557,0.8912,8436.706999999984,5651.706999999983,-5.0,20.86499999999995,10.146691202872502,0.982107664899774,nan,nan,5,nan,-1
4850,557,0.8912,8446.977999999983,5661.977999999983,-5.0,20.86499999999995,10.16513105924593,0.982107664899774,nan,nan,5,nan,-1
4875,559,0.8944,8506.255999999983,5711.255999999983,-5.0,20.86499999999995,10.216915921287985,0.9826644172292867,nan,nan,5,nan,-1
4900,559,0.8944,8532.850999999982,5737.850999999982,-5.0,20.86499999999995,10.264491949910523,0.9826644172292867,nan,nan,5,nan,-1
4925,560,0.896,8578.926999999983,5778.926999999983,-5.0,20.86499999999995,10.31951249999997,0.9829420468539349,nan,nan,5,nan,-1
4950,560,0.896,8588.116999999984,5788.116999999982,-5.0,20.86499999999995,10.335923214285682,0.9829420468539349,nan,nan,5,nan,-1
4975,560,0.896,8614.779999999984,5814.779999999983,-5.0,20.86499999999995,10.383535714285685,0.9829420468539349,nan,nan,5,nan,-1
5000,563,0.9008,8666.181999999983,5851.1819999999825,-5.0,20.86499999999995,10.392863232682028,0.9837719708244744,1.05792698354315,1.2115322419334449,5,1.0,0
5025,565,0.904,8721.604999999981,5896.604999999983,-5.0,20.86499999999995,10.436469026548643,0.9843228002443847,nan,nan,5,nan,-1
5050,565,0.904,8736.43899999998,5911.438999999982,-5.0,20.86499999999995,10.462723893805277,0.9843228002443847,nan,nan,5,nan,-1
5075,565,0.904,8773.435999999982,5948.4359999999815,-5.0,20.86499999999995,10.52820530973448,0.9843228002443847,nan,nan,5,nan,-1
5100,566,0.9056,8816.273999999983,5986.273999999981,-5.0,20.86499999999995,10.57645583038866,0.9845974841950795,nan,nan,5,nan,-1
5125,566,0.9056,8832.361999999983,6002.361999999982,-5.0,22.564999999999944,10.604879858657211,0.9845974841950795,nan,nan,5,nan,-1
5150,566,0.9056,8832.361999999983,6002.361999999982,-5.0,22.564999999999944,10.604879858657211,0.9845974841950795,nan,nan,5,nan,-1
5175,566,0.9056,8836.800999999981,6006.800999999981,-5.0,22.564999999999944,10.612722614840957,0.9845974841950795,nan,nan,5,nan,-1
5200,566,0.9056,8841.987999999981,6011.987999999982,-5.0,22.564999999999944,10.621886925795021,0.9845974841950795,nan,nan,5,nan,-1
5225,567,0.9072,8856.120999999981,6021.120999999982,-5.0,22.564999999999944,10.619261022927658,0.9848716832665272,nan,nan,5,nan,-1
5250,569,0.9104,8903.090999999982,6058.090999999982,-5.0,22.564999999999944,10.646908611599265,0.9854186335979714,nan,nan,5,nan,-1
5275,570,0.912,8922.018999999982,6072.018999999982,-5.0,22.564999999999944,10.65266491228067,0.9856913882486323,nan,nan,5,nan,-1
5300,571,0.9136,8951.715999999982,6096.715999999982,-5.0,22.564999999999944,10.67726094570925,0.9859636648015009,nan,nan,5,nan,-1
5325,571,0.9136,8974.254999999981,6119.254999999981,-5.0,22.564999999999944,10.71673380035023,0.9859636648015009,nan,nan,5,nan,-1
5350,571,0.9136,8990.43699999998,6135.436999999982,-5.0,22.564999999999944,10.745073555166343,0.9859636648015009,nan,nan,5,nan,-1
5375,572,0.9152,9004.323999999982,6144.3239999999805,-5.0,22.564999999999944,10.741825174825141,0.9862354649297117,nan,nan,5,nan,-1
5400,572,0.9152,9009.301999999981,6149.301999999981,-5.0,22.564999999999944,10.750527972027937,0.9862354649297117,nan,nan,5,nan,-1
5425,573,0.9168,9030.51099999998,6165.510999999981,-5.0,22.564999999999944,10.760054101221607,0.9865067902976317,nan,nan,5,nan,-1
5450,573,0.9168,9044.58199999998,6179.581999999981,-5.0,24.164999999999885,10.784610820244295,0.9865067902976317,nan,nan,5,nan,-1
5475,573,0.9168,9046.666999999981,6181.666999999981,-5.0,24.164999999999885,10.788249563699793,0.9865067902976317,nan,nan,5,nan,-1
5500,573,0.9168,9062.52199999998,6197.521999999981,-5.0,24.164999999999885,10.815919720767855,0.9865067902976317,nan,nan,5,nan,-1
5525,573,0.9168,9074.400999999982,6209.400999999982,-5.0,24.164999999999885,10.836650959860352,0.9865067902976317,nan,nan,5,nan,-1
5550,573,0.9168,9089.36899999998,6224.368999999981,-5.0,24.164999999999885,10.862773123909216,0.9865067902976317,nan,nan,5,nan,-1
5575,574,0.9184,9119.67899999998,6249.678999999981,-5.0,24.164999999999885,10.887942508710768,0.9867776425609212,nan,nan,5,nan,-1
5600,574,0.9184,9138.050999999981,6268.050999999981,-5.0,24.164999999999885,10.919949477351883,0.9867776425609212,nan,nan,5,nan,-1
5625,574,0.9184,9141.748999999982,6271.748999999982,-5.0,24.164999999999885,10.926391986062686,0.9867776425609212,nan,nan,5,nan,-1
5650,574,0.9184,9164.77999999998,6294.779999999981,-5.0,24.164999999999885,10.966515679442475,0.9867776425609212,nan,nan,5,nan,-1
5675,575,0.92,9209.02699999998,6334.02699999998,-5.0,24.164999999999885,11.015699130434747,0.987048023366595,nan,nan,5,nan,-1
5700,575,0.92,9211.75099999998,6336.75099999998,-5.0,24.164999999999885,11.020436521739096,0.987048023366595,nan,nan,5,nan,-1
5725,575,0.92,9222.98999999998,6347.989999999981,-5.0,24.164999999999885,11.039982608695619,0.987048023366595,nan,nan,5,nan,-1
5750,576,0.9216,9261.02599999998,6381.02599999998,-5.0,24.164999999999885,11.078170138888854,0.9873179343530823,nan,nan,5,nan,-1
5775,576,0.9216,9261.02599999998,6381.02599999998,-5.0,24.164999999999885,11.078170138888854,0.9873179343530823,nan,nan,5,nan,-1
5800,578,0.9248,9296.27499999998,6406.2749999999805,-5.0,24.164999999999885,11.08352076124564,0.9878563533796424,nan,nan,5,nan,-1
5825,578,0.9248,9303.50799999998,6413.50799999998,-5.0,24.164999999999885,11.09603460207609,0.9878563533796424,nan,nan,5,nan,-1
5850,579,0.9264,9332.74699999998,6437.74699999998,-5.0,24.164999999999885,11.118734024179586,0.9881248646541785,nan,nan,5,nan,-1
5875,579,0.9264,9352.89999999998,6457.89999999998,-5.0,24.164999999999885,11.15354058721931,0.9881248646541785,nan,nan,5,nan,-1
5900,581,0.9296,9385.91899999998,6480.91899999998,-5.0,24.164999999999885,11.154765920826128,0.9886604987492055,nan,nan,5,nan,-1
5925,581,0.9296,9387.74499999998,6482.74499999998,-5.0,24.164999999999885,11.157908777968984,0.9886604987492055,nan,nan,5,nan,-1
5950,581,0.9296,9417.42899999998,6512.42899999998,-5.0,24.164999999999885,11.208999999999966,0.9886604987492055,nan,nan,5,nan,-1
5975,581,0.9296,9431.164999999979,6526.16499999998,-5.0,24.164999999999885,11.232641996557625,0.9886604987492055,nan,nan,5,nan,-1
6000,581,0.9296,9442.06899999998,6537.0689999999795,-5.0,24.164999999999885,11.25140963855418,0.9886604987492055,1.055493539513811,1.3089693688522432,5,1.0,0
6025,582,0.9312,9477.531999999981,6567.531999999979,-5.0,24.164999999999885,11.28441924398622,0.988927624754229,nan,nan,5,nan,-1
6050,582,0.9312,9484.21999999998,6574.219999999979,-5.0,24.164999999999885,11.295910652920927,0.988927624754229,nan,nan,5,nan,-1
6075,582,0.9312,9491.55999999998,6581.5599999999795,-5.0,24.164999999999885,11.308522336769725,0.988927624754229,nan,nan,5,nan,-1
6100,582,0.9312,9507.893999999978,6597.893999999979,-5.0,24.164999999999885,11.336587628865944,0.988927624754229,nan,nan,5,nan,-1
6125,582,0.9312,9511.91099999998,6601.91099999998,-5.0,24.164999999999885,11.343489690721615,0.988927624754229,nan,nan,5,nan,-1
6150,583,0.9328,9541.672999999979,6626.672999999979,-5.0,24.164999999999885,11.366506003430496,0.9891942921736104,nan,nan,5,nan,-1
6175,583,0.9328,9554.967999999979,6639.967999999979,-5.0,24.164999999999885,11.389310463121747,0.9891942921736104,nan,nan,5,nan,-1
6200,583,0.9328,9580.962999999978,6665.96299999998,-5.0,24.164999999999885,11.433898799313859,0.9891942921736104,nan,nan,5,nan,-1
6225,585,0.936,9623.298999999979,6698.298999999979,-5.0,24.164999999999885,11.450083760683725,0.9897262575347633,nan,nan,5,nan,-1
6250,585,0.936,9634.88299999998,6709.882999999979,-5.0,24.164999999999885,11.469885470085433,0.9897262575347633,nan,nan,5,nan,-1
6275,585,0.936,9643.619999999979,6718.619999999979,-5.0,24.164999999999885,11.484820512820477,0.9897262575347633,nan,nan,5,nan,-1
6300,585,0.936,9666.70199999998,6741.701999999978,-5.0,25.034999999999954,11.524276923076886,0.9897262575347633,nan,nan,5,nan,-1
6325,586,0.9376,9714.457999999977,6784.457999999979,-5.0,25.034999999999954,11.577573378839555,0.989991558596078,nan,nan,5,nan,-1
6350,586,0.9376,9733.578999999978,6803.578999999978,-5.0,25.034999999999954,11.610203071672316,0.989991558596078,nan,nan,5,nan,-1
6375,586,0.9376,9740.092999999979,6810.092999999979,-5.0,25.034999999999954,11.621319112627951,0.989991558596078,nan,nan,5,nan,-1
6400,586,0.9376,9743.542999999978,6813.542999999978,-5.0,25.034999999999954,11.6272064846416,0.989991558596078,nan,nan,5,nan,-1
6425,586,0.9376,9749.293999999976,6819.293999999978,-5.0,25.034999999999954,11.637020477815662,0.989991558596078,nan,nan,5,nan,-1
6450,586,0.9376,9751.832999999979,6821.832999999979,-5.0,25.034999999999954,11.641353242320783,0.989991558596078,nan,nan,5,nan,-1
6475,587,0.9392,9766.377999999977,6831.377999999978,-5.0,25.034999999999954,11.637781942078327,0.990256407310948,nan,nan,5,nan,-1
6500,587,0.9392,9771.779999999977,6836.779999999978,-5.0,25.034999999999954,11.646984667802347,0.990256407310948,nan,nan,5,nan,-1
6525,588,0.9408,9807.835999999978,6867.835999999978,-5.0,25.034999999999954,11.679993197278876,0.9905208052192767,nan,nan,5,nan,-1
6550,589,0.9424,9843.500999999978,6898.5009999999775,-5.0,25.034999999999954,11.712225806451574,0.9907847538531183,nan,nan,5,nan,-1
6575,590,0.944,9875.330999999976,6925.330999999978,-5.0,25.034999999999954,11.737849152542337,0.99104825473673,nan,nan,5,nan,-1
6600,592,0.9472,9907.895999999979,6947.895999999978,-5.0,25.034999999999954,11.736310810810773,0.9915739193116254,nan,nan,5,nan,-1
6625,592,0.9472,9922.778999999977,6962.778999999978,-5.0,25.034999999999954,11.761451013513476,0.9915739193116254,nan,nan,5,nan,-1
6650,592,0.9472,9931.125999999977,6971.1259999999775,-5.0,25.034999999999954,11.775550675675637,0.9915739193116254,nan,nan,5,nan,-1
6675,592,0.9472,9949.041999999976,6989.041999999978,-5.0,25.034999999999954,11.805814189189151,0.9915739193116254,nan,nan,5,nan,-1
6700,594,0.9504,9974.814999999977,7004.814999999977,-5.0,25.034999999999954,11.792617845117807,0.9920978109840819,nan,nan,5,nan,-1
6725,594,0.9504,9978.283999999978,7008.283999999977,-5.0,25.034999999999954,11.798457912457874,0.9920978109840819,nan,nan,5,nan,-1
6750,595,0.952,9998.938999999977,7023.938999999977,-5.0,25.034999999999954,11.80493949579828,0.992359095711189,nan,nan,5,nan,-1
6775,595,0.952,10013.723999999977,7038.7239999999765,-5.0,25.034999999999954,11.829788235294078,0.992359095711189,nan,nan,5,nan,-1
6800,595,0.952,10027.577999999976,7052.577999999978,-5.0,25.034999999999954,11.853072268907525,0.992359095711189,nan,nan,5,nan,-1
6825,595,0.952,10031.488999999976,7056.488999999978,-5.0,25.034999999999954,11.859645378151223,0.992359095711189,nan,nan,5,nan,-1
6850,595,0.952,10034.941999999977,7059.941999999977,-5.0,25.034999999999954,11.86544873949576,0.992359095711189,nan,nan,5,nan,-1
6875,596,0.9536,10078.189999999977,7098.189999999977,-5.0,25.034999999999954,11.909714765100633,0.9926199416728049,nan,nan,5,nan,-1
6900,596,0.9536,10087.042999999976,7107.042999999978,-5.0,25.034999999999954,11.924568791946271,0.9926199416728049,nan,nan,5,nan,-1
6925,596,0.9536,10098.723999999977,7118.723999999977,-5.0,25.034999999999954,11.944167785234862,0.9926199416728049,nan,nan,5,nan,-1
6950,596,0.9536,10107.705999999976,7127.7059999999765,-5.0,25.034999999999954,11.959238255033517,0.9926199416728049,nan,nan,5,nan,-1
6975,596,0.9536,10134.557999999977,7154.557999999977,-5.0,28.05499999999992,12.004291946308687,0.9926199416728049,nan,nan,5,nan,-1
7000,596,0.9536,10155.413999999977,7175.413999999977,-5.0,28.05499999999992,12.03928523489929,0.9926199416728049,1.0532133910176324,1.279964209046787,5,1.0,0
7025,598,0.9568,10208.031999999977,7218.031999999977,-5.0,28.05499999999992,12.070287625418022,0.9931403231767137,nan,nan,5,nan,-1
7050,598,0.9568,10223.913999999977,7233.913999999977,-5.0,28.05499999999992,12.096846153846116,0.9931403231767137,nan,nan,5,nan,-1
7075,598,0.9568,10235.004999999977,7245.004999999977,-5.0,28.05499999999992,12.115392976588591,0.9931403231767137,nan,nan,5,nan,-1
7100,598,0.9568,10256.429999999978,7266.429999999977,-5.0,28.05499999999992,12.151220735785914,0.9931403231767137,nan,nan,5,nan,-1
7125,598,0.9568,10266.666999999978,7276.666999999977,-5.0,28.05499999999992,12.168339464882905,0.9931403231767137,nan,nan,5,nan,-1
7150,599,0.9584,10317.099999999977,7322.099999999977,-5.0,28.05499999999992,12.223873121869744,0.9933998616391654,nan,nan,5,nan,-1
7175,599,0.9584,10321.829999999976,7326.829999999976,-5.0,28.05499999999992,12.231769616026671,0.9933998616391654,nan,nan,5,nan,-1
7200,599,0.9584,10330.985999999977,7335.985999999976,-5.0,28.05499999999992,12.247055091819659,0.9933998616391654,nan,nan,5,nan,-1
7225,599,0.9584,10336.903999999977,7341.903999999977,-5.0,28.05499999999992,12.256934891485772,0.9933998616391654,nan,nan,5,nan,-1
7250,600,0.96,10357.708999999977,7357.708999999977,-5.0,28.05499999999992,12.262848333333295,0.9936589671765411,nan,nan,5,nan,-1
7275,600,0.96,10374.998999999976,7374.998999999976,-5.0,28.05499999999992,12.291664999999961,0.9936589671765411,nan,nan,5,nan,-1
7300,601,0.9616,10401.183999999977,7396.183999999976,-5.0,28.05499999999992,12.306462562395966,0.9939176412307242,nan,nan,5,nan,-1
7325,601,0.9616,10416.163999999977,7411.163999999975,-5.0,28.05499999999992,12.331387687187979,0.9939176412307242,nan,nan,5,nan,-1
7350,601,0.9616,10418.291999999976,7413.291999999976,-5.0,28.05499999999992,12.334928452578994,0.9939176412307242,nan,nan,5,nan,-1
7375,601,0.9616,10437.004999999976,7432.004999999976,-5.0,28.05499999999992,12.36606489184688,0.9939176412307242,nan,nan,5,nan,-1
7400,601,0.9616,10449.353999999976,7444.353999999976,-5.0,28.05499999999992,12.38661231281194,0.9939176412307242,nan,nan,5,nan,-1
7425,601,0.9616,10457.107999999975,7452.107999999976,-5.0,28.05499999999992,12.399514143094802,0.9939176412307242,nan,nan,5,nan,-1
7450,601,0.9616,10464.986999999976,7459.9869999999755,-5.0,28.05499999999992,12.412623960066515,0.9939176412307242,nan,nan,5,nan,-1
7475,602,0.9632,10471.635999999977,7461.635999999976,-5.0,28.05499999999992,12.394744186046472,0.9941758852364062,nan,nan,5,nan,-1
7500,602,0.9632,10488.049999999976,7478.049999999976,-5.0,28.05499999999992,12.422009966777368,0.9941758852364062,nan,nan,5,nan,-1
7525,602,0.9632,10502.876999999975,7492.876999999976,-5.0,28.05499999999992,12.446639534883682,0.9941758852364062,nan,nan,5,nan,-1
7550,602,0.9632,10521.777999999977,7511.777999999976,-5.0,28.05499999999992,12.478036544850458,0.9941758852364062,nan,nan,5,nan,-1
7575,602,0.9632,10539.093999999975,7529.0939999999755,-5.0,28.05499999999992,12.506800664451786,0.9941758852364062,nan,nan,5,nan,-1
7600,602,0.9632,10554.032999999976,7544.032999999976,-5.0,28.05499999999992,12.531616279069727,0.9941758852364062,nan,nan,5,nan,-1
7625,602,0.9632,10566.389999999976,7556.389999999976,-5.0,28.05499999999992,12.552142857142817,0.9941758852364062,nan,nan,5,nan,-1
7650,602,0.9632,10574.922999999977,7564.922999999975,-5.0,28.05499999999992,12.566317275747467,0.9941758852364062,nan,nan,5,nan,-1
7675,602,0.9632,10580.204999999976,7570.204999999976,-5.0,28.05499999999992,12.575091362126207,0.9941758852364062,nan,nan,5,nan,-1
7700,602,0.9632,10588.217999999975,7578.217999999975,-5.0,28.05499999999992,12.58840199335544,0.9941758852364062,nan,nan,5,nan,-1
7725,602,0.9632,10591.781999999976,7581.781999999976,-5.0,28.05499999999992,12.594322259136172,0.9941758852364062,nan,nan,5,nan,-1
7750,602,0.9632,10601.267999999975,7591.267999999975,-5.0,28.05499999999992,12.610079734219227,0.9941758852364062,nan,nan,5,nan,-1
7775,602,0.9632,10626.896999999975,7616.896999999975,-5.0,28.05499999999992,12.652652823920224,0.9941758852364062,nan,nan,5,nan,-1
7800,603,0.9648,10654.978999999976,7639.978999999976,-5.0,28.05499999999992,12.669948590381386,0.9944337006211349,nan,nan,5,nan,-1
7825,603,0.9648,10668.857999999975,7653.857999999975,-5.0,28.05499999999992,12.692965174129311,0.9944337006211349,nan,nan,5,nan,-1
7850,603,0.9648,10677.438999999977,7662.438999999975,-5.0,28.05499999999992,12.707195688225497,0.9944337006211349,nan,nan,5,nan,-1
7875,603,0.9648,10685.174999999974,7670.174999999975,-5.0,28.05499999999992,12.72002487562185,0.9944337006211349,nan,nan,5,nan,-1
7900,603,0.9648,10690.833999999975,7675.833999999975,-5.0,28.05499999999992,12.729409618573756,0.9944337006211349,nan,nan,5,nan,-1
7925,603,0.9648,10720.170999999973,7705.170999999975,-5.0,28.05499999999992,12.778061359867289,0.9944337006211349,nan,nan,5,nan,-1
7950,603,0.9648,10727.582999999973,7712.582999999975,-5.0,28.05499999999992,12.790353233830805,0.9944337006211349,nan,nan,5,nan,-1
7975,603,0.9648,10730.724999999973,7715.724999999975,-5.0,28.05499999999992,12.795563847429477,0.9944337006211349,nan,nan,5,nan,-1
8000,603,0.9648,10731.735999999974,7716.735999999975,-5.0,28.05499999999992,12.7972404643449,0.9944337006211349,1.0484111021323288,1.261514782243971,5,1.0,0
8025,603,0.9648,10747.735999999974,7732.735999999974,-5.0,28.05499999999992,12.82377446102815,0.9944337006211349,nan,nan,5,nan,-1
8050,603,0.9648,10750.108999999975,7735.108999999974,-5.0,28.05499999999992,12.827709784411233,0.9944337006211349,nan,nan,5,nan,-1
8075,603,0.9648,10761.182999999975,7746.1829999999745,-5.0,28.05499999999992,12.84607462686563,0.9944337006211349,nan,nan,5,nan,-1
8100,603,0.9648,10762.497999999974,7747.497999999974,-5.0,28.05499999999992,12.848255389718034,0.9944337006211349,nan,nan,5,nan,-1
8125,604,0.9664,10801.224999999973,7781.224999999975,-5.0,28.05499999999992,12.882822847682078,0.9946910888053618,nan,nan,5,nan,-1
8150,605,0.968,10842.005999999974,7817.005999999975,-5.0,28.05499999999992,12.920671074380124,0.9949480512024892,nan,nan,5,nan,-1
8175,605,0.968,10862.999999999975,7837.9999999999745,-5.0,28.05499999999992,12.955371900826405,0.9949480512024892,nan,nan,5,nan,-1
8200,605,0.968,10863.003999999974,7838.003999999975,-5.0,28.05499999999992,12.955378512396653,0.9949480512024892,nan,nan,5,nan,-1
8225,605,0.968,10863.509999999975,7838.509999999975,-5.0,28.05499999999992,12.956214876033016,0.9949480512024892,nan,nan,5,nan,-1
8250,605,0.968,10866.413999999975,7841.413999999975,-5.0,28.05499999999992,12.961014876033017,0.9949480512024892,nan,nan,5,nan,-1
8275,605,0.968,10878.822999999975,7853.822999999975,-5.0,28.05499999999992,12.981525619834668,0.9949480512024892,nan,nan,5,nan,-1
8300,605,0.968,10884.469999999976,7859.469999999974,-5.0,28.05499999999992,12.990859504132189,0.9949480512024892,nan,nan,5,nan,-1
8325,605,0.968,10903.170999999975,7878.170999999975,-5.0,28.05499999999992,13.021770247933842,0.9949480512024892,nan,nan,5,nan,-1
8350,605,0.968,10903.170999999975,7878.170999999975,-5.0,28.05499999999992,13.021770247933842,0.9949480512024892,nan,nan,5,nan,-1
8375,605,0.968,10905.356999999975,7880.3569999999745,-5.0,28.05499999999992,13.025383471074338,0.9949480512024892,nan,nan,5,nan,-1
8400,605,0.968,10913.852999999976,7888.852999999975,-5.0,28.05499999999992,13.03942644628095,0.9949480512024892,nan,nan,5,nan,-1
8425,606,0.9696,10947.466999999975,7917.466999999974,-5.0,28.05499999999992,13.065127062706228,0.9952045892189161,nan,nan,5,nan,-1
8450,606,0.9696,10958.966999999973,7928.966999999974,-5.0,28.05499999999992,13.084103960395996,0.9952045892189161,nan,nan,5,nan,-1
8475,606,0.9696,10968.647999999974,7938.647999999974,-5.0,28.05499999999992,13.100079207920748,0.9952045892189161,nan,nan,5,nan,-1
8500,606,0.9696,10975.536999999975,7945.536999999975,-5.0,28.05499999999992,13.11144719471943,0.9952045892189161,nan,nan,5,nan,-1
8525,606,0.9696,10975.536999999975,7945.536999999975,-5.0,28.05499999999992,13.11144719471943,0.9952045892189161,nan,nan,5,nan,-1
8550,606,0.9696,10999.772999999972,7969.772999999975,-5.0,28.05499999999992,13.151440594059364,0.9952045892189161,nan,nan,5,nan,-1
8575,606,0.9696,11010.555999999973,7980.555999999973,-5.0,28.05499999999992,13.169234323432299,0.9952045892189161,nan,nan,5,nan,-1
8600,606,0.9696,11017.920999999973,7987.920999999974,-5.0,28.05499999999992,13.181387788778835,0.9952045892189161,nan,nan,5,nan,-1
8625,606,0.9696,11029.163999999973,7999.163999999973,-5.0,28.05499999999992,13.199940594059361,0.9952045892189161,nan,nan,5,nan,-1
8650,606,0.9696,11033.975999999973,8003.975999999973,-5.0,28.05499999999992,13.207881188118767,0.9952045892189161,nan,nan,5,nan,-1
8675,606,0.9696,11053.692999999974,8023.692999999974,-5.0,28.05499999999992,13.240417491749131,0.9952045892189161,nan,nan,5,nan,-1
8700,606,0.9696,11056.464999999973,8026.464999999973,-5.0,28.05499999999992,13.244991749174872,0.9952045892189161,nan,nan,5,nan,-1
8725,606,0.9696,11073.732999999975,8043.732999999974,-5.0,28.05499999999992,13.273486798679825,0.9952045892189161,nan,nan,5,nan,-1
8750,606,0.9696,11092.127999999973,8062.127999999974,-5.0,28.05499999999992,13.303841584158373,0.9952045892189161,nan,nan,5,nan,-1
8775,606,0.9696,11107.242999999973,8077.242999999974,-5.0,28.05499999999992,13.328783828382795,0.9952045892189161,nan,nan,5,nan,-1
8800,606,0.9696,11117.515999999974,8087.515999999973,-5.0,28.05499999999992,13.345735973597316,0.9952045892189161,nan,nan,5,nan,-1
8825,606,0.9696,11129.370999999974,8099.370999999974,-5.0,28.05499999999992,13.365298679867944,0.9952045892189161,nan,nan,5,nan,-1
8850,606,0.9696,11132.025999999973,8102.0259999999735,-5.0,28.05499999999992,13.369679867986754,0.9952045892189161,nan,nan,5,nan,-1
8875,606,0.9696,11135.457999999973,8105.457999999973,-5.0,28.05499999999992,13.375343234323388,0.9952045892189161,nan,nan,5,nan,-1
8900,606,0.9696,11153.724999999973,8123.724999999973,-5.0,28.05499999999992,13.405486798679824,0.9952045892189161,nan,nan,5,nan,-1
8925,606,0.9696,11182.501999999973,8152.501999999973,-5.0,28.05499999999992,13.452973597359692,0.9952045892189161,nan,nan,5,nan,-1
8950,607,0.9712,11213.852999999974,8178.852999999973,-5.0,28.05499999999992,13.474222405271783,0.9954607042540855,nan,nan,5,nan,-1
8975,607,0.9712,11224.763999999974,8189.763999999973,-5.0,28.05499999999992,13.492197693574914,0.9954607042540855,nan,nan,5,nan,-1
9000,607,0.9712,11239.347999999973,8204.347999999973,-5.0,28.05499999999992,13.516224052718242,0.9954607042540855,1.046491021387917,1.2498840860495297,5,1.0,0
9025,607,0.9712,11247.186999999973,8212.186999999973,-5.0,28.05499999999992,13.529138385502426,0.9954607042540855,nan,nan,5,nan,-1
9050,607,0.9712,11266.333999999973,8231.333999999973,-5.0,28.05499999999992,13.560682042833564,0.9954607042540855,nan,nan,5,nan,-1
9075,608,0.9728,11297.24999999997,8257.249999999973,-5.0,28.05499999999992,13.581003289473639,0.995716397700529,nan,nan,5,nan,-1
9100,608,0.9728,11304.086999999972,8264.086999999972,-5.0,28.05499999999992,13.592248355263113,0.995716397700529,nan,nan,5,nan,-1
9125,608,0.9728,11320.795999999973,8280.795999999973,-5.0,28.05499999999992,13.61973026315785,0.995716397700529,nan,nan,5,nan,-1
9150,608,0.9728,11321.117999999973,8281.117999999973,-5.0,28.05499999999992,13.620259868421009,0.995716397700529,nan,nan,5,nan,-1
9175,608,0.9728,11325.078999999972,8285.078999999972,-5.0,28.05499999999992,13.626774671052587,0.995716397700529,nan,nan,5,nan,-1
9200,608,0.9728,11332.516999999973,8292.516999999973,-5.0,28.05499999999992,13.639008223684165,0.995716397700529,nan,nan,5,nan,-1
9225,608,0.9728,11349.258999999973,8309.258999999973,-5.0,28.05499999999992,13.666544407894692,0.995716397700529,nan,nan,5,nan,-1
9250,608,0.9728,11370.455999999973,8330.455999999973,-5.0,28.05499999999992,13.701407894736798,0.995716397700529,nan,nan,5,nan,-1
9275,608,0.9728,11374.149999999972,8334.149999999972,-5.0,28.05499999999992,13.707483552631533,0.995716397700529,nan,nan,5,nan,-1
9300,608,0.9728,11391.826999999972,8351.826999999972,-5.0,28.05499999999992,13.736557565789427,0.995716397700529,nan,nan,5,nan,-1
9325,608,0.9728,11410.28299999997,8370.282999999972,-5.0,28.05499999999992,13.766912828947323,0.995716397700529,nan,nan,5,nan,-1
9350,608,0.9728,11414.994999999972,8374.994999999972,-5.0,28.05499999999992,13.774662828947323,0.995716397700529,nan,nan,5,nan,-1
9375,609,0.9744,11445.740999999973,8400.740999999973,-5.0,28.05499999999992,13.794320197044291,0.9959716709439131,nan,nan,5,nan,-1
9400,609,0.9744,11450.050999999972,8405.050999999972,-5.0,28.05499999999992,13.801397372742155,0.9959716709439131,nan,nan,5,nan,-1
9425,609,0.9744,11475.550999999974,8430.550999999972,-5.0,28.05499999999992,13.84326929392442,0.9959716709439131,nan,nan,5,nan,-1
9450,609,0.9744,11491.910999999973,8446.910999999971,-5.0,28.05499999999992,13.87013300492606,0.9959716709439131,nan,nan,5,nan,-1
9475,609,0.9744,11512.151999999973,8467.151999999973,-5.0,28.05499999999992,13.903369458128035,0.9959716709439131,nan,nan,5,nan,-1
9500,609,0.9744,11523.081999999973,8478.081999999973,-5.0,28.05499999999992,13.921316912972042,0.9959716709439131,nan,nan,5,nan,-1
9525,609,0.9744,11534.468999999972,8489.468999999972,-5.0,28.05499999999992,13.940014778325077,0.9959716709439131,nan,nan,5,nan,-1
9550,609,0.9744,11544.69499999997,8499.69499999997,-5.0,28.05499999999992,13.956806239737226,0.9959716709439131,nan,nan,5,nan,-1
9575,609,0.9744,11557.623999999973,8512.623999999973,-5.0,28.05499999999992,13.9780361247947,0.9959716709439131,nan,nan,5,nan,-1
9600,609,0.9744,11567.191999999972,8522.191999999974,-5.0,28.05499999999992,13.993747126436737,0.9959716709439131,nan,nan,5,nan,-1
9625,609,0.9744,11571.136999999972,8526.136999999973,-5.0,28.05499999999992,14.000224958949053,0.9959716709439131,nan,nan,5,nan,-1
9650,609,0.9744,11575.869999999974,8530.869999999972,-5.0,28.05499999999992,14.007996715927703,0.9959716709439131,nan,nan,5,nan,-1
9675,609,0.9744,11588.556999999972,8543.556999999972,-5.0,28.05499999999992,14.028829228242975,0.9959716709439131,nan,nan,5,nan,-1
9700,609,0.9744,11598.579999999973,8553.579999999973,-5.0,28.05499999999992,14.045287356321793,0.9959716709439131,nan,nan,5,nan,-1
9725,609,0.9744,11614.516999999973,8569.51699999997,-5.0,28.05499999999992,14.071456486042646,0.9959716709439131,nan,nan,5,nan,-1
9750,609,0.9744,11623.881999999972,8578.881999999972,-5.0,28.05499999999992,14.086834154351351,0.9959716709439131,nan,nan,5,nan,-1
9775,609,0.9744,11629.221999999972,8584.221999999972,-5.0,28.05499999999992,14.095602627257755,0.9959716709439131,nan,nan,5,nan,-1
9800,609,0.9744,11645.55299999997,8600.55299999997,-5.0,28.05499999999992,14.122418719211774,0.9959716709439131,nan,nan,5,nan,-1
9825,609,0.9744,11653.102999999972,8608.102999999972,-5.0,28.05499999999992,14.134816091953978,0.9959716709439131,nan,nan,5,nan,-1
9850,609,0.9744,11657.737999999972,8612.737999999972,-5.0,28.05499999999992,14.142426929392402,0.9959716709439131,nan,nan,5,nan,-1
9875,609,0.9744,11661.220999999972,8616.220999999972,-5.0,28.05499999999992,14.148146141215062,0.9959716709439131,nan,nan,5,nan,-1
9900,609,0.9744,11663.921999999971,8618.921999999971,-5.0,28.05499999999992,14.15258128078813,0.9959716709439131,nan,nan,5,nan,-1
9925,609,0.9744,11673.225999999971,8628.225999999973,-5.0,28.05499999999992,14.167858784893223,0.9959716709439131,nan,nan,5,nan,-1
9950,610,0.976,11692.54199999997,8642.541999999972,-5.0,28.05499999999992,14.168101639344217,0.9962265253630841,nan,nan,5,nan,-1
9975,610,0.976,11702.134999999971,8652.134999999971,-5.0,28.05499999999992,14.183827868852411,0.9962265253630841,nan,nan,5,nan,-1
10000,610,0.976,11705.536999999971,8655.536999999971,-5.0,28.05499999999992,14.18940491803274,0.9962265253630841,1.0454032521081482,1.2610828683705317,5,1.0,0
10025,610,0.976,11728.829999999969,8678.829999999969,-5.0,28.05499999999992,14.227590163934375,0.9962265253630841,nan,nan,5,nan,-1
10050,610,0.976,11735.44999999997,8685.449999999972,-5.0,28.05499999999992,14.238442622950773,0.9962265253630841,nan,nan,5,nan,-1
10075,610,0.976,11751.286999999971,8701.286999999971,-5.0,28.05499999999992,14.26440491803274,0.9962265253630841,nan,nan,5,nan,-1
10100,610,0.976,11758.288999999972,8708.288999999972,-5.0,28.05499999999992,14.275883606557331,0.9962265253630841,nan,nan,5,nan,-1
10125,610,0.976,11769.30099999997,8719.30099999997,-5.0,28.05499999999992,14.293936065573721,0.9962265253630841,nan,nan,5,nan,-1
10150,610,0.976,11771.502999999972,8721.502999999972,-5.0,28.05499999999992,14.297545901639298,0.9962265253630841,nan,nan,5,nan,-1
10175,610,0.976,11791.475999999971,8741.475999999971,-5.0,28.05499999999992,14.330288524590117,0.9962265253630841,nan,nan,5,nan,-1
10200,610,0.976,11796.495999999972,8746.49599999997,-5.0,28.05499999999992,14.338518032786837,0.9962265253630841,nan,nan,5,nan,-1
10225,610,0.976,11810.83799999997,8760.83799999997,-5.0,28.05499999999992,14.362029508196674,0.9962265253630841,nan,nan,5,nan,-1
10250,610,0.976,11818.71099999997,8768.71099999997,-5.0,28.05499999999992,14.374936065573722,0.9962265253630841,nan,nan,5,nan,-1
10275,610,0.976,11821.58499999997,8771.58499999997,-5.0,28.05499999999992,14.379647540983557,0.9962265253630841,nan,nan,5,nan,-1
10300,610,0.976,11821.58499999997,8771.58499999997,-5.0,28.05499999999992,14.379647540983557,0.9962265253630841,nan,nan,5,nan,-1
10325,610,0.976,11834.28499999997,8784.28499999997,-5.0,28.05499999999992,14.400467213114705,0.9962265253630841,nan,nan,5,nan,-1
10350,610,0.976,11850.518999999971,8800.518999999971,-5.0,28.05499999999992,14.427080327868806,0.9962265253630841,nan,nan,5,nan,-1
10375,610,0.976,11867.716999999971,8817.716999999971,-5.0,28.05499999999992,14.455273770491756,0.9962265253630841,nan,nan,5,nan,-1
10400,610,0.976,11902.761999999972,8852.761999999972,-5.0,28.13499999999994,14.512724590163888,0.9962265253630841,nan,nan,5,nan,-1
10425,610,0.976,11917.53399999997,8867.53399999997,-5.0,28.13499999999994,14.53694098360651,0.9962265253630841,nan,nan,5,nan,-1
10450,610,0.976,11932.58699999997,8882.58699999997,-5.0,28.13499999999994,14.561618032786837,0.9962265253630841,nan,nan,5,nan,-1
10475,610,0.976,11954.48199999997,8904.48199999997,-5.0,28.13499999999994,14.597511475409789,0.9962265253630841,nan,nan,5,nan,-1
10500,610,0.976,11963.10199999997,8913.10199999997,-5.0,28.13499999999994,14.61164262295077,0.9962265253630841,nan,nan,5,nan,-1
10525,610,0.976,11965.95199999997,8915.951999999972,-5.0,28.13499999999994,14.616314754098315,0.9962265253630841,nan,nan,5,nan,-1
10550,610,0.976,11984.72399999997,8934.72399999997,-5.0,28.13499999999994,14.647088524590114,0.9962265253630841,nan,nan,5,nan,-1
10575,610,0.976,12016.029999999972,8966.029999999972,-5.0,28.13499999999994,14.698409836065528,0.9962265253630841,nan,nan,5,nan,-1
10600,610,0.976,12024.47599999997,8974.47599999997,-5.0,28.13499999999994,14.712255737704869,0.9962265253630841,nan,nan,5,nan,-1
10625,610,0.976,12031.680999999971,8981.680999999971,-5.0,28.13499999999994,14.724067213114708,0.9962265253630841,nan,nan,5,nan,-1
10650,610,0.976,12047.56199999997,8997.56199999997,-5.0,28.13499999999994,14.750101639344214,0.9962265253630841,nan,nan,5,nan,-1
10675,610,0.976,12052.96199999997,9002.96199999997,-5.0,28.13499999999994,14.758954098360608,0.9962265253630841,nan,nan,5,nan,-1
10700,610,0.976,12057.34399999997,9007.34399999997,-5.0,28.13499999999994,14.766137704917984,0.9962265253630841,nan,nan,5,nan,-1
10725,610,0.976,12067.28099999997,9017.28099999997,-5.0,28.13499999999994,14.782427868852409,0.9962265253630841,nan,nan,5,nan,-1
10750,610,0.976,12077.25499999997,9027.25499999997,-5.0,28.13499999999994,14.798778688524541,0.9962265253630841,nan,nan,5,nan,-1
10775,610,0.976,12095.78999999997,9045.78999999997,-5.0,28.13499999999994,14.82916393442618,0.9962265253630841,nan,nan,5,nan,-1
10800,610,0.976,12095.78999999997,9045.78999999997,-5.0,28.13499999999994,14.82916393442618,0.9962265253630841,nan,nan,5,nan,-1
10825,610,0.976,12117.01299999997,9067.01299999997,-5.0,28.13499999999994,14.863955737704869,0.9962265253630841,nan,nan,5,nan,-1
10850,610,0.976,12118.72999999997,9068.72999999997,-5.0,28.13499999999994,14.86677049180323,0.9962265253630841,nan,nan,5,nan,-1
10875,610,0.976,12124.80699999997,9074.80699999997,-5.0,28.13499999999994,14.876732786885196,0.9962265253630841,nan,nan,5,nan,-1
10900,610,0.976,12139.768999999971,9089.768999999971,-5.0,28.13499999999994,14.901260655737657,0.9962265253630841,nan,nan,5,nan,-1
10925,610,0.976,12165.756999999969,9115.756999999969,-5.0,28.13499999999994,14.943863934426178,0.9962265253630841,nan,nan,5,nan,-1
10950,610,0.976,12173.48199999997,9123.481999999969,-5.0,28.13499999999994,14.956527868852408,0.9962265253630841,nan,nan,5,nan,-1
10975,610,0.976,12188.237999999972,9138.23799999997,-5.0,28.13499999999994,14.980718032786836,0.9962265253630841,nan,nan,5,nan,-1
11000,610,0.976,12208.643999999971,9158.64399999997,-5.0,28.13499999999994,15.014170491803227,0.9962265253630841,1.0461755656340161,1.2609591499807475,5,1.0,0
11025,610,0.976,12208.80299999997,9158.80299999997,-5.0,28.13499999999994,15.014431147540936,0.9962265253630841,nan,nan,5,nan,-1
11050,610,0.976,12225.268999999971,9175.26899999997,-5.0,28.13499999999994,15.041424590163885,0.9962265253630841,nan,nan,5,nan,-1
11075,610,0.976,12246.662999999971,9196.66299999997,-5.0,28.13499999999994,15.076496721311425,0.9962265253630841,nan,nan,5,nan,-1
11100,610,0.976,12258.682999999972,9208.68299999997,-5.0,28.13499999999994,15.096201639344214,0.9962265253630841,nan,nan,5,nan,-1
11125,610,0.976,12284.40699999997,9234.40699999997,-5.0,28.13499999999994,15.138372131147491,0.9962265253630841,nan,nan,5,nan,-1
11150,610,0.976,12289.49899999997,9239.49899999997,-5.0,28.13499999999994,15.1467196721311,0.9962265253630841,nan,nan,5,nan,-1
11175,610,0.976,12298.399999999969,9248.399999999969,-5.0,28.13499999999994,15.161311475409784,0.9962265253630841,nan,nan,5,nan,-1
11200,610,0.976,12310.007999999969,9260.007999999969,-5.0,28.13499999999994,15.180340983606506,0.9962265253630841,nan,nan,5,nan,-1
11225,610,0.976,12318.69099999997,9268.69099999997,-5.0,28.13499999999994,15.194575409836016,0.9962265253630841,nan,nan,5,nan,-1
11250,610,0.976,12328.26999999997,9278.269999999971,-5.0,28.13499999999994,15.210278688524543,0.9962265253630841,nan,nan,5,nan,-1
11275,610,0.976,12329.98599999997,9279.98599999997,-5.0,28.13499999999994,15.213091803278639,0.9962265253630841,nan,nan,5,nan,-1
11300,610,0.976,12335.31499999997,9285.31499999997,-5.0,28.13499999999994,15.22182786885241,0.9962265253630841,nan,nan,5,nan,-1
11325,610,0.976,12342.179999999971,9292.179999999971,-5.0,28.13499999999994,15.233081967213067,0.9962265253630841,nan,nan,5,nan,-1
11350,610,0.976,12344.63499999997,9294.634999999971,-5.0,28.13499999999994,15.237106557377002,0.9962265253630841,nan,nan,5,nan,-1
11375,610,0.976,12349.33899999997,9299.33899999997,-5.0,28.13499999999994,15.244818032786837,0.9962265253630841,nan,nan,5,nan,-1
11400,610,0.976,12364.847999999969,9314.847999999969,-5.0,28.13499999999994,15.27024262295077,0.9962265253630841,nan,nan,5,nan,-1
11425,610,0.976,12405.04499999997,9355.04499999997,-5.0,28.13499999999994,15.336139344262245,0.9962265253630841,nan,nan,5,nan,-1
11450,610,0.976,12420.45699999997,9370.45699999997,-5.0,28.13499999999994,15.361404918032736,0.9962265253630841,nan,nan,5,nan,-1
11475,610,0.976,12432.574999999968,9382.574999999968,-5.0,28.13499999999994,15.381270491803226,0.9962265253630841,nan,nan,5,nan,-1
11500,610,0.976,12437.92299999997,9387.92299999997,-5.0,28.13499999999994,15.390037704917983,0.9962265253630841,nan,nan,5,nan,-1
11525,610,0.976,12451.47899999997,9401.47899999997,-5.0,28.13499999999994,15.412260655737656,0.9962265253630841,nan,nan,5,nan,-1
11550,610,0.976,12467.76499999997,9417.76499999997,-5.0,28.13499999999994,15.438959016393394,0.9962265253630841,nan,nan,5,nan,-1
11575,611,0.9776,12503.933999999968,9448.933999999968,-5.0,28.13499999999994,15.464703764320733,0.9964809623301121,nan,nan,5,nan,-1
11600,611,0.9776,12511.304999999968,9456.30499999997,-5.0,28.13499999999994,15.476767594107969,0.9964809623301121,nan,nan,5,nan,-1
11625,611,0.9776,12513.06499999997,9458.06499999997,-5.0,28.13499999999994,15.479648117839558,0.9964809623301121,nan,nan,5,nan,-1
11650,611,0.9776,12516.650999999969,9461.650999999969,-5.0,28.13499999999994,15.485517184942665,0.9964809623301121,nan,nan,5,nan,-1
11675,611,0.9776,12530.79799999997,9475.79799999997,-5.0,28.13499999999994,15.508671031096513,0.9964809623301121,nan,nan,5,nan,-1
11700,611,0.9776,12535.265999999969,9480.265999999969,-5.0,28.13499999999994,15.515983633387837,0.9964809623301121,nan,nan,5,nan,-1
11725,611,0.9776,12544.195999999967,9489.195999999967,-5.0,28.13499999999994,15.530599018003219,0.9964809623301121,nan,nan,5,nan,-1
11750,611,0.9776,12554.360999999968,9499.360999999968,-5.0,28.13499999999994,15.547235679214351,0.9964809623301121,nan,nan,5,nan,-1
11775,611,0.9776,12560.68799999997,9505.68799999997,-5.0,28.13499999999994,15.557590834697168,0.9964809623301121,nan,nan,5,nan,-1
11800,611,0.9776,12562.48299999997,9507.48299999997,-5.0,28.13499999999994,15.560528641571144,0.9964809623301121,nan,nan,5,nan,-1
11825,611,0.9776,12572.336999999969,9517.336999999969,-5.0,28.13499999999994,15.576656301145611,0.9964809623301121,nan,nan,5,nan,-1
11850,611,0.9776,12577.25899999997,9522.25899999997,-5.0,28.13499999999994,15.58471194762679,0.9964809623301121,nan,nan,5,nan,-1
11875,611,0.9776,12580.381999999969,9525.381999999969,-5.0,28.13499999999994,15.589823240589146,0.9964809623301121,nan,nan,5,nan,-1
11900,611,0.9776,12586.28699999997,9531.286999999968,-5.0,28.13499999999994,15.599487725040863,0.9964809623301121,nan,nan,5,nan,-1
11925,611,0.9776,12594.488999999969,9539.488999999969,-5.0,28.13499999999994,15.612911620294549,0.9964809623301121,nan,nan,5,nan,-1
11950,611,0.9776,12599.24199999997,9544.24199999997,-5.0,28.13499999999994,15.620690671031046,0.9964809623301121,nan,nan,5,nan,-1
11975,611,0.9776,12628.39299999997,9573.39299999997,-5.0,29.469999999999953,15.668400981996676,0.9964809623301121,nan,nan,5,nan,-1
12000,611,0.9776,12649.739999999969,9594.739999999969,-5.0,29.469999999999953,15.703338788870653,0.9964809623301121,1.0455442895285258,1.29017220772993,5,1.0,0
12025,611,0.9776,12653.273999999969,9598.273999999969,-5.0,29.469999999999953,15.709122749590783,0.9964809623301121,nan,nan,5,nan,-1
12050,611,0.9776,12669.922999999968,9614.922999999968,-5.0,29.469999999999953,15.736371522094874,0.9964809623301121,nan,nan,5,nan,-1
12075,611,0.9776,12680.91099999997,9625.910999999967,-5.0,29.469999999999953,15.754355155482761,0.9964809623301121,nan,nan,5,nan,-1
12100,611,0.9776,12683.76099999997,9628.76099999997,-5.0,29.469999999999953,15.759019639934484,0.9964809623301121,nan,nan,5,nan,-1
12125,611,0.9776,12688.26199999997,9633.26199999997,-5.0,29.469999999999953,15.766386252045777,0.9964809623301121,nan,nan,5,nan,-1
12150,611,0.9776,12704.112999999968,9649.112999999968,-5.0,29.469999999999953,15.792328968903385,0.9964809623301121,nan,nan,5,nan,-1
12175,611,0.9776,12714.936999999969,9659.936999999969,-5.0,29.469999999999953,15.81004418985265,0.9964809623301121,nan,nan,5,nan,-1
12200,611,0.9776,12740.599999999968,9685.599999999968,-5.0,29.469999999999953,15.852045826513859,0.9964809623301121,nan,nan,5,nan,-1
12225,611,0.9776,12749.79599999997,9694.795999999968,-5.0,29.469999999999953,15.867096563011403,0.9964809623301121,nan,nan,5,nan,-1
12250,611,0.9776,12756.536999999968,9701.536999999968,-5.0,29.469999999999953,15.878129296235626,0.9964809623301121,nan,nan,5,nan,-1
12275,611,0.9776,12758.880999999968,9703.880999999968,-5.0,29.469999999999953,15.881965630114514,0.9964809623301121,nan,nan,5,nan,-1
12300,611,0.9776,12770.00999999997,9715.00999999997,-5.0,29.469999999999953,15.900180032733173,0.9964809623301121,nan,nan,5,nan,-1
12325,611,0.9776,12779.88799999997,9724.88799999997,-5.0,29.469999999999953,15.91634697217671,0.9964809623301121,nan,nan,5,nan,-1
12350,611,0.9776,12785.01899999997,9730.018999999967,-5.0,29.469999999999953,15.92474468085101,0.9964809623301121,nan,nan,5,nan,-1
12375,611,0.9776,12806.299999999968,9751.299999999968,-5.0,29.469999999999953,15.959574468085055,0.9964809623301121,nan,nan,5,nan,-1
12400,611,0.9776,12821.275999999969,9766.275999999969,-5.0,29.469999999999953,15.984085106382928,0.9964809623301121,nan,nan,5,nan,-1
12425,611,0.9776,12845.515999999969,9790.515999999969,-5.0,29.469999999999953,16.0237577741407,0.9964809623301121,nan,nan,5,nan,-1
12450,611,0.9776,12850.929999999968,9795.929999999968,-5.0,29.469999999999953,16.032618657937753,0.9964809623301121,nan,nan,5,nan,-1
12475,611,0.9776,12880.957999999968,9825.95799999997,-5.0,29.469999999999953,16.08176432078555,0.9964809623301121,nan,nan,5,nan,-1
12500,611,0.9776,12890.29499999997,9835.29499999997,-5.0,29.469999999999953,16.09704582651386,0.9964809623301121,nan,nan,5,nan,-1
12525,611,0.9776,12906.77899999997,9851.77899999997,-5.0,29.469999999999953,16.12402454991812,0.9964809623301121,nan,nan,5,nan,-1
12550,611,0.9776,12908.573999999968,9853.573999999968,-5.0,29.469999999999953,16.12696235679209,0.9964809623301121,nan,nan,5,nan,-1
12575,611,0.9776,12919.988999999969,9864.988999999969,-5.0,29.469999999999953,16.145644844517133,0.9964809623301121,nan,nan,5,nan,-1
12600,611,0.9776,12939.603999999968,9884.603999999968,-5.0,29.469999999999953,16.177747954173434,0.9964809623301121,nan,nan,5,nan,-1
12625,611,0.9776,12945.732999999967,9890.732999999967,-5.0,29.469999999999953,16.187779050736445,0.9964809623301121,nan,nan,5,nan,-1
12650,611,0.9776,12959.38399999997,9904.38399999997,-5.0,29.469999999999953,16.210121112929574,0.9964809623301121,nan,nan,5,nan,-1
12675,611,0.9776,12961.22499999997,9906.22499999997,-5.0,29.469999999999953,16.213134206219262,0.9964809623301121,nan,nan,5,nan,-1
12700,611,0.9776,12964.615999999969,9909.615999999969,-5.0,29.469999999999953,16.2186841243862,0.9964809623301121,nan,nan,5,nan,-1
12725,611,0.9776,12982.201999999968,9927.201999999968,-5.0,29.469999999999953,16.24746644844512,0.9964809623301121,nan,nan,5,nan,-1
12750,611,0.9776,12982.201999999968,9927.201999999968,-5.0,29.469999999999953,16.24746644844512,0.9964809623301121,nan,nan,5,nan,-1
12775,611,0.9776,13008.38399999997,9953.38399999997,-5.0,29.469999999999953,16.290317512274907,0.9964809623301121,nan,nan,5,nan,-1
12800,611,0.9776,13022.81399999997,9967.81399999997,-5.0,29.469999999999953,16.313934533551503,0.9964809623301121,nan,nan,5,nan,-1
12825,611,0.9776,13051.452999999969,9996.452999999969,-5.0,29.469999999999953,16.360806873977037,0.9964809623301121,nan,nan,5,nan,-1
12850,611,0.9776,13068.587999999967,10013.587999999967,-5.0,29.469999999999953,16.388851063829733,0.9964809623301121,nan,nan,5,nan,-1
12875,611,0.9776,13075.122999999967,10020.122999999969,-5.0,29.469999999999953,16.399546644844467,0.9964809623301121,nan,nan,5,nan,-1
12900,611,0.9776,13100.614999999969,10045.614999999969,-5.0,29.469999999999953,16.441268412438575,0.9964809623301121,nan,nan,5,nan,-1
12925,611,0.9776,13123.805999999968,10068.805999999968,-5.0,29.469999999999953,16.479224222585874,0.9964809623301121,nan,nan,5,nan,-1
12950,611,0.9776,13130.414999999968,10075.414999999968,-5.0,29.469999999999953,16.490040916530226,0.9964809623301121,nan,nan,5,nan,-1
12975,611,0.9776,13138.542999999967,10083.542999999967,-5.0,29.469999999999953,16.503343698854284,0.9964809623301121,nan,nan,5,nan,-1
13000,611,0.9776,13143.44099999997,10088.44099999997,-5.0,29.469999999999953,16.5113600654664,0.9964809623301121,1.0458823583291021,1.2951655087204552,5,1.0,0
13025,611,0.9776,13174.62099999997,10119.62099999997,-5.0,29.469999999999953,16.56239116202941,0.9964809623301121,nan,nan,5,nan,-1
13050,611,0.9776,13181.396999999968,10126.396999999968,-5.0,29.469999999999953,16.57348117839602,0.9964809623301121,nan,nan,5,nan,-1
13075,611,0.9776,13183.42499999997,10128.424999999968,-5.0,29.469999999999953,16.57680032733219,0.9964809623301121,nan,nan,5,nan,-1
13100,611,0.9776,13185.699999999968,10130.699999999968,-5.0,29.469999999999953,16.58052373158751,0.9964809623301121,nan,nan,5,nan,-1
13125,611,0.9776,13195.587999999969,10140.587999999969,-5.0,29.469999999999953,16.596707037643156,0.9964809623301121,nan,nan,5,nan,-1
13150,611,0.9776,13198.342999999968,10143.342999999968,-5.0,29.469999999999953,16.601216039279816,0.9964809623301121,nan,nan,5,nan,-1
13175,611,0.9776,13200.05399999997,10145.05399999997,-5.0,29.469999999999953,16.60401636661206,0.9964809623301121,nan,nan,5,nan,-1
13200,611,0.9776,13200.40299999997,10145.40299999997,-5.0,29.469999999999953,16.604587561374746,0.9964809623301121,nan,nan,5,nan,-1
13225,611,0.9776,13227.407999999969,10172.407999999967,-5.0,29.469999999999953,16.648785597381288,0.9964809623301121,nan,nan,5,nan,-1
13250,611,0.9776,13241.26199999997,10186.261999999968,-5.0,29.469999999999953,16.671459901800276,0.9964809623301121,nan,nan,5,nan,-1
13275,611,0.9776,13261.599999999968,10206.599999999968,-5.0,29.469999999999953,16.70474631751222,0.9964809623301121,nan,nan,5,nan,-1
13300,611,0.9776,13272.983999999968,10217.983999999968,-5.0,29.469999999999953,16.723378068739716,0.9964809623301121,nan,nan,5,nan,-1
13325,611,0.9776,13280.943999999969,10225.943999999969,-5.0,29.469999999999953,16.736405891980308,0.9964809623301121,nan,nan,5,nan,-1
13350,611,0.9776,13291.077999999969,10236.077999999969,-5.0,29.469999999999953,16.752991816693893,0.9964809623301121,nan,nan,5,nan,-1
13375,611,0.9776,13319.33099999997,10264.33099999997,-5.0,29.469999999999953,16.79923240589193,0.9964809623301121,nan,nan,5,nan,-1
13400,611,0.9776,13324.092999999968,10269.092999999968,-5.0,29.469999999999953,16.807026186579325,0.9964809623301121,nan,nan,5,nan,-1
13425,611,0.9776,13346.147999999968,10291.147999999968,-5.0,29.469999999999953,16.843122749590783,0.9964809623301121,nan,nan,5,nan,-1
13450,611,0.9776,13360.871999999968,10305.871999999968,-5.0,29.469999999999953,16.86722094926345,0.9964809623301121,nan,nan,5,nan,-1
13475,611,0.9776,13368.661999999968,10313.661999999968,-5.0,29.469999999999953,16.879970540098146,0.9964809623301121,nan,nan,5,nan,-1
13500,611,0.9776,13383.472999999969,10328.472999999969,-5.0,29.469999999999953,16.904211129296186,0.9964809623301121,nan,nan,5,nan,-1
13525,611,0.9776,13394.072999999968,10339.072999999968,-5.0,29.469999999999953,16.921559738134153,0.9964809623301121,nan,nan,5,nan,-1
13550,611,0.9776,13396.672999999968,10341.672999999968,-5.0,29.469999999999953,16.92581505728309,0.9964809623301121,nan,nan,5,nan,-1
13575,611,0.9776,13401.821999999967,10346.821999999967,-5.0,29.469999999999953,16.934242225859194,0.9964809623301121,nan,nan,5,nan,-1
13600,611,0.9776,13420.096999999969,10365.096999999969,-5.0,29.469999999999953,16.964152209492585,0.9964809623301121,nan,nan,5,nan,-1
13625,611,0.9776,13423.985999999968,10368.985999999968,-5.0,29.469999999999953,16.970517184942665,0.9964809623301121,nan,nan,5,nan,-1
13650,611,0.9776,13423.985999999968,10368.985999999968,-5.0,29.469999999999953,16.970517184942665,0.9964809623301121,nan,nan,5,nan,-1
13675,611,0.9776,13430.670999999968,10375.670999999968,-5.0,29.469999999999953,16.981458265139064,0.9964809623301121,nan,nan,5,nan,-1
13700,611,0.9776,13450.973999999967,10395.97399999997,-5.0,29.469999999999953,17.014687397708624,0.9964809623301121,nan,nan,5,nan,-1
13725,611,0.9776,13458.411999999968,10403.41199999997,-5.0,29.469999999999953,17.026860883797003,0.9964809623301121,nan,nan,5,nan,-1
13750,611,0.9776,13458.954999999967,10403.954999999967,-5.0,29.469999999999953,17.027749590834645,0.9964809623301121,nan,nan,5,nan,-1
13775,611,0.9776,13467.642999999967,10412.642999999967,-5.0,29.469999999999953,17.041968903436935,0.9964809623301121,nan,nan,5,nan,-1
13800,611,0.9776,13477.237999999968,10422.237999999968,-5.0,29.469999999999953,17.05767266775772,0.9964809623301121,nan,nan,5,nan,-1
13825,611,0.9776,13495.45699999997,10440.45699999997,-5.0,29.469999999999953,17.08749099836329,0.9964809623301121,nan,nan,5,nan,-1
13850,611,0.9776,13506.182999999968,10451.182999999968,-5.0,29.469999999999953,17.10504582651386,0.9964809623301121,nan,nan,5,nan,-1
13875,611,0.9776,13522.140999999967,10467.140999999967,-5.0,29.469999999999953,17.131163666121058,0.9964809623301121,nan,nan,5,nan,-1
13900,611,0.9776,13522.725999999968,10467.725999999968,-5.0,29.469999999999953,17.13212111292957,0.9964809623301121,nan,nan,5,nan,-1
13925,611,0.9776,13540.258999999967,10485.25899999997,-5.0,29.469999999999953,17.1608166939443,0.9964809623301121,nan,nan,5,nan,-1
13950,611,0.9776,13553.978999999967,10498.978999999967,-5.0,29.469999999999953,17.183271685760992,0.9964809623301121,nan,nan,5,nan,-1
13975,611,0.9776,13574.605999999967,10519.605999999967,-5.0,29.469999999999953,17.21703109656296,0.9964809623301121,nan,nan,5,nan,-1
14000,611,0.9776,13586.113999999969,10531.113999999969,-5.0,29.469999999999953,17.235865793780636,0.9964809623301121,1.0444643286112183,1.2971937045778192,5,1.0,0
14025,611,0.9776,13587.758999999967,10532.75899999997,-5.0,29.469999999999953,17.238558101472943,0.9964809623301121,nan,nan,5,nan,-1
14050,611,0.9776,13598.056999999968,10543.056999999968,-5.0,29.469999999999953,17.255412438625154,0.9964809623301121,nan,nan,5,nan,-1
14075,611,0.9776,13598.056999999968,10543.056999999968,-5.0,29.469999999999953,17.255412438625154,0.9964809623301121,nan,nan,5,nan,-1
14100,611,0.9776,13634.703999999969,10579.703999999969,-5.0,29.469999999999953,17.31539116202941,0.9964809623301121,nan,nan,5,nan,-1
14125,611,0.9776,13647.725999999966,10592.725999999966,-5.0,29.469999999999953,17.33670376432073,0.9964809623301121,nan,nan,5,nan,-1
14150,612,0.9792,13680.274999999967,10620.274999999967,-5.0,29.469999999999953,17.353390522875763,0.9967349832103363,nan,nan,5,nan,-1
14175,612,0.9792,13685.960999999967,10625.960999999967,-5.0,29.469999999999953,17.362681372548966,0.9967349832103363,nan,nan,5,nan,-1
14200,612,0.9792,13694.913999999968,10634.913999999968,-5.0,29.469999999999953,17.377310457516288,0.9967349832103363,nan,nan,5,nan,-1
14225,612,0.9792,13700.382999999969,10640.382999999969,-5.0,29.469999999999953,17.386246732026095,0.9967349832103363,nan,nan,5,nan,-1
14250,612,0.9792,13715.748999999967,10655.748999999967,-5.0,29.469999999999953,17.411354575163344,0.9967349832103363,nan,nan,5,nan,-1
14275,612,0.9792,13734.484999999968,10674.484999999968,-5.0,29.469999999999953,17.441968954248313,0.9967349832103363,nan,nan,5,nan,-1
14300,612,0.9792,13736.388999999968,10676.388999999968,-5.0,29.469999999999953,17.445080065359424,0.9967349832103363,nan,nan,5,nan,-1
14325,612,0.9792,13742.128999999968,10682.128999999968,-5.0,29.469999999999953,17.454459150326745,0.9967349832103363,nan,nan,5,nan,-1
14350,612,0.9792,13756.618999999968,10696.618999999968,-5.0,29.469999999999953,17.47813562091498,0.9967349832103363,nan,nan,5,nan,-1
14375,612,0.9792,13764.849999999968,10704.849999999968,-5.0,29.469999999999953,17.491584967320208,0.9967349832103363,nan,nan,5,nan,-1
14400,612,0.9792,13780.069999999967,10720.069999999967,-5.0,29.469999999999953,17.51645424836596,0.9967349832103363,nan,nan,5,nan,-1
14425,612,0.9792,13783.249999999967,10723.249999999967,-5.0,29.469999999999953,17.52165032679733,0.9967349832103363,nan,nan,5,nan,-1
14450,612,0.9792,13794.454999999969,10734.454999999967,-5.0,29.469999999999953,17.539959150326744,0.9967349832103363,nan,nan,5,nan,-1
14475,612,0.9792,13804.61899999997,10744.618999999968,-5.0,29.469999999999953,17.556566993464,0.9967349832103363,nan,nan,5,nan,-1
14500,612,0.9792,13811.481999999967,10751.481999999967,-5.0,29.469999999999953,17.56778104575158,0.9967349832103363,nan,nan,5,nan,-1
14525,612,0.9792,13819.827999999969,10759.827999999969,-5.0,29.469999999999953,17.581418300653542,0.9967349832103363,nan,nan,5,nan,-1
14550,612,0.9792,13833.064999999968,10773.064999999966,-5.0,29.469999999999953,17.603047385620858,0.9967349832103363,nan,nan,5,nan,-1
14575,612,0.9792,13857.338999999967,10797.338999999967,-5.0,29.469999999999953,17.64271078431367,0.9967349832103363,nan,nan,5,nan,-1
14600,612,0.9792,13873.090999999968,10813.090999999968,-5.0,29.469999999999953,17.668449346405176,0.9967349832103363,nan,nan,5,nan,-1
14625,612,0.9792,13891.435999999969,10831.435999999969,-5.0,29.469999999999953,17.698424836601255,0.9967349832103363,nan,nan,5,nan,-1
14650,612,0.9792,13907.667999999969,10847.667999999969,-5.0,29.469999999999953,17.72494771241825,0.9967349832103363,nan,nan,5,nan,-1
14675,612,0.9792,13916.966999999968,10856.966999999968,-5.0,29.469999999999953,17.740142156862692,0.9967349832103363,nan,nan,5,nan,-1
14700,612,0.9792,13928.80399999997,10868.80399999997,-5.0,29.469999999999953,17.75948366013067,0.9967349832103363,nan,nan,5,nan,-1
14725,612,0.9792,13937.272999999968,10877.272999999968,-5.0,29.469999999999953,17.773321895424786,0.9967349832103363,nan,nan,5,nan,-1
14750,612,0.9792,13957.630999999968,10897.630999999968,-5.0,29.469999999999953,17.80658660130714,0.9967349832103363,nan,nan,5,nan,-1
14775,612,0.9792,13961.995999999968,10901.995999999968,-5.0,29.469999999999953,17.813718954248316,0.9967349832103363,nan,nan,5,nan,-1
14800,612,0.9792,13984.888999999968,10924.888999999968,-5.0,29.469999999999953,17.851125816993413,0.9967349832103363,nan,nan,5,nan,-1
14825,612,0.9792,13995.976999999966,10935.976999999966,-5.0,29.469999999999953,17.869243464052232,0.9967349832103363,nan,nan,5,nan,-1
14850,612,0.9792,14009.449999999968,10949.449999999968,-5.0,29.469999999999953,17.891258169934588,0.9967349832103363,nan,nan,5,nan,-1
14875,612,0.9792,14013.585999999967,10953.585999999967,-5.0,29.469999999999953,17.898016339869226,0.9967349832103363,nan,nan,5,nan,-1
14900,612,0.9792,14046.222999999969,10986.222999999969,-5.0,29.469999999999953,17.95134477124178,0.9967349832103363,nan,nan,5,nan,-1
14925,612,0.9792,14048.813999999968,10988.813999999968,-5.0,29.469999999999953,17.955578431372498,0.9967349832103363,nan,nan,5,nan,-1
14950,612,0.9792,14058.291999999969,10998.291999999967,-5.0,29.469999999999953,17.97106535947707,0.9967349832103363,nan,nan,5,nan,-1
14975,612,0.9792,14072.560999999969,11012.560999999969,-5.0,29.469999999999953,17.994380718954197,0.9967349832103363,nan,nan,5,nan,-1
15000,612,0.9792,14083.784999999967,11023.784999999967,-5.0,29.469999999999953,18.01272058823524,0.9967349832103363,1.0452228611600642,1.2968795283265946,5,1.0,0
15025,612,0.9792,14092.650999999969,11032.650999999969,-5.0,29.469999999999953,18.027207516339818,0.9967349832103363,nan,nan,5,nan,-1
15050,612,0.9792,14093.735999999968,11033.735999999968,-5.0,29.469999999999953,18.02898039215681,0.9967349832103363,nan,nan,5,nan,-1
15075,612,0.9792,14115.59899999997,11055.59899999997,-5.0,29.469999999999953,18.064704248365963,0.9967349832103363,nan,nan,5,nan,-1
15100,612,0.9792,14120.273999999969,11060.273999999969,-5.0,29.469999999999953,18.07234313725485,0.9967349832103363,nan,nan,5,nan,-1
15125,612,0.9792,14130.762999999966,11070.762999999966,-5.0,29.469999999999953,18.089482026143735,0.9967349832103363,nan,nan,5,nan,-1
15150,612,0.9792,14131.221999999967,11071.221999999967,-5.0,29.469999999999953,18.090232026143738,0.9967349832103363,nan,nan,5,nan,-1
15175,612,0.9792,14141.738999999967,11081.738999999967,-5.0,29.469999999999953,18.107416666666612,0.9967349832103363,nan,nan,5,nan,-1
15200,612,0.9792,14165.270999999968,11105.270999999966,-5.0,29.469999999999953,18.14586764705877,0.9967349832103363,nan,nan,5,nan,-1
15225,612,0.9792,14171.185999999967,11111.185999999967,-5.0,29.469999999999953,18.155532679738506,0.9967349832103363,nan,nan,5,nan,-1
15250,612,0.9792,14211.435999999969,11151.435999999969,-5.0,29.469999999999953,18.22130065359472,0.9967349832103363,nan,nan,5,nan,-1
15275,612,0.9792,14220.625999999967,11160.625999999967,-5.0,29.469999999999953,18.236316993463998,0.9967349832103363,nan,nan,5,nan,-1
15300,612,0.9792,14230.105999999967,11170.105999999967,-5.0,29.469999999999953,18.25180718954243,0.9967349832103363,nan,nan,5,nan,-1
15325,612,0.9792,14230.497999999969,11170.497999999967,-5.0,29.469999999999953,18.252447712418245,0.9967349832103363,nan,nan,5,nan,-1
15350,612,0.9792,14240.283999999969,11180.283999999967,-5.0,29.469999999999953,18.26843790849668,0.9967349832103363,nan,nan,5,nan,-1
15375,612,0.9792,14242.608999999968,11182.608999999968,-5.0,29.469999999999953,18.272236928104522,0.9967349832103363,nan,nan,5,nan,-1
15400,612,0.9792,14254.983999999968,11194.983999999968,-5.0,29.469999999999953,18.292457516339816,0.9967349832103363,nan,nan,5,nan,-1
15425,612,0.9792,14258.52899999997,11198.528999999968,-5.0,29.469999999999953,18.298249999999946,0.9967349832103363,nan,nan,5,nan,-1
15450,612,0.9792,14270.982999999967,11210.982999999967,-5.0,29.469999999999953,18.318599673202563,0.9967349832103363,nan,nan,5,nan,-1
15475,612,0.9792,14287.012999999966,11227.012999999966,-5.0,29.469999999999953,18.344792483660076,0.9967349832103363,nan,nan,5,nan,-1
15500,612,0.9792,14287.524999999967,11227.524999999967,-5.0,29.469999999999953,18.345629084967268,0.9967349832103363,nan,nan,5,nan,-1
15525,612,0.9792,14309.720999999967,11249.720999999967,-5.0,31.034999999999943,18.381897058823476,0.9967349832103363,nan,nan,5,nan,-1
15550,612,0.9792,14311.064999999966,11251.064999999968,-5.0,31.034999999999943,18.38409313725485,0.9967349832103363,nan,nan,5,nan,-1
15575,612,0.9792,14311.064999999966,11251.064999999968,-5.0,31.034999999999943,18.38409313725485,0.9967349832103363,nan,nan,5,nan,-1
15600,612,0.9792,14336.852999999968,11276.852999999966,-5.0,31.034999999999943,18.426230392156807,0.9967349832103363,nan,nan,5,nan,-1
15625,612,0.9792,14369.964999999967,11309.964999999967,-5.0,31.034999999999943,18.480334967320207,0.9967349832103363,nan,nan,5,nan,-1
15650,612,0.9792,14380.817999999967,11320.817999999967,-5.0,31.034999999999943,18.498068627450927,0.9967349832103363,nan,nan,5,nan,-1
15675,612,0.9792,14382.412999999968,11322.412999999968,-5.0,31.034999999999943,18.500674836601256,0.9967349832103363,nan,nan,5,nan,-1
15700,612,0.9792,14401.742999999966,11341.742999999968,-5.0,31.034999999999943,18.532259803921516,0.9967349832103363,nan,nan,5,nan,-1
15725,612,0.9792,14419.828999999967,11359.828999999967,-5.0,31.034999999999943,18.561812091503214,0.9967349832103363,nan,nan,5,nan,-1
15750,612,0.9792,14464.751999999968,11404.751999999968,-5.0,31.034999999999943,18.635215686274456,0.9967349832103363,nan,nan,5,nan,-1
15775,612,0.9792,14489.037999999968,11429.037999999968,-5.0,31.034999999999943,18.674898692810405,0.9967349832103363,nan,nan,5,nan,-1
15800,612,0.9792,14504.484999999968,11444.484999999968,-5.0,31.034999999999943,18.700138888888837,0.9967349832103363,nan,nan,5,nan,-1
15825,612,0.9792,14528.679999999968,11468.679999999966,-5.0,31.034999999999943,18.739673202614323,0.9967349832103363,nan,nan,5,nan,-1
15850,612,0.9792,14532.614999999969,11472.614999999965,-5.0,31.034999999999943,18.746102941176414,0.9967349832103363,nan,nan,5,nan,-1
15875,612,0.9792,14543.729999999969,11483.729999999967,-5.0,31.034999999999943,18.764264705882297,0.9967349832103363,nan,nan,5,nan,-1
15900,612,0.9792,14557.458999999968,11497.458999999966,-5.0,31.034999999999943,18.786697712418245,0.9967349832103363,nan,nan,5,nan,-1
15925,612,0.9792,14564.777999999968,11504.777999999968,-5.0,31.034999999999943,18.798656862745045,0.9967349832103363,nan,nan,5,nan,-1
15950,612,0.9792,14565.360999999968,11505.360999999968,-5.0,31.034999999999943,18.799609477124132,0.9967349832103363,nan,nan,5,nan,-1
15975,612,0.9792,14587.474999999968,11527.474999999966,-5.0,33.95999999999993,18.835743464052232,0.9967349832103363,nan,nan,5,nan,-1
16000,612,0.9792,14595.212999999967,11535.212999999967,-5.0,33.95999999999993,18.84838725490191,0.9967349832103363,1.04449204650841,1.3322196959249741,5,1.0,0
16025,612,0.9792,14595.212999999967,11535.212999999967,-5.0,33.95999999999993,18.84838725490191,0.9967349832103363,nan,nan,5,nan,-1
16050,612,0.9792,14609.969999999967,11549.969999999967,-5.0,33.95999999999993,18.872499999999945,0.9967349832103363,nan,nan,5,nan,-1
16075,612,0.9792,14618.663999999968,11558.663999999966,-5.0,33.95999999999993,18.886705882352885,0.9967349832103363,nan,nan,5,nan,-1
16100,612,0.9792,14628.008999999967,11568.008999999967,-5.0,33.95999999999993,18.901975490196026,0.9967349832103363,nan,nan,5,nan,-1
16125,612,0.9792,14651.390999999967,11591.390999999967,-5.0,33.95999999999993,18.940181372548967,0.9967349832103363,nan,nan,5,nan,-1
16150,612,0.9792,14661.083999999968,11601.083999999968,-5.0,33.95999999999993,18.956019607843086,0.9967349832103363,nan,nan,5,nan,-1
16175,612,0.9792,14672.743999999968,11612.743999999968,-5.0,33.95999999999993,18.975071895424783,0.9967349832103363,nan,nan,5,nan,-1
16200,612,0.9792,14684.028999999968,11624.028999999968,-5.0,33.95999999999993,18.993511437908445,0.9967349832103363,nan,nan,5,nan,-1
16225,612,0.9792,14696.073999999968,11636.073999999966,-5.0,33.95999999999993,19.01319281045746,0.9967349832103363,nan,nan,5,nan,-1
16250,612,0.9792,14705.215999999968,11645.215999999966,-5.0,33.95999999999993,19.02813071895419,0.9967349832103363,nan,nan,5,nan,-1
16275,612,0.9792,14716.340999999968,11656.340999999966,-5.0,33.95999999999993,19.046308823529355,0.9967349832103363,nan,nan,5,nan,-1
16300,612,0.9792,14728.300999999967,11668.300999999967,-5.0,33.95999999999993,19.065851307189487,0.9967349832103363,nan,nan,5,nan,-1
16325,612,0.9792,14748.054999999968,11688.054999999968,-5.0,33.95999999999993,19.09812908496727,0.9967349832103363,nan,nan,5,nan,-1
16350,612,0.9792,14758.445999999967,11698.445999999967,-5.0,33.95999999999993,19.115107843137203,0.9967349832103363,nan,nan,5,nan,-1
16375,612,0.9792,14758.445999999967,11698.445999999967,-5.0,33.95999999999993,19.115107843137203,0.9967349832103363,nan,nan,5,nan,-1
16400,612,0.9792,14772.830999999966,11712.830999999966,-5.0,33.95999999999993,19.138612745097983,0.9967349832103363,nan,nan,5,nan,-1
16425,612,0.9792,14773.875999999966,11713.875999999966,-5.0,33.95999999999993,19.140320261437854,0.9967349832103363,nan,nan,5,nan,-1
16450,612,0.9792,14779.355999999967,11719.355999999967,-5.0,33.95999999999993,19.149274509803867,0.9967349832103363,nan,nan,5,nan,-1
16475,612,0.9792,14786.180999999968,11726.180999999968,-5.0,33.95999999999993,19.16042647058818,0.9967349832103363,nan,nan,5,nan,-1
16500,612,0.9792,14801.680999999968,11741.680999999968,-5.0,33.95999999999993,19.185753267973805,0.9967349832103363,nan,nan,5,nan,-1
16525,612,0.9792,14832.524999999965,11772.524999999965,-5.0,33.95999999999993,19.236151960784255,0.9967349832103363,nan,nan,5,nan,-1
16550,612,0.9792,14843.801999999967,11783.801999999967,-5.0,33.95999999999993,19.254578431372494,0.9967349832103363,nan,nan,5,nan,-1
16575,612,0.9792,14848.486999999966,11788.486999999966,-5.0,33.95999999999993,19.262233660130665,0.9967349832103363,nan,nan,5,nan,-1
16600,612,0.9792,14864.525999999965,11804.525999999965,-5.0,33.95999999999993,19.28844117647053,0.9967349832103363,nan,nan,5,nan,-1
16625,612,0.9792,14876.415999999967,11816.415999999967,-5.0,33.95999999999993,19.307869281045697,0.9967349832103363,nan,nan,5,nan,-1
16650,612,0.9792,14888.275999999967,11828.275999999965,-5.0,33.95999999999993,19.327248366013016,0.9967349832103363,nan,nan,5,nan,-1
16675,612,0.9792,14901.789999999968,11841.789999999966,-5.0,33.95999999999993,19.34933006535942,0.9967349832103363,nan,nan,5,nan,-1
16700,612,0.9792,14907.341999999968,11847.341999999966,-5.0,33.95999999999993,19.35840196078426,0.9967349832103363,nan,nan,5,nan,-1
16725,612,0.9792,14932.082999999966,11872.082999999966,-5.0,33.95999999999993,19.398828431372493,0.9967349832103363,nan,nan,5,nan,-1
16750,612,0.9792,14953.670999999966,11893.670999999966,-5.0,33.95999999999993,19.434102941176416,0.9967349832103363,nan,nan,5,nan,-1
16775,612,0.9792,14986.514999999967,11926.514999999967,-5.0,33.95999999999993,19.487769607843084,0.9967349832103363,nan,nan,5,nan,-1
16800,612,0.9792,14994.514999999967,11934.514999999967,-5.0,33.95999999999993,19.50084150326792,0.9967349832103363,nan,nan,5,nan,-1
16825,612,0.9792,15002.578999999967,11942.578999999965,-5.0,33.95999999999993,19.514017973856152,0.9967349832103363,nan,nan,5,nan,-1
16850,612,0.9792,15005.938999999966,11945.938999999966,-5.0,33.95999999999993,19.519508169934586,0.9967349832103363,nan,nan,5,nan,-1
16875,612,0.9792,15008.763999999966,11948.763999999966,-5.0,33.95999999999993,19.52412418300648,0.9967349832103363,nan,nan,5,nan,-1
16900,612,0.9792,15012.188999999966,11952.188999999966,-5.0,33.95999999999993,19.52972058823524,0.9967349832103363,nan,nan,5,nan,-1
16925,612,0.9792,15023.553999999967,11963.553999999966,-5.0,33.95999999999993,19.548290849673148,0.9967349832103363,nan,nan,5,nan,-1
16950,612,0.9792,15051.095999999967,11991.095999999967,-5.0,33.95999999999993,19.593294117647005,0.9967349832103363,nan,nan,5,nan,-1
16975,613,0.9808,15077.525999999965,12012.525999999965,-5.0,33.95999999999993,19.596290375203857,0.9969885893624083,nan,nan,5,nan,-1
17000,613,0.9808,15095.876999999968,12030.876999999968,-5.0,33.95999999999993,19.62622675367042,0.9969885893624083,1.04395770705413,1.3030589229910294,5,1.0,0
17025,613,0.9808,15097.411999999968,12032.411999999968,-5.0,33.95999999999993,19.628730831973847,0.9969885893624083,nan,nan,5,nan,-1
17050,613,0.9808,15116.008999999967,12051.008999999967,-5.0,33.95999999999993,19.6590685154975,0.9969885893624083,nan,nan,5,nan,-1
17075,613,0.9808,15125.179999999968,12060.179999999968,-5.0,33.95999999999993,19.674029363784612,0.9969885893624083,nan,nan,5,nan,-1
17100,613,0.9808,15127.159999999967,12062.159999999967,-5.0,33.95999999999993,19.677259380097826,0.9969885893624083,nan,nan,5,nan,-1
17125,613,0.9808,15149.203999999965,12084.203999999965,-5.0,33.95999999999993,19.713220228384934,0.9969885893624083,nan,nan,5,nan,-1
17150,613,0.9808,15154.923999999966,12089.923999999966,-5.0,33.95999999999993,19.72255138662311,0.9969885893624083,nan,nan,5,nan,-1
17175,613,0.9808,15160.003999999966,12095.003999999966,-5.0,33.95999999999993,19.730838499184284,0.9969885893624083,nan,nan,5,nan,-1
17200,613,0.9808,15176.325999999966,12111.325999999968,-5.0,33.95999999999993,19.757464926590487,0.9969885893624083,nan,nan,5,nan,-1
17225,613,0.9808,15183.452999999969,12118.452999999969,-5.0,33.95999999999993,19.769091353996686,0.9969885893624083,nan,nan,5,nan,-1
17250,613,0.9808,15183.702999999969,12118.702999999969,-5.0,33.95999999999993,19.769499184339264,0.9969885893624083,nan,nan,5,nan,-1
17275,613,0.9808,15201.222999999967,12136.222999999967,-5.0,33.95999999999993,19.79807993474709,0.9969885893624083,nan,nan,5,nan,-1
17300,613,0.9808,15211.379999999968,12146.379999999968,-5.0,33.95999999999993,19.81464926590533,0.9969885893624083,nan,nan,5,nan,-1
17325,613,0.9808,15221.652999999968,12156.652999999968,-5.0,33.95999999999993,19.831407830342524,0.9969885893624083,nan,nan,5,nan,-1
17350,613,0.9808,15234.077999999967,12169.077999999967,-5.0,33.95999999999993,19.851676998368625,0.9969885893624083,nan,nan,5,nan,-1
17375,613,0.9808,15242.152999999968,12177.152999999968,-5.0,33.95999999999993,19.86484991843388,0.9969885893624083,nan,nan,5,nan,-1
17400,613,0.9808,15255.607999999967,12190.607999999967,-5.0,33.95999999999993,19.8867993474714,0.9969885893624083,nan,nan,5,nan,-1
17425,613,0.9808,15255.607999999967,12190.607999999967,-5.0,33.95999999999993,19.8867993474714,0.9969885893624083,nan,nan,5,nan,-1
17450,613,0.9808,15285.510999999968,12220.510999999966,-5.0,33.95999999999993,19.935580750407773,0.9969885893624083,nan,nan,5,nan,-1
17475,613,0.9808,15302.730999999967,12237.730999999967,-5.0,33.95999999999993,19.963672104404512,0.9969885893624083,nan,nan,5,nan,-1
17500,613,0.9808,15332.125999999967,12267.125999999967,-5.0,33.95999999999993,20.011624796084774,0.9969885893624083,nan,nan,5,nan,-1
17525,613,0.9808,15336.260999999966,12271.260999999966,-5.0,33.95999999999993,20.018370309951006,0.9969885893624083,nan,nan,5,nan,-1
17550,613,0.9808,15345.791999999965,12280.791999999967,-5.0,33.95999999999993,20.03391843393143,0.9969885893624083,nan,nan,5,nan,-1
17575,613,0.9808,15364.426999999967,12299.426999999967,-5.0,33.95999999999993,20.064318107667155,0.9969885893624083,nan,nan,5,nan,-1
17600,613,0.9808,15377.111999999966,12312.111999999966,-5.0,33.95999999999993,20.085011419249536,0.9969885893624083,nan,nan,5,nan,-1
17625,613,0.9808,15377.481999999967,12312.481999999967,-5.0,33.95999999999993,20.08561500815655,0.9969885893624083,nan,nan,5,nan,-1
17650,613,0.9808,15381.019999999968,12316.019999999968,-5.0,33.95999999999993,20.09138662316471,0.9969885893624083,nan,nan,5,nan,-1
17675,613,0.9808,15390.880999999967,12325.880999999967,-5.0,33.95999999999993,20.107473083197334,0.9969885893624083,nan,nan,5,nan,-1
17700,613,0.9808,15403.495999999966,12338.495999999966,-5.0,33.95999999999993,20.128052202283794,0.9969885893624083,nan,nan,5,nan,-1
17725,613,0.9808,15403.985999999964,12338.985999999964,-5.0,33.95999999999993,20.128851549755243,0.9969885893624083,nan,nan,5,nan,-1
17750,613,0.9808,15414.460999999965,12349.460999999967,-5.0,33.95999999999993,20.145939641109244,0.9969885893624083,nan,nan,5,nan,-1
17775,613,0.9808,15416.480999999967,12351.480999999967,-5.0,33.95999999999993,20.149234910277272,0.9969885893624083,nan,nan,5,nan,-1
17800,613,0.9808,15422.895999999968,12357.895999999966,-5.0,33.95999999999993,20.15969983686781,0.9969885893624083,nan,nan,5,nan,-1
17825,613,0.9808,15424.984999999968,12359.984999999966,-5.0,33.95999999999993,20.163107667210387,0.9969885893624083,nan,nan,5,nan,-1
17850,613,0.9808,15433.179999999966,12368.179999999966,-5.0,33.95999999999993,20.176476345840076,0.9969885893624083,nan,nan,5,nan,-1
17875,613,0.9808,15448.605999999967,12383.605999999967,-5.0,33.95999999999993,20.20164110929848,0.9969885893624083,nan,nan,5,nan,-1
17900,613,0.9808,15448.605999999967,12383.605999999967,-5.0,33.95999999999993,20.20164110929848,0.9969885893624083,nan,nan,5,nan,-1
17925,613,0.9808,15479.963999999967,12414.963999999967,-5.0,33.95999999999993,20.252796084828656,0.9969885893624083,nan,nan,5,nan,-1
17950,613,0.9808,15495.197999999966,12430.197999999968,-5.0,33.95999999999993,20.27764763458396,0.9969885893624083,nan,nan,5,nan,-1
17975,613,0.9808,15510.627999999966,12445.627999999966,-5.0,33.95999999999993,20.30281892332784,0.9969885893624083,nan,nan,5,nan,-1
18000,613,0.9808,15523.927999999967,12458.927999999967,-5.0,33.95999999999993,20.324515497552966,0.9969885893624083,1.043887827478776,1.3008503340649493,5,1.0,0
18025,613,0.9808,15559.288999999968,12494.288999999966,-5.0,33.95999999999993,20.382200652528493,0.9969885893624083,nan,nan,5,nan,-1
18050,613,0.9808,15575.018999999967,12510.018999999967,-5.0,33.95999999999993,20.40786133768347,0.9969885893624083,nan,nan,5,nan,-1
18075,613,0.9808,15577.838999999967,12512.838999999967,-5.0,33.95999999999993,20.412461663947745,0.9969885893624083,nan,nan,5,nan,-1
18100,613,0.9808,15577.838999999967,12512.838999999967,-5.0,33.95999999999993,20.412461663947745,0.9969885893624083,nan,nan,5,nan,-1
18125,613,0.9808,15603.406999999967,12538.406999999967,-5.0,33.95999999999993,20.45417128874383,0.9969885893624083,nan,nan,5,nan,-1
18150,613,0.9808,15615.206999999966,12550.206999999966,-5.0,33.95999999999993,20.473420880913483,0.9969885893624083,nan,nan,5,nan,-1
18175,613,0.9808,15630.516999999967,12565.516999999967,-5.0,33.95999999999993,20.49839641109293,0.9969885893624083,nan,nan,5,nan,-1
18200,613,0.9808,15639.561999999965,12574.561999999967,-5.0,33.95999999999993,20.513151712887385,0.9969885893624083,nan,nan,5,nan,-1
18225,613,0.9808,15651.861999999966,12586.861999999966,-5.0,33.95999999999993,20.533216965742195,0.9969885893624083,nan,nan,5,nan,-1
18250,613,0.9808,15653.086999999967,12588.086999999967,-5.0,33.95999999999993,20.535215334420826,0.9969885893624083,nan,nan,5,nan,-1
18275,613,0.9808,15659.326999999965,12594.326999999965,-5.0,33.95999999999993,20.54539477977156,0.9969885893624083,nan,nan,5,nan,-1
18300,613,0.9808,15672.701999999965,12607.701999999965,-5.0,33.95999999999993,20.567213703099455,0.9969885893624083,nan,nan,5,nan,-1
18325,613,0.9808,15679.481999999967,12614.481999999965,-5.0,33.95999999999993,20.578274061990157,0.9969885893624083,nan,nan,5,nan,-1
18350,613,0.9808,15689.903999999966,12624.903999999966,-5.0,33.95999999999993,20.595275693311528,0.9969885893624083,nan,nan,5,nan,-1
18375,613,0.9808,15731.803999999966,12666.803999999966,-5.0,33.95999999999993,20.663628058727515,0.9969885893624083,nan,nan,5,nan,-1
18400,613,0.9808,15738.239999999965,12673.239999999965,-5.0,33.95999999999993,20.674127243066827,0.9969885893624083,nan,nan,5,nan,-1
18425,613,0.9808,15754.909999999965,12689.909999999967,-5.0,33.95999999999993,20.7013213703099,0.9969885893624083,nan,nan,5,nan,-1
18450,613,0.9808,15763.554999999966,12698.554999999966,-5.0,33.95999999999993,20.715424143556223,0.9969885893624083,nan,nan,5,nan,-1
18475,613,0.9808,15791.043999999965,12726.043999999965,-5.0,33.95999999999993,20.760267536704674,0.9969885893624083,nan,nan,5,nan,-1
18500,613,0.9808,15800.166999999967,12735.166999999965,-5.0,33.95999999999993,20.77515008156601,0.9969885893624083,nan,nan,5,nan,-1
18525,613,0.9808,15801.960999999967,12736.960999999965,-5.0,33.95999999999993,20.778076672104348,0.9969885893624083,nan,nan,5,nan,-1
18550,613,0.9808,15813.755999999965,12748.755999999965,-5.0,33.95999999999993,20.797318107667152,0.9969885893624083,nan,nan,5,nan,-1
18575,613,0.9808,15817.047999999964,12752.047999999966,-5.0,33.95999999999993,20.802688417618217,0.9969885893624083,nan,nan,5,nan,-1
18600,613,0.9808,15844.783999999965,12779.783999999965,-5.0,33.95999999999993,20.847934747145132,0.9969885893624083,nan,nan,5,nan,-1
18625,613,0.9808,15864.828999999965,12799.828999999965,-5.0,33.95999999999993,20.880634584012995,0.9969885893624083,nan,nan,5,nan,-1
18650,613,0.9808,15867.618999999966,12802.618999999966,-5.0,33.95999999999993,20.88518597063616,0.9969885893624083,nan,nan,5,nan,-1
18675,613,0.9808,15868.248999999965,12803.248999999965,-5.0,33.95999999999993,20.886213703099454,0.9969885893624083,nan,nan,5,nan,-1
18700,613,0.9808,15872.033999999965,12807.033999999967,-5.0,33.95999999999993,20.89238825448608,0.9969885893624083,nan,nan,5,nan,-1
18725,613,0.9808,15880.858999999966,12815.858999999968,-5.0,33.95999999999993,20.906784665579067,0.9969885893624083,nan,nan,5,nan,-1
18750,613,0.9808,15896.258999999965,12831.258999999965,-5.0,33.95999999999993,20.931907014681837,0.9969885893624083,nan,nan,5,nan,-1
18775,613,0.9808,15916.579999999965,12851.579999999967,-5.0,33.95999999999993,20.965057096247907,0.9969885893624083,nan,nan,5,nan,-1
18800,613,0.9808,15916.579999999965,12851.579999999967,-5.0,33.95999999999993,20.965057096247907,0.9969885893624083,nan,nan,5,nan,-1
18825,613,0.9808,15918.624999999964,12853.624999999967,-5.0,33.95999999999993,20.96839314845019,0.9969885893624083,nan,nan,5,nan,-1
18850,613,0.9808,15921.174999999965,12856.174999999967,-5.0,33.95999999999993,20.97255301794448,0.9969885893624083,nan,nan,5,nan,-1
18875,613,0.9808,15936.850999999966,12871.850999999966,-5.0,33.95999999999993,20.998125611745458,0.9969885893624083,nan,nan,5,nan,-1
18900,613,0.9808,15946.835999999965,12881.835999999967,-5.0,33.95999999999993,21.014414355628006,0.9969885893624083,nan,nan,5,nan,-1
18925,613,0.9808,15951.405999999964,12886.405999999966,-5.0,33.95999999999993,21.02186949429032,0.9969885893624083,nan,nan,5,nan,-1
18950,613,0.9808,15958.745999999966,12893.745999999966,-5.0,33.95999999999993,21.033843393148395,0.9969885893624083,nan,nan,5,nan,-1
18975,613,0.9808,15962.500999999966,12897.500999999967,-5.0,33.95999999999993,21.039969004893912,0.9969885893624083,nan,nan,5,nan,-1
19000,613,0.9808,15968.998999999965,12903.998999999967,-5.0,33.95999999999993,21.050569331158183,0.9969885893624083,1.0444270598772023,1.2942113597479588,5,1.0,0
19025,613,0.9808,15991.779999999966,12926.779999999966,-5.0,33.95999999999993,21.087732463295215,0.9969885893624083,nan,nan,5,nan,-1
19050,613,0.9808,15997.589999999966,12932.589999999967,-5.0,33.95999999999993,21.097210440456717,0.9969885893624083,nan,nan,5,nan,-1
19075,613,0.9808,16005.949999999966,12940.949999999968,-5.0,33.95999999999993,21.11084828711251,0.9969885893624083,nan,nan,5,nan,-1
19100,613,0.9808,16057.597999999965,12992.597999999965,-5.0,33.95999999999993,21.195102773246273,0.9969885893624083,nan,nan,5,nan,-1
19125,613,0.9808,16080.539999999964,13015.539999999964,-5.0,33.95999999999993,21.232528548123923,0.9969885893624083,nan,nan,5,nan,-1
19150,613,0.9808,16092.543999999965,13027.543999999965,-5.0,33.95999999999993,21.252110929853124,0.9969885893624083,nan,nan,5,nan,-1
19175,613,0.9808,16102.113999999965,13037.113999999965,-5.0,33.95999999999993,21.26772267536699,0.9969885893624083,nan,nan,5,nan,-1
19200,613,0.9808,16112.178999999964,13047.178999999966,-5.0,33.95999999999993,21.28414192495916,0.9969885893624083,nan,nan,5,nan,-1
19225,613,0.9808,16120.443999999963,13055.443999999965,-5.0,33.95999999999993,21.297624796084772,0.9969885893624083,nan,nan,5,nan,-1
19250,613,0.9808,16148.648999999965,13083.648999999965,-5.0,33.95999999999993,21.343636215334364,0.9969885893624083,nan,nan,5,nan,-1
19275,613,0.9808,16159.553999999966,13094.553999999964,-5.0,33.95999999999993,21.361425774877592,0.9969885893624083,nan,nan,5,nan,-1
19300,613,0.9808,16159.553999999966,13094.553999999964,-5.0,33.95999999999993,21.361425774877592,0.9969885893624083,nan,nan,5,nan,-1
19325,613,0.9808,16159.568999999965,13094.568999999965,-5.0,33.95999999999993,21.361450244698148,0.9969885893624083,nan,nan,5,nan,-1
19350,613,0.9808,16167.983999999966,13102.983999999966,-5.0,33.95999999999993,21.375177814029307,0.9969885893624083,nan,nan,5,nan,-1
19375,613,0.9808,16173.543999999965,13108.543999999965,-5.0,33.95999999999993,21.38424796084823,0.9969885893624083,nan,nan,5,nan,-1
19400,613,0.9808,16175.158999999965,13110.158999999965,-5.0,33.95999999999993,21.38688254486128,0.9969885893624083,nan,nan,5,nan,-1
19425,613,0.9808,16181.268999999964,13116.268999999964,-5.0,33.95999999999993,21.396849918433873,0.9969885893624083,nan,nan,5,nan,-1
19450,613,0.9808,16190.194999999965,13125.194999999965,-5.0,33.95999999999993,21.41141109298526,0.9969885893624083,nan,nan,5,nan,-1
19475,613,0.9808,16192.564999999966,13127.564999999966,-5.0,33.95999999999993,21.415277324632896,0.9969885893624083,nan,nan,5,nan,-1
19500,613,0.9808,16200.544999999966,13135.544999999966,-5.0,33.95999999999993,21.42829526916797,0.9969885893624083,nan,nan,5,nan,-1
19525,613,0.9808,16209.749999999964,13144.749999999967,-5.0,33.95999999999993,21.443311582381675,0.9969885893624083,nan,nan,5,nan,-1
19550,613,0.9808,16219.289999999964,13154.289999999966,-5.0,33.95999999999993,21.458874388254433,0.9969885893624083,nan,nan,5,nan,-1
19575,613,0.9808,16220.359999999964,13155.359999999966,-5.0,33.95999999999993,21.460619902120662,0.9969885893624083,nan,nan,5,nan,-1
19600,614,0.9824,16266.619999999966,13196.619999999966,-5.0,33.95999999999993,21.492866449511347,0.9972417821383361,nan,nan,5,nan,-1
19625,614,0.9824,16280.875999999964,13210.875999999964,-5.0,33.95999999999993,21.516084690553686,0.9972417821383361,nan,nan,5,nan,-1
19650,614,0.9824,16313.616999999966,13243.616999999966,-5.0,33.95999999999993,21.569408794788217,0.9972417821383361,nan,nan,5,nan,-1
19675,614,0.9824,16315.451999999965,13245.451999999965,-5.0,33.95999999999993,21.57239739413675,0.9972417821383361,nan,nan,5,nan,-1
19700,614,0.9824,16318.351999999963,13248.351999999966,-5.0,33.95999999999993,21.577120521172585,0.9972417821383361,nan,nan,5,nan,-1
19725,614,0.9824,16318.936999999965,13248.936999999965,-5.0,33.95999999999993,21.578073289902225,0.9972417821383361,nan,nan,5,nan,-1
19750,614,0.9824,16334.901999999965,13264.901999999965,-5.0,33.95999999999993,21.60407491856672,0.9972417821383361,nan,nan,5,nan,-1
19775,614,0.9824,16344.396999999964,13274.396999999964,-5.0,33.95999999999993,21.619539087947825,0.9972417821383361,nan,nan,5,nan,-1
19800,614,0.9824,16354.380999999965,13284.380999999965,-5.0,33.95999999999993,21.635799674267044,0.9972417821383361,nan,nan,5,nan,-1
19825,614,0.9824,16366.210999999965,13296.210999999965,-5.0,33.95999999999993,21.655066775244244,0.9972417821383361,nan,nan,5,nan,-1
19850,614,0.9824,16382.624999999965,13312.624999999965,-5.0,33.95999999999993,21.681799674267044,0.9972417821383361,nan,nan,5,nan,-1
19875,614,0.9824,16389.569999999963,13319.569999999965,-5.0,33.95999999999993,21.69311074918561,0.9972417821383361,nan,nan,5,nan,-1
19900,614,0.9824,16403.734999999964,13333.734999999964,-5.0,33.95999999999993,21.7161807817589,0.9972417821383361,nan,nan,5,nan,-1
19925,614,0.9824,16414.067999999963,13344.067999999965,-5.0,33.95999999999993,21.733009771986914,0.9972417821383361,nan,nan,5,nan,-1
19950,614,0.9824,16431.107999999964,13361.107999999966,-5.0,33.95999999999993,21.760762214983657,0.9972417821383361,nan,nan,5,nan,-1
19975,614,0.9824,16431.897999999965,13361.897999999965,-5.0,33.95999999999993,21.762048859934797,0.9972417821383361,nan,nan,5,nan,-1
20000,614,0.9824,16433.487999999965,13363.487999999965,-5.0,33.95999999999993,21.764638436482027,0.9972417821383361,1.0445511491267927,1.3018929909095367,5,1.0,0
