index,latent_0,latent_1
0,0.8693077564239502,-4.998046398162842
1,0.9720401763916016,-5.088217258453369
2,0.9756647348403931,-4.995055675506592
3,0.5513865947723389,-4.800507068634033
4,-0.6579434871673584,1.7266652584075928
5,0.9394007921218872,-4.796019077301025
6,9.330472946166992,-5.018824100494385
7,1.0608350038528442,-5.609724521636963
8,1.1848737001419067,-5.134202003479004
9,3.524698495864868,-6.584018230438232
10,-7.0795369148254395,-2.014647960662842
11,0.872578501701355,-4.9586873054504395
12,0.9576007127761841,-5.184928894042969
13,0.9329224824905396,-5.124053478240967
14,1.0373591184616089,-5.1270575523376465
15,0.8528248071670532,-4.889767646789551
16,0.9572052955627441,-4.960948467254639
17,0.44081881642341614,-3.730013132095337
18,0.966724157333374,-5.099726676940918
19,1.0433167219161987,-4.904781818389893
20,1.2499866485595703,-4.9536213874816895
21,4.482102394104004,-3.3845009803771973
22,0.6274681091308594,-4.9336981773376465
23,0.9080774784088135,-5.070599555969238
24,1.106717586517334,-5.01456880569458
25,0.8814325332641602,-5.031332015991211
26,1.5023276805877686,-5.598226547241211
27,1.7086141109466553,-4.962292194366455
28,0.938906192779541,-5.104269504547119
29,0.522498607635498,0.4272700548171997
30,0.9363493919372559,-5.137044429779053
31,1.4476343393325806,-5.951934814453125
32,1.450719952583313,-6.078824043273926
33,0.9336185455322266,-4.851443290710449
34,0.9424936771392822,-4.9539313316345215
35,-0.6418833136558533,2.66565203666687
36,-4.343732833862305,2.0205118656158447
37,0.5566310882568359,-4.398624897003174
38,0.9603865146636963,-5.118044376373291
39,0.9952402114868164,-5.047787666320801
40,-0.24527809023857117,1.4117581844329834
41,1.253854513168335,-3.452810525894165
42,-0.854007363319397,2.650716543197632
43,1.9235246181488037,-3.5187604427337646
44,8.085247993469238,-8.378079414367676
45,3.5011608600616455,-4.83064603805542
46,0.07987865805625916,-1.7162013053894043
47,0.873542308807373,-4.885626792907715
48,0.9473259449005127,-4.801478862762451
49,0.44298043847084045,-1.6680145263671875
50,0.8627387285232544,-4.21228551864624
51,1.2304537296295166,-6.4698405265808105
52,-11.699370384216309,-8.17709732055664
53,0.449057012796402,-3.008176565170288
54,0.8639050722122192,-4.889105796813965
55,-1.6770565509796143,3.8147780895233154
56,-2.610037326812744,-9.432376861572266
57,0.5570313930511475,-4.727330684661865
58,0.9016916751861572,-5.054412841796875
59,1.0163928270339966,-5.044554233551025
60,0.955886960029602,-4.963276386260986
61,-1.318092942237854,-2.4887681007385254
62,-1.9696192741394043,-7.6517415046691895
63,6.395876407623291,-5.06607723236084
64,0.9764798879623413,-5.01751184463501
65,3.5930721759796143,-4.143686771392822
66,0.5280044078826904,-4.178330421447754
67,0.03258305788040161,0.5806322693824768
68,0.8792359828948975,-4.9822096824646
69,2.0783531665802,-5.416271686553955
70,0.9512636661529541,-5.204807758331299
71,0.8841798305511475,-4.853304862976074
72,0.5714923143386841,-4.492671489715576
73,0.948650598526001,-4.805813312530518
74,0.9111995697021484,-5.12151575088501
75,0.894220232963562,-4.895538806915283
76,0.4596611559391022,-3.1287624835968018
77,1.021970510482788,-5.175506591796875
78,1.094138741493225,-5.8811211585998535
79,0.9375693798065186,-4.807816982269287
80,0.9496697187423706,-4.817680835723877
81,3.9323713779449463,-7.397409915924072
82,0.9717304706573486,-5.195736408233643
83,1.5646709203720093,-5.048105716705322
84,-3.362760305404663,2.2637386322021484
85,0.9341267347335815,-4.839524269104004
86,0.9904263019561768,-4.669379234313965
87,9.151965141296387,-7.051910877227783
88,0.8653714656829834,-4.939110279083252
89,0.9317222833633423,-4.863124370574951
90,0.6076053380966187,-2.7217860221862793
91,2.95810866355896,-3.3750627040863037
92,-1.059098720550537,5.293798923492432
93,0.947830319404602,-4.858197212219238
94,1.4472246170043945,-4.975969314575195
95,1.5397988557815552,-5.269970417022705
96,0.9265592098236084,-4.79456090927124
97,0.8792372941970825,-5.046882152557373
98,-6.970162868499756,-4.310428619384766
99,-1.0524133443832397,3.197467088699341
100,0.8878333568572998,-4.823033809661865
101,-3.693786382675171,1.8088631629943848
102,0.8705013990402222,-4.855669975280762
103,1.0929309129714966,-5.06568717956543
104,9.178852081298828,-8.153986930847168
105,-11.94472599029541,-8.344371795654297
106,-0.14400812983512878,-2.559293270111084
107,0.9015798568725586,-4.671645164489746
108,0.866858959197998,-5.144773006439209
109,1.0687687397003174,-4.92890739440918
110,0.9020612239837646,-4.9655537605285645
111,0.9401823282241821,-4.817042350769043
112,0.7575464248657227,-4.196488380432129
113,7.204507827758789,-6.519830703735352
114,0.929000735282898,-4.886685848236084
115,1.1239023208618164,-4.943609714508057
116,4.07735538482666,-3.0997443199157715
117,0.4415469467639923,-3.2880477905273438
118,0.950960636138916,-5.198782920837402
119,6.553667068481445,-5.062160968780518
120,0.8483974933624268,-2.5496156215667725
121,0.8765233755111694,-5.019838333129883
122,1.041985034942627,-5.5323076248168945
123,0.9576960802078247,-5.09528112411499
124,0.9357037544250488,-5.179473400115967
125,0.9561371803283691,-5.054930210113525
126,0.9774764776229858,-5.016784191131592
127,0.8341093063354492,-5.07313346862793
128,1.2514430284500122,-5.5275349617004395
129,-0.5627418756484985,3.2207584381103516
130,0.9646546840667725,-4.86655330657959
131,1.0654666423797607,-4.118849754333496
132,5.747018337249756,-4.418705463409424
133,0.9421002864837646,-5.0490617752075195
134,1.1070563793182373,-4.235708236694336
135,-0.262265145778656,0.09569992870092392
136,-0.12612520158290863,-1.7176333665847778
137,0.9292258024215698,-5.206301212310791
138,1.0761083364486694,-5.053849220275879
139,0.9998068809509277,-2.734605073928833
140,0.9015336036682129,-4.813430309295654
141,0.9186753034591675,-4.856838703155518
142,0.9658116102218628,-4.900673866271973
143,1.0010840892791748,-5.0605058670043945
144,0.9198004007339478,-5.059804439544678
145,0.9693713188171387,-5.00726318359375
146,1.0962965488433838,-5.173560619354248
147,1.8692865371704102,-2.769390821456909
148,1.0438110828399658,-5.1516432762146
149,-0.8005608320236206,-4.782140731811523
150,-8.03516960144043,-7.626546859741211
151,5.304876804351807,-4.374714374542236
152,0.9224944114685059,-4.855980396270752
153,0.9616976976394653,-5.030459403991699
154,0.9284650087356567,-5.20704984664917
155,1.6359938383102417,-4.638289451599121
156,-0.9309201240539551,0.6241739988327026
157,0.9397770166397095,-4.6946797370910645
158,0.4510820209980011,-1.6191637516021729
159,0.8571280241012573,-4.887195110321045
160,-1.1137285232543945,-6.212846279144287
161,0.6957812309265137,-4.647280216217041
162,-2.290341377258301,-7.711798667907715
163,-6.671412467956543,-11.149112701416016
164,0.9052516222000122,-4.845130443572998
165,-0.772636890411377,3.9439351558685303
166,0.6364107131958008,-2.6876354217529297
167,1.185476303100586,-3.5648348331451416
168,0.9538949728012085,-5.0673909187316895
169,0.8578662872314453,-4.877695083618164
170,0.9778233766555786,-4.91151237487793
171,2.2302114963531494,-5.442010402679443
172,0.8835310935974121,-4.9267730712890625
173,-5.721100330352783,-7.847222805023193
174,2.2389605045318604,-6.021122455596924
175,1.3072689771652222,-6.6396355628967285
176,0.879299521446228,-4.922649383544922
177,0.8952653408050537,-4.93517541885376
178,0.931288480758667,-5.172741413116455
179,-0.4415968656539917,2.5699985027313232
180,4.905563831329346,-3.766231060028076
181,0.8782163858413696,-4.952786922454834
182,1.0032639503479004,-5.0910258293151855
183,0.9891585111618042,-5.074396133422852
184,7.644841194152832,-6.673876762390137
185,0.8674633502960205,-4.919347286224365
186,-0.453708678483963,-3.865173101425171
187,6.237534523010254,-4.7876296043396
188,0.451673299074173,-3.708944082260132
189,1.0047247409820557,-4.898128986358643
190,0.9627054929733276,-4.8872480392456055
191,4.299838542938232,-3.9926161766052246
192,0.9290909767150879,-5.211778163909912
193,0.9670064449310303,-5.137478828430176
194,1.29291570186615,-5.448750972747803
195,1.9516351222991943,-5.873604774475098
196,0.6896347999572754,-5.4312286376953125
197,0.4551374018192291,-3.8109402656555176
198,1.0110750198364258,-4.254086494445801
199,0.9462895393371582,-5.136175155639648
200,0.9244660139083862,-4.913104057312012
201,0.9520256519317627,-5.039122104644775
202,2.172060489654541,-3.736276626586914
203,0.8796000480651855,-4.863968372344971
204,0.9080564975738525,-5.1360859870910645
205,1.181879997253418,-3.3792741298675537
206,-7.9995927810668945,-5.108155250549316
207,0.8976188898086548,-5.083146095275879
208,0.9402698278427124,-5.165970325469971
209,0.9609158039093018,-5.137260437011719
210,0.9553743600845337,-5.197391033172607
211,0.9533649682998657,-5.128772735595703
212,0.9145326614379883,-4.824909687042236
213,0.9229295253753662,-4.861896514892578
214,0.5586999654769897,-2.440790891647339
215,0.9934289455413818,-4.72089958190918
216,0.9700027704238892,-4.973647594451904
217,0.9634515047073364,-4.92539119720459
218,0.9934239387512207,-5.15672492980957
219,1.2757718563079834,-5.731723308563232
220,0.9883995056152344,-5.031362056732178
221,1.0175238847732544,-5.1583452224731445
222,0.6313824653625488,-3.662015676498413
223,9.010587692260742,-4.1143364906311035
224,0.3051118552684784,-3.3836557865142822
225,0.9997360706329346,-5.18102502822876
226,-3.4771363735198975,1.9450469017028809
227,0.912405252456665,-5.036607265472412
228,-0.7680068016052246,2.3420417308807373
229,0.9539968967437744,-4.871819972991943
230,-0.20859327912330627,-3.982513189315796
231,0.9100652933120728,-4.88263463973999
232,-3.082056760787964,1.5410926342010498
233,0.926580548286438,-5.086861610412598
234,1.002018928527832,-4.996514797210693
235,1.386747121810913,-3.6729719638824463
236,0.7905651330947876,-3.4955248832702637
237,0.8449559211730957,-4.795002460479736
238,0.9165594577789307,-5.047093868255615
239,0.9577854871749878,-5.207136154174805
240,-0.3283001184463501,3.311216115951538
241,1.2414286136627197,0.6675766706466675
242,-0.9021791219711304,2.05952525138855
243,0.818588137626648,-2.2184650897979736
244,0.9115643501281738,-4.826620101928711
245,0.8590463399887085,-4.89933443069458
246,0.9064363241195679,-4.884021759033203
247,3.3658015727996826,-1.3425143957138062
248,0.9493165016174316,-4.365099906921387
249,0.5456126928329468,-2.3940069675445557
250,-0.04381653666496277,1.083375096321106
251,-1.2649668455123901,-0.11565644294023514
252,0.9510194063186646,-4.646799564361572
253,0.8544888496398926,-4.9029645919799805
254,0.9123795032501221,-4.9264607429504395
255,0.7033575773239136,-3.610729694366455
256,0.9261294603347778,-4.889678955078125
257,0.8961920738220215,-4.968717575073242
258,-11.868812561035156,-5.195898532867432
259,1.2240548133850098,-5.418137073516846
260,-0.2889391779899597,-4.172003269195557
261,1.0928964614868164,-5.431245803833008
262,-0.04899328947067261,-4.9430131912231445
263,0.9048047065734863,-4.919583320617676
264,0.8555524349212646,-4.902945518493652
265,0.9345176219940186,-4.964875221252441
266,3.0999276638031006,-3.4601359367370605
267,0.9500002861022949,-4.880034923553467
268,1.0771629810333252,-4.180508136749268
269,0.9224281311035156,-5.202159881591797
270,0.8549712896347046,-4.900379180908203
271,0.006325393915176392,-1.6109205484390259
272,-2.6450271606445312,-3.4060041904449463
273,0.9332751035690308,-5.199494361877441
274,0.983182430267334,-5.155337333679199
275,1.0360352993011475,-4.539878845214844
276,6.583515644073486,-5.034667491912842
277,1.04423189163208,-5.148518085479736
278,-7.267149448394775,-7.499477386474609
279,-0.40622225403785706,2.731994152069092
280,0.8935520648956299,-4.980984210968018
281,0.8703830242156982,-3.956753969192505
282,0.5528109073638916,-3.6424880027770996
283,-0.24258385598659515,-3.6960628032684326
284,1.0032700300216675,-5.019987106323242
285,-0.907773494720459,-0.5117899179458618
286,0.9529246091842651,-4.980607986450195
287,0.6109178066253662,-4.954464912414551
288,0.9107364416122437,-4.885473728179932
289,-1.2101751565933228,2.0147881507873535
290,-1.0218114852905273,-5.263510704040527
291,-1.1573512554168701,-3.6357882022857666
292,0.9489537477493286,-5.206461429595947
293,1.8754417896270752,-5.731719493865967
294,0.995568037033081,-5.107203006744385
295,1.0124261379241943,-5.042065143585205
296,0.8704344034194946,-4.973278522491455
297,1.0029935836791992,-5.140172958374023
298,0.884432315826416,-4.877661228179932
299,0.9250830411911011,-4.855170726776123
300,0.9642243385314941,-4.991059303283691
301,0.914560079574585,-4.88163423538208
302,1.174809455871582,-5.980047702789307
303,0.4698126018047333,-3.8475563526153564
304,1.3210114240646362,-5.565853118896484
305,3.582127332687378,-3.153200387954712
306,0.4672834575176239,-4.404001712799072
307,1.0025687217712402,-5.124516010284424
308,-0.6114389896392822,2.1330227851867676
309,0.9144488573074341,-5.062653064727783
310,0.951921820640564,-6.0042243003845215
311,0.8753726482391357,-4.9548821449279785
312,0.9262633323669434,-4.816794395446777
313,0.9009397029876709,-4.921814441680908
314,1.9801554679870605,-5.4171061515808105
315,0.9445984363555908,-5.191903114318848
316,0.5992227792739868,-4.907080173492432
317,2.0941693782806396,-5.78881311416626
318,0.9967261552810669,-5.088931083679199
319,0.9764550924301147,-5.018087387084961
320,0.9256370067596436,-4.834896564483643
321,-12.121824264526367,-5.053583145141602
322,-0.639692485332489,2.2516701221466064
323,0.897784948348999,-5.106459140777588
324,0.8321778774261475,-5.0484771728515625
325,0.7083948850631714,-1.7685024738311768
326,0.9193744659423828,-5.104525089263916
327,0.741370439529419,-4.530907154083252
328,0.9898738861083984,-4.967710018157959
329,-0.5662726759910583,2.756223678588867
330,0.9239934682846069,-4.999699115753174
331,0.5670377016067505,-3.5852978229522705
332,1.184617280960083,-2.7968733310699463
333,0.8898601531982422,-4.872622013092041
334,0.4843648374080658,-4.290467739105225
335,0.9206209182739258,-5.0324835777282715
336,0.9951822757720947,-5.06136417388916
337,1.3887121677398682,-3.9516477584838867
338,0.9573341608047485,-5.071922302246094
339,-0.6231787800788879,-5.941159725189209
340,0.4211410582065582,-3.1980035305023193
341,0.9564062356948853,-4.888685703277588
342,0.7243609428405762,-4.637507915496826
343,0.5491687059402466,-2.2670841217041016
344,0.9181168079376221,-5.1130452156066895
345,2.9342501163482666,-2.8796679973602295
346,0.9552569389343262,-4.990744113922119
347,0.959456205368042,-5.056502819061279
348,0.6202688217163086,-4.747305870056152
349,0.8064771890640259,-4.93721342086792
350,0.9773402214050293,-5.1761627197265625
351,-2.0270349979400635,5.46906042098999
352,1.1972343921661377,-5.051919460296631
353,0.9932448863983154,-4.991175174713135
354,0.8545953035354614,-4.903379917144775
355,1.01072359085083,-5.086021423339844
356,0.9119765758514404,-5.010446071624756
357,-1.092175006866455,0.704982578754425
358,0.899874210357666,-5.075819492340088
359,1.0197217464447021,-5.150126934051514
360,1.034796118736267,-5.139017581939697
361,0.4718760550022125,-1.3441929817199707
362,0.9351061582565308,-5.037110805511475
363,0.9063272476196289,-4.860175609588623
364,0.9592344760894775,-5.170501232147217
365,0.8911850452423096,-4.8279337882995605
366,0.9288952350616455,-5.009931564331055
367,0.9587210416793823,-5.001269817352295
368,1.2797603607177734,-4.154925346374512
369,-1.3257688283920288,-7.150819301605225
370,0.9342188835144043,-5.129974842071533
371,1.0883935689926147,-0.30991271138191223
372,0.8929893970489502,-4.876870155334473
373,0.995563268661499,-5.1408843994140625
374,0.7755906581878662,-5.200440883636475
375,0.9355348348617554,-4.859684467315674
376,0.9537174701690674,-4.868673324584961
377,0.9488306045532227,-4.9097676277160645
378,0.9033286571502686,-5.114854335784912
379,0.9326537847518921,-5.004733085632324
380,0.06253089010715485,1.9164814949035645
381,-2.1584219932556152,1.5501285791397095
382,0.9338659048080444,-4.891677379608154
383,0.3039049208164215,-2.513152837753296
384,1.0020763874053955,-5.171585559844971
385,-1.0534451007843018,-5.481520175933838
386,0.8703416585922241,-4.952096939086914
387,0.9564658403396606,-5.010827541351318
388,1.0003596544265747,-4.48306941986084
389,0.8492447137832642,-4.878574848175049
390,2.3569769859313965,-2.1794872283935547
391,0.9213944673538208,-4.944077014923096
392,0.9774268865585327,-5.187251091003418
393,-0.34938859939575195,0.18293148279190063
394,1.0695019960403442,-4.881453514099121
395,0.9706637859344482,-5.080905437469482
396,0.9082581996917725,-5.1298136711120605
397,3.6077730655670166,-3.317408561706543
398,-2.605973958969116,-3.3089911937713623
399,0.9968690872192383,-4.593303680419922
400,0.9553722143173218,-5.14602518081665
401,1.1855638027191162,-5.991271018981934
402,0.9696390628814697,-5.162209987640381
403,0.9251437187194824,-5.075085163116455
404,-1.214154839515686,-3.187757730484009
405,1.0073907375335693,-5.1465067863464355
406,1.4539847373962402,-4.985911846160889
407,-1.5940266847610474,6.37313985824585
408,0.7627353668212891,-4.713489532470703
409,0.95570969581604,-4.017239093780518
410,1.0387992858886719,-4.992558002471924
411,-0.7569774389266968,2.8988873958587646
412,0.8888357877731323,-4.750329971313477
413,0.9920039176940918,-5.071360111236572
414,0.9612877368927002,-5.067101955413818
415,0.911038875579834,-5.1177592277526855
416,0.9516195058822632,-5.1439337730407715
417,0.9434733390808105,-5.02881383895874
418,0.9199080467224121,-5.029812335968018
419,0.23973959684371948,-2.2707955837249756
420,0.9325473308563232,-5.058143615722656
421,0.8941669464111328,-5.055178642272949
422,0.3210652768611908,-3.0468742847442627
423,0.9700918197631836,-4.941446781158447
424,3.1950767040252686,-4.1758832931518555
425,0.9378286600112915,-5.065344333648682
426,-0.5956850051879883,3.6992204189300537
427,1.6597321033477783,-5.424607753753662
428,0.9717414379119873,-5.096813678741455
429,0.9510785341262817,-4.9034881591796875
430,0.9811360836029053,-5.1417155265808105
431,0.4169626533985138,-1.9523707628250122
432,0.9051713943481445,-5.010168552398682
433,0.9273122549057007,-5.191009521484375
434,-1.2729295492172241,-2.90791916847229
435,0.9397351741790771,-4.960334300994873
436,1.3162469863891602,-2.0307559967041016
437,0.8496655225753784,-2.5701258182525635
438,0.31242015957832336,-3.1944282054901123
439,0.9089702367782593,-4.8208417892456055
440,0.8017396926879883,-4.86549186706543
441,0.5398517847061157,-2.551964044570923
442,-2.8423819541931152,-7.46536111831665
443,0.9263813495635986,-5.188734531402588
444,0.9048843383789062,-5.107328414916992
445,0.8837727308273315,-4.628261089324951
446,-1.5043467283248901,-4.581366062164307
447,0.974259614944458,-5.159733295440674
448,0.9230715036392212,-4.797199726104736
449,0.9120755195617676,-5.050064563751221
450,1.3746027946472168,-6.12078332901001
451,1.0051345825195312,-5.068892002105713
452,1.0020992755889893,-5.142051696777344
453,0.9221891164779663,-4.871574878692627
454,2.325122117996216,-5.631579875946045
455,0.3540169298648834,-1.638061285018921
456,0.9020977020263672,-4.939024448394775
457,0.9082615375518799,-4.909637451171875
458,1.163368821144104,3.562958002090454
459,-0.5953109264373779,1.9983060359954834
460,-0.44422492384910583,1.0591256618499756
461,0.9244647026062012,-4.883235454559326
462,1.2098133563995361,-4.3115339279174805
463,0.9216411113739014,-5.017571926116943
464,0.7888070344924927,-4.704560279846191
465,-1.0057518482208252,-3.8887670040130615
466,-3.5996015071868896,-6.291801452636719
467,1.4028167724609375,-5.214636325836182
468,0.669420599937439,-3.3842508792877197
469,1.0143837928771973,-5.1614556312561035
470,0.9320268630981445,-5.132243633270264
471,-1.068613052368164,0.7231555581092834
472,0.9372650384902954,-5.158769607543945
473,0.9633615016937256,-5.082225799560547
474,0.9873149394989014,-4.738448619842529
475,0.5768104791641235,-4.610307216644287
476,0.09956511855125427,0.2566975951194763
477,0.4336710274219513,-4.126153945922852
478,6.972113132476807,-0.2254822850227356
479,0.7939568758010864,-4.668161392211914
480,0.9507946968078613,-5.084295272827148
481,-0.7543737888336182,-4.1020050048828125
482,0.9193085432052612,-4.816923141479492
483,0.9470939636230469,-4.8790411949157715
484,0.9531850814819336,-5.193580150604248
485,0.8748365640640259,-4.749367713928223
486,1.771782398223877,-5.93010139465332
487,-0.8472514152526855,-1.422831416130066
488,1.0934343338012695,-4.890431880950928
489,1.0377202033996582,-5.062683582305908
490,0.9386541843414307,-5.195150375366211
491,0.876610517501831,-5.030752182006836
492,-1.5813024044036865,7.751203536987305
493,0.9477310180664062,-4.783804416656494
494,-3.849966287612915,3.1379153728485107
495,0.9274307489395142,-4.895331382751465
496,0.999351978302002,-4.8000898361206055
497,0.4535004198551178,-2.9049408435821533
498,1.3810515403747559,-4.056831359863281
499,0.9505245685577393,-4.856435298919678
500,0.9140796661376953,-4.8507208824157715
501,8.070226669311523,-3.775749444961548
502,0.9650046825408936,-5.046931743621826
503,0.8892356157302856,-4.836411476135254
504,0.9002578258514404,-4.840542316436768
505,0.6268793344497681,1.266811728477478
506,0.8861782550811768,-4.951477527618408
507,1.3944181203842163,-5.387740135192871
508,1.0370063781738281,-5.127129554748535
509,0.9675686359405518,-4.874653339385986
510,-1.3796511888504028,-3.636152982711792
511,1.591143250465393,-3.92934250831604
512,0.934016227722168,-4.8694329261779785
513,-1.9205251932144165,-6.29613733291626
514,0.9355239868164062,-5.19629430770874
515,0.31325772404670715,-2.660019636154175
516,0.9535020589828491,-5.048079967498779
517,0.7210128307342529,-4.668062686920166
518,0.8877682685852051,-4.906188488006592
519,0.9856805801391602,-5.084803104400635
520,0.9738881587982178,-5.106560707092285
521,-0.72221839427948,-0.9699620604515076
522,0.9459033012390137,-4.852572441101074
523,1.1804132461547852,-5.594359874725342
524,0.46747633814811707,-3.873115301132202
525,0.9441249370574951,-4.919128894805908
526,-3.148103713989258,-6.418578147888184
527,0.910322904586792,-4.926112174987793
528,0.9651147127151489,-4.236116409301758
529,1.0189698934555054,-5.117102146148682
530,0.963789701461792,-5.198805332183838
531,0.8599998950958252,-4.920743942260742
532,-0.12794919312000275,-1.0926061868667603
533,0.9958853721618652,-5.150819778442383
534,-0.5798021554946899,2.872685194015503
535,1.7279880046844482,-5.627462863922119
536,0.9322474002838135,-5.0927910804748535
537,0.6391221284866333,-4.534743785858154
538,0.9798799753189087,-4.999931812286377
539,0.9466855525970459,-5.005094528198242
540,0.9527623653411865,-4.948868751525879
541,0.883753776550293,-4.8312225341796875
542,0.8905512094497681,-4.825930118560791
543,0.4515030086040497,-4.068249702453613
544,0.9673031568527222,-5.067397594451904
545,0.8942432403564453,-4.965428352355957
546,0.892285943031311,-5.05411434173584
547,1.2978429794311523,-5.92466402053833
548,0.46286728978157043,-3.692124128341675
549,0.925940990447998,-5.156764984130859
550,-1.9133820533752441,-2.2043795585632324
551,0.9854096174240112,-5.065856456756592
552,0.9561231136322021,-4.856618404388428
553,-1.7301361560821533,9.871683120727539
554,0.9997348785400391,-5.13879919052124
555,10.492900848388672,-7.233177661895752
556,0.95698082447052,-5.140181541442871
557,0.8763264417648315,-4.909281253814697
558,0.7899855375289917,-5.403591632843018
559,-3.2793924808502197,-5.895752429962158
560,-6.39413595199585,-7.4238176345825195
561,0.913252592086792,-5.082863807678223
562,3.615173101425171,-6.506984233856201
563,6.267529010772705,-4.8519368171691895
564,0.8971853256225586,-5.094821453094482
565,0.9321743249893188,-4.998375415802002
566,0.9455685615539551,-4.817165851593018
567,0.6523427963256836,-4.507036209106445
568,0.9352296590805054,-5.174513339996338
569,-0.12802660465240479,0.11484616249799728
570,0.9422287940979004,-4.823240280151367
571,0.8754596710205078,-4.843178749084473
572,2.3599777221679688,-4.663057804107666
573,0.9053077697753906,-5.044343948364258
574,1.2220613956451416,-5.072819232940674
575,0.9111026525497437,-5.1525726318359375
576,-0.9182851314544678,0.3808385729789734
577,1.3510037660598755,-4.001028060913086
578,-0.04853945970535278,-2.3523592948913574
579,0.9911315441131592,-4.954321384429932
580,1.2353105545043945,-3.190610647201538
581,0.9504364728927612,-4.9281511306762695
582,0.9699008464813232,-5.044906139373779
583,0.9291043281555176,-4.9831862449646
584,1.0660711526870728,-5.176408767700195
585,0.9156726598739624,-5.039190292358398
586,0.9188244342803955,-5.07366943359375
587,2.050063133239746,-3.0486505031585693
588,0.9233932495117188,-4.997917652130127
589,0.9104470014572144,-4.941204071044922
590,-0.389348566532135,0.4193454384803772
591,0.9038330316543579,-5.038562297821045
592,1.0004488229751587,-5.089987277984619
593,0.8887743949890137,-4.785850524902344
594,0.8490214347839355,-5.267088413238525
595,1.0003873109817505,-5.143257141113281
596,0.9179610013961792,-5.0435309410095215
597,0.908379316329956,-4.879923343658447
598,0.8438904285430908,-4.884950637817383
599,0.8571499586105347,-4.942413330078125
600,0.9148358106613159,-4.8982834815979
601,0.9709138870239258,-5.05720853805542
602,-2.695139169692993,3.992450475692749
603,0.9516277313232422,-5.091663837432861
604,0.9546964168548584,-5.0777153968811035
605,0.8478761911392212,-4.899449825286865
606,2.804694175720215,-5.235218524932861
607,0.8964444398880005,-4.844775199890137
608,0.9707959890365601,-5.045461177825928
609,1.425931453704834,-4.643306255340576
610,-0.27905571460723877,1.501235008239746
611,2.050018548965454,-5.266106128692627
612,0.9283527135848999,-4.829238414764404
613,1.6672053337097168,-2.4800944328308105
614,-8.56627368927002,-6.770563125610352
615,0.8987807035446167,-4.935478210449219
616,1.1553504467010498,-6.091290473937988
617,1.3320554494857788,-5.373785495758057
618,0.956230878829956,-5.0337138175964355
619,6.435286998748779,-5.137964725494385
620,0.9482779502868652,-4.856383323669434
621,-1.1793962717056274,2.3502328395843506
622,-2.610367774963379,-9.032312393188477
623,-2.3549416065216064,-6.618828773498535
624,1.6604282855987549,-4.9207282066345215
625,1.9509007930755615,-5.8097405433654785
626,-0.3541349768638611,-0.11512336879968643
627,1.162125825881958,-5.291816711425781
628,0.8753310441970825,-4.940351486206055
629,0.9170655012130737,-5.170278549194336
630,0.1577831208705902,-2.0727317333221436
631,-6.440911293029785,-5.929520130157471
632,8.093267440795898,-9.285134315490723
633,0.9245978593826294,-4.85959529876709
634,0.8753114938735962,-4.982826232910156
635,0.8860788345336914,-4.503888130187988
636,0.852936863899231,-4.921971797943115
637,0.8481107950210571,-4.89019775390625
638,0.6081603765487671,-4.86525821685791
639,0.906437873840332,-4.954133033752441
640,0.9824872016906738,-5.135043621063232
641,-0.19124150276184082,0.7944079041481018
642,0.8958790302276611,-4.860596656799316
643,1.0508970022201538,-5.160159111022949
644,0.8784809112548828,-4.950110912322998
645,1.1431108713150024,-5.451792240142822
646,0.6975359916687012,-4.890042304992676
647,-1.6654748916625977,-2.3743841648101807
648,-5.412356376647949,-2.2506368160247803
649,-3.240828037261963,-5.271228790283203
650,-1.3839131593704224,-3.900834321975708
651,-0.4405001103878021,-0.4924076199531555
652,0.24552375078201294,-2.5624210834503174
653,0.9000247716903687,-4.921082019805908
654,-0.5786463618278503,-4.92042875289917
655,0.9982618093490601,-5.086469650268555
656,6.753335475921631,-6.510094165802002
657,-0.24056731164455414,-0.385254442691803
658,0.9592753648757935,-5.010256767272949
659,4.781558990478516,-3.9893405437469482
660,0.6545730829238892,-5.083202838897705
661,-1.6577376127243042,-5.662745475769043
662,0.5571787357330322,-3.9319138526916504
663,1.0140690803527832,-5.113558769226074
664,0.9389053583145142,-4.859903812408447
665,0.9289997816085815,-4.859382152557373
666,0.8805313110351562,-5.043063640594482
667,1.0239994525909424,-5.057943820953369
668,1.0069735050201416,-5.022061824798584
669,0.9068092107772827,-4.866469860076904
670,0.7981070280075073,-4.87333345413208
671,0.8635150194168091,-4.9349365234375
672,1.1942319869995117,-5.110540390014648
673,1.0215314626693726,-5.051485538482666
674,0.9230685234069824,-5.0362935066223145
675,0.9260814189910889,-5.040982723236084
676,0.9886701107025146,-5.041044235229492
677,0.9539093971252441,-4.823456287384033
678,-0.8397462368011475,-0.38653331995010376
679,0.9836685657501221,-5.0399322509765625
680,0.3472386300563812,-3.169229745864868
681,0.5695359706878662,-4.788218021392822
682,1.0106961727142334,-5.158568382263184
683,0.7787013053894043,-4.708343505859375
684,0.6996544599533081,-4.633494853973389
685,0.4992077648639679,-2.2923734188079834
686,0.9430068731307983,-4.97556734085083
687,0.9003481864929199,-5.01927375793457
688,-1.233122706413269,-4.832098484039307
689,1.2834675312042236,-4.056990623474121
690,2.8039474487304688,-5.333139896392822
691,-1.8623828887939453,4.26926326751709
692,5.4819111824035645,-2.930783987045288
693,0.8861336708068848,-4.844422340393066
694,0.9052246809005737,-4.857664108276367
695,-0.9806569814682007,-4.898983001708984
696,0.8733530044555664,-4.882266998291016
697,-7.706944942474365,-6.6708269119262695
698,0.8954579830169678,-5.081756114959717
699,0.9346103668212891,-4.999050617218018
700,0.6069544553756714,-4.758023262023926
701,7.425108909606934,-9.307622909545898
702,0.9450242519378662,-5.146993160247803
703,0.9100502729415894,-4.467825889587402
704,0.8996920585632324,-5.130508899688721
705,-0.6508558988571167,2.7012388706207275
706,0.8846787214279175,-4.847995281219482
707,-0.24491505324840546,-2.0492773056030273
708,0.3528912365436554,3.5444862842559814
709,0.9705530405044556,-5.07123327255249
710,-0.15623600780963898,-5.203378200531006
711,0.9674181938171387,-4.994626998901367
712,0.9825618267059326,-4.723899841308594
713,0.6676322221755981,-5.3020339012146
714,0.6431287527084351,-5.016299247741699
715,0.6076928377151489,-4.509030818939209
716,-0.6332088708877563,2.387847661972046
717,0.8681241273880005,-4.998087406158447
718,-2.0534355640411377,-5.583837032318115
719,-2.5119292736053467,-8.919098854064941
720,0.8741515874862671,-5.028225898742676
721,0.6636240482330322,-4.125405788421631
722,0.8602577447891235,-4.893121242523193
723,1.0497102737426758,-4.3288469314575195
724,0.982010006904602,-5.162137985229492
725,0.8790507316589355,-4.462024211883545
726,0.8112988471984863,-2.8946704864501953
727,0.5413657426834106,-2.721487522125244
728,0.5809866189956665,-4.448705673217773
729,1.001867651939392,-5.007592678070068
730,1.0989234447479248,-5.5055766105651855
731,0.8655680418014526,-4.9381327629089355
732,8.496696472167969,-1.9204977750778198
733,0.9888237714767456,-5.164562702178955
734,0.7590323686599731,-3.8781235218048096
735,1.1968799829483032,-5.878262996673584
736,0.9052442312240601,-4.960135459899902
737,-2.7474355697631836,-10.82056999206543
738,-0.22885578870773315,0.7282807230949402
739,0.9378429651260376,-5.2295708656311035
740,1.1828334331512451,-5.023834228515625
741,1.1301618814468384,1.1261367797851562
742,0.9518053531646729,-5.214399814605713
743,1.198137879371643,-5.652954578399658
744,0.752830982208252,-4.79648494720459
745,0.9254789352416992,-5.077774524688721
746,1.0394648313522339,-5.13870096206665
747,-0.4390985369682312,-0.2538295388221741
748,1.2066066265106201,-5.8417649269104
749,-1.8805716037750244,-3.205836057662964
750,0.9760138988494873,-5.194928169250488
751,1.4014593362808228,-6.4285149574279785
752,0.9824323654174805,-4.920292377471924
753,0.8891322612762451,-5.081240177154541
754,1.1174784898757935,-5.654568672180176
755,0.9293527603149414,-5.222967147827148
756,1.5957647562026978,-5.8814544677734375
757,0.8998513221740723,-4.950721263885498
758,1.5284688472747803,-3.619537115097046
759,1.0153297185897827,-5.042256832122803
760,0.9947452545166016,-5.095028877258301
761,0.8968232870101929,-4.943089008331299
762,1.1094435453414917,-2.8072919845581055
763,0.962761640548706,-4.8712334632873535
764,0.29212841391563416,-2.295427083969116
765,1.3563177585601807,-4.925347328186035
766,1.035197377204895,-5.132778167724609
767,0.9450205564498901,-4.879132270812988
768,-9.21565055847168,-6.341018199920654
769,0.8748128414154053,-4.973715305328369
770,0.8322315216064453,-3.775109052658081
771,0.9293855428695679,-5.221999168395996
772,-0.7183234691619873,-1.2121394872665405
773,-1.0669883489608765,-3.0689756870269775
774,0.8907617330551147,-5.017919063568115
775,0.9256793260574341,-5.063027381896973
776,0.9342443943023682,-5.1394548416137695
777,1.1165863275527954,-3.637166738510132
778,0.15431156754493713,-3.012845754623413
779,1.3336210250854492,-5.263585567474365
780,3.000887393951416,-4.078072547912598
781,-2.348750114440918,-7.652899742126465
782,-0.4238455593585968,1.397957682609558
783,8.012104034423828,-8.60522747039795
784,0.9286967515945435,-4.885788917541504
785,2.060377836227417,-5.910394191741943
786,0.8944165706634521,-4.964536190032959
787,1.7070664167404175,-5.8516058921813965
788,1.0284408330917358,-4.744968891143799
789,1.0077117681503296,-5.093166828155518
790,0.8865325450897217,-4.950872421264648
791,1.2710691690444946,-5.617194652557373
792,0.45847854018211365,-3.621276378631592
793,-0.052865877747535706,1.8054231405258179
794,-0.8175530433654785,4.298483371734619
795,-0.24990028142929077,0.5707583427429199
796,0.5997729301452637,-4.376254558563232
797,-0.9617011547088623,-0.6922568678855896
798,0.9292479753494263,-4.713316917419434
799,0.9541463851928711,-4.8519816398620605
800,2.106722116470337,-4.988942623138428
801,0.9043292999267578,-4.810967922210693
802,-9.137166976928711,-6.810812473297119
803,0.6555087566375732,-4.479219436645508
804,1.3529592752456665,-4.404344081878662
805,0.2072724997997284,1.3425177335739136
806,0.9235142469406128,-4.893347263336182
807,0.9576476812362671,-5.024230480194092
808,0.9947080612182617,-5.074026107788086
809,0.6061428785324097,-4.43543004989624
810,2.5754683017730713,-1.368884563446045
811,-0.9643418788909912,0.42482244968414307
812,0.9114058017730713,-4.806530475616455
813,-0.3835146725177765,2.4241862297058105
814,0.6357266902923584,-4.9879937171936035
815,1.084069848060608,-5.3809494972229
816,1.0397406816482544,-5.146820545196533
817,1.0799529552459717,-4.963058948516846
818,0.9157352447509766,-4.99691915512085
819,0.9100199937820435,-4.88999605178833
820,1.5481812953948975,-5.885575771331787
821,0.9428958892822266,-5.181328296661377
822,1.9725496768951416,-5.110514163970947
823,0.9518190622329712,-5.175485134124756
824,0.8929526805877686,-5.0417890548706055
825,0.9749581813812256,-5.008916854858398
826,0.8933817148208618,-4.93095588684082
827,1.009810209274292,-4.70419454574585
828,-4.474030017852783,-8.533020973205566
829,0.6829257011413574,-4.981174468994141
830,0.8858363628387451,-4.9277520179748535
831,0.44487860798835754,-3.4108541011810303
832,0.6520559787750244,-4.953175067901611
833,0.9486654996871948,-4.820656776428223
834,0.9423171281814575,-5.148684024810791
835,8.913063049316406,-6.704409599304199
836,0.993486762046814,-4.995189666748047
837,1.4877294301986694,-5.48280143737793
838,-2.0510666370391846,-4.346502780914307
839,0.8900165557861328,-4.990407466888428
840,-2.218029260635376,-4.659224510192871
841,-0.21215680241584778,1.2356986999511719
842,0.979773759841919,-5.149223327636719
843,1.169101357460022,-5.1085100173950195
844,0.945710301399231,-4.784897327423096
845,0.6416069269180298,-4.709299564361572
846,0.9298971891403198,-5.002374172210693
847,1.1891182661056519,-5.3303914070129395
848,-0.7040936946868896,2.3298590183258057
849,0.9271429777145386,-4.996443271636963
850,0.9519025087356567,-4.949886798858643
851,0.8660577535629272,-4.957700729370117
852,-0.9542146921157837,-1.5158138275146484
853,0.7101057767868042,-3.864262342453003
854,0.9461896419525146,-5.005273342132568
855,0.9382723569869995,-4.443356990814209
856,0.9330294132232666,-4.849226951599121
857,-7.213208198547363,-9.167267799377441
858,0.960974931716919,-4.5634846687316895
859,0.923468828201294,-4.976752758026123
860,1.776674509048462,-5.429582595825195
861,-20.320363998413086,8.097686767578125
862,0.9165829420089722,-4.88418436050415
863,1.427840232849121,-5.4012861251831055
864,0.9410521984100342,-4.956156253814697
865,0.9342167377471924,-4.953402519226074
866,0.898388147354126,-4.839621067047119
867,-2.2359862327575684,-7.474367618560791
868,0.9685343503952026,-4.454737186431885
869,1.3549247980117798,-5.338303089141846
870,0.8984519243240356,-5.054126739501953
871,0.9601055383682251,-5.126894950866699
872,1.2243674993515015,-5.638184547424316
873,0.5245249271392822,-4.307544708251953
874,1.0695427656173706,-5.00758171081543
875,0.9244191646575928,-4.908421993255615
876,0.857291579246521,-4.9261555671691895
877,1.5696054697036743,-5.645925521850586
878,1.3317691087722778,-0.3812723159790039
879,0.4870435297489166,-4.280460357666016
880,0.6632398366928101,-4.96180534362793
881,0.8066635131835938,-4.836487770080566
882,0.9168425798416138,-5.094519138336182
883,0.9155428409576416,-4.981571674346924
884,0.9498128890991211,-4.874629497528076
885,0.9697319269180298,-4.927450656890869
886,1.3628451824188232,-5.329365253448486
887,0.9715973138809204,-5.024862289428711
888,0.8794354200363159,-4.8460283279418945
889,-1.5578128099441528,-6.663768291473389
890,1.0446999073028564,-5.135855674743652
891,0.8851613998413086,-4.896179676055908
892,0.6180492639541626,-3.7195804119110107
893,-1.3302984237670898,-6.221157550811768
894,-0.6165781021118164,2.5792133808135986
895,1.7392935752868652,-6.392681121826172
896,0.6364669799804688,-5.080484867095947
897,0.8723264932632446,-4.912029266357422
898,0.39688345789909363,-3.9794466495513916
899,0.636788010597229,-4.397914409637451
900,0.8991793394088745,-4.968246936798096
901,0.5596691370010376,-4.5363898277282715
902,0.9896069765090942,-4.940893650054932
903,0.9006600379943848,-4.851324558258057
904,0.11056160926818848,-2.3673641681671143
905,0.9509773254394531,-4.899082660675049
906,-0.04341815412044525,0.5519556999206543
907,1.2869118452072144,-6.4374823570251465
908,0.015363186597824097,2.609543561935425
909,0.9481452703475952,-4.945766925811768
910,1.6885414123535156,-0.826850175857544
911,0.8935449123382568,-5.087996959686279
912,1.0405423641204834,-6.036818504333496
913,3.2695586681365967,-6.037641525268555
914,-0.7905913591384888,2.8210577964782715
915,0.9708586931228638,-4.988710880279541
916,0.9845874309539795,-5.106973648071289
917,0.9094065427780151,-5.089169979095459
918,0.9669910669326782,-5.122674942016602
919,1.2869422435760498,-5.396068572998047
920,0.8853673934936523,-4.88298225402832
921,0.905106782913208,-4.814610958099365
922,1.2227044105529785,-4.846503734588623
923,-0.9798294305801392,0.5433704257011414
924,-0.8872050046920776,-3.9011499881744385
925,0.9591574668884277,-4.85137414932251
926,0.877011775970459,-4.842442035675049
927,0.9414069652557373,-5.042572021484375
928,0.9570958614349365,-4.837602138519287
929,0.9972615242004395,-5.014575004577637
930,0.07133978605270386,2.92682147026062
931,0.3298581838607788,-1.4259774684906006
932,0.9898791313171387,-4.99351167678833
933,7.578611373901367,-10.489505767822266
934,0.8743816614151001,-4.846498966217041
935,0.8142666816711426,-4.046381950378418
936,0.9106680154800415,-4.913491725921631
937,-0.6631290912628174,2.0188121795654297
938,0.8709579706192017,-4.9815993309021
939,-0.43284910917282104,1.8323973417282104
940,5.313122272491455,-4.384339809417725
941,0.8769265413284302,-5.468485355377197
942,-1.156075119972229,5.31504487991333
943,1.002837061882019,-5.158108711242676
944,0.9362138509750366,-4.810204982757568
945,0.862738847732544,-4.90195894241333
946,0.6367322206497192,-4.941098690032959
947,0.21054375171661377,0.5598999261856079
948,-0.23613889515399933,1.3834863901138306
949,1.346567988395691,-6.4535040855407715
950,7.832347393035889,-4.539215564727783
951,-2.7838528156280518,-8.890570640563965
952,8.519481658935547,-7.8946003913879395
953,0.9524869918823242,-5.110289096832275
954,2.1962616443634033,-6.091531276702881
955,-3.2986576557159424,4.651536464691162
956,0.9939234256744385,-4.405108451843262
957,-0.6234885454177856,4.024653434753418
958,0.9165897369384766,-5.1913228034973145
959,0.9439442157745361,-4.808446407318115
960,1.0506560802459717,-1.682577133178711
961,0.8521969318389893,-3.8353769779205322
962,0.9379217624664307,-4.935970306396484
963,4.119699954986572,-4.191369533538818
964,0.9308239221572876,-5.011413097381592
965,0.874370813369751,-4.618930339813232
966,0.8773707151412964,-4.879701614379883
967,-4.832714557647705,0.47490447759628296
968,1.3983991146087646,-5.5627570152282715
969,1.5424473285675049,-2.835618495941162
970,1.109419822692871,-1.3537660837173462
971,8.161084175109863,-7.9151387214660645
972,0.8600928783416748,-4.911843299865723
973,1.6563242673873901,-6.306436061859131
974,0.14463868737220764,0.6171793341636658
975,-0.051117219030857086,-1.4457223415374756
976,-0.11461861431598663,-0.34509196877479553
977,3.841860055923462,-3.1272990703582764
978,-0.9354100227355957,-6.737776279449463
979,-3.815274477005005,-6.302196025848389
980,-0.7250034809112549,1.1602654457092285
981,1.0265121459960938,-5.099587917327881
982,1.218498945236206,-4.894340515136719
983,1.032409429550171,-4.594944000244141
984,-1.4691146612167358,-5.758468151092529
985,0.9202405214309692,-4.887036323547363
986,0.8897569179534912,-4.930515766143799
987,0.908263087272644,-4.8352508544921875
988,0.8776794672012329,-4.870522499084473
989,0.9890775680541992,-5.147402763366699
990,0.9629652500152588,-4.863962173461914
991,1.0078165531158447,-3.1742262840270996
992,0.9339796304702759,-4.845932960510254
993,1.2154583930969238,-4.8118672370910645
994,1.23411226272583,-2.7690834999084473
995,1.0234233140945435,-5.058959484100342
996,-4.975224018096924,-4.795755863189697
997,0.9637531042098999,-4.316582202911377
998,0.8989499807357788,-5.00828742980957
999,0.8940974473953247,-4.858394145965576
1000,-0.24843671917915344,0.11576852947473526
1001,-5.689642429351807,-8.8677978515625
1002,0.9342989921569824,-4.804206371307373
1003,0.9230570793151855,-5.1946587562561035
1004,0.8927216529846191,-5.050657749176025
1005,1.0124114751815796,-4.9654035568237305
1006,1.0207463502883911,-5.143338203430176
1007,0.8995084762573242,-4.9872941970825195
1008,1.034936547279358,-4.516751289367676
1009,0.9022966623306274,-5.0102128982543945
1010,-1.0044740438461304,2.755315065383911
1011,0.9199448823928833,-4.893968105316162
1012,0.8881374597549438,-5.077754974365234
1013,0.673050045967102,-4.20864725112915
1014,0.9279648065567017,-4.906518936157227
1015,1.0122900009155273,-4.4309611320495605
1016,-1.2129460573196411,-3.0815417766571045
1017,-0.998896598815918,-1.5936105251312256
1018,0.67351233959198,-3.594820261001587
1019,0.9276368618011475,-5.1547675132751465
1020,0.9197337627410889,-4.993592739105225
1021,0.9202642440795898,-4.862218379974365
1022,0.816756010055542,-5.160042762756348
1023,-0.047373563051223755,-1.8434900045394897
1024,0.9487148523330688,-5.1470513343811035
1025,1.0234326124191284,-5.064497470855713
1026,0.9349299669265747,-5.052485466003418
1027,0.9052228927612305,0.14100754261016846
1028,6.427474498748779,-1.2575291395187378
1029,0.9884611368179321,-5.1131815910339355
1030,1.0466079711914062,-5.0886688232421875
1031,0.9878748655319214,-3.287351369857788
1032,1.047669768333435,-5.14594030380249
1033,0.9043838977813721,-5.0760674476623535
1034,0.8534315824508667,-5.000460147857666
1035,0.9481592178344727,-4.969893932342529
1036,0.925376296043396,-4.851015567779541
1037,0.9434337615966797,-4.962244510650635
1038,-2.4003231525421143,0.7487481832504272
1039,0.9553695917129517,-4.862570285797119
1040,-1.2441819906234741,1.057100534439087
1041,0.893409013748169,-4.935156345367432
1042,-1.245453953742981,-4.1020894050598145
1043,-0.8190069198608398,-3.7227063179016113
1044,0.9535616636276245,-5.215256214141846
1045,0.9466280937194824,-5.045337200164795
1046,4.158863067626953,-3.9308040142059326
1047,1.0074883699417114,-5.147759914398193
1048,0.896854043006897,-4.941094875335693
1049,0.8880150318145752,-4.884790420532227
1050,0.8755053281784058,-4.995406627655029
1051,0.9539988040924072,-4.935103416442871
1052,0.9693942070007324,-5.093315124511719
1053,1.0382736921310425,-5.1543660163879395
1054,0.9135921001434326,-5.397826671600342
1055,0.9947129487991333,-5.006150245666504
1056,0.9153772592544556,-4.900212287902832
1057,1.132095456123352,-5.102377414703369
1058,0.9508730173110962,-2.3793699741363525
1059,0.9478812217712402,-4.6523051261901855
1060,0.9624388217926025,-5.1742119789123535
1061,0.9450982809066772,-5.121735572814941
1062,1.028329849243164,-5.1077423095703125
1063,1.239346981048584,-3.721604108810425
1064,-1.0090141296386719,5.850735187530518
1065,1.0300320386886597,-5.180887222290039
1066,1.0078328847885132,-5.047350883483887
1067,0.891801118850708,-5.105561256408691
1068,0.644877552986145,-4.961531162261963
1069,0.9001520872116089,-4.895394802093506
1070,0.9855116605758667,-4.669135570526123
1071,-0.0890449583530426,-1.2173577547073364
1072,0.8782263994216919,-4.948635101318359
1073,0.8609632253646851,-4.5918354988098145
1074,1.0288335084915161,-5.056501388549805
1075,0.9343500137329102,-4.972772121429443
1076,0.9200797080993652,-5.13235330581665
1077,1.3096104860305786,-5.31441068649292
1078,0.9298537969589233,-4.895040988922119
1079,0.8711757659912109,-4.916768550872803
1080,1.3440746068954468,-2.9219114780426025
1081,0.9563201665878296,-4.99843692779541
1082,1.8033545017242432,-2.290632963180542
1083,-0.13483034074306488,0.9964666962623596
1084,0.9078186750411987,-4.9517130851745605
1085,0.879753828048706,-4.854238986968994
1086,0.976751446723938,-4.26792049407959
1087,0.3731824457645416,-2.3919076919555664
1088,1.4044535160064697,-5.5557661056518555
1089,0.9441810846328735,-5.19530725479126
1090,-0.4689902365207672,2.0310750007629395
1091,1.0540403127670288,-5.404682636260986
1092,0.8537284135818481,-3.7616355419158936
1093,0.8599280118942261,-4.943950176239014
1094,1.025449514389038,-4.7259392738342285
1095,0.9030945301055908,-4.967899322509766
1096,-1.5688198804855347,6.375642776489258
1097,-5.790533542633057,-8.519458770751953
1098,0.9618651866912842,-4.9840593338012695
1099,1.988410472869873,-6.1011433601379395
1100,-1.4392764568328857,0.357291042804718
1101,1.3189798593521118,-5.962788105010986
1102,0.8643264770507812,-4.9097723960876465
1103,0.10444748401641846,-1.8073277473449707
1104,0.3243556320667267,-3.1122334003448486
1105,-0.8353819847106934,10.852246284484863
1106,0.9689728021621704,-5.040736675262451
1107,-0.4971693158149719,2.162588596343994
1108,1.2062294483184814,-4.899485111236572
1109,0.9027278423309326,-4.980223178863525
1110,0.9046095609664917,-4.7297282218933105
1111,0.5101056098937988,-3.179225444793701
1112,-0.40355542302131653,-3.347076177597046
1113,0.9657589197158813,-5.090662002563477
1114,0.8917791843414307,-4.948760509490967
1115,0.45076003670692444,-3.5454885959625244
1116,1.0337644815444946,-5.14398193359375
1117,0.9310480356216431,-5.2184224128723145
1118,0.9190831184387207,-5.003570556640625
1119,1.238877534866333,-5.14837646484375
1120,0.9686920642852783,-5.124366283416748
1121,0.8615775108337402,-4.90664529800415
1122,0.9430476427078247,-4.830867290496826
1123,1.0103479623794556,-5.035539627075195
1124,-8.007064819335938,-6.014249801635742
1125,0.9534879922866821,-4.826565265655518
1126,0.5033212900161743,-4.210143089294434
1127,0.9493895769119263,-5.149477005004883
1128,-0.35934460163116455,0.41808149218559265
1129,1.2546100616455078,-5.198070526123047
1130,-0.13588041067123413,2.401583433151245
1131,0.5848277807235718,-4.6042609214782715
1132,0.5975919961929321,-4.8949689865112305
1133,-10.622220993041992,-0.3186449408531189
1134,0.6806274652481079,-4.266202926635742
1135,3.237821340560913,-3.5840423107147217
1136,0.984695553779602,-5.044243812561035
1137,-6.8803510665893555,-8.847024917602539
1138,0.603110671043396,-4.0768723487854
1139,0.3904094994068146,-1.8390915393829346
1140,1.093284010887146,-5.9060869216918945
1141,1.0149435997009277,-5.071175575256348
1142,0.9397534132003784,-5.22501277923584
1143,0.9733264446258545,-5.179676532745361
1144,0.8487664461135864,-5.273805141448975
1145,-1.3400565385818481,4.624841213226318
1146,0.9094222784042358,-4.842038154602051
1147,0.9642572402954102,-5.079354763031006
1148,1.0207009315490723,-5.103764533996582
1149,4.508399963378906,-1.995427131652832
1150,0.9608607292175293,-5.09834098815918
1151,-1.7687335014343262,-5.967313766479492
1152,0.953184962272644,-5.066695213317871
1153,0.8859795331954956,-4.862340927124023
1154,-0.498404860496521,2.8338611125946045
1155,0.6325170993804932,-4.975988864898682
1156,0.9803221225738525,-5.167257785797119
1157,0.42572423815727234,-3.8552539348602295
1158,0.8455989360809326,-4.888656139373779
1159,0.911121129989624,-5.096343517303467
1160,0.9875552654266357,-5.116851329803467
1161,0.9006633758544922,-4.931428909301758
1162,-1.1880594491958618,-1.8792035579681396
1163,0.2895162105560303,-2.8197269439697266
1164,1.0084477663040161,-5.103744983673096
1165,0.9481766223907471,-5.064454555511475
1166,0.9420619010925293,-5.080024242401123
1167,1.3353805541992188,-6.759232044219971
1168,2.0455615520477295,-5.63760232925415
1169,1.2711187601089478,-5.638556480407715
1170,0.932929277420044,-4.955465793609619
1171,0.8906937837600708,-5.018448829650879
1172,1.4364895820617676,-5.584325313568115
1173,10.07083511352539,-8.29562759399414
1174,0.920961856842041,-5.0376973152160645
1175,0.9415132999420166,-4.840388298034668
1176,5.314811706542969,-3.913102388381958
1177,1.7503398656845093,-4.972057342529297
1178,-0.5837297439575195,2.0002987384796143
1179,3.0992066860198975,-6.074746608734131
1180,0.892946720123291,-4.877748966217041
1181,0.9856727123260498,-4.941030979156494
1182,0.1394084095954895,-1.9627668857574463
1183,1.8184263706207275,-5.212567329406738
1184,1.3067939281463623,-5.405539035797119
1185,0.8762829303741455,-4.908686637878418
1186,0.7370421886444092,-5.543034076690674
1187,-0.13266730308532715,0.18750694394111633
1188,1.5715570449829102,-4.822614669799805
1189,1.0992716550827026,-5.086394786834717
1190,0.9453376531600952,-5.081506729125977
1191,0.9406794309616089,-4.878763675689697
1192,1.7369651794433594,-6.104328632354736
1193,0.9142345190048218,-5.0604681968688965
1194,0.8802324533462524,-5.032058238983154
1195,0.8607441186904907,-4.906665325164795
1196,0.8838117122650146,-5.074392795562744
1197,0.6573796272277832,-5.228031158447266
1198,12.175366401672363,-3.8300321102142334
1199,0.9079697132110596,-4.951192378997803
1200,2.0280349254608154,-5.822340488433838
1201,1.0150501728057861,-5.030306339263916
1202,1.0550260543823242,-4.612786769866943
1203,0.8815118074417114,-4.937534809112549
1204,7.061538219451904,-6.167748928070068
1205,0.9041210412979126,-5.0919508934021
1206,1.235000491142273,-5.298316478729248
1207,0.4390970766544342,-4.3411383628845215
1208,1.2315685749053955,-3.42407488822937
1209,0.6351600885391235,-4.974874973297119
1210,0.9464031457901001,-5.004134654998779
1211,1.0386557579040527,-5.026607036590576
1212,0.9225568771362305,-5.125113010406494
1213,1.008109450340271,-5.109355449676514
1214,0.5490068197250366,-4.052221298217773
1215,0.9486083984375,-4.823827743530273
1216,-1.1939184665679932,-6.668281078338623
1217,4.3581366539001465,-4.7291083335876465
1218,0.8946616649627686,-4.855201244354248
1219,0.9175610542297363,-4.885111331939697
1220,1.0184661149978638,-5.071695804595947
1221,0.4139415919780731,-3.422063112258911
1222,1.0277611017227173,-5.114416122436523
1223,0.911264181137085,-5.045612812042236
1224,-0.5500661134719849,1.7946571111679077
1225,-0.08399580419063568,0.9564672112464905
1226,-1.109803318977356,5.278858661651611
1227,0.3830789625644684,-3.5566904544830322
1228,2.021557569503784,-4.621830463409424
1229,0.87555992603302,-4.851708889007568
1230,0.8625882863998413,-4.948122978210449
1231,0.8934149742126465,-4.374423503875732
1232,1.0099599361419678,-5.090137958526611
1233,0.5029338598251343,5.1061248779296875
1234,0.9261882305145264,-4.879405498504639
1235,0.6574894189834595,-3.900761365890503
1236,-6.271905422210693,-7.407066822052002
1237,0.928736686706543,-5.179731369018555
1238,-13.322755813598633,0.12432969361543655
1239,0.9608821868896484,-5.189134120941162
1240,1.0223228931427002,-2.8743503093719482
1241,0.5418047904968262,-4.106784820556641
1242,0.9487990140914917,-5.185583591461182
1243,-3.008385181427002,-7.688933849334717
1244,1.0090376138687134,-5.155297756195068
1245,2.168583631515503,-2.679572105407715
1246,0.8667185306549072,-4.904428958892822
1247,0.6613719463348389,-2.4227676391601562
1248,0.9479718208312988,-5.118244647979736
1249,0.9171727895736694,-4.9150285720825195
1250,1.1855930089950562,-5.130281925201416
1251,0.9149647951126099,-4.985782146453857
1252,0.9075859785079956,-4.807835102081299
1253,0.8580892086029053,-4.881086826324463
1254,1.3243494033813477,-5.781045436859131
1255,-0.2825976312160492,1.5216100215911865
1256,0.9758392572402954,-4.070484161376953
1257,0.853614330291748,-4.872938632965088
1258,0.259777694940567,-1.9037349224090576
1259,0.8670063018798828,-4.885359287261963
1260,0.9962449073791504,-2.774681806564331
1261,0.9212667942047119,-4.901547908782959
1262,1.0324772596359253,-5.089641571044922
1263,2.2445929050445557,-6.0482707023620605
1264,-1.0061618089675903,-6.714598178863525
1265,-1.5711039304733276,-5.882535457611084
1266,-0.22925448417663574,-1.0500496625900269
1267,-4.452088832855225,-10.772706031799316
1268,-0.7037853002548218,2.3855819702148438
1269,0.9920700788497925,-5.012770175933838
1270,0.9116863012313843,-5.100221633911133
1271,0.9271678924560547,-4.98792028427124
1272,1.030171513557434,-4.7089104652404785
1273,-0.5596326589584351,1.9531681537628174
1274,0.9759231805801392,-5.127276420593262
1275,0.9599517583847046,-5.356504917144775
1276,1.2331165075302124,-5.086562633514404
1277,0.3156660199165344,-1.75859534740448
1278,1.1854512691497803,-3.8800313472747803
1279,0.9901248216629028,-5.017951488494873
1280,3.6534621715545654,-4.134324550628662
1281,0.40738847851753235,-1.8213870525360107
1282,0.6002352237701416,-3.8087317943573
1283,0.907168984413147,-5.001196384429932
1284,0.9020469188690186,-4.816818714141846
1285,0.9532673358917236,-5.021646022796631
1286,0.9045789241790771,-5.069310188293457
1287,0.949622392654419,-5.025932788848877
1288,0.9591290950775146,-5.163259029388428
1289,-0.24839475750923157,-2.596938371658325
1290,0.9817291498184204,-5.011138916015625
1291,0.9584395885467529,-5.033254146575928
1292,0.9055944681167603,-4.828985214233398
1293,0.05852776765823364,-1.7797048091888428
1294,-0.6035138964653015,2.3386826515197754
1295,0.2967243492603302,-2.6324877738952637
1296,0.9066565036773682,-5.135283946990967
1297,2.1172006130218506,-4.158431053161621
1298,-0.9403285980224609,-5.88637638092041
1299,-2.332533597946167,6.283195972442627
1300,0.9451407194137573,-4.946115016937256
1301,0.8842750787734985,-4.873422622680664
1302,1.0079684257507324,-5.0643181800842285
1303,2.833357810974121,-2.360825300216675
1304,0.9665250778198242,-4.944839954376221
1305,0.9900102615356445,-5.010311603546143
1306,-0.5262627601623535,1.6174827814102173
1307,0.8446646928787231,-4.663194179534912
1308,-2.2019433975219727,-6.819995403289795
1309,1.0092484951019287,-5.016441345214844
1310,0.9858243465423584,-5.16650390625
1311,3.7766072750091553,-4.93580961227417
1312,0.9467297792434692,-4.9225029945373535
1313,0.9740555286407471,-5.189084529876709
1314,0.7820931673049927,-4.7126874923706055
1315,2.4811007976531982,-2.681494951248169
1316,0.9651873111724854,-4.994872570037842
1317,0.9368277788162231,-4.7956976890563965
1318,-0.6658799648284912,-0.7473744750022888
1319,1.034363865852356,-3.877222776412964
1320,0.6231303215026855,-5.04821252822876
1321,0.9305391311645508,-4.918208122253418
1322,0.7613745927810669,-4.807437896728516
1323,6.453193187713623,-3.888179063796997
1324,0.8945521116256714,-4.919043064117432
1325,1.5305101871490479,-5.669759273529053
1326,0.8024196624755859,-1.4269726276397705
1327,0.9071511030197144,-4.60366678237915
1328,1.380177617073059,-3.709026575088501
1329,1.1604900360107422,-5.071060657501221
1330,7.017181873321533,-8.332001686096191
1331,0.916877269744873,-5.008406162261963
1332,0.9332834482192993,-2.270955801010132
1333,-8.4740629196167,-6.156626224517822
1334,0.9836578369140625,-5.127853870391846
1335,1.9914815425872803,-6.063236236572266
1336,-0.8021939992904663,-0.7114151120185852
1337,0.9125254154205322,-5.073797702789307
1338,-0.25829681754112244,-1.8670108318328857
1339,2.112441062927246,-2.4192774295806885
1340,0.9852480888366699,-2.8633153438568115
1341,0.9514338970184326,-5.045175075531006
1342,1.7924491167068481,-5.724581241607666
1343,-0.9902801513671875,-7.289735317230225
1344,-0.4389086663722992,1.0143357515335083
1345,3.0215065479278564,-5.275771617889404
1346,1.101184368133545,-4.859230995178223
1347,0.9452148675918579,-4.906154155731201
1348,-0.1755482703447342,2.9896204471588135
1349,0.9567438364028931,-4.835127830505371
1350,0.9245080947875977,-5.244915962219238
1351,-4.952253818511963,-4.777284622192383
1352,-10.40768814086914,-4.022675037384033
1353,0.8945831060409546,-5.162099361419678
1354,0.8518052101135254,-4.423079490661621
1355,0.6253020763397217,-4.2512946128845215
1356,0.9544641971588135,-5.070234298706055
1357,0.9423844814300537,-4.881998538970947
1358,-0.18098017573356628,2.4280343055725098
1359,0.025959789752960205,2.422093629837036
1360,0.988147497177124,-4.960272312164307
1361,1.378494143486023,-4.66610050201416
1362,1.0299726724624634,-5.127346992492676
1363,0.750051736831665,-1.752211093902588
1364,1.0895686149597168,-4.337269306182861
1365,-3.8177731037139893,-5.9351959228515625
1366,-0.4619441330432892,-4.195992946624756
1367,1.0500147342681885,-5.15635871887207
1368,0.8975586891174316,-5.046614170074463
1369,0.982956051826477,-5.00183629989624
1370,-1.7710596323013306,8.394909858703613
1371,0.9452719688415527,-5.149400234222412
1372,-1.3294566869735718,6.511834144592285
1373,0.9247138500213623,-4.800806045532227
1374,0.9191656112670898,-5.012826442718506
1375,-2.895117998123169,-8.305937767028809
1376,1.4315096139907837,-2.607689142227173
1377,0.9829233884811401,-4.594573020935059
1378,-1.6663622856140137,6.497682094573975
1379,-1.2350994348526,5.642185211181641
1380,0.5791823863983154,-2.125777244567871
1381,0.9650483131408691,-4.937126159667969
1382,1.009222388267517,-4.873417377471924
1383,0.676581621170044,-5.3013482093811035
1384,0.6596213579177856,-5.171425819396973
1385,0.9490076303482056,-4.886185646057129
1386,7.257107257843018,-8.599713325500488
1387,1.0052051544189453,-5.117990493774414
1388,0.86993408203125,-4.928123474121094
1389,0.3399640619754791,-3.0023136138916016
1390,0.9387340545654297,-4.8523993492126465
1391,0.24917322397232056,-1.735830545425415
1392,-0.7057176828384399,2.600632667541504
1393,0.9237754344940186,-5.074611663818359
1394,0.9598698616027832,-5.10241174697876
1395,0.8689426183700562,-4.841527938842773
1396,0.9785614013671875,-4.46160364151001
1397,0.9558854103088379,-5.109993934631348
1398,-0.3506644368171692,3.0982911586761475
1399,-0.530358076095581,2.3644986152648926
1400,0.6638989448547363,-5.053781986236572
1401,5.481290817260742,-7.802576065063477
1402,0.8928165435791016,-4.88687801361084
1403,-1.3375675678253174,3.788414239883423
1404,0.9458017349243164,-4.9978437423706055
1405,-3.22763729095459,3.1831276416778564
1406,-0.6099996566772461,-2.3596646785736084
1407,1.3939834833145142,-5.564817428588867
1408,0.9796854257583618,-4.951837062835693
1409,2.0539424419403076,-5.018795490264893
1410,1.0529285669326782,-5.158702373504639
1411,0.7440118789672852,-2.1888935565948486
1412,4.05140495300293,-3.2164902687072754
1413,-0.48172008991241455,2.6750681400299072
1414,-1.1236644983291626,-3.137423276901245
1415,0.9055497646331787,-5.0994110107421875
1416,-0.038333408534526825,-3.42513108253479
1417,0.9776017665863037,-5.171752452850342
1418,0.885339617729187,-4.881000995635986
1419,0.9398987293243408,-5.035675048828125
1420,6.612624645233154,-5.6002631187438965
1421,0.9136670827865601,-4.999110698699951
1422,-3.4719655513763428,-3.978801727294922
1423,0.896761417388916,-5.037417888641357
1424,0.9475069046020508,-5.051085948944092
1425,-0.5384014844894409,2.3247663974761963
1426,1.043799877166748,-4.4453840255737305
1427,0.9571051597595215,-5.139918804168701
1428,1.144431471824646,-5.294670104980469
1429,1.2498486042022705,-3.3448550701141357
1430,0.9666682481765747,-5.057819843292236
1431,0.9864550828933716,-5.0485968589782715
1432,0.6901106834411621,-3.554206132888794
1433,4.108768939971924,-3.0855746269226074
1434,0.920203447341919,-5.069148540496826
1435,0.9094337224960327,-5.150628566741943
1436,1.366333246231079,-5.585240840911865
1437,0.8549261093139648,-4.932535648345947
1438,1.2770882844924927,-5.881983280181885
1439,0.8267444372177124,-3.614426612854004
1440,0.9589661359786987,-4.845098972320557
1441,0.9698092937469482,-5.014910697937012
1442,0.3813231885433197,-0.7027747631072998
1443,1.0371805429458618,-4.042793273925781
1444,0.9506083726882935,-4.957782745361328
1445,-0.5278230905532837,-5.074946880340576
1446,-2.6748995780944824,-6.945656776428223
1447,-6.746687412261963,-0.48078322410583496
1448,-1.6548625230789185,-5.460818290710449
1449,0.9917116165161133,-5.168740272521973
1450,0.9492524862289429,-4.987956523895264
1451,1.031238079071045,-5.109189510345459
1452,0.9982008934020996,-5.10118293762207
1453,0.8726158142089844,-4.846579074859619
1454,0.4167305529117584,-3.859926700592041
1455,1.6378775835037231,-5.9697585105896
1456,1.3130333423614502,-5.083298683166504
1457,0.9157742261886597,-4.881657123565674
1458,0.955711841583252,-5.010622024536133
1459,0.8942176103591919,-4.906475067138672
1460,0.7973507642745972,-1.2799413204193115
1461,0.938888430595398,-5.216359615325928
1462,5.8511457443237305,-6.413125991821289
1463,1.3613053560256958,-5.632146835327148
1464,0.8846430778503418,-4.9655585289001465
1465,1.0169672966003418,-5.156431674957275
1466,0.4366641342639923,-1.213564157485962
1467,-0.2401210069656372,-0.23023995757102966
1468,0.9694384336471558,-4.221007347106934
1469,0.9407539367675781,-4.848705291748047
1470,0.8792195320129395,-5.042965412139893
1471,0.935935378074646,-4.074462413787842
1472,-6.861138820648193,-3.2708237171173096
1473,-0.010373994708061218,0.4037711024284363
1474,-1.578914999961853,7.873514652252197
1475,1.8391213417053223,-5.520833969116211
1476,1.3262369632720947,-5.423285007476807
1477,-0.004233300685882568,-1.421455979347229
1478,0.9929060935974121,-5.0850419998168945
1479,-1.054996132850647,0.5076728463172913
1480,0.9584439992904663,-5.134609699249268
1481,0.8876602649688721,-5.019824504852295
1482,3.833115816116333,-4.613466739654541
1483,0.9191553592681885,-5.175119400024414
1484,6.029827117919922,-6.505345821380615
1485,2.0210022926330566,-4.834365367889404
1486,0.7698159217834473,-4.4781599044799805
1487,0.9110348224639893,-4.950869083404541
1488,-1.351250410079956,-2.913872003555298
1489,0.8877345323562622,-4.933108329772949
1490,1.2780325412750244,-6.56162691116333
1491,-4.174308776855469,-6.817129611968994
1492,0.9139084815979004,-4.8474955558776855
1493,1.0317611694335938,-5.085528373718262
1494,-11.579569816589355,-5.892758369445801
1495,1.264743447303772,-5.201778888702393
1496,0.9159703254699707,-4.830765247344971
1497,0.9617296457290649,-5.041874408721924
1498,1.7928524017333984,-6.194579124450684
1499,0.9288845062255859,-4.89580774307251
1500,1.4480515718460083,-5.39796257019043
1501,0.2596335709095001,-1.8295389413833618
1502,1.0014618635177612,-5.126575946807861
1503,0.5601146221160889,-4.042076587677002
1504,0.37663915753364563,-3.0044186115264893
1505,0.9430283308029175,-4.811600685119629
1506,0.9312970638275146,-4.890162944793701
1507,0.8777581453323364,-4.895699501037598
1508,0.9563150405883789,-4.883554458618164
1509,0.5993391275405884,-5.004614353179932
1510,1.112925410270691,-4.3574113845825195
1511,0.9091860055923462,-5.008586883544922
1512,1.1260969638824463,-4.795200347900391
1513,0.9065057039260864,-5.082947254180908
1514,-0.5347142219543457,-3.8768842220306396
1515,0.9697380065917969,-4.983415603637695
1516,0.9965665340423584,-4.973443984985352
1517,0.8059842586517334,-4.607852458953857
1518,0.9749453067779541,-5.100444793701172
1519,0.1766975224018097,2.481041193008423
1520,0.8954863548278809,-4.9126458168029785
1521,0.9700942039489746,-5.122425556182861
1522,3.434904098510742,-2.9893901348114014
1523,0.9198305606842041,-4.953668117523193
1524,0.9849401712417603,-5.142056465148926
1525,1.296380877494812,-5.191330432891846
1526,0.2978184223175049,-2.9289567470550537
1527,3.5766050815582275,-3.1196858882904053
1528,8.492650032043457,-9.904801368713379
1529,0.8902842998504639,-4.944221019744873
1530,0.9115219116210938,-4.939497470855713
1531,0.8783085346221924,-4.8361592292785645
1532,-1.443925142288208,-0.04504776746034622
1533,0.9749425649642944,-4.988513946533203
1534,2.5846221446990967,-3.2384116649627686
1535,0.9156452417373657,-4.922580242156982
1536,0.887987494468689,-4.98626184463501
1537,0.3014334738254547,-2.331923723220825
1538,1.1226261854171753,-1.835444688796997
1539,-0.3722526431083679,0.9103161692619324
1540,0.8823518753051758,-4.825626373291016
1541,-0.5386703014373779,3.4847514629364014
1542,-4.696273326873779,-6.330002784729004
1543,1.2027984857559204,-4.754629135131836
1544,-0.6685162782669067,2.065803050994873
1545,-2.9394710063934326,4.075059413909912
1546,0.9649076461791992,-5.116275310516357
1547,-1.1274070739746094,-6.639383792877197
1548,1.0058311223983765,-4.694126129150391
1549,0.8713017702102661,-4.814589500427246
1550,0.9489071369171143,-5.094175815582275
1551,0.5077921152114868,-4.102323532104492
1552,0.8124946355819702,-4.897994518280029
1553,0.9417922496795654,-4.87019681930542
1554,1.8221889734268188,-2.839548349380493
1555,1.1011278629302979,-4.653085708618164
1556,0.9863526821136475,-4.989457607269287
1557,0.6446138620376587,-4.429187297821045
1558,0.8564678430557251,-4.856675624847412
1559,-0.00973239541053772,0.5886140465736389
1560,0.9011625051498413,-4.832488536834717
1561,-1.006308913230896,8.169772148132324
1562,0.5637563467025757,-4.671024799346924
1563,0.9974550008773804,-5.104982852935791
1564,1.9104323387145996,-4.533381938934326
1565,11.507000923156738,-6.539639949798584
1566,1.181302785873413,-1.4773335456848145
1567,0.9323586225509644,-5.169605731964111
1568,0.8729755878448486,-4.955482006072998
1569,-1.8943994045257568,-5.224165439605713
1570,1.0123127698898315,-5.08024263381958
1571,0.9139126539230347,-4.852137565612793
1572,0.9949758052825928,-5.105920314788818
1573,-0.5635852813720703,-3.389702081680298
1574,0.8876872062683105,-5.022608757019043
1575,-6.806179523468018,-5.816896915435791
1576,0.9661892652511597,-4.99039888381958
1577,1.8258044719696045,-6.074464321136475
1578,0.8907116651535034,-5.010372161865234
1579,0.9968681335449219,-5.019200801849365
1580,0.9645359516143799,-4.95328426361084
1581,-0.5489793419837952,2.9504852294921875
1582,0.9547040462493896,-5.012606143951416
1583,0.9560920000076294,-5.053816795349121
1584,-1.0722061395645142,-4.394491195678711
1585,-1.5998382568359375,-7.125348091125488
1586,0.9085637331008911,-5.114074230194092
1587,0.9306832551956177,-5.215837478637695
1588,0.9478621482849121,-5.094883441925049
1589,1.1527390480041504,-4.284076690673828
1590,0.9537457227706909,-4.916615009307861
1591,7.5784382820129395,-6.288809299468994
1592,2.0896968841552734,-5.380687236785889
1593,0.9207932949066162,-5.052255630493164
1594,-0.794142484664917,2.9852824211120605
1595,0.6568460464477539,-5.179343223571777
1596,0.8835606575012207,-4.968267917633057
1597,-2.479485273361206,-8.418347358703613
1598,0.8550194501876831,-4.890620708465576
1599,-0.6150012016296387,4.282153129577637
1600,3.2039010524749756,-5.6445231437683105
1601,0.8815746307373047,-5.016636371612549
1602,-5.724724292755127,-5.274342060089111
1603,1.0666627883911133,-5.025570392608643
1604,1.5196237564086914,-5.8654375076293945
1605,0.9716341495513916,-4.98295259475708
1606,0.929674506187439,-5.157144069671631
1607,0.3566758930683136,-1.9754400253295898
1608,-1.813189148902893,-2.8153679370880127
1609,-2.1370980739593506,-5.887038230895996
1610,0.6934640407562256,-4.113914966583252
1611,-1.0608960390090942,-3.4953558444976807
1612,0.6704493761062622,-2.694983720779419
1613,0.2897616922855377,-2.7183239459991455
1614,0.9543631076812744,-3.3434665203094482
1615,1.4563877582550049,-5.609117031097412
1616,3.615300416946411,-2.6024672985076904
1617,-1.0037230253219604,4.71397590637207
1618,1.0621323585510254,-4.902465343475342
1619,0.9362468719482422,-5.053514003753662
1620,1.665651559829712,-5.606215000152588
1621,0.7758173942565918,-1.004089117050171
1622,1.0753368139266968,-3.1973471641540527
1623,0.967370867729187,-4.94045352935791
1624,0.9333012104034424,-4.9612884521484375
1625,0.9989185333251953,-4.983682155609131
1626,-1.4863168001174927,6.936380386352539
1627,0.7700860500335693,-3.3792564868927
1628,1.1663873195648193,-3.959263563156128
1629,-0.7639778852462769,2.292973279953003
1630,0.9924944639205933,-5.003901958465576
1631,1.0482351779937744,-4.864933490753174
1632,-2.9251012802124023,8.255536079406738
1633,0.5757567882537842,-4.829524517059326
1634,-1.043326735496521,2.463412284851074
1635,0.9849640130996704,-5.027617931365967
1636,0.9678747653961182,-5.585962772369385
1637,0.9358150959014893,-4.99608039855957
1638,0.9318485260009766,-4.997507572174072
1639,0.954116702079773,-4.848730564117432
1640,0.8946459293365479,-5.2139811515808105
1641,0.48251858353614807,-3.4568684101104736
1642,0.9266120195388794,-4.927836894989014
1643,-8.366109848022461,-1.8237531185150146
1644,-0.4113714396953583,0.8238877654075623
1645,0.9525402784347534,-4.833470344543457
1646,0.961167573928833,-4.857488632202148
1647,1.057236671447754,-4.6409454345703125
1648,-0.208479106426239,-1.6163901090621948
1649,1.1580296754837036,-5.725776195526123
1650,0.939792275428772,-4.951192855834961
1651,0.9234210252761841,-5.006070613861084
1652,1.2020604610443115,2.5991573333740234
1653,0.9239015579223633,-5.150837421417236
1654,0.5227609872817993,-4.279210567474365
1655,0.9169776439666748,-4.904493808746338
1656,0.7888933420181274,-4.650520324707031
1657,-6.316230297088623,-6.805809020996094
1658,1.0834336280822754,-5.051356792449951
1659,-0.15403416752815247,-0.5067577958106995
1660,-0.6522713899612427,-3.1473593711853027
1661,0.9133338928222656,-4.965006351470947
1662,0.8135915994644165,-4.544658184051514
1663,0.9923251867294312,-4.424759387969971
1664,1.0355215072631836,-4.69380521774292
1665,0.5890554189682007,-2.30257248878479
1666,0.8826998472213745,-4.968547344207764
1667,0.2758651673793793,-1.6104724407196045
1668,-0.9735169410705566,2.922769546508789
1669,0.9146836996078491,-4.932845592498779
1670,0.8330920934677124,-4.8657755851745605
1671,-0.2802674174308777,-3.8911585807800293
1672,0.9348584413528442,-4.98494291305542
1673,1.920496940612793,-4.8858256340026855
1674,0.9433999061584473,-4.851293087005615
1675,0.8599545955657959,-4.484499454498291
1676,1.200160264968872,-2.7912399768829346
1677,1.040556788444519,-5.144059658050537
1678,1.2374298572540283,1.0076502561569214
1679,0.34324154257774353,-2.760272979736328
1680,-2.3080625534057617,8.7131986618042
1681,0.9335508346557617,-4.895421981811523
1682,-2.180497884750366,-8.360675811767578
1683,0.15037131309509277,0.24896594882011414
1684,0.8812068700790405,-5.04616117477417
1685,0.9601298570632935,-4.846878528594971
1686,0.8604652881622314,-4.6640424728393555
1687,0.9046375751495361,-4.839090347290039
1688,0.4179765284061432,-1.2689471244812012
1689,0.9690345525741577,-4.952608585357666
1690,0.6192210912704468,-2.7963180541992188
1691,0.6931393146514893,-4.7520432472229
1692,1.7866135835647583,-5.940861225128174
1693,0.7610777616500854,-4.2441887855529785
1694,1.7045886516571045,-5.498661994934082
1695,-0.3608454167842865,-0.4520822763442993
1696,0.9645576477050781,-4.172612190246582
1697,0.9556436538696289,-4.824474811553955
1698,1.076439380645752,-4.503537654876709
1699,-1.5593864917755127,6.568793773651123
1700,0.9884788990020752,-4.367293834686279
1701,0.9721291065216064,-3.9911868572235107
1702,1.1926419734954834,-0.4756329357624054
1703,0.8881843090057373,-5.323685169219971
1704,-0.09182879328727722,0.9289252161979675
1705,0.9224838018417358,-4.951839923858643
1706,0.09074389934539795,-3.411302328109741
1707,0.9344981908798218,-5.066699504852295
1708,0.9882148504257202,-4.987216949462891
1709,-2.1498451232910156,-8.054080963134766
1710,-5.4743475914001465,-0.14743947982788086
1711,7.859949588775635,-7.928308010101318
1712,-2.658071994781494,-6.442996025085449
1713,0.9310680627822876,-4.986403465270996
1714,0.7128709554672241,-3.1976206302642822
1715,0.9973877668380737,-5.170175075531006
1716,0.9344861507415771,-4.881097316741943
1717,0.4826093018054962,-4.212225437164307
1718,1.1683871746063232,-6.2191267013549805
1719,1.250446081161499,-6.342607021331787
1720,0.2111760675907135,-2.247248888015747
1721,0.9241852760314941,-5.187767505645752
1722,0.6721761226654053,-4.698929309844971
1723,0.8079471588134766,-2.7626278400421143
1724,2.1371285915374756,-4.560237407684326
1725,0.7867316007614136,-4.738352298736572
1726,0.5611717700958252,-4.962870121002197
1727,0.8813228607177734,-4.903785228729248
1728,-0.14391106367111206,1.4353199005126953
1729,1.0459743738174438,-5.073802471160889
1730,0.9965231418609619,-5.067941188812256
1731,-0.9268296957015991,2.724395751953125
1732,0.9165430068969727,-4.995052814483643
1733,0.9494245052337646,-4.834200382232666
1734,0.8806524276733398,-4.920854568481445
1735,3.2482352256774902,-3.7136666774749756
1736,-0.013908416032791138,-2.2337734699249268
1737,-0.8426393270492554,2.61195969581604
1738,0.9888589382171631,-5.072022438049316
1739,7.609133243560791,-9.305140495300293
1740,0.9572118520736694,-5.1492228507995605
1741,0.9739512205123901,-5.105852127075195
1742,0.9740054607391357,-4.941505432128906
1743,0.9368951320648193,-5.212707042694092
1744,-7.359502792358398,-7.605841636657715
1745,0.7571203708648682,-4.334454536437988
1746,-0.4189006984233856,2.2400496006011963
1747,0.9112428426742554,-5.145165920257568
1748,-1.5298752784729004,4.491696357727051
1749,0.8876113891601562,-5.034538745880127
1750,1.1351463794708252,-4.777796745300293
1751,0.7878462076187134,-5.069213390350342
1752,0.9664486646652222,-4.95989990234375
1753,0.27588334679603577,-2.547161817550659
1754,0.2370305359363556,-2.987042188644409
1755,0.9216777086257935,-5.208284378051758
1756,0.9104704856872559,-4.842840194702148
1757,-0.3984522521495819,1.658953309059143
1758,0.8994777202606201,-4.972793102264404
1759,0.4727530777454376,-1.9569483995437622
1760,4.193948745727539,-6.988011360168457
1761,0.8750780820846558,-4.867083549499512
1762,-0.6673417091369629,-3.1311144828796387
1763,0.916083574295044,-5.035933017730713
1764,0.9919434785842896,-5.078786849975586
1765,0.9492871761322021,-5.014393329620361
1766,-0.12651585042476654,0.8191031813621521
1767,1.0210580825805664,-5.1518473625183105
1768,0.9543291330337524,-4.947883129119873
1769,0.8988723754882812,-4.984379768371582
1770,0.8841105699539185,-4.89446496963501
1771,1.045691967010498,-4.848399639129639
1772,0.8881762027740479,-4.8627028465271
1773,1.0011553764343262,-5.072333335876465
1774,1.039968490600586,-2.7210423946380615
1775,0.9443223476409912,-4.84425163269043
1776,0.9598162174224854,-5.126250743865967
1777,0.8722068071365356,-4.928548336029053
1778,0.8712794780731201,-4.9483723640441895
1779,3.921231985092163,-2.91737961769104
1780,0.975527286529541,-5.012821674346924
1781,0.9432766437530518,-4.994412899017334
1782,-1.3329814672470093,4.326632499694824
1783,0.9261379241943359,-4.989500045776367
1784,1.0316743850708008,-4.356614589691162
1785,0.9158798456192017,-5.026214122772217
1786,1.5863696336746216,-5.894240379333496
1787,0.8596066236495972,-4.870195388793945
1788,0.8639519214630127,-4.876606464385986
1789,-0.6248738765716553,1.7563040256500244
1790,-0.5813639163970947,2.331835985183716
1791,0.4302126467227936,-3.903839111328125
1792,1.254016637802124,-4.230951309204102
1793,-0.34877610206604004,0.8753141760826111
1794,2.2471888065338135,-4.691566467285156
1795,0.9477676153182983,-4.986103534698486
1796,0.8729352951049805,-4.9220404624938965
1797,0.8742935657501221,-5.089222431182861
1798,0.9386659860610962,-4.912317752838135
1799,0.9736435413360596,-4.944113254547119
1800,0.9969412088394165,-5.053195476531982
1801,0.929373025894165,-4.839898586273193
1802,0.5368794202804565,-4.651162624359131
1803,1.0103799104690552,-5.035923957824707
1804,0.8924646377563477,-4.910899639129639
1805,0.9491320848464966,-4.9369378089904785
1806,0.3848334848880768,-2.8993093967437744
1807,8.059207916259766,-5.9552483558654785
1808,1.1209864616394043,-6.425256729125977
1809,0.665730357170105,-4.287333965301514
1810,-0.8615866899490356,3.5694327354431152
1811,1.6945340633392334,-4.654949188232422
1812,0.9683928489685059,-3.713841438293457
1813,0.8844029903411865,-4.934844493865967
1814,0.8706258535385132,-4.963314533233643
1815,-1.9386417865753174,-7.398693084716797
1816,0.9242122173309326,-4.860800266265869
1817,-0.6900148391723633,3.1079633235931396
1818,-3.1432693004608154,-7.0106329917907715
1819,0.9406857490539551,-4.988295078277588
1820,0.976010799407959,-5.118475914001465
1821,0.9166523218154907,-4.964031219482422
1822,0.8731287717819214,-4.844342231750488
1823,0.9818683862686157,-4.941150188446045
1824,0.9283778667449951,-5.094902038574219
1825,7.326745510101318,-10.976228713989258
1826,1.4716675281524658,-6.635762691497803
1827,10.69217300415039,-7.421963214874268
1828,0.8519843816757202,-4.866566181182861
1829,1.2892282009124756,-6.081292152404785
1830,0.7767668962478638,-4.542932033538818
1831,0.8970491886138916,-4.874584674835205
1832,2.2725155353546143,-4.248698711395264
1833,3.232314348220825,-4.289676189422607
1834,0.9844387769699097,-5.022197246551514
1835,0.877320408821106,-4.512075901031494
1836,1.195246934890747,-3.3149569034576416
1837,0.8744070529937744,-4.833607196807861
1838,1.496109962463379,-4.821671009063721
1839,0.9588167667388916,-5.105860233306885
1840,0.9366980791091919,-5.206965923309326
1841,0.970462441444397,-5.1348114013671875
1842,-0.22659379243850708,-2.6844539642333984
1843,0.7686467170715332,1.3677737712860107
1844,-0.40044623613357544,-0.39317625761032104
1845,0.9243905544281006,-4.810525894165039
1846,0.7412058115005493,-2.6630911827087402
1847,2.1059205532073975,-5.21406888961792
1848,5.23556661605835,-4.856208324432373
1849,0.7576231956481934,-4.714805603027344
1850,-0.09600190818309784,-0.5493981242179871
1851,0.9651039838790894,-5.056100368499756
1852,0.9506839513778687,-4.8691630363464355
1853,0.9378677606582642,-4.864738464355469
1854,0.9207173585891724,0.3665134906768799
1855,0.8615313768386841,-4.853774547576904
1856,0.925478458404541,-5.100431442260742
1857,0.9298708438873291,-5.145997524261475
1858,0.9219750165939331,-5.218026161193848
1859,0.8854485750198364,-4.914600372314453
1860,0.6524331569671631,-4.825983047485352
1861,0.956458330154419,-5.129075050354004
1862,0.9366010427474976,-5.100008010864258
1863,0.8236039876937866,-3.632122039794922
1864,0.8855326175689697,-4.814427852630615
1865,-0.8595765829086304,2.493553400039673
1866,0.9961265325546265,-5.182905197143555
1867,-0.06869170069694519,-1.732662558555603
1868,0.3650660812854767,2.1143176555633545
1869,0.7161151170730591,-3.2825591564178467
1870,1.3701012134552002,-5.03688383102417
1871,-4.485135555267334,-4.847607135772705
1872,0.9629377126693726,-5.058424472808838
1873,1.5453565120697021,-6.1267008781433105
1874,-0.2866836190223694,0.12568727135658264
1875,0.9770179986953735,-5.040536403656006
1876,-5.145371437072754,6.2151899337768555
1877,3.4092018604278564,-3.3068854808807373
1878,0.6514917612075806,-4.954484462738037
1879,0.934280276298523,-4.992208957672119
1880,0.3842584192752838,-3.6581404209136963
1881,0.9793587923049927,-5.179318428039551
1882,11.97654914855957,-1.7506402730941772
1883,1.1359518766403198,-5.365090847015381
1884,-0.6526210308074951,-4.0370941162109375
1885,-0.20075857639312744,1.8307113647460938
1886,0.9225386381149292,-5.031872272491455
1887,-0.4155135154724121,2.1227810382843018
1888,-0.06635488569736481,-3.76711106300354
1889,1.0158119201660156,-5.084593296051025
1890,0.9620679616928101,-4.925379276275635
1891,5.028013706207275,-5.9947333335876465
1892,1.3907345533370972,-5.865115642547607
1893,0.9938000440597534,-5.066246509552002
1894,0.9557430744171143,-4.959288597106934
1895,0.3867969214916229,-3.575263261795044
1896,2.060767889022827,-1.6099417209625244
1897,0.9537670612335205,-4.877735614776611
1898,0.9918729066848755,-5.133000373840332
1899,-0.8951625823974609,2.6433587074279785
1900,-1.5061500072479248,-6.1054158210754395
1901,2.127657413482666,-1.6921987533569336
1902,0.911536455154419,-4.672231197357178
1903,0.9798140525817871,-5.018157005310059
1904,1.148843765258789,-4.924805641174316
1905,0.9389117956161499,-4.2148261070251465
1906,0.9587507247924805,-4.855305194854736
1907,0.9647442102432251,-4.921461582183838
1908,0.9326446056365967,-5.213522911071777
1909,1.6724680662155151,-5.827236652374268
1910,-3.660346508026123,-7.7549943923950195
1911,0.8975808620452881,-4.987269401550293
1912,1.3466506004333496,-5.594696044921875
1913,0.664423942565918,-5.295987129211426
1914,1.3049821853637695,-3.903857469558716
1915,-0.522891640663147,3.4122939109802246
1916,1.240950345993042,-6.321609020233154
1917,0.9303430318832397,-4.883739948272705
1918,0.9587268829345703,-4.96267557144165
1919,-0.7706818580627441,2.5704915523529053
1920,0.9110348224639893,-5.154822826385498
1921,9.928600311279297,-1.2113350629806519
1922,2.55000901222229,-3.554636240005493
1923,0.19320377707481384,-2.124917507171631
1924,0.8615975379943848,-4.944187641143799
1925,1.1852433681488037,-6.393082141876221
1926,5.357936382293701,-3.9602901935577393
1927,0.5330878496170044,-2.7248761653900146
1928,0.9295183420181274,-5.028595447540283
1929,0.9364849328994751,-4.976502895355225
1930,0.8698569536209106,-4.283527374267578
1931,0.8245559930801392,-4.6213698387146
1932,1.759649634361267,-4.695899486541748
1933,0.8688526153564453,-4.922285079956055
1934,6.776607036590576,-7.217679500579834
1935,-0.7424718141555786,2.502894639968872
1936,-2.636251211166382,-7.766940116882324
1937,1.3888660669326782,-5.006680965423584
1938,0.8936245441436768,-4.8846940994262695
1939,0.936833381652832,-5.165371417999268
1940,0.9869459867477417,-5.007802963256836
1941,0.9809741973876953,-4.672109603881836
1942,0.8350285291671753,-4.9100422859191895
1943,0.9636392593383789,-5.064899921417236
1944,-5.786523818969727,-6.218399524688721
1945,0.32481271028518677,-3.0568063259124756
1946,0.4946580231189728,-2.0991551876068115
1947,0.9229521751403809,-4.861690998077393
1948,1.486820101737976,-5.6546950340271
1949,-0.30085229873657227,-0.8035584092140198
1950,0.8063749074935913,-4.595320701599121
1951,0.9610373973846436,-4.630779266357422
1952,0.26405879855155945,-1.6622381210327148
1953,-0.572167158126831,2.4953773021698
1954,0.9393900632858276,-5.0173468589782715
1955,1.1154766082763672,-4.171182155609131
1956,1.0001780986785889,-5.1265997886657715
1957,0.5852757692337036,-2.100168466567993
1958,-0.36969634890556335,-3.3148839473724365
1959,0.9793354272842407,-5.121187210083008
1960,1.1960958242416382,-3.09848690032959
1961,1.2211508750915527,-4.279621601104736
1962,0.5266315937042236,-4.164628505706787
1963,1.1231837272644043,-2.1533267498016357
1964,2.7779629230499268,-2.7274134159088135
1965,0.892500638961792,-5.052640438079834
1966,0.5003448724746704,-3.9843266010284424
1967,0.7336816787719727,-4.3133931159973145
1968,0.8982653617858887,-4.836270809173584
1969,0.5744928121566772,-3.843099355697632
1970,0.9387650489807129,-4.819083213806152
1971,0.7907441854476929,-4.596826076507568
1972,0.6662299633026123,-5.154208660125732
1973,0.9195716381072998,-4.943726539611816
1974,0.9068180322647095,-4.8819098472595215
1975,-3.3317854404449463,1.443660020828247
1976,0.9487855434417725,-4.970435619354248
1977,0.571816086769104,0.6684751510620117
1978,10.746129989624023,-7.326948642730713
1979,0.5097965002059937,-4.443746089935303
1980,0.8925656080245972,-4.823098182678223
1981,3.9647953510284424,-3.4632837772369385
1982,0.8696879148483276,-4.98637056350708
1983,1.990417718887329,-5.093821048736572
1984,0.8809351921081543,-4.954432010650635
1985,0.6277264356613159,-2.940995216369629
1986,0.5263564586639404,-3.3554160594940186
1987,0.9993271827697754,-4.599422454833984
1988,0.4080416262149811,-3.431764841079712
1989,0.23699316382408142,0.1956339180469513
1990,0.9821332693099976,-4.491720199584961
1991,0.8966413736343384,-4.900629043579102
1992,0.8930615186691284,-4.833570957183838
1993,0.903910756111145,-4.829678535461426
1994,0.9417135715484619,-4.907664775848389
1995,1.4844344854354858,-5.30607795715332
1996,1.5554825067520142,-6.224660873413086
1997,-5.205521583557129,-3.382826328277588
1998,-0.06981319189071655,2.365719795227051
1999,3.3790199756622314,-3.832773447036743
2000,-1.9872745275497437,8.933149337768555
2001,0.5662826299667358,-4.177662372589111
2002,-3.178562879562378,-3.7289161682128906
2003,2.4518773555755615,-2.575031042098999
2004,6.351199150085449,-7.303093910217285
2005,1.5363006591796875,-2.0273056030273438
2006,-5.154429912567139,-5.394217491149902
2007,-3.519117832183838,-7.8960700035095215
2008,1.1353970766067505,-1.4224241971969604
2009,4.227746486663818,-3.222442388534546
2010,0.5645023584365845,-2.0585715770721436
2011,-1.0557104349136353,4.760682106018066
2012,-1.1499783992767334,-5.646149635314941
2013,-2.933159589767456,-8.43947696685791
2014,-5.642735958099365,-9.405683517456055
2015,-1.8313051462173462,-2.9483416080474854
2016,2.576239824295044,-4.595398902893066
2017,-0.2408708930015564,-2.665786027908325
2018,-0.0783471167087555,0.031929753720760345
2019,2.4236013889312744,-2.4478354454040527
2020,-0.3457159698009491,-3.6320817470550537
2021,0.6265339851379395,-3.012993574142456
2022,1.946481466293335,-3.9140400886535645
2023,0.3268161714076996,-1.87894606590271
2024,-0.15407197177410126,1.0664739608764648
2025,2.7038190364837646,-5.123851299285889
2026,0.9690552949905396,-3.7274601459503174
2027,-1.8846708536148071,-3.549044609069824
2028,6.515780925750732,-5.868775844573975
2029,-1.34547758102417,3.3076655864715576
2030,-5.9743170738220215,-5.33688497543335
2031,-1.8211588859558105,-3.5086658000946045
2032,-4.775878429412842,3.7254621982574463
2033,1.4660964012145996,-4.699995517730713
2034,4.591147422790527,-5.02019739151001
2035,-0.5364761352539062,2.1869237422943115
2036,-5.992463111877441,-10.10556411743164
2037,-10.758489608764648,-10.403063774108887
2038,0.27456149458885193,-3.129589796066284
2039,-0.09078507125377655,-2.429083824157715
2040,-4.2258100509643555,3.1471002101898193
2041,-1.190271258354187,-3.103236675262451
2042,-0.08603185415267944,-1.39503014087677
2043,0.19524386525154114,-4.115450859069824
2044,6.575436115264893,-7.86504602432251
2045,0.39417633414268494,-3.32724928855896
2046,-0.3454745411872864,-1.2791287899017334
2047,0.17586642503738403,-2.436983346939087
2048,-4.575382709503174,5.4315972328186035
2049,0.7499430179595947,-2.323261022567749
2050,-1.6647472381591797,-7.462577819824219
2051,-3.4197776317596436,2.708484411239624
2052,-1.5775842666625977,1.5957350730895996
2053,-2.82558012008667,-7.5635151863098145
2054,-3.9327805042266846,-2.9096810817718506
2055,-7.272369861602783,-2.8365509510040283
2056,1.4561400413513184,-3.0182912349700928
2057,-1.6635396480560303,3.8573732376098633
2058,0.011415690183639526,0.5167236328125
2059,-0.3058975338935852,1.2861661911010742
2060,0.34551241993904114,-2.202455997467041
2061,-3.1292099952697754,-7.157111167907715
2062,-3.5450708866119385,3.1790857315063477
2063,-2.579800605773926,-7.8615336418151855
2064,1.0544495582580566,-2.451002836227417
2065,-3.406019449234009,4.501890182495117
2066,-0.769031286239624,4.41261625289917
2067,-0.458065927028656,-0.32303866744041443
2068,1.0747101306915283,-2.664469003677368
2069,-11.349536895751953,-7.429797649383545
2070,-5.965069770812988,5.514674663543701
2071,-0.6874392032623291,-0.7577001452445984
2072,2.992049217224121,-3.1307027339935303
2073,-8.957850456237793,-9.99221134185791
2074,-0.2844274640083313,-4.1632161140441895
2075,-0.42833301424980164,8.605986595153809
2076,0.9331682920455933,-4.790865421295166
2077,-1.8238166570663452,-6.205803394317627
2078,-4.15771484375,5.3942084312438965
2079,-3.734233856201172,-7.997026443481445
2080,-2.862055778503418,-8.529191970825195
2081,-1.8062609434127808,-2.608098030090332
2082,-1.8369518518447876,-4.696596145629883
2083,-0.6447445154190063,1.378709077835083
2084,-1.351623296737671,-5.960535049438477
2085,-1.0910868644714355,-1.5677276849746704
2086,-1.82292902469635,-7.137571334838867
2087,-1.6605048179626465,-8.08583927154541
2088,7.96785306930542,-6.946791172027588
2089,2.4225528240203857,-5.926451206207275
2090,4.7612128257751465,-5.244248390197754
2091,-0.03776898980140686,-0.7532750964164734
2092,-2.122227191925049,-4.5044145584106445
2093,-3.6998469829559326,-3.1287333965301514
2094,-6.184792518615723,5.96620512008667
2095,-4.5051140785217285,2.92895770072937
2096,0.9621559381484985,-0.6044099926948547
2097,-5.549439430236816,-8.136542320251465
2098,4.783857822418213,-3.5581674575805664
2099,6.928584575653076,-4.4878830909729
2100,0.21487295627593994,-2.9653759002685547
2101,-9.417315483093262,-2.6974430084228516
2102,-3.88220477104187,3.264683485031128
2103,-0.8536237478256226,1.6175110340118408
2104,1.958909511566162,-2.2514021396636963
2105,0.5895841121673584,3.528254270553589
2106,-1.0454548597335815,5.181684970855713
2107,3.9016001224517822,-3.1714065074920654
2108,-1.0230793952941895,-7.245700359344482
2109,-3.399930715560913,-8.2822904586792
2110,0.06169809401035309,0.5978750586509705
2111,7.204112529754639,-1.4797614812850952
2112,-7.80507755279541,9.144100189208984
2113,2.597682237625122,-3.9408113956451416
2114,5.459967136383057,-3.8478524684906006
2115,-0.0743585079908371,0.7771663069725037
2116,-5.0457234382629395,-4.9749650955200195
2117,3.527294397354126,-3.3598058223724365
2118,1.3033485412597656,-0.5215396285057068
2119,-5.167473316192627,-1.9256232976913452
2120,5.551647663116455,-3.6374287605285645
2121,0.7934479713439941,-3.895404577255249
2122,-4.32446813583374,-6.191783428192139
2123,-3.427129030227661,2.3854610919952393
2124,0.4026170074939728,-3.0865864753723145
2125,-0.8908553123474121,-5.952986240386963
2126,-0.12986302375793457,0.18310505151748657
2127,0.44606253504753113,-0.9179167151451111
2128,0.47813162207603455,-4.196615695953369
2129,0.937009334564209,-4.456564903259277
2130,-3.8931148052215576,2.4125359058380127
2131,-0.7211849689483643,1.663196325302124
2132,0.4212563931941986,-3.424031972885132
2133,0.7214473485946655,-2.43060040473938
2134,-7.6870436668396,-6.173948764801025
2135,5.0858540534973145,-5.4891228675842285
2136,-7.139655113220215,-5.57001256942749
2137,-1.580518126487732,-4.152284622192383
2138,-1.1256859302520752,-3.308227777481079
2139,-2.3868391513824463,-6.740061283111572
2140,1.334822654724121,-4.636490821838379
2141,-7.317903995513916,-2.3445613384246826
2142,5.2953267097473145,-3.981154680252075
2143,6.608949184417725,-9.23719310760498
2144,-7.200374126434326,-7.264603614807129
2145,-9.079120635986328,-10.057598114013672
2146,2.891390085220337,-4.791449546813965
2147,-0.9394741058349609,2.544260025024414
2148,6.363994121551514,-3.006248712539673
2149,-2.067429304122925,3.8640804290771484
2150,0.18968048691749573,-1.8009188175201416
2151,-10.163114547729492,-5.223193645477295
2152,0.5452909469604492,-2.1295948028564453
2153,0.45316633582115173,-2.3889832496643066
2154,0.6911588907241821,-2.184173822402954
2155,-3.6231439113616943,1.9248360395431519
2156,0.20426782965660095,-1.62204909324646
2157,-6.411970615386963,-7.025297164916992
2158,-5.342199802398682,4.68626594543457
2159,-4.743213176727295,4.125767230987549
2160,0.5476707220077515,-2.050705671310425
2161,0.39915773272514343,-2.076458215713501
2162,0.3285330533981323,-1.7366619110107422
2163,-0.5761435031890869,4.099652290344238
2164,2.1892998218536377,-4.291528701782227
2165,1.0860364437103271,-2.956048011779785
2166,-10.126296043395996,-1.6505937576293945
2167,-0.6039739847183228,-2.8796193599700928
2168,-0.41915059089660645,-1.5494829416275024
2169,-0.026037678122520447,-1.0980143547058105
2170,6.59328031539917,-5.302540302276611
2171,10.204120635986328,-6.563160419464111
2172,-5.204287528991699,-7.644533634185791
2173,0.14599531888961792,-1.7427420616149902
2174,-3.2178821563720703,7.313016891479492
2175,-0.5519731044769287,-3.740015745162964
2176,-4.368246555328369,4.1262526512146
2177,5.257384777069092,-4.364152431488037
2178,-5.3469014167785645,5.356621742248535
2179,10.89145278930664,-7.630875110626221
2180,-7.687262535095215,-3.514460563659668
2181,-9.84281063079834,-2.571138381958008
2182,-1.2221052646636963,0.743176281452179
2183,-8.160826683044434,-8.70989990234375
2184,-6.019626140594482,6.0468058586120605
2185,-1.3375556468963623,0.5272809863090515
2186,1.1217771768569946,-3.751642942428589
2187,3.5626046657562256,-2.5643069744110107
2188,-6.877838611602783,-6.755483150482178
2189,-2.1837856769561768,4.615764141082764
2190,1.415522813796997,-0.7545378804206848
2191,-0.1721649020910263,-0.08815046399831772
2192,-2.85860276222229,-5.920796871185303
2193,-7.864132404327393,-9.546584129333496
2194,-1.0645334720611572,3.371962070465088
2195,-11.453067779541016,-8.04896354675293
2196,1.1441690921783447,-3.031270742416382
2197,-4.246506214141846,4.536410808563232
2198,-3.6005752086639404,1.9062376022338867
2199,-14.015755653381348,2.296326160430908
2200,-34.25185775756836,3.0125458240509033
2201,-1.182141900062561,2.441788673400879
2202,1.2528269290924072,2.6361677646636963
2203,6.542262554168701,-5.648982524871826
2204,-1.949385643005371,5.172998428344727
2205,0.010214298963546753,-2.0114998817443848
2206,-0.21197912096977234,5.600709915161133
2207,-0.9487118721008301,-4.449514389038086
2208,4.306005001068115,-0.6420175433158875
2209,-0.6296439170837402,-0.05546540766954422
2210,3.1100118160247803,-3.9020211696624756
2211,-2.908997058868408,-8.307663917541504
2212,1.2002289295196533,-2.1298866271972656
2213,0.3009713292121887,-0.9200265407562256
2214,0.2593936026096344,-2.5809237957000732
2215,1.834566593170166,-2.893791913986206
2216,-0.9628039598464966,2.59588623046875
2217,-0.8596283197402954,-1.6523571014404297
2218,-8.567405700683594,8.887324333190918
2219,3.89200758934021,-4.8961076736450195
2220,-5.128356456756592,-1.6817626953125
2221,-4.268556118011475,3.5415761470794678
2222,-1.2429182529449463,-3.344388723373413
2223,-3.840640068054199,-3.3987247943878174
2224,-28.59958267211914,2.8797919750213623
2225,1.1348795890808105,-0.5261377096176147
2226,11.58067798614502,5.8405070304870605
2227,-3.9673616886138916,2.601071357727051
2228,-7.675877571105957,6.993940830230713
2229,2.379253625869751,-2.2595036029815674
2230,-4.144559860229492,-8.556818008422852
2231,0.9247032403945923,-1.1361308097839355
2232,6.586145401000977,-3.603050947189331
2233,-8.135919570922852,7.68762731552124
2234,0.9055331945419312,-4.4966020584106445
2235,-6.793848991394043,6.201697826385498
2236,-0.175471693277359,-1.1799495220184326
2237,-1.8974283933639526,-6.53300142288208
2238,-1.875339388847351,-7.50083589553833
2239,8.204192161560059,7.147528171539307
2240,-1.988006353378296,-2.8692476749420166
2241,2.8304226398468018,-4.9115309715271
2242,-4.522414684295654,4.288033962249756
2243,3.1842620372772217,-4.2117486000061035
2244,-0.6382359266281128,-2.988065004348755
2245,2.229797840118408,-2.0703353881835938
2246,2.837217092514038,-5.4761552810668945
2247,6.105711460113525,-5.167648792266846
2248,2.09242844581604,-2.3930227756500244
2249,0.4983467757701874,-3.0485658645629883
2250,4.570976734161377,-4.27562952041626
2251,0.25252318382263184,-3.2462284564971924
2252,-0.09897655248641968,-1.4913690090179443
2253,-1.2702856063842773,5.408553123474121
2254,-0.6834163665771484,2.8783833980560303
2255,-0.643031120300293,2.352617025375366
2256,-28.178686141967773,2.9521324634552
2257,-1.5628929138183594,-4.663206100463867
2258,7.498326778411865,-5.960420608520508
2259,-0.30806028842926025,0.24431127309799194
2260,-25.861967086791992,1.906385898590088
2261,-2.9996368885040283,1.348191738128662
2262,-6.391912460327148,5.692334175109863
2263,-0.20149648189544678,2.155198335647583
2264,-0.8092073202133179,2.743621587753296
2265,-1.7623536586761475,-6.9222331047058105
2266,-1.4033726453781128,-6.890571117401123
2267,-7.456191539764404,-2.5446364879608154
2268,10.132991790771484,-5.910990238189697
2269,0.4505392611026764,0.6083360314369202
2270,-3.714104175567627,4.031440258026123
2271,-1.5695024728775024,-4.549626350402832
2272,8.201148986816406,-9.679341316223145
2273,-1.4788776636123657,3.2270705699920654
2274,-2.0203418731689453,-9.292237281799316
2275,1.7821159362792969,-3.9167635440826416
2276,-0.5570501089096069,-0.7579041123390198
2277,-11.7757568359375,-8.195390701293945
2278,1.457565426826477,-4.5549468994140625
2279,5.14959192276001,-6.768211841583252
2280,0.41581490635871887,-1.1879165172576904
2281,-4.563765048980713,-5.233811855316162
2282,6.064665794372559,-5.530910015106201
2283,-5.252110004425049,-1.9801907539367676
2284,-8.898215293884277,-8.369288444519043
2285,-1.5765413045883179,-7.5016865730285645
2286,0.9823988676071167,-1.7140514850616455
2287,5.169737815856934,-4.364901065826416
2288,2.4742419719696045,-3.9181935787200928
2289,6.747600078582764,-8.051966667175293
2290,5.543212890625,-2.545703649520874
2291,-1.2724045515060425,5.990320205688477
2292,7.927626132965088,-4.560667514801025
2293,-2.1530191898345947,-6.370613098144531
2294,8.559232711791992,2.994408369064331
2295,5.3115010261535645,-5.997263431549072
2296,-7.516804218292236,7.833040714263916
2297,2.915475845336914,11.675414085388184
2298,-2.494797468185425,5.047398090362549
2299,0.3087424337863922,-2.816868782043457
2300,-4.188692569732666,4.639845848083496
2301,-1.215978741645813,-3.129333257675171
2302,-0.6588748693466187,0.5018622875213623
2303,-0.9712700843811035,0.5711117386817932
2304,2.958779811859131,4.269097805023193
2305,-2.3095004558563232,6.1377034187316895
2306,0.2538846731185913,-2.3471617698669434
2307,-3.8751864433288574,-7.600662708282471
2308,-7.989452838897705,7.395355701446533
2309,0.13532090187072754,-2.0295348167419434
2310,5.295639991760254,-3.8214094638824463
2311,11.345662117004395,6.523326396942139
2312,-2.5153861045837402,-5.6458001136779785
2313,-1.7769752740859985,-2.970454216003418
2314,-1.0953953266143799,1.841477870941162
2315,-0.27151817083358765,0.8588883876800537
2316,6.735400676727295,-5.149121284484863
2317,2.003593683242798,-1.0982637405395508
2318,2.2218315601348877,-4.875431537628174
2319,1.7798779010772705,-4.903879642486572
2320,-2.6360859870910645,-6.664164066314697
2321,7.989964962005615,7.308109760284424
2322,-0.7984280586242676,-4.582657814025879
2323,-1.33213210105896,-7.5451340675354
2324,-0.39255860447883606,3.234816789627075
2325,5.8038458824157715,0.123786561191082
2326,4.052796363830566,-6.707740306854248
2327,4.114422798156738,-4.2602152824401855
2328,-5.440258502960205,-6.5796380043029785
2329,0.9623383283615112,-4.637887477874756
2330,4.597022533416748,-3.975986957550049
2331,1.1318473815917969,-3.6947591304779053
2332,-10.838811874389648,0.6953892111778259
2333,-1.0727667808532715,4.751810073852539
2334,-5.176164627075195,-5.554605484008789
2335,0.6627076864242554,-2.0238475799560547
2336,1.1085584163665771,-1.915548324584961
2337,5.416062831878662,10.093713760375977
2338,-2.7612855434417725,-7.076407432556152
2339,1.9085347652435303,-5.106044292449951
2340,-9.124003410339355,-9.249956130981445
2341,-22.24812889099121,-1.1798712015151978
2342,-15.429539680480957,-7.207508087158203
2343,0.8563663959503174,-3.3155710697174072
2344,4.641910552978516,-6.709203243255615
2345,0.973884105682373,1.2981563806533813
2346,-1.005332112312317,-4.4651689529418945
2347,-0.8252255916595459,3.7451624870300293
2348,5.236204624176025,-5.848479270935059
2349,-5.523487567901611,-5.643507957458496
2350,1.8077888488769531,0.6838494539260864
2351,0.9760116338729858,-0.9863288402557373
2352,-2.3928186893463135,1.063356637954712
2353,-1.698854684829712,-3.1410787105560303
2354,-1.1131081581115723,13.148346900939941
2355,2.5123636722564697,-0.4811690151691437
2356,0.963238000869751,-2.7604966163635254
2357,-1.5242371559143066,-5.578315258026123
2358,0.9926255941390991,-2.628981113433838
2359,-0.6825810670852661,-3.843242883682251
2360,-4.878210544586182,3.70857834815979
2361,-0.8510473966598511,2.9433882236480713
2362,6.693114757537842,-7.951684474945068
2363,-0.47817090153694153,-3.5623297691345215
2364,0.3140239715576172,-1.7531797885894775
2365,-2.283039093017578,2.711836338043213
2366,-1.6702852249145508,-5.2252092361450195
2367,0.5117887258529663,-1.4383389949798584
2368,-2.024341583251953,-4.362562656402588
2369,-2.806983709335327,2.213487148284912
2370,1.2597602605819702,-0.5193794369697571
2371,-5.050098419189453,5.150739669799805
2372,-1.8591666221618652,-5.967189311981201
2373,-14.002555847167969,-4.09631872177124
2374,7.391150951385498,-7.201358318328857
2375,-0.015154033899307251,-1.4869275093078613
2376,6.764993190765381,-5.948057651519775
2377,0.7297167778015137,-2.389409303665161
2378,-15.16926383972168,-6.853549957275391
2379,6.248056411743164,-8.262575149536133
2380,0.8795201778411865,-4.8450608253479
2381,7.378772735595703,-4.428320407867432
2382,-2.405996322631836,-4.775082111358643
2383,-3.4584801197052,3.436955690383911
2384,-1.490515112876892,-2.9611194133758545
2385,1.0773314237594604,-4.6026763916015625
2386,-7.48962926864624,-5.990755558013916
2387,1.28397798538208,-3.799889326095581
2388,2.690535306930542,-1.1102226972579956
2389,-0.5783337354660034,-3.0309388637542725
2390,0.6052340269088745,-4.101183891296387
2391,-11.109010696411133,-6.988911151885986
2392,-0.6290507316589355,-1.5892653465270996
2393,-2.0072851181030273,8.598868370056152
2394,0.5946646928787231,2.1760241985321045
2395,8.402496337890625,7.149878025054932
2396,0.24823617935180664,-1.8577184677124023
2397,0.5955023765563965,3.3460299968719482
2398,5.7519850730896,6.242716312408447
2399,0.18726468086242676,-2.236521005630493
2400,-0.054365046322345734,-0.3155927360057831
2401,0.8785516023635864,-4.855026721954346
2402,-4.781041622161865,3.754018545150757
2403,7.669184684753418,-4.424139499664307
2404,-2.3621585369110107,2.385995388031006
2405,3.966198205947876,13.667136192321777
2406,-0.1415405571460724,-1.9608428478240967
2407,-1.9559520483016968,-2.329791307449341
2408,-2.1721909046173096,-7.596899509429932
2409,3.056556463241577,-4.104768753051758
2410,-6.749782085418701,-5.3210883140563965
2411,3.5963664054870605,-6.003753185272217
2412,8.250938415527344,-8.2775297164917
2413,-3.318532705307007,10.7233247756958
2414,6.951766490936279,-1.1579530239105225
2415,-3.4972548484802246,-9.174077987670898
2416,-7.06176233291626,7.131977081298828
2417,7.370316982269287,-1.3468605279922485
2418,-2.1584250926971436,5.5290446281433105
2419,-1.0743956565856934,-1.5483882427215576
2420,-5.920114040374756,-5.583271503448486
2421,5.727396011352539,-4.3976569175720215
2422,-0.5870414972305298,-0.2810279130935669
2423,0.9563900232315063,-4.90238094329834
2424,1.460676908493042,0.9789400696754456
2425,0.5425944328308105,-1.9918131828308105
2426,-3.481050491333008,11.54648494720459
2427,-2.972996950149536,11.267217636108398
2428,0.6593648195266724,-2.400876998901367
2429,0.9821715354919434,-3.4152307510375977
2430,-1.05214524269104,0.5660112500190735
2431,4.829191207885742,-1.4885214567184448
2432,8.652975082397461,-6.647007942199707
2433,-2.1876142024993896,-5.270149230957031
2434,7.421905994415283,-1.004507064819336
2435,6.896740913391113,3.8903214931488037
2436,-1.5170955657958984,4.073549747467041
2437,0.8187131881713867,-0.31581538915634155
2438,0.5581482648849487,-2.376203775405884
2439,5.903421878814697,-7.886094570159912
2440,-2.8637640476226807,1.5527188777923584
2441,1.2085652351379395,-0.2966195046901703
2442,4.906809329986572,2.9682815074920654
2443,8.511930465698242,-7.124377727508545
2444,0.3211837708950043,-2.649557590484619
2445,-0.32103702425956726,8.433161735534668
2446,0.7208589315414429,-1.8397846221923828
2447,-0.8356072902679443,4.747427463531494
2448,-1.3058257102966309,-4.108071804046631
2449,0.7693537473678589,-5.0080389976501465
2450,-2.0602078437805176,-4.153291702270508
2451,2.5653703212738037,-2.3956196308135986
2452,8.641965866088867,-3.624809503555298
2453,5.60631799697876,-8.207531929016113
2454,0.4977090060710907,-2.4853134155273438
2455,-3.512399435043335,-6.075740814208984
2456,0.20020976662635803,-3.146801710128784
2457,-0.4401377737522125,-1.3624560832977295
2458,2.282905340194702,-5.514254093170166
2459,-3.2344987392425537,1.2730509042739868
2460,9.107288360595703,-6.777777671813965
2461,-0.8609883785247803,3.182831048965454
2462,-0.13778537511825562,-2.4156954288482666
2463,1.3197143077850342,2.018760919570923
2464,-0.8422861099243164,-3.4120919704437256
2465,-0.1647958755493164,0.9228012561798096
2466,-0.1947001814842224,0.4900088310241699
2467,-4.621012210845947,4.97080659866333
2468,-1.8984657526016235,3.5208356380462646
2469,-6.828550815582275,-7.040270805358887
2470,-2.2695796489715576,0.9626314043998718
2471,0.3465607464313507,-1.4946242570877075
2472,9.189224243164062,-8.620257377624512
2473,-0.9653338193893433,3.8770172595977783
2474,-0.03154134750366211,0.6252577304840088
2475,-0.47591596841812134,0.6778010725975037
2476,0.5097931623458862,-1.7401633262634277
2477,5.719290256500244,3.010591983795166
2478,0.5745741128921509,-2.191218852996826
2479,2.1937358379364014,-2.022714376449585
2480,-1.4264190196990967,5.783243656158447
2481,-1.0849412679672241,0.9814041256904602
2482,-1.1671249866485596,3.85117244720459
2483,2.091503381729126,-5.350251197814941
2484,0.7024211883544922,-4.500472068786621
2485,0.6311764717102051,-2.193342924118042
2486,2.850588083267212,-1.5861101150512695
2487,-2.989766836166382,6.659478664398193
2488,-11.620471000671387,-8.257197380065918
2489,-1.2476170063018799,-4.8798909187316895
2490,-0.07139459252357483,-2.372126579284668
2491,-1.778429627418518,-3.078073740005493
2492,-4.819221496582031,-4.239260673522949
2493,0.06587085127830505,-0.3407609462738037
2494,5.977273941040039,-3.6205153465270996
2495,9.23450756072998,-3.3882925510406494
2496,-1.0039496421813965,3.7594830989837646
2497,-0.2347572296857834,-0.5859472751617432
2498,-1.019318699836731,-0.8714463114738464
2499,8.374557495117188,-10.082301139831543
2500,2.856426477432251,-2.636791467666626
2501,-11.579497337341309,-7.907299041748047
2502,0.654289960861206,-3.187777280807495
2503,-13.433537483215332,0.5048391222953796
2504,4.70235538482666,-4.585880756378174
2505,-4.124416351318359,-7.860239505767822
2506,-0.2083345353603363,-3.3055331707000732
2507,-0.11281313747167587,-2.5462591648101807
2508,8.964604377746582,-7.165923595428467
2509,-3.760096788406372,-2.360980987548828
2510,3.858597993850708,-3.053821325302124
2511,-16.73835563659668,-1.086377501487732
2512,5.573060512542725,-2.9214823246002197
2513,-1.0790585279464722,5.88270902633667
2514,-0.9346262216567993,-3.178527593612671
2515,-5.032321453094482,4.985350608825684
2516,-1.1678661108016968,-1.5302603244781494
2517,-1.0006003379821777,2.403231382369995
2518,-0.19675646722316742,-0.9055500626564026
2519,-2.962735414505005,-7.336156845092773
2520,-3.2696375846862793,-3.262608766555786
2521,10.868070602416992,-1.4043958187103271
2522,1.6734317541122437,18.739940643310547
2523,0.6719797849655151,-1.8518943786621094
2524,-4.68784761428833,3.354085683822632
2525,-10.557550430297852,-0.5528743267059326
2526,-0.8855990171432495,-1.5089128017425537
2527,4.3855061531066895,-0.5924904942512512
2528,5.0667724609375,-3.0791115760803223
2529,-10.129999160766602,4.506657123565674
2530,-1.6052402257919312,2.9559032917022705
2531,0.8313612937927246,-2.945744752883911
2532,7.626475811004639,-7.057636260986328
2533,0.5761364698410034,-2.3596951961517334
2534,0.9902528524398804,-0.645172655582428
2535,0.12267756462097168,1.6947901248931885
2536,-1.9656782150268555,6.069365978240967
2537,-10.604049682617188,-7.541442394256592
2538,0.15643325448036194,-1.7668354511260986
2539,-1.3659796714782715,-5.316050052642822
2540,-5.121419429779053,4.173192501068115
2541,0.38966450095176697,2.678596258163452
2542,-1.01023268699646,0.7940352559089661
2543,-1.918130874633789,-4.050196170806885
2544,0.6184663772583008,-1.8484617471694946
2545,1.1512451171875,-0.5423156023025513
2546,-8.784588813781738,-9.441692352294922
2547,7.235598087310791,2.330018997192383
2548,8.798654556274414,-7.360261917114258
2549,-1.0991630554199219,2.372084140777588
2550,0.4454590380191803,-1.611823558807373
2551,0.508713960647583,3.7297980785369873
2552,-2.442817211151123,-5.712795734405518
2553,-1.2643978595733643,1.3655321598052979
2554,3.6554362773895264,-4.461135387420654
2555,-6.212698459625244,-7.437166690826416
2556,-5.816319942474365,7.086893558502197
2557,-4.818354606628418,4.179272174835205
2558,-2.0267553329467773,-7.371523857116699
2559,10.052968978881836,-6.774934768676758
2560,-3.800565481185913,3.2080914974212646
2561,3.2812178134918213,-2.576072931289673
2562,-2.954153060913086,-7.150483131408691
2563,0.9188617467880249,1.596996784210205
2564,-1.5087075233459473,8.042593002319336
2565,1.6813863515853882,-5.097989082336426
2566,-3.080192804336548,10.16247272491455
2567,0.2669113874435425,-1.813788890838623
2568,2.0052497386932373,-3.723421096801758
2569,-1.112095594406128,-1.353083848953247
2570,-9.383718490600586,-8.098250389099121
2571,7.206923961639404,-5.537708759307861
2572,2.8010411262512207,-0.024010024964809418
2573,-1.4760414361953735,-6.635824680328369
2574,0.39159026741981506,-3.500303030014038
2575,-0.7220920324325562,2.8751728534698486
2576,9.440391540527344,5.419644832611084
2577,-1.3190244436264038,4.645832061767578
2578,-0.2905707359313965,-2.840928316116333
2579,-2.2409353256225586,-3.7539684772491455
2580,6.362925052642822,-4.957263469696045
2581,-16.587261199951172,-5.200974941253662
2582,-0.9372351169586182,-3.0205023288726807
2583,0.9218052625656128,-5.105386734008789
2584,-1.7306791543960571,6.508445739746094
2585,-1.817615270614624,2.0166540145874023
2586,-3.7933948040008545,-3.877912759780884
2587,3.2825915813446045,-3.8083415031433105
2588,-2.764305591583252,-8.41507339477539
2589,0.5227047204971313,-1.8814313411712646
2590,6.8632988929748535,-3.71216082572937
2591,-1.5245397090911865,5.66260290145874
2592,-3.735215902328491,1.770533800125122
2593,5.263613224029541,-5.720492362976074
2594,-3.706369638442993,4.219735622406006
2595,3.9377706050872803,-0.20599818229675293
2596,1.5243427753448486,11.012914657592773
2597,4.484107494354248,4.893904209136963
2598,-0.07700644433498383,0.612858772277832
2599,2.055487871170044,-4.9214043617248535
2600,-0.36795419454574585,2.0595414638519287
2601,-4.777678489685059,2.3011298179626465
2602,0.16013243794441223,2.766906976699829
2603,-1.8538217544555664,-7.03855037689209
2604,-1.7159678936004639,3.6398403644561768
2605,-4.758539199829102,7.564900875091553
2606,6.951988697052002,-1.6498304605484009
2607,-1.0604315996170044,4.419783592224121
2608,1.14525306224823,-0.6713706851005554
2609,-3.2371456623077393,7.040675640106201
2610,-4.462496280670166,3.191150188446045
2611,-1.150242567062378,-1.3597235679626465
2612,-3.8121800422668457,-5.498289108276367
2613,6.97747278213501,-3.978513479232788
2614,2.3282885551452637,-4.7527174949646
2615,-1.4165805578231812,-3.0158603191375732
2616,0.9165496826171875,-2.5749709606170654
2617,6.806464672088623,-3.6826469898223877
2618,-2.7924840450286865,-6.297335624694824
2619,-4.006136894226074,2.329686403274536
2620,-3.9870002269744873,-1.6459705829620361
2621,-11.927502632141113,-4.659535884857178
2622,-3.1241679191589355,1.6465784311294556
2623,-0.14136481285095215,-2.0600929260253906
2624,0.48700836300849915,-1.7967584133148193
2625,8.312822341918945,-9.672320365905762
2626,-2.502138376235962,-6.960681915283203
2627,-0.9714150428771973,-3.4430806636810303
2628,0.26102331280708313,-2.6246654987335205
2629,-3.563265800476074,4.156041145324707
2630,1.1123448610305786,1.2748855352401733
2631,1.2525554895401,-0.1697424352169037
2632,-0.9445176124572754,3.424971342086792
2633,-1.4030646085739136,-4.804861545562744
2634,-0.9850888252258301,6.058502674102783
2635,-4.449167251586914,-5.361750602722168
2636,-1.8345415592193604,-4.1326189041137695
2637,-0.7518951892852783,0.8630519509315491
2638,2.13785719871521,-0.7118948101997375
2639,-3.293052911758423,1.665065050125122
2640,-1.1944787502288818,7.673031806945801
2641,5.88612699508667,-9.31037425994873
2642,8.296008110046387,-5.665736675262451
2643,-0.009888827800750732,0.3030463457107544
2644,-2.5182323455810547,-5.677934646606445
2645,10.197785377502441,-7.304342746734619
2646,-7.943516254425049,-8.410229682922363
2647,-1.0195121765136719,0.6838520765304565
2648,-1.0540406703948975,0.21696269512176514
2649,-0.15716031193733215,-1.2770299911499023
2650,8.299863815307617,-4.242125988006592
2651,9.516119956970215,6.825351715087891
2652,0.5008010864257812,-4.234814167022705
2653,-0.6942245960235596,-4.838456153869629
2654,-5.45692777633667,-6.4387526512146
2655,4.232693672180176,-3.2749435901641846
2656,-9.931550979614258,-0.6136265397071838
2657,-0.16332101821899414,1.3540939092636108
2658,6.547250747680664,-2.0119616985321045
2659,8.600311279296875,-6.795572757720947
2660,5.879587173461914,-9.097075462341309
2661,-9.715213775634766,-9.92480182647705
2662,-1.9952243566513062,5.929673671722412
2663,2.02992582321167,-3.771594285964966
2664,-1.0149260759353638,-0.6902178525924683
2665,8.882859230041504,-8.633761405944824
2666,-1.2757893800735474,-8.052192687988281
2667,8.207462310791016,-8.748887062072754
2668,-2.5477354526519775,-6.250309944152832
2669,1.2598308324813843,-0.0612722784280777
2670,-5.459225177764893,6.062557220458984
2671,-0.8817850351333618,3.5772199630737305
2672,-2.2200863361358643,6.934580326080322
2673,5.48479700088501,0.284379780292511
2674,-4.837951183319092,3.244579315185547
2675,0.024984091520309448,-2.607786178588867
2676,2.0926969051361084,-4.517800807952881
2677,0.26494815945625305,-1.7963225841522217
2678,5.639122486114502,-7.2448930740356445
2679,0.11232367157936096,2.292762517929077
2680,-1.951170802116394,7.405291557312012
2681,2.1338021755218506,1.296118140220642
2682,-22.614946365356445,-0.9313146471977234
2683,0.01948504149913788,-1.0177202224731445
2684,0.4820132553577423,-2.137641668319702
2685,8.720211029052734,-7.6230902671813965
2686,0.14632466435432434,-2.123391628265381
2687,-5.841821193695068,11.728665351867676
2688,-0.9365127086639404,-0.051952727138996124
2689,-6.806283473968506,-7.853661060333252
2690,0.8628298044204712,-4.925872802734375
2691,-5.495861530303955,-8.018424987792969
2692,-3.7565500736236572,-7.252925872802734
2693,-2.4993720054626465,-6.846426010131836
2694,-1.9971823692321777,2.1329381465911865
2695,-0.6078507304191589,2.752772569656372
2696,1.0310564041137695,3.533327579498291
2697,-2.387664556503296,-4.595573902130127
2698,-0.6040502786636353,3.489912986755371
2699,0.45662882924079895,-1.4751570224761963
2700,-3.8968961238861084,-6.513035297393799
2701,-2.2868523597717285,4.073540210723877
2702,-20.169591903686523,3.5594520568847656
2703,1.4348523616790771,-3.505772113800049
2704,-11.326828002929688,-8.458842277526855
2705,5.64577579498291,-7.842320919036865
2706,9.579357147216797,-6.52066707611084
2707,4.645068168640137,5.350753307342529
2708,-2.3803679943084717,-5.4365949630737305
2709,-1.9362108707427979,-4.4677605628967285
2710,3.2362523078918457,-3.32293438911438
2711,-3.219325542449951,-8.895393371582031
2712,8.439767837524414,-4.753568172454834
2713,7.64640474319458,-7.414713382720947
2714,-10.830156326293945,-11.053674697875977
2715,2.425671100616455,3.1191887855529785
2716,0.493578165769577,-1.3831915855407715
2717,8.47275447845459,-10.30561351776123
2718,-0.7734290361404419,0.3391973376274109
2719,-1.2601784467697144,-5.325516700744629
2720,-7.674590587615967,-7.786994457244873
2721,-0.8461182117462158,-3.790661573410034
2722,-4.073309421539307,2.9918675422668457
2723,5.2274556159973145,-7.0056281089782715
2724,0.6853712797164917,-2.614281177520752
2725,7.971902370452881,-7.504086971282959
2726,-1.6082983016967773,-4.960693359375
2727,6.87581729888916,-6.675872325897217
2728,10.29557991027832,-5.940357685089111
2729,-4.277158260345459,5.871325969696045
2730,-0.8949823379516602,-4.5164794921875
2731,-0.39107856154441833,-3.606666326522827
2732,0.5690494775772095,3.4690277576446533
2733,-26.134923934936523,6.166061878204346
2734,9.884650230407715,7.26550817489624
2735,-1.9992234706878662,6.678398132324219
2736,2.3618807792663574,-4.3994622230529785
2737,5.56940221786499,-5.479067802429199
2738,-4.035418510437012,-6.656172752380371
2739,4.747748851776123,6.434383869171143
2740,0.41728129982948303,1.4906871318817139
2741,0.805998682975769,-0.5320217609405518
2742,0.8461366891860962,-3.8674890995025635
2743,-1.7244024276733398,8.784085273742676
2744,11.553256034851074,6.332533836364746
2745,-9.520060539245605,-6.640505790710449
2746,0.23903191089630127,-2.352367639541626
2747,1.7039417028427124,-3.0362846851348877
2748,-1.6006865501403809,3.2561304569244385
2749,-5.243342399597168,-5.686977863311768
2750,-2.255650281906128,-6.368961811065674
2751,6.0181145668029785,-6.63250732421875
2752,0.816973090171814,-2.1851348876953125
2753,-1.3528854846954346,1.9884669780731201
2754,-1.0900973081588745,6.9760894775390625
2755,0.9159531593322754,-1.4340920448303223
2756,1.256925344467163,0.5598747134208679
2757,-2.9979333877563477,2.2627623081207275
2758,6.550429821014404,-0.5472455024719238
2759,-1.0157039165496826,0.6651851534843445
2760,2.768575429916382,8.91171932220459
2761,-1.9022921323776245,-3.4364843368530273
2762,5.7168965339660645,-7.965897083282471
2763,-4.41378116607666,5.121563911437988
2764,3.2849295139312744,-5.868692874908447
2765,-0.932766318321228,-0.6363767981529236
2766,4.393405914306641,-7.383664608001709
2767,4.872811794281006,-4.285473823547363
2768,-1.3578195571899414,0.11998062580823898
2769,-3.9087703227996826,5.090602397918701
2770,-7.995790481567383,-7.498725891113281
2771,1.1589562892913818,-4.901876926422119
2772,-1.3560060262680054,4.755753517150879
2773,6.511555194854736,-7.995979309082031
2774,7.857885837554932,-7.0494489669799805
2775,7.333180904388428,-5.8218278884887695
2776,6.305907726287842,-2.039138078689575
2777,6.973062038421631,-7.419543743133545
2778,8.057677268981934,-6.753941059112549
2779,0.5503430366516113,-4.749178409576416
2780,-3.9415042400360107,-10.094070434570312
2781,8.238458633422852,-7.657138824462891
2782,-1.4594848155975342,0.017358295619487762
2783,-23.139860153198242,0.9017190337181091
2784,3.702022075653076,-3.632525682449341
2785,-1.1664677858352661,-3.198261022567749
2786,-2.412519931793213,-5.772180080413818
2787,-1.7088730335235596,-7.824466705322266
2788,-0.08469115197658539,-3.6160991191864014
2789,-3.5440969467163086,8.076128959655762
2790,-2.2111246585845947,4.258167743682861
2791,-2.916987419128418,2.008267641067505
2792,-3.831202745437622,-7.175320625305176
2793,-3.614417552947998,7.876096725463867
2794,9.974286079406738,-5.7831034660339355
2795,-0.8141801357269287,0.9401606917381287
2796,-2.6881070137023926,2.0292742252349854
2797,-2.3137667179107666,1.1119184494018555
2798,-7.050536632537842,-6.7535881996154785
2799,-0.8741718530654907,-1.9606667757034302
2800,-0.1182999461889267,-4.3214616775512695
2801,-52.856727600097656,12.516005516052246
2802,0.16701486706733704,2.029153347015381
2803,0.6710829734802246,-2.7277724742889404
2804,-0.0155087411403656,0.3083193302154541
2805,7.12977933883667,6.252047061920166
2806,5.74432373046875,-6.70979642868042
2807,-0.5689862966537476,-2.5976877212524414
2808,-7.290608882904053,7.428740501403809
2809,-20.44011116027832,8.958227157592773
2810,0.4765072762966156,-3.589557647705078
2811,-4.816431999206543,-8.636651039123535
2812,0.8530093431472778,-4.497482776641846
2813,-1.9989893436431885,-4.029914855957031
2814,-1.0123096704483032,1.2627415657043457
2815,2.7671585083007812,-4.320624351501465
2816,-3.7991209030151367,-2.6493659019470215
2817,-1.2568515539169312,0.8826184868812561
2818,6.373850345611572,-6.257199287414551
2819,-0.9852699041366577,0.21196860074996948
2820,4.804684162139893,-4.900557994842529
2821,-4.7878804206848145,-7.851741790771484
2822,1.887666940689087,-4.430064678192139
2823,0.8822696208953857,-3.37178635597229
2824,6.071640968322754,-7.324400424957275
2825,7.423034191131592,-7.720556735992432
2826,-1.7029060125350952,11.400687217712402
2827,4.652768135070801,-4.128084182739258
2828,-1.5665298700332642,3.923929452896118
2829,5.638976573944092,1.0976496934890747
2830,-4.559520721435547,3.6991755962371826
2831,4.096581935882568,-4.612843036651611
2832,4.003694534301758,-3.1531271934509277
2833,-0.33458155393600464,2.6316463947296143
2834,-5.771228313446045,5.5029401779174805
2835,-1.092034101486206,4.478785991668701
2836,4.799032211303711,-4.45260763168335
2837,0.02993933856487274,0.6261083483695984
2838,-0.8750628232955933,-0.07335621863603592
2839,-1.6893013715744019,4.510824680328369
2840,-3.7030999660491943,-6.3213324546813965
2841,-6.675059795379639,7.841488361358643
2842,-6.635603904724121,6.483654499053955
2843,-0.6556955575942993,2.3305606842041016
2844,0.45309939980506897,-2.27316951751709
2845,-0.15822291374206543,-1.320981502532959
2846,1.4952387809753418,-5.999217987060547
2847,-11.659749984741211,-8.510623931884766
2848,-1.8244901895523071,8.955243110656738
2849,2.5551958084106445,-3.85585880279541
2850,-2.080132007598877,3.7761635780334473
2851,-12.288089752197266,-6.466991901397705
2852,-4.69535493850708,-8.118088722229004
2853,-22.32960319519043,8.736903190612793
2854,0.8960609436035156,-2.2034828662872314
2855,-5.160627365112305,6.07529878616333
2856,-2.7546801567077637,-6.201451778411865
2857,-22.919286727905273,-0.7470372319221497
2858,-6.6296234130859375,-5.2015156745910645
2859,6.485391139984131,-3.823228597640991
2860,-1.6289987564086914,5.608094692230225
2861,1.2997167110443115,-4.0391669273376465
2862,0.32289838790893555,-1.9991378784179688
2863,0.4765057861804962,-1.3673954010009766
2864,-0.00024844706058502197,0.505889892578125
2865,-6.247646331787109,-6.301157474517822
2866,-1.9937931299209595,-9.395379066467285
2867,-2.770033359527588,-6.0593061447143555
2868,0.22041159868240356,1.3954071998596191
2869,0.4137331545352936,-2.3381850719451904
2870,-0.22916993498802185,1.4597622156143188
2871,-2.5705792903900146,10.54683780670166
2872,-18.03543472290039,-7.756621837615967
2873,1.6954351663589478,-5.065490245819092
2874,-1.3279287815093994,-2.944589376449585
2875,5.886753082275391,-3.176069498062134
2876,2.9927871227264404,-3.840827226638794
2877,9.404226303100586,-1.3309996128082275
2878,-0.632468044757843,6.512444972991943
2879,0.4555102288722992,-1.2876769304275513
2880,0.8017553091049194,-2.1655941009521484
2881,1.072277545928955,-1.0770807266235352
2882,0.8463841676712036,-2.4523699283599854
2883,0.24658307433128357,2.7774486541748047
2884,0.38251546025276184,-0.7266557216644287
2885,-2.6036062240600586,-7.060269832611084
2886,1.2122653722763062,-1.8819634914398193
2887,-31.353824615478516,4.924956798553467
2888,1.4820531606674194,0.8995614051818848
2889,-7.699553966522217,11.468260765075684
2890,-9.383596420288086,1.9602627754211426
2891,-8.314791679382324,0.3492359220981598
2892,-10.594779014587402,-2.614496946334839
2893,7.456424713134766,-6.311542987823486
2894,0.4370820224285126,0.5285022854804993
2895,-2.171788454055786,-5.202399730682373
2896,0.9405505657196045,-4.845163345336914
2897,-1.5474822521209717,0.1677446961402893
2898,-7.570735454559326,7.122439384460449
2899,-6.4959940910339355,6.805088520050049
2900,1.1352914571762085,-1.2652168273925781
2901,0.7851940393447876,-1.9136576652526855
2902,0.4759567677974701,-2.004384994506836
2903,-0.8155912160873413,12.866692543029785
2904,-0.1126539409160614,-3.4544460773468018
2905,0.9057990312576294,-3.328704595565796
2906,-0.7400065660476685,4.480700969696045
2907,2.624786615371704,-0.7168795466423035
2908,-0.8222042322158813,-2.4927165508270264
2909,-0.7517681121826172,2.329991579055786
2910,4.623763561248779,3.9141056537628174
2911,0.6150635480880737,-1.8885014057159424
2912,0.3689805567264557,-1.342729091644287
2913,-2.4236462116241455,-6.792915344238281
2914,6.549393653869629,-8.511453628540039
2915,1.8650767803192139,-2.553485870361328
2916,5.675643444061279,-2.3655622005462646
2917,1.1276087760925293,-0.5201957821846008
2918,6.672125339508057,-6.685323238372803
2919,0.9790630340576172,-1.7563929557800293
2920,0.2754063010215759,-2.396970510482788
2921,-2.899014711380005,1.5851666927337646
2922,3.291292905807495,-2.5021369457244873
2923,-1.4836933612823486,1.0879995822906494
2924,-2.245854616165161,5.027666091918945
2925,12.737634658813477,-4.569931507110596
2926,1.1554054021835327,0.9663011431694031
2927,-1.0454891920089722,2.8843119144439697
2928,-1.099076509475708,0.515284538269043
2929,-0.9817836284637451,2.415339469909668
2930,-0.1400665044784546,-1.1284847259521484
2931,-0.310968279838562,-2.9597694873809814
2932,6.526458740234375,-5.289429187774658
2933,0.6884893178939819,-1.9588353633880615
2934,0.3585180342197418,-1.6477181911468506
2935,-7.798562526702881,-8.530855178833008
2936,-0.9736002683639526,-4.907567977905273
2937,-5.326756954193115,-6.995075225830078
2938,0.34057319164276123,-1.4412320852279663
2939,6.325466156005859,-7.830249309539795
2940,-3.2976155281066895,4.019176006317139
2941,-3.9088785648345947,2.330143928527832
2942,-1.2768325805664062,3.996396780014038
2943,-4.456230163574219,5.5913214683532715
2944,1.105907678604126,-2.647404432296753
2945,0.1378505527973175,1.5914418697357178
2946,-1.971165657043457,-7.465151786804199
2947,5.472499370574951,-6.988661289215088
2948,2.902573347091675,-3.220531940460205
2949,-2.160510301589966,5.872148036956787
2950,-0.7931818962097168,4.2199177742004395
2951,2.1606054306030273,-5.234040260314941
2952,-1.853111743927002,5.221845626831055
2953,-0.9402468204498291,4.090617656707764
2954,6.941043376922607,-2.725306987762451
2955,-4.911096096038818,4.377198219299316
2956,4.999210834503174,-7.024130344390869
2957,-1.217668890953064,-0.3530453145503998
2958,9.20865249633789,-9.262490272521973
2959,-1.675582766532898,-4.465120792388916
2960,6.735042572021484,-3.655855894088745
2961,2.5236215591430664,-3.546954393386841
2962,-10.073593139648438,2.701690435409546
2963,-4.868626594543457,-2.5329129695892334
2964,-2.395611524581909,2.9480583667755127
2965,-1.443568229675293,-7.857947826385498
2966,4.836670398712158,2.2551074028015137
2967,6.823133945465088,-5.443045616149902
2968,0.3753221929073334,1.9777686595916748
2969,-1.9012441635131836,-2.6639060974121094
2970,8.600655555725098,-6.870542049407959
2971,-0.6452680826187134,2.3848328590393066
2972,0.3132930397987366,-2.7248852252960205
2973,0.6219737529754639,-0.3245447874069214
2974,-2.4379024505615234,4.726395606994629
2975,0.8373011350631714,-2.35489821434021
2976,-0.25501134991645813,0.32967662811279297
2977,4.857914447784424,-3.2930142879486084
2978,-0.9765619039535522,3.350501775741577
2979,-12.40417194366455,-8.389435768127441
2980,-0.8732119798660278,8.0840425491333
2981,-1.1602137088775635,6.155345439910889
2982,0.4386937916278839,-3.8157284259796143
2983,-1.336707592010498,3.4439709186553955
2984,-0.06801746785640717,0.7529969811439514
2985,0.13851961493492126,-1.7788050174713135
2986,-11.377327919006348,-8.547666549682617
2987,-42.56344985961914,11.598601341247559
2988,-4.5089640617370605,-6.730017185211182
2989,-1.06088125705719,2.8352386951446533
2990,-3.0049893856048584,7.975593090057373
2991,5.248539447784424,-6.958254337310791
2992,3.1916074752807617,0.5423373579978943
2993,-3.993844747543335,-6.251630783081055
2994,-5.105396270751953,-5.906698703765869
2995,1.2282030582427979,0.8337820172309875
2996,-2.295199155807495,-4.9538655281066895
2997,-0.7850176095962524,1.7233102321624756
2998,9.52113151550293,-8.677361488342285
2999,-0.6606787443161011,2.34846830368042
3000,-1.0506954193115234,2.9084339141845703
3001,1.195851445198059,-0.3758695125579834
3002,0.39782580733299255,-2.421786069869995
3003,2.6036770343780518,-0.5095615983009338
3004,2.4539496898651123,-2.7123987674713135
3005,-3.284635066986084,-6.063580513000488
3006,7.633200168609619,7.218423843383789
3007,-2.233224868774414,0.9424185156822205
3008,-1.0102019309997559,5.807588577270508
3009,0.5400853157043457,-2.209261655807495
3010,1.3609305620193481,0.8334943652153015
3011,-11.208076477050781,-10.340587615966797
3012,-0.7841296195983887,2.850220203399658
3013,-2.3779187202453613,-6.212890148162842
3014,-0.8654419183731079,-3.666382074356079
3015,3.5276224613189697,3.613232374191284
3016,-9.236398696899414,-4.2457451820373535
3017,8.942850112915039,7.166470050811768
3018,2.3699047565460205,-1.0045652389526367
3019,1.937817096710205,2.9898593425750732
3020,-3.9277637004852295,-7.968204021453857
3021,5.650588512420654,5.443539142608643
3022,5.298808574676514,-1.8197897672653198
3023,8.515762329101562,-7.950072765350342
3024,11.184804916381836,6.597054958343506
3025,4.868875503540039,-3.695608377456665
3026,8.223164558410645,-9.411961555480957
3027,-7.379025936126709,-6.076277256011963
3028,0.0009219646453857422,0.509265124797821
3029,-0.7017149925231934,3.66115403175354
3030,-0.8458915948867798,-2.8814594745635986
3031,-0.7110549211502075,3.4005544185638428
3032,1.1233539581298828,-5.597249507904053
3033,5.561729431152344,-6.453564167022705
3034,0.5373934507369995,-1.0137218236923218
3035,-3.2310760021209717,-4.134450435638428
3036,-1.779125452041626,1.607791543006897
3037,6.228710174560547,-5.641411781311035
3038,-0.242346853017807,-3.286994218826294
3039,-1.9161239862442017,-4.7826738357543945
3040,1.2876956462860107,0.6775892376899719
3041,1.0479636192321777,-1.482910394668579
3042,3.8694846630096436,-4.536624431610107
3043,-0.9369410276412964,0.3095253109931946
3044,-0.7506537437438965,4.0764336585998535
3045,-1.058111548423767,3.330064535140991
3046,2.919752836227417,4.518295764923096
3047,-1.1479501724243164,4.1347270011901855
3048,-0.2923618257045746,3.2891905307769775
3049,12.630370140075684,-5.6485819816589355
3050,-1.1787755489349365,-3.550307273864746
3051,-5.930388927459717,-9.138442993164062
3052,-1.3693006038665771,5.119583606719971
3053,1.2443186044692993,-5.532504558563232
3054,-0.9910461902618408,-4.530341625213623
3055,0.42360129952430725,-1.6061334609985352
3056,1.1725633144378662,-1.307572841644287
3057,-2.2371342182159424,0.9994109272956848
3058,0.6254622936248779,-2.196852445602417
3059,-0.8860836029052734,2.442688226699829
3060,6.318114757537842,-7.728865146636963
3061,-0.043470680713653564,2.3130104541778564
3062,0.03587411344051361,-1.369213581085205
3063,6.456023693084717,-1.206917405128479
3064,-0.2071499526500702,1.6605305671691895
3065,-1.9073189496994019,-3.578474521636963
3066,-2.990229368209839,-7.145920276641846
3067,1.098738431930542,-1.3115744590759277
3068,-2.200211524963379,3.2057831287384033
3069,9.78290843963623,-7.553046703338623
3070,-2.4745285511016846,4.873565196990967
3071,-0.9923222064971924,4.18127965927124
3072,-2.3899471759796143,-6.975362300872803
3073,1.2820460796356201,-5.239116191864014
3074,-3.7398276329040527,-8.974272727966309
3075,13.231534957885742,-5.958252429962158
3076,-0.4927304685115814,2.363189458847046
3077,-0.485861212015152,-4.421779155731201
3078,-0.7285811901092529,0.5573651194572449
3079,-1.048791766166687,3.058744192123413
3080,1.3150702714920044,-6.108352184295654
3081,-11.056890487670898,-7.535357475280762
3082,-0.3137928545475006,1.3991403579711914
3083,7.509005546569824,-5.813683032989502
3084,-5.00743293762207,5.9017438888549805
3085,5.150391578674316,0.6975491046905518
3086,1.3203784227371216,2.5876848697662354
3087,-1.019134283065796,0.010375313460826874
3088,7.969886302947998,6.0414509773254395
3089,7.406342506408691,-7.279887676239014
3090,10.022683143615723,6.727542877197266
3091,1.3560148477554321,-6.261936664581299
3092,-8.278395652770996,1.5658406019210815
3093,8.599818229675293,-7.018229961395264
3094,3.5503859519958496,4.529113292694092
3095,1.3401663303375244,-2.2913806438446045
3096,0.4268946349620819,-1.2316157817840576
3097,-5.027493000030518,-5.230747699737549
3098,5.204704761505127,-1.091115951538086
3099,2.8012850284576416,-5.1821513175964355
3100,-1.864741563796997,6.435689449310303
3101,-2.7180569171905518,13.132854461669922
3102,-5.795461177825928,-5.256260395050049
3103,-1.2979438304901123,3.4668304920196533
3104,-7.535813331604004,-2.598747968673706
3105,-7.748678684234619,7.953995227813721
3106,1.397386074066162,1.2886507511138916
3107,-8.949284553527832,9.454346656799316
3108,3.9898664951324463,5.068946838378906
3109,1.2806870937347412,1.569761872291565
3110,-0.20858576893806458,-2.2322356700897217
3111,1.1473731994628906,-1.4255497455596924
3112,-5.929356575012207,-6.209644317626953
3113,-1.1199709177017212,4.4975385665893555
3114,6.743661880493164,-1.28730309009552
3115,1.0992554426193237,-0.6750431656837463
3116,-0.43660855293273926,-4.532454013824463
3117,-1.1500712633132935,0.931070864200592
3118,-3.244811773300171,6.239956855773926
3119,-1.4763729572296143,4.1623406410217285
3120,3.0256259441375732,-0.37963855266571045
3121,0.33290600776672363,-2.1375958919525146
3122,-2.1508231163024902,-7.199482440948486
3123,5.116714954376221,1.908798336982727
3124,-1.2361714839935303,-1.406631588935852
3125,0.24530845880508423,-2.171088695526123
3126,2.5242440700531006,-2.2143170833587646
3127,-2.9057469367980957,-7.5780029296875
3128,-0.08240056037902832,0.4701058268547058
3129,1.6670705080032349,-2.4941937923431396
3130,5.185953617095947,-4.680527210235596
3131,0.660842776298523,-2.2934255599975586
3132,-2.0956127643585205,5.198070049285889
3133,0.4878676235675812,-3.3814966678619385
3134,-3.4645464420318604,13.071721076965332
3135,-2.8283751010894775,1.28574538230896
3136,8.922592163085938,-7.492112636566162
3137,-1.3325467109680176,3.238359212875366
3138,-1.967265248298645,-2.6791720390319824
3139,9.196142196655273,-8.196860313415527
3140,1.458005666732788,-0.6183390021324158
3141,-5.976821422576904,-6.164144992828369
3142,7.606431484222412,-11.143302917480469
3143,1.1868095397949219,1.0733864307403564
3144,-2.414612054824829,-6.7707905769348145
3145,-1.170924186706543,11.501439094543457
3146,0.7848862409591675,-3.6538820266723633
3147,10.870105743408203,-7.62431526184082
3148,-17.33826446533203,8.33596134185791
3149,7.477080821990967,-7.641415119171143
3150,-1.547969102859497,-4.032238960266113
3151,-5.849429607391357,6.1565260887146
3152,-0.2729474902153015,2.6961355209350586
3153,2.4774394035339355,-0.13844627141952515
3154,3.9247796535491943,-3.3527307510375977
3155,-7.034986972808838,-0.08829475194215775
3156,-3.3720977306365967,-4.182905197143555
3157,3.181579351425171,3.714618444442749
3158,-2.5144174098968506,0.6314863562583923
3159,-2.2502286434173584,-6.125294208526611
3160,-11.187946319580078,1.813590168952942
3161,5.344563007354736,-3.0380403995513916
3162,-1.9966509342193604,-5.237818241119385
3163,5.313648700714111,-5.400792598724365
3164,3.3521969318389893,-4.113624572753906
3165,-1.786246418952942,2.007524251937866
3166,-2.5801515579223633,4.868642330169678
3167,-2.9975650310516357,-7.92152738571167
3168,-15.64877700805664,0.02024870365858078
3169,1.133927583694458,-1.334606647491455
3170,-0.97678542137146,4.3600664138793945
3171,1.0317357778549194,-5.158475875854492
3172,-1.5758872032165527,-2.1214513778686523
3173,-3.698207378387451,-8.649516105651855
3174,3.9249765872955322,-4.585675239562988
3175,0.3903895914554596,-1.6457843780517578
3176,5.79020881652832,-5.511677265167236
3177,1.3701045513153076,-5.736873626708984
3178,0.7363148927688599,-1.873680591583252
3179,0.08333142101764679,0.4946960210800171
3180,2.7125589847564697,-4.786617755889893
3181,-1.4327282905578613,1.001894474029541
3182,0.1843802034854889,2.2745540142059326
3183,-0.4065156579017639,1.136677622795105
3184,-0.8590512275695801,-3.389970064163208
3185,-5.505458354949951,-2.7820966243743896
3186,7.0010576248168945,-8.882624626159668
3187,-7.702157974243164,7.484773635864258
3188,-7.17515230178833,8.657583236694336
3189,6.16593074798584,-6.943790912628174
3190,9.803903579711914,-0.7224705815315247
3191,0.8012940883636475,-5.199099063873291
3192,0.26612982153892517,-1.552016019821167
3193,1.0376510620117188,18.369739532470703
3194,1.56204092502594,-1.6335257291793823
3195,4.18020486831665,1.7726151943206787
3196,0.3431253731250763,-0.9269728064537048
3197,-1.7246417999267578,-7.3010172843933105
3198,-2.580408811569214,8.576706886291504
3199,-16.93751335144043,-0.5918570160865784
3200,-1.3565361499786377,-4.468696117401123
3201,-0.8479399681091309,2.542070150375366
3202,5.872035980224609,10.845342636108398
3203,0.5894652605056763,-2.544743776321411
3204,0.16600742936134338,1.601693868637085
3205,0.7288919687271118,-2.430424451828003
3206,-8.962359428405762,-10.137206077575684
3207,5.624017715454102,-4.390414237976074
3208,-5.850106716156006,6.809727668762207
3209,1.3563263416290283,-3.772773027420044
3210,9.779949188232422,-6.9258856773376465
3211,2.9253952503204346,0.6701335906982422
3212,-10.109798431396484,-4.23969030380249
3213,-15.421395301818848,8.24084758758545
3214,-31.934223175048828,3.880307197570801
3215,0.7237571477890015,-1.5763938426971436
3216,4.447096824645996,3.645723819732666
3217,2.556309938430786,-2.8849806785583496
3218,-11.096036911010742,-4.032676696777344
3219,-4.831597805023193,-7.137364864349365
3220,-0.4518170952796936,2.934765338897705
3221,0.4101393520832062,-2.062459707260132
3222,1.080114722251892,-0.9627337455749512
3223,-1.9653570652008057,-4.430073261260986
3224,-1.3760700225830078,0.3453705906867981
3225,-1.0133742094039917,3.155460834503174
3226,-19.96217155456543,5.0055952072143555
3227,7.343698978424072,-0.7814985513687134
3228,-0.9756371974945068,3.1752803325653076
3229,4.98298978805542,-7.4019880294799805
3230,4.0636796951293945,-2.566741943359375
3231,-11.99146842956543,-6.279075622558594
3232,2.2229835987091064,2.6480565071105957
3233,-7.063992500305176,-3.7049856185913086
3234,-1.95101797580719,-4.285642147064209
3235,4.82654333114624,-5.403688907623291
3236,-0.9881291389465332,0.5507174730300903
3237,-4.32518196105957,4.640583515167236
3238,0.03623664379119873,-2.0307016372680664
3239,5.372941493988037,0.3125811815261841
3240,-10.573823928833008,-1.6196469068527222
3241,-3.0745038986206055,5.429399490356445
3242,-3.1471054553985596,-9.966161727905273
3243,-4.299783229827881,5.680007457733154
3244,-3.1919260025024414,1.4501715898513794
3245,0.3936517536640167,-1.2444136142730713
3246,1.185988426208496,-1.0443449020385742
3247,-2.330493211746216,3.7077791690826416
3248,-16.894643783569336,6.7047810554504395
3249,-15.480794906616211,8.610973358154297
3250,7.200265407562256,-1.3023329973220825
3251,-3.7431869506835938,4.108015537261963
3252,9.739643096923828,3.933950662612915
3253,0.26614412665367126,-1.471877932548523
3254,-2.775331497192383,-8.61941909790039
3255,-0.18752813339233398,-0.3343053162097931
3256,4.111159324645996,-3.2788350582122803
3257,-1.028096079826355,0.3041037917137146
3258,-2.3316736221313477,-6.371126651763916
3259,1.5996527671813965,-4.310359001159668
3260,0.23820337653160095,-3.156097650527954
3261,-5.408291816711426,5.765152931213379
3262,-3.1943202018737793,-6.722893238067627
3263,5.578820705413818,6.609958171844482
3264,-0.6170691251754761,0.822512686252594
3265,0.030184924602508545,0.3178584575653076
3266,2.158345937728882,-4.022604465484619
3267,-5.297684192657471,3.5233755111694336
3268,-3.661473274230957,-9.617533683776855
3269,-9.364925384521484,-5.039928913116455
3270,3.5751760005950928,-0.09327773749828339
3271,7.34222936630249,-9.469494819641113
3272,-5.203353404998779,-6.996066570281982
3273,6.999537944793701,-1.4907978773117065
3274,-17.367040634155273,-0.5931388735771179
3275,-6.655120849609375,-10.68209171295166
3276,0.3283529281616211,-1.2794321775436401
3277,-5.246029376983643,5.577789783477783
3278,-2.4505069255828857,-5.6597723960876465
3279,-2.4266340732574463,6.595264911651611
3280,-5.924489498138428,-4.050014495849609
3281,3.050565004348755,-3.118265390396118
3282,-7.643355846405029,-1.1932547092437744
3283,-12.587217330932617,5.321720123291016
3284,-0.7709345817565918,13.107481956481934
3285,-3.8156790733337402,3.5664572715759277
3286,7.997473239898682,-4.425103664398193
3287,7.21755838394165,-4.55756139755249
3288,0.5740960836410522,-2.372814893722534
3289,-2.071209192276001,-4.1883955001831055
3290,-7.118386745452881,-1.2265722751617432
3291,-1.1484520435333252,-0.6311012506484985
3292,-1.2910536527633667,-5.815088272094727
3293,1.8273611068725586,-3.5040886402130127
3294,-1.3486213684082031,7.1326093673706055
3295,-1.8065824508666992,-3.3717732429504395
3296,-1.0340218544006348,1.9270596504211426
3297,0.9941908121109009,-4.236086368560791
3298,6.639249324798584,-4.934142589569092
3299,-0.42621973156929016,7.744818687438965
3300,0.5075874328613281,-1.3399500846862793
3301,-0.3503248691558838,1.7241878509521484
3302,-4.156113624572754,3.718090295791626
3303,4.922499656677246,-8.111967086791992
3304,-1.024046778678894,-1.1353685855865479
3305,0.21873101592063904,-0.3605945110321045
3306,-4.517721652984619,-2.4752466678619385
3307,-2.2516446113586426,0.6345358490943909
3308,-1.9339208602905273,2.8313872814178467
3309,-1.650094985961914,6.68163537979126
3310,-4.189148426055908,3.5930416584014893
3311,5.73540735244751,3.5011794567108154
3312,-0.9087296724319458,2.1192197799682617
3313,-5.664962291717529,-6.979659080505371
3314,-1.1529314517974854,-6.121373176574707
3315,-0.12057524919509888,-0.23270049691200256
3316,-2.8032405376434326,1.6523250341415405
3317,-1.1015604734420776,-0.5786628127098083
3318,-1.309863567352295,5.560173988342285
3319,-0.013718724250793457,0.5630216598510742
3320,9.242301940917969,-8.20337963104248
3321,-5.803618907928467,-8.57625961303711
3322,-13.903812408447266,-12.109655380249023
3323,-5.259703159332275,5.48607873916626
3324,5.334451198577881,3.5012307167053223
3325,1.7975395917892456,-4.775197505950928
3326,1.616323709487915,-0.4916897714138031
3327,3.5209920406341553,-3.774034261703491
3328,-6.205257892608643,6.354833602905273
3329,-0.4384675920009613,1.8358173370361328
3330,0.6233793497085571,-2.769338607788086
3331,0.06150083243846893,0.3329939842224121
3332,-13.896446228027344,-6.38685941696167
3333,-1.1353216171264648,0.5948815941810608
3334,0.6224491596221924,-1.694473385810852
3335,0.4151436388492584,-1.8996644020080566
3336,-9.726400375366211,1.0565086603164673
3337,6.6331586837768555,-0.5394353866577148
3338,-7.6634368896484375,7.34369421005249
3339,-1.754727840423584,-4.010552883148193
3340,0.7004103660583496,-2.0192148685455322
3341,-1.8959029912948608,7.966546535491943
3342,-0.14625626802444458,-0.37684157490730286
3343,8.048751831054688,-7.108717441558838
3344,-0.9064174890518188,2.574855327606201
3345,-1.323067307472229,-0.5092635750770569
3346,-1.222904920578003,0.9147534966468811
3347,-6.821234226226807,-6.4141340255737305
3348,-0.877106785774231,-1.9594547748565674
3349,-3.3722503185272217,1.92194402217865
3350,-0.4152088463306427,-3.33954119682312
3351,-6.838906764984131,-7.04321813583374
3352,4.287975788116455,-1.8884398937225342
3353,4.9903788566589355,-0.7900251150131226
3354,-5.721519470214844,9.668423652648926
3355,-2.1441330909729004,-5.363617420196533
3356,-0.8574639558792114,-0.5707152485847473
3357,-1.2032690048217773,0.40145546197891235
3358,7.430207252502441,6.555004596710205
3359,-21.837953567504883,0.8319869041442871
3360,-2.14245867729187,-5.641290664672852
3361,-5.170924663543701,-9.029884338378906
3362,-0.9927058219909668,-0.8230944275856018
3363,-2.3170015811920166,5.802687168121338
3364,-0.8945251703262329,-0.7732694745063782
3365,6.976363658905029,-0.2759020924568176
3366,2.5301005840301514,4.08208703994751
3367,0.9198626279830933,-5.060483455657959
3368,7.483920574188232,-4.5069804191589355
3369,0.9593117237091064,-1.924238681793213
3370,8.661088943481445,-5.585421085357666
3371,7.383298397064209,-6.309000015258789
3372,5.749380588531494,-2.1873083114624023
3373,1.019897699356079,-1.2955729961395264
3374,4.6883721351623535,-7.640631198883057
3375,6.446872711181641,-4.356367588043213
3376,0.515450119972229,0.5241812467575073
3377,-1.3384110927581787,-5.010405540466309
3378,0.5597124099731445,-1.4775469303131104
3379,5.928919315338135,-6.80822229385376
3380,7.722829818725586,-1.8339675664901733
3381,2.432962417602539,-3.6097848415374756
3382,0.934562087059021,-2.405193567276001
3383,4.217713832855225,-2.388812303543091
3384,-0.7901942729949951,3.1769754886627197
3385,1.5430400371551514,-1.0097984075546265
3386,-1.0453190803527832,-1.8431564569473267
3387,1.3484259843826294,-2.0180609226226807
3388,3.7795417308807373,1.4580415487289429
3389,4.179014682769775,-2.801926374435425
3390,-6.04260778427124,-7.117708206176758
3391,6.847602844238281,-6.746774673461914
3392,-0.041988641023635864,0.7350749969482422
3393,-1.2928849458694458,2.1507039070129395
3394,-10.46371841430664,-10.411825180053711
3395,0.32274675369262695,-0.8804089426994324
3396,6.057778835296631,-4.824954509735107
3397,0.6197148561477661,-1.9070918560028076
3398,0.5978411436080933,-2.5968005657196045
3399,-4.371464252471924,-1.9446409940719604
3400,0.0657023936510086,-1.9713659286499023
3401,0.061671242117881775,0.6827836632728577
3402,4.162924766540527,3.498286008834839
3403,-5.204845905303955,5.19118070602417
3404,1.203221082687378,0.2299596071243286
3405,-0.09145306050777435,0.8174931406974792
3406,-3.146702766418457,-3.4396002292633057
3407,-1.6087318658828735,1.4578616619110107
3408,0.06663015484809875,-2.2727439403533936
3409,-1.2740103006362915,13.479787826538086
3410,-3.900291681289673,-9.203031539916992
3411,-7.999866008758545,-5.678696632385254
3412,-2.854536771774292,7.208576679229736
3413,-0.3506150543689728,3.9032742977142334
3414,-1.4159027338027954,-4.056758880615234
3415,9.141836166381836,7.40341854095459
3416,-9.645805358886719,5.97130012512207
3417,1.0537846088409424,-2.0201973915100098
3418,-17.44572639465332,0.4263698160648346
3419,4.889734745025635,3.029906749725342
3420,-9.092836380004883,-9.24442195892334
3421,7.652924060821533,-1.0740537643432617
3422,1.750826358795166,-1.5117626190185547
3423,1.8549563884735107,16.861364364624023
3424,-1.8945608139038086,-6.631259441375732
3425,-3.6992995738983154,2.7041351795196533
3426,-3.836317300796509,6.1465373039245605
3427,0.022339269518852234,0.4304056763648987
3428,6.589929103851318,-6.0980353355407715
3429,0.9397034645080566,1.3412179946899414
3430,-2.0109527111053467,-4.510409355163574
3431,1.1459596157073975,-4.451718330383301
3432,3.4069104194641113,4.473198413848877
3433,0.9494665861129761,-2.6987388134002686
3434,-2.597025156021118,6.030980587005615
3435,-2.3363194465637207,3.159191608428955
3436,3.1427624225616455,-2.7039315700531006
3437,-2.560242176055908,6.570619583129883
3438,0.4661922752857208,-1.7071409225463867
3439,7.150193691253662,-1.3773493766784668
3440,0.7047626972198486,-4.785722255706787
3441,0.43200555443763733,1.4508497714996338
3442,-6.916909694671631,7.690662860870361
3443,4.8919291496276855,-6.973257541656494
3444,6.229858875274658,-7.553883075714111
3445,5.595224857330322,1.0007474422454834
3446,-1.6732773780822754,4.24292516708374
3447,8.775850296020508,-7.1816086769104
3448,-3.7536675930023193,3.902212381362915
3449,6.436816692352295,-1.2654712200164795
3450,3.034728765487671,-2.9472110271453857
3451,-0.7707695960998535,-3.0762312412261963
3452,8.99593734741211,-6.284769058227539
3453,0.5853404998779297,-1.8719477653503418
3454,0.3959609568119049,-1.2439637184143066
3455,1.363420009613037,0.9194436073303223
3456,-0.8621267080307007,2.6086208820343018
3457,10.399450302124023,-9.30628490447998
3458,1.4902772903442383,-1.9425010681152344
3459,-1.8700124025344849,-3.9729576110839844
3460,0.05132433772087097,0.4627477526664734
3461,-3.571451425552368,-8.14097785949707
3462,5.509434223175049,-6.801992416381836
3463,2.3861775398254395,-0.3353305459022522
3464,0.9816267490386963,-5.47511100769043
3465,2.958828926086426,-3.09967303276062
3466,-0.5553536415100098,2.832791566848755
3467,-3.3329200744628906,1.7650623321533203
3468,-2.9900319576263428,1.332783579826355
3469,0.5219792127609253,-1.5266422033309937
3470,-7.244446277618408,-2.4593002796173096
3471,2.20833420753479,-2.8976778984069824
3472,5.705148220062256,-6.13989782333374
3473,-1.9498441219329834,-5.029125690460205
3474,1.5392229557037354,0.9635915160179138
3475,-1.733388066291809,-2.6854770183563232
3476,-1.1128835678100586,-0.5060172080993652
3477,6.283204555511475,-1.1641960144042969
3478,-3.110886335372925,7.2394843101501465
3479,1.3328416347503662,-0.19449514150619507
3480,1.6020139455795288,-5.8098015785217285
3481,-1.7330515384674072,8.100363731384277
3482,-3.957991361618042,3.688938617706299
3483,9.938688278198242,-8.346266746520996
3484,-1.2988474369049072,11.95251750946045
3485,6.631938934326172,-7.017083168029785
3486,3.108224630355835,-4.10873556137085
3487,7.682423114776611,7.208240509033203
3488,-4.387655258178711,5.086677551269531
3489,-4.198820114135742,3.284189462661743
3490,1.0971511602401733,-1.189959168434143
3491,0.02475234866142273,2.0941925048828125
3492,1.2458080053329468,-0.5406407713890076
3493,-2.5290911197662354,4.584456920623779
3494,-4.3661789894104,5.502615451812744
3495,-3.583054780960083,2.7654361724853516
3496,-13.29159927368164,-3.9116737842559814
3497,0.1508079469203949,0.5597410798072815
3498,-2.4629900455474854,-5.03280782699585
3499,-1.8950533866882324,2.017831802368164
3500,-7.020085334777832,8.160518646240234
3501,-4.097116470336914,5.783995151519775
3502,0.05904366075992584,0.3828590512275696
3503,-5.897658824920654,-5.545636177062988
3504,-13.732152938842773,7.101080894470215
3505,-0.88800048828125,0.349781334400177
3506,4.818390846252441,-3.9705231189727783
3507,2.9832046031951904,-3.341588258743286
3508,2.123549222946167,2.1203110218048096
3509,-6.989200592041016,7.429938793182373
3510,-4.018555641174316,-1.893794059753418
3511,-0.6214650869369507,-0.18875157833099365
3512,-12.409406661987305,-8.962544441223145
3513,5.762974262237549,-3.970536708831787
3514,-0.46148681640625,3.040674924850464
3515,4.908664226531982,1.732469081878662
3516,1.4628387689590454,-4.956071853637695
3517,6.53004789352417,11.512120246887207
3518,7.314127445220947,-1.612532377243042
3519,-4.58834171295166,5.4349751472473145
3520,-1.235534906387329,0.9191768765449524
3521,6.009513854980469,8.42855167388916
3522,6.840046405792236,1.6102919578552246
3523,-0.9792853593826294,0.5632953643798828
3524,0.5480505228042603,0.9502168297767639
3525,1.6568560600280762,-1.0870417356491089
3526,-2.011507511138916,5.478097438812256
3527,3.09181809425354,-3.433656692504883
3528,-0.662929892539978,0.04882972687482834
3529,-0.9662359952926636,-2.299752712249756
3530,-1.3931611776351929,-7.652635097503662
3531,-5.293349266052246,-9.316365242004395
3532,-1.2777299880981445,-1.4914242029190063
3533,0.8829176425933838,-5.020081996917725
3534,-3.158482789993286,-6.554251194000244
3535,7.7994256019592285,-0.033928580582141876
3536,-1.103910207748413,3.4919116497039795
3537,-5.684577465057373,6.9509148597717285
3538,-2.142878293991089,-4.681861400604248
3539,1.334072232246399,-1.6661593914031982
3540,-5.282992839813232,4.545162200927734
3541,-3.3753902912139893,1.6583809852600098
3542,-0.034101471304893494,3.979346990585327
3543,-3.614497661590576,-10.573426246643066
3544,-13.52796459197998,2.0224521160125732
3545,3.535130739212036,-2.2431812286376953
3546,10.401254653930664,-4.539613723754883
3547,-6.242844104766846,6.346372604370117
3548,0.4096757471561432,-1.6175503730773926
3549,-1.4909939765930176,7.6021504402160645
3550,-14.022346496582031,-6.064544677734375
3551,7.390725612640381,-7.795630931854248
3552,-1.4503428936004639,4.267624855041504
3553,-24.5643367767334,2.6398983001708984
3554,-21.40532112121582,-0.7741842865943909
3555,-0.9900610446929932,-4.1340532302856445
3556,-6.257065296173096,7.425668716430664
3557,0.22950679063796997,-1.7307155132293701
3558,-6.427774429321289,-1.94023597240448
3559,0.01631002128124237,0.36759406328201294
3560,-1.62942373752594,-7.434817314147949
3561,-4.065028667449951,3.334111452102661
3562,-1.7713451385498047,8.203520774841309
3563,-0.09840214252471924,0.9549204707145691
3564,6.516831874847412,-2.494455337524414
3565,-1.381781816482544,0.9937568306922913
3566,-0.38476625084877014,-0.017519302666187286
3567,-0.35835257172584534,-1.1826801300048828
3568,0.6474100351333618,-5.132567882537842
3569,0.7708694934844971,-1.7163690328598022
3570,-10.255270004272461,-5.282068729400635
3571,0.5076323747634888,-0.8531801700592041
3572,0.01647685468196869,0.9589081406593323
3573,-2.705828905105591,7.747689723968506
3574,-1.3241734504699707,-7.432840347290039
3575,-1.608942985534668,0.026264481246471405
3576,1.676457166671753,-1.9429322481155396
3577,-1.846137285232544,9.148283958435059
3578,-0.46944165229797363,1.5986135005950928
3579,0.61942458152771,-0.14576449990272522
3580,-8.263301849365234,12.167778968811035
3581,0.05485764145851135,-2.790743112564087
3582,-1.2421419620513916,-1.7662127017974854
3583,0.48772552609443665,3.7787485122680664
3584,2.6805355548858643,-4.24672269821167
3585,-6.709834098815918,8.611550331115723
3586,-10.847501754760742,-5.410951137542725
3587,-5.9709343910217285,-5.871102333068848
3588,-7.639825344085693e-05,0.5746825337409973
3589,-14.447578430175781,4.876546382904053
3590,2.5593883991241455,-4.202305316925049
3591,2.210735559463501,-0.9282426238059998
3592,-2.1935579776763916,5.731692790985107
3593,0.5254768133163452,-1.287003755569458
3594,-2.4027936458587646,-4.629504680633545
3595,-0.8415752649307251,0.24348300695419312
3596,-2.69107985496521,-5.249386310577393
3597,-8.817548751831055,0.009163998067378998
3598,-8.12597370147705,-3.300600051879883
3599,1.3151829242706299,-4.592566967010498
3600,-2.2440481185913086,3.1331424713134766
3601,-8.709205627441406,-9.228363990783691
3602,-7.789775371551514,8.178513526916504
3603,-2.5859758853912354,3.1123359203338623
3604,-0.041109293699264526,0.5389387011528015
3605,-3.8069818019866943,2.721890449523926
3606,-8.179607391357422,-2.5997684001922607
3607,4.756286144256592,-2.4497711658477783
3608,-2.2111141681671143,0.881708025932312
3609,-1.9324030876159668,-4.280710220336914
3610,-6.813413619995117,-8.382315635681152
3611,-16.687355041503906,6.244402885437012
3612,-2.2320027351379395,3.587211847305298
3613,-5.6334662437438965,5.884049892425537
3614,10.04604721069336,0.07210319489240646
3615,6.2148895263671875,-7.637609004974365
3616,9.933550834655762,-7.44297456741333
3617,1.0501744747161865,-3.5257680416107178
3618,-7.865750789642334,-7.925933837890625
3619,-1.9105496406555176,6.861967086791992
3620,-3.8492891788482666,3.358083963394165
3621,8.420930862426758,-7.897548198699951
3622,-22.372098922729492,-0.9140509963035583
3623,3.211102247238159,-3.6662042140960693
3624,-0.24193672835826874,-0.6422662138938904
3625,8.89664077758789,-4.887871742248535
3626,-11.79020881652832,-7.324031352996826
3627,-1.6541346311569214,3.5256831645965576
3628,-4.352626800537109,4.410532474517822
3629,-13.013575553894043,8.100626945495605
3630,-3.5286848545074463,2.4554622173309326
3631,-0.910820722579956,3.120753049850464
3632,0.5152362585067749,-1.430712103843689
3633,6.2092976570129395,-5.174942493438721
3634,-0.8394705057144165,-0.8132662177085876
3635,-0.8960838317871094,0.5441935658454895
3636,2.5449140071868896,-2.9457814693450928
3637,-0.57835853099823,-3.2589712142944336
3638,0.88486647605896,-3.1525466442108154
3639,1.8561384677886963,-1.1091349124908447
3640,-4.100468635559082,0.9411953091621399
3641,-6.6899189949035645,-8.069599151611328
3642,-1.1107182502746582,0.004636935889720917
3643,2.98340106010437,0.6871001124382019
3644,-0.9187878370285034,2.071629285812378
3645,-1.5893851518630981,-6.8020710945129395
3646,5.077301979064941,3.7647147178649902
3647,-0.15035611391067505,-1.4426953792572021
3648,0.4465506970882416,-3.1651957035064697
3649,-0.5678005218505859,3.4006645679473877
3650,0.004575848579406738,-4.164938449859619
3651,-2.0594351291656494,4.946345806121826
3652,3.639996290206909,-1.7802886962890625
3653,0.48084118962287903,0.11407750099897385
3654,-2.4194753170013428,-3.3545796871185303
3655,1.6036217212677002,-0.9442124962806702
3656,0.9998400211334229,-0.6967454552650452
3657,-1.4208958148956299,6.1152729988098145
3658,3.906107187271118,4.543727397918701
3659,4.591576099395752,6.1493449211120605
3660,-1.9971013069152832,5.821209907531738
3661,-2.49118971824646,-6.457336902618408
3662,-3.9461286067962646,-1.6386606693267822
3663,4.250511646270752,-5.88184118270874
3664,9.931700706481934,-8.514832496643066
3665,0.5759565830230713,-1.3361696004867554
3666,0.9473774433135986,-3.1824395656585693
3667,0.9606404304504395,-1.2366136312484741
3668,8.079378128051758,-5.380608558654785
3669,0.8158210515975952,1.6271522045135498
3670,5.2124810218811035,-5.043813228607178
3671,1.2001413106918335,1.0542068481445312
3672,6.871469974517822,5.645910739898682
3673,-0.9124892950057983,-0.9839026927947998
3674,-1.865299105644226,4.536872386932373
3675,-0.5475835800170898,-3.2448205947875977
3676,-2.045842409133911,5.69713830947876
3677,-0.4286683201789856,1.9376609325408936
3678,-6.730222225189209,-8.295099258422852
3679,0.05910508334636688,0.40158218145370483
3680,1.7445459365844727,-3.4131529331207275
3681,-12.73054313659668,-6.634506702423096
3682,-1.210349440574646,0.597783625125885
3683,-0.055046290159225464,3.1766159534454346
3684,0.4388739764690399,-1.1729307174682617
3685,-4.313673973083496,-3.8118069171905518
3686,3.224412679672241,-5.512925624847412
3687,-0.5581641793251038,-3.794447898864746
3688,-6.455713748931885,8.324824333190918
3689,-2.0824902057647705,5.624378204345703
3690,4.930914402008057,-5.325377464294434
3691,-0.02239912748336792,-2.648198366165161
3692,0.46108415722846985,-0.7171681523323059
3693,-4.215919494628906,4.450442790985107
3694,-4.001152038574219,5.24583625793457
3695,-8.488396644592285,-8.584700584411621
3696,-0.830593466758728,2.8198697566986084
3697,-4.774784088134766,4.964502334594727
3698,-10.462112426757812,-9.119953155517578
3699,-2.3235113620758057,-6.672728538513184
3700,-2.305983066558838,4.460396766662598
3701,1.7453442811965942,-0.050007179379463196
3702,-1.273909091949463,-0.8058794736862183
3703,-4.497140407562256,-6.055298805236816
3704,3.7578821182250977,1.0211158990859985
3705,-7.523990154266357,-10.910731315612793
3706,-6.560274124145508,-10.473799705505371
3707,-7.526901721954346,-4.824405193328857
3708,-17.5799617767334,8.309630393981934
3709,-5.567455768585205,6.0880446434021
3710,1.084240198135376,-2.6844074726104736
3711,-6.528418064117432,-6.64353084564209
3712,-2.109225273132324,11.45969009399414
3713,5.9363837242126465,-2.2617695331573486
3714,-6.654646396636963,-3.0342135429382324
3715,-1.1284979581832886,4.835377216339111
3716,0.05560341477394104,-2.572307586669922
3717,-0.27846285700798035,1.888563632965088
3718,13.020001411437988,-2.511845827102661
3719,-1.6201741695404053,-2.7930989265441895
3720,0.4186120331287384,-1.7079006433486938
3721,0.4385332763195038,-1.0848164558410645
3722,1.3200221061706543,-6.27968168258667
3723,-5.023464679718018,-5.579009532928467
3724,4.986003398895264,-5.286937236785889
3725,-7.362459659576416,-7.551161766052246
3726,1.2320247888565063,14.832206726074219
3727,-10.072687149047852,-8.427433013916016
3728,-4.114745616912842,3.0900237560272217
3729,-9.689924240112305,-3.5179495811462402
3730,-0.0071221888065338135,0.5826992392539978
3731,-1.35273015499115,2.964590549468994
3732,0.15876400470733643,-2.0443274974823
3733,2.5239005088806152,-3.7735564708709717
3734,-1.1382428407669067,0.8030007481575012
3735,-8.284295082092285,10.257048606872559
3736,-1.0093567371368408,5.006396293640137
3737,1.1518256664276123,-1.0695427656173706
3738,-0.933817982673645,2.521442174911499
3739,1.2617357969284058,-0.734075665473938
3740,-0.005350455641746521,0.4893936514854431
3741,-12.013930320739746,-5.920680999755859
3742,-0.7732752561569214,3.2845146656036377
3743,-3.750824213027954,3.29984450340271
3744,-1.9101516008377075,7.497178077697754
3745,-1.5745139122009277,7.877065181732178
3746,-14.96834945678711,-4.183461666107178
3747,0.27707549929618835,2.149951696395874
3748,-7.372533321380615,-8.166004180908203
3749,1.5241882801055908,0.2467370331287384
3750,-2.8818514347076416,9.319540023803711
3751,-5.701267242431641,-3.062861204147339
3752,1.3189904689788818,-0.1079493835568428
3753,9.71087646484375,-8.786090850830078
3754,-2.2796590328216553,4.345751762390137
3755,-1.9936062097549438,-3.256608009338379
3756,3.070223093032837,13.76136302947998
3757,0.3354533016681671,-1.8217569589614868
3758,-1.5117818117141724,-3.6039321422576904
3759,-1.9504176378250122,-4.920211315155029
3760,-1.3963979482650757,-4.028303623199463
3761,6.218995571136475,-5.538622856140137
3762,0.8418457508087158,-3.0855491161346436
3763,0.15067797899246216,2.552445888519287
3764,-9.325496673583984,-10.719636917114258
3765,10.54249382019043,-0.8086212277412415
3766,-1.0425571203231812,0.14614826440811157
3767,-6.667956829071045,-7.19865608215332
3768,0.794326901435852,-0.9224076867103577
3769,-1.233445405960083,5.637845993041992
3770,2.7129628658294678,15.863382339477539
3771,-2.942227363586426,11.579577445983887
3772,-2.8020198345184326,7.1645917892456055
3773,-9.154304504394531,-5.632394313812256
3774,-7.0626606941223145,-7.601479530334473
3775,-5.669562339782715,-5.84360933303833
3776,-4.5083231925964355,4.76880407333374
3777,-4.384023666381836,-8.6039400100708
3778,6.959049701690674,-7.100255489349365
3779,1.1073957681655884,-3.640045404434204
3780,-16.389253616333008,7.509060382843018
3781,-3.2027504444122314,3.3277409076690674
3782,0.4641033709049225,-2.350630044937134
3783,0.3509216606616974,1.1980148553848267
3784,-1.2229621410369873,4.338129043579102
3785,-0.9237103462219238,-0.7560768723487854
3786,-3.3394370079040527,6.8543901443481445
3787,4.412593364715576,-5.2107415199279785
3788,-0.15735174715518951,0.24596121907234192
3789,-1.2287719249725342,2.4103028774261475
3790,3.6374034881591797,-4.970560550689697
3791,0.1514815390110016,-1.521451711654663
3792,-12.145065307617188,-6.724414825439453
3793,7.364227771759033,4.08922815322876
3794,-2.513697624206543,4.489846229553223
3795,9.711837768554688,4.1211042404174805
3796,-9.433854103088379,-2.775268793106079
3797,5.6344828605651855,-5.703871250152588
3798,-0.3255823254585266,-2.0701181888580322
3799,6.311179161071777,-4.5301384925842285
3800,-0.592758059501648,1.3788564205169678
3801,-6.788356304168701,-0.4908803105354309
3802,7.955264568328857,-4.9572062492370605
3803,-2.285360336303711,6.484387397766113
3804,2.924475908279419,-3.3751657009124756
3805,-1.8976373672485352,0.47547435760498047
3806,-7.2906365394592285,-6.22798490524292
3807,0.71892249584198,0.1371603012084961
3808,9.900223731994629,-5.712003707885742
3809,-17.775484085083008,8.391754150390625
3810,0.532368540763855,-3.9574134349823
3811,-0.3335793614387512,-3.0886971950531006
3812,1.0758204460144043,11.432538032531738
3813,-3.9338858127593994,-2.501614570617676
3814,5.58229398727417,-5.694766521453857
3815,-6.683093547821045,-7.711514949798584
3816,-4.331332683563232,-8.425076484680176
3817,-1.321246862411499,1.3509266376495361
3818,-3.7963099479675293,-10.278529167175293
3819,-12.20718002319336,-5.5559492111206055
3820,0.5112621784210205,1.2934069633483887
3821,-1.152578353881836,0.9401904940605164
3822,0.6890766620635986,0.8333178758621216
3823,4.980684757232666,4.697849273681641
3824,-1.273868203163147,-2.338869571685791
3825,-2.0354838371276855,2.4609310626983643
3826,1.5848312377929688,-4.736839294433594
3827,0.29263147711753845,-1.1193710565567017
3828,-0.950350284576416,10.779038429260254
3829,2.2627663612365723,-2.186772584915161
3830,-4.8328704833984375,-6.9517436027526855
3831,-1.9137194156646729,-1.2618398666381836
3832,-1.5343315601348877,-0.06552428752183914
3833,6.302867412567139,-3.9582841396331787
3834,9.513715744018555,-7.662957668304443
3835,1.2213853597640991,-0.6526090502738953
3836,7.456043720245361,-7.2761549949646
3837,1.4791779518127441,-3.4238076210021973
3838,-1.6773707866668701,-4.652098655700684
3839,-0.18560799956321716,-3.0147476196289062
3840,-2.110027313232422,2.5388922691345215
3841,-8.323513984680176,4.486588954925537
3842,-6.23694372177124,6.042307376861572
3843,-1.684034824371338,4.531057834625244
3844,0.0829889178276062,-2.1156423091888428
3845,-1.4726241827011108,-2.795830488204956
3846,-0.8846484422683716,2.2210114002227783
3847,6.024612903594971,3.249804735183716
3848,-14.77978801727295,-6.929840564727783
3849,-1.912764310836792,-5.534521102905273
3850,0.6623471975326538,-1.405102252960205
3851,-26.15507698059082,3.728523015975952
3852,-6.159546375274658,7.271852016448975
3853,-3.9665634632110596,-4.673913478851318
3854,-0.1087484061717987,2.522836446762085
3855,-8.837099075317383,-3.745507001876831
3856,-16.878061294555664,-5.039747714996338
3857,-5.074710845947266,-9.032024383544922
3858,0.0707569271326065,0.35925257205963135
3859,-5.92643404006958,6.374281406402588
3860,-2.8916258811950684,9.788256645202637
3861,-0.7732388973236084,-0.9089534878730774
3862,-9.175048828125,-10.078329086303711
3863,0.7394309043884277,-5.137901306152344
3864,-10.298490524291992,-7.564604759216309
3865,1.1021708250045776,-1.3539215326309204
3866,-5.407393932342529,-5.492774486541748
3867,-25.790136337280273,0.49615705013275146
3868,4.7550950050354,-4.701545238494873
3869,-10.416342735290527,-7.43585205078125
3870,-3.9504477977752686,-4.312903881072998
3871,1.0525479316711426,-0.48449137806892395
3872,0.25256362557411194,-1.8728998899459839
3873,-1.4553591012954712,-6.5357441902160645
3874,-6.088512897491455,7.452328205108643
3875,9.721012115478516,7.171123027801514
3876,8.233444213867188,-8.500844955444336
3877,-4.99901819229126,6.328794002532959
3878,-6.310316562652588,7.180682182312012
3879,-2.860985040664673,1.5698683261871338
3880,-1.2585551738739014,-1.508122444152832
3881,11.765987396240234,7.802637577056885
3882,-8.319326400756836,-2.4831011295318604
3883,-2.002894639968872,3.6015164852142334
3884,0.9369633197784424,-4.812268257141113
3885,-4.344150066375732,-5.9691386222839355
3886,7.980177402496338,13.65013313293457
3887,-3.2161102294921875,3.3626463413238525
3888,-4.624569892883301,-5.312020778656006
3889,1.0700652599334717,-2.736213445663452
3890,4.018067836761475,-0.2576780617237091
3891,-0.4894130825996399,-3.323240041732788
3892,-3.3894829750061035,3.756195306777954
3893,-0.5022285580635071,-0.7229217886924744
3894,3.9984257221221924,13.949674606323242
3895,1.8366925716400146,-0.6254702806472778
3896,8.788264274597168,-4.867241382598877
3897,-1.6424835920333862,2.1541640758514404
3898,9.035539627075195,-6.001908302307129
3899,-28.46220588684082,3.176685094833374
3900,2.111677646636963,-1.968795657157898
3901,0.5205882787704468,-1.3271291255950928
3902,0.6091418266296387,-2.2996504306793213
3903,-1.9433084726333618,3.006465196609497
3904,-8.852010726928711,9.668534278869629
3905,0.2097555696964264,-2.3898184299468994
3906,-0.49272140860557556,1.66537606716156
3907,4.309915065765381,-5.22022819519043
3908,-1.985016107559204,-5.690049648284912
3909,-21.33551597595215,-0.52446049451828
3910,-4.791237831115723,-5.386880874633789
3911,7.945065021514893,-9.997284889221191
3912,1.3809369802474976,-0.7221097946166992
3913,-9.646324157714844,-1.885455846786499
3914,-3.9886767864227295,3.738772392272949
3915,0.22055703401565552,-2.067491292953491
3916,-0.9688980579376221,-2.890528917312622
3917,2.902719736099243,-3.1217453479766846
3918,9.212656021118164,-7.577294826507568
3919,-12.396960258483887,-5.83859395980835
3920,-6.419700622558594,-2.0575709342956543
3921,-4.148821830749512,3.4798169136047363
3922,1.1556792259216309,0.5786436796188354
3923,-1.233527421951294,0.8642173409461975
3924,-0.6845941543579102,12.667113304138184
3925,3.2947604656219482,-5.590845584869385
3926,-13.886144638061523,6.1687750816345215
3927,-0.5495741963386536,2.3456029891967773
3928,0.6676996946334839,-3.042526960372925
3929,-15.902172088623047,-3.7043774127960205
3930,-3.0933587551116943,-7.1999921798706055
3931,-9.384541511535645,-4.948666572570801
3932,0.9331539869308472,0.9101016521453857
3933,1.0351392030715942,-0.7569471001625061
3934,-2.3551411628723145,-6.511283874511719
3935,10.959454536437988,5.4888763427734375
3936,-1.3883171081542969,-4.531561851501465
3937,1.1068869829177856,1.2922966480255127
3938,1.868743896484375,-4.37959623336792
3939,6.321686267852783,-1.191085934638977
3940,-3.7806313037872314,-7.431232929229736
3941,0.0568469762802124,0.3755149841308594
3942,-2.2643635272979736,-6.326608180999756
3943,6.4225897789001465,-5.153011798858643
3944,-0.030285850167274475,0.648914635181427
3945,-4.469030857086182,3.201136827468872
3946,-10.546828269958496,-2.99703311920166
3947,5.251945972442627,-2.084207773208618
3948,-2.0361039638519287,-3.02107310295105
3949,6.692508220672607,-1.4040255546569824
3950,2.516679525375366,1.8233051300048828
3951,3.6572048664093018,-5.695008754730225
3952,5.398624897003174,-5.694896221160889
3953,1.3802250623703003,4.488448619842529
3954,-9.142480850219727,-3.9402501583099365
3955,-15.812538146972656,6.790346622467041
3956,-9.955924987792969,-10.185149192810059
3957,-8.535218238830566,-8.295866966247559
3958,-19.965726852416992,10.154098510742188
3959,-1.6904761791229248,-8.23912525177002
3960,-3.887932300567627,-3.117779493331909
3961,2.679063558578491,-3.3257057666778564
3962,-0.7420294284820557,13.404677391052246
3963,-3.2121880054473877,-8.231657028198242
3964,-25.832571029663086,6.353140354156494
3965,4.020395278930664,-0.16168907284736633
3966,-3.08487868309021,6.421551704406738
3967,-2.2559256553649902,3.304739475250244
3968,-5.832018852233887,5.896284580230713
3969,-4.910769939422607,-1.525109052658081
3970,-16.506793975830078,7.259920120239258
3971,1.8754429817199707,-5.640791416168213
3972,-7.260805130004883,-7.138037204742432
3973,8.971548080444336,-7.060863971710205
3974,-3.378002405166626,-8.209183692932129
3975,0.31872114539146423,-1.5208158493041992
3976,9.806344985961914,-9.169404983520508
3977,2.466902017593384,-3.929192304611206
3978,-2.4707958698272705,-6.618793964385986
3979,10.120123863220215,-7.682961940765381
3980,7.36188268661499,-9.796133995056152
3981,-6.825079917907715,-4.300778865814209
3982,-1.0157663822174072,-4.095788955688477
3983,-7.77427864074707,-1.6831433773040771
3984,-2.959705352783203,-7.902144432067871
3985,-0.23258429765701294,-2.680659770965576
3986,-1.1122565269470215,2.4490818977355957
3987,-16.907821655273438,8.381086349487305
3988,-1.3376474380493164,3.1988022327423096
3989,-2.53926420211792,-8.57974910736084
3990,0.36688539385795593,-1.9354883432388306
3991,8.401257514953613,-6.586976528167725
3992,-12.506906509399414,7.977810382843018
3993,-3.2621917724609375,1.6587433815002441
3994,-2.5176615715026855,-6.260160446166992
3995,-15.585010528564453,8.567218780517578
3996,-8.529251098632812,-8.396738052368164
3997,1.254372000694275,-0.6090710163116455
3998,0.004646375775337219,0.4976062774658203
3999,-2.7297675609588623,-6.439409255981445
4000,0.1659437119960785,-2.025139570236206
4001,3.2387900352478027,10.644952774047852
4002,-2.185422658920288,-4.614869117736816
4003,1.4017643928527832,-1.4901776313781738
4004,-7.985745906829834,4.507637977600098
4005,6.017613410949707,-5.7294697761535645
4006,2.863107442855835,-4.563560962677002
4007,-13.993541717529297,-10.258709907531738
4008,0.9795684814453125,-5.066187858581543
4009,0.943711519241333,-1.5355556011199951
4010,-18.171632766723633,10.273723602294922
4011,-3.1251299381256104,1.590837001800537
4012,-0.23204512894153595,1.1913429498672485
4013,3.62345290184021,-7.294819355010986
4014,-1.1679085493087769,0.020434610545635223
4015,-0.07666251063346863,-1.7311208248138428
4016,-0.018748104572296143,2.25295352935791
4017,-15.477855682373047,-7.468606472015381
4018,-1.7605457305908203,-3.559774875640869
4019,-10.995400428771973,-10.32596492767334
4020,-2.581616163253784,1.7663354873657227
4021,-1.170372486114502,2.16176176071167
4022,-30.808809280395508,0.40019065141677856
4023,6.112611293792725,6.515427589416504
4024,1.024756669998169,0.7007040977478027
4025,-3.058586835861206,-7.889765739440918
4026,-4.3330254554748535,3.1939542293548584
4027,-4.292580604553223,5.664325714111328
4028,-5.511681079864502,5.643600940704346
4029,-11.870893478393555,-2.816098928451538
4030,-9.742636680603027,-5.08484411239624
4031,-3.029615640640259,-5.700356960296631
4032,12.222484588623047,-5.901681423187256
4033,3.0544180870056152,-3.4256930351257324
4034,0.09443464875221252,-1.8090095520019531
4035,-5.901859760284424,-5.183201313018799
4036,-5.6640214920043945,4.489048480987549
4037,1.1501152515411377,-1.800708293914795
4038,-4.365189075469971,5.212924003601074
4039,1.7607812881469727,-2.0992584228515625
4040,1.0929975509643555,-1.1031560897827148
4041,3.4705655574798584,-3.070272445678711
4042,-17.758407592773438,-5.945700168609619
4043,3.207613229751587,0.35992613434791565
4044,-4.235619068145752,-1.3272273540496826
4045,-3.0532844066619873,-7.134734630584717
4046,-4.204648494720459,3.302980661392212
4047,-4.823058128356934,-6.393496990203857
4048,-3.1507909297943115,1.4941266775131226
4049,7.679211616516113,-3.5177621841430664
4050,5.222278118133545,11.574646949768066
4051,-6.84054708480835,-2.9368021488189697
4052,3.5157806873321533,-0.36315447092056274
4053,1.3069030046463013,8.038864135742188
4054,-1.1711286306381226,5.23827600479126
4055,-3.24275803565979,3.2127034664154053
4056,0.7736966609954834,0.166331946849823
4057,-6.430058479309082,-3.4403419494628906
4058,4.723374366760254,-3.5255391597747803
4059,8.680506706237793,-5.96366024017334
4060,-4.387685298919678,-7.390186786651611
4061,-2.5726218223571777,-7.867692947387695
4062,2.0120997428894043,-2.103297233581543
4063,5.367398262023926,-5.054142475128174
4064,2.5584475994110107,-0.8272601366043091
4065,-6.854940891265869,-8.43790054321289
4066,-2.80674409866333,-6.667905807495117
4067,-1.6890370845794678,-2.557673692703247
4068,0.6546090841293335,9.947322845458984
4069,-2.975269079208374,11.385305404663086
4070,-1.9683754444122314,-4.565258502960205
4071,6.882164001464844,-7.038562774658203
4072,-14.525497436523438,5.295811653137207
4073,-0.9671019315719604,-0.7266772389411926
4074,1.7438329458236694,3.315882444381714
4075,-1.775562047958374,-5.272906303405762
4076,0.27136680483818054,-1.6120195388793945
4077,1.3634588718414307,-1.2426602840423584
4078,4.9832024574279785,0.6720607876777649
4079,-5.587485313415527,-5.01000452041626
4080,-3.3448269367218018,1.861557126045227
4081,-35.81808853149414,6.080585956573486
4082,8.23636531829834,6.347339153289795
4083,-10.60624885559082,-5.479414463043213
4084,-21.049448013305664,9.161779403686523
4085,6.138210296630859,-0.8466998338699341
4086,-13.969095230102539,-3.640186071395874
4087,-3.212622880935669,-1.9018607139587402
4088,9.05424690246582,-9.242034912109375
4089,0.9317723512649536,-5.082309246063232
4090,2.2134182453155518,-2.745607614517212
4091,0.8692575693130493,-3.6544647216796875
4092,-8.516263008117676,-8.978303909301758
4093,-0.09748589992523193,-1.6247107982635498
4094,-0.029293164610862732,-1.1252551078796387
4095,-9.982880592346191,9.766007423400879
4096,3.617032527923584,-5.1485676765441895
4097,5.967618465423584,2.1281015872955322
4098,0.35328391194343567,-2.273616075515747
4099,-0.6985617876052856,2.9304256439208984
4100,4.385143280029297,-0.9369645714759827
4101,0.496666818857193,-1.6307222843170166
4102,1.1927275657653809,0.5710363388061523
4103,-3.6741487979888916,-3.508289098739624
4104,0.672629714012146,16.782249450683594
4105,-6.273804664611816,-4.427823066711426
4106,1.4161176681518555,18.22440528869629
4107,8.156692504882812,-8.070284843444824
4108,-8.760151863098145,11.45352840423584
4109,0.10443657636642456,3.1601955890655518
4110,-3.7739174365997314,10.933371543884277
4111,-8.06315803527832,-10.315753936767578
4112,-4.46039342880249,6.082091808319092
4113,0.451043039560318,-1.7673554420471191
4114,-13.650678634643555,-3.7847371101379395
4115,-1.0546401739120483,3.639962673187256
4116,1.5222474336624146,-3.9038431644439697
4117,10.483255386352539,-9.212495803833008
4118,-1.1682583093643188,2.506517171859741
4119,-4.189511775970459,-3.493100166320801
4120,-20.338905334472656,9.495229721069336
4121,0.3350240886211395,0.836760938167572
4122,0.8470021486282349,-4.8130364418029785
4123,0.5075072050094604,-2.5461432933807373
4124,-4.273726940155029,3.4566009044647217
4125,-0.8452355861663818,0.5340285301208496
4126,-15.561087608337402,8.440155982971191
4127,-0.25613903999328613,-0.46467524766921997
4128,-10.224931716918945,-10.762256622314453
4129,0.6956626176834106,-2.7137749195098877
4130,-3.136162519454956,10.445971488952637
4131,1.0217288732528687,-3.7632763385772705
4132,-4.080414295196533,2.4988210201263428
4133,0.3795042932033539,-0.30469822883605957
4134,-11.854814529418945,-11.293906211853027
4135,-5.151891708374023,-1.3934556245803833
4136,-1.249750018119812,0.5299862027168274
4137,-9.551102638244629,-2.9620940685272217
4138,-9.90566349029541,-4.140869617462158
4139,-8.29690933227539,8.116690635681152
4140,-5.071256160736084,5.838442325592041
4141,5.801318168640137,-5.836219310760498
4142,-1.3440308570861816,1.424079179763794
4143,0.9923152923583984,-4.052037715911865
4144,3.8560945987701416,0.23011425137519836
4145,-3.3749454021453857,2.574284791946411
4146,-0.6655203104019165,-0.9206215143203735
4147,-7.6232008934021,8.839142799377441
4148,-18.372507095336914,8.135367393493652
4149,9.016168594360352,-8.19221019744873
4150,-4.289641857147217,-5.596269607543945
4151,-11.549642562866211,-3.337092161178589
4152,6.56533670425415,-2.1717474460601807
4153,-4.099942207336426,2.922043800354004
4154,-1.0208312273025513,-0.4830588102340698
4155,-0.15122441947460175,1.1557167768478394
4156,-3.4924960136413574,2.335684299468994
4157,0.4645686447620392,-3.6266591548919678
4158,0.3536114990711212,-3.255215883255005
4159,-15.940206527709961,-6.040735721588135
4160,-2.0362350940704346,-4.753486633300781
4161,0.6463085412979126,1.3531681299209595
4162,-2.433414936065674,5.739045143127441
4163,-4.957370758056641,6.702088356018066
4164,-2.353996992111206,6.031122207641602
4165,-13.807920455932617,5.555577278137207
4166,2.07159161567688,-4.233200550079346
4167,-2.903693914413452,-0.843959629535675
4168,-2.504348039627075,-5.911332607269287
4169,-2.409656047821045,10.284255027770996
4170,-0.02744343876838684,0.5019999146461487
4171,-1.745313048362732,9.956927299499512
4172,-0.2291828989982605,1.8746159076690674
4173,-1.0117417573928833,-0.6768175959587097
4174,1.6415681838989258,17.999231338500977
4175,-1.510706901550293,-4.0020318031311035
4176,8.189024925231934,-9.652134895324707
4177,6.276752948760986,6.562591075897217
4178,-13.001432418823242,-4.3105244636535645
4179,-3.0585734844207764,1.699563980102539
4180,5.126511573791504,-2.5381691455841064
4181,1.3684049844741821,-1.5737156867980957
4182,-2.602921724319458,2.760324001312256
4183,-2.768428087234497,11.120622634887695
4184,-2.651059150695801,-6.9113850593566895
4185,3.7766900062561035,-2.8613157272338867
4186,0.40841445326805115,-1.3100658655166626
4187,0.4704229533672333,-2.2782766819000244
4188,0.513465404510498,-3.635188341140747
4189,-1.0971312522888184,-0.694831907749176
4190,-1.4943108558654785,-3.0591492652893066
4191,-1.1902166604995728,-2.6557323932647705
4192,-4.288929462432861,5.332259178161621
4193,-2.616201877593994,-6.247133731842041
4194,11.58376693725586,8.500794410705566
4195,-2.0664381980895996,3.176485538482666
4196,-2.1583895683288574,-6.371809482574463
4197,-2.0802724361419678,10.534123420715332
4198,-15.395727157592773,-5.15917444229126
4199,-3.0690393447875977,3.0876262187957764
4200,-5.568899631500244,-6.020979881286621
4201,-1.9845378398895264,5.588317394256592
4202,-0.3065398931503296,3.559671640396118
4203,-1.6460239887237549,-4.107224464416504
4204,0.8279393911361694,-2.1669390201568604
4205,-1.124633550643921,0.9392779469490051
4206,-7.4292168617248535,10.237722396850586
4207,3.4763991832733154,0.9151131510734558
4208,-2.529496431350708,8.254241943359375
4209,5.412669658660889,6.518181324005127
4210,-12.547719955444336,-6.625433444976807
4211,-0.5427286624908447,2.4578025341033936
4212,-7.4558587074279785,8.175199508666992
4213,0.06752772629261017,-0.34598976373672485
4214,2.0929293632507324,-2.515930414199829
4215,-0.5607421398162842,-3.383897066116333
4216,-0.927733302116394,1.9569737911224365
4217,-3.422985792160034,1.9147685766220093
4218,-3.0494487285614014,-7.782940864562988
4219,-10.255836486816406,-5.053852081298828
4220,-3.131554365158081,2.355323076248169
4221,-3.8038089275360107,2.433023691177368
4222,-7.920449733734131,4.882056713104248
4223,0.46231594681739807,-1.2674384117126465
4224,-1.9858248233795166,6.708227634429932
4225,5.073153972625732,1.6611108779907227
4226,2.9103188514709473,-2.4501426219940186
4227,0.5206862688064575,-2.2268919944763184
4228,1.9020588397979736,-3.6288111209869385
4229,1.4706521034240723,-2.697282075881958
4230,-1.1815094947814941,1.137488603591919
4231,6.472651481628418,5.972123622894287
4232,-3.066023826599121,-7.011183261871338
4233,-3.6585476398468018,-5.458462715148926
4234,-3.1273114681243896,9.365592956542969
4235,-3.1590425968170166,12.180603981018066
4236,0.04006706178188324,0.4564264416694641
4237,-3.9208996295928955,-4.934656143188477
4238,-3.5126373767852783,2.160999059677124
4239,-9.944869995117188,-10.766203880310059
4240,-3.820941209793091,-7.644596099853516
4241,-7.7149224281311035,-9.523317337036133
4242,0.2575434148311615,-1.8060388565063477
4243,-13.324790000915527,-4.072667121887207
4244,0.4943482577800751,-1.8029241561889648
4245,-2.1925394535064697,-7.131851673126221
4246,2.5486180782318115,-2.4861905574798584
4247,1.1468348503112793,-1.5162676572799683
4248,-12.685565948486328,5.351359844207764
4249,-12.567829132080078,-5.208897590637207
4250,3.680068254470825,-6.960254192352295
4251,-2.4190986156463623,6.285388946533203
4252,-3.7744171619415283,-6.084850311279297
4253,1.54679536819458,-3.191572427749634
4254,9.189083099365234,0.456733763217926
4255,-1.3175866603851318,3.9846231937408447
4256,-7.763657093048096,-6.673371315002441
4257,6.529608726501465,2.7147390842437744
4258,4.9193291664123535,-5.868402004241943
4259,-3.3108012676239014,1.6989995241165161
4260,2.947089433670044,-5.162062168121338
4261,-0.04823508858680725,0.681252121925354
4262,1.540635347366333,-0.42109549045562744
4263,-7.398502826690674,8.496376037597656
4264,-5.176997184753418,6.4287309646606445
4265,-9.778916358947754,-0.24155712127685547
4266,-21.2723331451416,-0.6468135714530945
4267,-0.6228988170623779,2.3116040229797363
4268,-0.162664532661438,-0.627670407295227
4269,2.604052782058716,-3.5404481887817383
4270,0.6196455955505371,-1.1783742904663086
4271,0.8425443172454834,-4.7107110023498535
4272,-11.073385238647461,7.243232727050781
4273,2.502612590789795,8.580890655517578
4274,-10.848426818847656,-7.668554306030273
4275,-1.2120177745819092,4.686159133911133
4276,-1.0020220279693604,0.4730303883552551
4277,1.5870553255081177,-4.879100322723389
4278,-10.81821346282959,-4.416482925415039
4279,-0.7200177907943726,-4.066810131072998
4280,1.6111574172973633,-3.0533947944641113
4281,-9.472825050354004,-3.897928476333618
4282,-3.8642454147338867,-3.255924940109253
4283,9.697986602783203,5.851521015167236
4284,-3.787942886352539,-2.4123644828796387
4285,3.3021860122680664,-6.264708042144775
4286,-2.603200674057007,1.2858458757400513
4287,0.7006543874740601,0.0018262192606925964
4288,-5.476750373840332,-6.09981632232666
4289,-0.8920770883560181,4.1414079666137695
4290,0.09587210416793823,-1.1700936555862427
4291,-5.054666519165039,5.633169651031494
4292,-4.872625827789307,3.220451831817627
4293,0.35037413239479065,-1.5378520488739014
4294,-2.792198419570923,-7.011893272399902
4295,0.22419580817222595,0.9172183871269226
4296,-1.0010586977005005,-4.206254005432129
4297,1.3617465496063232,1.4580186605453491
4298,1.579963207244873,2.5337042808532715
4299,-3.011897087097168,-7.773565769195557
4300,1.7347240447998047,-2.609405755996704
4301,-1.346839427947998,9.025818824768066
4302,-3.7785580158233643,2.6475112438201904
4303,5.483911514282227,-3.307901382446289
4304,-4.363521575927734,3.232003688812256
4305,-15.066304206848145,-4.595954895019531
4306,0.891953706741333,-0.7684840559959412
4307,-9.105073928833008,9.119975090026855
4308,-1.1802186965942383,-4.525947570800781
4309,0.5611429214477539,-2.352677345275879
4310,-3.9750397205352783,-4.853081226348877
4311,12.682035446166992,-6.215185165405273
4312,-2.8370487689971924,11.73059368133545
4313,1.793830394744873,2.5285160541534424
4314,-4.820587635040283,5.814356803894043
4315,-0.4212348461151123,1.3082165718078613
4316,-4.352195739746094,-8.723516464233398
4317,-10.693161010742188,-5.055577278137207
4318,4.942946910858154,-2.5872504711151123
4319,-2.1761224269866943,1.7242625951766968
4320,0.37968674302101135,-0.9148082137107849
4321,-1.0592803955078125,0.46336084604263306
4322,-3.2027015686035156,9.817459106445312
4323,0.3505936563014984,-1.8003184795379639
4324,6.756389141082764,1.4118432998657227
4325,-0.09411793947219849,0.8055432438850403
4326,-2.510794162750244,-6.78377628326416
4327,-3.2146832942962646,1.7315330505371094
4328,-2.1293671131134033,-7.517904758453369
4329,-2.05780029296875,-5.601020812988281
4330,1.4095600843429565,-3.3547768592834473
4331,9.717904090881348,-2.1323869228363037
4332,1.1990543603897095,0.65162593126297
4333,-13.97126293182373,-4.547704219818115
4334,3.4776129722595215,-2.124530553817749
4335,-9.245540618896484,-7.316735744476318
4336,-3.285365104675293,2.9856626987457275
4337,-17.151853561401367,-6.148749828338623
4338,-3.9997191429138184,-3.092193126678467
4339,6.531887531280518,-1.1325526237487793
4340,-4.026615619659424,4.761260032653809
4341,-3.694766044616699,9.915417671203613
4342,-6.636573314666748,-5.587862014770508
4343,-17.813013076782227,8.621633529663086
4344,0.9295525550842285,0.8214077353477478
4345,-2.3553895950317383,10.544207572937012
4346,-1.6858185529708862,6.835153579711914
4347,3.327432870864868,-6.819278240203857
4348,-1.0983178615570068,10.846575736999512
4349,0.47047385573387146,-4.4988813400268555
4350,0.9167410135269165,-4.854140758514404
4351,-3.938546895980835,5.121520042419434
4352,6.693315029144287,-2.2758641242980957
4353,1.0995570421218872,-1.3961668014526367
4354,-3.6960437297821045,11.380179405212402
4355,-8.283432006835938,9.041593551635742
4356,2.7430002689361572,-4.31764554977417
4357,-0.3952811062335968,2.185936212539673
4358,-1.2779747247695923,1.1320273876190186
4359,-16.141250610351562,8.547653198242188
4360,-0.9545836448669434,-3.8154444694519043
4361,-0.3845233619213104,-1.1627233028411865
4362,2.949327230453491,-2.334467649459839
4363,-10.013643264770508,-4.007881164550781
4364,-6.27331018447876,9.839122772216797
4365,-11.123050689697266,-4.213724613189697
4366,6.016568660736084,-6.333043575286865
4367,1.1166226863861084,0.552824854850769
4368,2.1790287494659424,-2.5989458560943604
4369,-8.262686729431152,-2.2493629455566406
4370,-2.8847060203552246,-5.582638740539551
4371,-13.37051010131836,-3.9141223430633545
4372,0.9164254665374756,-5.052169322967529
4373,-6.789012908935547,-9.384117126464844
4374,6.170820713043213,-0.8557923436164856
4375,3.3818042278289795,-1.2346625328063965
4376,2.3755013942718506,-4.747213840484619
4377,-20.86723518371582,-1.7320144176483154
4378,0.5083438158035278,-4.282054424285889
4379,12.065988540649414,-3.133201837539673
4380,-0.13836348056793213,0.7184049487113953
4381,9.097166061401367,-7.071138858795166
4382,-5.008876800537109,-11.11466121673584
4383,2.9604361057281494,-5.082099437713623
4384,-1.0976996421813965,0.6752002835273743
4385,9.43002700805664,6.172889232635498
4386,5.86939001083374,-7.252156734466553
4387,-2.1939523220062256,6.902320384979248
4388,6.118075847625732,2.854595899581909
4389,4.201518535614014,0.5967696309089661
4390,-17.400653839111328,-0.9396340250968933
4391,7.0885233879089355,2.563047409057617
4392,-0.07473328709602356,15.854493141174316
4393,-0.7966572046279907,-1.6099060773849487
4394,-2.557929277420044,6.14919900894165
4395,5.135822296142578,0.4166105091571808
4396,6.67914342880249,-6.927572727203369
4397,-9.534975051879883,-2.499634265899658
4398,-4.785466194152832,4.220191478729248
4399,-1.4182413816452026,4.105665683746338
4400,-11.515007019042969,-7.695321559906006
4401,7.5940022468566895,-8.622902870178223
4402,1.0895977020263672,0.3434455394744873
4403,0.623780369758606,-2.3413381576538086
4404,-3.3451483249664307,2.7992422580718994
4405,6.025383949279785,-2.7884066104888916
4406,-7.9353556632995605,-4.19647741317749
4407,-25.830656051635742,2.5407650470733643
4408,10.561178207397461,-7.135012149810791
4409,2.077155828475952,-2.122769594192505
4410,-1.4744343757629395,-3.268768548965454
4411,7.2358832359313965,-1.7473852634429932
4412,-3.4427168369293213,9.202086448669434
4413,-2.1557631492614746,3.206171989440918
4414,-0.09668944776058197,-0.5500054955482483
4415,0.5470267534255981,-3.582531690597534
4416,-1.083175539970398,-0.6279861330986023
4417,5.461275577545166,-5.620737552642822
4418,5.816105365753174,-7.91287088394165
4419,8.672125816345215,-6.30812406539917
4420,0.46846356987953186,-4.034647464752197
4421,1.2680045366287231,-5.445693492889404
4422,-2.9575648307800293,-5.910659313201904
4423,-1.4842594861984253,7.207273960113525
4424,-4.624809741973877,-5.273922920227051
4425,1.0757789611816406,-1.1209442615509033
4426,-5.6926140785217285,6.3484392166137695
4427,1.8987576961517334,-0.46605807542800903
4428,-1.0551040172576904,-1.1623039245605469
4429,-1.041024923324585,1.5943983793258667
4430,-6.571312427520752,-3.208075523376465
4431,2.046391010284424,-4.4823784828186035
4432,9.73299503326416,-6.519193172454834
4433,-6.0844807624816895,-1.9084219932556152
4434,-2.428149938583374,-5.3894829750061035
4435,-5.780890941619873,-7.32149076461792
4436,-6.0878586769104,-2.7044270038604736
4437,-0.9649085998535156,12.669112205505371
4438,2.2322802543640137,-2.465726613998413
4439,2.49837589263916,1.3849849700927734
4440,-2.0551040172576904,9.728161811828613
4441,0.15634343028068542,-1.854548454284668
4442,-3.7177884578704834,2.254277467727661
4443,-0.019901007413864136,0.7860481142997742
4444,0.09370994567871094,2.7508442401885986
4445,-2.007873773574829,11.94513988494873
4446,-3.4399631023406982,-9.60050106048584
4447,1.1810405254364014,1.3255248069763184
4448,3.8827450275421143,13.807866096496582
4449,-1.2857249975204468,3.969820261001587
4450,-1.0023993253707886,2.165907382965088
4451,-10.176095008850098,-6.4784369468688965
4452,-9.333145141601562,-3.0340354442596436
4453,0.22094810009002686,-1.8563191890716553
4454,-0.07706201076507568,0.7553312182426453
4455,-11.81759262084961,-10.974801063537598
4456,0.608569860458374,-1.8571511507034302
4457,-4.664088726043701,-6.669668197631836
4458,-1.7603092193603516,-1.713379144668579
4459,-12.886994361877441,-5.334042072296143
4460,-7.206287860870361,10.669262886047363
4461,-1.7130075693130493,-2.9535231590270996
4462,-1.0437761545181274,0.12869906425476074
4463,5.3928608894348145,-4.097650051116943
4464,-0.9731460809707642,0.6795973181724548
4465,-2.2620627880096436,10.202400207519531
4466,3.869586229324341,-3.647859811782837
4467,-3.054746627807617,1.6725866794586182
4468,-14.499675750732422,-5.791920185089111
4469,-1.8435091972351074,-3.895893096923828
4470,-2.195800542831421,1.1314488649368286
4471,-5.220291614532471,9.33617115020752
4472,1.3755112886428833,-0.11871498823165894
4473,2.021442413330078,-2.699244499206543
4474,2.622990608215332,3.601041555404663
4475,0.05240502953529358,-1.526479959487915
4476,-0.7484023571014404,-0.3673698902130127
4477,6.597504615783691,-2.2447128295898438
4478,-13.839462280273438,-10.054549217224121
4479,2.6058766841888428,17.296062469482422
4480,5.701210021972656,-6.92602014541626
4481,9.10728645324707,3.3661835193634033
4482,-24.662187576293945,9.611807823181152
4483,0.3456663191318512,-1.743142008781433
4484,-0.11663022637367249,1.051666259765625
4485,-1.990244746208191,6.111030101776123
4486,12.452313423156738,7.5589728355407715
4487,-0.3660189211368561,-0.3476424813270569
4488,0.6961458921432495,-4.805392742156982
4489,-2.5185914039611816,-4.557868003845215
4490,-1.0252333879470825,3.294325351715088
4491,-0.8845891952514648,-1.6188459396362305
4492,4.595358848571777,-3.2522411346435547
4493,6.447758197784424,-6.613515377044678
4494,7.508294582366943,6.949404239654541
4495,-3.6181840896606445,-7.731008052825928
4496,9.799703598022461,-7.410089015960693
4497,-4.527395725250244,-3.0493080615997314
4498,-4.176228046417236,-9.79936408996582
4499,-6.87664270401001,7.437748432159424
4500,-6.813531398773193,-8.664668083190918
4501,-2.230501651763916,-6.960747241973877
4502,1.6604413986206055,-5.779269695281982
4503,6.388504505157471,-3.7331454753875732
4504,0.3528529703617096,-1.145506501197815
4505,-1.3104530572891235,3.4188764095306396
4506,6.969942569732666,-6.983534336090088
4507,6.072452068328857,-6.459554195404053
4508,1.7056421041488647,-1.5848369598388672
4509,9.186836242675781,-6.638677597045898
4510,-6.638973712921143,6.922255992889404
4511,0.9319484233856201,-5.20228910446167
4512,-0.509093165397644,12.224915504455566
4513,5.251532077789307,-5.0091633796691895
4514,-7.8602728843688965,-11.832972526550293
4515,5.300550937652588,-3.0076653957366943
4516,1.9469847679138184,1.515303373336792
4517,-14.23127555847168,-6.566333770751953
4518,0.5023735761642456,-2.23415207862854
4519,1.3115923404693604,-1.6692593097686768
4520,9.041143417358398,-9.534419059753418
4521,-0.5298213362693787,0.7536097764968872
4522,1.6393115520477295,-2.3230714797973633
4523,3.0123326778411865,0.8140571713447571
4524,-13.73405647277832,-5.969258785247803
4525,2.1578524112701416,0.8812339305877686
4526,-8.98763370513916,12.572572708129883
4527,-3.7070045471191406,2.250364303588867
4528,-8.242207527160645,0.753947913646698
4529,-8.311819076538086,-5.167916297912598
4530,0.22015860676765442,1.9783275127410889
4531,-0.17570281028747559,1.7772419452667236
4532,-0.7353938817977905,-1.269813895225525
4533,7.276853084564209,-2.2346384525299072
4534,6.773187160491943,-4.444660663604736
4535,-2.422445058822632,3.694451332092285
4536,-2.4409987926483154,-6.068394184112549
4537,-4.6057538986206055,4.260777950286865
4538,-3.679222345352173,-9.196660041809082
4539,-2.233125925064087,-6.1639862060546875
4540,-20.81758689880371,10.196972846984863
4541,-0.6463944911956787,-1.0660208463668823
4542,-3.277160882949829,9.597823143005371
4543,0.789091944694519,-2.609036445617676
4544,-0.7195726633071899,1.72684907913208
4545,-0.7351208925247192,3.0925533771514893
4546,-0.5572240352630615,1.918656826019287
4547,-38.152652740478516,6.994140148162842
4548,-2.5719025135040283,-6.176844596862793
4549,8.479853630065918,6.931584358215332
4550,3.7149994373321533,-6.845107078552246
4551,-3.252366542816162,-8.461946487426758
4552,6.403382778167725,-6.669683456420898
4553,-1.8621816635131836,5.52637243270874
4554,-0.7149415016174316,4.327288627624512
4555,8.914651870727539,-5.020277976989746
4556,-0.16113758087158203,0.8112260103225708
4557,-29.583341598510742,1.3677287101745605
4558,-4.161993503570557,-10.078605651855469
4559,-12.582058906555176,-6.816539764404297
4560,-1.202227234840393,6.948732852935791
4561,-1.4470850229263306,0.7370539307594299
4562,4.457462787628174,5.203404903411865
4563,1.9318006038665771,-5.419332981109619
4564,-2.049652099609375,2.6743669509887695
4565,-10.59903335571289,-10.75916862487793
4566,5.839139938354492,-6.279663562774658
4567,0.8951015472412109,1.065903663635254
4568,-5.113729953765869,-8.596467018127441
4569,-0.5704213380813599,4.3037638664245605
4570,-1.0524996519088745,2.014420747756958
4571,3.194511651992798,-3.705808162689209
4572,3.735219717025757,4.439383029937744
4573,-1.7365862131118774,-3.3263864517211914
4574,2.6957404613494873,-3.985114574432373
4575,-0.728061318397522,-1.0804357528686523
4576,0.4856550991535187,-2.188239336013794
4577,3.9861509799957275,-4.1093926429748535
4578,6.487697124481201,-2.7894723415374756
4579,-0.6002007722854614,2.189969062805176
4580,1.0847731828689575,-3.6391305923461914
4581,3.6560895442962646,-5.859578609466553
4582,-8.571150779724121,-5.4629292488098145
4583,1.5857967138290405,-4.584660053253174
4584,-0.14016225934028625,9.756169319152832
4585,-7.866055011749268,-3.255905866622925
4586,-5.361609935760498,-5.8662943840026855
4587,-4.138776779174805,5.087594509124756
4588,10.04745864868164,-8.711773872375488
4589,-5.502308368682861,5.6249284744262695
4590,-2.350200891494751,-8.281834602355957
4591,-3.055518865585327,8.302104949951172
4592,0.13064709305763245,0.4759729504585266
4593,2.748163938522339,-2.301403284072876
4594,-1.6048623323440552,10.097527503967285
4595,-6.140312194824219,-2.698345184326172
4596,-15.456073760986328,-7.35011625289917
4597,-2.9076125621795654,0.13411426544189453
4598,-6.913269519805908,-2.0974972248077393
4599,2.7425780296325684,-5.083776950836182
4600,-7.222682476043701,-3.5617270469665527
4601,1.6256088018417358,-0.9038292765617371
4602,-21.70220947265625,-0.2701610028743744
4603,4.069619655609131,-2.936044931411743
4604,-1.191516637802124,-3.848710298538208
4605,-0.5915305614471436,-1.4940211772918701
4606,1.197845697402954,-4.025132179260254
4607,1.642402172088623,-1.6120922565460205
4608,-4.3109211921691895,-5.2142415046691895
4609,6.860063076019287,11.707901954650879
4610,-19.792734146118164,10.079826354980469
4611,1.136492133140564,-6.245501518249512
4612,-13.64538860321045,-6.151082515716553
4613,6.792700290679932,0.8068505525588989
4614,-8.934792518615723,-1.7899954319000244
4615,-2.3228952884674072,-6.827453136444092
4616,1.9658854007720947,0.09113303571939468
4617,-17.46319580078125,-1.2013061046600342
4618,-0.6747959852218628,2.778498649597168
4619,6.273828983306885,-6.4137282371521
4620,-9.359216690063477,-4.321377277374268
4621,6.754533290863037,3.400855302810669
4622,-2.462190866470337,-5.501052379608154
4623,1.7751470804214478,1.1903269290924072
4624,-1.13546621799469,0.23229771852493286
4625,-8.720748901367188,-3.267817735671997
4626,-1.4967701435089111,6.300602436065674
4627,-8.15676212310791,-2.4460291862487793
4628,-2.070592164993286,-4.565652370452881
4629,-9.678874969482422,3.1494269371032715
4630,-13.677634239196777,6.9851155281066895
4631,-1.2931621074676514,-3.6812663078308105
4632,-0.7249255180358887,6.301088809967041
4633,-1.2812556028366089,-0.47797632217407227
4634,0.6114799976348877,-3.970505475997925
4635,-4.297584056854248,4.153226852416992
4636,-8.876157760620117,-9.094498634338379
4637,-7.731930255889893,13.107203483581543
4638,-3.440441846847534,8.755036354064941
4639,-0.7661985158920288,3.7829456329345703
4640,-7.904919147491455,-5.038432598114014
4641,-2.1873390674591064,-1.9033571481704712
4642,0.42784222960472107,-4.446216583251953
4643,-12.69580364227295,-6.275950908660889
4644,-12.526557922363281,7.244782447814941
4645,-6.789953708648682,-11.377509117126465
4646,-1.7817946672439575,2.8646531105041504
4647,-4.012944221496582,-10.105483055114746
4648,-1.035508155822754,2.868027925491333
4649,-2.7793338298797607,0.15879476070404053
4650,-4.073948860168457,3.730056047439575
4651,-2.644571304321289,11.185725212097168
4652,-2.6328394412994385,4.96633768081665
4653,-12.648231506347656,8.273110389709473
4654,-3.1474392414093018,3.471169948577881
4655,1.6298753023147583,0.5068162679672241
4656,-0.5346766710281372,2.4191722869873047
4657,-1.232293963432312,1.2170054912567139
4658,-3.3215458393096924,2.083604097366333
4659,7.998631000518799,-6.925388813018799
4660,6.022630214691162,6.123103618621826
4661,8.101863861083984,-6.961711883544922
4662,-2.364123821258545,9.465445518493652
4663,-2.7105300426483154,2.1616733074188232
4664,9.716955184936523,-4.663191795349121
4665,-1.6081384420394897,3.560328960418701
4666,1.6352097988128662,0.007211267948150635
4667,-1.5366976261138916,14.496138572692871
4668,-1.5311421155929565,-3.5157761573791504
4669,-4.116748809814453,3.7368359565734863
4670,-0.6183291077613831,-0.7548426985740662
4671,-5.740800380706787,5.6003289222717285
4672,-0.9436765909194946,-0.19405204057693481
4673,0.1637948751449585,0.8887710571289062
4674,3.058685541152954,15.946297645568848
4675,1.404557704925537,-2.925715684890747
4676,-5.494303226470947,8.564879417419434
4677,3.105742931365967,14.181427955627441
4678,3.504521131515503,-4.628566741943359
4679,-11.7653169631958,-4.353475570678711
4680,2.936962604522705,1.2037899494171143
4681,-35.14231491088867,8.041287422180176
4682,4.390242099761963,-6.598298072814941
4683,3.6164166927337646,-7.090434551239014
4684,7.101711750030518,6.34861421585083
4685,-4.889150142669678,4.812283039093018
4686,-22.8026065826416,-0.663601279258728
4687,-10.782356262207031,-10.528497695922852
4688,-10.203874588012695,-3.3770978450775146
4689,-0.8668442964553833,5.3405303955078125
4690,-0.024818241596221924,0.594565749168396
4691,4.3986592292785645,-4.150278568267822
4692,-0.43348875641822815,-3.775887966156006
4693,-4.765044689178467,6.7537970542907715
4694,4.320953369140625,-7.0980448722839355
4695,-3.957397937774658,2.4009997844696045
4696,3.233208656311035,-2.639177083969116
4697,2.4067587852478027,-0.8634268641471863
4698,6.811741828918457,-7.112066745758057
4699,-3.4623470306396484,-10.227799415588379
4700,-2.68049693107605,-7.759067058563232
4701,-3.4558591842651367,3.4370222091674805
4702,7.06254768371582,-3.959686040878296
4703,-1.8077882528305054,5.363245487213135
4704,-3.9186153411865234,-10.300225257873535
4705,-2.3573904037475586,8.357768058776855
4706,0.04121887683868408,0.4678483009338379
4707,1.5406439304351807,-4.475855350494385
4708,4.336480140686035,6.655895709991455
4709,-8.019089698791504,8.744763374328613
4710,1.8411140441894531,-5.365023136138916
4711,7.066659450531006,-1.0629619359970093
4712,4.743646621704102,-1.8048570156097412
4713,-6.118108749389648,-3.62274432182312
4714,3.556462049484253,-4.631483554840088
4715,-9.87891960144043,-2.653801679611206
4716,0.5137187242507935,1.743180751800537
4717,-1.8341922760009766,3.717122793197632
4718,-2.8475983142852783,1.7649779319763184
4719,0.1521957814693451,-1.8934519290924072
4720,7.514465808868408,-0.6002066135406494
4721,-2.132779121398926,10.544984817504883
4722,-7.812461853027344,8.420982360839844
4723,0.5167272090911865,-2.573606491088867
4724,-5.647991180419922,6.187900543212891
4725,-0.9434798955917358,2.4402053356170654
4726,-0.5861482620239258,-1.1021239757537842
4727,8.339349746704102,4.608401775360107
4728,-2.082911968231201,-3.488189935684204
4729,-3.2721025943756104,1.9417884349822998
4730,-3.074526071548462,1.3726825714111328
4731,-0.922186017036438,-1.949233889579773
4732,8.86294937133789,-5.225640773773193
4733,0.8060665130615234,-2.084700345993042
4734,6.1312031745910645,-5.790201663970947
4735,-2.946349620819092,7.90067720413208
4736,-5.0170416831970215,-11.643933296203613
4737,0.940497875213623,-4.963347911834717
4738,7.004638671875,-1.4488602876663208
4739,-3.328057050704956,3.1697990894317627
4740,-2.7339508533477783,7.521181583404541
4741,2.017582416534424,-0.7819920182228088
4742,-2.3884129524230957,-0.7030515074729919
4743,1.3159741163253784,-0.5357367992401123
4744,-33.1740837097168,3.218670129776001
4745,-3.4716556072235107,1.540574073791504
4746,-0.8274955749511719,2.1738953590393066
4747,-10.48580551147461,-7.778221607208252
4748,6.093575954437256,-5.941157817840576
4749,3.89411997795105,-4.1116943359375
4750,3.6772959232330322,-3.540336847305298
4751,-0.15551400184631348,1.2020233869552612
4752,-3.106579065322876,1.3901023864746094
4753,-2.2010338306427,7.66559362411499
4754,-9.099148750305176,-9.059635162353516
4755,-0.6181929111480713,-3.3998186588287354
4756,0.5129189491271973,-1.9528796672821045
4757,-1.5511242151260376,5.054811954498291
4758,0.6505690813064575,-1.2416309118270874
4759,-7.422412395477295,7.3350443840026855
4760,-1.9994680881500244,-7.398135662078857
4761,-7.771969318389893,-8.906026840209961
4762,-0.2464790940284729,1.0675697326660156
4763,5.54778528213501,-9.276456832885742
4764,-3.6652472019195557,1.1448194980621338
4765,2.5879435539245605,-1.8495643138885498
4766,-0.22122058272361755,9.180459022521973
4767,-1.1710858345031738,0.7845216393470764
4768,-3.0516064167022705,5.392109394073486
4769,1.5101747512817383,-1.3614943027496338
4770,-2.005272388458252,-6.771753787994385
4771,1.7222012281417847,-2.412627935409546
4772,-9.309589385986328,9.40109920501709
4773,-44.70432662963867,7.980632305145264
4774,-2.0994091033935547,0.830815851688385
4775,6.334506034851074,-7.907653331756592
4776,-3.0478556156158447,2.6350443363189697
4777,-1.3457192182540894,-4.237846851348877
4778,-0.6478819847106934,4.043490409851074
4779,9.358438491821289,-5.638473987579346
4780,-2.5289907455444336,4.4644060134887695
4781,1.0527315139770508,10.080348014831543
4782,-2.4875800609588623,1.2113118171691895
4783,-14.158361434936523,-7.157917499542236
4784,-1.5348014831542969,-3.1708643436431885
4785,-1.1557575464248657,0.14501506090164185
4786,-0.14123353362083435,-4.044561862945557
4787,-0.9346144199371338,0.26956743001937866
4788,10.92927074432373,7.150575637817383
4789,-2.352372169494629,-6.21802282333374
4790,7.204137325286865,-8.69552230834961
4791,-5.976786136627197,-2.606004476547241
4792,-7.589630603790283,7.055064678192139
4793,3.518613576889038,-2.957942008972168
4794,4.19839334487915,-4.363984107971191
4795,-1.2742998600006104,4.341944694519043
4796,-3.044907808303833,11.906950950622559
4797,-17.036314010620117,8.278066635131836
4798,-0.783583402633667,12.198580741882324
4799,1.912513017654419,-4.322878360748291
4800,-0.18797054886817932,3.0439071655273438
4801,2.9826467037200928,-4.837239742279053
4802,8.337675094604492,-8.249865531921387
4803,0.1773630678653717,2.083646774291992
4804,1.150728702545166,-4.395740509033203
4805,-9.471906661987305,-5.557310581207275
4806,-1.8253273963928223,9.187750816345215
4807,-1.1623259782791138,1.0250706672668457
4808,-10.003376960754395,-9.855883598327637
4809,1.58135986328125,-3.4218928813934326
4810,-2.862973928451538,1.3345685005187988
4811,-17.208208084106445,7.736649990081787
4812,0.9719835519790649,-2.2030389308929443
4813,4.522563457489014,-4.707923412322998
4814,4.40313196182251,10.69751262664795
4815,-5.230127811431885,6.390849590301514
4816,-1.8481229543685913,2.2904648780822754
4817,0.07172726094722748,0.41353559494018555
4818,-1.395970106124878,0.7065560221672058
4819,1.374526023864746,1.518895149230957
4820,-6.0343499183654785,6.8646111488342285
4821,-27.39510154724121,6.4937825202941895
4822,-0.7169792652130127,0.8188726305961609
4823,-10.971569061279297,-1.05087411403656
4824,0.020139798521995544,-0.050927914679050446
4825,-8.046333312988281,8.701603889465332
4826,1.233060598373413,-0.5386714339256287
4827,-18.900083541870117,-1.1937098503112793
4828,-6.498342037200928,-7.944839000701904
4829,-7.173132419586182,-3.8649847507476807
4830,-0.9148027896881104,4.0295090675354
4831,-3.0138981342315674,3.0204055309295654
4832,0.435573011636734,-1.1815667152404785
4833,-5.777383327484131,9.595988273620605
4834,9.452836990356445,-7.550398349761963
4835,-11.867095947265625,7.48154878616333
4836,2.0139405727386475,-4.338860034942627
4837,9.93543529510498,-5.892884731292725
4838,0.40321776270866394,-1.2644462585449219
4839,-1.2700728178024292,3.27095890045166
4840,3.454711675643921,-3.955993413925171
4841,-4.054040431976318,4.102939128875732
4842,-1.0263464450836182,5.122979164123535
4843,-2.5846915245056152,8.448554992675781
4844,6.088097095489502,-5.403383731842041
4845,1.5176665782928467,2.6467907428741455
4846,5.3634772300720215,-7.638883113861084
4847,-1.9521989822387695,5.1452956199646
4848,6.664966106414795,-4.182697772979736
4849,3.3471152782440186,-0.45372694730758667
4850,-5.215362071990967,-5.771910190582275
4851,-1.2913682460784912,7.7933502197265625
4852,0.219451904296875,2.864816665649414
4853,-6.3975019454956055,6.740997314453125
4854,9.821880340576172,-9.087890625
4855,0.790438175201416,-0.006739869713783264
4856,-0.4028814435005188,-0.16605046391487122
4857,3.5883889198303223,-3.2887918949127197
4858,5.438232898712158,-7.022042751312256
4859,-4.8047003746032715,-3.2838191986083984
4860,0.09089960157871246,0.33736464381217957
4861,-6.649162292480469,-2.7971794605255127
4862,0.9043774604797363,-0.9536169767379761
4863,-0.28019091486930847,1.6737205982208252
4864,-2.90213942527771,-7.709000110626221
4865,-0.031154528260231018,0.5934067964553833
4866,-4.2906174659729,2.83868408203125
4867,0.11144819855690002,-1.170822262763977
4868,-9.310476303100586,-3.398407220840454
4869,-2.7113616466522217,0.1943640112876892
4870,4.458037853240967,0.3168288767337799
4871,0.04918181896209717,0.4162210524082184
4872,0.5318293571472168,-2.8227641582489014
4873,-3.861361265182495,-7.682097911834717
4874,1.091963291168213,-1.715925693511963
4875,-1.2748372554779053,0.42676395177841187
4876,2.2229931354522705,-1.2221075296401978
4877,0.410318523645401,6.045100688934326
4878,0.939276933670044,-1.8771958351135254
4879,5.434203624725342,-4.241760730743408
4880,1.3198803663253784,-1.9587669372558594
4881,-1.222839593887329,4.341423988342285
4882,0.6006239652633667,1.763390064239502
4883,-2.064148426055908,6.454146862030029
4884,-5.7807159423828125,6.296643257141113
4885,-7.555163860321045,-8.11355209350586
4886,-1.3916000127792358,-5.279961109161377
4887,-1.7236969470977783,2.340463161468506
4888,5.396780490875244,4.136417388916016
4889,-0.1225338876247406,12.177626609802246
4890,1.228644847869873,-3.7673895359039307
4891,-9.32403564453125,-9.652770042419434
4892,4.047159194946289,0.29272395372390747
4893,-10.29457950592041,6.513514995574951
4894,-5.406060218811035,-3.6054999828338623
4895,3.169834613800049,-1.087896466255188
4896,-0.695219874382019,3.586886167526245
4897,4.987183570861816,-5.39609432220459
4898,5.378231525421143,-5.560835361480713
4899,-1.5849932432174683,-4.2351202964782715
4900,-11.742307662963867,-7.415882587432861
4901,-0.05738762021064758,0.7779521346092224
4902,0.8421546220779419,0.2373688817024231
4903,-0.8464913368225098,3.570892810821533
4904,3.0096352100372314,-4.726190090179443
4905,-1.924171805381775,2.777134656906128
4906,-0.022471964359283447,0.45298880338668823
4907,-1.9456791877746582,0.5455185770988464
4908,0.6735314130783081,1.7314379215240479
4909,-9.607443809509277,-7.639123439788818
4910,-11.721755981445312,-11.217166900634766
4911,0.0023507624864578247,-0.3294851779937744
4912,-15.372626304626465,9.903382301330566
4913,2.7816128730773926,0.9046192765235901
4914,-1.5627762079238892,4.224517345428467
4915,-8.566396713256836,-5.906687259674072
4916,-11.8583984375,-8.52075481414795
4917,-43.42141342163086,8.680232048034668
4918,-2.0222983360290527,4.96750020980835
4919,-3.005303144454956,0.25690168142318726
4920,0.463727742433548,4.201959133148193
4921,1.7945077419281006,0.08125104755163193
4922,9.797606468200684,-3.7341511249542236
4923,-3.7364041805267334,-8.621236801147461
4924,3.832397222518921,-2.9830586910247803
4925,-2.0629260540008545,-7.220589637756348
4926,-0.20464985072612762,-0.7521761059761047
4927,-1.718122124671936,6.749204158782959
4928,8.095580101013184,-7.528117656707764
4929,-3.2395734786987305,-9.078107833862305
4930,-10.223095893859863,-3.569371461868286
4931,-0.3447697162628174,1.757655143737793
4932,-10.004646301269531,-3.468700408935547
4933,-3.9403443336486816,-1.5575344562530518
4934,1.1598711013793945,1.4086294174194336
4935,4.657379150390625,-1.7136294841766357
4936,2.51271390914917,16.34996223449707
4937,-3.8669044971466064,4.011378288269043
4938,-11.947845458984375,3.062533140182495
4939,0.8961125612258911,-3.1079235076904297
4940,5.292868614196777,-4.230066776275635
4941,-7.479158878326416,-3.672645330429077
4942,1.0169422626495361,-1.8557579517364502
4943,-0.8011084794998169,2.9721531867980957
4944,-5.7753682136535645,11.618033409118652
4945,-6.059213161468506,11.154248237609863
4946,-6.422670841217041,9.154720306396484
4947,4.527270793914795,-3.7865946292877197
4948,0.6782493591308594,-4.461488723754883
4949,-2.931309700012207,9.913941383361816
4950,0.09621700644493103,3.330435037612915
4951,7.844298839569092,-9.543108940124512
4952,-0.8640958070755005,0.73090660572052
4953,-2.516977071762085,-9.061556816101074
4954,-7.470896244049072,-7.291936874389648
4955,-1.3957754373550415,-3.673823595046997
4956,-2.3682491779327393,9.21230411529541
4957,-0.7518671751022339,1.95283842086792
4958,0.01079028844833374,0.5444904565811157
4959,1.4611178636550903,-4.516623020172119
4960,-2.1746442317962646,-2.9998838901519775
4961,2.2800633907318115,-1.0428292751312256
4962,-4.625837326049805,-3.6128668785095215
4963,-10.565095901489258,6.4052348136901855
4964,11.455475807189941,-4.620509624481201
4965,-13.174083709716797,4.650071620941162
4966,0.32155099511146545,3.9207239151000977
4967,-2.8015785217285156,-7.376242637634277
4968,-13.45179557800293,-9.829345703125
4969,6.046923637390137,-7.019198894500732
4970,0.8117886781692505,-2.841787815093994
4971,8.649947166442871,-6.405521392822266
4972,-0.0311802476644516,-0.5118668675422668
4973,-14.16747760772705,-4.385137557983398
4974,0.6806354522705078,-1.7837741374969482
4975,4.1231207847595215,2.625452756881714
4976,0.24530231952667236,-0.4862196743488312
4977,0.05178086459636688,0.3413693904876709
4978,-10.530994415283203,-2.6741912364959717
4979,-1.5452252626419067,-3.574662208557129
4980,-8.383293151855469,-7.539921283721924
4981,-10.577674865722656,-2.0545332431793213
4982,-3.495285749435425,2.8641998767852783
4983,-1.7975636720657349,1.8821232318878174
4984,-4.388427257537842,5.992673397064209
4985,6.307762145996094,-3.708416223526001
4986,0.4318159520626068,-2.025094985961914
4987,-3.5246589183807373,2.45054030418396
4988,2.9056365489959717,3.6720778942108154
4989,-2.644726276397705,-9.25815200805664
4990,-0.0032120943069458008,0.16132724285125732
4991,10.7943115234375,6.2229323387146
4992,6.034001350402832,-2.0461761951446533
4993,-16.911495208740234,-0.25987109541893005
4994,-4.8269572257995605,-5.807486534118652
4995,-1.7130759954452515,5.022515296936035
4996,3.388624906539917,5.237422466278076
4997,3.21466326713562,1.1042543649673462
4998,-5.476465225219727,-6.12757682800293
4999,14.649612426757812,-1.6218003034591675
5000,-2.128793954849243,1.3421897888183594
5001,-22.03424644470215,8.362771034240723
5002,-2.9872260093688965,8.61412525177002
5003,-0.297078937292099,1.6776652336120605
5004,7.208282947540283,6.241450786590576
5005,-2.3576414585113525,-6.821926593780518
5006,3.9994804859161377,-5.318595886230469
5007,-1.9004968404769897,-2.5353715419769287
5008,-9.294317245483398,-5.002492427825928
5009,7.6858344078063965,1.7906302213668823
5010,-3.949302911758423,-1.984317421913147
5011,-4.029624938964844,4.0700507164001465
5012,-2.0513384342193604,-3.998617172241211
5013,-1.069731593132019,7.474399089813232
5014,10.701905250549316,-6.478967189788818
5015,3.4031572341918945,4.854389190673828
5016,-4.695684909820557,6.014554023742676
5017,0.8226141929626465,-2.344822406768799
5018,0.5813654661178589,-4.822887420654297
5019,0.4960857927799225,-1.5802853107452393
5020,1.0945464372634888,-0.8038831353187561
5021,-1.0196305513381958,3.6251373291015625
5022,0.5627725124359131,-1.540839672088623
5023,-2.0038487911224365,5.6559739112854
5024,-1.0341718196868896,-6.036646366119385
5025,-5.965635776519775,-7.271749973297119
5026,9.025012016296387,-7.497543811798096
5027,-0.07026931643486023,7.968454837799072
5028,9.119592666625977,-4.870333194732666
5029,4.16703462600708,1.1098389625549316
5030,-5.147543907165527,9.208102226257324
5031,-1.3346937894821167,1.9518630504608154
5032,6.606949329376221,2.024390697479248
5033,-3.786132574081421,-9.390046119689941
5034,0.9343980550765991,5.453734397888184
5035,1.1522308588027954,-0.1665153205394745
5036,-3.2444918155670166,-9.884676933288574
5037,-0.997431755065918,3.6500396728515625
5038,-2.037212610244751,-6.452075481414795
5039,2.199521780014038,-4.077908039093018
5040,4.3789381980896,-4.147364616394043
5041,-1.3612406253814697,-0.4444698095321655
5042,-2.9854748249053955,1.6170166730880737
5043,-1.2156152725219727,3.565178394317627
5044,6.382035255432129,3.9481585025787354
5045,5.643609523773193,-6.634573459625244
5046,8.676344871520996,6.684631824493408
5047,-6.004899978637695,-9.596301078796387
5048,-1.9980708360671997,-1.836416482925415
5049,0.33193227648735046,-1.9411509037017822
5050,-0.9954538345336914,-3.620208263397217
5051,2.6091670989990234,0.4694681167602539
5052,-5.662919998168945,6.5306878089904785
5053,1.6799213886260986,-0.45142683386802673
5054,0.1989518404006958,-1.6695636510849
5055,7.827749252319336,-1.1040353775024414
5056,0.028222352266311646,0.25047796964645386
5057,-1.4599688053131104,6.4395318031311035
5058,4.88873291015625,-1.3070769309997559
5059,2.8181562423706055,-2.5174872875213623
5060,6.107932090759277,-1.0325062274932861
5061,13.581827163696289,-4.933498382568359
5062,-2.1985418796539307,6.003974437713623
5063,-10.565191268920898,-3.1443116664886475
5064,5.938399791717529,-5.63663911819458
5065,3.2662153244018555,4.7686262130737305
5066,4.788555145263672,-1.4675743579864502
5067,-1.6632091999053955,11.597640037536621
5068,2.1660678386688232,-2.6007142066955566
5069,-5.791198253631592,-2.547273874282837
5070,-0.16420495510101318,1.9984314441680908
5071,-5.662634372711182,7.342879772186279
5072,9.875489234924316,4.133338451385498
5073,-4.00456428527832,-1.7178980112075806
5074,0.5374048948287964,-1.0287083387374878
5075,-0.2519958019256592,3.2527952194213867
5076,0.07226110994815826,-1.5398736000061035
5077,5.888641357421875,-4.597289085388184
5078,-9.613767623901367,-3.391857624053955
5079,-0.3878350555896759,7.7202887535095215
5080,-4.6704840660095215,-5.584155559539795
5081,2.409278154373169,-3.5637197494506836
5082,-2.257845401763916,2.581413984298706
5083,1.548609733581543,-0.931221604347229
5084,-1.9184151887893677,-3.0172908306121826
5085,0.7048345804214478,-3.61592698097229
5086,2.3681223392486572,-2.9591782093048096
5087,-0.016202479600906372,0.5460029244422913
5088,-1.9364548921585083,4.7129645347595215
5089,4.18316650390625,9.228732109069824
5090,7.245551586151123,-1.30244779586792
5091,1.5481526851654053,-0.7578306794166565
5092,-0.8648254871368408,-2.4744739532470703
5093,-0.23360303044319153,9.741860389709473
5094,-1.349351406097412,1.1689231395721436
5095,-1.7682390213012695,-2.7961585521698
5096,-1.6518722772598267,-2.855564832687378
5097,0.5346684455871582,-0.7909908294677734
5098,-7.417243480682373,10.997984886169434
5099,1.6735625267028809,-1.617121934890747
5100,-1.0033128261566162,-4.986358642578125
5101,-4.269635200500488,2.9853131771087646
5102,3.376169443130493,-2.5864980220794678
5103,10.309865951538086,1.7951810359954834
5104,-2.9997591972351074,-7.930014133453369
5105,-13.299393653869629,-5.903229236602783
5106,-7.975934028625488,-3.5513789653778076
5107,-2.6138737201690674,5.743427276611328
5108,-8.869592666625977,-4.795985698699951
5109,-5.759280681610107,-3.399782180786133
5110,11.07464599609375,8.296463966369629
5111,0.9525266885757446,-2.41955828666687
5112,-2.217254400253296,7.240793228149414
5113,-2.9733057022094727,-9.739270210266113
5114,0.8149248361587524,16.89243507385254
5115,3.3635618686676025,1.0742230415344238
5116,1.1886239051818848,-0.7332979440689087
5117,-0.974540114402771,4.896276950836182
5118,-16.33616065979004,-5.823814392089844
5119,-0.9774320125579834,1.3098464012145996
5120,-3.0953001976013184,-8.321677207946777
5121,-2.254257917404175,9.077471733093262
5122,-0.8033088445663452,3.3359622955322266
5123,1.0806248188018799,-1.4727866649627686
5124,7.217888355255127,-10.908312797546387
5125,-3.392502546310425,2.597529649734497
5126,3.071462392807007,1.0225893259048462
5127,-3.810757875442505,2.3147268295288086
5128,-1.9405412673950195,4.495749473571777
5129,6.569320201873779,-6.272263050079346
5130,7.9276347160339355,-4.253780841827393
5131,-5.167855739593506,3.2549498081207275
5132,-0.7160390615463257,1.0061964988708496
5133,-4.972404956817627,-4.460944175720215
5134,-2.6445930004119873,12.171881675720215
5135,-3.598068952560425,9.681086540222168
5136,1.1246938705444336,0.6796853542327881
5137,0.7630945444107056,-2.4425621032714844
5138,4.454686164855957,3.384077787399292
5139,3.042471170425415,-1.8873000144958496
5140,2.7060718536376953,10.210522651672363
5141,-8.633268356323242,-0.8152233362197876
5142,-1.8219126462936401,9.474801063537598
5143,2.432729482650757,-1.791067361831665
5144,-1.281342625617981,-5.126514911651611
5145,-8.073629379272461,-2.5471725463867188
5146,-2.9739608764648438,1.530316710472107
5147,-2.5879156589508057,9.20278263092041
5148,0.7656303644180298,-4.682757377624512
5149,-12.239143371582031,-5.551638126373291
5150,-6.345882892608643,-2.653909683227539
5151,-5.358413219451904,5.3091630935668945
5152,-3.987063407897949,-3.4813671112060547
5153,-1.3741309642791748,-6.668286323547363
5154,-1.1587557792663574,-0.25929075479507446
5155,-1.7876007556915283,10.334532737731934
5156,0.04753415286540985,0.40217941999435425
5157,-0.36198899149894714,6.81529426574707
5158,2.1272695064544678,-2.5162665843963623
5159,-1.8967286348342896,9.342841148376465
5160,-3.939460039138794,-2.827188491821289
5161,6.688368320465088,-6.444097995758057
5162,1.1037532091140747,-1.1453348398208618
5163,2.68719482421875,-0.6259055733680725
5164,5.509311676025391,1.838340163230896
5165,3.937394380569458,8.542312622070312
5166,2.3846988677978516,-2.3916103839874268
5167,0.4501136839389801,-3.369532823562622
5168,-3.607356309890747,2.676072359085083
5169,0.17335137724876404,0.7522756457328796
5170,5.690927505493164,-5.788578510284424
5171,-10.669848442077637,-8.102413177490234
5172,-3.36643385887146,-9.663453102111816
5173,0.4326542913913727,-1.3025925159454346
5174,-0.6722241640090942,14.343382835388184
5175,0.7261971235275269,-3.820441484451294
5176,-3.866408109664917,9.164715766906738
5177,-2.6125500202178955,0.7008148431777954
5178,-3.423349380493164,-2.6540451049804688
5179,-5.0733208656311035,-9.92542552947998
5180,-1.6051621437072754,-2.2490885257720947
5181,-2.807021141052246,-10.401850700378418
5182,-1.936845302581787,2.205497980117798
5183,-1.7272891998291016,1.8207285404205322
5184,-3.9434473514556885,-1.6585843563079834
5185,-6.125168323516846,-2.798407554626465
5186,1.5209965705871582,1.1842095851898193
5187,5.084486484527588,-1.9419891834259033
5188,-2.2546002864837646,-8.304502487182617
5189,6.265902519226074,-2.9526660442352295
5190,9.255775451660156,-5.005687713623047
5191,-9.048803329467773,-8.662186622619629
5192,-3.5437240600585938,11.419684410095215
5193,0.414962500333786,-2.1888277530670166
5194,0.9751085042953491,4.145089149475098
5195,-12.040287017822266,-4.79468297958374
5196,-6.618703365325928,-6.501412391662598
5197,0.15758097171783447,-2.291738271713257
5198,-1.8855935335159302,-3.508415937423706
5199,-0.0035825371742248535,0.47103142738342285
5200,-3.7437732219696045,-0.9563360810279846
5201,0.08445319533348083,2.5080764293670654
5202,5.782341480255127,10.520034790039062
5203,6.900177478790283,2.099031925201416
5204,0.7022937536239624,-1.3968709707260132
5205,-4.326435565948486,4.292479991912842
5206,2.998178243637085,0.8701948523521423
5207,-9.483550071716309,-2.322051763534546
5208,0.1091701090335846,0.8624992966651917
5209,-3.7498257160186768,-10.537534713745117
5210,-1.1057579517364502,3.6287100315093994
5211,-12.613157272338867,-5.347726345062256
5212,1.825898289680481,-2.970583915710449
5213,6.253735065460205,-4.770595073699951
5214,2.223238706588745,2.0204286575317383
5215,2.7299258708953857,18.964065551757812
5216,-10.873977661132812,-5.926543235778809
5217,-5.767812728881836,-2.257570266723633
5218,-0.2749999165534973,1.8340157270431519
5219,-0.9529272317886353,2.2359631061553955
5220,2.70900297164917,3.8211781978607178
5221,0.8182276487350464,-2.0121445655822754
5222,-7.807825088500977,8.168177604675293
5223,0.7909139394760132,-2.342097282409668
5224,-2.158278465270996,-5.366137981414795
5225,9.703435897827148,7.370262622833252
5226,0.9252822399139404,-4.931568622589111
5227,-2.2766990661621094,2.4979963302612305
5228,-2.111783981323242,-6.661197185516357
5229,-40.4319953918457,10.08542537689209
5230,5.818356513977051,-1.3541769981384277
5231,9.807256698608398,-7.944983005523682
5232,-5.018112659454346,6.176260471343994
5233,-4.052304744720459,3.6877458095550537
5234,1.9749853610992432,16.14373779296875
5235,-0.7282339334487915,2.282003164291382
5236,-1.539029836654663,0.2533801198005676
5237,-0.08897951990365982,-4.084854602813721
5238,-2.730360269546509,8.384810447692871
5239,-2.8633735179901123,8.338701248168945
5240,4.179129123687744,-2.7610812187194824
5241,-12.45608901977539,-9.117854118347168
5242,0.2711544930934906,2.7400054931640625
5243,-0.5120364427566528,-1.549569010734558
5244,-1.5222480297088623,-5.514285564422607
5245,-1.3753654956817627,-7.3984575271606445
5246,0.2180013358592987,2.147113561630249
5247,5.729465961456299,-0.8692511320114136
5248,-4.107296466827393,-7.152977466583252
5249,8.443195343017578,-5.545419216156006
5250,-6.993879318237305,-9.250290870666504
5251,4.040976524353027,-6.544877052307129
5252,-7.25809383392334,-2.6007347106933594
5253,-29.53496742248535,8.005838394165039
5254,-7.282948017120361,6.3807597160339355
5255,-1.3196412324905396,4.632664203643799
5256,7.117770671844482,-6.755044460296631
5257,-2.191818952560425,9.204963684082031
5258,4.223158359527588,-4.461640357971191
5259,1.327458143234253,-4.12554931640625
5260,-5.9815802574157715,-5.971924781799316
5261,-3.132127046585083,2.3401215076446533
5262,3.19107985496521,-2.804516077041626
5263,-0.7296451330184937,-2.744215726852417
5264,0.2855820059776306,-1.0775113105773926
5265,-5.2232842445373535,-11.17009162902832
5266,7.471482753753662,-5.940009593963623
5267,-1.8263356685638428,5.109692096710205
5268,0.869644045829773,-3.2607645988464355
5269,-5.541023254394531,8.273454666137695
5270,13.748695373535156,-5.145244598388672
5271,-5.618537425994873,-2.6574888229370117
5272,-2.171441078186035,-5.240431785583496
5273,-11.941234588623047,-1.7779748439788818
5274,0.0850411057472229,-3.430471658706665
5275,-2.8757498264312744,-7.265099048614502
5276,-5.145500183105469,2.3847813606262207
5277,-0.7966949939727783,1.6318750381469727
5278,-3.6982192993164062,11.83881664276123
5279,-17.81429100036621,8.07462215423584
5280,-11.695302963256836,-5.7601399421691895
5281,-6.861024379730225,-1.9950898885726929
5282,0.2483762800693512,-2.0958542823791504
5283,-9.684732437133789,-4.893017768859863
5284,-2.0074477195739746,-4.000881671905518
5285,-6.525388240814209,7.725623607635498
5286,2.861330270767212,-1.351379632949829
5287,0.4001629054546356,-1.9846444129943848
5288,-4.109654903411865,-6.409660816192627
5289,-1.431679129600525,6.091264247894287
5290,-8.964131355285645,-9.024520874023438
5291,0.618911623954773,0.48453426361083984
5292,0.28874239325523376,-0.4110305607318878
5293,-7.290849208831787,-6.192417621612549
5294,-7.710213661193848,-7.513266563415527
5295,1.2193732261657715,0.8037035465240479
5296,4.779006481170654,-3.1151745319366455
5297,-6.833127021789551,7.4124531745910645
5298,1.7730035781860352,-5.850592613220215
5299,-11.01888656616211,-3.7481484413146973
5300,-3.7920002937316895,-2.9282987117767334
5301,-6.924168586730957,5.885282516479492
5302,-16.04319190979004,-7.147387981414795
5303,4.355617523193359,1.5624451637268066
5304,-5.2408127784729,2.8798935413360596
5305,-2.6012537479400635,11.924127578735352
5306,-2.475078821182251,-7.265039920806885
5307,-1.6984224319458008,10.074274063110352
5308,2.7838902473449707,-1.7336094379425049
5309,-0.5099732875823975,-3.3452932834625244
5310,-8.662881851196289,9.046131134033203
5311,8.94471549987793,6.742434024810791
5312,-1.599740982055664,10.216547966003418
5313,6.624086856842041,-6.241866588592529
5314,1.2926244735717773,-4.52569055557251
5315,1.565667986869812,-4.2091875076293945
5316,-1.1526366472244263,2.9584929943084717
5317,2.1723568439483643,-2.439401149749756
5318,7.540450572967529,12.67461109161377
5319,-1.6010586023330688,-8.202082633972168
5320,-11.081911087036133,0.05178504437208176
5321,8.139538764953613,-10.92223072052002
5322,1.1160122156143188,-1.4514068365097046
5323,4.9249396324157715,5.616733551025391
5324,-0.6263339519500732,2.61403226852417
5325,-2.1369261741638184,9.273025512695312
5326,-1.595262050628662,3.2635228633880615
5327,0.9310009479522705,-4.943914413452148
5328,1.7772407531738281,-0.8181493282318115
5329,-1.9372936487197876,11.968688011169434
5330,14.62291145324707,-3.0237889289855957
5331,-1.3009709119796753,11.900431632995605
5332,-0.9781575202941895,-4.610109806060791
5333,-2.986419439315796,10.576803207397461
5334,-6.393746376037598,7.232716083526611
5335,-3.323301076889038,11.583382606506348
5336,5.543156147003174,-4.004640579223633
5337,-2.8030920028686523,1.334886074066162
5338,-0.7945482730865479,0.20092624425888062
5339,-3.2822318077087402,8.622355461120605
5340,-16.306570053100586,7.473311424255371
5341,-1.9304842948913574,-3.5057342052459717
5342,-2.5314018726348877,-6.187966346740723
5343,3.2460529804229736,3.816732406616211
5344,-7.363607883453369,-7.257350444793701
5345,-6.438483715057373,-8.359960556030273
5346,7.311796188354492,-2.191741704940796
5347,0.24864736199378967,1.962087869644165
5348,-2.748034954071045,-6.680663585662842
5349,-0.2112361490726471,1.3529720306396484
5350,-13.622734069824219,-5.117274284362793
5351,2.662846803665161,0.45305967330932617
5352,-0.01347382366657257,0.8720850348472595
5353,-7.277822971343994,10.994264602661133
5354,-0.019257158041000366,0.44656145572662354
5355,-8.198417663574219,-1.577148199081421
5356,-0.4867425858974457,-1.5971791744232178
5357,-3.7989392280578613,3.1195168495178223
5358,6.497461795806885,-2.9744184017181396
5359,-6.53118896484375,-6.850321292877197
5360,-1.6584692001342773,8.753474235534668
5361,0.06914353370666504,-0.11310256272554398
5362,-1.8230966329574585,-2.9440743923187256
5363,0.023703739047050476,0.37825506925582886
5364,1.1705455780029297,-1.686328411102295
5365,-2.522761583328247,-5.795304775238037
5366,-3.1229474544525146,8.1102294921875
5367,-3.7368946075439453,-10.173735618591309
5368,-9.936845779418945,-5.587927341461182
5369,-12.662851333618164,-6.391488552093506
5370,1.5390477180480957,-1.2306197881698608
5371,-1.8799368143081665,3.3417320251464844
5372,-44.646305084228516,10.03201675415039
5373,0.6703684329986572,-2.595014810562134
5374,-2.3994264602661133,-7.845383167266846
5375,-7.858896732330322,-6.674941062927246
5376,0.5613963603973389,-2.7772533893585205
5377,1.1715538501739502,-3.2267048358917236
5378,8.029169082641602,-9.400843620300293
5379,1.5055766105651855,15.204765319824219
5380,-2.453040599822998,7.91459321975708
5381,6.192240238189697,-5.387674808502197
5382,-5.009676456451416,-9.39013385772705
5383,-8.061285018920898,-2.4060451984405518
5384,6.2573370933532715,11.641324043273926
5385,-3.7030439376831055,12.230076789855957
5386,-17.79236602783203,8.113344192504883
5387,-0.875928521156311,2.432011127471924
5388,0.10056975483894348,0.3592908978462219
5389,-1.6005785465240479,-2.6804709434509277
5390,-12.945764541625977,-6.03870153427124
5391,1.573606014251709,-6.069539546966553
5392,0.4823518693447113,-1.113840103149414
5393,-2.4058456420898438,-5.8034515380859375
5394,-3.733961582183838,-9.684539794921875
5395,-3.4499077796936035,-9.660286903381348
5396,-12.238998413085938,-11.87393856048584
5397,13.394957542419434,-1.5519390106201172
5398,-7.488810062408447,-5.724285125732422
5399,4.528095722198486,1.5502700805664062
5400,-10.181575775146484,-6.982178688049316
5401,-0.8306053876876831,6.412545680999756
5402,-0.8602660894393921,-3.896099090576172
5403,-0.6520456075668335,-3.2393929958343506
5404,-5.209965229034424,-5.869379997253418
5405,-2.5705575942993164,7.003735065460205
5406,0.791709303855896,-1.2638875246047974
5407,11.674065589904785,6.757552623748779
5408,-10.101887702941895,5.016648292541504
5409,-10.725434303283691,-5.3725152015686035
5410,0.28541433811187744,-2.0004775524139404
5411,3.138524293899536,-1.6849474906921387
5412,2.0362417697906494,-4.1885247230529785
5413,-6.625603199005127,-3.056123971939087
5414,0.010130137205123901,-3.1080141067504883
5415,-2.458115339279175,-6.4481401443481445
5416,4.580939292907715,-3.7697913646698
5417,-2.570413112640381,-6.071470260620117
5418,0.7085320949554443,-5.545193195343018
5419,-0.043898165225982666,1.2575219869613647
5420,1.631682276725769,14.415167808532715
5421,0.998523473739624,-1.3977766036987305
5422,-3.713853597640991,-6.891730308532715
5423,-4.567384719848633,-4.346844673156738
5424,1.4865078926086426,-0.19918248057365417
5425,-3.747795343399048,-4.845151901245117
5426,5.18688440322876,1.749079704284668
5427,9.871971130371094,-6.7579121589660645
5428,-1.6047852039337158,9.701791763305664
5429,1.573331356048584,-3.976571798324585
5430,-10.35308837890625,-10.55368709564209
5431,-6.168493747711182,-9.916211128234863
5432,-3.1806373596191406,2.1186916828155518
5433,-7.529626369476318,3.3599841594696045
5434,-3.3699629306793213,9.200268745422363
5435,-1.7224652767181396,-3.9830706119537354
5436,4.3530659675598145,5.911352634429932
5437,-9.223145484924316,-10.739923477172852
5438,6.6121745109558105,1.6328181028366089
5439,-2.4668750762939453,6.311491966247559
5440,-12.034660339355469,-11.491851806640625
5441,-7.212110996246338,-2.0338268280029297
5442,-1.2653238773345947,8.090277671813965
5443,5.272619724273682,13.454733848571777
5444,1.0526916980743408,-4.305164813995361
5445,-3.883795738220215,4.795894622802734
5446,-5.223667621612549,-8.636274337768555
5447,1.2106082439422607,-1.2323484420776367
5448,-11.071569442749023,-11.072404861450195
5449,-3.948064088821411,3.9900429248809814
5450,0.2687292993068695,-0.9636808633804321
5451,5.190910816192627,0.3811849355697632
5452,2.9415297508239746,1.084014654159546
5453,-2.5689353942871094,-4.995945453643799
5454,0.8188191652297974,1.3290259838104248
5455,-3.25360107421875,3.5406453609466553
5456,-2.3582427501678467,-7.070675373077393
5457,-5.2611470222473145,-3.2522881031036377
5458,-11.508871078491211,-2.9292795658111572
5459,7.288510799407959,-0.43636494874954224
5460,-2.416205883026123,8.191581726074219
5461,-5.145088195800781,7.105230331420898
5462,0.4492243826389313,-4.085745334625244
5463,1.1930094957351685,-1.3405358791351318
5464,-4.347443103790283,-6.822830677032471
5465,5.6966376304626465,-5.144045352935791
5466,-3.623854398727417,4.758994102478027
5467,-2.8043570518493652,7.4332966804504395
5468,-0.5559166669845581,1.6685631275177002
5469,-0.7170203924179077,-0.03111005574464798
5470,4.501777648925781,-3.382970094680786
5471,-0.6745631694793701,1.554621934890747
5472,0.7034841775894165,4.428564071655273
5473,-0.012967705726623535,-2.540883779525757
5474,-3.332754373550415,10.518696784973145
5475,-0.506548285484314,1.769681692123413
5476,-3.572362184524536,4.470049858093262
5477,-3.9957969188690186,4.861881732940674
5478,-3.110614538192749,2.2110466957092285
5479,-3.6330878734588623,8.580443382263184
5480,-3.2034735679626465,-7.659612655639648
5481,2.159912586212158,-0.830715537071228
5482,-2.4565889835357666,-5.894935131072998
5483,5.8832106590271,0.5647379755973816
5484,-5.442277908325195,-4.603644371032715
5485,-2.8148677349090576,1.1037907600402832
5486,7.38666296005249,-1.3362863063812256
5487,-18.988615036010742,5.378929138183594
5488,0.594222903251648,1.6205388307571411
5489,0.11819520592689514,0.6788654923439026
5490,-11.928531646728516,-2.7546088695526123
5491,-4.915899753570557,-6.227992534637451
5492,1.395524024963379,14.32515811920166
5493,-1.6510685682296753,-2.3900344371795654
5494,0.1998332440853119,-1.8742992877960205
5495,-5.872774124145508,-2.476848602294922
5496,-17.71957015991211,-6.844354152679443
5497,1.4890810251235962,15.950413703918457
5498,-1.7561724185943604,-1.8047981262207031
5499,-9.85893440246582,-4.484130382537842
5500,-12.055746078491211,-11.352828979492188
5501,-1.0350453853607178,2.400439500808716
5502,0.7162835597991943,-2.0195422172546387
5503,-4.847175121307373,-1.5094504356384277
5504,-8.222506523132324,8.796792030334473
5505,-2.1320066452026367,-8.966753959655762
5506,-3.934678554534912,3.6810414791107178
5507,1.4486111402511597,-0.44847846031188965
5508,4.617599010467529,13.84961223602295
5509,-3.7057924270629883,3.168595790863037
5510,-2.468252182006836,9.241793632507324
5511,10.18893051147461,-7.641441345214844
5512,-1.2667750120162964,-0.7586526274681091
5513,2.698244333267212,-2.111940622329712
5514,-7.659770488739014,-8.409627914428711
5515,-3.9905481338500977,-10.212154388427734
5516,-2.0335867404937744,2.2959792613983154
5517,-4.001548767089844,4.067718505859375
5518,-9.487482070922852,3.267507791519165
5519,-0.5696885585784912,2.378572702407837
5520,-1.458186149597168,-4.7034592628479
5521,-13.258537292480469,-5.669899940490723
5522,-1.0318580865859985,7.097052097320557
5523,4.820163249969482,14.935896873474121
5524,-3.0810554027557373,8.042041778564453
5525,-11.235294342041016,-3.793546438217163
5526,2.2935678958892822,-2.274402141571045
5527,-2.147893190383911,1.4877957105636597
5528,-6.737832546234131,-2.810209274291992
5529,-0.6317449808120728,1.822590947151184
5530,0.5444989204406738,-1.6190111637115479
5531,3.5811679363250732,-2.2742602825164795
5532,-9.136110305786133,-5.073896408081055
5533,-2.848104238510132,4.293398857116699
5534,-34.46162414550781,4.13771390914917
5535,0.34799328446388245,13.124674797058105
5536,-3.0248749256134033,10.748480796813965
5537,-0.6039795875549316,3.870539903640747
5538,5.51612663269043,14.431466102600098
5539,-0.8912113904953003,0.3905019760131836
5540,-13.795698165893555,-3.757514715194702
5541,-10.279876708984375,-5.979525089263916
5542,9.043463706970215,7.683499813079834
5543,-8.105265617370605,-2.116962194442749
5544,4.950089931488037,-1.5509748458862305
5545,-10.819303512573242,5.865108013153076
5546,0.2791924774646759,-2.404280185699463
5547,3.157041311264038,-2.477405548095703
5548,1.5645192861557007,-5.855467319488525
5549,-4.230612277984619,-2.015122890472412
5550,1.0215781927108765,-1.4209399223327637
5551,-6.857842922210693,8.056620597839355
5552,5.016025066375732,2.0844082832336426
5553,3.1212010383605957,13.335780143737793
5554,-2.6502933502197266,5.565390586853027
5555,-4.182155132293701,2.748204231262207
5556,0.03178967535495758,0.4484427571296692
5557,-9.575244903564453,-3.6339242458343506
5558,-10.767260551452637,-1.5869910717010498
5559,-5.19212007522583,5.226430416107178
5560,4.668280124664307,-2.619863748550415
5561,1.1402699947357178,-4.304042339324951
5562,-6.937230587005615,-4.921150207519531
5563,1.5781373977661133,16.58521842956543
5564,0.43629005551338196,-1.943949580192566
5565,-6.499438762664795,-10.977258682250977
5566,0.4512517750263214,-3.6623077392578125
5567,-3.069683074951172,-3.5943610668182373
5568,0.5800083875656128,-2.3443281650543213
5569,-5.967214107513428,-1.4880179166793823
5570,-30.442562103271484,2.2240755558013916
5571,-5.821150779724121,6.354726314544678
5572,0.029067710041999817,0.45919477939605713
5573,0.5287647247314453,1.9950928688049316
5574,7.317503452301025,-8.731134414672852
5575,-4.427889347076416,5.230835914611816
5576,-3.771261692047119,3.066540479660034
5577,9.812599182128906,7.545661449432373
5578,1.3332278728485107,-0.3454563617706299
5579,0.6371074914932251,-2.3497331142425537
5580,-10.063799858093262,-7.395843029022217
5581,3.3490288257598877,-1.0062377452850342
5582,-0.678942084312439,3.230623483657837
5583,-0.23592570424079895,2.90264630317688
5584,-2.4822776317596436,9.374117851257324
5585,-1.634812593460083,6.493072986602783
5586,2.337775945663452,-0.7869433760643005
5587,-0.25585588812828064,1.060244083404541
5588,-1.9591556787490845,-4.0474395751953125
5589,-11.783407211303711,7.286876201629639
5590,-1.4146852493286133,-5.938563823699951
5591,-5.293203830718994,-2.521763801574707
5592,2.383643865585327,-5.201301574707031
5593,3.3594019412994385,-3.6538045406341553
5594,-0.9946526288986206,11.484268188476562
5595,3.711801767349243,-2.2519052028656006
5596,-10.932653427124023,5.692107677459717
5597,-4.132715225219727,3.5871214866638184
5598,-5.176058292388916,-1.4367249011993408
5599,-14.55349349975586,-6.609994888305664
5600,-4.444693088531494,-9.234321594238281
5601,0.7342863082885742,-2.516737461090088
5602,-2.0289618968963623,5.931890964508057
5603,0.33603841066360474,-3.1568195819854736
5604,-2.501549005508423,3.2636470794677734
5605,-0.7074955701828003,-4.3515167236328125
5606,-5.498204708099365,6.108774662017822
5607,-3.7859609127044678,-9.639023780822754
5608,-4.230941295623779,-3.396071195602417
5609,-3.5696895122528076,7.823287010192871
5610,-21.152254104614258,-1.321476936340332
5611,0.0666564404964447,0.3535889983177185
5612,2.1322999000549316,-2.289059638977051
5613,2.843445062637329,-4.23620080947876
5614,0.055807605385780334,0.4042205214500427
5615,-2.808657169342041,-7.098771095275879
5616,-0.5402463674545288,0.8135157227516174
5617,-1.418635368347168,-3.759352207183838
5618,-7.568815231323242,-7.32279634475708
5619,-14.55550479888916,7.12021541595459
5620,-0.897108793258667,3.118980646133423
5621,-2.64634370803833,11.08603572845459
5622,4.998155117034912,-7.189163684844971
5623,-0.7018753290176392,-3.176616907119751
5624,1.3966522216796875,-5.345745086669922
5625,9.667194366455078,-7.605726718902588
5626,-5.627707004547119,-4.121342182159424
5627,13.414512634277344,-6.371577262878418
5628,-2.7204368114471436,2.5684940814971924
5629,6.238803386688232,-3.486833333969116
5630,8.457929611206055,-4.8155035972595215
5631,-2.3296406269073486,-6.698524475097656
5632,-1.959598422050476,2.3410122394561768
5633,-6.4127936363220215,-2.010155200958252
5634,1.2734788656234741,-1.5688637495040894
5635,-3.1483218669891357,-8.739697456359863
5636,-6.584353923797607,-6.410193920135498
5637,-3.6100807189941406,-10.094922065734863
5638,-2.1491830348968506,5.136929988861084
5639,-1.6594979763031006,-3.945692777633667
5640,-1.0104130506515503,-0.722599446773529
5641,-24.97994041442871,5.731769561767578
5642,0.0422004759311676,2.7549073696136475
5643,-1.7101573944091797,5.823572158813477
5644,-0.7816548347473145,2.222321033477783
5645,6.1922383308410645,-6.178715229034424
5646,0.28553763031959534,16.966798782348633
5647,-1.4404139518737793,9.536919593811035
5648,-1.156529426574707,0.9725095629692078
5649,-12.244915962219238,-3.2288429737091064
5650,4.982596397399902,10.540919303894043
5651,0.817318320274353,1.6646759510040283
5652,-1.3630781173706055,6.768479347229004
5653,0.20573309063911438,-1.7237358093261719
5654,-3.910571575164795,4.271663188934326
5655,14.626076698303223,-5.609578609466553
5656,-6.829802989959717,-2.0409092903137207
5657,0.5159622430801392,-3.771625280380249
5658,-4.529898166656494,-2.7125844955444336
5659,1.0133417844772339,-0.8840088248252869
5660,1.3312337398529053,-1.6379954814910889
5661,-3.7185285091400146,10.500248908996582
5662,9.760214805603027,-4.0859246253967285
5663,-15.880767822265625,8.14564037322998
5664,-5.4130120277404785,7.77780294418335
5665,6.877949237823486,-8.121907234191895
5666,-3.10347580909729,-8.040172576904297
5667,5.618001461029053,0.5034539103507996
5668,-15.438253402709961,-2.4211604595184326
5669,-4.754910469055176,5.141314506530762
5670,-4.280550479888916,-11.015955924987793
5671,-8.584208488464355,4.7791829109191895
5672,-2.489792823791504,1.0623337030410767
5673,-0.3502103388309479,-2.4929933547973633
5674,4.397226333618164,6.673025608062744
5675,-6.487783908843994,-3.6060783863067627
5676,-1.4431753158569336,0.23343461751937866
5677,-2.571885585784912,-6.970810890197754
5678,-8.5890474319458,-2.9134747982025146
5679,-11.691121101379395,15.103529930114746
5680,-0.08841827511787415,9.666912078857422
5681,-0.5956121683120728,0.2068045735359192
5682,-9.203592300415039,-8.897069931030273
5683,-0.563592791557312,-4.400275707244873
5684,-2.9477758407592773,1.5887055397033691
5685,-10.222799301147461,-4.812784671783447
5686,3.987694501876831,-4.5761518478393555
5687,-3.6047143936157227,1.830142855644226
5688,-12.357343673706055,7.545094966888428
5689,-7.004330158233643,7.4382004737854
5690,-15.239635467529297,-5.902098655700684
5691,-5.495240211486816,-3.5012340545654297
5692,5.8661789894104,11.403642654418945
5693,-9.785659790039062,-10.066808700561523
5694,-5.329128265380859,-6.650485038757324
5695,3.43469500541687,-4.541749000549316
5696,1.106200933456421,-3.9619574546813965
5697,-1.469454050064087,10.80982494354248
5698,-5.526711940765381,6.078694820404053
5699,-0.5316395163536072,-0.004542089998722076
5700,0.09956660866737366,-0.05719143897294998
5701,6.652646541595459,4.386667728424072
5702,-8.117975234985352,-7.557675838470459
5703,1.0693907737731934,-1.1386463642120361
5704,-5.87272834777832,-3.1400821208953857
5705,-15.274194717407227,-4.768093585968018
5706,0.468929260969162,-1.280069351196289
5707,-1.7637124061584473,-5.648372173309326
5708,0.9484750032424927,-4.863349914550781
5709,-9.333930015563965,5.5467352867126465
5710,-1.761444330215454,1.9027676582336426
5711,-6.278663158416748,-8.898832321166992
5712,7.390608310699463,6.903340816497803
5713,-11.090259552001953,-7.243852138519287
5714,-1.7215046882629395,2.09212327003479
5715,-0.6205431818962097,-5.158414840698242
5716,0.6142399311065674,-3.7354843616485596
5717,2.1367805004119873,8.602947235107422
5718,-2.92456316947937,-3.34816312789917
5719,-12.787181854248047,-4.336732864379883
5720,1.942929983139038,3.8862674236297607
5721,-3.6998507976531982,3.5724005699157715
5722,-0.030341774225234985,0.9056599140167236
5723,6.29865026473999,11.118464469909668
5724,8.425188064575195,6.809219837188721
5725,-3.150815486907959,2.912324905395508
5726,-0.19250866770744324,10.849862098693848
5727,-7.207431316375732,-2.578727960586548
5728,-6.273488521575928,-9.511845588684082
5729,-1.6633371114730835,3.870267391204834
5730,-0.6018106937408447,3.269770383834839
5731,-10.930843353271484,4.250435829162598
5732,-1.7087892293930054,4.014535903930664
5733,6.867011547088623,-1.3533999919891357
5734,-3.3754141330718994,9.531811714172363
5735,-6.826177597045898,-9.196019172668457
5736,1.602174997329712,-4.458909034729004
5737,1.0913634300231934,16.89479637145996
5738,-4.134734630584717,0.6955932378768921
5739,0.7476470470428467,-4.088697910308838
5740,1.5252602100372314,-2.632410764694214
5741,-9.790216445922852,-3.63219952583313
5742,3.0057713985443115,-4.620616912841797
5743,4.590174198150635,5.239440441131592
5744,1.0452048778533936,-1.1267058849334717
5745,1.1077580451965332,-1.9514451026916504
5746,0.6060885190963745,-1.8847379684448242
5747,0.12767699360847473,0.32220232486724854
5748,-8.092555046081543,12.51890754699707
5749,-0.8061068058013916,0.00010811537504196167
5750,-14.8003568649292,-7.20733118057251
5751,-0.12800660729408264,6.761874675750732
5752,-0.09293462336063385,1.0787981748580933
5753,0.18288061022758484,0.14543402194976807
5754,3.55053973197937,-2.9908688068389893
5755,-14.998878479003906,4.933994293212891
5756,1.1643739938735962,-1.0179336071014404
5757,-2.9551618099212646,1.3269522190093994
5758,-2.3297133445739746,-6.569678783416748
5759,-0.04679255187511444,2.2206993103027344
5760,-0.6330183744430542,2.3518877029418945
5761,1.4020698070526123,-4.620363712310791
5762,2.838744878768921,-4.5808000564575195
5763,0.3053564727306366,-2.4398398399353027
5764,0.9218597412109375,-3.968292474746704
5765,0.36850860714912415,-2.088775873184204
5766,-0.0222807377576828,1.4383893013000488
5767,-0.4484146237373352,6.495302200317383
5768,-7.668191432952881,7.3417840003967285
5769,-1.8507161140441895,5.070921421051025
5770,9.433259010314941,5.993713855743408
5771,-0.6687140464782715,-2.74257755279541
5772,-12.394184112548828,-5.413410663604736
5773,6.775299072265625,-1.5848039388656616
5774,-2.3869049549102783,-5.818358421325684
5775,-4.219992160797119,5.480578422546387
5776,0.9962739944458008,1.4812051057815552
5777,-0.10189256072044373,-1.240081787109375
5778,-2.4833858013153076,-6.052994728088379
5779,-4.841966152191162,-8.454170227050781
5780,-2.0374667644500732,-6.442074775695801
5781,5.6308746337890625,-5.781855583190918
5782,-12.62492561340332,5.793569087982178
5783,-8.429702758789062,-3.04638934135437
5784,13.262105941772461,-4.241405010223389
5785,0.3527936041355133,-1.0042660236358643
5786,0.5999118089675903,-1.7078723907470703
5787,-1.464645504951477,4.265332221984863
5788,-3.50822377204895,-1.9696606397628784
5789,0.9482167959213257,-2.546095609664917
5790,-2.104703903198242,-4.220775604248047
5791,-13.95583724975586,-10.484114646911621
5792,0.6626578569412231,-2.6603872776031494
5793,-4.480027198791504,4.94779109954834
5794,-1.85905921459198,10.880826950073242
5795,6.869592189788818,-8.375898361206055
5796,-2.2236640453338623,3.4647696018218994
5797,9.27931022644043,-8.261531829833984
5798,-1.048807978630066,-1.0813055038452148
5799,-4.80975341796875,-7.227901935577393
5800,1.3153268098831177,-2.654811143875122
5801,-1.9332197904586792,-5.03744649887085
5802,3.3077032566070557,-4.665146350860596
5803,-3.727062940597534,5.096295356750488
5804,-0.6706310510635376,1.6038072109222412
5805,-2.8162996768951416,-6.5623860359191895
5806,-1.5724258422851562,1.5574300289154053
5807,-9.244094848632812,-2.632962942123413
5808,0.8862913846969604,-3.7271480560302734
5809,-2.5863044261932373,7.503042697906494
5810,8.497725486755371,-7.888319492340088
5811,6.163437366485596,-2.5653018951416016
5812,7.762357234954834,-9.317212104797363
5813,-16.83203887939453,-7.1374616622924805
5814,-1.369601845741272,7.188331127166748
5815,-8.473851203918457,7.85197114944458
5816,6.647475719451904,-5.812231063842773
5817,5.625613689422607,-4.219611644744873
5818,-11.393579483032227,-4.22021484375
5819,-2.6568477153778076,7.896856784820557
5820,-0.31413745880126953,1.658806562423706
5821,5.687018394470215,1.9045510292053223
5822,2.562443494796753,-4.045368671417236
5823,-3.4071099758148193,-8.506930351257324
5824,-10.025936126708984,-5.0293073654174805
5825,-2.095421075820923,11.140690803527832
5826,8.816875457763672,-8.585006713867188
5827,-2.72322154045105,-6.610317230224609
5828,-2.5710277557373047,-5.761658191680908
5829,6.438724040985107,-4.89961576461792
5830,-8.01199722290039,-2.587332010269165
5831,1.0576362609863281,-1.3601701259613037
5832,0.2737348973751068,-2.829418659210205
5833,-2.6174476146698,-8.077113151550293
5834,-1.5240178108215332,5.192828178405762
5835,-14.177654266357422,-1.7920777797698975
5836,5.860748767852783,-5.933338642120361
5837,-7.150457382202148,-3.6227450370788574
5838,2.826805353164673,14.083321571350098
5839,-1.9574213027954102,-3.669290542602539
5840,-11.308500289916992,-10.019267082214355
5841,-0.42511191964149475,1.9808993339538574
5842,0.5833950042724609,-0.09288827329874039
5843,-0.0723639726638794,-1.5384705066680908
5844,-2.269930839538574,-2.3343937397003174
5845,-2.4415359497070312,-6.50274133682251
5846,-1.667877435684204,6.104790687561035
5847,-1.3009096384048462,10.38440990447998
5848,-24.950374603271484,7.038524150848389
5849,-10.399633407592773,-10.111199378967285
5850,7.597778797149658,-1.4360941648483276
5851,4.194921493530273,-3.473825693130493
5852,-6.220562934875488,-2.269615650177002
5853,-6.838470935821533,8.548210144042969
5854,-12.007165908813477,-3.0539021492004395
5855,-0.04134342074394226,2.1198980808258057
5856,-2.5302178859710693,-8.46270751953125
5857,-1.8780730962753296,10.275586128234863
5858,5.425191402435303,-5.195446491241455
5859,-12.51313591003418,-8.985079765319824
5860,-1.4848074913024902,1.679131269454956
5861,6.659522533416748,4.240252494812012
5862,8.926865577697754,6.3478851318359375
5863,5.555788516998291,1.6404876708984375
5864,-3.9699671268463135,3.845717668533325
5865,-0.48432138562202454,16.883140563964844
5866,-9.440085411071777,-4.559207916259766
5867,1.5512386560440063,-0.9107670783996582
5868,-1.0433722734451294,3.103250741958618
5869,-2.5599687099456787,-5.24158239364624
5870,0.00594918429851532,0.21989798545837402
5871,6.275076389312744,1.8487701416015625
5872,-0.2671092748641968,-4.558614730834961
5873,9.513764381408691,6.9461236000061035
5874,-1.7939856052398682,14.706042289733887
5875,2.4613988399505615,-2.5927844047546387
5876,-4.230306148529053,-9.847915649414062
5877,7.3290791511535645,-4.3929619789123535
5878,-1.3011735677719116,-0.10901839286088943
5879,-6.503105640411377,-9.863760948181152
5880,-3.1118710041046143,-4.490257740020752
5881,7.346828937530518,-7.20648717880249
5882,-13.973770141601562,-6.915278911590576
5883,1.1492018699645996,-0.20278814435005188
5884,-2.1917669773101807,-5.723095893859863
5885,-2.729675769805908,-8.435718536376953
5886,-13.51069450378418,-7.7201151847839355
5887,-2.5100619792938232,-8.49754524230957
5888,-1.8384007215499878,4.620599746704102
5889,6.646892547607422,-0.8814780116081238
5890,-21.768510818481445,-1.0246964693069458
5891,-6.051947116851807,-3.552335739135742
5892,0.4521696865558624,-3.631291627883911
5893,7.592058181762695,-7.549628734588623
5894,3.1526448726654053,-3.104091167449951
5895,-2.8041603565216064,5.031858444213867
5896,-0.24907532334327698,3.334459066390991
5897,-10.390890121459961,-3.5192630290985107
5898,-15.958629608154297,-6.596640110015869
5899,-5.873123645782471,-3.797837257385254
5900,-2.08827543258667,7.808893203735352
5901,-19.414690017700195,-1.766210675239563
5902,0.29127952456474304,-1.9886670112609863
5903,-27.01738739013672,0.3550558388233185
5904,-2.9601857662200928,1.5623193979263306
5905,-8.505138397216797,7.6477580070495605
5906,-0.9349088668823242,2.385087728500366
5907,-1.7569950819015503,-3.7209112644195557
5908,-1.7842339277267456,-3.139775037765503
5909,-5.990074634552002,-4.9600067138671875
5910,-2.9274938106536865,2.6996421813964844
5911,-1.2962818145751953,0.914462149143219
5912,-45.18497848510742,8.96373462677002
5913,-4.095370292663574,4.164517879486084
5914,8.368385314941406,-7.75020694732666
5915,0.4295826256275177,-1.0769604444503784
5916,0.3544646203517914,-3.5285375118255615
5917,5.283056735992432,-4.463986873626709
5918,7.938252925872803,7.067295551300049
5919,13.031654357910156,-3.285823345184326
5920,-2.5659306049346924,5.042087554931641
5921,-6.096395015716553,-2.1529335975646973
5922,-7.370518207550049,12.121315956115723
5923,-8.97532844543457,-3.6353611946105957
5924,-4.079241752624512,-11.647171974182129
5925,4.447226524353027,14.146723747253418
5926,-0.9564739465713501,-0.09880883246660233
5927,6.014383316040039,14.765658378601074
5928,-2.506300926208496,-8.77993106842041
5929,-0.6001815795898438,7.643583297729492
5930,-8.380337715148926,-6.608399391174316
5931,-3.046560049057007,3.1408700942993164
5932,2.334077835083008,4.2980852127075195
5933,-8.85075569152832,-1.0679765939712524
5934,-0.6235370635986328,11.393101692199707
5935,-0.21237613260746002,1.290974497795105
5936,7.955056667327881,6.733118534088135
5937,-3.663646697998047,-4.50754976272583
5938,-3.0327913761138916,3.3612849712371826
5939,-12.380908966064453,-6.265013694763184
5940,0.44325652718544006,-3.101689577102661
5941,5.172923564910889,0.3425653278827667
5942,-0.9559804201126099,9.805743217468262
5943,1.0602055788040161,-2.8072140216827393
5944,-4.57784366607666,5.5421977043151855
5945,8.53172492980957,-8.401082038879395
5946,0.5790671110153198,-2.124763250350952
5947,-0.2717876732349396,-0.4908386170864105
5948,9.188528060913086,-7.878437519073486
5949,-6.80703067779541,7.110863208770752
5950,-15.159769058227539,6.760872840881348
5951,-9.190485000610352,-4.213552951812744
5952,3.867912530899048,14.237285614013672
5953,-0.19805985689163208,0.9561585783958435
5954,-9.887072563171387,-10.751222610473633
5955,5.190032482147217,-3.581387758255005
5956,1.3119442462921143,1.3499078750610352
5957,6.116030216217041,-4.6709113121032715
5958,0.0013807117938995361,0.25499218702316284
5959,-0.6239221096038818,-3.374985933303833
5960,-3.6169593334198,10.648436546325684
5961,-4.911454200744629,7.0143866539001465
5962,-4.7957000732421875,5.46736478805542
5963,-10.352696418762207,-6.684077739715576
5964,-5.106529712677002,-2.939157724380493
5965,10.367439270019531,-6.2283101081848145
5966,2.7376275062561035,-3.976151704788208
5967,-2.552084445953369,-7.943441867828369
5968,11.553308486938477,-5.574356555938721
5969,-2.5479588508605957,-3.1828300952911377
5970,-4.646448135375977,-1.8707966804504395
5971,-13.635480880737305,-4.511765003204346
5972,0.03580988943576813,0.531989336013794
5973,-0.9042774438858032,3.5443408489227295
5974,-5.2887396812438965,-7.951617240905762
5975,3.324134111404419,-3.2945432662963867
5976,-17.220426559448242,-5.645863056182861
5977,0.0312345027923584,-0.4020940661430359
5978,-1.0155543088912964,2.6040873527526855
5979,8.309341430664062,6.764888286590576
5980,0.4215591251850128,-1.1760444641113281
5981,0.9119032621383667,1.3122154474258423
5982,-1.1459922790527344,0.8855452537536621
5983,6.139529228210449,-7.2604546546936035
5984,-8.403796195983887,11.590706825256348
5985,2.938847064971924,0.11493175476789474
5986,5.76963472366333,-6.183587551116943
5987,10.859684944152832,-7.595472812652588
5988,-3.9135684967041016,-8.283792495727539
5989,-1.9585297107696533,11.502991676330566
5990,-3.875027894973755,-5.7805070877075195
5991,-10.46246337890625,-3.5104146003723145
5992,-3.4016637802124023,3.617649555206299
5993,-1.5605685710906982,0.5227850079536438
5994,-11.790807723999023,-3.740375280380249
5995,-5.405673980712891,9.79056453704834
5996,-2.128194808959961,-6.2132487297058105
5997,11.490488052368164,7.336601734161377
5998,-4.988990306854248,7.808681488037109
5999,5.831278324127197,0.08140968531370163
6000,-7.814465045928955,-6.9888482093811035
6001,10.463407516479492,-6.373751640319824
6002,3.616515636444092,15.053420066833496
6003,-3.070039749145508,1.6936311721801758
6004,-1.6953790187835693,7.4839630126953125
6005,-2.3689088821411133,-5.350972652435303
6006,0.362326055765152,-1.909549355506897
6007,-4.582467555999756,4.667034149169922
6008,1.063790202140808,-1.2044775485992432
6009,-9.855374336242676,-8.343795776367188
6010,-2.2652342319488525,-6.307441234588623
6011,-0.47404053807258606,11.696292877197266
6012,-20.763776779174805,-2.1932437419891357
6013,3.8023455142974854,-2.444061517715454
6014,-3.153559446334839,2.441762685775757
6015,0.780552864074707,-0.9651417136192322
6016,-11.776670455932617,-2.798024892807007
6017,-0.18229633569717407,-1.5086627006530762
6018,-1.3732327222824097,2.9964401721954346
6019,3.097961187362671,0.1840159296989441
6020,-3.00410532951355,10.224516868591309
6021,-1.077767014503479,4.3883280754089355
6022,-0.6780401468276978,3.0292623043060303
6023,6.257392406463623,11.27404499053955
6024,2.168297052383423,-5.558638095855713
6025,2.804577112197876,-3.2230348587036133
6026,-5.121855735778809,-1.8813600540161133
6027,-1.5209376811981201,3.1099467277526855
6028,0.04815702140331268,0.4433988928794861
6029,6.616238117218018,1.00509774684906
6030,-1.5083799362182617,-4.66471004486084
6031,-4.153428077697754,3.630023241043091
6032,8.500714302062988,-8.168346405029297
6033,-2.334411382675171,11.120415687561035
6034,-0.5821559429168701,1.952476978302002
6035,-14.038127899169922,-5.7380194664001465
6036,1.9688222408294678,-2.7348995208740234
6037,0.5701413154602051,-2.2934515476226807
6038,2.4741621017456055,18.58424186706543
6039,1.5412070751190186,-5.524734973907471
6040,-17.313356399536133,-7.087792873382568
6041,-23.75944709777832,-0.27066051959991455
6042,-10.513204574584961,-9.130162239074707
6043,-3.529042959213257,-2.7078604698181152
6044,-0.24065104126930237,4.139803886413574
6045,0.8138091564178467,-3.7424628734588623
6046,-2.801506757736206,1.0806021690368652
6047,0.9076387882232666,-0.024681873619556427
6048,4.573909759521484,11.80016040802002
6049,-2.1182000637054443,-5.876067161560059
6050,-5.706739902496338,-2.1452252864837646
6051,-3.475714921951294,3.4676125049591064
6052,-2.7949321269989014,11.97497272491455
6053,9.334692001342773,-7.515686988830566
6054,-15.889795303344727,-7.609845161437988
6055,-1.0422710180282593,1.1164251565933228
6056,-2.2528762817382812,4.214644908905029
6057,-4.599306583404541,-9.830416679382324
6058,-17.792551040649414,-6.833725929260254
6059,4.963374137878418,-2.091830015182495
6060,1.373753547668457,-0.2012811303138733
6061,-13.702574729919434,-3.2399396896362305
6062,-8.506219863891602,-1.0354799032211304
6063,-12.343482971191406,-3.2708804607391357
6064,-7.624633312225342,-12.408995628356934
6065,-6.168867588043213,-1.4642159938812256
6066,-1.4949898719787598,1.7645864486694336
6067,1.0734853744506836,3.5420210361480713
6068,-0.0001188814640045166,0.6825186014175415
6069,-0.028588145971298218,0.5993582606315613
6070,2.038210868835449,-1.234048843383789
6071,-18.766559600830078,-8.775388717651367
6072,-12.16639518737793,-7.671205043792725
6073,-36.218013763427734,6.081753253936768
6074,-2.98539400100708,10.668225288391113
6075,-28.74222755432129,11.663592338562012
6076,-0.2587437033653259,1.2461822032928467
6077,-3.2302424907684326,1.9756088256835938
6078,3.9178168773651123,-4.7455596923828125
6079,-5.510657787322998,-5.109658718109131
6080,-1.527058720588684,-8.191045761108398
6081,3.327160596847534,-2.6410787105560303
6082,3.3493902683258057,-4.607001781463623
6083,8.268240928649902,6.925295352935791
6084,3.8610990047454834,-2.2132513523101807
6085,7.55584192276001,2.6779706478118896
6086,-3.2495667934417725,12.965319633483887
6087,-11.06765365600586,-2.372424840927124
6088,-3.010010004043579,-8.205334663391113
6089,3.8575432300567627,-2.636120557785034
6090,0.9408223628997803,-0.8228208422660828
6091,-0.25193995237350464,-2.1534202098846436
6092,-17.39940643310547,-6.2939958572387695
6093,3.1911799907684326,-1.3218939304351807
6094,10.407386779785156,6.1037445068359375
6095,11.488422393798828,-2.107602119445801
6096,-9.587072372436523,0.9920693039894104
6097,3.232611894607544,4.741752624511719
6098,8.243408203125,-0.5359290242195129
6099,4.302191734313965,1.9646689891815186
6100,3.597397565841675,-4.553252220153809
6101,8.951700210571289,6.83755350112915
6102,4.958633899688721,-1.1041157245635986
6103,7.234406471252441,-0.5442343354225159
6104,1.1796430349349976,-1.3928637504577637
6105,-7.457805156707764,-7.7406325340271
6106,-6.676583766937256,-8.940086364746094
6107,-1.6436277627944946,-8.686802864074707
6108,-9.507038116455078,-4.847589492797852
6109,-16.834238052368164,-5.7422099113464355
6110,-18.408466339111328,-0.30919507145881653
6111,-3.8709943294525146,-5.918675422668457
6112,-2.5484564304351807,-6.678379535675049
6113,-4.325135707855225,-3.98537278175354
6114,4.354918479919434,-3.6389472484588623
6115,-1.5201377868652344,4.3613433837890625
6116,-4.639240741729736,-7.454292297363281
6117,-2.768599510192871,-8.021157264709473
6118,-14.240283966064453,8.333913803100586
6119,-0.5159159898757935,-0.14052408933639526
6120,-3.266364336013794,-7.110934734344482
6121,-2.4945738315582275,1.8433599472045898
6122,0.07908891141414642,0.4469219446182251
6123,-5.845212459564209,8.85945987701416
6124,-9.096142768859863,-3.0490589141845703
6125,-6.707663059234619,-2.4753310680389404
6126,-30.63294792175293,12.656142234802246
6127,15.165510177612305,-2.9869275093078613
6128,0.6558963060379028,-0.2515490651130676
6129,1.9271197319030762,-2.7929837703704834
6130,-1.8947004079818726,7.365721702575684
6131,-9.560108184814453,-7.240579128265381
6132,0.04249320924282074,1.9347546100616455
6133,-2.2677114009857178,10.884509086608887
6134,-0.2746632695198059,1.721585750579834
6135,2.507342576980591,-3.6592750549316406
6136,-1.5597202777862549,-3.118680953979492
6137,1.1793185472488403,-1.6602298021316528
6138,0.012684881687164307,-2.212599754333496
6139,-0.308449387550354,3.18107533454895
6140,6.582421779632568,-3.662529230117798
6141,-2.2810120582580566,6.362229824066162
6142,-0.5124483704566956,10.920710563659668
6143,-1.4734848737716675,3.82727313041687
6144,-2.285356044769287,-6.957289695739746
6145,-2.171088933944702,8.27612590789795
6146,-2.3133599758148193,11.025378227233887
6147,-2.0443103313446045,4.970372676849365
6148,-0.5918993949890137,13.970318794250488
6149,-6.657695293426514,8.161187171936035
6150,-7.594666481018066,-2.9012439250946045
6151,-3.3018624782562256,2.4706292152404785
6152,-2.948111057281494,2.5494420528411865
6153,6.070845603942871,3.619762659072876
6154,3.8770253658294678,5.069859504699707
6155,-19.958356857299805,9.587550163269043
6156,-0.33365577459335327,-0.1757684201002121
6157,0.2394312620162964,-1.21734619140625
6158,-2.167020082473755,-7.183581829071045
6159,-3.7804818153381348,-1.9182007312774658
6160,5.554842472076416,-6.302793979644775
6161,2.4942352771759033,0.9465399384498596
6162,-0.19509658217430115,-3.3792836666107178
6163,-0.8393821716308594,2.3030989170074463
6164,-4.076410293579102,-7.631235599517822
6165,-6.38274621963501,-2.056674003601074
6166,-3.6936728954315186,9.413026809692383
6167,-14.458806037902832,-5.5320000648498535
6168,5.961406230926514,-6.9077229499816895
6169,1.3678243160247803,-1.5200834274291992
6170,-7.675180912017822,-2.68086314201355
6171,8.149319648742676,-3.025860071182251
6172,3.6244726181030273,5.063655376434326
6173,-3.0920870304107666,10.266074180603027
6174,-2.4388935565948486,-6.425660133361816
6175,-4.080048084259033,3.291084051132202
6176,-2.2971339225769043,-5.868105411529541
6177,-4.577316761016846,-10.991461753845215
6178,-1.526822805404663,5.259331226348877
6179,3.830953359603882,14.097000122070312
6180,-15.511993408203125,-6.337829113006592
6181,-0.17621707916259766,-2.5145251750946045
6182,5.4560346603393555,-5.838000774383545
6183,6.344810962677002,-5.593164443969727
6184,-5.784813404083252,-11.160898208618164
6185,-5.17527961730957,6.074584007263184
6186,6.241556644439697,-4.575603008270264
6187,0.32941821217536926,16.287477493286133
6188,0.4862804710865021,-2.1730329990386963
6189,1.3083208799362183,0.869391679763794
6190,2.759953022003174,-2.518399715423584
6191,-30.919885635375977,3.2279202938079834
6192,6.393727779388428,-5.887001037597656
6193,-5.093635082244873,3.4575979709625244
6194,-1.1241998672485352,0.8974278569221497
6195,-7.350844860076904,7.071508884429932
6196,-7.742074966430664,-2.24396014213562
6197,-1.5645633935928345,8.430140495300293
6198,-2.6392149925231934,11.037980079650879
6199,-3.519026279449463,-9.161677360534668
6200,-7.052777290344238,-4.1215949058532715
6201,9.29564094543457,7.438756465911865
6202,-4.224456310272217,1.617600917816162
6203,-10.604942321777344,-3.0360238552093506
6204,-0.9235895872116089,3.831596612930298
6205,-10.817343711853027,-5.279590606689453
6206,-7.5324015617370605,-9.201493263244629
6207,-2.390833616256714,8.251361846923828
6208,-17.173967361450195,-5.870118618011475
6209,-9.807491302490234,3.70298171043396
6210,-2.755099296569824,10.721663475036621
6211,7.04633092880249,-1.1002947092056274
6212,-0.5864896774291992,-3.1912853717803955
6213,-2.933812379837036,1.301845669746399
6214,-2.0000863075256348,7.195160388946533
6215,-0.4088742434978485,-3.286076784133911
6216,-1.3129268884658813,3.080063581466675
6217,0.9921650886535645,-2.552090883255005
6218,-0.5010687112808228,-2.450974702835083
6219,-9.115220069885254,-1.9558664560317993
6220,-2.53206729888916,-5.968542098999023
6221,1.413809061050415,3.1817357540130615
6222,1.6524375677108765,-2.4043447971343994
6223,0.002878427505493164,0.4869558811187744
6224,-24.265493392944336,0.5762612819671631
6225,-0.012137353420257568,0.3778045177459717
6226,-9.902277946472168,-3.3856124877929688
6227,-10.708410263061523,-5.466304302215576
6228,13.277881622314453,-7.799946308135986
6229,-1.612608790397644,5.4627909660339355
6230,-6.325079441070557,7.231258869171143
6231,0.8914462327957153,1.2393770217895508
6232,0.09334045648574829,0.7631173133850098
6233,6.183524131774902,5.092525005340576
6234,1.2167856693267822,0.8677824139595032
6235,6.304908752441406,1.302124261856079
6236,2.413203477859497,-5.7999587059021
6237,0.5393601655960083,-4.473938465118408
6238,8.489401817321777,6.8932976722717285
6239,9.417509078979492,6.789059162139893
6240,-4.205644130706787,3.469883680343628
6241,-2.5938186645507812,-5.878462791442871
6242,1.5142173767089844,-1.6318340301513672
6243,5.47504997253418,-1.9422062635421753
6244,11.472810745239258,6.143710136413574
6245,-7.846982479095459,-3.1954386234283447
6246,1.4263213872909546,-4.641232013702393
6247,-0.4208817183971405,0.7331051826477051
6248,2.071693181991577,-3.859696626663208
6249,-11.578180313110352,-8.406386375427246
6250,-3.952378511428833,4.35491943359375
6251,9.834648132324219,-7.64453125
6252,-1.0545265674591064,-3.662963628768921
6253,1.1637356281280518,-3.8743367195129395
6254,0.1274406611919403,0.4376147389411926
6255,-11.049674987792969,6.386781215667725
6256,-11.832018852233887,-3.8851282596588135
6257,-3.058544397354126,10.64816951751709
6258,0.030664250254631042,0.4561590552330017
6259,-1.0620886087417603,7.509681701660156
6260,-1.4450488090515137,0.7435639500617981
6261,-3.44854736328125,10.12192440032959
6262,5.9315032958984375,11.35417366027832
6263,-7.178038120269775,-4.083246231079102
6264,6.1576642990112305,2.6504132747650146
6265,-3.712649345397949,3.7950692176818848
6266,-10.867347717285156,1.2606196403503418
6267,1.4473644495010376,-1.493322491645813
6268,-3.4016480445861816,3.1892659664154053
6269,-5.485158443450928,5.770452499389648
6270,-4.258753299713135,5.01537561416626
6271,-2.2507717609405518,0.6791945099830627
6272,-0.8898899555206299,-0.8742215037345886
6273,-0.7565157413482666,6.82277250289917
6274,0.5825738906860352,13.422053337097168
6275,-2.922898769378662,10.478153228759766
6276,-10.722957611083984,-9.343880653381348
6277,9.208230018615723,-7.321120738983154
6278,-0.615125834941864,-0.7918522357940674
6279,-0.5487313270568848,-3.6102311611175537
6280,-0.10893112421035767,1.1887686252593994
6281,-5.049062728881836,-1.8118194341659546
6282,4.162886619567871,3.107171058654785
6283,10.8152494430542,-5.241187572479248
6284,-2.566255807876587,-6.405455589294434
6285,-0.3773129880428314,-3.9525959491729736
6286,-4.982249736785889,-4.402262210845947
6287,5.908636569976807,-5.921194553375244
6288,9.474956512451172,-7.645439624786377
6289,-14.301660537719727,8.713725090026855
6290,-0.5186636447906494,1.7135554552078247
6291,-10.296378135681152,-5.668533802032471
6292,-2.3221614360809326,-9.260165214538574
6293,-1.08767569065094,6.9534125328063965
6294,0.5380208492279053,-2.296417713165283
6295,-4.377181529998779,4.978665351867676
6296,-6.284454822540283,7.298900604248047
6297,-6.584031105041504,7.797526836395264
6298,3.0687716007232666,-4.067553520202637
6299,0.658045768737793,-1.5099595785140991
6300,-3.6042230129241943,-2.5489373207092285
6301,-1.1801385879516602,3.1531424522399902
6302,9.500198364257812,-9.070988655090332
6303,10.587686538696289,7.013996124267578
6304,-15.446579933166504,-0.7388946413993835
6305,1.0289852619171143,-0.36655446887016296
6306,-1.540260910987854,4.3977437019348145
6307,6.682580471038818,-0.8626217246055603
6308,-12.693241119384766,-4.332833766937256
6309,-4.292144298553467,-6.346670150756836
6310,4.2613606452941895,5.7386579513549805
6311,0.7343095541000366,-2.438048839569092
6312,-7.004214286804199,8.509747505187988
6313,-1.595323085784912,9.525444030761719
6314,5.113213062286377,4.4081549644470215
6315,-1.7912037372589111,-4.461322784423828
6316,-10.277078628540039,-5.126287460327148
6317,4.856479167938232,-1.7658419609069824
6318,-3.5580084323883057,2.2786202430725098
6319,-5.031167030334473,5.591715335845947
6320,-2.4528865814208984,10.552062034606934
6321,2.691079616546631,-2.252631425857544
6322,0.1992204785346985,-1.8900892734527588
6323,-2.5662639141082764,7.155859470367432
6324,5.9255452156066895,-1.1071566343307495
6325,6.833485126495361,12.608975410461426
6326,2.954503297805786,-3.174787759780884
6327,1.4990466833114624,-0.3806111812591553
6328,-9.994474411010742,3.3215134143829346
6329,0.5379818677902222,-3.1757123470306396
6330,12.193072319030762,-5.8297882080078125
6331,0.7281534671783447,-1.997821569442749
6332,-10.654295921325684,-10.807494163513184
6333,1.6531710624694824,-0.30382126569747925
6334,0.5131560564041138,1.7578237056732178
6335,8.574685096740723,-8.545031547546387
6336,7.400598049163818,7.194787502288818
6337,3.4020016193389893,5.0713887214660645
6338,6.812961101531982,4.106614112854004
6339,-0.9808472394943237,13.293452262878418
6340,5.9749064445495605,0.5858954787254333
6341,-0.6176719665527344,11.924697875976562
6342,0.4744636118412018,-3.8651320934295654
6343,-8.86497688293457,-7.837374210357666
6344,-2.91719388961792,3.773395538330078
6345,-3.460556983947754,10.70486831665039
6346,-2.0185091495513916,4.055134296417236
6347,-6.253148078918457,-2.434333324432373
6348,0.32153651118278503,-1.0902681350708008
6349,-5.044299125671387,5.863806247711182
6350,-1.0135270357131958,-1.2275047302246094
6351,-3.3154213428497314,-4.20640754699707
6352,5.938168048858643,-4.892943859100342
6353,-13.208945274353027,7.447336673736572
6354,-1.0886659622192383,3.9056451320648193
6355,6.904852867126465,-6.172844886779785
6356,-21.3171329498291,-0.14484578371047974
6357,-4.009391784667969,3.760124921798706
6358,-2.5022592544555664,11.49060344696045
6359,-6.725827693939209,-3.7285494804382324
6360,-1.6782329082489014,1.5793125629425049
6361,0.41773441433906555,-2.143852710723877
6362,-2.816739797592163,8.602307319641113
6363,6.8545379638671875,8.22680377960205
6364,-7.4751410484313965,-6.742556571960449
6365,-0.9590365886688232,4.611729145050049
6366,11.574533462524414,-6.483006000518799
6367,-1.7045960426330566,10.5916166305542
6368,9.870565414428711,5.305987358093262
6369,10.204994201660156,6.72506856918335
6370,7.701633930206299,-4.847818851470947
6371,-12.654251098632812,-5.517886638641357
6372,-2.9999282360076904,6.852412223815918
6373,-4.186679840087891,4.460054874420166
6374,-0.0024307966232299805,0.8419745564460754
6375,-3.135079860687256,10.77090835571289
6376,-4.014693737030029,5.09294319152832
6377,-2.497382879257202,10.192046165466309
6378,11.864727973937988,7.369451522827148
6379,1.3325809240341187,-2.725240468978882
6380,-2.4978291988372803,-5.93007755279541
6381,6.679545879364014,-1.9600539207458496
6382,-0.12027314305305481,1.4032790660858154
6383,-2.078003406524658,14.351645469665527
6384,-3.157090902328491,10.327681541442871
6385,-3.5556323528289795,3.5508525371551514
6386,-0.40924182534217834,10.166491508483887
6387,-1.8617733716964722,9.281686782836914
6388,0.5885303020477295,-1.7371333837509155
6389,-11.316505432128906,-5.164690971374512
6390,-4.306972026824951,-11.209352493286133
6391,-6.364180564880371,6.927164077758789
6392,-1.472316026687622,-4.386155128479004
6393,-9.737582206726074,-2.8173229694366455
6394,-12.30286979675293,-5.9947381019592285
6395,-1.9135878086090088,-4.772538185119629
6396,8.281816482543945,6.697342395782471
6397,-3.087541341781616,7.960378170013428
6398,-0.5475183725357056,1.5579493045806885
6399,1.2814418077468872,-0.1274368166923523
6400,-11.217025756835938,-7.365488052368164
6401,-6.311892986297607,5.401713848114014
6402,4.223698616027832,14.573531150817871
6403,-9.57616901397705,2.8163859844207764
6404,-16.778060913085938,-6.955784320831299
6405,-0.40713754296302795,-2.1011247634887695
6406,-1.790763258934021,-1.6168491840362549
6407,-9.412408828735352,-9.105741500854492
6408,7.4962477684021,-9.008872985839844
6409,-9.937973022460938,-8.90651798248291
6410,-1.0656609535217285,3.991737127304077
6411,11.260907173156738,6.81629753112793
6412,-9.879945755004883,-2.915379524230957
6413,-1.7714152336120605,-3.7899065017700195
6414,-2.9871556758880615,9.526734352111816
6415,-12.04952621459961,-7.8457441329956055
6416,4.068943500518799,-6.2304911613464355
6417,-12.698127746582031,-4.866475582122803
6418,0.40874162316322327,-2.9388012886047363
6419,-5.550680637359619,5.80714225769043
6420,1.1334881782531738,-2.4018092155456543
6421,6.639720439910889,-5.099727153778076
6422,-8.999771118164062,-9.759303092956543
6423,-9.306604385375977,-2.772599220275879
6424,-2.822331428527832,11.108973503112793
6425,-3.2841522693634033,3.8564319610595703
6426,-7.9076619148254395,-12.114238739013672
6427,-1.2961093187332153,9.238253593444824
6428,2.9481394290924072,14.216801643371582
6429,0.5498764514923096,-2.5313658714294434
6430,-8.171530723571777,-6.10892391204834
6431,0.46677425503730774,-1.860353708267212
6432,0.17082959413528442,-0.40398693084716797
6433,-6.32090425491333,-1.0254738330841064
6434,-1.4059522151947021,6.764182090759277
6435,-20.866426467895508,-0.026792295277118683
6436,-11.436639785766602,-10.23304557800293
6437,6.131092548370361,-3.808603286743164
6438,1.1024737358093262,-2.4143221378326416
6439,-3.3634297847747803,1.9358880519866943
6440,1.5877645015716553,13.251341819763184
6441,-5.797826290130615,5.741254806518555
6442,-5.768078804016113,7.383625030517578
6443,-0.1279158592224121,1.113222599029541
6444,-4.6120405197143555,-7.061107635498047
6445,2.3378612995147705,0.6049686074256897
6446,-3.4483482837677,4.872880935668945
6447,-0.4655112624168396,2.033278465270996
6448,5.38953161239624,0.5070574879646301
6449,2.841157913208008,0.7095673084259033
6450,-3.567976713180542,2.6788063049316406
6451,11.8834810256958,6.462965488433838
6452,-8.119420051574707,-7.276893138885498
6453,2.296369791030884,-3.905388593673706
6454,-1.1678547859191895,5.5183329582214355
6455,-0.030100971460342407,2.5762009620666504
6456,-3.9773952960968018,11.755023956298828
6457,-9.284015655517578,-8.954168319702148
6458,-2.1774301528930664,-2.9589006900787354
6459,9.118020534515381e-05,0.48555803298950195
6460,-17.069345474243164,-6.095871448516846
6461,-7.8776936531066895,-5.06029748916626
6462,-8.413776397705078,-7.8543243408203125
6463,-3.531348466873169,3.6785080432891846
6464,4.3064351081848145,5.713806629180908
6465,-13.463653564453125,8.143635749816895
6466,10.118715286254883,-7.434860706329346
6467,0.052203401923179626,0.6084550619125366
6468,3.106994152069092,-5.015471458435059
6469,-12.12527847290039,-7.6844682693481445
6470,-4.902254581451416,4.937597274780273
6471,9.260608673095703,-8.919279098510742
6472,-1.3965386152267456,2.765230894088745
6473,1.6975442171096802,13.557438850402832
6474,-3.2560036182403564,-6.74417781829834
6475,-0.8474169969558716,5.187396049499512
6476,1.3139209747314453,0.34048449993133545
6477,-2.2531445026397705,8.876580238342285
6478,-1.8689779043197632,10.610832214355469
6479,-27.770830154418945,3.0266146659851074
6480,-2.308838129043579,7.660093784332275
6481,-1.7878761291503906,2.4975645542144775
6482,0.6598044633865356,2.8451037406921387
6483,4.2521796226501465,-3.243612051010132
6484,8.548799514770508,2.607844591140747
6485,-3.447359800338745,11.315225601196289
6486,-10.33526611328125,6.292582035064697
6487,-1.290492296218872,-6.0632476806640625
6488,-0.5919733047485352,13.698662757873535
6489,-5.8082804679870605,-8.161972045898438
6490,0.5172942876815796,8.041214942932129
6491,-16.659181594848633,-5.909311294555664
6492,-4.534040451049805,-8.047855377197266
6493,-12.111137390136719,-8.683450698852539
6494,0.008014261722564697,-0.2788253426551819
6495,-3.1285293102264404,1.8676822185516357
6496,-3.5563132762908936,-6.439444541931152
6497,2.888512372970581,-2.3168275356292725
6498,-5.063440799713135,-6.741699695587158
6499,-15.170394897460938,-5.240468978881836
6500,-4.156562328338623,3.7085354328155518
6501,-0.3935781717300415,-3.409945249557495
6502,-6.041923999786377,0.40435105562210083
6503,7.81154727935791,-8.368253707885742
6504,3.053180456161499,-3.857501268386841
6505,3.371549606323242,5.875087738037109
6506,-12.681461334228516,-4.206363201141357
6507,-0.010270997881889343,-2.623274326324463
6508,-2.2456376552581787,10.891813278198242
6509,-5.351664066314697,-2.0425796508789062
6510,-9.691927909851074,-9.424710273742676
6511,9.956483840942383,6.766529560089111
6512,0.462525874376297,-2.0785486698150635
6513,-14.29071044921875,6.841329097747803
6514,6.567376613616943,-6.863056659698486
6515,-1.9405393600463867,-5.290258407592773
6516,-7.9966607093811035,8.049029350280762
6517,-3.3225057125091553,-4.20672607421875
6518,-3.1010918617248535,-7.401065826416016
6519,9.131733894348145,4.466958045959473
6520,-4.279869556427002,2.8233048915863037
6521,0.45788511633872986,1.4482606649398804
6522,-10.566544532775879,-7.112019062042236
6523,-13.734642028808594,-4.4974164962768555
6524,3.1775076389312744,-2.919726610183716
6525,-14.341852188110352,9.28464412689209
6526,-17.558820724487305,-6.435736179351807
6527,-2.9160823822021484,-0.7015656232833862
6528,-0.036446988582611084,-1.5489121675491333
6529,-1.246208906173706,1.070549488067627
6530,-8.060129165649414,-4.084849834442139
6531,-1.5059844255447388,5.51450777053833
6532,-1.7858787775039673,4.2660956382751465
6533,-4.275636196136475,-9.863322257995605
6534,0.00016289949417114258,0.4134331941604614
6535,6.806685924530029,-7.955953121185303
6536,-2.183694839477539,10.991568565368652
6537,-6.0590901374816895,-3.935018539428711
6538,2.961052179336548,-0.44361716508865356
6539,-5.310359477996826,-3.786545515060425
6540,-11.87864875793457,-8.051067352294922
6541,-0.664244532585144,7.765233516693115
6542,-2.3006832599639893,9.50612735748291
6543,1.2503647804260254,1.0350672006607056
6544,2.2150800228118896,-2.467365026473999
6545,4.0734429359436035,-4.387145519256592
6546,2.454113721847534,14.962532997131348
6547,1.0996946096420288,-0.28822579979896545
6548,-13.807153701782227,-5.299621105194092
6549,-0.21853995323181152,1.2955029010772705
6550,-1.616076946258545,-2.0162622928619385
6551,-2.2945451736450195,-8.215750694274902
6552,-4.542161464691162,4.4963765144348145
6553,-0.9029438495635986,-3.7462966442108154
6554,-1.6150606870651245,-7.603940486907959
6555,-0.23331499099731445,-4.02908182144165
6556,-9.31365966796875,-3.342120885848999
6557,9.42984390258789,3.5225656032562256
6558,-1.1469722986221313,4.704407215118408
6559,1.063485026359558,-0.5936333537101746
6560,-5.961216926574707,6.88149881362915
6561,1.5204343795776367,-4.548904895782471
6562,-2.243927478790283,9.43281078338623
6563,9.897454261779785,-4.084429740905762
6564,0.9207178354263306,-2.2078378200531006
6565,4.820798397064209,-5.14115571975708
6566,-0.016882359981536865,0.6230136752128601
6567,-13.397185325622559,-6.76102352142334
6568,0.5211066007614136,1.2426326274871826
6569,5.040842533111572,-4.137950420379639
6570,-0.8759344816207886,0.4365866184234619
6571,-3.2389214038848877,6.95155668258667
6572,6.01959753036499,6.9896559715271
6573,1.3558685779571533,0.18435382843017578
6574,-0.03215402364730835,0.5446145534515381
6575,5.473211765289307,15.56594181060791
6576,6.537105083465576,12.013815879821777
6577,7.266087532043457,-9.716354370117188
6578,-8.80923843383789,-8.730330467224121
6579,1.7242952585220337,-2.6257846355438232
6580,-6.379954814910889,-2.6085751056671143
6581,-1.183038353919983,-6.023705005645752
6582,-0.985360860824585,2.7374353408813477
6583,-5.220712661743164,6.326852321624756
6584,1.1008400917053223,-1.7242860794067383
6585,1.3855247497558594,0.7987342476844788
6586,-6.514040470123291,5.748323440551758
6587,-2.586439609527588,-6.550804138183594
6588,-5.956289768218994,5.5692877769470215
6589,1.760329246520996,-3.5228335857391357
6590,-8.878312110900879,-2.895873546600342
6591,0.01597936451435089,0.49046212434768677
6592,0.8814512491226196,-1.9401861429214478
6593,0.12598639726638794,2.836879014968872
6594,-12.493650436401367,-6.63965368270874
6595,3.978693723678589,-3.1608150005340576
6596,0.48522356152534485,-3.8907201290130615
6597,2.293409585952759,17.937620162963867
6598,-2.635118246078491,6.086410999298096
6599,8.501459121704102,-0.21293026208877563
6600,-1.7544190883636475,7.763193607330322
6601,0.4743169844150543,-2.0764317512512207
6602,-27.89373207092285,3.271989583969116
6603,-4.353986740112305,5.006409168243408
6604,-14.764606475830078,-8.254288673400879
6605,2.3736205101013184,-2.1889865398406982
6606,-1.2780450582504272,7.618035793304443
6607,-2.61470103263855,2.024153470993042
6608,-0.35665231943130493,2.0848562717437744
6609,-8.071362495422363,-4.682295799255371
6610,-0.11910566687583923,6.515573024749756
6611,-14.263639450073242,9.083818435668945
6612,-13.718965530395508,-3.862241506576538
6613,2.020085573196411,-2.655172824859619
6614,-3.0214898586273193,10.825711250305176
6615,6.0163350105285645,-1.5881812572479248
6616,6.781957626342773,3.878284215927124
6617,-5.191854953765869,-5.838425636291504
6618,-3.068028450012207,1.555506944656372
6619,-0.499663382768631,2.2560083866119385
6620,5.308670520782471,-5.158660411834717
6621,-2.6919190883636475,12.939220428466797
6622,0.14277052879333496,-0.5183182954788208
6623,-9.511151313781738,5.932199478149414
6624,2.4640920162200928,-2.8507230281829834
6625,-1.6782217025756836,-5.753015041351318
6626,-4.153644561767578,-9.643263816833496
6627,-23.650259017944336,5.549452304840088
6628,0.4282502233982086,1.143375039100647
6629,-3.8949239253997803,3.8505804538726807
6630,-2.040370464324951,-3.544370651245117
6631,1.4721753597259521,0.7925966382026672
6632,-3.7727372646331787,1.6811017990112305
6633,-5.375892639160156,5.623752593994141
6634,-6.216154098510742,7.273019313812256
6635,-3.475680112838745,11.941716194152832
6636,0.05138692259788513,0.5199822783470154
6637,3.251230478286743,-2.4949305057525635
6638,3.7501027584075928,-7.28125
6639,1.445449948310852,-5.044532299041748
6640,6.397881507873535,-1.3978257179260254
6641,-8.316567420959473,-6.3565473556518555
6642,6.127450466156006,-6.816298961639404
6643,-5.037073135375977,6.469226837158203
6644,-2.741515636444092,2.1724355220794678
6645,1.270283579826355,0.4263934791088104
6646,-12.219320297241211,-8.74860954284668
6647,-4.8952436447143555,-2.123687982559204
6648,-25.8048152923584,5.252792835235596
6649,-6.837496280670166,-6.8635663986206055
6650,-4.953548908233643,-5.904216289520264
6651,-12.28549861907959,-3.151618480682373
6652,-4.678911209106445,4.05265474319458
6653,13.476714134216309,-6.60302734375
6654,-22.227109909057617,9.748705863952637
6655,-6.650462627410889,11.778176307678223
6656,-0.8337684869766235,1.3089131116867065
6657,-3.8790411949157715,12.533617973327637
6658,-1.6573861837387085,-4.802783012390137
6659,-7.099002838134766,-4.1634650230407715
6660,4.230814456939697,-3.9568164348602295
6661,-0.22612647712230682,0.39991647005081177
6662,1.1401704549789429,1.3398323059082031
6663,3.0667266845703125,11.302861213684082
6664,1.1983298063278198,0.3007051646709442
6665,-17.363880157470703,-6.046628952026367
6666,3.088397264480591,13.993062019348145
6667,-2.3097963333129883,3.2140285968780518
6668,1.7436623573303223,-5.092635631561279
6669,-2.690427541732788,-8.356790542602539
6670,-5.1965484619140625,6.050073623657227
6671,-2.150559663772583,4.410046577453613
6672,4.230057239532471,-4.973582744598389
6673,-1.8587610721588135,-6.149083137512207
6674,2.0371103286743164,3.546264410018921
6675,-3.097205877304077,12.802597045898438
6676,-0.8536746501922607,1.4611713886260986
6677,-11.526466369628906,6.143478870391846
6678,-4.720766544342041,-4.041556358337402
6679,5.5996294021606445,-2.3907864093780518
6680,-2.847816228866577,8.128183364868164
6681,7.56672477722168,-1.3363474607467651
6682,0.37170174717903137,-2.215149164199829
6683,-1.5541911125183105,9.879467964172363
6684,-10.879680633544922,-7.437087535858154
6685,-15.870479583740234,-6.8909525871276855
6686,0.6219843626022339,15.976054191589355
6687,-14.716334342956543,-7.386423110961914
6688,-8.220852851867676,-6.819372653961182
6689,-2.18786358833313,7.07764196395874
6690,-10.180556297302246,-3.4908647537231445
6691,-9.46164321899414,-3.157392978668213
6692,2.9369993209838867,-1.9753800630569458
6693,-12.960972785949707,-9.525328636169434
6694,-9.160279273986816,-5.401066303253174
6695,-3.3381054401397705,1.112436056137085
6696,-0.05747328698635101,-0.5305789113044739
6697,-4.106634616851807,2.6622183322906494
6698,0.6794755458831787,-2.4352476596832275
6699,-0.8322570323944092,7.216872215270996
6700,-3.5308895111083984,1.9577395915985107
6701,-12.705493927001953,-3.4162492752075195
6702,10.96324348449707,-1.3825887441635132
6703,-3.2109668254852295,3.1387569904327393
6704,-0.3705763816833496,-3.7296302318573
6705,4.051315784454346,9.288893699645996
6706,-9.733455657958984,-10.03710651397705
6707,-5.304357051849365,5.96315860748291
6708,-0.8247667551040649,-0.4315401315689087
6709,0.8491475582122803,-3.065326452255249
6710,5.898283004760742,14.06484317779541
6711,9.43583869934082,-8.658687591552734
6712,9.586278915405273,-7.2722039222717285
6713,-1.6369253396987915,3.9624006748199463
6714,0.9422252178192139,-4.826992988586426
6715,5.69565486907959,-4.021292209625244
6716,0.3861452043056488,-3.5432236194610596
6717,4.567320346832275,5.662256240844727
6718,2.729116678237915,-1.4442458152770996
6719,-10.553727149963379,-6.967830181121826
6720,0.8414196968078613,10.415411949157715
6721,2.285684823989868,12.811795234680176
6722,5.532176971435547,2.101588726043701
6723,-0.3512771725654602,13.972638130187988
6724,0.7245876789093018,-2.6044697761535645
6725,14.625252723693848,-2.0768961906433105
6726,-1.5085633993148804,11.821859359741211
6727,-0.10649558901786804,7.68941068649292
6728,0.06255584955215454,1.5990874767303467
6729,2.967912435531616,-5.867797374725342
6730,5.84079122543335,-6.705708026885986
6731,-4.737009525299072,4.79035758972168
6732,0.6361194849014282,-2.204662561416626
6733,-0.3095429241657257,1.7946323156356812
6734,3.071838617324829,-2.203050136566162
6735,-2.905071258544922,-6.88906717300415
6736,-0.6076646447181702,1.9847567081451416
6737,-0.650823712348938,11.52683162689209
6738,-2.1692886352539062,10.75043773651123
6739,5.613532543182373,-4.504465103149414
6740,-0.36149734258651733,-2.98968505859375
6741,-12.662537574768066,-0.24753770232200623
6742,1.5144637823104858,14.371269226074219
6743,-5.027595043182373,4.632747650146484
6744,0.39429160952568054,14.575891494750977
6745,-9.000864028930664,11.024861335754395
6746,-2.1905806064605713,-4.482538223266602
6747,-2.1917362213134766,10.298172950744629
6748,-11.98939323425293,-4.165369510650635
6749,-9.185632705688477,5.2380781173706055
6750,-0.05065286159515381,0.7641456127166748
6751,2.8319389820098877,-4.426550388336182
6752,4.551959037780762,-1.1439671516418457
6753,-24.11469268798828,0.28333574533462524
6754,4.060621738433838,-0.20251980423927307
6755,-1.045518159866333,11.674506187438965
6756,-0.8332023620605469,0.12403406947851181
6757,-0.2778122127056122,-4.046076774597168
6758,3.6133904457092285,1.0559501647949219
6759,0.7325241565704346,-1.876887559890747
6760,-9.563547134399414,-3.5098822116851807
6761,-6.139800548553467,-7.5525736808776855
6762,-0.6824241876602173,-4.0250091552734375
6763,-43.152645111083984,8.326558113098145
6764,0.3706022799015045,-1.9641222953796387
6765,3.2230944633483887,-1.4356927871704102
6766,0.04913213849067688,0.48473626375198364
6767,-10.161233901977539,-9.479825019836426
6768,-9.753081321716309,-4.742693901062012
6769,-9.21816349029541,9.315583229064941
6770,-22.485319137573242,0.05186217278242111
6771,-1.2751498222351074,3.151401996612549
6772,-2.961944341659546,8.700125694274902
6773,2.4407598972320557,-3.5174171924591064
6774,-1.600022554397583,7.147537708282471
6775,-2.9024124145507812,3.952255964279175
6776,-14.944747924804688,-5.084541320800781
6777,-0.6428353786468506,-2.9667959213256836
6778,-17.021921157836914,-6.269214153289795
6779,7.441858768463135,2.468226671218872
6780,-0.49313095211982727,13.560395240783691
6781,0.6820309162139893,-5.374037265777588
6782,1.4583768844604492,-5.210189342498779
6783,-1.6008343696594238,3.6503000259399414
6784,-17.837135314941406,-5.342998027801514
6785,-3.0248606204986572,7.59017276763916
6786,-6.253848552703857,-10.12833309173584
6787,-1.732007622718811,0.43487387895584106
6788,2.415316343307495,-1.8987406492233276
6789,0.6442843675613403,-1.4822827577590942
6790,0.8624060153961182,-1.3720369338989258
6791,0.5015983581542969,3.9498088359832764
6792,0.0007837861776351929,0.5813683867454529
6793,3.632291793823242,-5.183292388916016
6794,-6.748137950897217,-11.2457857131958
6795,0.3580199182033539,-0.1677282154560089
6796,14.840677261352539,-5.660860061645508
6797,-30.023035049438477,4.913729190826416
6798,-4.273200511932373,4.9117631912231445
6799,-1.355832576751709,7.160978317260742
6800,1.6724544763565063,0.42826396226882935
6801,2.4240376949310303,16.18555450439453
6802,0.474638968706131,12.848392486572266
6803,-11.716620445251465,-10.999384880065918
6804,0.40875378251075745,-2.1788411140441895
6805,0.6351406574249268,-1.7291605472564697
6806,2.4082067012786865,-2.424156427383423
6807,-5.259970188140869,-4.514777660369873
6808,-1.8370168209075928,-3.272045850753784
6809,-2.462069272994995,-6.615996360778809
6810,-6.825815677642822,-10.260473251342773
6811,-2.5884714126586914,-6.6503682136535645
6812,-0.9408745765686035,3.635038137435913
6813,1.0706827640533447,-1.1715737581253052
6814,-5.849669933319092,-10.261656761169434
6815,-1.0052992105484009,1.2141159772872925
6816,5.831429481506348,1.879194974899292
6817,-14.949909210205078,6.947857856750488
6818,-4.080350875854492,3.999664068222046
6819,-0.5671021342277527,2.6478865146636963
6820,-0.3355642259120941,9.559723854064941
6821,-0.8531213998794556,-0.5387448668479919
6822,-0.18284261226654053,1.0775301456451416
6823,10.493735313415527,6.6165080070495605
6824,-0.28356391191482544,1.7320599555969238
6825,0.07985708117485046,8.846624374389648
6826,7.0460991859436035,-5.588132381439209
6827,-1.9986884593963623,6.365870475769043
6828,-11.064395904541016,-4.776207447052002
6829,-5.317290306091309,-2.1189515590667725
6830,-14.400487899780273,-6.1549811363220215
6831,7.041078090667725,-5.775245189666748
6832,-20.97492790222168,-0.9828095436096191
6833,-16.57070541381836,8.571629524230957
6834,-4.664164066314697,-3.7107419967651367
6835,1.4347705841064453,-5.411702632904053
6836,9.26436996459961,-7.222261905670166
6837,-10.91640853881836,3.049750566482544
6838,6.9239630699157715,6.8670735359191895
6839,-2.9490139484405518,7.767223358154297
6840,-2.4407095909118652,-5.772830963134766
6841,11.186517715454102,-5.254795074462891
6842,-3.2101058959960938,13.552793502807617
6843,-14.417814254760742,-7.512073040008545
6844,6.6695637702941895,0.6081846952438354
6845,6.47779655456543,-2.1700057983398438
6846,-1.1453678607940674,0.120218925178051
6847,0.4084475338459015,-1.0249395370483398
6848,-0.6939038038253784,3.156386137008667
6849,-13.749702453613281,-0.7943679094314575
6850,-1.268848180770874,6.430786609649658
6851,-2.6276965141296387,-10.583517074584961
6852,-3.9491994380950928,5.226695537567139
6853,-1.4705040454864502,7.587934970855713
6854,-4.393777370452881,-3.308123826980591
6855,-2.811889171600342,-6.4186625480651855
6856,-0.4266241192817688,8.266310691833496
6857,4.315012454986572,-1.2700399160385132
6858,6.20781135559082,14.903923034667969
6859,-10.944244384765625,-11.0986328125
6860,-3.748767614364624,3.472916603088379
6861,6.020379543304443,-6.716563701629639
6862,-30.687570571899414,4.194389820098877
6863,0.45306089520454407,-1.3733303546905518
6864,-8.671513557434082,7.525818347930908
6865,-1.1561288833618164,4.169155120849609
6866,-0.8268797397613525,-4.220109462738037
6867,1.098795771598816,-0.3581635653972626
6868,2.5300071239471436,-0.7073130011558533
6869,-0.6325016021728516,-4.056848526000977
6870,1.0411875247955322,-3.2936623096466064
6871,-1.036521553993225,5.878121376037598
6872,-1.9368491172790527,10.004858016967773
6873,-0.3516126275062561,-0.4961363673210144
6874,0.26500624418258667,-0.02355622500181198
6875,0.048101186752319336,2.6998536586761475
6876,9.058820724487305,-8.05498218536377
6877,-20.794965744018555,-0.5892691612243652
6878,-1.1450320482254028,1.780841588973999
6879,-0.28336402773857117,1.5482457876205444
6880,1.0543148517608643,0.5644137859344482
6881,-3.102187395095825,1.9972047805786133
6882,-1.7693321704864502,8.079975128173828
6883,2.766631841659546,-4.085024833679199
6884,-3.132429361343384,-4.473926544189453
6885,-0.8627312183380127,-2.8655781745910645
6886,-1.8568291664123535,6.805490970611572
6887,6.816014766693115,-7.260364055633545
6888,-1.222513198852539,0.9069082140922546
6889,-3.0585110187530518,-8.229137420654297
6890,-8.022394180297852,-1.566265344619751
6891,-0.37742266058921814,10.728703498840332
6892,-14.04117202758789,-4.064350605010986
6893,3.3005831241607666,9.845820426940918
6894,-1.578381061553955,10.356999397277832
6895,-0.9023047685623169,1.6490662097930908
6896,-14.271449089050293,-4.690097332000732
6897,-14.729222297668457,-4.912980556488037
6898,8.239557266235352,-8.877930641174316
6899,-2.380497455596924,5.003074645996094
6900,-8.645101547241211,-8.964581489562988
6901,-2.2107584476470947,-8.280074119567871
6902,-5.255077838897705,6.857799530029297
6903,-3.7103404998779297,3.682325601577759
6904,-11.815403938293457,-8.2999267578125
6905,6.121764659881592,-5.529482364654541
6906,3.407299757003784,-2.4401090145111084
6907,-16.746244430541992,8.40916633605957
6908,-6.288340091705322,-8.598213195800781
6909,-7.566599369049072,-2.8700339794158936
6910,-13.131837844848633,-9.223655700683594
6911,-17.562482833862305,9.644197463989258
6912,0.6759661436080933,-1.9780385494232178
6913,-1.578389048576355,3.136317491531372
6914,-1.3530614376068115,-0.23826712369918823
6915,4.243984699249268,5.351129055023193
6916,6.324408054351807,-2.1823151111602783
6917,-0.8908681869506836,3.3523266315460205
6918,-1.964779257774353,-6.644186973571777
6919,-2.1876893043518066,9.287271499633789
6920,10.182689666748047,-7.774672031402588
6921,-10.318166732788086,-5.598984241485596
6922,-10.172252655029297,-3.698024034500122
6923,6.037569522857666,-1.213134765625
6924,5.9616169929504395,3.7158305644989014
6925,9.046610832214355,3.450228214263916
6926,-2.0063998699188232,-5.2759809494018555
6927,0.056825995445251465,0.3987988233566284
6928,-2.4021170139312744,7.49716329574585
6929,2.959714651107788,-2.2054643630981445
6930,-13.387857437133789,-3.3668527603149414
6931,-7.444473743438721,-4.496597766876221
6932,-10.430418014526367,-10.671781539916992
6933,0.379029244184494,-1.5674766302108765
6934,-6.5242180824279785,-9.240279197692871
6935,-41.54208755493164,11.945438385009766
6936,5.952301025390625,5.998009204864502
6937,-14.985591888427734,-7.529345989227295
6938,5.572771072387695,5.642039775848389
6939,-16.630891799926758,-0.24594944715499878
6940,-7.112720966339111,8.133952140808105
6941,2.660409450531006,17.8678035736084
6942,-4.775516986846924,4.997733116149902
6943,-0.056018173694610596,0.7378955483436584
6944,-2.937394857406616,3.95501446723938
6945,5.474271774291992,3.1886215209960938
6946,-1.726144790649414,-2.1656312942504883
6947,-5.265091419219971,-6.722339153289795
6948,4.732086181640625,10.451881408691406
6949,-9.499381065368652,-3.2342066764831543
6950,-6.0245490074157715,-10.172861099243164
6951,-17.560049057006836,3.578608751296997
6952,6.749908924102783,-1.553426742553711
6953,1.4421005249023438,3.7314538955688477
6954,-30.863935470581055,4.223582744598389
6955,-13.542476654052734,0.14686822891235352
6956,5.884764194488525,13.767840385437012
6957,-6.404141902923584,-8.508332252502441
6958,-3.786519765853882,-1.6940364837646484
6959,-2.5081865787506104,3.7127761840820312
6960,-1.0763376951217651,0.46089714765548706
6961,13.849050521850586,-4.581292629241943
6962,0.6618751287460327,3.4072916507720947
6963,0.6223292350769043,-2.4144294261932373
6964,6.1420111656188965,-1.1579866409301758
6965,2.0675253868103027,1.8120477199554443
6966,-1.924501895904541,-6.524263858795166
6967,-8.785969734191895,-4.843807697296143
6968,1.857442855834961,-0.44237518310546875
6969,-18.10102653503418,10.041476249694824
6970,-7.407303333282471,-2.9019758701324463
6971,3.958986520767212,0.8922567367553711
6972,5.75059175491333,2.7373650074005127
6973,5.248733997344971,-4.7574076652526855
6974,2.591398239135742,-0.5420538187026978
6975,-1.8946081399917603,5.037660121917725
6976,3.150892496109009,-1.9870901107788086
6977,7.306792736053467,-1.3699076175689697
6978,-11.039670944213867,-5.795437335968018
6979,-3.6088836193084717,-8.283259391784668
6980,-1.3488999605178833,2.0323119163513184
6981,-1.119593858718872,3.8312439918518066
6982,1.1805511713027954,-0.5275076627731323
6983,1.0728023052215576,-2.547569513320923
6984,0.03913435339927673,3.6766300201416016
6985,6.884686470031738,-7.997711658477783
6986,-8.129161834716797,-7.467365264892578
6987,-13.980619430541992,-6.890572547912598
6988,10.185745239257812,6.303377151489258
6989,0.5182920694351196,1.6769344806671143
6990,-20.38737678527832,0.15692898631095886
6991,0.2761116921901703,-1.507964849472046
6992,5.121777057647705,-2.0574350357055664
6993,-1.5991017818450928,4.553729057312012
6994,4.1770405769348145,5.156957626342773
6995,4.449545383453369,5.321919918060303
6996,-0.7825794219970703,-3.1469061374664307
6997,-2.7442774772644043,-0.5461790561676025
6998,-4.392850875854492,-5.165421962738037
6999,9.027990341186523,-5.974874019622803
7000,-12.924083709716797,-7.581124782562256
7001,-0.5249311923980713,-1.3309190273284912
7002,7.8677287101745605,-7.514232158660889
7003,-0.2907404601573944,-2.3424487113952637
7004,-4.700582981109619,5.226524353027344
7005,-4.181872367858887,-1.938968300819397
7006,-6.854438304901123,11.770272254943848
7007,-20.179603576660156,0.6604089140892029
7008,-2.6472928524017334,1.5273621082305908
7009,1.0378429889678955,1.3772244453430176
7010,-1.4547505378723145,3.8417351245880127
7011,0.3773442208766937,-1.4736331701278687
7012,-2.7441861629486084,12.729449272155762
7013,-2.034830093383789,-3.6637048721313477
7014,-17.051067352294922,-4.8005805015563965
7015,-0.4212622344493866,2.0974509716033936
7016,-2.7998344898223877,10.115263938903809
7017,0.389302521944046,-2.5281288623809814
7018,-3.4852139949798584,3.0331168174743652
7019,-0.01650892198085785,0.5507053136825562
7020,7.1537346839904785,-0.569961667060852
7021,7.338904857635498,-0.434173047542572
7022,-0.0626186728477478,0.8263625502586365
7023,7.461561679840088,-6.9584879875183105
7024,6.587325572967529,-1.0228829383850098
7025,-2.5396015644073486,5.388704299926758
7026,-1.807234764099121,4.953759670257568
7027,-2.953805446624756,2.3254542350769043
7028,0.3266604542732239,-1.692171573638916
7029,0.018669724464416504,0.6268059611320496
7030,7.840091228485107,-7.423611640930176
7031,-2.5239458084106445,6.1495680809021
7032,6.622974395751953,0.8486073613166809
7033,0.8648006916046143,-3.4078826904296875
7034,-2.422531843185425,4.130932331085205
7035,1.4122958183288574,-4.557816028594971
7036,-0.2261355221271515,1.4183228015899658
7037,0.7790553569793701,-3.6342082023620605
7038,2.1140029430389404,-5.6911940574646
7039,-9.474370002746582,-1.052870512008667
7040,-2.2334372997283936,10.59166431427002
7041,-0.011233925819396973,1.7826926708221436
7042,-1.5662999153137207,2.478309392929077
7043,-3.0289535522460938,2.323678731918335
7044,6.741455554962158,-4.605432987213135
7045,0.038147538900375366,0.4878358244895935
7046,9.806861877441406,-7.291919231414795
7047,12.66036319732666,-6.017908096313477
7048,6.51007080078125,6.53544282913208
7049,5.104462623596191,-1.3138349056243896
7050,-37.04140090942383,6.721031188964844
7051,-12.20779037475586,-5.453790187835693
7052,6.644017219543457,-5.561600685119629
7053,3.4347095489501953,13.259400367736816
7054,-2.542706251144409,-6.132014751434326
7055,-9.913154602050781,-5.56088399887085
7056,3.837636709213257,12.905781745910645
7057,-13.86137580871582,-4.302814960479736
7058,-7.805985927581787,-7.286468982696533
7059,-24.12666130065918,1.7641465663909912
7060,-5.140998840332031,-4.016386032104492
7061,-15.062987327575684,-4.475383281707764
7062,1.5356602668762207,0.914955198764801
7063,4.053574085235596,5.531753063201904
7064,7.131904125213623,-7.299564361572266
7065,-8.46095085144043,-3.9748148918151855
7066,-0.508342444896698,-3.6407909393310547
7067,-14.488082885742188,-4.081603527069092
7068,-3.483585834503174,9.854456901550293
7069,-6.252072334289551,-2.403709650039673
7070,-6.645476341247559,-3.1727635860443115
7071,1.0299303531646729,-3.488102674484253
7072,-7.719644069671631,-11.892085075378418
7073,-11.601640701293945,-10.932235717773438
7074,-2.3740286827087402,5.85786247253418
7075,0.8490324020385742,-2.3078773021698
7076,11.128206253051758,5.8328070640563965
7077,-17.170246124267578,-6.747483730316162
7078,-0.02839130163192749,-1.399022102355957
7079,-4.078752517700195,4.237055778503418
7080,3.3121557235717773,10.094534873962402
7081,-5.8490376472473145,-2.455278158187866
7082,1.2198472023010254,-0.4010268747806549
7083,5.079270839691162,-4.141259670257568
7084,-1.6797659397125244,4.976589679718018
7085,1.0228216648101807,-0.8297198414802551
7086,-10.541325569152832,-0.1631832718849182
7087,-12.604161262512207,-3.4227218627929688
7088,15.328458786010742,-6.496091365814209
7089,-2.1077473163604736,7.446132183074951
7090,-4.2140631675720215,-3.738128185272217
7091,6.01519250869751,7.500953197479248
7092,-10.39262866973877,-2.4586589336395264
7093,-2.8854339122772217,-7.4209418296813965
7094,-10.38744831085205,-3.5433475971221924
7095,-1.3836390972137451,0.8444610238075256
7096,1.4090505838394165,-0.5569354295730591
7097,7.055114269256592,5.648393154144287
7098,-2.9013965129852295,-9.589714050292969
7099,3.0976226329803467,0.45655614137649536
7100,4.863082408905029,-0.5454841256141663
7101,-2.3995778560638428,-7.995596885681152
7102,-1.6092764139175415,2.058708667755127
7103,-1.0214670896530151,3.7765989303588867
7104,0.0401870459318161,0.4917418360710144
7105,-2.9031455516815186,9.033895492553711
7106,4.606072902679443,-4.77714204788208
7107,-2.030863046646118,5.985671043395996
7108,-1.355147123336792,9.313715934753418
7109,3.0049140453338623,0.871991753578186
7110,-2.3179173469543457,6.24987268447876
7111,-0.5531641244888306,1.8377798795700073
7112,-14.987892150878906,-6.187626361846924
7113,-0.3029532730579376,-2.741666793823242
7114,-3.174152135848999,9.1496000289917
7115,6.693221569061279,-5.202272891998291
7116,6.031905651092529,-6.7282328605651855
7117,2.6887195110321045,-4.570076942443848
7118,5.018082141876221,8.731082916259766
7119,-0.9514472484588623,5.944647312164307
7120,3.259397506713867,13.939032554626465
7121,0.995780348777771,-1.8622896671295166
7122,6.427046298980713,-5.083657741546631
7123,-1.7604904174804688,-4.1542253494262695
7124,-0.2483692318201065,1.5926930904388428
7125,-1.8075926303863525,2.5956921577453613
7126,-10.471797943115234,-4.040185928344727
7127,10.426739692687988,6.684397220611572
7128,1.2108592987060547,-0.4206678569316864
7129,0.6439275741577148,-4.871362209320068
7130,9.239524841308594,7.379360198974609
7131,-1.0805057287216187,0.8005871176719666
7132,1.1986764669418335,1.2441707849502563
7133,-2.4212124347686768,1.0976111888885498
7134,0.16963320970535278,-1.804595708847046
7135,-2.4386355876922607,7.9561543464660645
7136,-8.044702529907227,8.620843887329102
7137,8.566352844238281,-5.655282497406006
7138,1.3269495964050293,-0.17041146755218506
7139,3.5980043411254883,15.520698547363281
7140,-2.7826433181762695,8.131314277648926
7141,4.165426254272461,-3.778003454208374
7142,-3.3888633251190186,8.536370277404785
7143,-2.1828649044036865,-4.5421929359436035
7144,-4.519396781921387,4.859675884246826
7145,0.09209549427032471,4.12225341796875
7146,-5.121397972106934,0.1243770644068718
7147,8.543071746826172,7.316039562225342
7148,-2.0518453121185303,5.617077827453613
7149,-3.2104151248931885,8.615726470947266
7150,-14.992782592773438,-4.201618671417236
7151,-4.632020473480225,5.455601215362549
7152,-19.1464786529541,5.84313440322876
7153,6.706053733825684,1.3913652896881104
7154,-2.7460248470306396,8.303094863891602
7155,4.819284915924072,-5.852895259857178
7156,-2.6592838764190674,-5.46558141708374
7157,-12.605173110961914,-8.08788013458252
7158,-1.9830242395401,6.581812381744385
7159,-0.9197793006896973,-4.894173622131348
7160,1.1138523817062378,-0.5039706826210022
7161,-3.1661736965179443,11.77795124053955
7162,-0.524246096611023,-2.785869598388672
7163,0.564717173576355,-2.700485944747925
7164,-1.6548988819122314,-3.102447032928467
7165,-7.2093987464904785,8.069666862487793
7166,-0.052109137177467346,1.0752195119857788
7167,-2.4247400760650635,5.705194473266602
7168,-16.74427604675293,-7.974924564361572
7169,-1.2235631942749023,14.235261917114258
7170,-1.9039912223815918,6.555418491363525
7171,1.5908894538879395,-1.2041208744049072
7172,-2.3789737224578857,-3.435441732406616
7173,-6.885164260864258,-2.871161699295044
7174,-4.431678771972656,-2.3465774059295654
7175,-1.018265962600708,3.3931422233581543
7176,4.571094036102295,8.876303672790527
7177,-11.704692840576172,-8.339262008666992
7178,-1.0152654647827148,5.8033881187438965
7179,-2.1784989833831787,-5.215480327606201
7180,-2.6738741397857666,7.501518726348877
7181,-4.660192966461182,4.739799499511719
7182,5.784420490264893,6.739758014678955
7183,-4.104630470275879,-4.088794231414795
7184,-2.0872316360473633,6.016700267791748
7185,-1.490072250366211,7.328979969024658
7186,-2.2020816802978516,-4.179296016693115
7187,9.129931449890137,-7.454977512359619
7188,-2.982302665710449,1.4648094177246094
7189,-11.04054069519043,-10.931403160095215
7190,-3.559558629989624,-8.691034317016602
7191,8.560506820678711,-0.48196589946746826
7192,8.069714546203613,-2.119436025619507
7193,11.74506664276123,7.611597061157227
7194,-0.11714240163564682,0.06545481830835342
7195,0.8071967363357544,1.3850288391113281
7196,-2.5276684761047363,-0.18069392442703247
7197,-11.440469741821289,-10.875199317932129
7198,1.0026963949203491,-1.273540735244751
7199,8.345834732055664,-6.446727275848389
7200,-1.6341689825057983,-3.2372753620147705
7201,-3.022918462753296,-8.430499076843262
7202,-7.856386184692383,8.799734115600586
7203,1.0759704113006592,-4.084194660186768
7204,11.016736030578613,6.2360453605651855
7205,10.750581741333008,5.268617153167725
7206,0.7469800710678101,-1.2680126428604126
7207,-2.812067985534668,4.1342339515686035
7208,-2.058239698410034,-3.8449883460998535
7209,-9.593140602111816,-3.197230815887451
7210,9.279167175292969,-6.443923473358154
7211,-6.155812740325928,6.359639644622803
7212,-10.741096496582031,2.1746671199798584
7213,4.137778282165527,11.400347709655762
7214,-0.42318210005760193,-1.0549448728561401
7215,0.3573397696018219,-1.9496910572052002
7216,-6.263571739196777,-2.498767852783203
7217,-2.212592840194702,-5.985508441925049
7218,1.1623862981796265,-4.7380595207214355
7219,2.9446322917938232,-2.1022188663482666
7220,-2.967339277267456,11.238860130310059
7221,5.403132438659668,12.366623878479004
7222,0.807221531867981,2.834179162979126
7223,2.103494882583618,-0.9409357309341431
7224,-1.8463771343231201,9.759373664855957
7225,-9.82584285736084,-4.094648838043213
7226,4.1550750732421875,-5.264148712158203
7227,0.5452371835708618,-1.5740392208099365
7228,7.106274604797363,6.670825481414795
7229,2.5053653717041016,16.677488327026367
7230,-2.2877156734466553,0.2975039482116699
7231,-1.835983395576477,6.722910404205322
7232,3.5146443843841553,-3.1679511070251465
7233,-1.8148425817489624,5.346054553985596
7234,-0.3807663023471832,7.5886406898498535
7235,1.5835201740264893,14.327046394348145
7236,1.1042120456695557,-4.145753383636475
7237,5.7391676902771,0.9669448733329773
7238,7.538836479187012,4.286769390106201
7239,0.0261228084564209,0.4777609705924988
7240,7.705883979797363,-9.117989540100098
7241,-1.2953898906707764,13.96202278137207
7242,0.46354684233665466,3.0695841312408447
7243,-8.501964569091797,8.566128730773926
7244,-9.267355918884277,-9.329670906066895
7245,-2.9665465354919434,-9.18062973022461
7246,-1.1630852222442627,5.818223476409912
7247,-5.999901294708252,-1.589428186416626
7248,5.565697193145752,0.12365102022886276
7249,6.810973167419434,-6.835024356842041
7250,1.5017093420028687,0.37466904520988464
7251,-3.7335565090179443,3.4401376247406006
7252,-6.058818340301514,5.865494728088379
7253,-2.4866514205932617,6.579536437988281
7254,1.74688720703125,-3.290243625640869
7255,2.5227410793304443,-3.721147060394287
7256,0.8799079656600952,-1.4508447647094727
7257,-13.156304359436035,-12.563505172729492
7258,2.931452751159668,-5.026926517486572
7259,1.9152634143829346,-1.1197547912597656
7260,0.3093843162059784,-1.6291308403015137
7261,-3.027679204940796,3.0433201789855957
7262,-1.8878146409988403,2.5313568115234375
7263,1.133783221244812,1.5873597860336304
7264,3.276109457015991,-1.2919440269470215
7265,6.137749195098877,3.761019468307495
7266,-3.948762893676758,4.229650974273682
7267,-3.9081151485443115,-4.059184551239014
7268,4.319436550140381,-2.4189376831054688
7269,-2.355409622192383,-7.465507984161377
7270,-2.06606125831604,5.294422149658203
7271,0.21686163544654846,-2.5507419109344482
7272,-0.6502554416656494,8.513655662536621
7273,-2.9328484535217285,-9.694090843200684
7274,0.952509880065918,-4.913313388824463
7275,-11.208013534545898,-5.5324225425720215
7276,2.07478928565979,-0.6265636682510376
7277,12.934490203857422,-6.163084506988525
7278,5.457480430603027,-1.0899195671081543
7279,-1.8210742473602295,-3.3718388080596924
7280,-2.155247926712036,10.591897010803223
7281,1.451852560043335,0.9699146151542664
7282,-6.790297985076904,-1.731009840965271
7283,4.084672927856445,3.5300612449645996
7284,5.786060333251953,-2.4211390018463135
7285,-4.429785251617432,5.340479373931885
7286,8.372560501098633,-2.612175226211548
7287,9.604496955871582,5.303384780883789
7288,-1.5726346969604492,5.644079685211182
7289,4.959968566894531,4.533928871154785
7290,-1.0530506372451782,3.404787540435791
7291,7.981037616729736,2.603292226791382
7292,-0.9354915618896484,-1.8468512296676636
7293,-3.062833309173584,2.5813865661621094
7294,-1.4407877922058105,9.998266220092773
7295,7.926223278045654,-7.606653690338135
7296,-6.014499187469482,6.365189075469971
7297,-4.140476226806641,-6.474180221557617
7298,5.678821563720703,-1.7630740404129028
7299,8.199188232421875,6.64153528213501
7300,-11.450347900390625,-2.4104514122009277
7301,-2.4504892826080322,1.2002965211868286
7302,0.9243173599243164,13.443292617797852
7303,-1.878602385520935,-2.9176692962646484
7304,-4.024845123291016,3.035738945007324
7305,1.4549951553344727,1.346212387084961
7306,-13.745490074157715,-3.901404857635498
7307,7.34976863861084,-1.4745657444000244
7308,-9.421363830566406,-2.1078362464904785
7309,-10.264581680297852,6.3003435134887695
7310,-3.8980419635772705,5.392812728881836
7311,-0.0975259393453598,0.8052831292152405
7312,1.133126974105835,-4.845425128936768
7313,7.94280481338501,-3.219836711883545
7314,7.789382457733154,-8.705842971801758
7315,9.290939331054688,6.497481346130371
7316,-6.591638088226318,-3.191157341003418
7317,3.7571184635162354,-4.464029788970947
7318,-4.105372428894043,-6.34412145614624
7319,0.8840739727020264,1.4555323123931885
7320,-11.056901931762695,3.8117899894714355
7321,5.3820109367370605,-6.539930820465088
7322,8.976613998413086,-10.248827934265137
7323,1.2263730764389038,0.9347372651100159
7324,-10.759265899658203,-6.953873157501221
7325,-2.630976438522339,11.482404708862305
7326,-3.632392168045044,3.664827823638916
7327,-14.947088241577148,-4.7204790115356445
7328,3.1758506298065186,-1.8768227100372314
7329,3.0023505687713623,-4.005468845367432
7330,3.6092565059661865,7.376345157623291
7331,-0.9157224893569946,0.35297197103500366
7332,0.0401930958032608,0.11196597665548325
7333,-14.227161407470703,-6.504395961761475
7334,-7.4635186195373535,-3.540903329849243
7335,0.6121385097503662,-1.9091620445251465
7336,-4.939343452453613,-9.178400039672852
7337,-1.4571301937103271,7.14747953414917
7338,-2.2632172107696533,1.3562558889389038
7339,-9.633378982543945,-0.9231873750686646
7340,0.32411766052246094,-1.268612027168274
7341,4.2452616691589355,0.1452552080154419
7342,8.806222915649414,-8.54900074005127
7343,-2.155822515487671,8.01831340789795
7344,-9.712441444396973,-3.90627384185791
7345,-2.6237058639526367,4.848888397216797
7346,-8.519458770751953,-3.5217196941375732
7347,-2.6653859615325928,9.6815767288208
7348,2.539612054824829,-3.2906291484832764
7349,-2.156388521194458,-4.945305824279785
7350,-2.5171477794647217,10.099358558654785
7351,-1.5279873609542847,9.99130630493164
7352,-11.79482364654541,-6.698719501495361
7353,-5.86423397064209,-8.053439140319824
7354,-0.8183517456054688,2.296473264694214
7355,-2.036228656768799,-6.037622928619385
7356,0.7215440273284912,-1.9641797542572021
7357,1.530672550201416,11.771903991699219
7358,4.456625461578369,1.2370094060897827
7359,-8.601680755615234,-8.318533897399902
7360,-2.4319446086883545,-5.1319379806518555
7361,1.7328250408172607,15.726608276367188
7362,-0.27949845790863037,1.075939416885376
7363,6.53249454498291,-1.2483323812484741
7364,0.8584250211715698,14.773297309875488
7365,-5.847202301025391,-3.880713701248169
7366,0.6650863885879517,-1.3810713291168213
7367,4.1812424659729,-3.1345345973968506
7368,-2.207947254180908,-7.880003452301025
7369,-5.284526824951172,6.210418701171875
7370,3.769482374191284,-4.289886474609375
7371,-11.967092514038086,7.74829626083374
7372,-4.1003618240356445,4.107376575469971
7373,-13.368844985961914,6.464088439941406
7374,7.869419574737549,1.7932168245315552
7375,2.860058307647705,10.080028533935547
7376,-13.707447052001953,-4.58521032333374
7377,-6.406639575958252,-4.040204048156738
7378,2.4825196266174316,14.200157165527344
7379,-11.916332244873047,7.566788673400879
7380,-12.503337860107422,0.5297453999519348
7381,-13.191818237304688,-3.1699390411376953
7382,-31.164400100708008,3.663285493850708
7383,0.018522456288337708,0.47861748933792114
7384,-5.986131191253662,-5.880417346954346
7385,6.9688262939453125,-6.979310989379883
7386,-2.520094871520996,8.20203971862793
7387,-14.537721633911133,-4.353498458862305
7388,0.09543770551681519,0.5385618805885315
7389,-7.0410895347595215,-4.277831077575684
7390,-2.2324159145355225,5.2510504722595215
7391,-5.728450775146484,-2.487978935241699
7392,-14.817375183105469,-0.6786479949951172
7393,-14.915868759155273,-5.063935279846191
7394,-0.9523216485977173,2.264000415802002
7395,-3.486607789993286,3.7667109966278076
7396,0.30106398463249207,-3.1890552043914795
7397,-2.3305060863494873,11.047574043273926
7398,1.330380916595459,-5.468212127685547
7399,0.36874333024024963,2.783099412918091
7400,-3.3257057666778564,3.3589272499084473
7401,-4.202887058258057,3.2828638553619385
7402,-3.016962766647339,8.970115661621094
7403,2.467733144760132,-3.715735912322998
7404,-3.0352771282196045,7.291510581970215
7405,-10.371940612792969,-5.1159892082214355
7406,-10.756210327148438,-5.211562156677246
7407,-1.3954122066497803,8.117825508117676
7408,-1.9163058996200562,5.01785135269165
7409,-0.20961794257164001,-0.9842556118965149
7410,3.70108699798584,14.205031394958496
7411,-10.38051700592041,-10.67588996887207
7412,-0.1850731074810028,3.404477834701538
7413,2.9914071559906006,-4.148906230926514
7414,1.2170641422271729,-2.2945663928985596
7415,3.7507379055023193,15.335968017578125
7416,-4.541025638580322,-5.717316627502441
7417,-1.565232515335083,-5.892586708068848
7418,-8.289053916931152,-9.471096992492676
7419,-1.8045400381088257,-4.045997619628906
7420,-6.919314861297607,-12.034244537353516
7421,-0.10120752453804016,1.4987711906433105
7422,1.0424277782440186,17.665372848510742
7423,-26.7626953125,9.894110679626465
7424,0.9067879915237427,-3.6697962284088135
7425,-2.2881150245666504,-5.738787651062012
7426,-2.186434507369995,5.535901069641113
7427,-1.0110002756118774,-1.1082689762115479
7428,-10.098966598510742,-4.634472370147705
7429,-16.946557998657227,-2.5842292308807373
7430,-6.174646377563477,-4.92112398147583
7431,-1.4517245292663574,6.217354774475098
7432,-17.117813110351562,-6.225740909576416
7433,10.144359588623047,-5.504392623901367
7434,-3.4940412044525146,-10.164847373962402
7435,-18.503826141357422,8.61258602142334
7436,-6.5336174964904785,-8.658303260803223
7437,-0.10363984107971191,0.5330415368080139
7438,-3.0802643299102783,-8.554047584533691
7439,-0.8791507482528687,13.536360740661621
7440,8.675162315368652,2.9925529956817627
7441,1.1802425384521484,0.6874054074287415
7442,-0.03705935180187225,1.0948355197906494
7443,1.3587841987609863,-2.993633508682251
7444,-7.076197147369385,-6.185847759246826
7445,-1.024753451347351,3.80556058883667
7446,-10.428474426269531,-2.392181873321533
7447,0.9227824211120605,-1.9565218687057495
7448,-3.1187045574188232,2.028524875640869
7449,-1.8048580884933472,-2.808377981185913
7450,6.562108516693115,-7.8787150382995605
7451,1.1828359365463257,1.273232340812683
7452,-0.6726584434509277,7.000019550323486
7453,-19.52276039123535,8.660399436950684
7454,6.961050510406494,-5.321543216705322
7455,-0.2848145365715027,1.3129565715789795
7456,-0.8367100954055786,5.02347469329834
7457,4.088429927825928,-3.161083936691284
7458,3.1786396503448486,-3.859590768814087
7459,-8.741344451904297,4.971489429473877
7460,1.7147350311279297,3.676549196243286
7461,-3.741856813430786,-2.503075361251831
7462,-12.416877746582031,-4.003657817840576
7463,-11.644232749938965,7.13238000869751
7464,12.90583610534668,-6.145284652709961
7465,-12.863640785217285,6.756094455718994
7466,0.1050136387348175,0.5477125644683838
7467,-0.7417421340942383,-2.7346417903900146
7468,10.756584167480469,5.583293437957764
7469,1.1156107187271118,-1.706024169921875
7470,-1.2025697231292725,8.920815467834473
7471,3.9045722484588623,10.34174919128418
7472,0.037335336208343506,1.0459723472595215
7473,-4.510888576507568,3.2768452167510986
7474,4.618712902069092,-5.240619659423828
7475,-1.8588497638702393,-8.112798690795898
7476,-2.4726369380950928,3.346996307373047
7477,-13.108993530273438,7.456031322479248
7478,-3.3168890476226807,2.7475180625915527
7479,2.8194196224212646,1.927687168121338
7480,-4.891974449157715,-11.473750114440918
7481,-20.32274627685547,-0.8744592666625977
7482,-1.3777600526809692,-4.037744522094727
7483,-3.6187829971313477,2.9389541149139404
7484,-1.2012059688568115,11.48730182647705
7485,-11.584859848022461,-4.584851264953613
7486,-2.4736902713775635,8.01862621307373
7487,-3.9382576942443848,-7.822813034057617
7488,-3.2613773345947266,2.761906385421753
7489,-2.925224781036377,-7.454169750213623
7490,-13.326356887817383,7.3285017013549805
7491,-3.49049973487854,3.4544906616210938
7492,-12.65234088897705,8.219944953918457
7493,0.16304531693458557,2.1091208457946777
7494,-10.130016326904297,-8.887423515319824
7495,-9.145103454589844,-8.378593444824219
7496,0.8725700378417969,-2.522489309310913
7497,-4.181130886077881,-6.235249996185303
7498,0.3676778972148895,-3.4710845947265625
7499,1.6554079055786133,15.999058723449707
7500,9.175278663635254,-5.758243083953857
7501,-5.437270641326904,-2.960681676864624
7502,4.798740386962891,-4.21256685256958
7503,-2.5498621463775635,-7.350001335144043
7504,-6.999812602996826,-2.522258996963501
7505,-9.074470520019531,-9.791165351867676
7506,-18.307937622070312,-6.715383529663086
7507,-0.9924132823944092,2.5071165561676025
7508,-1.0832598209381104,-4.69539213180542
7509,-10.51424503326416,5.7919158935546875
7510,0.9884581565856934,-5.190669536590576
7511,-0.9101006984710693,8.142118453979492
7512,-1.65812087059021,-6.725011825561523
7513,0.7165271043777466,1.3321526050567627
7514,6.075743675231934,-1.1726881265640259
7515,-5.579381465911865,-3.44659686088562
7516,-5.809464931488037,5.619312286376953
7517,-9.525086402893066,-6.895212650299072
7518,-4.392676830291748,-5.862616539001465
7519,1.0174394845962524,-5.095557689666748
7520,2.4162514209747314,15.119242668151855
7521,-11.52418327331543,-6.0981855392456055
7522,0.9293866157531738,-4.504605770111084
7523,5.554806232452393,16.302553176879883
7524,-12.907325744628906,-5.108856678009033
7525,-0.6570273637771606,-3.9525697231292725
7526,-2.4233243465423584,-7.2980828285217285
7527,-14.2869291305542,-6.534399509429932
7528,4.478717803955078,-7.444126605987549
7529,0.20081272721290588,1.1696689128875732
7530,-2.632866859436035,6.134152889251709
7531,3.2128210067749023,-2.605858564376831
7532,1.8941371440887451,-1.0038151741027832
7533,-7.5845627784729,-3.027491807937622
7534,3.6861164569854736,-3.5394418239593506
7535,2.7796196937561035,-2.870032548904419
7536,0.6384924650192261,-1.846380591392517
7537,-3.589195489883423,2.4761340618133545
7538,8.073905944824219,-9.393943786621094
7539,-1.5227000713348389,3.7287228107452393
7540,1.1655174493789673,-1.6145168542861938
7541,-8.799858093261719,-6.357514381408691
7542,2.4121272563934326,-3.7949459552764893
7543,1.052908182144165,-2.670214891433716
7544,-5.6514506340026855,10.799468040466309
7545,-7.487756252288818,8.001153945922852
7546,0.14219751954078674,-1.2866456508636475
7547,-20.933025360107422,0.6691854596138
7548,7.3184332847595215,-7.020658016204834
7549,0.9916636943817139,12.476152420043945
7550,0.3698609173297882,-0.9183357357978821
7551,-2.044142723083496,-7.069758415222168
7552,-0.30532383918762207,-0.4891882836818695
7553,-3.7580647468566895,4.726062297821045
7554,-1.62216317653656,-4.2037224769592285
7555,9.340080261230469,-8.865509986877441
7556,0.15091919898986816,4.286156177520752
7557,-2.1230647563934326,2.9431333541870117
7558,-14.116043090820312,-12.514158248901367
7559,-10.356758117675781,-2.5257205963134766
7560,-11.003576278686523,-4.8627095222473145
7561,2.4963481426239014,-0.820436418056488
7562,-1.6467078924179077,6.639963150024414
7563,-30.613622665405273,3.186161756515503
7564,-6.426839351654053,-7.904402732849121
7565,-3.49086594581604,2.038194179534912
7566,0.5544328689575195,-1.8543087244033813
7567,8.472606658935547,15.51111888885498
7568,-13.092777252197266,7.320947647094727
7569,-0.6275491118431091,1.730852723121643
7570,9.778082847595215,-8.862420082092285
7571,1.2860857248306274,1.360263705253601
7572,-2.8657968044281006,8.646525382995605
7573,8.172106742858887,13.827994346618652
7574,7.336913585662842,-1.5873186588287354
7575,0.08079701662063599,-1.8935961723327637
7576,-10.310422897338867,-1.626130223274231
7577,-2.6165664196014404,7.156993389129639
7578,-2.581880807876587,8.497462272644043
7579,7.496983051300049,-4.087660789489746
7580,-3.018636465072632,15.824677467346191
7581,-2.2112021446228027,-6.324443817138672
7582,-2.3989193439483643,9.380806922912598
7583,-16.160371780395508,-4.593554973602295
7584,11.106864929199219,-5.833082675933838
7585,10.091533660888672,-5.96122932434082
7586,3.737718343734741,0.8193017840385437
7587,-14.46149730682373,-7.423750400543213
7588,6.17892599105835,-8.029057502746582
7589,10.092865943908691,4.807685852050781
7590,0.9730473756790161,-2.3336310386657715
7591,7.11256742477417,3.7905914783477783
7592,-11.099092483520508,-6.573505401611328
7593,-2.3580374717712402,-6.908899784088135
7594,7.247405529022217,-0.9329952597618103
7595,-3.088550329208374,9.502326011657715
7596,-18.764049530029297,9.383672714233398
7597,-17.36191749572754,8.98720645904541
7598,-12.175446510314941,-3.543553113937378
7599,1.3021985292434692,-5.138205528259277
7600,2.3916614055633545,17.46735954284668
7601,-0.08045385777950287,0.9130516648292542
7602,-1.3103383779525757,7.588717460632324
7603,-6.410399913787842,-2.590329170227051
7604,-1.2690470218658447,8.319436073303223
7605,0.46605345606803894,-1.7795050144195557
7606,-7.291337490081787,-4.099173545837402
7607,1.158335566520691,-1.507530927658081
7608,3.7704646587371826,12.899636268615723
7609,-3.628858804702759,-8.599162101745605
7610,-3.317133903503418,3.3674285411834717
7611,-9.18908977508545,4.427231788635254
7612,-7.197276592254639,-6.802270412445068
7613,-6.173615455627441,-4.150862216949463
7614,-14.967345237731934,7.807021617889404
7615,-0.3641163110733032,-4.297064781188965
7616,-2.968550443649292,10.072314262390137
7617,16.581287384033203,-2.4997267723083496
7618,1.6765758991241455,-3.4617855548858643
7619,6.0607008934021,-6.605720043182373
7620,-1.0744774341583252,6.580944061279297
7621,-19.103803634643555,10.076640129089355
7622,-9.823087692260742,-2.881204605102539
7623,-29.742006301879883,12.675894737243652
7624,-12.140729904174805,7.685235023498535
7625,-8.911410331726074,-8.799844741821289
7626,1.2965655326843262,-2.3988993167877197
7627,-24.276708602905273,6.252906322479248
7628,0.3635440170764923,0.9591200947761536
7629,-2.6970205307006836,6.693758487701416
7630,-3.1691222190856934,3.463879346847534
7631,0.7307673692703247,-3.8238537311553955
7632,-23.448505401611328,-0.891165554523468
7633,-5.91569709777832,-4.316730499267578
7634,-7.4628167152404785,-3.9098451137542725
7635,-4.745368957519531,5.512518882751465
7636,0.8756823539733887,-2.1861729621887207
7637,-3.68573260307312,3.9076058864593506
7638,-0.11205990612506866,-0.7578047513961792
7639,-4.487785339355469,3.075336217880249
7640,2.2519757747650146,-2.0232491493225098
7641,-2.687636613845825,11.562768936157227
7642,-10.971297264099121,-10.017281532287598
7643,-1.4669564962387085,3.483449935913086
7644,-2.3596653938293457,-6.763286113739014
7645,-6.4585442543029785,-2.659588098526001
7646,-1.6835792064666748,8.317166328430176
7647,0.2689889371395111,2.0417702198028564
7648,-2.5130975246429443,8.34296703338623
7649,-2.9493205547332764,-7.767841815948486
7650,-0.15920165181159973,4.734900951385498
7651,10.25335693359375,-6.511350154876709
7652,-20.35890007019043,10.634809494018555
7653,-9.437589645385742,-2.379379987716675
7654,-3.138292074203491,11.203961372375488
7655,-1.5913527011871338,-6.440670490264893
7656,-43.52946472167969,9.210102081298828
7657,-3.7982993125915527,-8.268939971923828
7658,5.551608562469482,-6.394077777862549
7659,-1.9171262979507446,4.3727126121521
7660,1.6775068044662476,4.087532043457031
7661,3.4721710681915283,-5.507643222808838
7662,-5.343495845794678,-2.2794172763824463
7663,-1.8291397094726562,1.9362072944641113
7664,-2.5962302684783936,11.892312049865723
7665,6.05686616897583,-6.475346088409424
7666,3.9382588863372803,6.439291000366211
7667,-1.3394970893859863,11.727306365966797
7668,-2.6777045726776123,8.963401794433594
7669,-10.685699462890625,1.3296098709106445
7670,-19.891948699951172,-0.9568049311637878
7671,-1.1251972913742065,0.7037094235420227
7672,-1.186798334121704,-4.480477809906006
7673,4.817715644836426,2.5754005908966064
7674,5.383052349090576,-2.5663890838623047
7675,-3.468648672103882,10.996367454528809
7676,-20.594697952270508,9.591641426086426
7677,-13.171704292297363,-7.396248817443848
7678,-2.069364309310913,4.310933589935303
7679,6.876758575439453,-1.278473973274231
7680,-9.285682678222656,-4.265579700469971
7681,-1.8043663501739502,-3.3348443508148193
7682,-1.0038663148880005,14.51634407043457
7683,-7.3528313636779785,-2.3351104259490967
7684,-2.9763853549957275,-7.496493816375732
7685,-0.020301595330238342,0.4101845920085907
7686,-2.2628493309020996,5.000685691833496
7687,-12.341272354125977,8.087437629699707
7688,2.8234341144561768,-4.927892684936523
7689,-14.5813570022583,-7.728264808654785
7690,-1.7698582410812378,11.319029808044434
7691,-4.126420974731445,3.1141421794891357
7692,-12.425216674804688,-4.604409694671631
7693,-2.4634642601013184,7.220760345458984
7694,2.260711431503296,12.97595500946045
7695,-3.1480629444122314,10.409770011901855
7696,-2.187011957168579,10.25348949432373
7697,-3.272437810897827,-5.207246780395508
7698,-12.606392860412598,8.25977611541748
7699,7.787352085113525,-7.01646089553833
7700,4.168909549713135,2.003247022628784
7701,-2.83966326713562,5.797330379486084
7702,-18.572154998779297,-6.1048903465271
7703,-3.9734323024749756,10.05455207824707
7704,3.3350255489349365,-3.373952627182007
7705,-9.470708847045898,-2.717674493789673
7706,-4.667726039886475,5.594557285308838
7707,-3.3303587436676025,7.484180450439453
7708,-0.4211048185825348,8.87716293334961
7709,7.116387844085693,6.725042819976807
7710,5.530880451202393,-5.598355770111084
7711,-7.060641765594482,-2.9429214000701904
7712,1.0007362365722656,13.014960289001465
7713,7.458145618438721,8.395401954650879
7714,-4.752603054046631,-1.9351801872253418
7715,0.15597540140151978,2.187870502471924
7716,-0.8416908979415894,2.910435438156128
7717,-14.852203369140625,-5.297891616821289
7718,-2.8650243282318115,2.5738027095794678
7719,-7.6242451667785645,-3.048725128173828
7720,-3.203385829925537,8.23780345916748
7721,-8.715683937072754,8.829009056091309
7722,-3.1314501762390137,9.243999481201172
7723,-2.3114709854125977,4.884505748748779
7724,1.6251354217529297,-2.4336202144622803
7725,-9.023113250732422,5.189159393310547
7726,10.621808052062988,0.05816357582807541
7727,1.8420476913452148,-5.423681259155273
7728,-1.2394312620162964,-2.406381845474243
7729,7.304495811462402,-3.600069999694824
7730,-7.729358196258545,-4.27642297744751
7731,1.2448376417160034,3.945375680923462
7732,5.922693729400635,2.7025654315948486
7733,-3.6067957878112793,-10.765002250671387
7734,7.935554027557373,-7.6760101318359375
7735,1.6905964612960815,-0.15992018580436707
7736,-5.637469291687012,5.230029106140137
7737,-1.680411696434021,4.823273181915283
7738,-2.9259018898010254,8.338238716125488
7739,4.457899570465088,-7.355410099029541
7740,1.7477502822875977,-0.19869813323020935
7741,7.17331075668335,-9.544737815856934
7742,-1.7762577533721924,7.811793804168701
7743,1.050271987915039,-1.349349021911621
7744,6.29422664642334,11.270895957946777
7745,-5.779796123504639,6.031759738922119
7746,-0.7076191902160645,6.373614311218262
7747,-0.5317717790603638,2.341546058654785
7748,-5.834331035614014,-7.313508033752441
7749,6.982720851898193,7.396422863006592
7750,0.5172048807144165,-1.1121808290481567
7751,-20.336877822875977,-0.6080127954483032
7752,-0.27183595299720764,0.5616123080253601
7753,4.555431365966797,4.432358264923096
7754,9.753564834594727,-10.506796836853027
7755,-8.82261848449707,-3.145495891571045
7756,2.686934232711792,15.12559700012207
7757,1.4866764545440674,0.1528972089290619
7758,-2.2375237941741943,7.405606746673584
7759,-8.370065689086914,-10.105716705322266
7760,-9.09605598449707,5.763341426849365
7761,-2.257112503051758,12.372664451599121
7762,7.744409084320068,7.455568790435791
7763,-2.0509331226348877,-3.763293504714966
7764,-9.758769035339355,-9.736703872680664
7765,-10.222566604614258,-0.04561669006943703
7766,10.98702621459961,-6.81719446182251
7767,-9.582117080688477,-3.1153926849365234
7768,-13.110471725463867,-4.364826202392578
7769,-1.1601670980453491,4.114491939544678
7770,1.8004971742630005,-0.3509322702884674
7771,0.8750251531600952,-0.9469591975212097
7772,-2.3399291038513184,-5.647243022918701
7773,-26.026926040649414,11.884723663330078
7774,3.426201105117798,16.477237701416016
7775,-12.638822555541992,7.806701183319092
7776,-17.558095932006836,-0.8863410353660583
7777,-0.2653476595878601,2.6387550830841064
7778,-1.514072299003601,5.479406833648682
7779,-12.549905776977539,-8.859267234802246
7780,7.5162034034729,-8.758557319641113
7781,6.168825149536133,-5.1047682762146
7782,-2.2322919368743896,-1.7794487476348877
7783,-3.419163703918457,-9.635526657104492
7784,-7.311254978179932,-6.116635322570801
7785,-2.1774516105651855,3.995466470718384
7786,0.4229687750339508,-3.504046678543091
7787,-9.968541145324707,-2.018343448638916
7788,0.2854715883731842,0.7009135484695435
7789,0.9350762367248535,1.2400840520858765
7790,-8.957366943359375,-6.5976433753967285
7791,-7.1165595054626465,-3.3926732540130615
7792,-13.880037307739258,-10.337258338928223
7793,-0.7090885639190674,-3.6531283855438232
7794,-3.0943033695220947,8.528619766235352
7795,3.615774393081665,0.2770400047302246
7796,-10.81881332397461,0.641049325466156
7797,10.2439546585083,5.641567230224609
7798,-5.813055038452148,-0.23711025714874268
7799,-2.026649236679077,10.846612930297852
7800,-2.107572317123413,4.0827484130859375
7801,-22.70683479309082,-0.8589738011360168
7802,-1.444967269897461,9.96699047088623
7803,-18.506275177001953,8.875655174255371
7804,0.2359888255596161,2.671231985092163
7805,-1.3986862897872925,5.1373186111450195
7806,1.9314005374908447,4.457840442657471
7807,-1.6761008501052856,9.330390930175781
7808,-18.566831588745117,8.86411190032959
7809,-2.5611226558685303,-5.117299556732178
7810,-3.926076650619507,-10.28781795501709
7811,-6.816578388214111,-6.798900604248047
7812,-2.4134438037872314,12.551426887512207
7813,-1.7734187841415405,11.629737854003906
7814,-1.7889736890792847,7.089519023895264
7815,2.9210126399993896,-0.989517331123352
7816,-3.6154754161834717,3.9239251613616943
7817,-9.774832725524902,5.504022121429443
7818,14.010791778564453,-5.104404926300049
7819,5.825188159942627,3.567042350769043
7820,1.3586348295211792,-5.51952600479126
7821,-18.421926498413086,-7.938159465789795
7822,-0.06550168991088867,3.5929338932037354
7823,1.2873573303222656,4.703189849853516
7824,-1.1234935522079468,13.29759693145752
7825,-2.021728515625,11.755412101745605
7826,-9.224529266357422,-0.168445885181427
7827,-7.964451789855957,-4.962650299072266
7828,-13.30585765838623,-8.010455131530762
7829,-14.612428665161133,-7.401351451873779
7830,-0.38979506492614746,2.6068646907806396
7831,-1.3644869327545166,4.463687896728516
7832,-2.4373250007629395,-7.492035388946533
7833,-2.5796897411346436,9.992403030395508
7834,-2.2901880741119385,-7.722633361816406
7835,10.474420547485352,-8.051152229309082
7836,-14.851188659667969,-4.386141777038574
7837,-0.539154052734375,-3.265439987182617
7838,-0.9350249767303467,-6.22788667678833
7839,-9.997310638427734,-2.7445380687713623
7840,0.041974350810050964,0.4030081033706665
7841,-3.122143030166626,2.29815936088562
7842,-10.46638298034668,-10.168871879577637
7843,-1.9872047901153564,10.482156753540039
7844,-9.44935417175293,-0.14292851090431213
7845,5.644178867340088,-4.39011812210083
7846,-10.02746295928955,13.022250175476074
7847,10.80262565612793,6.3634724617004395
7848,-20.291780471801758,0.8959190845489502
7849,1.3810073137283325,-4.911525726318359
7850,-3.977435827255249,3.4905025959014893
7851,0.061610475182533264,1.9787213802337646
7852,-7.297133445739746,7.357820987701416
7853,-2.322909116744995,7.434567928314209
7854,-2.597383737564087,2.4768826961517334
7855,1.2900192737579346,1.2502282857894897
7856,-3.1688218116760254,2.6991965770721436
7857,-6.510896682739258,-10.053526878356934
7858,-0.6665055751800537,5.054255962371826
7859,-13.13180160522461,-8.770824432373047
7860,-2.0726675987243652,2.7100579738616943
7861,3.072368621826172,11.173493385314941
7862,-9.009499549865723,-3.592991590499878
7863,-14.886903762817383,-5.154420375823975
7864,-23.167522430419922,2.888493299484253
7865,-6.280706882476807,-3.008244752883911
7866,-8.479375839233398,1.536686658859253
7867,0.4507329761981964,-1.1910821199417114
7868,-1.7350318431854248,4.913773059844971
7869,-1.0367931127548218,15.459418296813965
7870,-11.819672584533691,3.2365996837615967
7871,1.0403879880905151,-0.8352260589599609
7872,-4.132933616638184,-6.109494686126709
7873,-0.8402254581451416,13.474732398986816
7874,1.3570239543914795,0.24000784754753113
7875,-6.302175045013428,-2.849248170852661
7876,0.2240617275238037,5.534240245819092
7877,8.717342376708984,-7.880593776702881
7878,-0.4979430139064789,1.5302003622055054
7879,10.903623580932617,-7.26655912399292
7880,-10.054838180541992,13.433854103088379
7881,-0.647287130355835,16.28355598449707
7882,-1.379692554473877,1.733625888824463
7883,2.863379955291748,13.22921371459961
7884,0.8434125185012817,4.111235618591309
7885,1.206406831741333,-1.5641578435897827
7886,-6.164477825164795,-1.8036280870437622
7887,-3.167733907699585,5.407998085021973
7888,-2.5432028770446777,6.6239848136901855
7889,-2.200895071029663,4.9943342208862305
7890,-1.1139155626296997,1.5349147319793701
7891,-9.523370742797852,-4.769310474395752
7892,0.9815783500671387,-0.4053449034690857
7893,-3.6350595951080322,4.4533867835998535
7894,1.569460391998291,-1.3724678754806519
7895,9.859369277954102,-8.182465553283691
7896,-2.1691436767578125,6.517275333404541
7897,-3.9102041721343994,3.4292795658111572
7898,6.737951278686523,-6.0557756423950195
7899,-6.366386890411377,-8.16692066192627
7900,1.1895956993103027,-0.3736807107925415
7901,-0.9672633409500122,0.6551621556282043
7902,-20.843671798706055,11.196491241455078
7903,-17.89458656311035,-6.423049449920654
7904,-3.4229841232299805,5.8795084953308105
7905,-7.586648464202881,-3.1739237308502197
7906,6.2673234939575195,-1.612626314163208
7907,1.9788837432861328,-3.905529737472534
7908,-7.167243480682373,-7.650376796722412
7909,-17.004337310791016,-3.7651946544647217
7910,7.646960258483887,-1.6781138181686401
7911,-5.44360876083374,-9.764864921569824
7912,-18.447206497192383,-0.3827405571937561
7913,-4.678661346435547,4.589602947235107
7914,-8.828313827514648,-4.810301780700684
7915,-4.025279998779297,-7.458545207977295
7916,-0.6596128940582275,-3.2615673542022705
7917,-11.30997085571289,-10.144604682922363
7918,7.067112445831299,-1.8285456895828247
7919,7.202462196350098,-3.867652654647827
7920,-4.526014804840088,-6.861688613891602
7921,-6.967221260070801,-2.2003414630889893
7922,-14.488517761230469,-4.331955432891846
7923,1.4644979238510132,0.8692658543586731
7924,-0.917966365814209,-5.41077184677124
7925,-4.094629764556885,-1.7268056869506836
7926,-11.524576187133789,-6.046537399291992
7927,-18.613462448120117,-1.8615875244140625
7928,-3.831685781478882,-1.4304028749465942
7929,-8.303641319274902,9.164254188537598
7930,-11.207393646240234,-5.568118572235107
7931,-15.261526107788086,5.893397331237793
7932,-9.413273811340332,-9.652125358581543
7933,-7.449567794799805,-1.1640559434890747
7934,1.2370977401733398,-1.77958083152771
7935,-9.493005752563477,5.719416618347168
7936,4.664910793304443,-8.311558723449707
7937,1.3752436637878418,0.06917168945074081
7938,-8.719341278076172,9.596854209899902
7939,4.274415969848633,-7.806041240692139
7940,-2.14302921295166,8.376988410949707
7941,-5.6477837562561035,-2.371119737625122
7942,3.2327029705047607,-5.2895121574401855
7943,6.049371242523193,5.842522144317627
7944,-2.8895962238311768,-4.72165584564209
7945,-1.8796489238739014,5.388864517211914
7946,-16.955286026000977,6.082014083862305
7947,-4.18223762512207,-2.6003904342651367
7948,1.8860466480255127,-1.5701181888580322
7949,-2.7311627864837646,9.804141998291016
7950,-14.910018920898438,-4.2196831703186035
7951,2.110290050506592,-2.472747802734375
7952,-6.3840107917785645,-2.8504860401153564
7953,2.8096048831939697,14.684442520141602
7954,-17.118581771850586,-7.81566858291626
7955,1.4732986688613892,-0.029443342238664627
7956,-1.0921672582626343,-2.042915105819702
7957,-0.7696070671081543,4.103645324707031
7958,-2.484079122543335,-6.726972579956055
7959,-4.165583610534668,-4.19726037979126
7960,2.3474316596984863,3.96352219581604
7961,-4.215056896209717,-8.587465286254883
7962,-11.12163257598877,-2.508448600769043
7963,-7.9997239112854,11.81296443939209
7964,-2.4524600505828857,-6.643939018249512
7965,-3.8461835384368896,-8.10679817199707
7966,0.89600670337677,-1.7080879211425781
7967,-14.167966842651367,-4.245762825012207
7968,-11.007137298583984,-3.7976577281951904
7969,-1.8413774967193604,-3.1582467555999756
7970,-16.316904067993164,9.390496253967285
7971,-1.5528905391693115,14.024322509765625
7972,-2.7338931560516357,-6.1831889152526855
7973,-11.36660385131836,-2.6540160179138184
7974,-0.3436432182788849,0.6314194202423096
7975,11.396240234375,-2.6054744720458984
7976,-13.161596298217773,-4.441142559051514
7977,0.24166256189346313,-1.726621150970459
7978,1.7869584560394287,-2.5708887577056885
7979,0.9927386045455933,-3.5816383361816406
7980,4.931419849395752,9.943075180053711
7981,-5.395960807800293,-9.225353240966797
7982,-3.384552240371704,10.093926429748535
7983,-19.235010147094727,5.994028568267822
7984,-3.0535225868225098,10.39480972290039
7985,0.9707045555114746,-1.8210034370422363
7986,-4.58590841293335,4.818990230560303
7987,-0.18724539875984192,1.3971003293991089
7988,-15.01108169555664,-4.48573637008667
7989,-0.26651421189308167,10.030052185058594
7990,2.6517386436462402,12.133172035217285
7991,-2.2271206378936768,-6.262843132019043
7992,-2.686225652694702,9.589221000671387
7993,-2.9680728912353516,5.38267707824707
7994,5.114075660705566,-5.669996738433838
7995,-5.012812614440918,-6.442642688751221
7996,4.041672706604004,6.210856914520264
7997,-10.456012725830078,-10.6525297164917
7998,0.161131352186203,-0.10666267573833466
7999,7.534430503845215,-9.148726463317871
8000,1.4383716583251953,-1.7078267335891724
8001,-4.23215913772583,-5.118833065032959
8002,-5.144985198974609,-7.692905426025391
8003,3.236964464187622,-4.156854629516602
8004,-4.845233917236328,2.417229652404785
8005,-4.318355083465576,2.924647092819214
8006,1.167920708656311,-0.5511484146118164
8007,2.206087350845337,-2.7000906467437744
8008,1.5001786947250366,1.1461176872253418
8009,-0.8211754560470581,-3.991187334060669
8010,-7.732550144195557,-2.329724073410034
8011,-17.103233337402344,8.03366756439209
8012,7.460970401763916,-6.053199291229248
8013,1.5111157894134521,-2.185236692428589
8014,-7.39992094039917,-3.7398288249969482
8015,0.01355445384979248,0.5062969326972961
8016,-16.777835845947266,10.015047073364258
8017,2.9666783809661865,-3.116201162338257
8018,-9.708599090576172,6.04173469543457
8019,4.493969440460205,-3.9968130588531494
8020,-4.135812759399414,3.2440197467803955
8021,4.479002475738525,11.728148460388184
8022,-8.717585563659668,-5.615542888641357
8023,0.11244010925292969,-3.9638638496398926
8024,-1.8970779180526733,5.32309103012085
8025,0.4590702950954437,-1.5015562772750854
8026,-3.7788217067718506,2.3072259426116943
8027,-0.2910645008087158,7.442770481109619
8028,-18.882991790771484,9.08914566040039
8029,-2.756558656692505,-6.430013656616211
8030,-2.7423343658447266,4.100546836853027
8031,-17.528291702270508,-6.218879222869873
8032,-3.7433741092681885,-0.8746236562728882
8033,-2.464277505874634,10.332589149475098
8034,-2.048251152038574,-5.181048393249512
8035,-2.6037094593048096,-7.081655025482178
8036,-3.2858924865722656,1.8367091417312622
8037,-11.892044067382812,-11.392568588256836
8038,8.60761833190918,-4.560919284820557
8039,0.347258597612381,-3.045741319656372
8040,-6.763162136077881,8.299434661865234
8041,1.453627586364746,12.847601890563965
8042,9.102457046508789,-6.238054275512695
8043,-3.125093698501587,11.089503288269043
8044,4.361422061920166,7.928351879119873
8045,0.2419746220111847,1.3348731994628906
8046,1.7760429382324219,-2.3892221450805664
8047,-3.9763429164886475,4.993123531341553
8048,-1.6589692831039429,-1.212372064590454
8049,-2.0720880031585693,6.621201038360596
8050,-12.443109512329102,-3.6120948791503906
8051,-6.985004901885986,-0.8221928477287292
8052,-2.5133578777313232,-7.070131301879883
8053,-16.575599670410156,8.032697677612305
8054,-12.207521438598633,-10.249695777893066
8055,0.054857030510902405,2.545748472213745
8056,2.052175521850586,-2.7764744758605957
8057,-3.4342637062072754,-3.958207607269287
8058,-4.0680742263793945,3.878469705581665
8059,-14.712095260620117,-7.215844631195068
8060,-2.780712366104126,8.13599967956543
8061,-0.7682900428771973,4.257858753204346
8062,-8.155967712402344,-6.96101188659668
8063,-6.559102535247803,-2.5873053073883057
8064,-0.06341949105262756,0.7685357928276062
8065,8.135200500488281,1.9895241260528564
8066,-13.958288192749023,-3.9055392742156982
8067,0.9305189847946167,-0.7492081522941589
8068,1.3528895378112793,1.1079566478729248
8069,0.2535564601421356,0.5261812806129456
8070,-8.736486434936523,5.329036235809326
8071,0.46693888306617737,-3.9475271701812744
8072,-7.5073466300964355,-4.656299591064453
8073,0.14082130789756775,-0.8492032885551453
8074,1.2719892263412476,-0.2242441475391388
8075,-0.2632732689380646,-0.3356741666793823
8076,-6.224703311920166,-2.3764536380767822
8077,3.46354603767395,-3.353421449661255
8078,-11.092314720153809,7.652407169342041
8079,-2.509343147277832,1.0931318998336792
8080,-2.0124192237854004,-6.567333698272705
8081,-0.13237372040748596,8.97957706451416
8082,-4.763002872467041,-2.038853645324707
8083,-0.6138023734092712,-1.4398547410964966
8084,4.450506687164307,11.690438270568848
8085,-6.700849533081055,6.812958717346191
8086,-2.9653642177581787,8.619353294372559
8087,0.46487072110176086,-1.6867247819900513
8088,-1.8660523891448975,-3.279325008392334
8089,3.419762134552002,3.3486509323120117
8090,8.489500045776367,-7.987806797027588
8091,1.2318000793457031,16.312870025634766
8092,1.2429078817367554,0.9252926707267761
8093,2.5328750610351562,-5.4789605140686035
8094,0.0278652161359787,1.2105491161346436
8095,-6.759608268737793,6.852685451507568
8096,-0.07999454438686371,-0.07932750880718231
8097,0.31050917506217957,1.559985876083374
8098,-12.802169799804688,-4.192777156829834
8099,-7.172060489654541,-12.125321388244629
8100,-11.5126314163208,7.459103107452393
8101,-1.6350581645965576,2.209355592727661
8102,3.225456476211548,0.363419771194458
8103,-1.9904345273971558,12.97849178314209
8104,9.504597663879395,3.945239782333374
8105,-1.949048638343811,-4.507055759429932
8106,3.5862865447998047,4.741702556610107
8107,-15.05145263671875,8.264105796813965
8108,2.7531168460845947,-1.4204241037368774
8109,3.3055179119110107,-3.5852324962615967
8110,-3.203620672225952,11.177754402160645
8111,-9.545461654663086,-4.140622615814209
8112,5.070672512054443,-4.775020122528076
8113,-1.4453914165496826,3.4489247798919678
8114,-19.617084503173828,-1.489423155784607
8115,1.219791054725647,0.6815071105957031
8116,0.5023602247238159,4.717857837677002
8117,-2.4998910427093506,13.670456886291504
8118,-4.003661632537842,3.3470256328582764
8119,8.10653305053711,-7.518863677978516
8120,-2.2302701473236084,-6.129817008972168
8121,-2.14849853515625,-6.528723239898682
8122,0.49392035603523254,-1.5436670780181885
8123,7.123061656951904,6.47377347946167
8124,-10.819913864135742,-3.8827731609344482
8125,1.10963773727417,-1.4082157611846924
8126,5.955204486846924,-4.459308624267578
8127,-5.517716884613037,5.593924045562744
8128,-11.732444763183594,-3.506600856781006
8129,-1.601367473602295,6.171374797821045
8130,1.1919280290603638,0.21489956974983215
8131,-0.32178422808647156,10.277242660522461
8132,-1.0526601076126099,0.5855169892311096
8133,3.3926448822021484,14.010395050048828
8134,-5.1638922691345215,-5.630003452301025
8135,-10.67357063293457,-5.7712225914001465
8136,-4.513869762420654,5.461858749389648
8137,8.709159851074219,-9.463711738586426
8138,0.009366616606712341,0.49576300382614136
8139,7.1969828605651855,-0.5987910628318787
8140,-1.7605938911437988,9.373183250427246
8141,-4.810478210449219,5.173651695251465
8142,-18.574045181274414,-1.8454115390777588
8143,-9.799455642700195,-3.03261661529541
8144,-1.6975889205932617,10.2555570602417
8145,5.775158882141113,-4.553258419036865
8146,-7.232038974761963,-1.3818849325180054
8147,-11.7352933883667,6.422774791717529
8148,2.543477773666382,16.54671287536621
8149,1.6366612911224365,-2.4644863605499268
8150,-2.9315404891967773,-9.440420150756836
8151,-3.454798460006714,-7.6571269035339355
8152,-4.662273406982422,-2.3149149417877197
8153,-2.7206737995147705,8.206043243408203
8154,2.4997265338897705,-0.31794625520706177
8155,1.1193504333496094,-1.5695692300796509
8156,0.4527302086353302,-3.999844789505005
8157,4.068187713623047,15.33507251739502
8158,-1.9785701036453247,5.451347827911377
8159,5.584972858428955,-6.292586326599121
8160,-0.5798109769821167,0.9907285571098328
8161,-5.39658260345459,4.603630065917969
8162,1.1224024295806885,-1.233504295349121
8163,-8.019521713256836,-1.561702013015747
8164,-6.173893451690674,6.753479957580566
8165,9.81191349029541,5.42991828918457
8166,-10.772988319396973,-11.113863945007324
8167,-20.625600814819336,9.842096328735352
8168,-9.755123138427734,-7.805051326751709
8169,7.951822757720947,-4.696501731872559
8170,-26.406227111816406,12.327037811279297
8171,-2.794740676879883,11.688193321228027
8172,-19.639978408813477,-0.9864417314529419
8173,-1.9989275932312012,11.102599143981934
8174,0.6342288255691528,-1.9719843864440918
8175,-0.08304378390312195,0.7556180357933044
8176,-11.544208526611328,-11.023335456848145
8177,-1.1515984535217285,3.4118716716766357
8178,-0.3398868143558502,2.9753222465515137
8179,-8.336933135986328,-2.3382134437561035
8180,-2.7291204929351807,-7.166698932647705
8181,-14.801717758178711,-5.228214740753174
8182,8.86369800567627,6.982100009918213
8183,1.2109220027923584,-1.1621837615966797
8184,-3.5254085063934326,11.660696983337402
8185,-1.9716085195541382,6.034822463989258
8186,-5.736988067626953,-2.333261251449585
8187,0.7192473411560059,-1.4465659856796265
8188,-10.884116172790527,-2.9016714096069336
8189,0.38144364953041077,-3.757519483566284
8190,-2.006636142730713,10.897505760192871
8191,4.3707709312438965,-6.956793308258057
8192,-9.66580581665039,-10.150310516357422
8193,-3.8288824558258057,7.3435211181640625
8194,-2.686234712600708,6.312711238861084
8195,-0.9422740936279297,7.717565536499023
8196,1.1224403381347656,-3.4287641048431396
8197,-8.567559242248535,4.931066989898682
8198,-5.622335910797119,-2.0086820125579834
8199,-25.920820236206055,3.3333146572113037
8200,4.871607303619385,-3.698737144470215
8201,-9.865530014038086,-2.5348899364471436
8202,5.275388240814209,3.145322799682617
8203,0.9539330005645752,-5.162555694580078
8204,14.22060775756836,-1.2250282764434814
8205,3.6750881671905518,-6.9609198570251465
8206,-6.645455837249756,7.569406986236572
8207,2.6978886127471924,-3.582199811935425
8208,0.3999335467815399,1.2698267698287964
8209,8.244568824768066,3.127268075942993
8210,-5.52461576461792,-2.234606981277466
8211,-4.2865495681762695,10.663163185119629
8212,4.499474048614502,-1.6676019430160522
8213,1.1140638589859009,-1.3797829151153564
8214,-12.410287857055664,-8.991177558898926
8215,-2.0241549015045166,13.373652458190918
8216,3.508507251739502,-0.9193719029426575
8217,-2.2970528602600098,7.455700874328613
8218,2.995727777481079,18.183061599731445
8219,-3.7277934551239014,3.13482928276062
8220,-23.735916137695312,-0.9996665120124817
8221,5.244477272033691,7.16483736038208
8222,0.48019471764564514,1.783313274383545
8223,0.7368768453598022,-2.2182319164276123
8224,-5.515876293182373,6.403895378112793
8225,-4.155386447906494,-5.7382307052612305
8226,-0.04414767026901245,0.7065039277076721
8227,-2.2343595027923584,-4.7180585861206055
8228,-0.37281522154808044,8.508208274841309
8229,-5.7148356437683105,11.321678161621094
8230,4.885933876037598,0.8188796639442444
8231,-3.5929219722747803,4.401206016540527
8232,-2.843874216079712,7.527459621429443
8233,1.383722186088562,0.5671568512916565
8234,-2.2228424549102783,-6.6654744148254395
8235,11.733888626098633,7.223031044006348
8236,-2.1770565509796143,11.62542724609375
8237,-1.6260842084884644,3.748955488204956
8238,-0.021583110094070435,17.14155387878418
8239,10.142034530639648,-7.39190149307251
8240,10.193221092224121,5.1628546714782715
8241,-4.3418731689453125,-5.280181884765625
8242,1.9380500316619873,11.441906929016113
8243,-1.7888702154159546,9.130744934082031
8244,-0.27981501817703247,-0.10188589245080948
8245,-2.5013816356658936,-6.842161178588867
8246,-0.37043604254722595,-0.5686447024345398
8247,-19.670639038085938,10.486032485961914
8248,3.984907865524292,-1.7633585929870605
8249,-13.185826301574707,5.244332790374756
8250,3.08069109916687,0.9424286484718323
8251,-1.3637303113937378,7.587804317474365
8252,6.105020523071289,12.638808250427246
8253,-1.6942311525344849,5.702813148498535
8254,-23.316484451293945,-1.2012948989868164
8255,-14.174455642700195,-4.850820064544678
8256,7.456639766693115,-4.692570686340332
8257,-8.791300773620605,-7.005122661590576
8258,3.8142049312591553,-5.662733554840088
8259,-2.316047191619873,5.025977611541748
8260,-5.29616641998291,-3.8835983276367188
8261,-1.8859518766403198,4.334890365600586
8262,-8.193464279174805,-1.34678316116333
8263,-0.3151895999908447,1.683300495147705
8264,-10.43090534210205,-5.6781697273254395
8265,11.294116973876953,-9.118423461914062
8266,4.145764350891113,-3.101149797439575
8267,0.677099347114563,-2.7963502407073975
8268,4.7095842361450195,-3.5311758518218994
8269,-2.156714677810669,6.8084235191345215
8270,-2.5101661682128906,8.982443809509277
8271,-2.7090721130371094,6.277039051055908
8272,-3.1171576976776123,2.4180805683135986
8273,-2.102961778640747,6.305852890014648
8274,4.744256496429443,12.274882316589355
8275,-6.896744251251221,-10.83365249633789
8276,-2.3730618953704834,4.818286895751953
8277,-13.358338356018066,-5.196060657501221
8278,4.4378275871276855,-0.00371754914522171
8279,-3.202031135559082,2.709275245666504
8280,-1.6158134937286377,4.069725513458252
8281,6.22902774810791,-7.2405524253845215
8282,11.770380973815918,-2.9892160892486572
8283,-5.108336925506592,-1.5624728202819824
8284,-0.8941015005111694,4.329489231109619
8285,5.989089488983154,2.2657530307769775
8286,-2.436307430267334,10.10279655456543
8287,-4.428404808044434,-7.433964729309082
8288,-4.791926860809326,5.069878578186035
8289,-1.8166248798370361,9.865701675415039
8290,4.672414302825928,-5.202796936035156
8291,-10.403478622436523,6.570937633514404
8292,-8.705089569091797,-6.380092620849609
8293,-6.773730754852295,-2.256448268890381
8294,-0.032225534319877625,0.6198131442070007
8295,-21.910621643066406,-0.5692190527915955
8296,-4.146933078765869,3.931030035018921
8297,-7.963809013366699,7.5520172119140625
8298,-0.23095935583114624,1.6726408004760742
8299,-2.7006921768188477,9.729121208190918
8300,-1.9199053049087524,5.827937602996826
8301,0.9202942848205566,-0.7616575360298157
8302,-1.679121732711792,1.864677906036377
8303,-3.308990240097046,9.82544994354248
8304,0.7305976152420044,8.962920188903809
8305,-4.749451637268066,4.496252059936523
8306,4.775252819061279,9.633381843566895
8307,-5.795854568481445,-10.617940902709961
8308,1.2040379047393799,-1.6081657409667969
8309,-3.2377560138702393,3.2599375247955322
8310,1.8839993476867676,15.367400169372559
8311,6.7134690284729,1.1249749660491943
8312,-2.8567049503326416,5.47931432723999
8313,-0.010394901037216187,0.7635249495506287
8314,-13.887723922729492,8.251154899597168
8315,-4.316842555999756,5.092498302459717
8316,6.898857116699219,-3.6576695442199707
8317,5.132543563842773,-4.093064785003662
8318,-1.770120620727539,9.647629737854004
8319,-13.74641227722168,7.314911842346191
8320,-9.38172721862793,-3.503270149230957
8321,-14.506179809570312,4.869949817657471
8322,-33.32052993774414,4.277985095977783
8323,-0.49028703570365906,-0.4697432518005371
8324,8.955853462219238,6.987705230712891
8325,0.34480729699134827,-1.0487477779388428
8326,1.4545661211013794,-4.4732346534729
8327,0.329215407371521,-1.1386181116104126
8328,0.5683498382568359,17.703317642211914
8329,-2.250441551208496,-5.60520076751709
8330,-14.395052909851074,-4.719946384429932
8331,-9.064367294311523,-6.717352390289307
8332,4.674488067626953,5.576135158538818
8333,-3.1601240634918213,12.867311477661133
8334,-4.245061874389648,5.006306171417236
8335,1.4419455528259277,-0.0226442813873291
8336,0.5575119256973267,0.5881738066673279
8337,8.018778800964355,7.421096324920654
8338,-2.4395620822906494,11.253828048706055
8339,-6.661294460296631,-3.2979822158813477
8340,1.467667818069458,12.654522895812988
8341,-33.26786422729492,1.4901530742645264
8342,-0.5664209127426147,8.271771430969238
8343,-1.842179298400879,-5.217605113983154
8344,-6.086304187774658,7.973276615142822
8345,-0.2881723642349243,5.6612701416015625
8346,0.819556474685669,-4.831540107727051
8347,0.5483299493789673,2.92675518989563
8348,1.4219435453414917,-0.07985862344503403
8349,5.425213813781738,-1.4032716751098633
8350,1.8531763553619385,13.770506858825684
8351,-0.8416962623596191,7.010979175567627
8352,-1.8638501167297363,9.769914627075195
8353,3.099776029586792,10.36812686920166
8354,-2.819542169570923,9.504369735717773
8355,-1.315563678741455,0.7108872532844543
8356,2.6319034099578857,4.256947994232178
8357,-5.067472457885742,6.256410598754883
8358,1.5274475812911987,4.522757530212402
8359,-2.603610038757324,-5.384980201721191
8360,-13.916015625,-3.6556248664855957
8361,-3.2284209728240967,10.595330238342285
8362,1.2765060663223267,-0.3927138149738312
8363,0.7153798341751099,-2.2415595054626465
8364,0.7605096101760864,-2.1323790550231934
8365,11.075019836425781,7.139505386352539
8366,-12.491618156433105,1.2999601364135742
8367,-9.061300277709961,-1.987785816192627
8368,-0.4173378050327301,8.503657341003418
8369,-8.953314781188965,-2.550704002380371
8370,-5.77144193649292,9.344740867614746
8371,-4.8878655433654785,-2.6938674449920654
8372,-0.99486243724823,0.4201153516769409
8373,-1.8181593418121338,-2.9480583667755127
8374,-11.12850570678711,-7.91865348815918
8375,-2.593653917312622,-6.565410137176514
8376,8.905681610107422,-4.7837419509887695
8377,-2.3609187602996826,-8.257213592529297
8378,-4.951107501983643,5.030792713165283
8379,-3.709554433822632,-2.3826122283935547
8380,1.1320853233337402,-1.4791288375854492
8381,6.244002342224121,-1.1024155616760254
8382,-1.6131659746170044,-4.7862443923950195
8383,8.477084159851074,-5.1903157234191895
8384,-1.399552345275879,1.1471295356750488
8385,-0.26969048380851746,13.82198429107666
8386,-17.55885124206543,-6.4538187980651855
8387,0.3830447494983673,11.239617347717285
8388,-12.107772827148438,-0.855118453502655
8389,4.27548885345459,-3.776256799697876
8390,-2.1472408771514893,-7.0633111000061035
8391,0.11194780468940735,-1.4458497762680054
8392,-0.858086347579956,1.9674396514892578
8393,-1.8527631759643555,12.652291297912598
8394,0.6431974172592163,1.234634518623352
8395,7.57553768157959,-3.307250738143921
8396,-16.51311683654785,8.95732593536377
8397,-11.723079681396484,-6.417727470397949
8398,-8.095370292663574,-3.5959079265594482
8399,-2.367518663406372,8.936440467834473
8400,-9.521646499633789,-9.847017288208008
8401,3.2642264366149902,-2.2057931423187256
8402,0.9114909172058105,-4.830606937408447
8403,0.9954136610031128,1.2449244260787964
8404,-2.0445597171783447,-4.598005294799805
8405,-5.06587028503418,5.2197723388671875
8406,-1.7222665548324585,4.631748199462891
8407,-0.5415511131286621,1.8670321702957153
8408,5.735123157501221,-2.5235817432403564
8409,-3.9877569675445557,-1.0751243829727173
8410,1.4716747999191284,1.5723168849945068
8411,0.7557780742645264,-2.4286725521087646
8412,1.252458930015564,-5.371638774871826
8413,-2.2345328330993652,7.580918788909912
8414,4.173009872436523,0.8361932039260864
8415,0.9336259365081787,-1.8790035247802734
8416,-6.650312900543213,10.401232719421387
8417,-3.5210392475128174,3.344074010848999
8418,-12.286922454833984,-2.9649219512939453
8419,0.6089260578155518,-0.6226027607917786
8420,-9.044283866882324,8.783045768737793
8421,-0.5275660753250122,10.47177791595459
8422,-1.0060009956359863,16.1381778717041
8423,0.820595383644104,-2.39154314994812
8424,-10.161882400512695,-2.7116270065307617
8425,-1.7496154308319092,1.5426435470581055
8426,-6.835580348968506,-3.0936310291290283
8427,7.713514804840088,-7.50709867477417
8428,9.412267684936523,-8.268404006958008
8429,-1.7017316818237305,6.002849102020264
8430,9.94629955291748,2.8436567783355713
8431,-1.4589273929595947,-4.154732704162598
8432,-9.92956256866455,-4.041128635406494
8433,-11.017093658447266,-5.975522518157959
8434,-1.633156180381775,2.8422486782073975
8435,-4.350139617919922,4.412034034729004
8436,-15.09937858581543,-11.581354141235352
8437,0.3711634576320648,14.527377128601074
8438,7.013058185577393,11.556838989257812
8439,6.263831615447998,-5.44650936126709
8440,-1.1389873027801514,8.37851333618164
8441,5.703336715698242,3.531952142715454
8442,-1.4277592897415161,11.732048988342285
8443,6.02406644821167,-6.108747959136963
8444,-10.507814407348633,-6.869150638580322
8445,-3.502650022506714,2.098599672317505
8446,2.9959542751312256,-4.446744918823242
8447,-13.219511985778809,-5.026841640472412
8448,-0.3406873345375061,-1.2601302862167358
8449,1.3763400316238403,10.591328620910645
8450,-2.8619766235351562,-8.01941204071045
8451,6.569925308227539,2.157780408859253
8452,0.08404915034770966,0.4917260408401489
8453,4.777670383453369,1.6633973121643066
8454,-6.458034992218018,-1.3867318630218506
8455,-25.874631881713867,9.179285049438477
8456,-12.12250804901123,-3.4632670879364014
8457,-8.340755462646484,-1.7071621417999268
8458,-3.0299465656280518,11.847954750061035
8459,-0.7383058071136475,2.924745559692383
8460,-14.539129257202148,6.027243614196777
8461,-20.452360153198242,-0.9766409993171692
8462,-0.04384973645210266,0.6162533164024353
8463,-18.727590560913086,-8.803559303283691
8464,2.1012516021728516,-3.886239767074585
8465,-3.960094451904297,-4.975289344787598
8466,-1.2262396812438965,-5.452456474304199
8467,2.083040237426758,2.774257183074951
8468,-20.65837287902832,4.871673583984375
8469,-0.05110880732536316,-1.6293160915374756
8470,-0.18885385990142822,1.978450059890747
8471,-2.2214741706848145,-7.235816478729248
8472,-6.721654415130615,-5.297756671905518
8473,8.77480411529541,7.047989845275879
8474,10.870854377746582,-4.21263313293457
8475,-2.7733511924743652,1.273922324180603
8476,-4.848751068115234,6.100719928741455
8477,8.759342193603516,-8.644408226013184
8478,7.746182918548584,14.121131896972656
8479,1.850590467453003,16.443260192871094
8480,10.552116394042969,5.7717413902282715
8481,-2.331230878829956,5.784660339355469
8482,-2.7164294719696045,-8.021370887756348
8483,-1.7020161151885986,9.799567222595215
8484,-2.494710922241211,2.2353179454803467
8485,-2.9163970947265625,10.560681343078613
8486,-13.044557571411133,7.603244304656982
8487,-2.4483985900878906,2.957247018814087
8488,-7.213159084320068,-8.961801528930664
8489,3.0171282291412354,5.83511209487915
8490,4.438425064086914,-1.4186782836914062
8491,-2.168506622314453,2.6109249591827393
8492,1.9922924041748047,-3.993286609649658
8493,6.551578044891357,-9.696444511413574
8494,-7.970317363739014,-11.0813627243042
8495,-3.0893449783325195,10.887146949768066
8496,0.2543010413646698,-0.3418424725532532
8497,14.375853538513184,-1.9257400035858154
8498,-0.3585980534553528,-0.21161621809005737
8499,1.0293067693710327,-1.9187021255493164
8500,-2.683476209640503,11.853221893310547
8501,2.549828290939331,14.734759330749512
8502,-0.17124952375888824,-0.6522008180618286
8503,8.166006088256836,4.9313249588012695
8504,0.8089144229888916,-2.1657493114471436
8505,-2.8759188652038574,7.526008129119873
8506,-5.803934097290039,5.968451976776123
8507,3.921124219894409,-4.883605003356934
8508,-11.1861572265625,-4.234066486358643
8509,5.383444309234619,-4.956558704376221
8510,-3.5421407222747803,-10.073429107666016
8511,-3.7988765239715576,-9.055262565612793
8512,-2.2106032371520996,13.466511726379395
8513,-1.5073320865631104,8.717421531677246
8514,-0.5630761384963989,11.22465705871582
8515,-2.2714390754699707,2.7981483936309814
8516,3.4603233337402344,15.295073509216309
8517,-0.9743232727050781,-1.866476058959961
8518,-0.012418389320373535,0.6876919269561768
8519,-6.628158092498779,-2.4948079586029053
8520,-22.438894271850586,-1.205812931060791
8521,-2.8545262813568115,2.4111859798431396
8522,0.21210387349128723,-1.7555477619171143
8523,-1.9758574962615967,9.366782188415527
8524,2.806537628173828,-4.1926751136779785
8525,-7.626765727996826,-7.067658424377441
8526,-5.7416157722473145,-10.897348403930664
8527,5.06290864944458,0.3932483494281769
8528,1.1404063701629639,1.3782328367233276
8529,0.567011833190918,-4.416110515594482
8530,-0.7522940635681152,6.498841762542725
8531,5.591922760009766,11.76341724395752
8532,4.761403560638428,10.899733543395996
8533,-2.542703866958618,11.454822540283203
8534,-2.492037057876587,8.904179573059082
8535,-10.640101432800293,1.4394649267196655
8536,-6.6748223304748535,-7.767121315002441
8537,-9.177253723144531,-3.162557601928711
8538,-2.4624674320220947,-6.623669624328613
8539,-9.42927360534668,-2.6146419048309326
8540,-5.041138172149658,5.286310195922852
8541,4.632913589477539,13.625544548034668
8542,-6.11521053314209,5.146956920623779
8543,-1.521990418434143,13.437560081481934
8544,-8.76595687866211,-4.674514293670654
8545,-9.03675365447998,-6.8609538078308105
8546,-0.4049590229988098,0.6402965784072876
8547,-3.4598934650421143,13.787251472473145
8548,0.3194112181663513,-0.9860807061195374
8549,0.7154284715652466,-0.9649491906166077
8550,-4.781900882720947,6.419727802276611
8551,1.7330982685089111,18.039819717407227
8552,5.108262538909912,2.7339096069335938
8553,0.22998666763305664,1.1555107831954956
8554,10.288111686706543,-8.86548900604248
8555,5.448892116546631,0.1944194734096527
8556,3.7449800968170166,-1.5725469589233398
8557,5.124931812286377,5.553359508514404
8558,-1.1320017576217651,-5.281127452850342
8559,-9.306953430175781,0.9016367793083191
8560,3.3363654613494873,-5.0005269050598145
8561,-1.601359248161316,9.656279563903809
8562,2.8119306564331055,-6.0162458419799805
8563,1.2446951866149902,-0.117190882563591
8564,0.05052661895751953,-2.387922763824463
8565,0.9240334033966064,-2.9901325702667236
8566,-0.2883029580116272,1.9711496829986572
8567,-1.7057160139083862,5.049505710601807
8568,-5.731170177459717,12.624579429626465
8569,-1.7049919366836548,2.3330931663513184
8570,6.463973045349121,2.3548977375030518
8571,-11.056501388549805,-7.852169036865234
8572,-4.267367362976074,-9.818840980529785
8573,-5.4070353507995605,8.3023099899292
8574,-0.0992695689201355,-2.5470759868621826
8575,0.8513548374176025,-2.117734670639038
8576,-9.494403839111328,-9.380456924438477
8577,-15.403519630432129,-4.252911567687988
8578,-21.352025985717773,-0.7682687044143677
8579,-9.818422317504883,5.8822760581970215
8580,-2.8550641536712646,12.6841402053833
8581,-12.574764251708984,-5.060515403747559
8582,1.736899495124817,-0.28515625
8583,-5.102654457092285,-1.1827976703643799
8584,-7.104208469390869,7.393726825714111
8585,-12.933563232421875,-12.40839958190918
8586,-12.821512222290039,8.290292739868164
8587,5.088780879974365,-4.495469093322754
8588,-0.4459660053253174,0.7705550193786621
8589,3.208242654800415,0.3703269362449646
8590,-2.750847101211548,-6.330218315124512
8591,-4.742503643035889,-9.352696418762207
8592,-30.037256240844727,13.129947662353516
8593,-1.6738123893737793,-2.844095230102539
8594,1.2202376127243042,-4.966228008270264
8595,4.9683122634887695,12.654364585876465
8596,3.7817132472991943,-3.924772024154663
8597,1.9759948253631592,0.7718204855918884
8598,-2.586361885070801,9.152792930603027
8599,7.615320205688477,-1.2081444263458252
8600,0.08090689778327942,2.0752556324005127
8601,1.2139488458633423,-1.4848123788833618
8602,-1.6846723556518555,10.292603492736816
8603,-4.362605571746826,4.989444255828857
8604,-2.395941972732544,3.298804998397827
8605,-9.596367835998535,-2.9243593215942383
8606,-10.52842903137207,-9.501337051391602
8607,-2.8837943077087402,4.141066551208496
8608,-3.5889830589294434,-5.6560540199279785
8609,-5.0251383781433105,-3.2777516841888428
8610,0.06775391101837158,1.1599400043487549
8611,-2.8837778568267822,10.895926475524902
8612,0.037609830498695374,0.4540388584136963
8613,3.9905693531036377,0.08700978010892868
8614,0.4325244724750519,-1.99424147605896
8615,-1.4825958013534546,8.926857948303223
8616,-7.576000690460205,-7.20422887802124
8617,5.449326038360596,-5.259195804595947
8618,0.39997997879981995,-1.866430640220642
8619,-3.9923555850982666,2.1463558673858643
8620,1.6529672145843506,4.245696544647217
8621,0.402192085981369,-3.9861042499542236
8622,-2.204617977142334,-8.060980796813965
8623,1.6270595788955688,-3.3781096935272217
8624,1.2809107303619385,0.7559676766395569
8625,-0.9784716367721558,0.3874385952949524
8626,-5.224720478057861,-11.860004425048828
8627,0.4053533971309662,-3.1514556407928467
8628,-11.920475959777832,-11.746312141418457
8629,1.2739005088806152,13.33547306060791
8630,10.51022720336914,-7.731297969818115
8631,0.1981365978717804,1.8470382690429688
8632,0.26490679383277893,3.581190347671509
8633,-1.0663889646530151,12.383833885192871
8634,-20.21622657775879,-0.8193781971931458
8635,2.2409489154815674,-3.8264615535736084
8636,-11.054615020751953,-10.208919525146484
8637,7.2371602058410645,-1.9227714538574219
8638,0.5804641246795654,-1.4673372507095337
8639,0.5261472463607788,-1.9169646501541138
8640,6.931935787200928,-3.9968764781951904
8641,6.407114028930664,2.305110216140747
8642,-2.9609427452087402,1.3409656286239624
8643,-10.53991413116455,6.6247076988220215
8644,-0.7654852867126465,13.90929126739502
8645,1.8794803619384766,1.7231864929199219
8646,-13.920918464660645,8.815319061279297
8647,0.40098145604133606,-3.425652027130127
8648,-4.663560390472412,-7.807861804962158
8649,3.0203745365142822,-2.789719343185425
8650,-6.418163776397705,-3.5999205112457275
8651,-4.315364837646484,-3.3604440689086914
8652,-8.546304702758789,-3.9602906703948975
8653,-10.707799911499023,-10.171440124511719
8654,-8.424880981445312,-9.520465850830078
8655,-13.560253143310547,-4.401013374328613
8656,-7.679487705230713,-5.88824462890625
8657,-1.732192039489746,6.325188159942627
8658,1.3380160331726074,-0.40757980942726135
8659,-11.425273895263672,7.432275772094727
8660,0.24820998311042786,-0.9969380497932434
8661,-3.591217279434204,-1.4481818675994873
8662,5.1114630699157715,1.5492630004882812
8663,-0.8318264484405518,10.201699256896973
8664,0.005013033747673035,0.8626224994659424
8665,4.76112699508667,-4.403599262237549
8666,2.235074520111084,4.269014358520508
8667,-2.079335927963257,11.287362098693848
8668,8.006500244140625,-7.525672435760498
8669,-9.50783920288086,-7.247127532958984
8670,9.234066009521484,-8.89968204498291
8671,-3.6406750679016113,3.035944938659668
8672,-10.454191207885742,-10.196733474731445
8673,-10.472164154052734,-2.4689929485321045
8674,5.525008201599121,11.681526184082031
8675,-3.059054136276245,10.842061042785645
8676,-9.198112487792969,-8.217689514160156
8677,8.358682632446289,3.683823347091675
8678,1.4085098505020142,-0.28428351879119873
8679,-1.5304564237594604,6.22219705581665
8680,-0.894856333732605,15.282712936401367
8681,-1.2606889009475708,4.573965549468994
8682,-14.656747817993164,-5.260799884796143
8683,-1.2436022758483887,3.0446736812591553
8684,5.5447258949279785,-3.4183125495910645
8685,-1.429582118988037,6.616578578948975
8686,-12.643976211547852,-3.984727382659912
8687,0.030972182750701904,0.4863554835319519
8688,-5.432517051696777,-11.034777641296387
8689,-2.2292847633361816,-5.465083599090576
8690,3.6888010501861572,5.628742694854736
8691,-6.812066555023193,6.941499710083008
8692,0.6383492946624756,1.3908607959747314
8693,-2.086249589920044,9.68797779083252
8694,-2.387611150741577,6.752584934234619
8695,-9.994542121887207,-2.7886507511138916
8696,0.24597221612930298,-1.7138049602508545
8697,-1.45809006690979,5.107832908630371
8698,8.509653091430664,7.278213977813721
8699,-0.837200403213501,12.852717399597168
8700,-1.5727509260177612,7.336055278778076
8701,5.816931247711182,5.7317023277282715
8702,0.42078426480293274,-1.2854561805725098
8703,1.2131712436676025,-0.05508074164390564
8704,3.0254766941070557,4.756993770599365
8705,-23.090272903442383,-1.0062371492385864
8706,-3.382420778274536,9.323993682861328
8707,-1.4049022197723389,-6.907761573791504
8708,-11.591114044189453,-4.996147632598877
8709,5.421989440917969,0.5107361078262329
8710,-1.2844353914260864,-0.29288727045059204
8711,4.027341365814209,-5.525453567504883
8712,3.724891424179077,-6.1499834060668945
8713,1.0350309610366821,1.573521614074707
8714,2.1285808086395264,-3.391528367996216
8715,-12.725757598876953,-5.63721227645874
8716,3.720576047897339,-6.065188884735107
8717,-2.9722752571105957,9.54278564453125
8718,-0.04916711151599884,1.1916106939315796
8719,2.918323040008545,4.706547737121582
8720,-0.6475228071212769,0.2518753707408905
8721,-15.529909133911133,5.932625770568848
8722,-6.87000846862793,-1.5938687324523926
8723,-3.944606304168701,2.9807863235473633
8724,-15.053516387939453,-8.087128639221191
8725,-11.422399520874023,-5.969910144805908
8726,5.257320880889893,-1.7052056789398193
8727,0.49577972292900085,-2.0072426795959473
8728,-1.874799132347107,5.325165271759033
8729,0.17369571328163147,-3.875641107559204
8730,6.895358562469482,11.534855842590332
8731,-1.8004249334335327,4.599924087524414
8732,-1.7500914335250854,13.0114164352417
8733,-1.6898281574249268,1.5159505605697632
8734,2.494636058807373,-4.15238618850708
8735,-20.393091201782227,8.928387641906738
8736,-2.6129493713378906,-7.721405982971191
8737,2.1998939514160156,-4.5685296058654785
8738,6.329336643218994,1.6145802736282349
8739,-10.670109748840332,-10.429765701293945
8740,-7.19607400894165,-2.3755881786346436
8741,-3.737046957015991,-9.504660606384277
8742,-2.3583052158355713,7.481014728546143
8743,-4.112706661224365,-3.9704527854919434
8744,-6.385273456573486,8.045693397521973
8745,-0.0792258083820343,0.8606382012367249
8746,2.215312957763672,-2.0112318992614746
8747,13.475863456726074,-6.058971881866455
8748,-20.893203735351562,-0.3948160409927368
8749,-6.107812404632568,-6.3957438468933105
8750,6.4606709480285645,6.346894264221191
8751,7.6652913093566895,-0.7292680144309998
8752,4.355766773223877,-2.689572811126709
8753,1.1711790561676025,16.51814842224121
8754,-2.273974895477295,11.920854568481445
8755,0.5057477951049805,-1.235915184020996
8756,-1.26900315284729,6.767927169799805
8757,-0.23628519475460052,1.3457874059677124
8758,0.13355034589767456,0.1267791986465454
8759,-0.10999028384685516,1.1071455478668213
8760,-0.9864903688430786,14.040802955627441
8761,-9.392438888549805,-1.6445307731628418
8762,-10.181289672851562,-7.4819183349609375
8763,-3.5477166175842285,-8.200112342834473
8764,-0.327275812625885,1.6351380348205566
8765,-1.7186496257781982,11.129944801330566
8766,-10.370294570922852,-2.284870147705078
8767,-9.05122184753418,-5.920210361480713
8768,-0.47156229615211487,3.1914455890655518
8769,-6.897593021392822,-2.1267011165618896
8770,-5.204844951629639,4.783583641052246
8771,-3.1214137077331543,-7.224699020385742
8772,3.3760006427764893,15.256732940673828
8773,-7.868240833282471,-3.370445728302002
8774,-1.164402961730957,7.280623435974121
8775,-2.6738622188568115,7.064316272735596
8776,7.56547737121582,-3.1997883319854736
8777,4.597045421600342,8.805915832519531
8778,-10.634603500366211,-10.663721084594727
8779,-2.31345534324646,-6.8151726722717285
8780,1.116737723350525,0.2965323030948639
8781,-3.5828301906585693,-3.527036190032959
8782,7.198479652404785,-0.9139094352722168
8783,-6.933781147003174,-3.6192657947540283
8784,-1.0431711673736572,13.987626075744629
8785,-0.5588985681533813,12.600665092468262
8786,-15.847195625305176,-5.7109293937683105
8787,-3.208099126815796,-8.160778045654297
8788,-2.3852474689483643,-5.455596923828125
8789,-9.102025985717773,-8.179675102233887
8790,-1.7175931930541992,-2.8423871994018555
8791,2.5340359210968018,-2.57865309715271
8792,-4.376605987548828,0.45399099588394165
8793,-1.1272777318954468,6.121740818023682
8794,-3.0460872650146484,2.1100471019744873
8795,-2.3379018306732178,5.3453264236450195
8796,5.3211750984191895,3.23319411277771
8797,-0.9509578943252563,4.842525005340576
8798,-0.5241446495056152,2.216702699661255
8799,-3.0655336380004883,-6.794811248779297
8800,-14.569074630737305,-6.593692302703857
8801,7.0872883796691895,0.9652114510536194
8802,6.165424823760986,-9.033677101135254
8803,-1.9006147384643555,5.655454635620117
8804,-1.612597107887268,6.444453716278076
8805,13.789766311645508,-3.5176191329956055
8806,0.0808250904083252,1.1402902603149414
8807,6.073996067047119,10.614532470703125
8808,-3.732266426086426,4.2256598472595215
8809,0.340284526348114,-1.1167869567871094
8810,-1.7185300588607788,14.942392349243164
8811,-1.878913164138794,-2.0804648399353027
8812,-0.5069748163223267,5.934226989746094
8813,3.1558942794799805,13.290848731994629
8814,-1.497527003288269,10.581929206848145
8815,-2.0229814052581787,7.5567193031311035
8816,-2.430415630340576,7.9388251304626465
8817,3.6181704998016357,1.268187165260315
8818,-4.760092258453369,-1.0199470520019531
8819,-3.0212795734405518,1.6034581661224365
8820,-3.5408616065979004,-2.4979212284088135
8821,0.12152025103569031,-2.162703275680542
8822,-18.31430435180664,8.20792293548584
8823,-31.58693504333496,0.06539507955312729
8824,0.8895491361618042,-4.892872333526611
8825,-5.631263256072998,6.105863094329834
8826,-4.7690558433532715,-7.1556077003479
8827,4.663431644439697,-8.042357444763184
8828,-13.418123245239258,7.404350757598877
8829,-16.583391189575195,9.303936004638672
8830,-2.126711130142212,12.375636100769043
8831,0.9568630456924438,-1.4549410343170166
8832,-10.735965728759766,-9.18216609954834
8833,4.722661972045898,10.647927284240723
8834,-2.575845956802368,7.993836879730225
8835,5.701937198638916,1.8553094863891602
8836,-0.8768336772918701,7.789433002471924
8837,3.0929300785064697,0.6760478615760803
8838,1.0343159437179565,-4.328337669372559
8839,-5.122894287109375,5.277078628540039
8840,2.3967690467834473,3.7077038288116455
8841,3.444674253463745,-6.116683006286621
8842,6.5415730476379395,-7.641367435455322
8843,-1.451945185661316,6.640700340270996
8844,5.719796657562256,1.267474889755249
8845,0.3685353100299835,-3.3968007564544678
8846,-3.118468999862671,5.718437671661377
8847,-5.752349853515625,-0.8605720400810242
8848,-2.553964614868164,-6.02723503112793
8849,-1.8795430660247803,1.445073127746582
8850,1.3879711627960205,-1.581235647201538
8851,3.2726516723632812,-0.2656044661998749
8852,5.737948417663574,-4.194705486297607
8853,-2.6724421977996826,-7.635726451873779
8854,-0.858283281326294,6.020186424255371
8855,-0.942915678024292,-0.6849892735481262
8856,-8.986488342285156,-9.675372123718262
8857,-0.5651257038116455,17.126052856445312
8858,-2.7020316123962402,9.006600379943848
8859,-8.694869041442871,-7.256322383880615
8860,2.5730130672454834,-0.5825719237327576
8861,-9.706071853637695,-6.112285614013672
8862,-0.6301440000534058,2.5581705570220947
8863,5.444927215576172,15.007746696472168
8864,-6.12156343460083,6.488662242889404
8865,0.023707091808319092,0.4816371202468872
8866,-1.7231453657150269,-1.838306188583374
8867,4.950942516326904,-5.168764591217041
8868,-1.3969440460205078,-0.6735138893127441
8869,7.604122638702393,-5.8869805335998535
8870,-5.7385382652282715,-6.241258144378662
8871,2.0960991382598877,-3.6418774127960205
8872,-15.642160415649414,-4.1346259117126465
8873,-2.5544991493225098,13.574481010437012
8874,0.5489804744720459,-3.050499200820923
8875,-12.558388710021973,-8.8217134475708
8876,-11.200615882873535,-10.389508247375488
8877,6.531952381134033,-6.463680267333984
8878,-2.588909387588501,-6.520474910736084
8879,-0.29012393951416016,1.5425057411193848
8880,11.703834533691406,-5.4397172927856445
8881,1.2753241062164307,0.305780827999115
8882,1.4039756059646606,-0.20658797025680542
8883,-0.04212865233421326,0.7022902965545654
8884,6.116425037384033,0.5959815382957458
8885,-1.5914312601089478,4.784228801727295
8886,-1.1621079444885254,-1.247611403465271
8887,0.540434718132019,-1.7060017585754395
8888,-18.011823654174805,5.440742492675781
8889,-13.610827445983887,8.437054634094238
8890,6.375033378601074,-5.579628944396973
8891,-9.674545288085938,-7.815017223358154
8892,2.2248377799987793,4.262202739715576
8893,1.0182995796203613,-0.9272220730781555
8894,3.28301739692688,-3.4248528480529785
8895,0.12810471653938293,0.37280115485191345
8896,-8.116908073425293,-1.7063093185424805
8897,7.23621940612793,2.6675474643707275
8898,-6.652999401092529,-10.193788528442383
8899,-0.2890562117099762,11.477333068847656
8900,-1.3242979049682617,14.845440864562988
8901,-13.395078659057617,-7.270213603973389
8902,7.058095455169678,-4.308345317840576
8903,-1.5044670104980469,8.567913055419922
8904,2.7194454669952393,-4.251534461975098
8905,-0.36697736382484436,16.161407470703125
8906,1.4771753549575806,0.7690213918685913
8907,-0.9145339727401733,8.070502281188965
8908,-2.467036247253418,-5.040935039520264
8909,-2.421335220336914,7.6853718757629395
8910,-3.4576480388641357,3.5497453212738037
8911,1.2378994226455688,-0.307544469833374
8912,0.893539309501648,-5.085577487945557
8913,-11.79167366027832,-3.5366785526275635
8914,-4.238183498382568,1.5235971212387085
8915,0.3507489264011383,-0.1857258677482605
8916,-3.0374996662139893,13.556120872497559
8917,-10.846248626708984,-6.6802263259887695
8918,1.1756172180175781,0.08916977792978287
8919,-0.7923575639724731,6.210287570953369
8920,7.579133033752441,-6.696933269500732
8921,1.7646067142486572,-2.6195390224456787
8922,2.428626298904419,-3.9050557613372803
8923,-4.204254150390625,-6.445648193359375
8924,4.304737091064453,-2.021559476852417
8925,12.713936805725098,-4.172252178192139
8926,-2.4973459243774414,11.023049354553223
8927,5.667942523956299,-5.617860317230225
8928,4.271451473236084,5.082450866699219
8929,-5.327055931091309,-2.582475423812866
8930,-5.5778117179870605,-8.646059036254883
8931,-0.9097751379013062,7.269350051879883
8932,-1.06643545627594,2.8853228092193604
8933,-0.9907634258270264,8.085996627807617
8934,-9.190711975097656,-0.5061838030815125
8935,1.6728248596191406,11.608614921569824
8936,1.0018590688705444,-5.143274784088135
8937,1.9095098972320557,-2.486684560775757
8938,9.554609298706055,-4.550261974334717
8939,8.57308292388916,-9.899794578552246
8940,1.3641318082809448,-3.0417520999908447
8941,-22.092205047607422,-1.0675666332244873
8942,-16.624631881713867,9.538147926330566
8943,1.3276747465133667,0.15341633558273315
8944,4.930910587310791,1.3538856506347656
8945,8.03724479675293,-1.3158189058303833
8946,0.24987152218818665,1.8287689685821533
8947,-0.2389855682849884,9.778440475463867
8948,0.9415979385375977,-0.9770775437355042
8949,-9.920069694519043,-3.3014631271362305
8950,-9.998170852661133,6.345937728881836
8951,-4.281148910522461,-10.179859161376953
8952,0.5293985605239868,-1.3786680698394775
8953,-10.205228805541992,-1.4526125192642212
8954,-9.665506362915039,6.007890701293945
8955,0.5799230337142944,2.5638933181762695
8956,1.7135543823242188,-2.4269020557403564
8957,-13.468080520629883,-4.806029319763184
8958,-21.37368392944336,-0.35775721073150635
8959,9.146435737609863,7.134479999542236
8960,4.251936435699463,14.559004783630371
8961,-1.9151010513305664,4.832027435302734
8962,-15.019102096557617,8.491433143615723
8963,-2.5769600868225098,3.63200306892395
8964,0.565487265586853,-1.9021124839782715
8965,-1.6783055067062378,4.222609043121338
8966,-8.669336318969727,-2.6261322498321533
8967,-2.294445037841797,11.228084564208984
8968,7.136396408081055,-1.3987394571304321
8969,-0.03953897953033447,0.9979647994041443
8970,-13.088581085205078,7.706522464752197
8971,0.1917477250099182,2.6989424228668213
8972,9.615509033203125,-5.487357139587402
8973,4.527768135070801,-4.1511406898498535
8974,-2.9982047080993652,2.39443039894104
8975,-3.0693531036376953,10.999984741210938
8976,-11.792098999023438,-5.0716776847839355
8977,-6.632812023162842,-6.521910667419434
8978,0.7590662240982056,-5.168952941894531
8979,-12.73643684387207,-6.406996726989746
8980,9.602197647094727,-8.340818405151367
8981,5.01978063583374,-2.15876841545105
8982,1.1511900424957275,-1.5148861408233643
8983,0.050426408648490906,0.7649432420730591
8984,8.265490531921387,-8.570795059204102
8985,-5.256081581115723,4.230525493621826
8986,1.9520761966705322,-0.7887701392173767
8987,-0.24993033707141876,1.4691693782806396
8988,0.47008004784584045,-1.8799132108688354
8989,-11.163206100463867,-10.916138648986816
8990,-2.786214590072632,12.263216972351074
8991,1.5672361850738525,-4.2474894523620605
8992,-2.02773380279541,-7.176398754119873
8993,-3.538971424102783,-9.119303703308105
8994,0.07395324110984802,0.37503182888031006
8995,-2.0510313510894775,-5.207301616668701
8996,-3.81868052482605,-9.2498140335083
8997,1.024899959564209,-2.9217517375946045
8998,-14.306283950805664,4.874975204467773
8999,7.275496959686279,-0.833211362361908
9000,-2.1822009086608887,3.253471612930298
9001,-3.4764764308929443,-8.776969909667969
9002,5.311286926269531,-3.3336141109466553
9003,-2.7765276432037354,1.4429441690444946
9004,-3.054424524307251,-9.053196907043457
9005,11.130932807922363,5.832455635070801
9006,-0.7234247922897339,1.9709434509277344
9007,-2.6630566120147705,4.4182562828063965
9008,-10.230439186096191,-2.0479629039764404
9009,-0.699429988861084,-0.16558122634887695
9010,8.405915260314941,-2.930234909057617
9011,-14.320911407470703,-3.5860347747802734
9012,-7.204774379730225,-2.1683852672576904
9013,-2.2818796634674072,4.8510541915893555
9014,-23.605419158935547,-1.247215747833252
9015,-2.2352542877197266,2.283663511276245
9016,-8.896833419799805,-6.2462544441223145
9017,5.285054683685303,-6.002072334289551
9018,-1.9779940843582153,-3.50642466545105
9019,-3.3065335750579834,-7.524036407470703
9020,1.1116703748703003,-1.4321153163909912
9021,7.388050556182861,-9.156634330749512
9022,3.979222536087036,-1.0592857599258423
9023,-9.153766632080078,-2.3049309253692627
9024,-9.83411979675293,-2.471747398376465
9025,-2.6475558280944824,6.9668288230896
9026,1.5309038162231445,14.024494171142578
9027,10.259556770324707,-7.752471446990967
9028,5.300781726837158,-3.2641613483428955
9029,-5.105221271514893,6.6291375160217285
9030,-11.923219680786133,-11.09766960144043
9031,0.9806039333343506,-2.87980580329895
9032,-2.1623198986053467,4.326065540313721
9033,-0.9464812278747559,2.4542489051818848
9034,0.5456838607788086,1.1481455564498901
9035,-0.9912142753601074,0.7049443125724792
9036,-19.619159698486328,10.771791458129883
9037,-6.854305744171143,7.762009143829346
9038,-0.06784293055534363,9.951704978942871
9039,-1.4854487180709839,10.78663444519043
9040,-1.2367784976959229,2.622000217437744
9041,-3.5953872203826904,-5.957031726837158
9042,0.8497730493545532,-2.8982579708099365
9043,-2.247375726699829,5.137088775634766
9044,6.26395320892334,-8.20573616027832
9045,0.05573184788227081,-0.41686075925827026
9046,-10.249302864074707,-8.928412437438965
9047,-10.629312515258789,-3.1759068965911865
9048,1.12161123752594,3.645275115966797
9049,-11.677658081054688,-8.19234848022461
9050,5.66285514831543,0.5376775860786438
9051,-5.766289234161377,6.9670209884643555
9052,-12.80599594116211,-4.110935211181641
9053,4.988158702850342,-1.982467770576477
9054,-1.252617597579956,3.0670289993286133
9055,-1.2689440250396729,6.250566482543945
9056,0.8326897621154785,-2.06813907623291
9057,-2.6425769329071045,9.90523910522461
9058,-13.798639297485352,7.8840250968933105
9059,-0.8372999429702759,12.670876502990723
9060,-3.727156400680542,2.393867015838623
9061,1.2852810621261597,0.8518694639205933
9062,-11.363130569458008,7.125137805938721
9063,-13.886085510253906,5.609500408172607
9064,-0.7292929887771606,-2.4145867824554443
9065,-0.658617377281189,6.283072471618652
9066,-0.9571889638900757,2.4324469566345215
9067,0.6806073188781738,-2.0503957271575928
9068,4.220246315002441,-4.842500686645508
9069,9.166327476501465,4.473267078399658
9070,-4.513869762420654,-4.630390167236328
9071,6.100000858306885,3.535106897354126
9072,-10.019264221191406,6.724672794342041
9073,-2.8911666870117188,-8.044622421264648
9074,-1.7520105838775635,7.526466369628906
9075,-0.4272940456867218,2.337294340133667
9076,-5.808841228485107,-0.952096700668335
9077,-1.2146070003509521,11.348165512084961
9078,-8.481683731079102,-8.299833297729492
9079,-2.4531173706054688,11.487906455993652
9080,-1.968334674835205,6.732732772827148
9081,-2.7102675437927246,10.148274421691895
9082,2.0630764961242676,-0.7948458790779114
9083,-7.850506782531738,7.4996137619018555
9084,4.406322956085205,-6.148952960968018
9085,-9.77690315246582,-8.135087966918945
9086,-9.993303298950195,-2.7282724380493164
9087,-1.7279481887817383,9.060157775878906
9088,-0.7573473453521729,2.112908363342285
9089,-0.5817726850509644,-1.643549919128418
9090,-10.936455726623535,-6.883300304412842
9091,0.6731346845626831,9.379825592041016
9092,-15.42741584777832,-4.4339280128479
9093,-8.310840606689453,9.302034378051758
9094,1.6417338848114014,0.020727939903736115
9095,1.3202085494995117,-0.49967241287231445
9096,5.918555736541748,3.4701597690582275
9097,-3.061343193054199,1.9081944227218628
9098,8.403403282165527,-0.9921843409538269
9099,1.8019412755966187,3.2606594562530518
9100,-3.9331610202789307,-2.430905342102051
9101,-2.6553189754486084,-7.952070713043213
9102,-5.153675079345703,-6.494786739349365
9103,0.26175156235694885,1.6540086269378662
9104,-12.249397277832031,-3.7191615104675293
9105,-42.18636703491211,7.558220386505127
9106,0.804242730140686,-2.477055788040161
9107,-18.009519577026367,-8.2598876953125
9108,2.6691415309906006,11.291499137878418
9109,2.6943886280059814,-4.161153316497803
9110,5.096444606781006,12.024771690368652
9111,0.4319097101688385,-0.8636904358863831
9112,-13.404730796813965,7.862442493438721
9113,-7.150638103485107,-3.17671799659729
9114,-1.677931785583496,11.20022201538086
9115,-23.672616958618164,11.025842666625977
9116,-7.861808776855469,-10.648415565490723
9117,-9.517707824707031,-3.584718942642212
9118,5.681324481964111,7.204931735992432
9119,-20.695363998413086,-0.7208871245384216
9120,5.08976411819458,3.4653067588806152
9121,-3.414518117904663,3.3595004081726074
9122,2.269778251647949,-1.479051113128662
9123,1.2797725200653076,-0.6677640080451965
9124,-0.4541124403476715,0.8544689416885376
9125,-0.8057692050933838,-3.5845859050750732
9126,2.107260227203369,1.92263662815094
9127,6.9841766357421875,-8.60491943359375
9128,6.904449939727783,-6.742101192474365
9129,-2.5594937801361084,11.226590156555176
9130,0.9729056358337402,-4.939359188079834
9131,-2.011998414993286,6.268648147583008
9132,-13.195625305175781,-6.4059906005859375
9133,-2.647522449493408,-6.016541481018066
9134,3.5565502643585205,-1.8142497539520264
9135,3.6665263175964355,-4.015201568603516
9136,-19.98695182800293,10.209393501281738
9137,-3.4421072006225586,-8.385854721069336
9138,-3.977559804916382,3.2682995796203613
9139,-2.4704458713531494,-6.450771808624268
9140,5.454498767852783,2.815788507461548
9141,0.8467051982879639,2.396854877471924
9142,-4.87754487991333,-2.7981202602386475
9143,-2.6384804248809814,5.736926555633545
9144,-0.30657491087913513,9.253035545349121
9145,5.737388610839844,-3.716482162475586
9146,3.802807569503784,-3.2754955291748047
9147,0.3298920691013336,-2.417375326156616
9148,-2.403489589691162,5.533204555511475
9149,3.438453435897827,-7.043757915496826
9150,-1.1650676727294922,2.584038257598877
9151,6.355236530303955,2.243975877761841
9152,-7.627665996551514,-4.255622863769531
9153,-0.8467017412185669,7.320866584777832
9154,1.6695423126220703,-3.8072192668914795
9155,-20.989303588867188,10.35778522491455
9156,-4.771447658538818,-0.0018733665347099304
9157,-1.2884373664855957,-0.5384843945503235
9158,-0.5847468376159668,1.2750471830368042
9159,0.1568654179573059,-1.911319375038147
9160,-0.9322366714477539,7.011046886444092
9161,7.695657253265381,4.362674713134766
9162,2.0497348308563232,-2.538933753967285
9163,-1.5776402950286865,12.581887245178223
9164,-2.3462026119232178,-4.138850688934326
9165,5.493157386779785,2.8064780235290527
9166,-9.541725158691406,-4.417092323303223
9167,7.015279769897461,2.6249136924743652
9168,2.282846450805664,-0.6882467269897461
9169,9.539907455444336,-4.794234752655029
9170,-0.2148716002702713,1.368416666984558
9171,8.838424682617188,5.351755142211914
9172,-14.566967010498047,8.716778755187988
9173,-1.8439865112304688,-4.651290416717529
9174,-0.023702532052993774,0.6834986805915833
9175,-1.5252960920333862,-3.5214903354644775
9176,5.017278671264648,-2.8055784702301025
9177,5.048212051391602,-8.354772567749023
9178,3.793027639389038,0.27021509408950806
9179,-3.116039752960205,9.11915111541748
9180,1.2408204078674316,0.35199347138404846
9181,-3.093144655227661,1.4259191751480103
9182,-7.45006799697876,9.137777328491211
9183,-0.9973338842391968,0.7161296010017395
9184,0.8650304079055786,-4.756910800933838
9185,0.621749997138977,-3.583170175552368
9186,0.4056931436061859,-1.3772504329681396
9187,-2.442601442337036,-6.318497657775879
9188,-0.6174807548522949,3.849729061126709
9189,-1.5118083953857422,9.521655082702637
9190,-5.066897392272949,8.554696083068848
9191,-9.528007507324219,-3.6635901927948
9192,-0.10089036822319031,0.9922536015510559
9193,-10.94340705871582,-9.806879997253418
9194,1.9174060821533203,13.047368049621582
9195,-1.9184906482696533,-3.236820936203003
9196,3.032885789871216,-2.32287859916687
9197,-16.15631866455078,-6.269018650054932
9198,5.488533973693848,4.227945327758789
9199,2.286632776260376,-1.5141972303390503
9200,-3.759159803390503,-10.371442794799805
9201,2.408839464187622,-2.2532951831817627
9202,1.0218148231506348,-0.9702419638633728
9203,7.738025188446045,-1.7168605327606201
9204,0.8048837184906006,-1.8869667053222656
9205,-17.085735321044922,0.46420836448669434
9206,-4.635244846343994,-3.628730058670044
9207,2.350745916366577,-1.9856353998184204
9208,0.7595343589782715,-1.8140432834625244
9209,1.9869141578674316,-3.536954164505005
9210,-1.9038819074630737,4.445862293243408
9211,0.6188323497772217,-1.6675541400909424
9212,5.7641448974609375,3.725545644760132
9213,0.15849879384040833,-2.2446513175964355
9214,1.3531672954559326,-5.282853603363037
9215,0.27920836210250854,-3.108936071395874
9216,-0.6529062986373901,-0.9690113067626953
9217,2.0823264122009277,-2.416701316833496
9218,-17.84996223449707,8.732314109802246
9219,3.624298095703125,5.091310977935791
9220,-4.287779331207275,-6.282505989074707
9221,-2.9519007205963135,11.203156471252441
9222,-4.876749515533447,3.2031004428863525
9223,2.0841727256774902,17.780014038085938
9224,-21.99803352355957,10.5206880569458
9225,0.6978352069854736,-2.0821361541748047
9226,7.7088751792907715,0.7677488327026367
9227,-3.273981809616089,8.836581230163574
9228,0.6453472375869751,-5.1341118812561035
9229,-7.478359699249268,-2.7057406902313232
9230,-2.1688265800476074,6.752134323120117
9231,0.9303066730499268,-2.688466787338257
9232,9.648638725280762,6.7795233726501465
9233,-3.7349298000335693,-9.185450553894043
9234,-15.712051391601562,-4.8693952560424805
9235,-18.006437301635742,9.905394554138184
9236,5.272475242614746,-1.768770456314087
9237,8.098013877868652,-8.097261428833008
9238,3.121016025543213,11.302994728088379
9239,1.24249267578125,-0.5773661732673645
9240,4.080721855163574,14.049642562866211
9241,-1.8738409280776978,5.888854503631592
9242,-13.728713989257812,-5.518453121185303
9243,2.029186487197876,-3.7734365463256836
9244,7.7999796867370605,-8.410857200622559
9245,1.6261671781539917,-0.43422988057136536
9246,-14.899511337280273,-4.347703456878662
9247,-0.30032604932785034,0.17397573590278625
9248,-14.785127639770508,-5.432880878448486
9249,-5.72329044342041,-2.466277837753296
9250,7.374809741973877,-8.439821243286133
9251,-11.137332916259766,7.639053821563721
9252,5.304254055023193,-4.883718013763428
9253,-1.8077456951141357,9.761345863342285
9254,-10.724785804748535,-10.749812126159668
9255,10.41772747039795,7.245629787445068
9256,-6.50147008895874,-10.524508476257324
9257,-11.3541898727417,-4.780150890350342
9258,-5.856813907623291,-3.8511364459991455
9259,-3.269305944442749,2.957470417022705
9260,1.583261489868164,-2.3391802310943604
9261,-3.04166841506958,7.893333435058594
9262,-3.6954171657562256,2.620712995529175
9263,-3.114565372467041,8.57986831665039
9264,3.4495859146118164,9.934050559997559
9265,-10.69402027130127,-0.24331426620483398
9266,-18.205718994140625,0.3068324327468872
9267,-1.7281042337417603,5.527663230895996
9268,-8.692131042480469,-9.631599426269531
9269,-2.4977457523345947,8.6575345993042
9270,-0.43902626633644104,1.7513560056686401
9271,-5.7763214111328125,-10.072211265563965
9272,-10.952442169189453,-6.521544456481934
9273,-4.7295331954956055,-2.1754229068756104
9274,2.6812496185302734,-0.806679904460907
9275,-17.34842872619629,6.766435146331787
9276,15.10831069946289,-5.402444839477539
9277,0.6835060119628906,-1.815483570098877
9278,2.815518379211426,-0.8889000415802002
9279,-9.348554611206055,5.74370002746582
9280,-5.032258987426758,4.677617073059082
9281,2.3088371753692627,-2.6569344997406006
9282,10.251419067382812,-7.629912853240967
9283,-6.053463459014893,-8.9918851852417
9284,-2.9292006492614746,-7.040399074554443
9285,7.124195098876953,-7.497139930725098
9286,-2.515725612640381,12.75255012512207
9287,0.600898027420044,-1.2443835735321045
9288,2.736147880554199,-0.28703492879867554
9289,0.5073832273483276,14.034931182861328
9290,-1.2245573997497559,4.172732353210449
9291,9.510916709899902,-3.257775068283081
9292,-0.8433318138122559,0.5311642289161682
9293,-8.891109466552734,-4.305979251861572
9294,5.470217227935791,-4.361966609954834
9295,-1.1153548955917358,0.8566225171089172
9296,0.112765371799469,2.317990303039551
9297,-15.430632591247559,-5.331357955932617
9298,1.5611777305603027,2.0676207542419434
9299,7.3986945152282715,4.005615711212158
9300,2.417928695678711,11.18070125579834
9301,-2.6604461669921875,-6.433848857879639
9302,-14.805848121643066,5.159818172454834
9303,-13.385836601257324,-7.755035877227783
9304,1.173750400543213,0.37199652194976807
9305,-6.818105220794678,-5.257138729095459
9306,-1.3149558305740356,4.896454334259033
9307,0.4791920483112335,-1.157183289527893
9308,-6.704404354095459,-4.502869606018066
9309,-11.649672508239746,-6.187753677368164
9310,-0.1228242814540863,8.230463027954102
9311,-13.273981094360352,-3.9673337936401367
9312,0.39420363306999207,2.6666669845581055
9313,7.781416893005371,-1.108384609222412
9314,-9.403579711914062,6.096580982208252
9315,-3.584338903427124,-9.064854621887207
9316,-17.830181121826172,9.703625679016113
9317,10.88100528717041,6.936666011810303
9318,3.2934911251068115,5.238444805145264
9319,0.4547804892063141,-3.7399020195007324
9320,8.175859451293945,-6.3145623207092285
9321,-12.950708389282227,0.8327439427375793
9322,-0.5747685432434082,5.242089748382568
9323,10.978678703308105,5.882411479949951
9324,7.112545490264893,-7.444037914276123
9325,1.630155324935913,1.7034614086151123
9326,-9.687386512756348,-7.7769646644592285
9327,8.493047714233398,-7.337728977203369
9328,-0.9756171703338623,0.451166033744812
9329,-0.9567579030990601,11.321690559387207
9330,1.7232331037521362,-2.7250118255615234
9331,9.733734130859375,7.1312408447265625
9332,-1.1018320322036743,9.753663063049316
9333,4.949533462524414,1.8110718727111816
9334,0.4618889391422272,-2.656236410140991
9335,0.031482994556427,0.5110678672790527
9336,-2.550045967102051,-6.701808452606201
9337,-13.651378631591797,8.215672492980957
9338,-12.082815170288086,7.316618919372559
9339,-1.3457801342010498,5.39661979675293
9340,1.663080096244812,-5.14096736907959
9341,10.048744201660156,-4.915072917938232
9342,-8.561187744140625,-10.00473690032959
9343,0.13694608211517334,0.35634252429008484
9344,0.9246771335601807,-3.13889479637146
9345,-3.8362324237823486,-7.127723693847656
9346,1.8854737281799316,-4.033946514129639
9347,0.3225474953651428,1.9733459949493408
9348,-5.826152324676514,6.450467109680176
9349,-0.0025665462017059326,0.9561784863471985
9350,-2.5128047466278076,7.240722179412842
9351,1.325372338294983,-0.005067862570285797
9352,-2.180661201477051,6.18750524520874
9353,4.518607139587402,13.611842155456543
9354,-9.03249740600586,-9.362914085388184
9355,-4.898227691650391,-1.8910051584243774
9356,-4.197575092315674,-6.811519145965576
9357,4.598997592926025,-1.3562803268432617
9358,-3.7390785217285156,4.521625518798828
9359,0.7578867673873901,-4.57171106338501
9360,1.1513361930847168,0.16743704676628113
9361,-8.343788146972656,-5.35261869430542
9362,-13.236570358276367,-8.595029830932617
9363,-9.340886116027832,5.625576496124268
9364,-3.8991527557373047,6.712971210479736
9365,3.222221612930298,4.824437141418457
9366,-2.2322909832000732,6.73275899887085
9367,1.4681521654129028,17.978759765625
9368,7.83593225479126,-4.5444135665893555
9369,-10.436214447021484,6.9959516525268555
9370,5.286512851715088,2.9107062816619873
9371,0.021756529808044434,0.43923598527908325
9372,-9.631627082824707,-2.5049030780792236
9373,-0.027155518531799316,-0.8483794927597046
9374,-3.349153995513916,-7.999352931976318
9375,7.939066410064697,6.699645519256592
9376,6.734189987182617,-0.743290364742279
9377,-14.109689712524414,-4.995726585388184
9378,0.8216395378112793,-0.7040854096412659
9379,-0.017811238765716553,0.5513713955879211
9380,0.3964168131351471,-1.0824458599090576
9381,1.1812520027160645,1.793946623802185
9382,-18.62574005126953,7.512489318847656
9383,-16.437786102294922,-5.799072265625
9384,1.9850106239318848,-2.030665636062622
9385,-16.43869972229004,-6.756479740142822
9386,-0.6713844537734985,3.254901885986328
9387,-28.920263290405273,3.3363101482391357
9388,4.189943790435791,12.606255531311035
9389,-0.6515755653381348,6.639717102050781
9390,-1.4660024642944336,9.41152286529541
9391,6.903336048126221,5.527525424957275
9392,-2.179277181625366,9.942208290100098
9393,6.166954517364502,-8.176424980163574
9394,-40.318119049072266,11.96410846710205
9395,-10.948808670043945,-10.03929328918457
9396,1.6413650512695312,1.4675984382629395
9397,-7.161604404449463,-9.697405815124512
9398,3.1060328483581543,15.727992057800293
9399,-17.91079330444336,-7.5657057762146
9400,7.635693073272705,4.479353427886963
9401,-7.576309680938721,-7.253136157989502
9402,-0.6955249309539795,10.121389389038086
9403,-5.562192440032959,9.024324417114258
9404,0.05337786674499512,0.40615275502204895
9405,-0.16080757975578308,11.88049602508545
9406,2.072349786758423,-2.734952211380005
9407,-1.686938762664795,11.154645919799805
9408,-17.94571304321289,-0.10664010047912598
9409,-2.451547384262085,-6.404449939727783
9410,-2.738969087600708,8.791090965270996
9411,-2.61360502243042,-6.384413242340088
9412,-21.035070419311523,-0.6082481145858765
9413,0.9147955179214478,0.8162904381752014
9414,4.068850994110107,5.010556221008301
9415,0.45225754380226135,-1.2362093925476074
9416,-1.0702677965164185,3.289769411087036
9417,8.111698150634766,6.689671039581299
9418,1.90561842918396,-2.849364995956421
9419,-9.693958282470703,-9.593767166137695
9420,-1.3132802248001099,3.5591228008270264
9421,0.1472211480140686,-2.346745729446411
9422,-2.868208646774292,-3.531111478805542
9423,1.2577483654022217,1.2033448219299316
9424,2.857851266860962,14.736401557922363
9425,-15.597429275512695,-10.560249328613281
9426,-1.810372233390808,11.347573280334473
9427,-1.7600995302200317,16.529375076293945
9428,2.122157096862793,4.374680042266846
9429,0.7191826105117798,-2.0769879817962646
9430,-13.174432754516602,5.486462593078613
9431,-10.304037094116211,-1.2056485414505005
9432,-13.7501802444458,6.737607002258301
9433,1.1560367345809937,-1.3722761869430542
9434,-1.6391198635101318,4.0083184242248535
9435,1.7512685060501099,-4.609412670135498
9436,-20.213226318359375,8.2415132522583
9437,0.8325761556625366,-2.350553274154663
9438,-2.0130136013031006,6.095974922180176
9439,5.710312843322754,2.143925666809082
9440,0.7490679025650024,2.745238780975342
9441,-20.989580154418945,-0.5429473519325256
9442,3.432950258255005,-2.8086488246917725
9443,3.4381895065307617,8.856493949890137
9444,-3.4025075435638428,3.7009902000427246
9445,-1.8090585470199585,5.387973785400391
9446,-14.19304084777832,-5.363757610321045
9447,-0.4990859925746918,11.62372875213623
9448,1.210841417312622,0.21970847249031067
9449,-4.067776679992676,-7.538870811462402
9450,4.134167194366455,12.874764442443848
9451,3.643155336380005,16.115497589111328
9452,6.017268657684326,-6.363275051116943
9453,1.9930274486541748,-0.7474563717842102
9454,3.703338146209717,-0.8975608944892883
9455,-15.526250839233398,8.680012702941895
9456,-3.0309176445007324,-7.323366641998291
9457,-9.194543838500977,5.244450569152832
9458,3.2343547344207764,-4.377145767211914
9459,-1.7631791830062866,10.117999076843262
9460,-0.1801076978445053,-0.2384088635444641
9461,-1.9687447547912598,8.00403881072998
9462,-31.384435653686523,3.408404588699341
9463,-3.9240078926086426,-5.974374294281006
9464,-16.502832412719727,9.828333854675293
9465,8.85027027130127,-6.342776775360107
9466,-18.90751075744629,8.852385520935059
9467,-7.950741291046143,8.452714920043945
9468,-10.82600212097168,-2.446744918823242
9469,0.6271394491195679,2.5088694095611572
9470,-13.884689331054688,1.9840366840362549
9471,-4.487837314605713,-4.0417656898498535
9472,1.9711143970489502,18.53080177307129
9473,0.6473766565322876,0.7070475220680237
9474,4.0515217781066895,-1.0562933683395386
9475,2.820990800857544,17.12864112854004
9476,6.7895050048828125,-6.949574947357178
9477,-7.831326961517334,-0.2328525185585022
9478,0.7808637619018555,3.7625601291656494
9479,1.2351791858673096,0.9013628363609314
9480,7.677651882171631,-5.4880781173706055
9481,-23.088830947875977,-0.6244518160820007
9482,3.438506603240967,12.238722801208496
9483,-8.04703140258789,-2.6816632747650146
9484,-2.3905413150787354,-6.781600475311279
9485,-14.941715240478516,-4.242599964141846
9486,-19.313825607299805,9.486432075500488
9487,-1.3180036544799805,12.529698371887207
9488,-7.997105121612549,-6.315591812133789
9489,-0.9331719875335693,7.319079875946045
9490,5.706808567047119,0.03849378973245621
9491,-3.167760133743286,3.253443479537964
9492,8.222013473510742,-0.7387182116508484
9493,-8.710371971130371,8.889034271240234
9494,-0.7015867233276367,4.276621341705322
9495,-0.7125335931777954,2.618025541305542
9496,-0.29316189885139465,1.5644655227661133
9497,1.1236103773117065,-1.4800678491592407
9498,-0.34590181708335876,9.515181541442871
9499,-2.9369633197784424,3.2145233154296875
9500,2.06449556350708,9.176220893859863
9501,7.202879428863525,-9.274209022521973
9502,0.0002853870391845703,0.41838309168815613
9503,-2.657942533493042,-5.534656524658203
9504,-0.9071122407913208,2.22891902923584
9505,-16.351482391357422,9.482808113098145
9506,-3.127814531326294,2.414663076400757
9507,-15.167708396911621,-8.066888809204102
9508,-12.759854316711426,6.549459457397461
9509,-3.5403409004211426,2.3789892196655273
9510,-4.83742094039917,-6.08279275894165
9511,-1.8618500232696533,-4.689076900482178
9512,-10.271028518676758,-0.6884710192680359
9513,0.6881011724472046,-1.3390517234802246
9514,7.729310035705566,2.883326768875122
9515,-0.4884393513202667,2.8369510173797607
9516,-0.9307045936584473,0.7403214573860168
9517,-14.419639587402344,-4.4811530113220215
9518,0.45165517926216125,-1.2452512979507446
9519,-3.497356653213501,12.927533149719238
9520,2.271402597427368,-2.3920533657073975
9521,5.079819202423096,1.4536463022232056
9522,5.443159580230713,2.756462812423706
9523,0.8642216920852661,5.598692893981934
9524,-10.460205078125,-9.326218605041504
9525,0.058777645230293274,0.9499010443687439
9526,-14.609872817993164,-3.614976167678833
9527,-19.6446475982666,9.36014175415039
9528,-15.519403457641602,-4.547995090484619
9529,-15.589391708374023,4.180301189422607
9530,-9.526039123535156,5.812409400939941
9531,0.8318811655044556,-2.6076161861419678
9532,9.919384002685547,-0.39875441789627075
9533,-2.7322633266448975,2.661550998687744
9534,-9.039009094238281,-4.094348430633545
9535,2.1726012229919434,-1.5849907398223877
9536,-13.672176361083984,-3.4494788646698
9537,-13.016033172607422,-8.607634544372559
9538,0.23182198405265808,-0.8908286690711975
9539,-10.747817993164062,14.109904289245605
9540,-1.7205791473388672,-5.381529331207275
9541,-1.6921148300170898,7.917672634124756
9542,1.0999459028244019,-1.6017515659332275
9543,-3.7527334690093994,-10.614542007446289
9544,0.2727676331996918,-1.0945409536361694
9545,-17.27512550354004,-6.568542957305908
9546,1.5357540845870972,-1.6984126567840576
9547,-2.2472383975982666,-8.152182579040527
9548,-9.383787155151367,4.72181510925293
9549,-20.0023136138916,10.779552459716797
9550,-7.094775199890137,-8.13855266571045
9551,8.597663879394531,-1.7287403345108032
9552,-0.31099554896354675,0.586565375328064
9553,14.33224105834961,-4.463569164276123
9554,1.5716496706008911,3.1346750259399414
9555,2.7169508934020996,3.471018075942993
9556,-1.4252934455871582,3.3020546436309814
9557,7.416590213775635,-1.7056511640548706
9558,-10.786282539367676,-2.944875717163086
9559,-2.966827154159546,10.690613746643066
9560,-6.907223224639893,-3.31194806098938
9561,4.648569107055664,5.164093971252441
9562,0.5640039443969727,0.824205219745636
9563,-2.6298367977142334,8.556814193725586
9564,-3.837977170944214,4.6029744148254395
9565,-1.7831884622573853,-3.7235491275787354
9566,2.33512282371521,11.678376197814941
9567,-2.2211427688598633,-1.152099609375
9568,-19.77915382385254,7.459203720092773
9569,-27.70176887512207,0.8799158930778503
9570,-46.5048942565918,9.499634742736816
9571,-1.2989193201065063,-4.712540149688721
9572,3.1542282104492188,0.11684105545282364
9573,5.7818732261657715,-4.495998859405518
9574,-7.103779315948486,7.793968200683594
9575,-0.60985267162323,-1.2609739303588867
9576,10.342884063720703,4.9280524253845215
9577,-0.6312567591667175,6.357406139373779
9578,-2.54939603805542,7.507400035858154
9579,6.028903484344482,5.134485721588135
9580,1.152186393737793,-1.647306203842163
9581,-1.8974409103393555,-2.0577006340026855
9582,11.206416130065918,-2.8286259174346924
9583,-9.764601707458496,-9.298476219177246
9584,-13.851069450378418,8.284769058227539
9585,1.0757355690002441,1.2858753204345703
9586,2.507272481918335,-3.082080602645874
9587,-1.6115282773971558,3.7089078426361084
9588,6.9489359855651855,11.385113716125488
9589,-1.3431049585342407,8.884522438049316
9590,3.131901979446411,5.3061604499816895
9591,-1.9195411205291748,5.573917865753174
9592,-2.731145143508911,10.327445983886719
9593,-9.170355796813965,-8.613637924194336
9594,3.200767993927002,10.602514266967773
9595,-5.65006160736084,-8.283465385437012
9596,-0.07257318496704102,1.561631679534912
9597,6.5518951416015625,6.242862224578857
9598,10.14670467376709,-7.549294948577881
9599,3.8804566860198975,2.1209423542022705
9600,-0.029555559158325195,0.670788049697876
9601,-2.373962640762329,0.38298600912094116
9602,-14.838329315185547,8.219367980957031
9603,2.5790698528289795,-4.0677103996276855
9604,5.748083591461182,-2.8497889041900635
9605,-1.961705207824707,9.91375732421875
9606,-9.396883010864258,-3.4215378761291504
9607,-3.1376914978027344,-8.0648193359375
9608,-17.520769119262695,8.24560832977295
9609,-2.590954542160034,5.681666851043701
9610,1.0363407135009766,-0.11850851774215698
9611,8.288286209106445,7.473058223724365
9612,-16.48856544494629,4.297262191772461
9613,0.6728860139846802,-1.5691418647766113
9614,-8.895951271057129,-3.2914621829986572
9615,7.5836052894592285,-1.3429059982299805
9616,-1.5517593622207642,10.108498573303223
9617,-1.0080615282058716,8.145485877990723
9618,-4.864670276641846,0.5324938297271729
9619,6.634661674499512,3.011399030685425
9620,1.2338850498199463,-1.4421762228012085
9621,0.6892263889312744,1.7587738037109375
9622,-1.6427242755889893,8.652911186218262
9623,-1.320443034172058,0.9293528199195862
9624,-12.879966735839844,-5.46258544921875
9625,-0.054599419236183167,-0.1381382942199707
9626,-6.894959926605225,-1.9475538730621338
9627,-8.20241641998291,-2.877854824066162
9628,-0.3229474127292633,-0.348247230052948
9629,-9.527276992797852,-4.428506374359131
9630,8.484288215637207,-5.697041988372803
9631,-5.385305404663086,-2.3787033557891846
9632,-2.7913384437561035,-3.3496999740600586
9633,-1.8426082134246826,1.3516175746917725
9634,4.912461757659912,13.598809242248535
9635,-2.576312780380249,-6.710468769073486
9636,0.5476313829421997,-4.617176532745361
9637,-0.0004305839538574219,0.47653859853744507
9638,-2.2491748332977295,13.412034034729004
9639,-7.501522064208984,-2.822882890701294
9640,-9.942540168762207,-10.53136157989502
9641,13.528255462646484,-5.721841335296631
9642,-4.785035133361816,5.499141693115234
9643,1.2403794527053833,-0.22912177443504333
9644,-8.527999877929688,-7.308202266693115
9645,5.06796407699585,-3.8141236305236816
9646,-4.200357913970947,-6.954168796539307
9647,-17.381162643432617,-6.524524688720703
9648,-2.471134901046753,0.842668890953064
9649,8.056138038635254,-3.393167018890381
9650,8.94256591796875,0.10960786789655685
9651,2.1796622276306152,-4.014225006103516
9652,0.03038226068019867,0.5114182829856873
9653,-1.5152300596237183,4.932248592376709
9654,-2.2595179080963135,12.137035369873047
9655,-0.6416218280792236,7.831976413726807
9656,3.2125136852264404,0.4751078486442566
9657,-9.309423446655273,-8.266780853271484
9658,-2.027292490005493,4.879156112670898
9659,-1.0399585962295532,4.01109504699707
9660,-11.733253479003906,-8.18171215057373
9661,-10.340436935424805,-4.22697639465332
9662,-10.974824905395508,-9.753581047058105
9663,-11.930213928222656,-3.092515230178833
9664,-22.17500877380371,-1.2962216138839722
9665,2.143397092819214,-1.797421932220459
9666,-1.3199821710586548,7.894253730773926
9667,-2.4141862392425537,-8.12344741821289
9668,-4.1734209060668945,4.344219207763672
9669,-9.25861930847168,6.181020736694336
9670,0.5481585264205933,-1.2025654315948486
9671,4.756547451019287,11.704638481140137
9672,-8.992290496826172,-5.628965377807617
9673,0.6348764896392822,-1.3659863471984863
9674,0.8473737239837646,-2.381370782852173
9675,-1.4982775449752808,2.8011720180511475
9676,-0.7362047433853149,-4.617462635040283
9677,1.842383623123169,17.470701217651367
9678,0.3636004626750946,1.296180248260498
9679,-2.1368565559387207,10.40892505645752
9680,4.863625526428223,-8.042391777038574
9681,0.38049057126045227,-3.3624444007873535
9682,0.07367396354675293,0.9339821934700012
9683,-0.7701668739318848,0.4592018723487854
9684,7.764289855957031,-3.7084133625030518
9685,-0.752714991569519,-4.081011772155762
9686,7.123844146728516,-8.483933448791504
9687,-21.031435012817383,-0.7075076699256897
9688,-3.5602123737335205,2.0938448905944824
9689,3.2978155612945557,4.371383190155029
9690,-1.8476821184158325,6.495685577392578
9691,12.0750732421875,-5.220456600189209
9692,6.118313789367676,-1.2679249048233032
9693,-0.6610414981842041,-1.2513432502746582
9694,-22.9023380279541,9.097932815551758
9695,0.46596667170524597,-0.9420233368873596
9696,5.966928482055664,1.906197190284729
9697,-1.744150161743164,4.183377742767334
9698,-21.350976943969727,10.86419677734375
9699,-8.940345764160156,-10.004483222961426
9700,-11.090925216674805,6.5413312911987305
9701,-3.201531171798706,11.426526069641113
9702,-14.354055404663086,8.581965446472168
9703,2.539971113204956,-5.1255316734313965
9704,0.03444021940231323,0.3551729917526245
9705,-11.808180809020996,7.198633670806885
9706,13.190561294555664,-5.146406650543213
9707,1.3942621946334839,4.611569404602051
9708,-3.236687421798706,11.450419425964355
9709,-6.8962273597717285,-4.362051486968994
9710,-7.376084804534912,-12.665081977844238
9711,-5.715501308441162,-9.949482917785645
9712,-2.771977663040161,6.368505001068115
9713,-0.1267751157283783,-3.7369632720947266
9714,-2.9980247020721436,11.035881996154785
9715,-1.5472673177719116,3.982571840286255
9716,0.4667804539203644,-1.3260409832000732
9717,-13.337329864501953,-7.237163543701172
9718,-2.758986234664917,2.3954319953918457
9719,-1.4509861469268799,5.0811614990234375
9720,1.2601292133331299,-0.3838467597961426
9721,4.255516529083252,10.292716979980469
9722,1.9877057075500488,-2.6472859382629395
9723,-1.7423033714294434,-8.056056022644043
9724,-11.942476272583008,-2.9359185695648193
9725,-2.9137635231018066,-8.372870445251465
9726,-13.671220779418945,-1.3826799392700195
9727,-4.0844879150390625,3.613906145095825
9728,4.269129753112793,4.5364813804626465
9729,0.27529773116111755,-1.9488017559051514
9730,1.1614657640457153,0.8328724503517151
9731,-0.7471802234649658,1.851525068283081
9732,-7.2430644035339355,-4.668549060821533
9733,1.1433510780334473,-1.656937599182129
9734,-2.525362014770508,12.193066596984863
9735,0.33377599716186523,2.764267683029175
9736,-12.329347610473633,-8.647669792175293
9737,8.287896156311035,2.6733343601226807
9738,-8.950276374816895,-2.8748772144317627
9739,-2.4138777256011963,11.559065818786621
9740,0.6160204410552979,1.1854314804077148
9741,-9.945674896240234,-3.4623336791992188
9742,-10.45429801940918,-9.096925735473633
9743,-13.84842300415039,4.219192028045654
9744,2.379436492919922,4.085957050323486
9745,-3.0229651927948,10.55981159210205
9746,-4.238059997558594,4.286253452301025
9747,1.3008042573928833,2.8480069637298584
9748,3.7470552921295166,14.884194374084473
9749,-2.311716318130493,0.7650890350341797
9750,-10.793926239013672,-10.820311546325684
9751,-2.4497287273406982,8.527615547180176
9752,-2.0295519828796387,-7.5578107833862305
9753,-7.200683116912842,10.90030288696289
9754,-15.116191864013672,9.444721221923828
9755,-2.900118589401245,2.2542855739593506
9756,0.35164716839790344,-1.4705944061279297
9757,7.163514137268066,-0.7106205821037292
9758,-10.101064682006836,5.920299530029297
9759,-1.4126935005187988,2.8855791091918945
9760,3.9656131267547607,4.689030647277832
9761,3.076118230819702,-1.7184040546417236
9762,6.314497470855713,13.091217994689941
9763,-2.5827975273132324,13.277778625488281
9764,-2.5979068279266357,-7.089383125305176
9765,-1.126017451286316,6.807111740112305
9766,-15.172143936157227,-4.0123515129089355
9767,2.817800760269165,-3.9615519046783447
9768,-26.187650680541992,9.40615463256836
9769,-2.425405740737915,11.445291519165039
9770,-3.6222450733184814,4.444605350494385
9771,-10.803579330444336,-1.199502944946289
9772,-3.1381161212921143,8.21877670288086
9773,0.7135677337646484,0.572452962398529
9774,-9.682088851928711,-8.752290725708008
9775,-13.08660888671875,-8.273938179016113
9776,-8.522001266479492,-6.91217041015625
9777,4.1085734367370605,-4.177151203155518
9778,-4.865759372711182,-12.149352073669434
9779,-0.048768043518066406,0.2196582555770874
9780,-8.115582466125488,-1.9525251388549805
9781,-7.907704830169678,-3.4699394702911377
9782,-0.05016329884529114,11.940930366516113
9783,-0.2223997414112091,-3.7958602905273438
9784,4.650633811950684,2.0768611431121826
9785,-6.966389179229736,-7.34048318862915
9786,-9.815601348876953,-3.3115196228027344
9787,-3.0756008625030518,1.362971305847168
9788,-2.5175178050994873,6.334968566894531
9789,-9.57409381866455,-9.853425025939941
9790,-0.9692442417144775,12.815727233886719
9791,-0.40478092432022095,1.8547097444534302
9792,0.7099473476409912,1.3022384643554688
9793,-0.4017855226993561,7.473963260650635
9794,-1.3651889562606812,9.237046241760254
9795,-0.6824103593826294,-2.955068826675415
9796,6.558178424835205,0.688248336315155
9797,3.1163861751556396,-5.646366596221924
9798,-2.3296613693237305,6.981947422027588
9799,-26.66181182861328,7.975500583648682
9800,-6.891232967376709,-10.574495315551758
9801,0.3421969711780548,-1.8161720037460327
9802,-10.375348091125488,-8.865927696228027
9803,-1.79177725315094,4.383810520172119
9804,-2.9205565452575684,12.633732795715332
9805,2.0255486965179443,-2.56950306892395
9806,-2.9958741664886475,-8.476914405822754
9807,0.08168642222881317,0.3428345024585724
9808,-4.961459636688232,5.327420234680176
9809,-3.5025413036346436,3.709772825241089
9810,-11.318320274353027,7.907916069030762
9811,1.450755000114441,-5.480650424957275
9812,-4.779080390930176,-1.789886474609375
9813,1.7635396718978882,17.174036026000977
9814,-9.686943054199219,-9.646699905395508
9815,-0.24561363458633423,-4.576886177062988
9816,1.0751885175704956,-0.7167618274688721
9817,12.040969848632812,-7.977444171905518
9818,-2.381134033203125,-5.010196685791016
9819,3.463550329208374,-6.295262813568115
9820,4.27086877822876,-3.595916509628296
9821,5.198147296905518,-5.365540981292725
9822,-4.221482753753662,-10.942560195922852
9823,-0.018680617213249207,0.5973982214927673
9824,-9.552251815795898,-2.3990399837493896
9825,-11.272164344787598,-10.658831596374512
9826,1.2366373538970947,1.935443639755249
9827,-1.0833591222763062,1.0866367816925049
9828,9.851930618286133,2.3686630725860596
9829,-10.466194152832031,-10.562996864318848
9830,-7.320366382598877,-7.893377304077148
9831,-1.8097772598266602,-3.2210981845855713
9832,-16.708635330200195,9.0485258102417
9833,2.2859385013580322,18.00058364868164
9834,-2.90610408782959,11.867289543151855
9835,-0.3049599528312683,-4.741225242614746
9836,-5.604501247406006,-3.44449520111084
9837,0.7238361835479736,-1.6690970659255981
9838,7.760961055755615,4.584201335906982
9839,6.615597248077393,0.5209181904792786
9840,-4.393025875091553,-10.012186050415039
9841,-14.100221633911133,-5.220109939575195
9842,0.647796630859375,-4.443854331970215
9843,0.5358915328979492,-1.5013200044631958
9844,1.8834302425384521,1.7264732122421265
9845,-6.946662425994873,-1.3805336952209473
9846,-2.8179092407226562,8.735339164733887
9847,-0.6334961652755737,1.3199152946472168
9848,-8.97540283203125,5.629594802856445
9849,2.4318602085113525,-3.699578285217285
9850,-0.2201089859008789,0.34647148847579956
9851,0.6279350519180298,-2.210285186767578
9852,-23.161157608032227,-0.718350887298584
9853,0.49173083901405334,0.8531957268714905
9854,7.6111345291137695,4.901312828063965
9855,-3.254849672317505,-7.562367916107178
9856,-21.107206344604492,-0.5424755811691284
9857,-5.218998432159424,-0.5276119112968445
9858,-10.206125259399414,-2.453468084335327
9859,0.30880483984947205,-2.159074068069458
9860,0.30862677097320557,-1.9131276607513428
9861,3.295811891555786,11.166078567504883
9862,1.07156240940094,-0.7574554681777954
9863,-10.561456680297852,6.151800632476807
9864,-0.7456111907958984,14.997335433959961
9865,0.8029532432556152,-3.4135143756866455
9866,-2.800692319869995,8.308699607849121
9867,-5.800361156463623,11.51141357421875
9868,1.1264064311981201,1.5044397115707397
9869,-2.974888563156128,1.4487348794937134
9870,-13.583488464355469,-4.68886137008667
9871,6.181329250335693,-7.285209655761719
9872,-1.3042306900024414,5.319664001464844
9873,-0.16415122151374817,1.444420337677002
9874,-14.118474006652832,6.608288288116455
9875,-3.744490385055542,-10.022236824035645
9876,-4.246248722076416,3.8001224994659424
9877,-7.205566883087158,-6.963449001312256
9878,-0.3213462829589844,-0.7751876711845398
9879,-1.761460542678833,-3.0242137908935547
9880,-0.9277873039245605,-1.5004034042358398
9881,-2.578688859939575,-7.600058078765869
9882,1.1384016275405884,-5.051331996917725
9883,5.369975566864014,0.5887006521224976
9884,-14.07185173034668,7.539841175079346
9885,-25.671092987060547,-0.4745076596736908
9886,-6.13962984085083,6.171553611755371
9887,-2.962440252304077,-4.093145370483398
9888,6.40765905380249,-3.8916537761688232
9889,3.059586524963379,14.50682258605957
9890,-9.993759155273438,-8.163717269897461
9891,2.5215871334075928,-0.9645912647247314
9892,4.936206817626953,5.361730098724365
9893,-5.323509693145752,-2.5902764797210693
9894,0.04458196461200714,0.2736399173736572
9895,-0.1801244020462036,0.7500625252723694
9896,-2.3725666999816895,4.9913105964660645
9897,-1.0863116979599,6.844092845916748
9898,-2.571197986602783,-5.804687023162842
9899,-8.442937850952148,-3.1947782039642334
9900,-2.9676826000213623,8.676383018493652
9901,1.2695475816726685,-0.38128405809402466
9902,-1.2076072692871094,8.244339942932129
9903,-1.9718173742294312,4.95081090927124
9904,5.705349445343018,-5.630753040313721
9905,-3.9871389865875244,-10.7628173828125
9906,0.5583585500717163,12.93580150604248
9907,-10.346755981445312,-2.3482789993286133
9908,-10.069902420043945,-8.985771179199219
9909,-4.474212169647217,-2.0194404125213623
9910,6.273245811462402,11.658251762390137
9911,9.811788558959961,3.885610342025757
9912,-2.4141457080841064,7.762211322784424
9913,-2.079801559448242,8.794072151184082
9914,5.975531578063965,-5.934388637542725
9915,-3.831705331802368,-1.944852352142334
9916,6.432668209075928,8.491510391235352
9917,-4.728455543518066,4.591195583343506
9918,-0.6744122505187988,-3.342386484146118
9919,-5.402856826782227,-3.6553797721862793
9920,-23.135622024536133,-0.5798344612121582
9921,-1.44768488407135,0.9895010590553284
9922,0.548336386680603,12.317627906799316
9923,-4.546570301055908,4.303432941436768
9924,0.350113183259964,-1.8819459676742554
9925,-3.9274373054504395,-1.8198336362838745
9926,0.15472987294197083,1.8894760608673096
9927,-12.096780776977539,7.4891839027404785
9928,-10.282922744750977,0.7651678323745728
9929,1.8653626441955566,-0.5707949995994568
9930,0.4314967691898346,-1.3175638914108276
9931,0.30596646666526794,-0.7121595740318298
9932,1.6271241903305054,13.888614654541016
9933,-1.4952086210250854,4.45587158203125
9934,-14.019583702087402,-4.340564250946045
9935,-2.7115566730499268,-5.462440013885498
9936,2.049842119216919,1.670593500137329
9937,0.041439831256866455,0.7158377766609192
9938,-1.6927666664123535,1.249957799911499
9939,-3.4120218753814697,10.201367378234863
9940,-2.1307015419006348,-4.228724479675293
9941,4.501136302947998,5.35435676574707
9942,1.0762313604354858,-1.0182970762252808
9943,-1.5855672359466553,4.384990692138672
9944,-16.99357795715332,5.866171360015869
9945,9.465803146362305,6.326618671417236
9946,-14.041025161743164,-10.689641952514648
9947,-14.509157180786133,-4.338369846343994
9948,0.863186240196228,-4.999680995941162
9949,-3.2052130699157715,1.338890790939331
9950,0.4580574929714203,-1.0868103504180908
9951,3.4843480587005615,-2.0162861347198486
9952,-1.8569376468658447,2.9652152061462402
9953,-1.1527951955795288,15.625885963439941
9954,10.298761367797852,6.645740985870361
9955,-2.644249200820923,9.459158897399902
9956,5.624136447906494,-0.6322779059410095
9957,-2.976270914077759,-3.3821656703948975
9958,0.9942102432250977,-1.4719712734222412
9959,-1.9846450090408325,1.250982403755188
9960,-39.147212982177734,6.371999740600586
9961,1.0498669147491455,-2.5030441284179688
9962,-2.8288891315460205,11.246230125427246
9963,-2.860894203186035,9.37000560760498
9964,6.848526477813721,5.121901988983154
9965,10.602581977844238,-1.7205920219421387
9966,3.149378776550293,1.18572998046875
9967,-4.106086730957031,3.981602907180786
9968,-1.2186881303787231,0.07163207978010178
9969,-0.33356308937072754,1.8537226915359497
9970,0.1425967812538147,2.063019037246704
9971,-5.060029029846191,-9.169024467468262
9972,-2.6684787273406982,8.525099754333496
9973,-6.814975261688232,-6.883598327636719
9974,-7.965230464935303,-2.363607168197632
9975,-2.3053300380706787,8.421158790588379
9976,-17.1435604095459,4.942930698394775
9977,-12.483428955078125,-8.943860054016113
9978,3.014207124710083,0.963817298412323
9979,-2.6409618854522705,-5.499751091003418
9980,0.24730685353279114,-1.6201062202453613
9981,-2.3377161026000977,3.0339949131011963
9982,1.2459251880645752,-0.6820002198219299
9983,1.082431674003601,3.042711019515991
9984,-1.403721570968628,1.014056921005249
9985,-1.184823751449585,2.963012456893921
9986,-0.020180925726890564,0.5759128928184509
9987,1.798290491104126,-2.467275381088257
9988,-13.047409057617188,-3.508716583251953
9989,0.29300692677497864,-1.8399240970611572
9990,-1.7087936401367188,11.581367492675781
9991,5.336898326873779,-1.9830412864685059
9992,-0.488473504781723,11.045561790466309
9993,-3.409670114517212,3.3835160732269287
9994,0.3933000862598419,-2.126335859298706
9995,-1.0609755516052246,-3.993288278579712
9996,9.08521556854248,6.249220371246338
9997,7.158367156982422,-0.6627402901649475
9998,-25.51650619506836,12.05313491821289
9999,3.2278711795806885,-0.39934685826301575
10000,-7.286653995513916,7.830667018890381
10001,-11.092037200927734,0.13715744018554688
10002,-5.267841339111328,-5.183694362640381
10003,5.483745574951172,5.534120082855225
10004,-1.7966337203979492,-4.568832874298096
10005,11.668981552124023,6.535416603088379
10006,-9.116944313049316,-6.059447765350342
10007,1.659175157546997,-4.194997787475586
10008,-5.198451995849609,-3.024170398712158
10009,-4.490607738494873,0.9176020622253418
10010,-19.319610595703125,9.526107788085938
10011,-1.031889796257019,-0.07221318036317825
10012,5.410313129425049,6.934906005859375
10013,1.1187489032745361,-2.551511764526367
10014,0.644758939743042,-0.18203425407409668
10015,-8.959714889526367,-3.7466864585876465
10016,-6.536739826202393,-7.12692928314209
10017,-4.845010280609131,6.324506759643555
10018,-15.221014976501465,0.22320932149887085
10019,1.4010367393493652,3.9153449535369873
10020,1.310304045677185,4.411046028137207
10021,-1.510505199432373,12.83177661895752
10022,-3.504769802093506,-3.941875696182251
10023,-13.008472442626953,8.116684913635254
10024,11.072403907775879,5.855492115020752
10025,-6.730383396148682,-3.6623241901397705
10026,-2.8117079734802246,-7.587874412536621
10027,2.782125234603882,13.472153663635254
10028,9.378730773925781,6.545074939727783
10029,0.4797246754169464,-1.1942615509033203
10030,-0.040955156087875366,0.7547659873962402
10031,2.1157333850860596,3.944995641708374
10032,-2.166764974594116,4.779275417327881
10033,0.6089798212051392,1.3240983486175537
10034,-10.167434692382812,-10.437426567077637
10035,-8.415701866149902,-3.908792734146118
10036,6.037107944488525,-8.940691947937012
10037,-6.932153701782227,6.4911041259765625
10038,-4.435849666595459,-4.998889923095703
10039,-6.141206741333008,-8.799649238586426
10040,-3.6007091999053955,-5.963433742523193
10041,-16.288299560546875,-3.774134397506714
10042,-3.7278058528900146,2.4532840251922607
10043,-8.190872192382812,-3.4557368755340576
10044,-15.817361831665039,-5.9644551277160645
10045,-5.549990653991699,6.697328090667725
10046,-2.775019407272339,-9.09696102142334
10047,5.169938564300537,5.3455610275268555
10048,5.53456974029541,-2.7880618572235107
10049,-8.345502853393555,-8.497696876525879
10050,-18.69430160522461,-0.6463729739189148
10051,0.6165556907653809,-1.6737096309661865
10052,-0.1988978087902069,1.0141353607177734
10053,8.309622764587402,-1.6785155534744263
10054,1.1155952215194702,1.5242747068405151
10055,1.1394017934799194,-1.9228132963180542
10056,-12.41992473602295,-3.7762393951416016
10057,-17.121498107910156,-6.907227039337158
10058,0.17210832238197327,2.0863468647003174
10059,2.7686097621917725,4.612299919128418
10060,-20.746915817260742,9.913463592529297
10061,2.6461496353149414,2.126999616622925
10062,-3.0519120693206787,1.0945521593093872
10063,7.385092258453369,-0.10830140858888626
10064,4.6423516273498535,-3.719686269760132
10065,0.023790210485458374,0.39624837040901184
10066,-8.906713485717773,-9.128152847290039
10067,0.36186572909355164,-1.040217399597168
10068,9.687868118286133,5.316977500915527
10069,0.20501664280891418,0.5747886896133423
10070,-0.8671990633010864,4.1765923500061035
10071,0.5583900213241577,-4.366551399230957
10072,1.1607476472854614,-1.253228783607483
10073,-2.6612894535064697,11.86529541015625
10074,-0.05166551470756531,16.53840446472168
10075,-0.12110784649848938,0.7983884215354919
10076,0.4724937379360199,-1.3754600286483765
10077,-2.8269805908203125,-11.227935791015625
10078,-2.717364549636841,10.653426170349121
10079,1.8053734302520752,-2.5343925952911377
10080,0.5377386808395386,-1.159751057624817
10081,8.430938720703125,3.804152488708496
10082,-11.279266357421875,5.119778156280518
10083,-1.7520549297332764,5.4846272468566895
10084,0.1741662323474884,2.2423105239868164
10085,-1.6830731630325317,12.273261070251465
10086,-0.10821530222892761,4.988917350769043
10087,-16.552106857299805,-0.6853148341178894
10088,1.5251957178115845,1.7439168691635132
10089,-9.885358810424805,-7.659834861755371
10090,-2.7900338172912598,7.170913219451904
10091,2.7244553565979004,-0.7471222281455994
10092,-6.609585762023926,7.204939365386963
10093,-1.2889652252197266,-2.7691242694854736
10094,1.3907444477081299,0.4029843211174011
10095,5.997076034545898,-5.4155659675598145
10096,-1.7281348705291748,-3.4551281929016113
10097,0.058170706033706665,0.4186113476753235
10098,3.828788995742798,-5.687588214874268
10099,-3.257976770401001,3.8431146144866943
10100,-2.823298692703247,10.198847770690918
10101,-4.37228536605835,-10.812711715698242
10102,0.7903146743774414,2.4103848934173584
10103,8.82534122467041,-8.187895774841309
10104,-1.8260165452957153,-4.133944511413574
10105,0.9746686220169067,-1.2137792110443115
10106,2.002403497695923,17.34309959411621
10107,-8.390414237976074,-2.271214246749878
10108,-2.6968026161193848,11.146968841552734
10109,-20.955547332763672,-0.3070144057273865
10110,-0.339301198720932,10.00124454498291
10111,3.7536590099334717,4.253463268280029
10112,-0.9671144485473633,5.078274250030518
10113,-2.5559704303741455,-7.812298774719238
10114,-7.1796555519104,-11.87620735168457
10115,-1.5945109128952026,2.7538115978240967
10116,-4.814218997955322,-4.6612443923950195
10117,-1.723186731338501,11.009204864501953
10118,-0.7028189897537231,1.9887640476226807
10119,3.045239210128784,-4.197778701782227
10120,-13.689464569091797,-8.78707504272461
10121,8.877060890197754,-8.437152862548828
10122,1.9707484245300293,-0.40558648109436035
10123,-0.7155288457870483,-1.4450833797454834
10124,-1.1590147018432617,2.304227590560913
10125,4.803308963775635,14.819781303405762
10126,-4.236752033233643,3.875234603881836
10127,-13.823823928833008,-0.16430407762527466
10128,-3.4436328411102295,3.2794077396392822
10129,-0.9671585559844971,6.543395519256592
10130,-3.885427713394165,-2.307525396347046
10131,7.8909687995910645,2.632270097732544
10132,-0.9625370502471924,13.08458423614502
10133,5.161172389984131,2.6837844848632812
10134,3.894859552383423,-3.0256507396698
10135,-15.673420906066895,8.983993530273438
10136,-9.075572967529297,-6.290099620819092
10137,3.100149154663086,-0.5012749433517456
10138,-4.068404674530029,4.201601982116699
10139,-0.05666700005531311,0.7989554405212402
10140,0.6676747798919678,4.2971720695495605
10141,0.5468608140945435,-1.9623854160308838
10142,0.14971473813056946,15.096867561340332
10143,-1.6029138565063477,8.544495582580566
10144,-25.710723876953125,7.906689167022705
10145,8.202386856079102,-1.8218400478363037
10146,-2.3523385524749756,-5.521561145782471
10147,-6.74540376663208,-5.256628513336182
10148,4.751519680023193,13.113646507263184
10149,-14.701598167419434,-5.8323798179626465
10150,0.2808590233325958,2.1691439151763916
10151,-9.21692180633545,-2.871678113937378
10152,7.384556293487549,-7.224590301513672
10153,-0.3920820951461792,0.06717101484537125
10154,7.869308948516846,-4.439225196838379
10155,7.727552890777588,-0.5440320372581482
10156,7.026889801025391,-1.4961200952529907
10157,-1.5291821956634521,0.8374667167663574
10158,-2.2820143699645996,-5.395522594451904
10159,-1.434890627861023,10.179598808288574
10160,-0.2959097623825073,-0.23243170976638794
10161,0.3138597011566162,-4.354952812194824
10162,-1.9892011880874634,8.897544860839844
10163,0.666489839553833,-2.9205620288848877
10164,-16.399860382080078,1.9061940908432007
10165,0.08280077576637268,3.53759765625
10166,1.225977897644043,-0.4292812943458557
10167,2.069720506668091,2.808041572570801
10168,-15.41366195678711,-3.472813844680786
10169,6.565104007720947,-2.2925186157226562
10170,11.121843338012695,6.88557767868042
10171,-2.4707629680633545,10.565934181213379
10172,-18.07413673400879,9.287739753723145
10173,-0.4779745042324066,3.291649580001831
10174,-17.0451602935791,-5.560665607452393
10175,0.38854530453681946,-0.9794571399688721
10176,7.104797840118408,-5.837138652801514
10177,-2.7982723712921143,-8.752557754516602
10178,-21.847864151000977,-0.7094534039497375
10179,-38.630218505859375,6.311063289642334
10180,2.1530847549438477,-1.6604578495025635
10181,-2.570234537124634,12.811315536499023
10182,-29.925928115844727,6.001049518585205
10183,4.655323505401611,1.9122612476348877
10184,-13.18793773651123,-1.75739586353302
10185,-10.892471313476562,-9.522212028503418
10186,6.88728141784668,-5.794307708740234
10187,5.804805278778076,1.9578640460968018
10188,-0.4796362817287445,-0.6266352534294128
10189,-1.711073637008667,-4.588891506195068
10190,0.6758105754852295,-2.4546849727630615
10191,-2.246939182281494,10.928545951843262
10192,-6.2688069343566895,-6.132505416870117
10193,-1.2067078351974487,-2.3114635944366455
10194,-4.490235805511475,-6.256721019744873
10195,-2.814913511276245,12.496115684509277
10196,0.8998821973800659,-4.540363311767578
10197,3.9399030208587646,14.103113174438477
10198,8.53167724609375,-7.5107951164245605
10199,-1.574125051498413,3.709688901901245
10200,-1.5933575630187988,12.733643531799316
10201,-5.193678379058838,4.666463851928711
10202,-4.577472686767578,3.928142786026001
10203,0.05554988980293274,0.37248173356056213
10204,1.3786309957504272,0.5907902121543884
10205,-6.392772197723389,5.827104091644287
10206,4.687498569488525,1.2735532522201538
10207,-0.7445125579833984,4.087666034698486
10208,-0.6727662086486816,2.6852478981018066
10209,-1.4692221879959106,2.5357508659362793
10210,-1.1184751987457275,2.2246932983398438
10211,-1.475150465965271,13.610017776489258
10212,0.10631641745567322,-1.5387828350067139
10213,-5.992283344268799,-6.4101386070251465
10214,5.988243579864502,-5.935232639312744
10215,-2.9027345180511475,-7.858553409576416
10216,3.1116130352020264,-0.2177743911743164
10217,-1.3663554191589355,-2.168030261993408
10218,-17.020986557006836,-7.492429733276367
10219,1.455764889717102,9.669543266296387
10220,4.926898002624512,14.184215545654297
10221,-0.03855690360069275,-2.882093667984009
10222,-8.943592071533203,-6.758159160614014
10223,2.5463783740997314,3.150866746902466
10224,-0.44562292098999023,0.46056514978408813
10225,-2.299144744873047,10.415306091308594
10226,-2.410114049911499,7.716403007507324
10227,-2.653595209121704,-1.22443425655365
10228,0.6124802827835083,-1.6564561128616333
10229,1.17030668258667,-1.421762466430664
10230,-4.052256107330322,-4.832530498504639
10231,2.443308115005493,-1.851980209350586
10232,6.990958213806152,-7.317302227020264
10233,-20.57632827758789,-1.0090268850326538
10234,-1.5537471771240234,4.810637950897217
10235,0.6031968593597412,4.08827543258667
10236,9.088815689086914,-3.759263753890991
10237,1.389190912246704,-2.250063180923462
10238,-1.8440184593200684,11.003745079040527
10239,-2.2749314308166504,4.355164051055908
10240,8.80960464477539,6.022328853607178
10241,0.045920103788375854,0.47938472032546997
10242,3.133559465408325,-3.998680591583252
10243,7.003546237945557,2.0433762073516846
10244,-2.723555326461792,6.9341020584106445
10245,-2.1631836891174316,4.474168300628662
10246,-7.1637725830078125,-2.8685719966888428
10247,-1.8616111278533936,-3.9595863819122314
10248,-4.5735554695129395,4.060443878173828
10249,10.35435676574707,4.836097240447998
10250,8.214641571044922,5.877152442932129
10251,-13.171217918395996,-4.307484149932861
10252,0.06888534128665924,-0.8861952424049377
10253,7.539672374725342,3.3685672283172607
10254,6.670324802398682,6.408285617828369
10255,7.2904229164123535,-6.133391857147217
10256,-10.8411226272583,0.0023933574557304382
10257,-8.160821914672852,8.279540061950684
10258,6.421746253967285,-8.341778755187988
10259,3.153306722640991,-0.9624711275100708
10260,-1.4859613180160522,9.981917381286621
10261,2.008977174758911,-2.1888201236724854
10262,9.412766456604004,5.612142562866211
10263,1.1911609172821045,-1.683048963546753
10264,-5.356558799743652,3.3299167156219482
10265,0.6098543405532837,-1.4458961486816406
10266,-13.193422317504883,-6.1830220222473145
10267,-1.3199796676635742,8.259994506835938
10268,-2.9589431285858154,9.532937049865723
10269,10.957934379577637,3.805602788925171
10270,-7.607009410858154,-2.8038084506988525
10271,-18.98136329650879,9.430713653564453
10272,1.622115135192871,6.1182098388671875
10273,3.3875396251678467,1.598822832107544
10274,5.995704174041748,-7.699157238006592
10275,0.9284282922744751,-1.971989631652832
10276,-2.072695255279541,6.623712062835693
10277,-1.7276527881622314,1.6737715005874634
10278,6.730323791503906,0.6749103665351868
10279,-14.656742095947266,9.318902015686035
10280,-2.128897190093994,6.360378742218018
10281,-9.591689109802246,-2.6655030250549316
10282,-2.38808274269104,7.636600494384766
10283,-10.788278579711914,-0.8069859147071838
10284,-15.691279411315918,-8.238927841186523
10285,-2.2203493118286133,-2.569521903991699
10286,3.7141776084899902,4.224908351898193
10287,7.860929012298584,6.757636070251465
10288,3.773796558380127,4.926721096038818
10289,3.890690565109253,-4.460996150970459
10290,-12.402688026428223,-7.622856616973877
10291,-7.530693531036377,-0.502951443195343
10292,2.714426279067993,-0.39058786630630493
10293,1.2845954895019531,0.34831446409225464
10294,1.7277019023895264,-0.8731381297111511
10295,-1.4646555185317993,0.5792450308799744
10296,-5.281370639801025,-9.76490306854248
10297,0.04146334528923035,0.6627165675163269
10298,9.462379455566406,6.808125019073486
10299,1.3620996475219727,-0.2863468527793884
10300,1.56972336769104,-0.2882601320743561
10301,-7.852114677429199,7.588560581207275
10302,-9.23897933959961,-4.065258026123047
10303,-14.379772186279297,-8.422327995300293
10304,0.12207943201065063,-1.0325156450271606
10305,0.5492380857467651,1.1113609075546265
10306,-0.16772934794425964,-0.9973180890083313
10307,0.5766772031784058,-2.129293918609619
10308,-0.21651506423950195,-2.939755916595459
10309,-1.544103980064392,2.9256350994110107
10310,0.49014154076576233,-3.3405497074127197
10311,-2.406444549560547,-3.0009849071502686
10312,-1.2860965728759766,3.0088863372802734
10313,-16.704910278320312,-4.65472936630249
10314,1.0845558643341064,1.2241376638412476
10315,-15.70335578918457,-0.5186764597892761
10316,5.09812593460083,-4.051316738128662
10317,-21.0532283782959,0.3440507650375366
10318,-16.862577438354492,-0.7039836049079895
10319,1.496716022491455,17.40729331970215
10320,-11.870794296264648,-10.482888221740723
10321,0.36195841431617737,1.3861013650894165
10322,-2.041071653366089,3.308945417404175
10323,-3.745112895965576,-8.36331844329834
10324,-29.2386417388916,1.3734254837036133
10325,-13.741947174072266,-10.633724212646484
10326,0.06444540619850159,0.4089809060096741
10327,-13.19096851348877,-1.9801394939422607
10328,-3.6303794384002686,7.081993579864502
10329,3.236056089401245,-4.370938777923584
10330,6.438283443450928,-2.2789180278778076
10331,0.9253401756286621,-1.4282439947128296
10332,0.011997252702713013,0.5322379469871521
10333,2.2911198139190674,0.26565319299697876
10334,-7.195422649383545,-2.3016271591186523
10335,-11.902908325195312,-4.124299049377441
10336,11.607281684875488,7.260164737701416
10337,1.9524424076080322,4.394719123840332
10338,-1.2378900051116943,8.923943519592285
10339,2.7449686527252197,0.04599495977163315
10340,-1.3753304481506348,5.418612957000732
10341,-2.670929193496704,-5.353506565093994
10342,-19.187833786010742,9.117998123168945
10343,-6.680254936218262,-2.8969874382019043
10344,4.92293119430542,1.4457752704620361
10345,-8.782121658325195,-9.213262557983398
10346,-19.809022903442383,-1.4034883975982666
10347,9.611512184143066,-7.710422992706299
10348,-4.6055121421813965,-2.1354711055755615
10349,2.6167311668395996,0.9685000777244568
10350,1.1867225170135498,-1.7188420295715332
10351,-4.158469200134277,3.308131217956543
10352,-5.759131908416748,5.529148101806641
10353,7.125120639801025,-9.285171508789062
10354,-52.57526779174805,12.795029640197754
10355,2.350843667984009,-2.69809889793396
10356,-1.100370168685913,5.141504764556885
10357,-17.407209396362305,9.179720878601074
10358,-1.2123212814331055,10.995579719543457
10359,0.49191537499427795,-3.3658134937286377
10360,-0.8298903703689575,5.005191326141357
10361,-12.41644287109375,-11.536770820617676
10362,8.74376106262207,-7.20178747177124
10363,0.2335679829120636,3.7328622341156006
10364,3.0770270824432373,-5.540823459625244
10365,0.6715341806411743,0.48289698362350464
10366,1.4183143377304077,-0.3752790093421936
10367,1.0549811124801636,-0.44202709197998047
10368,0.2900179922580719,2.459230661392212
10369,-2.807914972305298,-6.583906173706055
10370,3.01383900642395,4.532238006591797
10371,-9.557685852050781,-9.94051456451416
10372,-2.1166253089904785,12.326871871948242
10373,-7.809091091156006,3.151522159576416
10374,-11.767149925231934,-11.215328216552734
10375,-3.3003628253936768,-7.2087016105651855
10376,1.718620777130127,-0.30874544382095337
10377,3.825340986251831,0.6547942757606506
10378,0.42573824524879456,-1.5646699666976929
10379,-0.08309635519981384,0.8919560313224792
10380,-1.2968426942825317,6.561966896057129
10381,-1.9732387065887451,0.8591898083686829
10382,-9.03049087524414,-3.5663914680480957
10383,0.6253197193145752,-1.6823995113372803
10384,0.15716367959976196,-1.2837889194488525
10385,1.0541467666625977,-1.892146348953247
10386,-11.29302978515625,-3.542935848236084
10387,6.600257396697998,6.39141321182251
10388,3.4777472019195557,-2.6049234867095947
10389,0.11955311894416809,3.03580904006958
10390,1.0905101299285889,-3.8271567821502686
10391,-0.5997079610824585,6.64724588394165
10392,2.273965358734131,3.7544195652008057
10393,0.485272079706192,-1.2510731220245361
10394,-10.774791717529297,-4.396205902099609
10395,0.34781399369239807,-2.083944082260132
10396,-3.085794687271118,11.386238098144531
10397,3.4872210025787354,-3.337498903274536
10398,4.181210041046143,5.50697660446167
10399,4.119090557098389,-3.268404006958008
10400,-1.4537426233291626,-5.683640956878662
10401,-0.8463717699050903,-1.1887695789337158
10402,7.120157718658447,1.0856211185455322
10403,4.547784328460693,5.301018238067627
10404,6.892350673675537,1.4246233701705933
10405,-0.08840760588645935,11.2621488571167
10406,1.4015460014343262,1.0746841430664062
10407,-11.488662719726562,1.8042758703231812
10408,-3.6825079917907715,13.195666313171387
10409,-0.8924112319946289,2.6049623489379883
10410,-3.266453266143799,12.414698600769043
10411,7.670498371124268,-9.626184463500977
10412,-25.387310028076172,2.12964129447937
10413,-1.4401334524154663,2.815592050552368
10414,4.815916538238525,2.917693614959717
10415,-8.064355850219727,-4.6826958656311035
10416,-2.4676408767700195,5.695454120635986
10417,2.6281540393829346,11.635069847106934
10418,-7.318536281585693,-1.9798483848571777
10419,1.3699020147323608,1.1732103824615479
10420,-1.7387757301330566,1.7699213027954102
10421,-2.7825534343719482,6.531086444854736
10422,-9.688447952270508,-6.694124221801758
10423,1.310776710510254,4.048737049102783
10424,1.2789069414138794,5.002300262451172
10425,3.1461496353149414,-3.2391979694366455
10426,-14.219188690185547,-4.399096488952637
10427,-4.616205215454102,4.104953289031982
10428,-2.408627510070801,-0.9092718362808228
10429,2.52176833152771,-1.87939453125
10430,-2.038804054260254,-4.374276638031006
10431,5.0015387535095215,-5.677102088928223
10432,-18.68412208557129,-0.27783459424972534
10433,-1.0560370683670044,5.264482021331787
10434,-1.9509615898132324,11.880301475524902
10435,-1.6083922386169434,8.481276512145996
10436,0.8256962299346924,-1.4952144622802734
10437,-2.889014959335327,-6.424894332885742
10438,9.302701950073242,3.8283984661102295
10439,1.5823850631713867,-1.6369891166687012
10440,-2.060973882675171,-1.8652706146240234
10441,-1.8426785469055176,-0.972906231880188
10442,-6.605428695678711,0.8372824788093567
10443,-2.978564500808716,9.407633781433105
10444,-1.7615745067596436,-3.247446298599243
10445,-1.5462489128112793,14.034667015075684
10446,9.337908744812012,-8.543975830078125
10447,1.1135919094085693,-2.3754560947418213
10448,1.796236276626587,-1.088568091392517
10449,-2.1011908054351807,-5.613061904907227
10450,1.3231432437896729,14.014182090759277
10451,9.301761627197266,2.8891830444335938
10452,3.9882357120513916,-5.5621018409729
10453,-13.27037239074707,7.783200263977051
10454,-20.27556610107422,8.8479642868042
10455,-23.889127731323242,3.5187084674835205
10456,-4.193657398223877,1.4088784456253052
10457,-1.8555258512496948,9.05155086517334
10458,-4.164031505584717,-7.344181537628174
10459,1.2040787935256958,-1.0524240732192993
10460,1.108654499053955,-1.153584599494934
10461,-1.3864729404449463,6.745292663574219
10462,8.722171783447266,-8.435372352600098
10463,-0.1332145631313324,-0.9329283833503723
10464,-1.4387977123260498,4.961729526519775
10465,-13.302818298339844,-4.232834339141846
10466,1.376969814300537,0.1724749505519867
10467,3.805079698562622,-2.6858062744140625
10468,-4.2511982917785645,-3.241798162460327
10469,6.985636234283447,-6.486997127532959
10470,3.642857313156128,7.894692420959473
10471,-9.179384231567383,6.430593013763428
10472,-3.8636422157287598,-1.7305372953414917
10473,-6.659976482391357,-3.19453501701355
10474,-16.357580184936523,-7.613578796386719
10475,-7.9196600914001465,10.139345169067383
10476,2.8046884536743164,8.841511726379395
10477,-0.03099033236503601,0.531918466091156
10478,3.7953126430511475,1.9734041690826416
10479,-6.882462978363037,-3.1712543964385986
10480,7.038601875305176,-1.3334592580795288
10481,-2.6021840572357178,7.814023494720459
10482,8.529603958129883,-0.6582999229431152
10483,-9.497179985046387,-4.31814432144165
10484,3.83024001121521,-2.664381742477417
10485,-3.509439706802368,-10.152079582214355
10486,-0.23064810037612915,-1.226675033569336
10487,1.0040215253829956,12.728373527526855
10488,4.106220245361328,4.891205787658691
10489,-1.0941176414489746,4.08851957321167
10490,-1.4937589168548584,0.6244367361068726
10491,0.5850396156311035,-0.841854989528656
10492,-2.6726443767547607,-5.9623942375183105
10493,-3.5199668407440186,2.6685030460357666
10494,-9.974843978881836,-10.357527732849121
10495,-1.4325696229934692,6.883078098297119
10496,5.274782180786133,-5.977772235870361
10497,-2.611868143081665,6.803802013397217
10498,8.420806884765625,-7.503973484039307
10499,5.047121524810791,-3.569462537765503
10500,3.0558083057403564,4.953485488891602
10501,-2.9043796062469482,-6.587637901306152
10502,10.110217094421387,5.674382209777832
10503,-2.151393413543701,7.429934024810791
10504,0.4281649887561798,15.726090431213379
10505,5.540079593658447,14.51811408996582
10506,-6.280764102935791,-2.9533143043518066
10507,-5.332234859466553,-3.9212186336517334
10508,2.8548150062561035,-4.0700907707214355
10509,0.23807814717292786,2.7862462997436523
10510,-0.10238131880760193,-0.22613495588302612
10511,0.37275537848472595,-1.8902279138565063
10512,3.11413836479187,15.742081642150879
10513,5.304481029510498,-5.596878528594971
10514,11.072210311889648,6.470539093017578
10515,6.121455192565918,-1.7512092590332031
10516,-8.612770080566406,-3.257587194442749
10517,1.7965412139892578,1.151138424873352
10518,0.056430965662002563,0.38507723808288574
10519,-17.909231185913086,8.686212539672852
10520,9.528167724609375,5.865131378173828
10521,4.547491550445557,-4.182680606842041
10522,0.47351768612861633,-1.0324997901916504
10523,-0.011822909116744995,2.849947690963745
10524,-1.1037404537200928,9.947525978088379
10525,-3.948383092880249,-3.688368797302246
10526,-11.334151268005371,6.714599132537842
10527,-21.247785568237305,-1.182694435119629
10528,-2.4457452297210693,10.070082664489746
10529,6.8054704666137695,14.091885566711426
10530,-0.004547923803329468,0.5214263796806335
10531,-11.219337463378906,4.2300825119018555
10532,1.3920652866363525,4.076306343078613
10533,6.035095691680908,-6.302819728851318
10534,3.830901861190796,-3.9096481800079346
10535,4.9887166023254395,0.6792336702346802
10536,10.518869400024414,4.791252136230469
10537,-5.111062049865723,-5.888981819152832
10538,1.204209327697754,-0.9360766410827637
10539,1.8773610591888428,0.813120424747467
10540,0.7098904848098755,3.0886876583099365
10541,5.0475172996521,-4.943685531616211
10542,-5.478259563446045,-2.7612154483795166
10543,-14.349495887756348,-4.430785655975342
10544,-16.245405197143555,9.22506046295166
10545,7.948233127593994,6.4528937339782715
10546,7.198844909667969,0.7703942060470581
10547,-7.862476825714111,-3.7930924892425537
10548,-1.9826936721801758,9.43105697631836
10549,8.470966339111328,-0.23539859056472778
10550,4.817169666290283,-3.868445873260498
10551,0.37081506848335266,0.392941415309906
10552,3.057178258895874,3.042250871658325
10553,6.327034950256348,3.7817881107330322
10554,6.905697345733643,0.9075915813446045
10555,-9.568174362182617,-3.764742851257324
10556,5.5988569259643555,1.3597208261489868
10557,0.33320334553718567,4.308212757110596
10558,0.03931352496147156,0.5042287707328796
10559,7.114840507507324,-5.919193267822266
10560,-1.440118432044983,-6.120703220367432
10561,8.564107894897461,-10.08896541595459
10562,-1.2540104389190674,6.675655841827393
10563,1.0515788793563843,2.5840227603912354
10564,-6.215235710144043,6.841939449310303
10565,8.554716110229492,4.647012710571289
10566,-1.9562582969665527,-1.1985852718353271
10567,10.044967651367188,-7.688149929046631
10568,-2.870285987854004,-7.53188943862915
10569,4.25156831741333,-4.672799110412598
10570,-0.009074240922927856,13.852485656738281
10571,-0.3637014329433441,2.5111851692199707
10572,-0.673828125,-1.0976009368896484
10573,-10.75094985961914,-10.770155906677246
10574,0.45332685112953186,0.3031904101371765
10575,-1.4606586694717407,11.01543140411377
10576,-0.07575146853923798,-1.7947791814804077
10577,2.4197096824645996,4.969499588012695
10578,8.901344299316406,6.6270623207092285
10579,-2.6388967037200928,-1.3302018642425537
10580,-1.2016105651855469,2.563595771789551
10581,-12.163789749145508,6.919841289520264
10582,-7.936631679534912,-7.104516506195068
10583,-14.273212432861328,-11.699626922607422
10584,-0.09719303250312805,0.8242706060409546
10585,0.48405179381370544,1.7791228294372559
10586,-7.5668158531188965,-3.2820944786071777
10587,-1.6300368309020996,10.998682975769043
10588,1.5915396213531494,-1.004956841468811
10589,8.714134216308594,-8.79423713684082
10590,7.00014066696167,6.273486614227295
10591,-1.4380152225494385,1.0510315895080566
10592,0.08866336941719055,-0.34184253215789795
10593,1.130926489830017,-1.546081781387329
10594,-8.582688331604004,-8.708531379699707
10595,4.068542957305908,-3.0647308826446533
10596,-2.314220428466797,7.8335394859313965
10597,0.9422925710678101,1.537684679031372
10598,-1.1518371105194092,-3.6545004844665527
10599,10.327733993530273,6.0864644050598145
10600,3.2483222484588623,4.3869805335998535
10601,6.336770534515381,-6.24446964263916
10602,0.11679843068122864,1.0195138454437256
10603,1.264794945716858,0.24189820885658264
10604,-1.763378620147705,-5.623097896575928
10605,1.1325517892837524,-2.6585421562194824
10606,1.3133771419525146,0.009740658104419708
10607,8.26012134552002,6.007678985595703
10608,-1.561934471130371,4.29163932800293
10609,-2.2468154430389404,-5.825833797454834
10610,-26.163110733032227,3.3760738372802734
10611,-4.189979553222656,3.3844892978668213
10612,-2.947274923324585,8.74950122833252
10613,-5.020431995391846,-5.568707466125488
10614,0.045542508363723755,-2.789929151535034
10615,9.371755599975586,6.576026439666748
10616,10.730385780334473,7.025172710418701
10617,0.18417444825172424,0.8942199349403381
10618,2.491671323776245,-2.1500706672668457
10619,5.259921550750732,-5.581987380981445
10620,3.416701078414917,4.698504447937012
10621,0.0577012300491333,-1.232446551322937
10622,0.7939879894256592,0.8527644276618958
10623,1.0409209728240967,-1.1205594539642334
10624,1.5402799844741821,3.9225637912750244
10625,-6.7691168785095215,7.1622161865234375
10626,-8.431164741516113,-4.007964134216309
10627,-0.5290236473083496,10.249567985534668
10628,3.7835755348205566,-3.724102258682251
10629,-3.0289576053619385,5.916234016418457
10630,7.801212787628174,-6.030442237854004
10631,0.9211071729660034,2.7871198654174805
10632,3.094148874282837,-2.531069755554199
10633,-3.1331214904785156,-6.061797618865967
10634,-7.927829742431641,-6.72061014175415
10635,9.037935256958008,1.9825074672698975
10636,2.0591089725494385,2.202864646911621
10637,-10.770708084106445,-3.9843533039093018
10638,-4.188440799713135,4.25176477432251
10639,-16.657501220703125,4.439558982849121
10640,-1.2281498908996582,8.470139503479004
10641,-20.694746017456055,9.465916633605957
10642,-12.315901756286621,8.041337013244629
10643,-9.891222953796387,6.644503116607666
10644,9.553218841552734,-0.02925518900156021
10645,9.193174362182617,6.705891132354736
10646,-11.85053539276123,7.111663341522217
10647,-2.2520456314086914,4.119617938995361
10648,2.1471292972564697,4.1376776695251465
10649,0.19020557403564453,-0.6912479996681213
10650,-10.831032752990723,-3.8818609714508057
10651,-20.392763137817383,-0.5694803595542908
10652,-1.5779870748519897,4.031671524047852
10653,-1.674999475479126,6.767135143280029
10654,-3.172992706298828,7.292611598968506
10655,1.879410982131958,4.012659072875977
10656,-1.1402796506881714,0.8608788847923279
10657,1.9636309146881104,10.02997875213623
10658,2.324610948562622,1.989076852798462
10659,-14.672998428344727,1.0165735483169556
10660,7.204457759857178,1.7976179122924805
10661,-0.9815165996551514,4.883513927459717
10662,0.7136005163192749,-1.5255645513534546
10663,-1.6611213684082031,-4.4997944831848145
10664,-2.2373368740081787,3.4206454753875732
10665,0.743546724319458,-2.3034427165985107
10666,11.948070526123047,-5.333930015563965
10667,-5.4541168212890625,-4.944729804992676
10668,-7.890608787536621,-8.191353797912598
10669,-14.209851264953613,5.415543079376221
10670,7.176107883453369,1.9053014516830444
10671,-2.445075750350952,7.214522361755371
10672,1.245407223701477,0.9033472537994385
10673,9.875798225402832,-0.678541362285614
10674,-13.710415840148926,8.221395492553711
10675,-3.2159807682037354,-8.208762168884277
10676,11.109881401062012,7.129552841186523
10677,1.1682498455047607,-0.6429005265235901
10678,6.8852458000183105,-4.864964962005615
10679,0.8407230377197266,-0.7272317409515381
10680,-0.6334362030029297,6.053048133850098
10681,-6.424768924713135,-3.532618999481201
10682,1.6089935302734375,-1.6711554527282715
10683,-0.8330440521240234,9.913110733032227
10684,3.028320789337158,4.513491153717041
10685,6.894376277923584,6.595597267150879
10686,-3.8435323238372803,3.0995755195617676
10687,-8.39612102508545,0.84012770652771
10688,-6.992049694061279,-6.531382083892822
10689,0.508902907371521,-1.7709078788757324
10690,-11.871076583862305,-11.20264720916748
10691,3.5409419536590576,3.746351718902588
10692,8.306536674499512,-5.763168811798096
10693,-2.49037766456604,-8.268946647644043
10694,3.45271372795105,0.023916862905025482
10695,7.003958225250244,-4.004088401794434
10696,-2.915227174758911,12.858908653259277
10697,0.7852035760879517,-1.762195348739624
10698,-0.3062182366847992,-1.4982584714889526
10699,-1.7647738456726074,-3.1334102153778076
10700,3.168224811553955,13.472667694091797
10701,-18.194440841674805,8.275925636291504
10702,7.522315502166748,2.67213773727417
10703,-0.6718544960021973,0.36198049783706665
10704,-7.039146900177002,-7.412561893463135
10705,-3.4262640476226807,1.006434679031372
10706,2.2736260890960693,2.937267541885376
10707,-4.431040287017822,4.324219226837158
10708,-6.680185794830322,6.575882911682129
10709,0.7010136842727661,1.077829360961914
10710,-3.310581684112549,2.5437867641448975
10711,6.023603916168213,7.267477512359619
10712,-0.9258589744567871,2.188527822494507
10713,-0.20478293299674988,1.0487945079803467
10714,-1.1683257818222046,-1.520085334777832
10715,-10.03254508972168,-5.856899738311768
10716,-2.7003824710845947,3.874720573425293
10717,7.665155410766602,-6.865341663360596
10718,5.6056013107299805,1.2502660751342773
10719,3.8068923950195312,11.756688117980957
10720,8.762117385864258,6.561342239379883
10721,11.322854042053223,3.4565846920013428
10722,-10.974870681762695,-8.186081886291504
10723,0.9978933334350586,-1.6874487400054932
10724,8.8861083984375,-9.614999771118164
10725,-9.078482627868652,-6.6607232093811035
10726,1.0659428834915161,-0.02094302326440811
10727,-0.7398322820663452,2.6075921058654785
10728,-20.614301681518555,-0.3329616189002991
10729,0.05684468150138855,0.3828188180923462
10730,-2.1993229389190674,11.123595237731934
10731,5.5537109375,-1.786712884902954
10732,-2.8442795276641846,10.350733757019043
10733,-9.387723922729492,1.2686829566955566
10734,3.625966787338257,5.428251266479492
10735,5.830591678619385,-0.9259622693061829
10736,8.566574096679688,-0.49372726678848267
10737,-0.34808728098869324,4.892893314361572
10738,-0.8236513137817383,9.714899063110352
10739,-0.9656506776809692,0.32941269874572754
10740,1.0466843843460083,1.201217770576477
10741,8.28622055053711,5.348180294036865
10742,-2.752415895462036,0.8065992593765259
10743,3.8584582805633545,-0.6067511439323425
10744,0.6487888097763062,-1.5516185760498047
10745,-15.270469665527344,1.1428879499435425
10746,2.238903284072876,3.972637891769409
10747,-2.352433204650879,-6.679354190826416
10748,-12.223426818847656,0.15229791402816772
10749,-18.145570755004883,7.875648498535156
10750,-31.616804122924805,3.826901912689209
10751,4.671748638153076,12.387240409851074
10752,2.4825944900512695,-3.5618674755096436
10753,2.7795886993408203,-1.7007426023483276
10754,-2.0505776405334473,-4.2333292961120605
10755,0.6577174663543701,-1.6265490055084229
10756,-2.580653429031372,-7.340694427490234
10757,-3.3710715770721436,4.929231643676758
10758,-24.99615478515625,0.8080176711082458
10759,-14.702735900878906,3.5691282749176025
10760,-0.703572154045105,7.629067420959473
10761,-0.8895308971405029,7.622588157653809
10762,-9.85583782196045,4.392266273498535
10763,7.47545862197876,-9.06323528289795
10764,-0.43148431181907654,10.111048698425293
10765,1.1502305269241333,-2.4100751876831055
10766,-1.790508508682251,4.962052822113037
10767,5.5687479972839355,0.2983229160308838
10768,9.51051139831543,-7.58882474899292
10769,0.9044702053070068,-1.6705659627914429
10770,0.3956148326396942,1.0513991117477417
10771,-0.7547584772109985,-0.8959243297576904
10772,-30.493412017822266,3.2745718955993652
10773,0.5374815464019775,0.3183634281158447
10774,-1.240997552871704,2.89449143409729
10775,1.0923998355865479,-0.3725857436656952
10776,-10.572467803955078,-5.6253838539123535
10777,-1.325642466545105,1.1496214866638184
10778,-7.286945343017578,9.832952499389648
10779,-8.474405288696289,-8.797828674316406
10780,-1.5072875022888184,8.877488136291504
10781,1.1399781703948975,-2.9791643619537354
10782,-16.358266830444336,-6.042474269866943
10783,-2.4373180866241455,-7.56947660446167
10784,-1.963649034500122,12.13415241241455
10785,1.4619125127792358,-0.22961917519569397
10786,-17.025175094604492,8.738425254821777
10787,0.056914716958999634,0.343660831451416
10788,6.685683727264404,5.9719953536987305
10789,4.6292829513549805,-7.180471420288086
10790,-5.467122554779053,7.432724475860596
10791,6.564318656921387,-6.661423206329346
10792,6.230986595153809,-7.260588645935059
10793,6.866858959197998,-1.4901384115219116
10794,-2.4139246940612793,4.668565273284912
10795,0.3843734562397003,3.039424419403076
10796,-2.733327627182007,-8.61120319366455
10797,-4.59306001663208,2.843134641647339
10798,-1.863097071647644,10.189988136291504
10799,-7.183221817016602,-7.06535530090332
10800,-21.545053482055664,-0.9303340911865234
10801,1.0771245956420898,-0.951606810092926
10802,-1.5929080247879028,10.976003646850586
10803,9.321367263793945,-9.198991775512695
10804,-1.8922847509384155,10.372441291809082
10805,-5.305348873138428,-7.5638322830200195
10806,-1.5526442527770996,1.5493810176849365
10807,7.61644172668457,3.547457695007324
10808,-15.952155113220215,-5.835092544555664
10809,-3.029466390609741,8.986870765686035
10810,2.0075645446777344,4.052337169647217
10811,3.399196147918701,2.0158917903900146
10812,-6.979679584503174,-6.909486293792725
10813,-22.617605209350586,-0.5357349514961243
10814,10.432136535644531,7.507813930511475
10815,-10.04724407196045,6.904101848602295
10816,3.524228811264038,4.300026893615723
10817,3.930903673171997,5.627997398376465
10818,-1.249648928642273,4.932261943817139
10819,-3.8626863956451416,9.251492500305176
10820,-1.4282853603363037,9.847539901733398
10821,-2.5390796661376953,-7.532998561859131
10822,-3.903747081756592,-7.4750800132751465
10823,-0.8697082996368408,-1.25172758102417
10824,-2.5342929363250732,1.1736564636230469
10825,6.223475933074951,5.839989185333252
10826,3.0750772953033447,-0.8019159436225891
10827,5.78224515914917,13.059905052185059
10828,2.053784132003784,-3.2168471813201904
10829,-5.856441020965576,-10.084479331970215
10830,-9.072796821594238,2.8057363033294678
10831,2.6455342769622803,0.6634458899497986
10832,2.2203128337860107,-1.887102484703064
10833,9.709590911865234,-10.853852272033691
10834,-9.888882637023926,-7.141453266143799
10835,0.27079328894615173,-1.2952998876571655
10836,5.65560245513916,-1.4115753173828125
10837,9.60683822631836,5.061631679534912
10838,-2.8574793338775635,9.865480422973633
10839,4.611303806304932,-0.6978756785392761
10840,-0.8926242589950562,-3.58769154548645
10841,-2.719367504119873,-5.995998382568359
10842,-11.389267921447754,6.858876705169678
10843,-11.092168807983398,-4.212972164154053
10844,-5.1601338386535645,-1.520042896270752
10845,8.379526138305664,5.360135555267334
10846,-7.070444583892822,-2.743743896484375
10847,6.091200828552246,-1.1213167905807495
10848,-14.475136756896973,0.622291088104248
10849,10.111882209777832,4.7599029541015625
10850,7.6957221031188965,-1.4586012363433838
10851,5.786703586578369,0.21515101194381714
10852,-3.489503860473633,-8.471484184265137
10853,-23.63109016418457,-0.4219622015953064
10854,-20.608625411987305,0.025982074439525604
10855,1.3060474395751953,-1.7820298671722412
10856,5.701690673828125,-5.495362281799316
10857,-1.4426727294921875,7.217132091522217
10858,2.900787830352783,0.017338626086711884
10859,-8.682493209838867,-4.28964376449585
10860,-1.155480980873108,3.3836965560913086
10861,-21.00249671936035,-0.8268817663192749
10862,-16.799009323120117,7.796605587005615
10863,3.110334873199463,0.6182017922401428
10864,6.558642864227295,0.25793373584747314
10865,-1.5417768955230713,12.602206230163574
10866,-52.57949447631836,13.13481616973877
10867,-0.0221882164478302,0.5442654490470886
10868,-8.285798072814941,8.925381660461426
10869,-29.09334945678711,1.3514556884765625
10870,0.7738645076751709,3.0084946155548096
10871,7.087676525115967,1.4817547798156738
10872,-4.612663745880127,4.473689556121826
10873,5.058568954467773,5.671701908111572
10874,1.1519854068756104,-0.3787990212440491
10875,-0.7735992670059204,4.516481876373291
10876,0.49823036789894104,-1.1704915761947632
10877,-8.404396057128906,-9.373366355895996
10878,10.338682174682617,4.971243858337402
10879,10.311787605285645,-6.834877014160156
10880,-0.09201070666313171,4.443483352661133
10881,5.970359802246094,-0.5127472281455994
10882,1.145002841949463,1.2463576793670654
10883,7.9141526222229,6.9426398277282715
10884,-0.32847750186920166,-1.2531837224960327
10885,3.6219356060028076,-2.4908969402313232
10886,5.562318801879883,-5.938961505889893
10887,4.378381252288818,-3.035407066345215
10888,6.790894031524658,4.687708377838135
10889,0.08024299144744873,-3.7217063903808594
10890,3.3103129863739014,0.9809055924415588
10891,-1.0326710939407349,5.2226715087890625
10892,-1.6116540431976318,7.907080173492432
10893,1.4090617895126343,-0.5504922866821289
10894,9.057241439819336,2.5286285877227783
10895,-9.131185531616211,-4.029738426208496
10896,8.346243858337402,-5.686142444610596
10897,-15.963141441345215,-8.867765426635742
10898,-0.06815114617347717,0.894988477230072
10899,-18.02442741394043,7.162688732147217
10900,0.33188650012016296,4.672729015350342
10901,5.800511837005615,1.480712652206421
10902,1.2323048114776611,0.9958404898643494
10903,-0.9899207353591919,0.3551867604255676
10904,-26.053171157836914,1.7001478672027588
10905,-9.74182415008545,5.2128729820251465
10906,2.420069932937622,-2.575052261352539
10907,-3.8100597858428955,-7.630860805511475
10908,6.465257167816162,0.2428656816482544
10909,-4.303273677825928,-2.6127898693084717
10910,6.396873950958252,0.7311917543411255
10911,8.8969087600708,-2.229987859725952
10912,3.685103416442871,-1.0337687730789185
10913,0.7160794734954834,1.0143245458602905
10914,1.7076706886291504,3.2886765003204346
10915,-20.102731704711914,7.561777591705322
10916,-8.986740112304688,-4.098407745361328
10917,-3.0549545288085938,3.957017183303833
10918,0.6217108964920044,-1.7552098035812378
10919,-0.006733447313308716,-0.8112122416496277
10920,-3.4684083461761475,-8.189223289489746
10921,-0.7739431858062744,-0.04326806217432022
10922,2.8924312591552734,4.360021591186523
10923,-1.1805027723312378,13.738143920898438
10924,4.028151035308838,-4.214749813079834
10925,10.262770652770996,6.199462413787842
10926,4.920924663543701,-2.068385601043701
10927,-9.790000915527344,-4.2333879470825195
10928,2.406825304031372,11.248076438903809
10929,0.9720079898834229,3.6749460697174072
10930,1.1406893730163574,0.26069170236587524
10931,2.876288414001465,-2.443765878677368
10932,8.413799285888672,-7.299490928649902
10933,-3.7246458530426025,-2.9023959636688232
10934,-7.19623327255249,-6.544225215911865
10935,-17.954256057739258,-12.295361518859863
10936,-1.0323948860168457,6.165536880493164
10937,2.3606932163238525,1.5627988576889038
10938,0.6864339113235474,-1.9705289602279663
10939,4.2116594314575195,-5.4904985427856445
10940,0.2023310363292694,-3.7220728397369385
10941,6.524954795837402,4.733341217041016
10942,-4.23584508895874,5.04852819442749
10943,7.045678615570068,1.7698838710784912
10944,-2.6515920162200928,-0.9401235580444336
10945,7.998202800750732,-1.057011604309082
10946,-23.124521255493164,-0.9635109305381775
10947,-4.45665168762207,-4.081465244293213
10948,0.4755356013774872,-1.787942886352539
10949,-2.9369163513183594,-8.215362548828125
10950,2.696794271469116,-0.05152577906847
10951,-0.6041996479034424,11.898249626159668
10952,-0.0027203261852264404,3.9589664936065674
10953,-13.914220809936523,3.72700572013855
10954,-7.5738983154296875,-3.702993154525757
10955,-3.377084970474243,4.105576992034912
10956,5.667948246002197,2.3375070095062256
10957,-12.106884956359863,-2.4382340908050537
10958,4.272942543029785,1.446709394454956
10959,-27.481473922729492,0.9382198452949524
10960,0.6901473999023438,-1.5568134784698486
10961,-8.527910232543945,-8.861934661865234
10962,-20.468278884887695,11.441078186035156
10963,3.1338889598846436,1.9723658561706543
10964,-14.17620849609375,-2.0863454341888428
10965,-7.467998027801514,11.924500465393066
10966,-1.148697853088379,2.8058223724365234
10967,5.269620418548584,-0.5305991768836975
10968,3.444091558456421,1.6776292324066162
10969,-8.649799346923828,-5.2699127197265625
10970,-10.916566848754883,-10.697691917419434
10971,-1.3281344175338745,3.935676336288452
10972,-2.7750139236450195,10.733169555664062
10973,-4.942300796508789,5.846630096435547
10974,1.4990638494491577,-1.3768107891082764
10975,2.815237283706665,-0.9115554094314575
10976,-23.5771541595459,10.142401695251465
10977,-2.4349827766418457,-6.542963027954102
10978,-11.628657341003418,-4.628704071044922
10979,2.9983975887298584,-4.274565696716309
10980,-2.592170476913452,-7.012148380279541
10981,-20.503665924072266,-0.692980170249939
10982,-1.9334568977355957,7.114778518676758
10983,-10.640944480895996,-7.223245620727539
10984,6.483206272125244,4.051445007324219
10985,-25.332334518432617,11.359335899353027
10986,-2.826366901397705,-7.752011775970459
10987,-15.393488883972168,1.011587142944336
10988,-2.439033269882202,-1.348434567451477
10989,-3.0333826541900635,-9.909366607666016
10990,-10.972261428833008,-4.191166400909424
10991,-2.107354164123535,6.420823097229004
10992,11.803932189941406,-4.927800178527832
10993,-12.393890380859375,7.696791648864746
10994,4.336233615875244,4.861232280731201
10995,4.7673020362854,-4.145394325256348
10996,0.8197108507156372,-1.3874001502990723
10997,0.9056404829025269,1.178633451461792
10998,9.26059627532959,6.887475967407227
10999,-14.620744705200195,-7.523107051849365
11000,9.644159317016602,3.9074814319610596
11001,-14.000621795654297,7.061943531036377
11002,0.6722334623336792,3.036090612411499
11003,2.5986411571502686,-4.339155673980713
11004,1.8048616647720337,-2.4545161724090576
11005,0.7113269567489624,-0.1609002947807312
11006,-1.5723576545715332,-0.033668018877506256
11007,8.192609786987305,-2.2982985973358154
11008,-15.653425216674805,-5.846504211425781
11009,4.184171199798584,4.166412353515625
11010,-2.3964991569519043,10.197192192077637
11011,-5.154268264770508,-1.9803880453109741
11012,-1.7938995361328125,9.455912590026855
11013,9.843101501464844,5.571463584899902
11014,6.072266578674316,-5.053341388702393
11015,-4.451927661895752,4.537861347198486
11016,5.573033332824707,9.303703308105469
11017,5.968912601470947,1.5480197668075562
11018,1.4932138919830322,0.7579531669616699
11019,-2.194740056991577,9.723445892333984
11020,5.825425148010254,2.007044553756714
11021,1.5746519565582275,0.5216259360313416
11022,7.860419750213623,-6.358940601348877
11023,-4.23473596572876,4.009776592254639
11024,-0.2935032546520233,8.937646865844727
11025,-3.8461174964904785,-9.36043930053711
11026,1.436964750289917,2.04357647895813
11027,-2.9559624195098877,-7.712240219116211
11028,-2.356982707977295,10.952338218688965
11029,1.3971935510635376,-1.2475862503051758
11030,-3.041304349899292,11.55250072479248
11031,-11.66183853149414,1.0869799852371216
11032,10.773000717163086,5.751461982727051
11033,2.6306331157684326,-3.45674729347229
11034,-2.301893711090088,-5.981881618499756
11035,0.6352620124816895,-1.4032636880874634
11036,-7.335683345794678,-3.0665528774261475
11037,-8.146566390991211,8.813905715942383
11038,-2.7511706352233887,12.37552261352539
11039,0.6322296857833862,-1.7184754610061646
11040,3.731447458267212,2.0263726711273193
11041,-24.1694393157959,11.263181686401367
11042,-1.2609448432922363,2.606660842895508
11043,-7.605061054229736,0.34039515256881714
11044,-4.112367153167725,-1.9052836894989014
11045,9.287778854370117,-8.804915428161621
11046,2.1040549278259277,2.9234416484832764
11047,0.025418132543563843,0.8587136268615723
11048,-2.5056874752044678,-5.570725440979004
11049,8.49085521697998,-8.109026908874512
11050,-5.416296482086182,-7.270063400268555
11051,-4.707400798797607,-9.065363883972168
11052,2.716688871383667,-2.4030916690826416
11053,-6.236347675323486,-10.460610389709473
11054,-13.607109069824219,1.1549077033996582
11055,1.206783413887024,-4.141312599182129
11056,-2.4549081325531006,-0.5153172612190247
11057,0.39055606722831726,-0.8744855523109436
11058,5.356628894805908,-0.42298203706741333
11059,-1.7058213949203491,9.228333473205566
11060,3.0756661891937256,4.494927883148193
11061,4.028746128082275,-1.1383737325668335
11062,7.0901970863342285,6.277838230133057
11063,-2.6519863605499268,-7.867979049682617
11064,5.294399261474609,0.5061435103416443
11065,-11.930399894714355,-10.928701400756836
11066,1.1610968112945557,-0.3064090609550476
11067,-1.5189478397369385,11.05374526977539
11068,-1.3560726642608643,11.497605323791504
11069,2.8143930435180664,-2.2124927043914795
11070,-0.11681301891803741,-1.5920367240905762
11071,8.375819206237793,6.724267959594727
11072,-7.173776149749756,-10.454631805419922
11073,-13.42364501953125,6.43784761428833
11074,0.6618154048919678,-1.6586984395980835
11075,-7.975529670715332,-2.5531771183013916
11076,-5.571130275726318,5.694253444671631
11077,-8.99736213684082,-1.7578725814819336
11078,10.77293586730957,-5.5246124267578125
11079,-1.8263956308364868,-2.7654731273651123
11080,4.554684162139893,-5.599755764007568
11081,-7.690766334533691,-4.455642223358154
11082,6.159894943237305,-2.4618136882781982
11083,-13.20959758758545,-4.4014763832092285
11084,3.5013513565063477,12.296028137207031
11085,8.536294937133789,-8.35318660736084
11086,4.372355937957764,2.8286168575286865
11087,-3.872807264328003,5.617970943450928
11088,-0.1513577401638031,1.1316004991531372
11089,-2.4646947383880615,9.232967376708984
11090,-3.471565008163452,2.0136382579803467
11091,6.693490505218506,2.6730153560638428
11092,-6.01140832901001,6.2587056159973145
11093,0.6353679895401001,1.5371463298797607
11094,-2.175297975540161,-2.754578113555908
11095,-1.9242095947265625,9.604466438293457
11096,-3.1987991333007812,-10.112736701965332
11097,1.2347673177719116,0.939932644367218
11098,0.16702505946159363,-1.2123184204101562
11099,3.005505323410034,0.14692074060440063
11100,-0.9454398155212402,2.9184839725494385
11101,0.7569646835327148,-1.3141794204711914
11102,-3.4570953845977783,-1.5486552715301514
11103,5.640472888946533,6.741199970245361
11104,1.880662202835083,2.892364978790283
11105,-16.893346786499023,7.711174488067627
11106,-4.175853252410889,-0.6368777751922607
11107,6.74772310256958,4.877652645111084
11108,-4.445586681365967,3.631082773208618
11109,-7.98529052734375,-7.190248012542725
11110,0.05101624131202698,0.4345402121543884
11111,0.9736616611480713,-2.3184449672698975
11112,-17.702539443969727,-6.02184534072876
11113,-3.99993634223938,3.4389214515686035
11114,-2.7145514488220215,10.88265609741211
11115,-3.2855396270751953,9.57729721069336
11116,-1.587651014328003,3.4329049587249756
11117,-10.860282897949219,-10.8032808303833
11118,9.691646575927734,6.355103015899658
11119,-0.5488599538803101,10.392086029052734
11120,-0.9430437088012695,11.578307151794434
11121,5.197772026062012,-1.3195760250091553
11122,-1.436200499534607,12.538273811340332
11123,-6.020383834838867,-8.475937843322754
11124,0.92972731590271,-0.8748814463615417
11125,6.59785795211792,-3.2266342639923096
11126,0.7369446754455566,-2.213984489440918
11127,-13.326099395751953,-2.037976026535034
11128,4.841627597808838,-0.2187788188457489
11129,10.918922424316406,1.609230637550354
11130,-3.684237480163574,3.670443296432495
11131,-5.539056301116943,6.542770862579346
11132,1.3896101713180542,-1.5726256370544434
11133,1.0271474123001099,-1.6049771308898926
11134,-8.420430183410645,12.739945411682129
11135,-1.0362430810928345,9.230754852294922
11136,0.186385840177536,-1.3693304061889648
11137,-9.694404602050781,2.475931406021118
11138,-20.123477935791016,0.6450516581535339
11139,2.8577849864959717,13.90143871307373
11140,-17.201202392578125,-3.4829723834991455
11141,-12.96756649017334,-4.557649612426758
11142,1.3475892543792725,-0.1781599223613739
11143,7.717652797698975,-0.9064244627952576
11144,-12.261150360107422,-10.091450691223145
11145,-12.17315673828125,-3.822474241256714
11146,0.049158841371536255,3.63897442817688
11147,1.679701566696167,-3.829915761947632
11148,8.68588638305664,-7.02205228805542
11149,-9.423730850219727,-6.921651363372803
11150,0.686028003692627,2.406174898147583
11151,2.886357069015503,0.08346842974424362
11152,-11.687445640563965,-5.00692892074585
11153,-8.682937622070312,-8.779175758361816
11154,-6.4740471839904785,-3.9515573978424072
11155,-5.392056941986084,-9.183445930480957
11156,7.736637115478516,4.001593112945557
11157,-3.3747446537017822,5.64880895614624
11158,8.740192413330078,6.270781517028809
11159,-1.5249830484390259,12.906874656677246
11160,1.7351417541503906,-3.109132766723633
11161,0.4965595304965973,2.3052878379821777
11162,7.7953782081604,-8.582903861999512
11163,0.30171260237693787,-1.6548995971679688
11164,-3.22371506690979,-9.275361061096191
11165,-1.6313916444778442,8.767146110534668
11166,7.994190692901611,-9.297120094299316
11167,0.20008495450019836,3.364877939224243
11168,-5.873532772064209,-6.0096917152404785
11169,-10.010784149169922,-4.659441947937012
11170,11.450041770935059,-4.6302361488342285
11171,2.468449831008911,-2.555957555770874
11172,9.917685508728027,4.029500961303711
11173,5.843299388885498,6.0805816650390625
11174,-2.143359899520874,11.663606643676758
11175,-8.763611793518066,-8.423687934875488
11176,1.3233131170272827,0.29034125804901123
11177,-1.2030632495880127,8.18747329711914
11178,8.224903106689453,-7.939855098724365
11179,6.765857219696045,-2.668881416320801
11180,-3.9833292961120605,3.863020896911621
11181,-2.8703572750091553,13.610082626342773
11182,-34.3347282409668,8.308674812316895
11183,4.351253032684326,-4.648135185241699
11184,-3.804701089859009,-10.467313766479492
11185,3.3080012798309326,-1.7858593463897705
11186,0.6152403354644775,-1.9728032350540161
11187,1.3397200107574463,0.007811419665813446
11188,-3.6056973934173584,2.956101655960083
11189,-26.056703567504883,3.772042751312256
11190,1.461601972579956,-1.6281096935272217
11191,-0.795345664024353,-1.9468584060668945
11192,5.688624382019043,3.000833034515381
11193,9.905861854553223,-6.604004383087158
11194,-10.611499786376953,5.096211910247803
11195,-4.99294376373291,-9.878137588500977
11196,0.05241397023200989,3.793375253677368
11197,6.863475322723389,-0.5068449378013611
11198,0.08611392974853516,-0.8620734810829163
11199,-29.020387649536133,1.4628307819366455
11200,-0.7346944808959961,3.270056962966919
11201,-19.209346771240234,-0.6910895705223083
11202,-1.8063738346099854,5.720810413360596
11203,-6.361962795257568,-9.568015098571777
11204,-13.157549858093262,2.507394552230835
11205,5.188735008239746,0.9252408742904663
11206,-6.766905307769775,-6.809394359588623
11207,-1.7646937370300293,-6.201579570770264
11208,-2.2345941066741943,-4.521553039550781
11209,0.3894553482532501,-1.337432622909546
11210,-0.06961870193481445,-2.1827242374420166
11211,-8.878504753112793,-3.396958827972412
11212,8.168962478637695,-1.802330493927002
11213,-5.57017183303833,5.366191387176514
11214,3.2977540493011475,4.680769920349121
11215,-2.8259544372558594,-8.521988868713379
11216,0.514092206954956,5.060530185699463
11217,-1.2709250450134277,4.1422576904296875
11218,-13.44009780883789,7.965726375579834
11219,-1.7428256273269653,-4.7892327308654785
11220,9.122556686401367,2.9082562923431396
11221,1.1682465076446533,-5.351566791534424
11222,4.593145370483398,1.0009424686431885
11223,3.9157259464263916,-5.129789352416992
11224,3.775843858718872,-2.5082859992980957
11225,-0.21919402480125427,3.6962125301361084
11226,-11.931379318237305,-3.455071210861206
11227,-2.710378885269165,-8.119763374328613
11228,1.862903356552124,-1.0027613639831543
11229,0.19124141335487366,-2.002298355102539
11230,0.46165409684181213,-1.51540207862854
11231,0.09788921475410461,3.611192464828491
11232,-18.34980583190918,7.808549880981445
11233,-0.16380736231803894,5.366939067840576
11234,-2.5587706565856934,-6.222635269165039
11235,9.300487518310547,6.929537296295166
11236,0.3963530361652374,-1.5581226348876953
11237,-2.681927442550659,9.170456886291504
11238,0.9003194570541382,-1.3983112573623657
11239,-31.239355087280273,4.359792232513428
11240,3.9739768505096436,-3.8619487285614014
11241,-9.690924644470215,-7.480840682983398
11242,-0.7733098268508911,4.303203105926514
11243,-11.718865394592285,-0.7542752623558044
11244,1.064681887626648,-1.5385138988494873
11245,-24.8991641998291,-1.0326446294784546
11246,3.3014519214630127,1.346135139465332
11247,-0.6546689867973328,-0.8495127558708191
11248,-6.646058559417725,-9.257706642150879
11249,11.514579772949219,6.671706676483154
11250,-2.2551004886627197,10.592909812927246
11251,-4.157664775848389,5.4171142578125
11252,-1.912005066871643,1.865494728088379
11253,-0.938990592956543,0.34056955575942993
11254,-0.2628665864467621,4.166540145874023
11255,-4.830287456512451,4.809864521026611
11256,2.7855165004730225,0.3582419753074646
11257,-2.4493141174316406,7.582973003387451
11258,-3.8941142559051514,3.3429982662200928
11259,-3.678323745727539,3.0217607021331787
11260,4.069936275482178,-4.5338335037231445
11261,4.825689792633057,1.2766262292861938
11262,0.3363698720932007,-1.0725560188293457
11263,3.360156297683716,-2.072871446609497
11264,-3.341845989227295,2.271017074584961
11265,-12.037317276000977,0.09742345660924911
11266,-19.316251754760742,-1.4568408727645874
11267,-0.2394508719444275,0.80619877576828
11268,1.7890396118164062,-2.861407995223999
11269,-1.2527413368225098,5.391879558563232
11270,-1.5110211372375488,2.928717851638794
11271,-11.09044361114502,3.522780656814575
11272,-1.7533942461013794,5.060501575469971
11273,-2.856567144393921,11.605462074279785
11274,-1.6772890090942383,-3.920504331588745
11275,-0.4087587893009186,0.18242061138153076
11276,0.3160567581653595,17.07839584350586
11277,0.3966045677661896,-0.22230258584022522
11278,-11.604755401611328,-5.3075690269470215
11279,-0.25653326511383057,-0.4690120816230774
11280,0.2431267499923706,-2.018716812133789
11281,0.3301796019077301,-1.267398476600647
11282,-18.384897232055664,-7.1663994789123535
11283,7.574243068695068,-8.597796440124512
11284,7.1084208488464355,0.93403559923172
11285,0.9485139846801758,-1.0785174369812012
11286,-2.0723583698272705,11.348210334777832
11287,-3.0748825073242188,-8.806886672973633
11288,-6.174544811248779,-6.001020908355713
11289,8.251178741455078,2.2068655490875244
11290,-2.1547863483428955,-8.160239219665527
11291,-2.2090554237365723,0.8252027034759521
11292,-3.353682518005371,-8.030484199523926
11293,-2.9367902278900146,2.4100475311279297
11294,1.26972234249115,1.2078649997711182
11295,-2.7222933769226074,-7.253559589385986
11296,-5.931045055389404,6.562175273895264
11297,7.0140557289123535,-0.9498879313468933
11298,9.463216781616211,7.072793960571289
11299,6.294714450836182,-4.749964714050293
11300,-0.16743701696395874,-3.308093786239624
11301,-0.9172241687774658,6.08619499206543
11302,-12.27706241607666,-4.461991786956787
11303,1.1274534463882446,1.113370656967163
11304,-8.773272514343262,-7.269210338592529
11305,-3.011289119720459,8.688200950622559
11306,0.4709656536579132,-1.83624267578125
11307,-16.64159393310547,-0.11835522204637527
11308,1.0905590057373047,-0.8587198853492737
11309,0.9139117002487183,-1.3040308952331543
11310,1.2772715091705322,0.35414940118789673
11311,-9.793142318725586,-4.972231388092041
11312,-1.3598387241363525,2.6420626640319824
11313,0.3269001841545105,-2.7848525047302246
11314,0.5004243850708008,-1.5764472484588623
11315,-0.7546533346176147,5.262535572052002
11316,-1.3263285160064697,0.16280460357666016
11317,0.8119699954986572,1.691413402557373
11318,8.91741943359375,7.139336109161377
11319,-5.959922790527344,7.193857669830322
11320,-2.501720905303955,-7.821314334869385
11321,6.308159351348877,-5.024546146392822
11322,-1.1220734119415283,4.846847057342529
11323,1.8256235122680664,-4.085755348205566
11324,-11.771995544433594,-11.021716117858887
11325,3.1861469745635986,0.3277754783630371
11326,-23.18990135192871,11.094216346740723
11327,0.36614975333213806,-1.57876455783844
11328,2.2233989238739014,3.9016847610473633
11329,-0.2945455014705658,-2.4374337196350098
11330,-3.9662392139434814,3.968573808670044
11331,4.273919582366943,4.8440775871276855
11332,-1.1703453063964844,0.01630581170320511
11333,2.544968843460083,-2.593644380569458
11334,-0.4897117018699646,-1.2738527059555054
11335,-13.340081214904785,8.11367130279541
11336,9.874896049499512,6.188221454620361
11337,-6.8431525230407715,-3.5838303565979004
11338,2.7303147315979004,-0.215999573469162
11339,7.398323059082031,-3.3530101776123047
11340,-6.371385097503662,7.746570587158203
11341,0.5063588619232178,-1.2228953838348389
11342,0.6637793779373169,-2.685894727706909
11343,-2.5362141132354736,-7.290925979614258
11344,3.19006609916687,4.421543121337891
11345,5.806600093841553,6.957514762878418
11346,-2.9144647121429443,4.6457438468933105
11347,-10.892102241516113,-4.1948771476745605
11348,1.8808300495147705,3.737354040145874
11349,-8.790371894836426,7.73668909072876
11350,6.902865886688232,-2.3404009342193604
11351,-8.582073211669922,13.08141803741455
11352,1.0267760753631592,-0.5912019610404968
11353,-6.361055374145508,9.989909172058105
11354,-1.6326099634170532,-7.45730447769165
11355,8.85197639465332,5.866827487945557
11356,10.078725814819336,-8.413670539855957
11357,-9.348424911499023,6.109524250030518
11358,4.136220932006836,-3.3492610454559326
11359,2.2058680057525635,-3.4905948638916016
11360,3.3676979541778564,4.898041248321533
11361,-3.1830246448516846,8.543980598449707
11362,8.023740768432617,3.1226933002471924
11363,-7.652232646942139,-7.28330659866333
11364,-0.4528052508831024,11.771924018859863
11365,6.598425388336182,2.010531425476074
11366,-0.509962797164917,16.15239715576172
11367,-16.600650787353516,-3.7248904705047607
11368,-36.05796813964844,5.467105388641357
11369,-17.64984703063965,-0.5753471255302429
11370,3.7806055545806885,0.8132866024971008
11371,-1.2417025566101074,7.5368332862854
11372,-2.498579263687134,-6.312983989715576
11373,0.16661503911018372,3.3830556869506836
11374,-0.47559306025505066,-0.8674803376197815
11375,-1.3769075870513916,0.38879716396331787
11376,-1.0344477891921997,2.0089285373687744
11377,-2.4582901000976562,11.83321762084961
11378,8.909095764160156,-9.165106773376465
11379,-0.09644320607185364,0.8798241019248962
11380,-24.982725143432617,1.8094714879989624
11381,-1.5071864128112793,8.156512260437012
11382,-1.0770105123519897,2.587984323501587
11383,-30.06640625,5.129252910614014
11384,0.15376833081245422,3.0787854194641113
11385,-14.130589485168457,7.905313968658447
11386,-3.5013678073883057,-10.202620506286621
11387,1.2735605239868164,-3.1821954250335693
11388,-0.08720675110816956,0.8004745244979858
11389,-2.596733570098877,1.47567617893219
11390,-2.026294469833374,-6.80839729309082
11391,-1.8637640476226807,-5.125478267669678
11392,12.773580551147461,-5.816650867462158
11393,1.571166753768921,-3.7499003410339355
11394,2.0877559185028076,-2.230712652206421
11395,1.2065746784210205,-1.634079933166504
11396,2.555346965789795,-2.7460386753082275
11397,-0.09349378943443298,0.9607401490211487
11398,-3.538722276687622,-7.107570171356201
11399,-15.36203384399414,-3.576336145401001
11400,1.755089282989502,-2.4170143604278564
11401,-2.4090416431427,-1.0395126342773438
11402,-0.7902289628982544,-3.531482458114624
11403,0.040132075548172,0.4895556569099426
11404,-9.276996612548828,1.3327336311340332
11405,7.033879280090332,6.85250186920166
11406,-1.4592589139938354,-4.094677448272705
11407,3.024822473526001,0.9148897528648376
11408,6.241998195648193,1.241264820098877
11409,-3.131021738052368,1.7279616594314575
11410,-2.293447494506836,11.104304313659668
11411,-2.824969530105591,0.8002734780311584
11412,0.6953651905059814,3.6026573181152344
11413,-3.3962059020996094,3.375023603439331
11414,-16.11051368713379,-7.483020305633545
11415,-17.803977966308594,10.159912109375
11416,1.595528483390808,1.7383451461791992
11417,-1.8159449100494385,-3.6506025791168213
11418,-3.4171142578125,9.783232688903809
11419,4.161202430725098,-5.989536762237549
11420,0.5447639226913452,-2.4059760570526123
11421,-2.584306001663208,-7.6682538986206055
11422,-1.4046382904052734,12.026118278503418
11423,6.904532432556152,-0.6976875066757202
11424,-2.1680233478546143,9.027717590332031
11425,-0.04607692360877991,0.6416968107223511
11426,9.905683517456055,-0.8803697228431702
11427,0.7373355627059937,-1.7712528705596924
11428,9.751524925231934,-7.171706676483154
11429,1.8564999103546143,2.7854831218719482
11430,7.791273593902588,-9.055608749389648
11431,-0.09829732775688171,6.04844331741333
11432,3.8029112815856934,4.619654178619385
11433,-2.1273348331451416,6.102895259857178
11434,-0.44345447421073914,16.47150993347168
11435,-1.1656817197799683,10.472771644592285
11436,-0.531293511390686,-3.4078097343444824
11437,4.1545023918151855,-3.5109760761260986
11438,-3.6680939197540283,-10.315116882324219
11439,1.3437751531600952,5.186007976531982
11440,7.653746128082275,6.311272144317627
11441,-2.704676866531372,-6.996546268463135
11442,-0.761404275894165,5.056660175323486
11443,7.943056583404541,-8.2482271194458
11444,-6.340353965759277,-2.515352487564087
11445,5.779921054840088,-2.6865341663360596
11446,7.768302917480469,-0.5146423578262329
11447,-1.8579254150390625,9.103365898132324
11448,5.533055305480957,14.994612693786621
11449,-1.035875916481018,0.31255751848220825
11450,0.6178644895553589,2.0858285427093506
11451,-20.321495056152344,7.43500280380249
11452,-2.4210734367370605,-7.201840877532959
11453,3.818531036376953,-5.277512073516846
11454,-4.381027698516846,-1.5350115299224854
11455,2.602421283721924,-2.6243772506713867
11456,9.585248947143555,7.138017654418945
11457,-1.6949676275253296,1.7982618808746338
11458,-4.330935001373291,-6.226022720336914
11459,3.8543169498443604,13.854357719421387
11460,5.529496669769287,-4.421731948852539
11461,-1.2144527435302734,14.3549222946167
11462,-15.788926124572754,-2.8672068119049072
11463,-9.519611358642578,-1.7830945253372192
11464,-9.41838264465332,-3.4015843868255615
11465,1.7002878189086914,12.861526489257812
11466,-14.476699829101562,-3.769146680831909
11467,-0.10813233256340027,0.9471494555473328
11468,-1.7996902465820312,5.400485515594482
11469,-2.745469093322754,-7.556079387664795
11470,9.133026123046875,-7.105710506439209
11471,-4.933254718780518,-8.993896484375
11472,-5.925044536590576,6.617269992828369
11473,-19.18477439880371,0.05497973412275314
11474,-4.33156681060791,4.823663234710693
11475,-26.914907455444336,11.026726722717285
11476,4.053121089935303,-1.7608904838562012
11477,-0.06703981757164001,2.8828072547912598
11478,5.037811279296875,0.7834879159927368
11479,1.2243072986602783,-1.66949462890625
11480,-23.39974021911621,9.478449821472168
11481,-2.405383825302124,-7.12665319442749
11482,2.946333646774292,4.360193252563477
11483,-5.854128360748291,-4.836633205413818
11484,0.5071462392807007,-1.563704490661621
11485,6.542593002319336,-5.250304222106934
11486,7.214758396148682,0.899580717086792
11487,0.948021650314331,-1.8772648572921753
11488,-0.2581261992454529,0.36411163210868835
11489,2.658900022506714,-0.4768408536911011
11490,1.883937120437622,-3.584312677383423
11491,8.465478897094727,-1.8060152530670166
11492,6.3240180015563965,-5.8004841804504395
11493,-22.060102462768555,10.04886531829834
11494,0.4857286512851715,1.4116175174713135
11495,1.1339768171310425,-2.0622146129608154
11496,0.41440609097480774,-1.1613768339157104
11497,8.235530853271484,6.874971389770508
11498,4.777975559234619,-0.3517933487892151
11499,0.8524619340896606,-1.3190985918045044
11500,1.0618618726730347,-1.3309611082077026
11501,-12.416259765625,9.429156303405762
11502,-3.4087703227996826,-8.652284622192383
11503,-11.181354522705078,-2.830782175064087
11504,5.597153663635254,5.598735332489014
11505,-15.187870025634766,-1.8411195278167725
11506,-19.58249855041504,10.226119041442871
11507,-0.320732980966568,1.2938129901885986
11508,1.1656986474990845,0.908912718296051
11509,-1.872431993484497,9.121359825134277
11510,-15.653350830078125,8.416141510009766
11511,6.570797443389893,-1.675536870956421
11512,6.718378067016602,-9.055994033813477
11513,-9.210332870483398,5.743803024291992
11514,0.3377552330493927,0.2721861004829407
11515,-4.734622478485107,-4.687711238861084
11516,-4.26298189163208,-7.562561511993408
11517,-13.409435272216797,-4.855806827545166
11518,2.1174402236938477,4.2760844230651855
11519,0.5373762845993042,-1.6834365129470825
11520,1.2958766222000122,0.5948877334594727
11521,2.9025156497955322,-5.117316722869873
11522,-3.9607810974121094,-0.5689664483070374
11523,2.9297447204589844,-2.895700693130493
11524,-6.383467197418213,5.239009380340576
11525,8.336370468139648,6.673948764801025
11526,6.161566257476807,0.6283906102180481
11527,3.19126033782959,0.37675854563713074
11528,-6.036706924438477,-8.837628364562988
11529,-14.209661483764648,-7.274048805236816
11530,-0.05758371949195862,0.741457998752594
11531,0.7877527475357056,1.0584776401519775
11532,1.1923377513885498,0.7758453488349915
11533,-1.5653488636016846,6.672728061676025
11534,2.98805832862854,-6.093389511108398
11535,0.481904536485672,1.4343022108078003
11536,1.2129958868026733,-0.6070218086242676
11537,0.04939964413642883,-0.16357022523880005
11538,6.055668354034424,6.202342510223389
11539,-1.5826661586761475,11.909117698669434
11540,1.3488119840621948,-0.09671381860971451
11541,0.08285236358642578,-0.8869633674621582
11542,0.7836612462997437,3.265881299972534
11543,-5.679594039916992,-3.2484076023101807
11544,5.047074794769287,2.202578544616699
11545,1.2956361770629883,-4.1239728927612305
11546,-5.246505260467529,-8.2044038772583
11547,3.6757304668426514,-4.2161126136779785
11548,4.459155082702637,-6.980943202972412
11549,-9.838248252868652,-7.252114295959473
11550,0.8498591184616089,-3.340664863586426
11551,-0.47266271710395813,2.5875332355499268
11552,7.554586410522461,6.523440361022949
11553,-8.30235481262207,-3.2761170864105225
11554,5.8554158210754395,-0.6613093018531799
11555,1.9630210399627686,-0.7873634696006775
11556,8.500511169433594,5.189034461975098
11557,1.7629790306091309,-1.8584043979644775
11558,-8.774662971496582,-8.720725059509277
11559,6.5788493156433105,-3.8968522548675537
11560,6.369307041168213,-7.664700031280518
11561,7.540374279022217,-1.1710395812988281
11562,9.528514862060547,2.8029096126556396
11563,0.7746995687484741,4.138376235961914
11564,-5.293852806091309,-8.549386024475098
11565,0.6033753156661987,-3.655982494354248
11566,1.162439227104187,15.41734504699707
11567,-1.8853890895843506,-8.324213027954102
11568,-14.422542572021484,-7.255218982696533
11569,-1.7430424690246582,-5.037842273712158
11570,-35.56663131713867,6.789634704589844
11571,-3.063126802444458,1.920842170715332
11572,2.8081555366516113,-2.5593836307525635
11573,-1.506514549255371,-3.9771745204925537
11574,-0.040416210889816284,1.4878058433532715
11575,-24.191370010375977,-0.7713061571121216
11576,3.339865207672119,-5.021385669708252
11577,0.4983408749103546,1.2097680568695068
11578,-8.934074401855469,8.81115436553955
11579,9.88724422454834,5.889110565185547
11580,-9.721210479736328,-4.406473636627197
11581,-0.7759684324264526,4.63929557800293
11582,0.4336164891719818,-1.0136563777923584
11583,-20.895401000976562,5.28483247756958
11584,-9.515218734741211,-6.488154888153076
11585,1.6330978870391846,-0.2667011618614197
11586,1.149901270866394,0.6625198125839233
11587,-4.766348838806152,-4.2456817626953125
11588,-2.4412434101104736,2.483020544052124
11589,-2.5595481395721436,-9.20486068725586
11590,-3.1395270824432373,2.907515525817871
11591,-15.799945831298828,1.9291107654571533
11592,-2.0982143878936768,-9.615132331848145
11593,10.38232707977295,7.035178184509277
11594,-1.2284095287322998,5.323549747467041
11595,-1.9274553060531616,-5.594240665435791
11596,5.306623458862305,-0.15718793869018555
11597,0.6466100215911865,-4.460258483886719
11598,0.16903862357139587,-1.5227055549621582
11599,-17.676820755004883,-5.9067182540893555
11600,-3.157453775405884,-7.396124362945557
11601,-13.638851165771484,4.81587553024292
11602,0.577601432800293,-2.009012222290039
11603,-10.231298446655273,-6.035003185272217
11604,10.521957397460938,4.8266777992248535
11605,-1.5943859815597534,10.318109512329102
11606,9.997154235839844,-8.510900497436523
11607,1.2871713638305664,-1.3982441425323486
11608,-3.221630811691284,-7.713864803314209
11609,3.535015821456909,13.25435733795166
11610,2.9024240970611572,4.195130825042725
11611,1.537203311920166,1.5675525665283203
11612,-13.520671844482422,-5.0079264640808105
11613,-15.50368881225586,-8.762242317199707
11614,-1.0227800607681274,-0.5074073672294617
11615,6.284656047821045,6.529702663421631
11616,0.7189421653747559,-2.6119728088378906
11617,-19.274337768554688,8.919102668762207
11618,-1.759662389755249,5.170612812042236
11619,-1.8242887258529663,-4.388490200042725
11620,-12.342355728149414,-5.24232292175293
11621,3.390125274658203,-3.9103047847747803
11622,-27.96333122253418,1.5655977725982666
11623,-15.975152969360352,-1.1885477304458618
11624,4.3339524269104,13.855971336364746
11625,4.690708637237549,-4.292906284332275
11626,-1.946220874786377,9.98698902130127
11627,0.2672197222709656,-1.0272902250289917
11628,-1.747612714767456,12.472912788391113
11629,-2.6019785404205322,-8.876605033874512
11630,-6.529908180236816,-2.213399887084961
11631,1.2684500217437744,1.276429533958435
11632,-0.007930129766464233,3.2461373805999756
11633,0.4948366582393646,-1.1837718486785889
11634,-3.8323488235473633,3.4885427951812744
11635,-5.832844257354736,-4.975562572479248
11636,8.39705753326416,-6.607919692993164
11637,-22.936939239501953,6.728481292724609
11638,-1.0237253904342651,-2.49283766746521
11639,-0.35830816626548767,12.787379264831543
11640,5.761532306671143,0.5816196799278259
11641,-0.1715886890888214,1.2565840482711792
11642,-34.05082321166992,4.9889726638793945
11643,5.1871466636657715,1.602452278137207
11644,6.161027431488037,0.10927050560712814
11645,-9.632696151733398,-4.827896595001221
11646,-2.8622260093688965,6.452412128448486
11647,-10.557528495788574,5.832045078277588
11648,-0.38869234919548035,13.263701438903809
11649,-2.42897629737854,-0.5784127712249756
11650,-13.338020324707031,-3.9653828144073486
11651,3.6358649730682373,4.873661994934082
11652,-5.478483200073242,-7.085423946380615
11653,2.3900582790374756,-1.9889763593673706
11654,-1.6221157312393188,8.077289581298828
11655,-20.266698837280273,-0.6668298840522766
11656,5.884779453277588,-0.8650602698326111
11657,-2.6760616302490234,-8.279352188110352
11658,1.3988209962844849,-1.2150092124938965
11659,-9.530889511108398,-9.734130859375
11660,-27.101884841918945,1.5590646266937256
11661,1.2448022365570068,-0.6707399487495422
11662,5.006353855133057,0.28409498929977417
11663,-3.959709405899048,-2.823897361755371
11664,-2.5143346786499023,-5.561736583709717
11665,-0.29748329520225525,1.5954029560089111
11666,-0.9838113784790039,7.604057788848877
11667,-1.0641562938690186,4.266035556793213
11668,-3.779083013534546,4.518835544586182
11669,2.9026758670806885,1.904135823249817
11670,-2.4645795822143555,-6.357473850250244
11671,-0.075229212641716,-2.780956983566284
11672,1.181990385055542,3.018678903579712
11673,0.937904953956604,-1.4912980794906616
11674,-28.031755447387695,6.985790729522705
11675,-7.027651786804199,8.528663635253906
11676,11.741827964782715,7.4705586433410645
11677,-1.1311607360839844,-0.8468903303146362
11678,-30.0017032623291,3.094252347946167
11679,2.129725217819214,17.07219123840332
11680,-3.5107595920562744,-7.60307502746582
11681,-9.686064720153809,1.767465353012085
11682,-4.023923397064209,-10.290576934814453
11683,-1.4677414894104004,8.621928215026855
11684,0.7282694578170776,-1.3528791666030884
11685,-2.3524532318115234,-7.71351957321167
11686,-5.392587184906006,5.501565456390381
11687,-2.413071632385254,9.39638614654541
11688,9.145820617675781,5.743894100189209
11689,1.5752477645874023,11.34333324432373
11690,-2.4230761528015137,-7.931368827819824
11691,5.773558616638184,10.361576080322266
11692,2.09314227104187,0.1497519612312317
11693,6.327121257781982,-5.481838703155518
11694,0.1726842224597931,3.219501495361328
11695,0.4771808683872223,-2.1813931465148926
11696,-1.5404161214828491,10.486920356750488
11697,9.774971008300781,6.126916885375977
11698,1.0082045793533325,-1.5104835033416748
11699,-3.5837347507476807,0.3134065270423889
11700,0.21258479356765747,-1.5975868701934814
11701,7.91042947769165,6.577276229858398
11702,-2.672294855117798,8.717894554138184
11703,-11.30237102508545,-7.5812458992004395
11704,-3.7361085414886475,12.465007781982422
11705,-8.86825942993164,4.6564531326293945
11706,-2.1064300537109375,6.396420001983643
11707,-2.098714590072632,-5.402926921844482
11708,5.862716197967529,-4.094870567321777
11709,8.672195434570312,-1.8891371488571167
11710,4.490981101989746,4.080160140991211
11711,-1.738917350769043,15.859288215637207
11712,5.596515655517578,-4.162643909454346
11713,4.238176345825195,2.110869884490967
11714,-15.770280838012695,-10.83791446685791
11715,-1.7769267559051514,1.1849632263183594
11716,-3.186478853225708,-4.064251899719238
11717,-3.142306089401245,3.4745023250579834
11718,8.755438804626465,2.0400824546813965
11719,1.019658088684082,-1.2325541973114014
11720,3.3060696125030518,4.410562038421631
11721,1.6699742078781128,-3.4942662715911865
11722,-16.365440368652344,-1.7270643711090088
11723,-7.707584857940674,-7.162349224090576
11724,8.187593460083008,-3.5162227153778076
11725,-0.9665908813476562,-0.41188374161720276
11726,0.0012326538562774658,5.941409587860107
11727,3.0361502170562744,0.5358114242553711
11728,-0.060909777879714966,0.2500225007534027
11729,-10.069025039672852,6.393504619598389
11730,3.44635009765625,-3.1293838024139404
11731,8.345173835754395,2.0229501724243164
11732,7.86069917678833,-1.3422273397445679
11733,0.3793404996395111,-2.538313627243042
11734,-29.383718490600586,3.0847814083099365
11735,-1.1593031883239746,1.2718799114227295
11736,4.810852527618408,-1.127288579940796
11737,1.6147890090942383,-4.745706081390381
11738,4.735264301300049,-3.910802125930786
11739,-2.14565110206604,1.041237235069275
11740,4.53269624710083,-3.204465866088867
11741,2.709185838699341,-0.8871352076530457
11742,6.873730182647705,1.209470272064209
11743,-4.435624599456787,3.970212697982788
11744,-0.940123438835144,1.387073040008545
11745,10.195636749267578,5.910380840301514
11746,-27.713869094848633,9.414698600769043
11747,-11.635652542114258,-12.547709465026855
11748,1.224403738975525,-1.3019258975982666
11749,-18.934396743774414,-5.7625346183776855
11750,-24.905662536621094,10.482914924621582
11751,6.917999744415283,-5.09324312210083
11752,-14.270602226257324,5.954989910125732
11753,-9.6396484375,5.703810214996338
11754,3.398139238357544,-2.776808261871338
11755,3.1338603496551514,4.645058631896973
11756,0.12144190073013306,-1.4656988382339478
11757,1.3994348049163818,3.551440477371216
11758,-6.8535475730896,-3.7878897190093994
11759,-0.42800334095954895,1.0977481603622437
11760,4.781793117523193,-0.23572438955307007
11761,2.625659704208374,4.08793306350708
11762,10.908952713012695,5.063440322875977
11763,-0.171318918466568,0.8032006621360779
11764,-6.12507963180542,7.265750885009766
11765,-4.667561054229736,4.38407039642334
11766,-0.06026819348335266,0.8925578594207764
11767,5.81221866607666,-1.7388906478881836
11768,1.0648603439331055,-1.6438775062561035
11769,-1.8704369068145752,9.506213188171387
11770,6.749068737030029,6.607994079589844
11771,-0.37260591983795166,-1.0073027610778809
11772,-16.707422256469727,9.58689022064209
11773,3.5876858234405518,-0.25312772393226624
11774,9.898078918457031,3.126474618911743
11775,-15.985759735107422,0.10914092510938644
11776,6.039032936096191,1.579756736755371
11777,1.2889924049377441,3.465515613555908
11778,6.192361354827881,0.7894582152366638
11779,2.234347343444824,-1.6778857707977295
11780,7.270748615264893,-6.425778865814209
11781,-1.918900728225708,-5.882412910461426
11782,-18.054170608520508,6.377337455749512
11783,13.808046340942383,-1.7419341802597046
11784,0.6694159507751465,-1.2772350311279297
11785,-17.474653244018555,9.607768058776855
11786,8.120285034179688,-8.763423919677734
11787,2.596595048904419,-1.8969426155090332
11788,7.835922718048096,6.225534915924072
11789,-4.59818696975708,4.047676086425781
11790,-3.30521559715271,-7.413152694702148
11791,8.275835037231445,-4.139016628265381
11792,4.484846115112305,9.386932373046875
11793,9.459630966186523,-0.15350764989852905
11794,1.1589831113815308,-1.345207929611206
11795,-4.936721324920654,-2.548130989074707
11796,-0.9265412092208862,0.7706905007362366
11797,-0.9179940223693848,-1.843435287475586
11798,-2.9832141399383545,14.08931827545166
11799,0.7444756031036377,1.3575029373168945
11800,0.2139853537082672,1.9359352588653564
11801,1.0589196681976318,3.9594781398773193
11802,-7.964834690093994,-7.754679203033447
11803,5.1312255859375,-5.075910568237305
11804,-23.614517211914062,8.179023742675781
11805,-6.450395107269287,5.8105387687683105
11806,4.087244987487793,-1.4451613426208496
11807,-3.8088557720184326,8.188959121704102
11808,8.527328491210938,5.16941499710083
11809,-1.8276816606521606,11.806500434875488
11810,1.0081889629364014,4.603643894195557
11811,-3.3589892387390137,-2.4015085697174072
11812,-10.009071350097656,-4.890570640563965
11813,11.830967903137207,-1.1888034343719482
11814,4.7065863609313965,12.234244346618652
11815,6.373855113983154,1.4998111724853516
11816,-5.35956335067749,-2.391019582748413
11817,0.7474437952041626,4.039883136749268
11818,3.77128529548645,-2.4038596153259277
11819,-18.347776412963867,-6.835052013397217
11820,-5.832317352294922,-3.629499673843384
11821,9.89445972442627,3.7830560207366943
11822,3.0665040016174316,11.898369789123535
11823,-0.06409463286399841,0.7922249436378479
11824,1.2517598867416382,-2.9224727153778076
11825,6.777973175048828,1.1336328983306885
11826,-6.86723518371582,-5.433067798614502
11827,-2.1084046363830566,9.330021858215332
11828,1.9523417949676514,-0.9582256078720093
11829,-0.013469308614730835,0.5578835606575012
11830,4.420032501220703,5.47335147857666
11831,-2.769853115081787,-5.088738441467285
11832,2.5433757305145264,-3.3703672885894775
11833,3.972017526626587,-2.907288074493408
11834,-0.9944185018539429,5.641442775726318
11835,-6.603744029998779,9.313943862915039
11836,9.483331680297852,4.576940059661865
11837,-2.243854522705078,-2.114072561264038
11838,7.598094463348389,-4.407962322235107
11839,-5.79646635055542,-2.8901426792144775
11840,5.426966667175293,2.906177282333374
11841,3.5910580158233643,0.40925851464271545
11842,1.0343855619430542,-1.9140448570251465
11843,5.306821823120117,12.797208786010742
11844,9.849462509155273,4.768850326538086
11845,-1.475071668624878,11.675249099731445
11846,2.930535078048706,2.2956130504608154
11847,0.5086714029312134,-2.0724833011627197
11848,4.036196231842041,0.20286321640014648
11849,10.454265594482422,7.285945415496826
11850,-12.903495788574219,5.341638088226318
11851,2.1809418201446533,-1.9199731349945068
11852,4.008497714996338,-2.2992143630981445
11853,3.7220144271850586,-5.635199069976807
11854,0.09091499447822571,2.706770181655884
11855,7.835842132568359,-3.864184856414795
11856,-8.521785736083984,-2.0268280506134033
11857,-1.0824061632156372,4.726108551025391
11858,-1.9015491008758545,0.10712363570928574
11859,-4.534182548522949,5.076251029968262
11860,3.3228135108947754,-0.07621929794549942
11861,-3.2389562129974365,2.909491777420044
11862,9.885303497314453,-5.092098712921143
11863,2.049896240234375,-1.8375778198242188
11864,3.232881784439087,-3.5027072429656982
11865,0.8013900518417358,1.1799025535583496
11866,-3.2279179096221924,1.279097557067871
11867,2.5881717205047607,3.9014713764190674
11868,-10.539670944213867,6.358161449432373
11869,3.705629587173462,4.450862407684326
11870,-0.6691300868988037,1.5764975547790527
11871,-5.06856632232666,8.432185173034668
11872,3.656797170639038,14.70877742767334
11873,0.46797969937324524,-2.5217678546905518
11874,-1.2750916481018066,-4.166159152984619
11875,0.6179715394973755,-1.2790757417678833
11876,-13.4587984085083,8.495369911193848
11877,-5.366893291473389,4.852867603302002
11878,-7.10707426071167,-7.357287883758545
11879,4.067004680633545,14.534768104553223
11880,-2.79062819480896,4.874660015106201
11881,-5.797538757324219,-11.644622802734375
11882,-11.056209564208984,-3.794182538986206
11883,-1.4855525493621826,0.3181137442588806
11884,0.6318359375,-2.078944444656372
11885,2.1489198207855225,-2.4017298221588135
11886,-0.36311838030815125,5.849808216094971
11887,-5.070075511932373,5.340180397033691
11888,-5.586044788360596,-4.778759002685547
11889,-14.034976959228516,-3.28869891166687
11890,-2.6337101459503174,-5.789584159851074
11891,0.8707191944122314,9.994799613952637
11892,3.008373498916626,-2.321185827255249
11893,0.061128661036491394,-1.1553524732589722
11894,5.635581016540527,1.7991394996643066
11895,-6.145455360412598,-6.741963863372803
11896,-1.4996100664138794,-7.728537082672119
11897,-3.3989431858062744,11.370891571044922
11898,1.048329472541809,-2.5261881351470947
11899,0.4069412052631378,-2.0727410316467285
11900,-1.0154515504837036,-0.07421035319566727
11901,8.03501033782959,-7.759352207183838
11902,-6.909476280212402,-0.6834242939949036
11903,-1.7250758409500122,4.612454414367676
11904,-3.9514236450195312,-8.472012519836426
11905,0.5206356048583984,2.366828203201294
11906,-2.891814947128296,9.501593589782715
11907,-12.32300853729248,-8.48687744140625
11908,-4.493119716644287,3.3682332038879395
11909,4.791723251342773,0.38039645552635193
11910,4.648478031158447,-2.2216782569885254
11911,-1.013880729675293,8.434496879577637
11912,6.937851905822754,-1.274717092514038
11913,-15.306644439697266,6.308298110961914
11914,5.201033115386963,6.034438133239746
11915,1.244889497756958,-1.539126992225647
11916,1.0091065168380737,-2.9913041591644287
11917,3.756761312484741,-3.789585828781128
11918,5.309109687805176,-3.7796883583068848
11919,8.128503799438477,2.583315849304199
11920,-12.92968463897705,-11.623686790466309
11921,0.6968158483505249,-1.3773338794708252
11922,1.0626986026763916,1.1380984783172607
11923,-0.30672749876976013,4.3215012550354
11924,7.500061988830566,-7.775351047515869
11925,1.3064336776733398,-0.36504340171813965
11926,-2.384925603866577,10.656777381896973
11927,-5.121073246002197,5.658622741699219
11928,0.09018495678901672,2.3940889835357666
11929,6.286858081817627,13.21961784362793
11930,2.782254934310913,-4.760744094848633
11931,0.030454248189926147,0.3993580937385559
11932,4.34204626083374,4.742086410522461
11933,-1.3706326484680176,1.8191375732421875
11934,-0.22972622513771057,1.0922293663024902
11935,-1.4487112760543823,12.42923641204834
11936,5.919190883636475,13.490921974182129
11937,-12.150449752807617,7.691093921661377
11938,9.987078666687012,4.2756667137146
11939,4.772657871246338,1.495015025138855
11940,-9.678360939025879,-4.2872395515441895
11941,0.554323673248291,-0.05210909992456436
11942,3.7335896492004395,7.214707374572754
11943,0.06905871629714966,-1.440364122390747
11944,-1.4243385791778564,-0.9466791749000549
11945,-7.412681579589844,-0.5259957313537598
11946,-25.65345573425293,5.938105583190918
11947,-30.803974151611328,3.2631261348724365
11948,-2.8499844074249268,1.9893145561218262
11949,-0.9271973371505737,0.5601993203163147
11950,-2.1429293155670166,9.652754783630371
11951,0.20017358660697937,0.22637391090393066
11952,-1.8423246145248413,-3.92478084564209
11953,5.725246906280518,0.4129844605922699
11954,1.4138975143432617,-3.791093587875366
11955,-20.205835342407227,9.633421897888184
11956,4.011204719543457,0.8286014199256897
11957,-2.55462908744812,1.4335752725601196
11958,3.1808998584747314,2.431354284286499
11959,0.16079404950141907,15.3678617477417
11960,1.394637942314148,0.4919021725654602
11961,2.900571823120117,-0.2893702983856201
11962,6.789271831512451,-5.25997257232666
11963,-0.8089826107025146,15.563309669494629
11964,-3.063218593597412,-8.10185718536377
11965,0.028531640768051147,0.4902101159095764
11966,-3.1828219890594482,-10.014542579650879
11967,-3.850630760192871,-1.1216347217559814
11968,4.868904113769531,-1.4670493602752686
11969,-1.682714819908142,-4.954090118408203
11970,-1.5935231447219849,-5.683291912078857
11971,1.2374906539916992,-0.06897098571062088
11972,0.40333232283592224,-1.9180450439453125
11973,0.40405943989753723,-1.1443767547607422
11974,8.835683822631836,-8.855968475341797
11975,-15.420680046081543,-2.363051176071167
11976,-1.973570704460144,-5.484254360198975
11977,3.7280309200286865,12.627226829528809
11978,6.315038681030273,-6.799579620361328
11979,1.2140734195709229,4.361542224884033
11980,-8.711651802062988,-10.21912670135498
11981,2.1220500469207764,1.2092552185058594
11982,-2.608741283416748,-7.015577793121338
11983,5.557133197784424,-0.97489994764328
11984,1.3347413539886475,-0.15745720267295837
11985,-2.5580875873565674,4.415665149688721
11986,-1.2651715278625488,8.077754974365234
11987,7.606537342071533,5.953381061553955
11988,4.177510738372803,5.027283191680908
11989,-1.4525060653686523,10.305407524108887
11990,4.131414890289307,12.943663597106934
11991,-11.015544891357422,0.13530826568603516
11992,2.8129096031188965,-1.5310873985290527
11993,1.0969667434692383,-1.1222375631332397
11994,3.3883109092712402,4.961519241333008
11995,0.5647785663604736,-1.367478847503662
11996,6.529126167297363,12.392815589904785
11997,-11.792927742004395,1.9235098361968994
11998,-1.8201028108596802,7.923538684844971
11999,-0.05954277515411377,-2.695286750793457
12000,-13.969054222106934,9.244085311889648
12001,6.246992588043213,-5.466500759124756
12002,6.473597049713135,-5.271328449249268
12003,1.1376285552978516,-0.9924193024635315
12004,-0.6853432655334473,-4.21010160446167
12005,-1.8568382263183594,-3.2573981285095215
12006,2.811920166015625,-1.2212843894958496
12007,-9.8099946975708,-4.757322788238525
12008,-6.112551212310791,-5.440186023712158
12009,-2.500182628631592,-5.814651966094971
12010,0.10489627718925476,0.5380640625953674
12011,0.13215461373329163,3.8111178874969482
12012,-1.1261816024780273,5.77540922164917
12013,-2.2106516361236572,-7.343929290771484
12014,7.739468097686768,6.670814514160156
12015,2.8106935024261475,-3.8864996433258057
12016,-1.2656195163726807,9.282092094421387
12017,11.767678260803223,7.619080066680908
12018,2.7372324466705322,1.0823917388916016
12019,-4.359485626220703,7.114015102386475
12020,-2.7886781692504883,-6.252797603607178
12021,10.383745193481445,5.421180248260498
12022,0.6856707334518433,-2.2693448066711426
12023,10.280061721801758,5.008893966674805
12024,-10.403701782226562,-4.022993564605713
12025,-1.4443743228912354,6.927254676818848
12026,3.8529436588287354,7.061816692352295
12027,4.516422271728516,0.39853858947753906
12028,-3.189756155014038,3.070446729660034
12029,1.9112532138824463,-2.9499127864837646
12030,-5.039178371429443,6.655357837677002
12031,-4.224643230438232,-3.5078208446502686
12032,1.8494393825531006,2.5197784900665283
12033,-2.7497856616973877,8.411540985107422
12034,-2.030580997467041,9.593299865722656
12035,-9.485468864440918,5.997152805328369
12036,0.4523446261882782,0.9389458298683167
12037,5.300042629241943,-5.359333515167236
12038,-17.264625549316406,-6.096573352813721
12039,-8.096139907836914,-7.151318073272705
12040,-2.126973867416382,9.226024627685547
12041,-20.73011589050293,-1.0569767951965332
12042,7.057020664215088,1.227550745010376
12043,7.702986240386963,-7.982668399810791
12044,0.5366957187652588,-2.0685713291168213
12045,6.7459492683410645,0.047452978789806366
12046,-3.757519006729126,-9.2498140335083
12047,-2.071943759918213,-8.209615707397461
12048,0.311941534280777,0.9688184857368469
12049,1.0412977933883667,1.2139248847961426
12050,-3.6771697998046875,3.1935923099517822
12051,8.136768341064453,4.236748695373535
12052,-2.0921900272369385,-4.430509090423584
12053,0.7339223623275757,1.2308979034423828
12054,-1.6867080926895142,-7.341607570648193
12055,2.3456478118896484,-2.4393393993377686
12056,-17.784820556640625,1.0568104982376099
12057,-1.7786717414855957,-4.3508687019348145
12058,-8.893749237060547,-8.864684104919434
12059,-4.791430950164795,-5.26954984664917
12060,1.4869123697280884,0.5309711694717407
12061,-7.139749050140381,-3.101921558380127
12062,5.844619274139404,1.7670429944992065
12063,-2.462905168533325,10.053046226501465
12064,0.7521073818206787,1.886878252029419
12065,5.801177501678467,-6.062382221221924
12066,3.7807352542877197,-3.085447072982788
12067,-14.672887802124023,1.6810753345489502
12068,-4.596688747406006,-3.341747999191284
12069,7.731969356536865,-6.297741413116455
12070,0.47513291239738464,-1.190093994140625
12071,-1.5814635753631592,9.985175132751465
12072,-4.390748023986816,3.5916688442230225
12073,-0.6602951288223267,1.6662442684173584
12074,4.792298793792725,5.335240840911865
12075,3.405543565750122,-5.3954691886901855
12076,-5.896921634674072,8.10462474822998
12077,-0.5536403656005859,14.2745361328125
12078,-3.082862615585327,-7.913353443145752
12079,-4.834996700286865,-8.015863418579102
12080,6.825045108795166,-6.344653606414795
12081,1.3136045932769775,4.935403823852539
12082,-0.3703080117702484,7.297463893890381
12083,-2.160869598388672,6.646610260009766
12084,-0.9452414512634277,5.521584987640381
12085,-4.0000128746032715,4.099997520446777
12086,-10.416110038757324,4.79197883605957
12087,2.8445987701416016,0.4256759583950043
12088,-15.077056884765625,9.89539909362793
12089,-5.937631130218506,-3.62064528465271
12090,7.652358055114746,-4.056010723114014
12091,0.43047013878822327,1.3431241512298584
12092,-1.3444807529449463,10.606233596801758
12093,9.462014198303223,-3.252807378768921
12094,-0.2342728078365326,1.4525362253189087
12095,3.806502342224121,-3.1362075805664062
12096,7.144073963165283,-1.2924747467041016
12097,3.1282129287719727,0.37721168994903564
12098,-3.2933526039123535,10.615168571472168
12099,-3.9850451946258545,2.672112226486206
12100,-1.2409839630126953,12.162325859069824
12101,1.7980012893676758,-2.674999475479126
12102,1.0054646730422974,8.9044828414917
12103,0.7264281511306763,-2.5776076316833496
12104,-5.2158122062683105,-0.377145379781723
12105,3.379279375076294,14.624025344848633
12106,-2.4973387718200684,-5.0296807289123535
12107,-21.373876571655273,-1.3887176513671875
12108,5.977860450744629,-6.518926620483398
12109,7.085531711578369,-7.010854244232178
12110,-6.382912635803223,-10.695817947387695
12111,0.6155208349227905,-2.2957615852355957
12112,1.385614037513733,0.4966694116592407
12113,6.757786273956299,-5.6479973793029785
12114,-3.6117827892303467,-9.540911674499512
12115,-8.1607666015625,7.7466511726379395
12116,5.526289939880371,10.577208518981934
12117,7.336031913757324,5.7838335037231445
12118,0.6107581853866577,0.597959041595459
12119,-1.1281203031539917,3.877289056777954
12120,-14.462778091430664,-4.329300403594971
12121,-2.1187734603881836,-3.808727979660034
12122,-17.90322494506836,-2.307359218597412
12123,2.5168497562408447,3.1587231159210205
12124,-2.7126119136810303,0.6653281450271606
12125,9.220273971557617,5.917151927947998
12126,-2.4180867671966553,-5.772586822509766
12127,2.052945137023926,3.6751744747161865
12128,-12.645914077758789,8.784886360168457
12129,2.1917998790740967,-0.3997686505317688
12130,-10.554939270019531,0.6960556507110596
12131,5.937334060668945,3.7135941982269287
12132,-0.5013637542724609,-0.3488043546676636
12133,8.981978416442871,5.776260852813721
12134,-13.592153549194336,1.1867765188217163
12135,4.224250316619873,1.7921010255813599
12136,-0.426972359418869,11.413381576538086
12137,1.2782833576202393,-3.5835838317871094
12138,-0.10057812184095383,-2.4139294624328613
12139,0.63295578956604,0.7388759255409241
12140,-1.4628769159317017,-2.391515016555786
12141,-5.881624221801758,-6.846127986907959
12142,3.270871877670288,4.605249881744385
12143,-4.238677024841309,-8.567350387573242
12144,0.8168565034866333,-0.8661324381828308
12145,-3.805854082107544,3.7940657138824463
12146,-4.37524938583374,-4.240575790405273
12147,-1.7759342193603516,12.818255424499512
12148,10.268115997314453,7.371676921844482
12149,1.7611021995544434,5.022144794464111
12150,-0.02156969904899597,0.6263856887817383
12151,-4.770017147064209,-8.13146686553955
12152,-24.575420379638672,0.5661119222640991
12153,-2.2132534980773926,-4.211182117462158
12154,-0.40842947363853455,0.8263728022575378
12155,6.671863079071045,-4.782919406890869
12156,9.606388092041016,-8.54060173034668
12157,0.7369499206542969,-3.1208436489105225
12158,-3.1307413578033447,0.533269464969635
12159,-2.25874924659729,10.075542449951172
12160,0.6058254241943359,-1.5507121086120605
12161,-4.281880855560303,3.450350046157837
12162,6.3998703956604,-1.656383752822876
12163,-1.790671944618225,9.025856971740723
12164,3.768488645553589,-2.4747166633605957
12165,4.787319660186768,-1.1212217807769775
12166,-2.304198741912842,8.083239555358887
12167,0.7606943845748901,1.7981348037719727
12168,0.20275798439979553,-0.2392006516456604
12169,0.5975677967071533,-2.2845211029052734
12170,-0.13532611727714539,2.4196691513061523
12171,-15.379302024841309,11.619952201843262
12172,-2.408622980117798,6.639124393463135
12173,4.4613847732543945,-3.7453463077545166
12174,4.032269477844238,-2.682184934616089
12175,-2.0307321548461914,12.7316255569458
12176,-1.5402575731277466,-7.107635021209717
12177,0.3054817020893097,-0.7910281419754028
12178,6.797341823577881,5.7501091957092285
12179,-0.024005979299545288,0.5867938995361328
12180,-33.52952194213867,1.9642131328582764
12181,-24.3757266998291,8.76747989654541
12182,-1.5123794078826904,8.601983070373535
12183,-10.974308967590332,-4.7355241775512695
12184,-0.8984525203704834,2.2352325916290283
12185,9.385152816772461,-8.074787139892578
12186,-12.376653671264648,-1.4383339881896973
12187,1.261831283569336,0.4232771396636963
12188,1.9900290966033936,9.664424896240234
12189,-2.342461585998535,-6.63164758682251
12190,6.667837619781494,5.847555637359619
12191,5.573657512664795,-4.06915807723999
12192,0.27334919571876526,-0.05391480773687363
12193,-4.2562079429626465,-7.044532299041748
12194,1.3066575527191162,-1.9366713762283325
12195,-0.2489285171031952,5.108321666717529
12196,0.528383731842041,-2.250295400619507
12197,8.590719223022461,2.9125962257385254
12198,7.403405666351318,1.8374958038330078
12199,-26.41075325012207,2.8053340911865234
12200,2.0148046016693115,-4.00130033493042
12201,-0.2083260715007782,0.25612175464630127
12202,-3.835460901260376,-10.007678985595703
12203,0.6544133424758911,-2.6274869441986084
12204,-1.8428698778152466,8.874720573425293
12205,-3.257305145263672,3.5017824172973633
12206,-9.335103988647461,3.6226632595062256
12207,-1.0141843557357788,-2.202009677886963
12208,-1.2558844089508057,7.466089248657227
12209,0.9489372968673706,3.9488656520843506
12210,-2.5263779163360596,12.444759368896484
12211,7.947149753570557,-0.8595307469367981
12212,-2.216949701309204,-8.508118629455566
12213,-2.6930854320526123,-6.301024913787842
12214,-16.058391571044922,-0.47311270236968994
12215,-1.5889626741409302,-5.998227596282959
12216,-1.0692496299743652,-2.249281167984009
12217,1.8648602962493896,16.00095558166504
12218,-0.8315746784210205,-0.007621832191944122
12219,0.9191082715988159,-2.537043333053589
12220,0.2304469347000122,-1.443411111831665
12221,-20.561918258666992,-0.5265377163887024
12222,1.3117945194244385,-3.5933375358581543
12223,-10.809633255004883,-5.1087799072265625
12224,2.5158350467681885,-0.18346884846687317
12225,-3.231727123260498,-7.463822841644287
12226,5.0352654457092285,12.990951538085938
12227,0.5490795373916626,-1.5093623399734497
12228,-1.9270563125610352,-4.3200764656066895
12229,0.6127541065216064,-2.070265769958496
12230,-0.12794837355613708,-1.2448118925094604
12231,-8.164970397949219,-8.288106918334961
12232,-2.236356735229492,-4.500607490539551
12233,4.9262776374816895,-6.441343784332275
12234,2.438072919845581,-2.737874746322632
12235,-1.8878612518310547,-3.6879358291625977
12236,-7.4924235343933105,7.567883014678955
12237,0.6523396968841553,-1.9057451486587524
12238,0.8247572183609009,-2.5677905082702637
12239,0.7638577222824097,-1.2985066175460815
12240,0.01335635781288147,0.4673309922218323
12241,0.2836485803127289,-0.6349629759788513
12242,-10.224477767944336,-5.560678958892822
12243,-3.7412912845611572,-6.159164905548096
12244,7.540353298187256,-0.44606834650039673
12245,8.162077903747559,-1.4335017204284668
12246,4.126296043395996,4.82301664352417
12247,-3.1102147102355957,-6.365328311920166
12248,2.505723714828491,-1.5334041118621826
12249,6.408614158630371,-7.844527721405029
12250,5.628454208374023,3.1750361919403076
12251,-1.932603359222412,3.0732476711273193
12252,-3.6634650230407715,-9.03487491607666
12253,-9.941299438476562,-9.850883483886719
12254,0.4594919979572296,1.291233777999878
12255,-0.7274659872055054,2.1967861652374268
12256,-7.226276397705078,8.033976554870605
12257,-2.438398599624634,-6.521979808807373
12258,-1.202493667602539,12.023455619812012
12259,-1.8297327756881714,5.207299709320068
12260,6.953458309173584,3.957096815109253
12261,-5.067807674407959,4.8830180168151855
12262,-1.9903292655944824,-4.967147350311279
12263,-1.9934076070785522,-4.709347248077393
12264,1.6168791055679321,-0.9204604029655457
12265,-4.040889263153076,3.8646814823150635
12266,-0.5444399118423462,0.25887835025787354
12267,4.093010902404785,1.1359889507293701
12268,9.979485511779785,5.0598602294921875
12269,8.537008285522461,-7.742814540863037
12270,-17.131303787231445,10.187409400939941
12271,5.521381855010986,5.671407222747803
12272,-4.068549633026123,-3.6430985927581787
12273,-1.946846842765808,10.076375007629395
12274,-0.02324172854423523,14.591863632202148
12275,3.5937607288360596,-4.215047836303711
12276,8.80074691772461,11.886919975280762
12277,1.6315112113952637,1.6843335628509521
12278,7.112761974334717,6.815720558166504
12279,-1.8976424932479858,10.657466888427734
12280,-12.792989730834961,-9.556696891784668
12281,-11.750627517700195,-11.095172882080078
12282,-1.8318748474121094,-5.960937976837158
12283,-20.38105583190918,-1.0565420389175415
12284,1.1869335174560547,0.12532055377960205
12285,-1.2621674537658691,4.716529369354248
12286,2.798353672027588,-4.842992782592773
12287,-19.65947914123535,8.777891159057617
12288,0.062354594469070435,4.256215572357178
12289,0.10242769122123718,-1.5807698965072632
12290,2.3671891689300537,16.086084365844727
12291,-6.365884780883789,6.370254993438721
12292,-1.1719448566436768,-1.3221118450164795
12293,0.6126868724822998,2.9604084491729736
12294,6.892017841339111,5.781950950622559
12295,-15.087753295898438,0.5580770969390869
12296,6.210119724273682,0.6531370878219604
12297,-10.805580139160156,3.1901700496673584
12298,2.728050470352173,2.4771568775177
12299,-2.268106460571289,-0.3202017545700073
12300,0.33902302384376526,-0.37786874175071716
12301,3.7382843494415283,11.13969898223877
12302,-29.153039932250977,11.894927978515625
12303,-4.235656261444092,3.1146795749664307
12304,0.5464646816253662,-1.0672422647476196
12305,1.1058917045593262,-0.6694567799568176
12306,13.658635139465332,-4.194899082183838
12307,3.4626901149749756,4.416174411773682
12308,-3.913785934448242,-7.374001502990723
12309,6.584919452667236,-2.8564703464508057
12310,3.1220338344573975,-3.5032730102539062
12311,0.553808331489563,-1.642894983291626
12312,-9.354354858398438,-7.084758281707764
12313,-6.227855205535889,5.811515808105469
12314,-7.42339563369751,-9.51337718963623
12315,11.49867057800293,6.538303852081299
12316,-0.3197854459285736,4.196029186248779
12317,1.502994179725647,-2.893888235092163
12318,-5.383617877960205,-10.291213035583496
12319,-2.4354894161224365,-5.533611297607422
12320,0.5884937047958374,-1.9487559795379639
12321,-0.16946658492088318,1.2392034530639648
12322,-4.463359832763672,5.76099157333374
12323,-3.946378231048584,-7.65277624130249
12324,1.3679323196411133,3.029711961746216
12325,1.2673070430755615,-0.6232524514198303
12326,-1.8460776805877686,-2.871973752975464
12327,2.6804075241088867,3.975163221359253
12328,-1.5169976949691772,11.935815811157227
12329,-11.411399841308594,-0.5537240505218506
12330,-38.19932174682617,5.402179718017578
12331,-2.9551849365234375,-9.264657974243164
12332,-3.5327799320220947,-7.300267696380615
12333,5.230001449584961,11.46439266204834
12334,-1.359001636505127,8.99510383605957
12335,-13.319328308105469,-5.531085014343262
12336,5.929278373718262,-6.487742900848389
12337,-1.183639645576477,5.150749683380127
12338,1.38968825340271,0.00894244760274887
12339,6.698232173919678,2.070136785507202
12340,-3.1546239852905273,-7.064058780670166
12341,6.585183143615723,-7.72332763671875
12342,2.6075727939605713,-2.852128267288208
12343,-20.930326461791992,2.714345693588257
12344,-13.354951858520508,2.858574867248535
12345,7.3292694091796875,11.774170875549316
12346,-5.495720386505127,-2.2291922569274902
12347,0.07045117020606995,3.7287068367004395
12348,-6.647754192352295,-2.582184076309204
12349,4.305131912231445,1.3961257934570312
12350,6.127038955688477,-7.332677364349365
12351,-1.4194121360778809,-3.2275054454803467
12352,-2.3811686038970947,6.324126720428467
12353,-6.882021903991699,-12.087567329406738
12354,-1.6402720212936401,5.170092582702637
12355,5.496883392333984,-5.218672752380371
12356,0.2413167953491211,-1.1874377727508545
12357,3.5277721881866455,-1.5475775003433228
12358,-15.825922012329102,-9.136487007141113
12359,0.7977145910263062,1.8049912452697754
12360,0.807058572769165,2.831406831741333
12361,-2.417363166809082,6.185387134552002
12362,-24.176767349243164,10.42175579071045
12363,-8.95067024230957,-6.594796657562256
12364,-0.5955948829650879,-2.131704092025757
12365,-0.18303824961185455,-1.7348365783691406
12366,-13.858280181884766,-7.412332057952881
12367,2.5974385738372803,-2.735607862472534
12368,-1.9167594909667969,10.4208402633667
12369,-0.041960686445236206,0.4807063341140747
12370,0.28783372044563293,3.826253890991211
12371,4.632319450378418,-2.7130093574523926
12372,1.9417216777801514,-0.7381914854049683
12373,-4.216711521148682,-3.3901760578155518
12374,-2.075533151626587,-6.646779537200928
12375,-1.3548362255096436,7.883784770965576
12376,-3.1866464614868164,-4.31178092956543
12377,-15.15452766418457,0.042946867644786835
12378,-0.16806456446647644,3.1281356811523438
12379,-3.8538239002227783,-4.98622465133667
12380,-4.271452903747559,-10.479515075683594
12381,-9.977222442626953,-3.4052557945251465
12382,-0.923872709274292,5.6896138191223145
12383,-15.721721649169922,2.1696150302886963
12384,0.6991839408874512,3.0663349628448486
12385,-27.879350662231445,3.1159543991088867
12386,-3.437887668609619,4.585691928863525
12387,-1.2703428268432617,-1.260887861251831
12388,-4.330612659454346,3.941725015640259
12389,-5.688126087188721,4.986929416656494
12390,4.626233100891113,-4.1003875732421875
12391,0.1534179449081421,-1.9340276718139648
12392,0.9944041967391968,-1.125993251800537
12393,-9.73212718963623,-2.8150782585144043
12394,-2.9983999729156494,11.750008583068848
12395,-0.30408814549446106,0.8433624505996704
12396,-3.0081193447113037,-9.812134742736816
12397,-2.3688063621520996,2.9612348079681396
12398,11.158285140991211,3.2222275733947754
12399,-1.5565687417984009,-2.9586172103881836
12400,-3.6390981674194336,5.083305358886719
12401,-3.778290033340454,3.0866267681121826
12402,0.8247385025024414,3.728952646255493
12403,-11.9488525390625,-4.9031782150268555
12404,-0.650112509727478,5.068511009216309
12405,3.8715126514434814,-2.0684523582458496
12406,-1.960991382598877,-5.0842108726501465
12407,1.809196949005127,17.418455123901367
12408,-0.9277666807174683,9.648306846618652
12409,2.05718994140625,4.162580966949463
12410,1.5754207372665405,-2.640291452407837
12411,-3.6891472339630127,4.651148796081543
12412,9.290233612060547,6.912228107452393
12413,-21.209314346313477,4.120983123779297
12414,4.112325191497803,-6.169937610626221
12415,-4.8653388023376465,7.682876110076904
12416,-14.183375358581543,-0.6766074299812317
12417,-0.9065684080123901,5.001105785369873
12418,-3.184971570968628,2.691728115081787
12419,-3.0375559329986572,-6.2320876121521
12420,-4.445201873779297,-6.3069281578063965
12421,-34.41939163208008,8.200457572937012
12422,-5.9245076179504395,-5.75669527053833
12423,-9.315400123596191,-9.989309310913086
12424,1.2244117259979248,-0.5013657808303833
12425,-2.2434849739074707,4.819958209991455
12426,-1.7416585683822632,11.640152931213379
12427,-24.820627212524414,-0.7220181822776794
12428,9.343160629272461,6.371695518493652
12429,0.800776481628418,-0.7613835334777832
12430,10.209268569946289,6.880661487579346
12431,-2.744490385055542,13.461570739746094
12432,4.348511219024658,-4.893831253051758
12433,-49.50864028930664,10.832159042358398
12434,1.8854146003723145,2.4370901584625244
12435,-3.4502551555633545,3.2596628665924072
12436,-9.675775527954102,-2.3365161418914795
12437,-5.826984882354736,5.39766263961792
12438,2.0305206775665283,4.162583351135254
12439,-2.535118818283081,-6.199383735656738
12440,0.9493494033813477,1.2858381271362305
12441,5.829356670379639,-5.666018486022949
12442,-0.4477308690547943,3.1597862243652344
12443,-1.608670711517334,9.770694732666016
12444,-6.804408550262451,-3.205472469329834
12445,0.8436052799224854,1.0223274230957031
12446,0.13516345620155334,6.659417152404785
12447,-3.804314613342285,-9.235268592834473
12448,0.6371371746063232,-1.5366179943084717
12449,1.8543217182159424,3.422332525253296
12450,0.005022555589675903,1.058990240097046
12451,-27.610862731933594,2.3091819286346436
12452,4.2931132316589355,10.731122970581055
12453,-3.5798637866973877,13.194018363952637
12454,-0.448170006275177,0.6835895776748657
12455,8.08226490020752,-7.429205417633057
12456,-2.887714147567749,0.6837536096572876
12457,-3.0124802589416504,6.810208797454834
12458,-1.214392900466919,3.4012415409088135
12459,0.2187289297580719,1.3882004022598267
12460,5.179121494293213,-1.4386658668518066
12461,2.0433082580566406,1.0507240295410156
12462,8.821993827819824,7.175137996673584
12463,-0.8466161489486694,0.7108756303787231
12464,-3.15938401222229,3.531247615814209
12465,-2.3399832248687744,-8.342637062072754
12466,-14.007904052734375,-6.969755172729492
12467,-19.19255256652832,-1.1208701133728027
12468,-14.648290634155273,-9.975872993469238
12469,0.20900213718414307,-0.3542945384979248
12470,7.154539585113525,-8.510540962219238
12471,-3.286517381668091,9.976778984069824
12472,0.2795434594154358,-1.0655275583267212
12473,-0.08399781584739685,12.617263793945312
12474,3.349301338195801,-3.419052839279175
12475,-1.8790663480758667,9.11406421661377
12476,5.790711402893066,2.8583500385284424
12477,-5.608593463897705,-2.0019218921661377
12478,-0.6663869619369507,4.476833343505859
12479,-12.445690155029297,-4.882913112640381
12480,-9.436059951782227,-4.605950355529785
12481,0.3870077431201935,-1.200455665588379
12482,-4.36277437210083,3.7376816272735596
12483,3.4395592212677,-3.0639913082122803
12484,-0.6566202044487,-1.4392774105072021
12485,9.785402297973633,4.667106628417969
12486,-0.8670637607574463,1.501428484916687
12487,-1.7778739929199219,-4.295109748840332
12488,-4.017767429351807,-7.498917102813721
12489,2.3935546875,12.67053508758545
12490,0.7035942077636719,-2.520831346511841
12491,4.526316165924072,11.984980583190918
12492,8.410836219787598,-8.300332069396973
12493,6.989156246185303,-9.25888729095459
12494,2.189159870147705,-1.7824174165725708
12495,-4.3941802978515625,-10.784687995910645
12496,0.34089693427085876,-0.9744035005569458
12497,-10.144427299499512,-4.076775074005127
12498,5.493018627166748,4.905751705169678
12499,-5.008482933044434,5.781452655792236
12500,9.11660385131836,-7.786138534545898
12501,6.375829219818115,-1.4738432168960571
12502,3.6797893047332764,7.537417411804199
12503,-24.05325698852539,-0.9887404441833496
12504,-2.4878571033477783,0.7561929225921631
12505,-6.3248066902160645,-5.894327163696289
12506,4.466425895690918,9.975125312805176
12507,-2.150775671005249,9.92237377166748
12508,-1.0141352415084839,1.7734675407409668
12509,-3.3695743083953857,2.388927698135376
12510,-0.5727602243423462,-1.4629007577896118
12511,6.787518501281738,-3.8971307277679443
12512,-13.849420547485352,-5.782440185546875
12513,-1.3286000490188599,2.3402533531188965
12514,1.2167929410934448,0.0020224973559379578
12515,4.870803356170654,1.117706060409546
12516,0.30980169773101807,-1.7989065647125244
12517,-1.7898650169372559,-5.166372776031494
12518,-6.653112411499023,6.971192836761475
12519,0.36019524931907654,0.1728227734565735
12520,-1.5444691181182861,-2.0395328998565674
12521,0.39126184582710266,-1.3934801816940308
12522,-3.0193140506744385,2.038872480392456
12523,7.577353477478027,11.893706321716309
12524,-4.027985572814941,3.39601731300354
12525,0.34858933091163635,5.3351521492004395
12526,-5.1201910972595215,6.13649320602417
12527,-1.380629062652588,-5.424000263214111
12528,-12.988338470458984,-9.534214973449707
12529,0.8527159690856934,1.0813605785369873
12530,-13.435510635375977,-2.6287717819213867
12531,5.2458577156066895,1.5164453983306885
12532,3.5813374519348145,-5.387795925140381
12533,-19.813121795654297,8.884332656860352
12534,2.3659727573394775,-1.690106987953186
12535,2.1567842960357666,-1.2292473316192627
12536,-4.718619346618652,4.169097423553467
12537,-7.1804890632629395,-7.54045295715332
12538,2.2622601985931396,-0.7470123171806335
12539,-2.6090776920318604,-8.517669677734375
12540,-3.6903107166290283,4.6703901290893555
12541,-9.782848358154297,-9.023554801940918
12542,-9.484628677368164,-9.291092872619629
12543,1.3370168209075928,-3.1987991333007812
12544,-0.958493709564209,-5.197591304779053
12545,1.8761072158813477,1.6412144899368286
12546,2.6811840534210205,-2.4816274642944336
12547,-0.5053659677505493,-0.4495757222175598
12548,-3.291212320327759,-7.95108699798584
12549,0.3773145377635956,-1.386962652206421
12550,-0.5488318204879761,12.454546928405762
12551,-2.8951871395111084,-7.180257320404053
12552,0.21730974316596985,5.508597373962402
12553,-12.896024703979492,8.381622314453125
12554,-4.383912086486816,4.227584362030029
12555,3.8071181774139404,-1.6685500144958496
12556,8.58677864074707,-0.979529857635498
12557,5.891017913818359,-4.823753356933594
12558,-22.317218780517578,9.525277137756348
12559,-8.889907836914062,5.390577793121338
12560,-2.085723876953125,2.324247121810913
12561,-11.931841850280762,-7.873973846435547
12562,-1.4710891246795654,3.0099148750305176
12563,-1.741187334060669,10.930367469787598
12564,-3.282691240310669,-7.191181182861328
12565,0.2630303204059601,2.5390424728393555
12566,1.2065048217773438,-3.7059895992279053
12567,-6.11359167098999,-7.38175106048584
12568,-2.5819003582000732,-5.953697681427002
12569,1.9231646060943604,7.061625003814697
12570,-4.580315113067627,-10.682368278503418
12571,-1.129167914390564,6.893255710601807
12572,4.866927146911621,11.9232759475708
12573,-0.4286097586154938,6.177343845367432
12574,11.116623878479004,4.46550178527832
12575,7.160349369049072,-6.112283229827881
12576,3.8489325046539307,9.437209129333496
12577,-4.2535881996154785,4.201089859008789
12578,1.5201748609542847,-0.14910930395126343
12579,2.380528450012207,-0.5386715531349182
12580,-0.06276533007621765,1.9746274948120117
12581,-28.5436954498291,2.7502076625823975
12582,3.068233013153076,0.11966561526060104
12583,-6.961211681365967,-1.2028628587722778
12584,-0.34849998354911804,3.099093198776245
12585,-28.979894638061523,11.027220726013184
12586,4.562113285064697,-4.463958740234375
12587,2.309068441390991,-2.5606069564819336
12588,2.4659264087677,-0.4913782477378845
12589,-7.072631359100342,-7.358927249908447
12590,1.5850658416748047,17.811038970947266
12591,-1.5127089023590088,8.580321311950684
12592,-1.3847324848175049,-4.28662633895874
12593,-1.8802798986434937,-0.6496308445930481
12594,0.7056443691253662,-3.6390023231506348
12595,-28.782068252563477,1.857671856880188
12596,4.239614963531494,0.5082886815071106
12597,5.7048420906066895,0.8501025438308716
12598,-2.3847692012786865,5.443222522735596
12599,-2.016026258468628,4.138642311096191
12600,5.885075092315674,-5.124386787414551
12601,-3.1828925609588623,-8.241189002990723
12602,-2.4354805946350098,-6.777337551116943
12603,8.009912490844727,-2.7230582237243652
12604,-0.1384594738483429,10.342246055603027
12605,-2.418980360031128,0.8127347826957703
12606,-3.1826722621917725,1.0874269008636475
12607,-27.209089279174805,2.5917165279388428
12608,4.873504161834717,-5.540683269500732
12609,-2.6425492763519287,-6.043018341064453
12610,-14.268121719360352,2.731236696243286
12611,5.233706951141357,-2.152811288833618
12612,11.166969299316406,-5.267275333404541
12613,-3.175511598587036,-7.558684349060059
12614,0.3886411488056183,-1.5859036445617676
12615,-2.4657394886016846,-7.818212032318115
12616,3.4066412448883057,-0.3132622241973877
12617,-10.529726028442383,-5.740652561187744
12618,-6.958651542663574,-7.680269241333008
12619,-1.000206470489502,-1.4195070266723633
12620,-1.4182090759277344,-3.5274622440338135
12621,-0.9132777452468872,10.097455024719238
12622,1.1362279653549194,-0.45238709449768066
12623,-14.652406692504883,-4.910013675689697
12624,10.59614372253418,-1.0174922943115234
12625,-2.293581008911133,-5.775774002075195
12626,-2.350252628326416,-7.50141716003418
12627,-7.987978458404541,-8.790987968444824
12628,-11.843650817871094,-4.1992506980896
12629,3.6147549152374268,-4.752309799194336
12630,-2.6870551109313965,8.720719337463379
12631,1.4471423625946045,5.870131015777588
12632,-5.321710109710693,-2.924874782562256
12633,5.547901630401611,-2.206399440765381
12634,5.1531548500061035,-1.854026198387146
12635,-2.388385534286499,9.338971138000488
12636,0.23765411972999573,3.1206953525543213
12637,1.3784303665161133,-0.06221006065607071
12638,-3.200503349304199,-7.080034255981445
12639,-15.978189468383789,5.2324442863464355
12640,-10.427291870117188,2.617197036743164
12641,1.0598394870758057,-1.405613899230957
12642,1.4704079627990723,8.085173606872559
12643,8.305365562438965,1.1690322160720825
12644,-7.927683353424072,-4.014776229858398
12645,3.951215982437134,-4.337594032287598
12646,-11.410301208496094,-5.526455879211426
12647,9.750394821166992,3.3776066303253174
12648,-0.85835862159729,14.367056846618652
12649,-3.2081449031829834,2.6187126636505127
12650,-1.7147467136383057,4.166913032531738
12651,2.4151735305786133,-2.507173538208008
12652,-1.9698398113250732,9.835661888122559
12653,-1.522125244140625,8.640157699584961
12654,3.1475963592529297,5.044422626495361
12655,-11.845878601074219,-3.3912620544433594
12656,0.4925791323184967,-2.179948568344116
12657,-8.904537200927734,-5.321036338806152
12658,-13.090677261352539,-5.086506366729736
12659,1.4568557739257812,0.05596154183149338
12660,-1.3304316997528076,2.9881339073181152
12661,-30.60367774963379,2.3008646965026855
12662,-1.5553861856460571,-2.8115885257720947
12663,0.15972331166267395,-1.6381291151046753
12664,-1.2268297672271729,11.292827606201172
12665,-2.5001938343048096,6.518073558807373
12666,-2.0512988567352295,-1.1337933540344238
12667,-2.2647013664245605,10.275195121765137
12668,-4.453176975250244,-9.23458480834961
12669,-6.14437198638916,-4.023656368255615
12670,-9.104609489440918,-8.742156982421875
12671,-5.799846649169922,6.744563579559326
12672,-8.705194473266602,-6.956472873687744
12673,-3.5388236045837402,2.5358481407165527
12674,-8.154452323913574,0.3660680949687958
12675,1.3039218187332153,-1.7030503749847412
12676,3.1146347522735596,-4.159805774688721
12677,-3.8864924907684326,-9.936128616333008
12678,5.143729209899902,5.7432637214660645
12679,-5.235459804534912,5.320284366607666
12680,-2.236349105834961,-5.226471424102783
12681,5.964761257171631,-5.326573848724365
12682,-1.518858551979065,10.27945613861084
12683,0.9463196992874146,-1.8471035957336426
12684,-1.9245986938476562,9.781046867370605
12685,-12.131242752075195,0.13587278127670288
12686,-19.426584243774414,-0.287101149559021
12687,-10.251093864440918,-4.728181838989258
12688,-6.9683356285095215,7.25083589553833
12689,-27.75166130065918,8.768084526062012
12690,-6.5114922523498535,-6.536538124084473
12691,6.420217514038086,-2.5247642993927
12692,3.3896448612213135,12.275110244750977
12693,6.23485803604126,0.5356672406196594
12694,-1.4329636096954346,10.060318946838379
12695,1.864748239517212,-2.806581497192383
12696,-8.230016708374023,-2.306682586669922
12697,4.690715312957764,-1.0335965156555176
12698,-2.2453346252441406,-7.4405646324157715
12699,-1.7705379724502563,-5.90945291519165
12700,7.982761859893799,12.308899879455566
12701,-2.6446454524993896,10.275676727294922
12702,4.2096123695373535,0.6453889012336731
12703,9.454360961914062,5.809909820556641
12704,5.6233391761779785,15.501646995544434
12705,3.010265588760376,-0.9090948700904846
12706,-19.3380184173584,5.638299942016602
12707,2.9741933345794678,14.205216407775879
12708,4.5481486320495605,10.749391555786133
12709,10.956876754760742,5.431885719299316
12710,-1.3477426767349243,13.117718696594238
12711,0.7753117084503174,4.744510173797607
12712,0.6661643981933594,-1.2429161071777344
12713,-8.099061012268066,1.4817407131195068
12714,-10.68716049194336,-2.4627249240875244
12715,-17.84273338317871,-6.49048376083374
12716,-1.3749510049819946,3.64583683013916
12717,2.9940454959869385,8.746007919311523
12718,1.1393901109695435,1.0592613220214844
12719,-2.6477038860321045,-9.668536186218262
12720,-4.79716157913208,4.540158271789551
12721,3.051281213760376,0.36387374997138977
12722,2.2327115535736084,-2.342649221420288
12723,-9.89173412322998,-3.6617989540100098
12724,3.92436146736145,-4.0451226234436035
12725,6.731505870819092,-4.454765796661377
12726,-3.8194451332092285,-7.858993053436279
12727,-3.187227487564087,-6.904641628265381
12728,2.714914083480835,-4.723803997039795
12729,-2.2589170932769775,9.780407905578613
12730,-4.755677700042725,4.768174648284912
12731,3.1561243534088135,3.613682985305786
12732,1.1844841241836548,-1.285729169845581
12733,5.372629165649414,1.871882438659668
12734,4.676758289337158,12.373363494873047
12735,-2.969863176345825,-6.702430248260498
12736,-0.06692084670066833,-1.1822441816329956
12737,9.297277450561523,7.210003852844238
12738,-3.342911958694458,14.498120307922363
12739,7.3030242919921875,-0.9315937757492065
12740,5.425082683563232,1.1566739082336426
12741,5.485702991485596,-1.5286457538604736
12742,8.383440017700195,6.440520763397217
12743,-2.4524056911468506,-7.644668102264404
12744,-1.963832139968872,8.735556602478027
12745,5.261749267578125,11.840298652648926
12746,-2.3211538791656494,9.244048118591309
12747,-0.03322961926460266,1.3121507167816162
12748,-0.7004083395004272,1.2813100814819336
12749,0.5741168260574341,2.3991923332214355
12750,-0.7138592004776001,4.038686275482178
12751,10.270431518554688,7.1909050941467285
12752,-4.10676383972168,-3.861759662628174
12753,-17.480777740478516,0.48591649532318115
12754,0.16231277585029602,4.758821964263916
12755,0.8567372560501099,-0.5584476590156555
12756,0.8735589981079102,-2.0327022075653076
12757,6.881958484649658,1.0085505247116089
12758,4.922204971313477,-0.20736360549926758
12759,-7.619926929473877,-1.4212143421173096
12760,-0.49532052874565125,-3.672053575515747
12761,-1.7433257102966309,10.380437850952148
12762,-3.3581020832061768,3.1193740367889404
12763,5.367763042449951,-5.630585670471191
12764,6.698399066925049,5.24069881439209
12765,0.28868958353996277,-0.6043316721916199
12766,-27.059667587280273,9.029189109802246
12767,-13.447998046875,7.293816089630127
12768,-0.4887114465236664,3.6114981174468994
12769,-1.5288910865783691,-4.610407829284668
12770,-3.6401002407073975,2.8341352939605713
12771,-1.7273021936416626,11.414684295654297
12772,1.9841701984405518,-4.093686580657959
12773,-0.42422619462013245,0.7067196369171143
12774,-2.693570375442505,-7.62846040725708
12775,-20.337656021118164,9.586846351623535
12776,0.37938639521598816,-1.8036407232284546
12777,1.553243637084961,-2.9169769287109375
12778,6.159728050231934,1.2725615501403809
12779,1.319905400276184,0.5681117177009583
12780,-16.263141632080078,7.223771572113037
12781,7.29433536529541,-5.98749303817749
12782,-1.3154596090316772,2.8449878692626953
12783,0.09976336359977722,-1.2254666090011597
12784,-15.09184455871582,-6.488166809082031
12785,-18.012575149536133,-6.8964314460754395
12786,0.40526142716407776,-1.1129525899887085
12787,-3.3078935146331787,-10.001911163330078
12788,7.855922222137451,5.055805683135986
12789,0.008241444826126099,3.5509989261627197
12790,-1.9175186157226562,9.505266189575195
12791,-10.61811637878418,12.689249038696289
12792,10.610258102416992,6.718465805053711
12793,-2.321500778198242,-4.55221700668335
12794,0.3699682056903839,8.85921573638916
12795,-19.39788818359375,5.270471096038818
12796,0.45163264870643616,-1.3758652210235596
12797,-0.7635658979415894,1.421027421951294
12798,-4.266479969024658,4.745968341827393
12799,-4.054003715515137,2.9847118854522705
12800,-10.126346588134766,-9.934264183044434
12801,-16.676584243774414,-12.341124534606934
12802,-3.1981046199798584,4.752797603607178
12803,-11.284916877746582,1.983156442642212
12804,-3.2545242309570312,11.260153770446777
12805,10.35368537902832,-5.2776875495910645
12806,-6.614032745361328,-9.043718338012695
12807,-10.507429122924805,-10.37964916229248
12808,-2.5172359943389893,-5.747121334075928
12809,-18.29215431213379,0.04160814732313156
12810,-15.882715225219727,8.835424423217773
12811,-1.8957246541976929,10.020997047424316
12812,0.11476781964302063,2.4107792377471924
12813,-20.954479217529297,-0.9114707708358765
12814,-3.0442216396331787,2.975324869155884
12815,0.83027184009552,3.908658981323242
12816,-11.348405838012695,-10.819822311401367
12817,2.109088659286499,-2.765896797180176
12818,-10.455848693847656,-4.670794486999512
12819,-2.68986177444458,-7.354427337646484
12820,5.131685733795166,-0.3659793734550476
12821,-0.9418658018112183,2.792311906814575
12822,-0.7601605653762817,2.315958023071289
12823,-2.74997878074646,9.06446361541748
12824,-5.8068671226501465,-5.669554710388184
12825,-2.9978644847869873,9.52785587310791
12826,-0.10686108469963074,8.462101936340332
12827,0.6909399032592773,-2.0321688652038574
12828,-0.12090149521827698,0.6307620406150818
12829,2.2802894115448,-2.0145959854125977
12830,-2.535111665725708,-6.942807674407959
12831,-1.031768798828125,1.704633116722107
12832,-12.476956367492676,-2.3561205863952637
12833,-24.373046875,5.084170818328857
12834,0.9298920631408691,0.6423936486244202
12835,-0.24280044436454773,11.781899452209473
12836,-0.19616980850696564,-2.097487688064575
12837,2.6365904808044434,4.7589497566223145
12838,-7.230388641357422,-1.540177822113037
12839,-6.630314350128174,-2.2933151721954346
12840,-10.12838077545166,-4.334712505340576
12841,1.1770316362380981,1.5321694612503052
12842,1.6181764602661133,0.07348864525556564
12843,2.856851577758789,-3.959747076034546
12844,-0.13517364859580994,7.523680686950684
12845,0.24155423045158386,-2.221104860305786
12846,13.445083618164062,-5.601196765899658
12847,0.04742106795310974,0.4432954788208008
12848,4.912234306335449,14.435440063476562
12849,-3.9644839763641357,-7.231284141540527
12850,2.6615121364593506,4.533679008483887
12851,9.038724899291992,5.402446746826172
12852,-3.84074330329895,3.7161366939544678
12853,-1.0129547119140625,17.788972854614258
12854,2.830578327178955,4.6615376472473145
12855,3.958369493484497,5.105761528015137
12856,-19.53554344177246,5.900599002838135
12857,8.147855758666992,8.14936351776123
12858,10.235939025878906,4.891978740692139
12859,-4.906405925750732,7.166804790496826
12860,11.288716316223145,6.646732330322266
12861,1.280312418937683,0.7767018675804138
12862,0.5951563119888306,-3.4452531337738037
12863,4.624938011169434,1.3133012056350708
12864,-9.762733459472656,-9.753945350646973
12865,0.5732614994049072,-1.6135900020599365
12866,4.053976535797119,10.084319114685059
12867,-48.282630920410156,13.215922355651855
12868,0.007449060678482056,0.4817703366279602
12869,5.9856390953063965,-6.225846767425537
12870,-0.4554656445980072,-0.06475449353456497
12871,-10.125028610229492,-4.188182353973389
12872,-0.2630104124546051,1.8314220905303955
12873,5.289370536804199,6.770984172821045
12874,-0.9622429609298706,4.985424995422363
12875,-0.8161693811416626,2.4950501918792725
12876,-4.148273944854736,3.8044209480285645
12877,6.78151273727417,-6.5063958168029785
12878,-6.008912563323975,-8.706084251403809
12879,-20.115407943725586,8.095723152160645
12880,7.980274677276611,-4.507481098175049
12881,3.1658105850219727,-4.494929790496826
12882,-9.376893997192383,12.354273796081543
12883,-1.2016741037368774,-3.4508793354034424
12884,1.4529489278793335,6.387449741363525
12885,0.4091944992542267,-2.029603958129883
12886,0.7284859418869019,-2.023872137069702
12887,-5.341843128204346,-5.076766490936279
12888,1.706930160522461,-1.2907814979553223
12889,1.5340346097946167,1.4673471450805664
12890,11.685346603393555,6.346811771392822
12891,-2.7704834938049316,1.6759259700775146
12892,2.807225465774536,0.5072271823883057
12893,2.9200446605682373,-3.9497671127319336
12894,-2.384333848953247,9.393259048461914
12895,1.338159441947937,-2.815589189529419
12896,9.221356391906738,-8.03083610534668
12897,1.2917003631591797,-0.9366624355316162
12898,-2.3225834369659424,-7.038255214691162
12899,5.176286220550537,-2.885072946548462
12900,6.464418888092041,-0.997316837310791
12901,-2.3813400268554688,-6.117823123931885
12902,-9.055585861206055,-3.1376211643218994
12903,-16.466764450073242,2.3823282718658447
12904,-3.8644402027130127,1.8933519124984741
12905,0.022501498460769653,16.685836791992188
12906,-2.1928186416625977,5.49719762802124
12907,2.7786612510681152,-2.0392026901245117
12908,1.5913593769073486,0.1233944222331047
12909,0.13162413239479065,2.1525158882141113
12910,-4.775901794433594,5.902433395385742
12911,-1.859110713005066,10.22063159942627
12912,1.115860939025879,-1.1519804000854492
12913,0.37215521931648254,11.525969505310059
12914,-1.010355830192566,13.390027046203613
12915,-1.851487398147583,7.529578685760498
12916,1.8367702960968018,-1.8175048828125
12917,1.2678866386413574,1.354069709777832
12918,-5.762458324432373,-6.126920223236084
12919,0.04086533188819885,0.42340540885925293
12920,3.1571390628814697,1.7333095073699951
12921,-2.2084391117095947,8.317489624023438
12922,-4.09417724609375,4.745097637176514
12923,-35.20153045654297,5.968078136444092
12924,0.2812664806842804,-2.2491540908813477
12925,0.4119988977909088,-1.307038426399231
12926,-0.5314507484436035,4.0672454833984375
12927,-15.435087203979492,-6.829669952392578
12928,-2.3470733165740967,-5.88095760345459
12929,-11.418371200561523,-8.1427640914917
12930,2.618718385696411,-0.2407233715057373
12931,-1.8663467168807983,-4.0071258544921875
12932,2.7826449871063232,-3.3410327434539795
12933,-0.7749407291412354,1.2604073286056519
12934,-25.885597229003906,1.8960105180740356
12935,-14.59225845336914,8.419032096862793
12936,5.6447882652282715,-5.376881122589111
12937,5.765746593475342,3.542356491088867
12938,-2.223917245864868,10.569445610046387
12939,-15.343820571899414,-4.0873236656188965
12940,7.202612400054932,-3.7302157878875732
12941,-1.1957738399505615,7.213720798492432
12942,1.7478961944580078,-3.0836470127105713
12943,-16.571704864501953,-2.610291004180908
12944,0.6353244781494141,-2.1107428073883057
12945,-0.577650785446167,-0.35794466733932495
12946,-22.083555221557617,1.394844651222229
12947,-1.4143158197402954,4.283607006072998
12948,-5.021321773529053,-9.177183151245117
12949,-25.76080894470215,0.11078076809644699
12950,-6.233128070831299,-9.163132667541504
12951,-21.55781364440918,2.1115992069244385
12952,-3.4299004077911377,-3.7196943759918213
12953,-0.9493746757507324,0.9913323521614075
12954,5.3295183181762695,0.22730836272239685
12955,-2.337472677230835,4.690487861633301
12956,-5.504518985748291,5.876367092132568
12957,6.453402042388916,6.308019161224365
12958,-3.6549198627471924,2.7378687858581543
12959,10.177898406982422,-1.1192948818206787
12960,-0.05537298321723938,-1.0249320268630981
12961,0.31903883814811707,2.9268534183502197
12962,-15.345708847045898,-9.688060760498047
12963,-17.07353973388672,9.242047309875488
12964,-6.3181352615356445,-6.200754642486572
12965,-6.417386054992676,-7.33926248550415
12966,0.26385942101478577,0.26146477460861206
12967,0.006273224949836731,-1.1501665115356445
12968,-1.6393330097198486,-3.3680479526519775
12969,2.726997137069702,-0.20407357811927795
12970,-9.11783218383789,12.22723388671875
12971,9.860639572143555,7.429504871368408
12972,-2.2208895683288574,-6.302124500274658
12973,0.20299175381660461,-1.4447134733200073
12974,-17.07935905456543,-8.012292861938477
12975,1.3299624919891357,0.037872932851314545
12976,3.189133882522583,11.778229713439941
12977,2.489609718322754,0.653611421585083
12978,-1.9964466094970703,-7.2923688888549805
12979,-0.09554243087768555,-1.6572133302688599
12980,-2.180222749710083,-5.134603500366211
12981,-3.1924562454223633,4.279459476470947
12982,0.6952811479568481,-2.3459599018096924
12983,-2.3453657627105713,-6.777480125427246
12984,1.5553855895996094,-0.27572089433670044
12985,1.1118605136871338,0.14282912015914917
12986,2.9857161045074463,-3.070155382156372
12987,-0.6106170415878296,1.8823108673095703
12988,-1.5651098489761353,12.322173118591309
12989,1.0814648866653442,-2.852991819381714
12990,4.21481466293335,-4.580193996429443
12991,-17.087831497192383,-6.054776668548584
12992,8.520721435546875,-8.64730167388916
12993,-16.082544326782227,0.23164069652557373
12994,1.552512526512146,16.09210968017578
12995,-2.371009111404419,-8.171330451965332
12996,-3.0245485305786133,-6.722937107086182
12997,-3.404576063156128,2.4694268703460693
12998,-2.1051299571990967,-3.289421558380127
12999,5.79598331451416,10.63603687286377
13000,-4.864020347595215,5.036644458770752
13001,4.951532363891602,-3.7178540229797363
13002,-0.5732035636901855,5.612791538238525
13003,-2.771707057952881,-7.686894416809082
13004,8.430169105529785,5.478359699249268
13005,0.7375929355621338,-1.9625616073608398
13006,-3.9035708904266357,-1.6977438926696777
13007,2.777695417404175,14.745152473449707
13008,-5.731100082397461,-6.992913722991943
13009,-2.161101818084717,6.947218418121338
13010,-3.2356858253479004,3.4815657138824463
13011,1.241234540939331,-0.5817152857780457
13012,1.2470916509628296,2.659174919128418
13013,5.5338568687438965,6.727053165435791
13014,-10.258674621582031,-6.598399639129639
13015,0.9446619749069214,-2.2231578826904297
13016,4.559070110321045,0.9885433316230774
13017,-1.4575176239013672,-0.46900469064712524
13018,-26.32268714904785,7.416445255279541
13019,-0.426918625831604,-0.2375255823135376
13020,0.49114200472831726,-1.8678865432739258
13021,2.590531587600708,12.152379989624023
13022,1.1106364727020264,-0.17404866218566895
13023,4.962522983551025,0.7075580358505249
13024,1.247412085533142,3.0141754150390625
13025,-18.625091552734375,9.973185539245605
13026,2.3553786277770996,0.32917657494544983
13027,0.5599222183227539,1.5664801597595215
13028,-1.5067625045776367,2.553900718688965
13029,-2.5153648853302,10.463726043701172
13030,6.476285934448242,-8.437926292419434
13031,1.7694363594055176,-3.1007838249206543
13032,0.4889540374279022,1.3646903038024902
13033,-7.268270015716553,-2.0234410762786865
13034,-2.245854616165161,10.75253963470459
13035,-2.1059224605560303,7.503301620483398
13036,-2.1038527488708496,3.3499388694763184
13037,7.38319730758667,-1.1694202423095703
13038,-7.271934986114502,-4.405096530914307
13039,6.0061869621276855,0.9096884727478027
13040,-53.21999740600586,13.174834251403809
13041,3.1029820442199707,-0.2809033989906311
13042,-13.8185453414917,-7.395908832550049
13043,-5.500607013702393,-10.382633209228516
13044,2.356409788131714,-4.257687568664551
13045,-2.432891368865967,4.579543590545654
13046,-4.263513088226318,-1.477221131324768
13047,-1.5000534057617188,3.3748114109039307
13048,-2.5953567028045654,10.611021995544434
13049,-9.410234451293945,-1.672074317932129
13050,0.6101174354553223,4.964724063873291
13051,10.54465103149414,6.473633289337158
13052,-17.028614044189453,3.4096200466156006
13053,-14.35554313659668,-6.498480319976807
13054,5.093871593475342,-1.6469258069992065
13055,10.597304344177246,4.302475929260254
13056,-2.1315395832061768,10.953104972839355
13057,7.186370372772217,-3.2337772846221924
13058,-15.36671257019043,-0.6723689436912537
13059,-0.39054641127586365,2.5589663982391357
13060,8.050220489501953,-6.649509429931641
13061,2.4231526851654053,-2.423830986022949
13062,4.6563239097595215,13.876228332519531
13063,-3.7081942558288574,3.4576289653778076
13064,-0.14840200543403625,0.9471705555915833
13065,-9.085809707641602,-4.25942325592041
13066,3.84740948677063,0.048820607364177704
13067,-14.906089782714844,-6.880759239196777
13068,-11.602376937866211,-8.183490753173828
13069,2.1073381900787354,1.8609726428985596
13070,9.014569282531738,6.938822269439697
13071,0.4530065357685089,-1.3648149967193604
13072,-1.8661668300628662,-6.867063045501709
13073,3.063201427459717,1.9940190315246582
13074,-17.890422821044922,-0.46418094635009766
13075,-2.72340989112854,-7.014140605926514
13076,-1.7604111433029175,1.6809757947921753
13077,0.6519374847412109,1.5073344707489014
13078,1.0564688444137573,2.4424915313720703
13079,-2.215850591659546,-5.499044418334961
13080,9.920551300048828,5.866696834564209
13081,-1.4026696681976318,11.666356086730957
13082,0.6404566764831543,2.441296339035034
13083,6.898955345153809,-6.4958319664001465
13084,-1.7137811183929443,-2.787471055984497
13085,-21.165925979614258,-0.9149016737937927
13086,-1.7806164026260376,9.072966575622559
13087,3.1707065105438232,-5.306216239929199
13088,5.648842811584473,-7.917365550994873
13089,0.16888371109962463,-1.6643259525299072
13090,1.9739649295806885,9.402422904968262
13091,0.5193870067596436,-3.2833869457244873
13092,0.831938624382019,0.4873806834220886
13093,-5.649393558502197,-6.686818599700928
13094,2.2100915908813477,-0.621121883392334
13095,-2.45214581489563,3.10836124420166
13096,-3.3322455883026123,2.033270835876465
13097,9.24239730834961,4.900294780731201
13098,-18.883413314819336,7.48881196975708
13099,3.165611982345581,-4.574491500854492
13100,1.0508902072906494,-1.301457405090332
13101,0.48664548993110657,1.70368492603302
13102,0.7585498094558716,1.5259028673171997
13103,2.3261308670043945,-2.225982904434204
13104,1.1612677574157715,3.9687650203704834
13105,-0.6622637510299683,1.596577763557434
13106,-16.38397789001465,-3.863802433013916
13107,-21.6297550201416,0.2626797556877136
13108,-1.5612215995788574,8.204944610595703
13109,-11.218300819396973,-4.542153358459473
13110,-1.8335659503936768,-2.8192522525787354
13111,-23.74176597595215,-1.356131911277771
13112,-0.6819003820419312,1.1114397048950195
13113,-2.5263054370880127,11.155012130737305
13114,0.06791339814662933,-1.0453211069107056
13115,8.171558380126953,1.8187776803970337
13116,3.4941282272338867,-2.3467276096343994
13117,0.35305097699165344,-1.6013708114624023
13118,-0.12418648600578308,-0.9382781386375427
13119,4.416998386383057,4.420718669891357
13120,-13.38006591796875,6.790524959564209
13121,-0.47439631819725037,9.271215438842773
13122,8.670421600341797,5.68388557434082
13123,-16.27079963684082,0.8812372088432312
13124,-1.490249752998352,8.939704895019531
13125,2.137500286102295,3.4103784561157227
13126,-25.408605575561523,-0.7646952271461487
13127,6.051005840301514,-6.3612189292907715
13128,-9.526777267456055,9.926276206970215
13129,1.931093454360962,-2.442462682723999
13130,9.997518539428711,-4.355611324310303
13131,-8.854877471923828,-3.3260552883148193
13132,-42.73811721801758,7.373497009277344
13133,-3.5373435020446777,9.932520866394043
13134,7.073636531829834,-7.365277290344238
13135,-1.4234474897384644,8.670140266418457
13136,2.564274311065674,-0.08919326215982437
13137,8.049262046813965,-9.102388381958008
13138,-12.95496940612793,0.5139003396034241
13139,-1.751758337020874,-3.783874273300171
13140,8.820073127746582,-4.0430073738098145
13141,4.532624244689941,-3.9324636459350586
13142,5.07295036315918,-0.9787943959236145
13143,0.04973742365837097,0.3885817229747772
13144,8.083778381347656,5.767091751098633
13145,-15.129645347595215,-6.238051414489746
13146,-1.9885742664337158,-4.147420883178711
13147,-16.762523651123047,-5.137753963470459
13148,-14.404085159301758,-2.90561580657959
13149,-16.266624450683594,6.684783935546875
13150,-7.581899166107178,0.7688309550285339
13151,2.0262489318847656,4.265893936157227
13152,6.470739841461182,0.6653347611427307
13153,3.9372427463531494,1.4948680400848389
13154,-13.072278022766113,8.409966468811035
13155,-0.9665718078613281,2.097014904022217
13156,4.696630954742432,2.5756540298461914
13157,-19.7941951751709,1.7222040891647339
13158,-2.336958169937134,-5.118766784667969
13159,-19.339265823364258,-2.963756799697876
13160,-2.4842278957366943,6.690976142883301
13161,-3.2148244380950928,12.209071159362793
13162,-0.11320850253105164,-1.2371172904968262
13163,10.480764389038086,-7.145681858062744
13164,-17.580913543701172,-0.39138710498809814
13165,-1.154637098312378,0.853429913520813
13166,-2.9152491092681885,-7.276100158691406
13167,0.5129237174987793,-2.148489236831665
13168,5.027799129486084,1.7111117839813232
13169,4.6811981201171875,2.60690975189209
13170,-1.913794994354248,-6.839473247528076
13171,0.10684987902641296,1.3797950744628906
13172,5.786771297454834,7.019563674926758
13173,1.3375219106674194,-4.4105916023254395
13174,0.057747989892959595,3.0892155170440674
13175,0.6548449993133545,8.839335441589355
13176,0.5077159404754639,-1.0446069240570068
13177,-1.5457940101623535,9.89048957824707
13178,7.231871128082275,12.022223472595215
13179,-4.119750022888184,6.815989971160889
13180,-4.960145950317383,0.6050822138786316
13181,3.373075246810913,-5.485357761383057
13182,-3.184455156326294,-1.6791303157806396
13183,0.45528557896614075,-0.48199769854545593
13184,0.08643990755081177,-1.7567591667175293
13185,2.7386512756347656,4.265380382537842
13186,2.884265661239624,3.5708205699920654
13187,-1.980411410331726,-7.760177135467529
13188,0.3942980468273163,-1.0566195249557495
13189,-1.0766515731811523,9.667991638183594
13190,0.21330365538597107,-1.9911527633666992
13191,6.043039798736572,-5.827286720275879
13192,1.1740143299102783,3.784764528274536
13193,8.818435668945312,3.406324625015259
13194,-4.367691516876221,4.649311542510986
13195,-20.64029312133789,-0.8679437637329102
13196,7.133542060852051,-1.2413383722305298
13197,0.6683061122894287,-1.8010762929916382
13198,3.890674352645874,-6.64270544052124
13199,-1.708772897720337,-5.160765171051025
13200,0.3895907700061798,1.5276250839233398
13201,4.6501288414001465,-5.054298400878906
13202,-2.106995105743408,5.211775302886963
13203,-1.5221346616744995,-4.758364200592041
13204,0.7506804466247559,-4.747960567474365
13205,-23.817655563354492,-0.383991539478302
13206,-1.4660141468048096,8.708121299743652
13207,-0.06444177031517029,2.4456515312194824
13208,2.5681076049804688,-3.389862537384033
13209,-1.7282419204711914,4.963504314422607
13210,-2.262364625930786,-5.621366024017334
13211,0.44725361466407776,-1.868360161781311
13212,-7.256175994873047,-0.6248506903648376
13213,7.979176044464111,3.8880836963653564
13214,-18.85503578186035,-5.996154308319092
13215,-2.726418972015381,7.514007568359375
13216,-0.2942127287387848,-0.2148754894733429
13217,-50.40044021606445,13.033592224121094
13218,-46.50242233276367,12.09733772277832
13219,-2.0986063480377197,13.438554763793945
13220,-30.65080451965332,5.131266117095947
13221,-2.206329584121704,-4.73105525970459
13222,-14.127676963806152,0.5688252449035645
13223,-0.03313985466957092,0.6291581392288208
13224,-8.378482818603516,-3.040933847427368
13225,-1.5430850982666016,12.999869346618652
13226,11.821832656860352,-5.486600399017334
13227,-4.7932329177856445,5.035915851593018
13228,-0.8274693489074707,1.9835619926452637
13229,-1.0803782939910889,10.986798286437988
13230,-0.5859458446502686,2.8779799938201904
13231,2.75541090965271,-2.5703439712524414
13232,8.25776195526123,6.439072608947754
13233,-0.5507440567016602,7.058396816253662
13234,-2.3967695236206055,0.6380727291107178
13235,0.8189027309417725,1.6729159355163574
13236,-1.2723286151885986,5.1123199462890625
13237,-2.247846841812134,-3.8602166175842285
13238,1.023471713066101,-4.040480136871338
13239,0.03128120303153992,0.37283337116241455
13240,-14.164878845214844,-7.820969104766846
13241,1.2516597509384155,-3.8508336544036865
13242,1.2248481512069702,0.4024326205253601
13243,4.486368179321289,1.7225654125213623
13244,6.745823383331299,2.6144320964813232
13245,-5.306722640991211,-5.934296131134033
13246,-1.0742236375808716,12.617230415344238
13247,-9.009561538696289,-6.943429470062256
13248,-1.071475625038147,2.762993097305298
13249,-17.742551803588867,8.301594734191895
13250,2.382620096206665,12.218928337097168
13251,-4.95078706741333,3.758784055709839
13252,4.11936616897583,-1.6418099403381348
13253,-5.044299125671387,-8.547873497009277
13254,-3.671440839767456,-9.53066349029541
13255,-4.701771259307861,5.456420421600342
13256,-3.7846181392669678,5.60699462890625
13257,5.7962541580200195,-2.074528455734253
13258,1.0395927429199219,0.8114465475082397
13259,1.9450957775115967,-2.111506462097168
13260,0.909862756729126,-1.531935453414917
13261,-0.30900755524635315,12.720442771911621
13262,-19.72149658203125,4.5758185386657715
13263,-0.5912113189697266,-1.2600289583206177
13264,-13.343935012817383,-10.511085510253906
13265,-2.2644383907318115,4.61947774887085
13266,-0.23529943823814392,1.3890509605407715
13267,-6.934622764587402,-4.171205043792725
13268,-1.7163147926330566,10.429359436035156
13269,-9.340216636657715,-4.742860794067383
13270,-3.4162325859069824,9.801819801330566
13271,-3.849500894546509,4.670568943023682
13272,-20.407962799072266,-0.9579916596412659
13273,-6.30057954788208,7.4136762619018555
13274,-0.5034964084625244,11.562766075134277
13275,-17.6855411529541,9.592570304870605
13276,-0.07664474844932556,0.20424523949623108
13277,1.6791694164276123,2.1227829456329346
13278,6.90136194229126,-4.04107141494751
13279,6.024386882781982,-0.07791108638048172
13280,0.3064855635166168,3.022726535797119
13281,-11.329873085021973,-4.876644611358643
13282,2.259568929672241,-0.5206311345100403
13283,-10.042728424072266,-6.928863048553467
13284,-2.356387138366699,-6.321638584136963
13285,-6.857372283935547,-4.126984119415283
13286,10.410964012145996,-4.893934726715088
13287,-9.333562850952148,-3.3336703777313232
13288,9.082626342773438,-1.2340803146362305
13289,2.944796323776245,-4.077356815338135
13290,5.212348461151123,1.136746883392334
13291,2.577157974243164,-2.4803414344787598
13292,0.06698945164680481,3.1987900733947754
13293,-23.01338005065918,11.647344589233398
13294,0.012375682592391968,0.5375711917877197
13295,2.393839120864868,-2.157508373260498
13296,-6.531957626342773,-1.7314021587371826
13297,-1.7882696390151978,5.974522113800049
13298,-2.9968020915985107,9.472243309020996
13299,-4.963191986083984,4.887734889984131
13300,7.957830905914307,-3.547449827194214
13301,0.9832396507263184,-1.1462136507034302
13302,-2.2478718757629395,9.545517921447754
13303,-4.0506062507629395,3.937657594680786
13304,3.7062771320343018,0.3813295364379883
13305,-3.2733447551727295,2.2025246620178223
13306,0.708505392074585,4.643198013305664
13307,10.631708145141602,-9.314179420471191
13308,-3.7069952487945557,2.9019863605499268
13309,4.217836856842041,15.101435661315918
13310,-10.067769050598145,-5.592271327972412
13311,4.616862773895264,1.0654778480529785
13312,2.2225162982940674,-0.9768847823143005
13313,-0.030721276998519897,10.869526863098145
13314,-7.50329065322876,-3.7196168899536133
13315,-11.303569793701172,6.8683953285217285
13316,2.6384310722351074,-0.15463107824325562
13317,0.9769494533538818,-0.6108245253562927
13318,-15.345803260803223,6.65230131149292
13319,-10.532968521118164,-4.523733139038086
13320,-0.35695120692253113,10.698688507080078
13321,2.0883078575134277,0.8064184188842773
13322,3.4707493782043457,0.19587895274162292
13323,1.0682735443115234,-1.5491211414337158
13324,1.2511305809020996,19.20067596435547
13325,-9.041566848754883,-3.32507061958313
13326,7.972902774810791,3.2467145919799805
13327,5.254247188568115,5.521983623504639
13328,-3.625516414642334,12.227004051208496
13329,-15.978178024291992,-7.610475540161133
13330,9.769082069396973,-0.9327892661094666
13331,8.966819763183594,-8.288766860961914
13332,3.8441836833953857,0.8103126883506775
13333,-2.2870514392852783,10.588539123535156
13334,-2.2021288871765137,2.831622838973999
13335,-5.995702266693115,-6.421728610992432
13336,-1.7398196458816528,3.976330041885376
13337,6.2861409187316895,-5.647170066833496
13338,2.905195474624634,-0.20089080929756165
13339,0.5803796052932739,-1.775649070739746
13340,-3.6841185092926025,-4.1080498695373535
13341,0.5442777872085571,8.012675285339355
13342,6.542307376861572,-8.109061241149902
13343,9.559391975402832,2.779991626739502
13344,-16.743236541748047,-1.3972432613372803
13345,-3.9913949966430664,-2.4240622520446777
13346,5.551957607269287,-1.2385140657424927
13347,-21.052291870117188,10.791141510009766
13348,-2.0551507472991943,9.647477149963379
13349,-7.202195167541504,-2.7921195030212402
13350,0.5714858770370483,-2.770601272583008
13351,-4.284170627593994,-9.560053825378418
13352,-11.172618865966797,-0.371635377407074
13353,-4.812994480133057,-5.913098335266113
13354,2.9337337017059326,1.0649969577789307
13355,-1.7469311952590942,6.417672157287598
13356,1.4091575145721436,4.041622161865234
13357,-3.476524829864502,2.395717144012451
13358,-0.05187991261482239,0.7617414593696594
13359,0.4675009548664093,-1.0400508642196655
13360,-1.5762996673583984,10.09329891204834
13361,-22.52977180480957,0.6669495701789856
13362,-0.5758075714111328,-2.8653783798217773
13363,-13.817419052124023,-4.821664810180664
13364,-26.047758102416992,2.50665283203125
13365,-14.65041732788086,-11.338614463806152
13366,-1.5817025899887085,10.757633209228516
13367,1.7404534816741943,1.3636574745178223
13368,6.2829389572143555,2.9207754135131836
13369,0.5730777978897095,-1.8690874576568604
13370,3.8106954097747803,-1.143492341041565
13371,-2.533831834793091,-5.988122940063477
13372,-3.1609995365142822,1.9192612171173096
13373,5.235968112945557,13.545827865600586
13374,-21.11390495300293,9.478375434875488
13375,1.087190866470337,-2.0549895763397217
13376,4.500875949859619,5.595842361450195
13377,1.9225225448608398,-1.7552077770233154
13378,1.9245407581329346,-2.1670844554901123
13379,0.3596659004688263,1.0056124925613403
13380,-0.8116850852966309,-0.6426131129264832
13381,1.135051965713501,-1.9507057666778564
13382,2.049832820892334,-2.593081474304199
13383,3.4318814277648926,-4.212483882904053
13384,-6.217430114746094,-3.040309190750122
13385,4.79479455947876,-0.30688655376434326
13386,9.035951614379883,-8.819818496704102
13387,-1.9081001281738281,9.533587455749512
13388,2.694805383682251,-1.5931453704833984
13389,-29.01972198486328,3.1699278354644775
13390,-5.657379150390625,-9.612059593200684
13391,8.428956031799316,6.068694114685059
13392,0.674323320388794,-1.3693180084228516
13393,7.584367275238037,4.061473369598389
13394,0.004903286695480347,0.5115472674369812
13395,-12.1575288772583,-2.662414789199829
13396,-8.806427001953125,-4.511716365814209
13397,-0.6759076118469238,3.8882839679718018
13398,-3.2612786293029785,11.781365394592285
13399,8.703619956970215,6.5654096603393555
13400,8.768858909606934,5.8990559577941895
13401,3.5742690563201904,13.320887565612793
13402,-1.3758041858673096,13.131844520568848
13403,-5.212283134460449,-5.373069763183594
13404,9.098356246948242,4.474267959594727
13405,-24.840890884399414,9.525572776794434
13406,-1.9697160720825195,-4.509439945220947
13407,2.963608503341675,12.131260871887207
13408,4.474067687988281,-4.143825054168701
13409,-2.9804444313049316,-8.85543155670166
13410,0.3193366527557373,-1.449784517288208
13411,-1.2526066303253174,-4.0741286277771
13412,-1.2093809843063354,-5.585016250610352
13413,-13.6800537109375,-12.693734169006348
13414,0.5955557823181152,2.163499355316162
13415,-8.687443733215332,-3.061527967453003
13416,2.8700287342071533,-4.951208591461182
13417,3.674981117248535,13.753654479980469
13418,-0.2787322700023651,11.465031623840332
13419,10.185689926147461,3.0735080242156982
13420,-3.7041127681732178,-0.8498991131782532
13421,-33.38790512084961,2.5946133136749268
13422,7.76181173324585,-0.6037914156913757
13423,-19.372154235839844,6.625953674316406
13424,-2.005357027053833,4.790456771850586
13425,6.4367995262146,13.834282875061035
13426,8.5096435546875,3.4535181522369385
13427,10.8033447265625,7.282793998718262
13428,-2.067047595977783,3.577268123626709
13429,-3.6565444469451904,2.1805970668792725
13430,-0.545024037361145,12.127019882202148
13431,5.111214637756348,-5.093425750732422
13432,7.425846576690674,13.267035484313965
13433,-1.6506612300872803,3.5085043907165527
13434,-0.005085200071334839,7.5077738761901855
13435,3.974928140640259,1.2977299690246582
13436,-5.088235378265381,-3.139521360397339
13437,-17.130998611450195,0.31620651483535767
13438,6.1465840339660645,-6.289470195770264
13439,1.4898438453674316,1.5715646743774414
13440,-4.0230488777160645,-8.05750846862793
13441,4.055576801300049,-1.9112653732299805
13442,-22.203222274780273,0.5234812498092651
13443,-3.256702423095703,1.645542860031128
13444,1.4359098672866821,-2.3881309032440186
13445,1.7345211505889893,-2.6211230754852295
13446,-18.24991798400879,3.0583369731903076
13447,3.621814727783203,0.8082956075668335
13448,1.6889979839324951,-5.657434463500977
13449,-5.697335243225098,-1.2802908420562744
13450,0.7958506345748901,1.7585128545761108
13451,7.657175064086914,2.058828353881836
13452,-8.055715560913086,-4.3046183586120605
13453,1.0983506441116333,-0.634511411190033
13454,-8.86210823059082,-8.335821151733398
13455,0.37650981545448303,-0.8253470063209534
13456,4.766913890838623,2.694593667984009
13457,-1.0278315544128418,13.424232482910156
13458,-1.3657824993133545,-0.5332075357437134
13459,-20.42510986328125,-3.191859006881714
13460,-7.326441287994385,-5.365277290344238
13461,-1.5085445642471313,7.590653419494629
13462,3.7166495323181152,0.4911426901817322
13463,-1.0083732604980469,0.9851002097129822
13464,-0.03370341658592224,0.5001521110534668
13465,-4.5255022048950195,-7.566250324249268
13466,-3.025648355484009,-8.363869667053223
13467,-1.070507287979126,-2.7517154216766357
13468,-34.73724365234375,8.3632173538208
13469,-5.688607692718506,8.732386589050293
13470,5.223528861999512,-3.3038740158081055
13471,1.2721328735351562,0.29700756072998047
13472,-13.542732238769531,-4.813849925994873
13473,7.450887203216553,-7.741692066192627
13474,-15.941495895385742,-6.56176233291626
13475,-18.409168243408203,-0.03422940522432327
13476,5.617849826812744,-2.288282871246338
13477,-3.303544282913208,-10.338990211486816
13478,1.2587528228759766,-2.361546754837036
13479,-5.0887861251831055,-2.4118258953094482
13480,-8.707582473754883,-7.942296981811523
13481,7.7512407302856445,3.6590425968170166
13482,0.25518009066581726,0.3250659108161926
13483,-2.263906478881836,9.613073348999023
13484,-3.5255744457244873,-8.53939151763916
13485,1.9249823093414307,-3.9848716259002686
13486,-0.04714098572731018,0.7831382155418396
13487,-14.855447769165039,8.09045696258545
13488,-13.020063400268555,7.824271202087402
13489,-16.148645401000977,8.006844520568848
13490,-13.843416213989258,-4.759575366973877
13491,1.9753780364990234,1.481845498085022
13492,-3.351428985595703,-10.359189987182617
13493,5.08875036239624,-6.135018348693848
13494,1.1147032976150513,1.2205055952072144
13495,-6.257753849029541,3.8606173992156982
13496,4.987442493438721,12.218958854675293
13497,-9.518586158752441,-9.523520469665527
13498,-14.4935884475708,-5.975438594818115
13499,-9.709270477294922,-3.7499489784240723
13500,6.71462869644165,5.788378715515137
13501,11.370767593383789,-4.8867363929748535
13502,-8.248190879821777,-8.468308448791504
13503,0.24536320567131042,-2.5007364749908447
13504,2.9794414043426514,-0.9869706034660339
13505,1.7253453731536865,0.24587476253509521
13506,-12.850667953491211,6.187865734100342
13507,-11.794527053833008,-2.411386251449585
13508,-18.974721908569336,9.502961158752441
13509,-2.0255677700042725,-4.236378192901611
13510,-22.76034164428711,-0.5547993779182434
13511,-5.711508274078369,-5.8524041175842285
13512,-1.7959237098693848,-2.9888107776641846
13513,-1.9984993934631348,11.384642601013184
13514,0.5721650123596191,-0.8713371157646179
13515,-7.731361389160156,6.524017810821533
13516,7.412121772766113,-7.540015697479248
13517,2.5327322483062744,-3.8223588466644287
13518,9.439141273498535,-7.960580348968506
13519,-9.879365921020508,1.1517107486724854
13520,10.242067337036133,4.061376094818115
13521,7.776936054229736,3.171717405319214
13522,-0.6043558120727539,6.116922378540039
13523,-3.1436617374420166,-7.466475009918213
13524,7.6797990798950195,3.9619343280792236
13525,-0.0691671073436737,0.8623341917991638
13526,-16.539392471313477,-6.178671360015869
13527,7.242638111114502,6.136996746063232
13528,1.8873248100280762,-2.3388092517852783
13529,1.7662060260772705,4.8848795890808105
13530,-2.4302029609680176,8.099804878234863
13531,-4.904850482940674,4.060109615325928
13532,6.233595371246338,5.842527866363525
13533,1.6726535558700562,-1.7436950206756592
13534,0.14961352944374084,-1.79038667678833
13535,-2.3675947189331055,4.3178391456604
13536,-1.3879226446151733,9.174405097961426
13537,7.878851413726807,5.823850631713867
13538,-11.541862487792969,7.35679292678833
13539,4.187422275543213,-2.459195852279663
13540,5.263948917388916,-0.5485368371009827
13541,-11.8524808883667,-1.6594706773757935
13542,-1.4738388061523438,1.5141716003417969
13543,5.941830635070801,13.040318489074707
13544,0.5689413547515869,-2.2308449745178223
13545,9.146842002868652,4.045902729034424
13546,-0.037226974964141846,-1.0525771379470825
13547,-1.8341844081878662,-2.612894296646118
13548,3.15256667137146,4.18154764175415
13549,-0.9544129371643066,5.480991840362549
13550,-1.684914469718933,9.427398681640625
13551,7.36845064163208,6.126822471618652
13552,3.4730384349823,0.8892226815223694
13553,-5.132261753082275,8.377034187316895
13554,-5.192936420440674,-2.8606131076812744
13555,-7.321475505828857,-7.5579304695129395
13556,18.972135543823242,-3.4623918533325195
13557,-0.04639396071434021,0.8935192823410034
13558,3.9625513553619385,-3.3954265117645264
13559,6.381077289581299,12.66075325012207
13560,-6.585418224334717,8.479453086853027
13561,1.1167010068893433,0.25831857323646545
13562,-16.934093475341797,3.845848798751831
13563,-14.352686882019043,8.81320858001709
13564,4.933868885040283,13.444722175598145
13565,0.7329530715942383,4.671995639801025
13566,0.8867473602294922,0.8872219324111938
13567,-3.4237773418426514,-2.3828935623168945
13568,-17.698579788208008,-6.898894309997559
13569,5.710700511932373,5.525663375854492
13570,-7.1973185539245605,-6.204304218292236
13571,4.563934803009033,5.688840866088867
13572,4.0070109367370605,-5.691188335418701
13573,-17.541276931762695,-8.167630195617676
13574,1.3839523792266846,0.26645171642303467
13575,-10.779815673828125,4.4961466789245605
13576,-1.2369892597198486,11.228795051574707
13577,11.327762603759766,7.060776710510254
13578,-1.175490379333496,8.97249698638916
13579,-7.410654544830322,-6.825538635253906
13580,1.9547293186187744,-0.8502741456031799
13581,-1.0073174238204956,3.737605094909668
13582,-12.218362808227539,-3.2881357669830322
13583,8.251619338989258,-9.825634956359863
13584,8.80940055847168,-7.729997634887695
13585,-1.5712605714797974,-3.6224350929260254
13586,-0.9161235094070435,-0.44744324684143066
13587,5.944705009460449,-9.151187896728516
13588,0.4820840656757355,-0.050913698971271515
13589,-2.8520328998565674,-3.609529495239258
13590,3.7598745822906494,14.971360206604004
13591,-3.210505247116089,-7.634769439697266
13592,6.6655144691467285,-4.283181190490723
13593,0.39065298438072205,-1.9893921613693237
13594,0.09044376015663147,2.927053213119507
13595,2.782595634460449,7.897175312042236
13596,-2.24892258644104,-7.1714043617248535
13597,0.6878948211669922,-2.407663583755493
13598,6.54225492477417,-6.616856098175049
13599,-13.659835815429688,7.361539363861084
13600,2.346412420272827,-2.857037305831909
13601,2.7560555934906006,-2.241020441055298
13602,-3.5275847911834717,0.9459829926490784
13603,-2.273491859436035,-5.31952428817749
13604,0.12155857682228088,5.570523738861084
13605,-1.2334446907043457,7.439230918884277
13606,0.05179545283317566,0.30626368522644043
13607,0.36418142914772034,3.579174280166626
13608,-25.823055267333984,4.267974376678467
13609,-3.1059563159942627,1.8116199970245361
13610,-11.402904510498047,-2.492875099182129
13611,-39.104740142822266,6.803374290466309
13612,8.675944328308105,1.641380786895752
13613,-16.78278923034668,3.107567310333252
13614,-7.4912543296813965,-0.07514018565416336
13615,0.441344290971756,-2.21455454826355
13616,0.05640873312950134,0.44905298948287964
13617,-2.6478826999664307,5.735856533050537
13618,2.5709173679351807,3.0509753227233887
13619,-11.014659881591797,-0.5246476531028748
13620,5.379652500152588,1.7449078559875488
13621,-5.239898204803467,4.86102294921875
13622,-1.647632360458374,13.092381477355957
13623,-7.592280864715576,-5.792775630950928
13624,1.9880268573760986,5.761765956878662
13625,-7.18375825881958,7.860105037689209
13626,-2.7004358768463135,0.8273254632949829
13627,6.589766025543213,-5.470767498016357
13628,-3.601743221282959,-4.500441074371338
13629,-1.6798019409179688,10.496987342834473
13630,1.844834804534912,-4.071401596069336
13631,-0.8735783100128174,-5.538212299346924
13632,-4.002767562866211,4.069295406341553
13633,0.45525088906288147,3.5115182399749756
13634,-4.4007110595703125,-9.437106132507324
13635,6.431552410125732,3.2487690448760986
13636,2.991081953048706,-1.7576415538787842
13637,-0.19812068343162537,1.253308892250061
13638,1.022975206375122,-1.0563938617706299
13639,-1.4517362117767334,5.1884894371032715
13640,1.6353083848953247,4.352756977081299
13641,3.1692142486572266,-5.2043137550354
13642,-1.1603107452392578,2.869304656982422
13643,-14.384331703186035,-4.293765544891357
13644,-3.852544069290161,-9.801461219787598
13645,9.826770782470703,1.2865140438079834
13646,-1.1578902006149292,-5.275351047515869
13647,-8.616466522216797,-8.097229957580566
13648,-1.2020130157470703,2.7697057723999023
13649,2.3472797870635986,-1.736411213874817
13650,-17.322872161865234,0.6709001660346985
13651,5.653128147125244,15.954327583312988
13652,0.861778736114502,-1.9727106094360352
13653,-19.081462860107422,9.573653221130371
13654,4.51247501373291,1.5940715074539185
13655,7.184167861938477,-8.655488967895508
13656,-0.8812270164489746,7.037660121917725
13657,0.07120367884635925,0.3878422677516937
13658,-0.7583091259002686,-1.2275627851486206
13659,7.329995155334473,2.252830743789673
13660,8.583534240722656,-4.420259952545166
13661,-15.158010482788086,-5.664341926574707
13662,1.6466162204742432,2.7889018058776855
13663,6.493396282196045,-1.4749038219451904
13664,0.048630982637405396,3.210265874862671
13665,3.1931521892547607,4.5125813484191895
13666,0.09102150797843933,0.46068698167800903
13667,5.2661004066467285,-5.78822660446167
13668,5.404443264007568,0.8317345976829529
13669,-6.9982380867004395,-11.246261596679688
13670,-8.522294044494629,9.940945625305176
13671,-3.9575343132019043,-7.057913303375244
13672,-22.090940475463867,11.136507987976074
13673,1.4999809265136719,12.307443618774414
13674,-5.28461217880249,1.447676181793213
13675,-1.6490669250488281,8.660687446594238
13676,8.833975791931152,7.131401062011719
13677,0.9817841053009033,-0.6020760536193848
13678,-1.2155951261520386,13.342967987060547
13679,-4.3421549797058105,-1.9903662204742432
13680,2.942614793777466,0.8243579268455505
13681,6.489818096160889,2.1447818279266357
13682,-1.4014633893966675,15.81847095489502
13683,4.01357364654541,-1.465625286102295
13684,-21.097198486328125,4.6955342292785645
13685,1.748301386833191,-0.669712245464325
13686,4.710951805114746,-5.049047946929932
13687,5.924978733062744,0.1618860960006714
13688,1.0972061157226562,-1.0198242664337158
13689,-7.637392997741699,8.564699172973633
13690,9.007143020629883,4.992217063903809
13691,4.789527416229248,5.6901984214782715
13692,-14.068596839904785,-8.339085578918457
13693,-0.3277401626110077,9.758109092712402
13694,3.4032247066497803,3.109548330307007
13695,10.547574996948242,6.355491638183594
13696,7.663257598876953,10.141546249389648
13697,2.6146585941314697,0.33760911226272583
13698,8.76960277557373,-1.2050161361694336
13699,-2.548492908477783,1.71033775806427
13700,-1.9841015338897705,-0.6999247670173645
13701,4.0902605056762695,1.1768193244934082
13702,-0.05335491895675659,-1.327462077140808
13703,-23.582761764526367,10.956154823303223
13704,-3.063483476638794,-8.082198143005371
13705,4.537214756011963,12.144742012023926
13706,6.132384777069092,1.2456324100494385
13707,3.733685255050659,-2.131270170211792
13708,-23.14493751525879,-0.262116014957428
13709,-10.638904571533203,-2.833221197128296
13710,9.90684700012207,-8.387777328491211
13711,7.428771495819092,1.4769121408462524
13712,0.1313256323337555,3.53794002532959
13713,-24.66193199157715,5.587219715118408
13714,4.619239330291748,-0.19059860706329346
13715,-14.733034133911133,-4.219214916229248
13716,0.3813563883304596,-1.7947673797607422
13717,0.22904279828071594,-1.7813746929168701
13718,2.217611789703369,0.41897469758987427
13719,-0.7077955007553101,1.4874683618545532
13720,6.558679103851318,-1.2301898002624512
13721,4.814333438873291,-1.0098201036453247
13722,-9.237691879272461,-3.5751166343688965
13723,-2.067488670349121,-2.29429292678833
13724,6.063051700592041,-4.656546592712402
13725,-11.86640739440918,-10.669936180114746
13726,0.524383544921875,-1.632084846496582
13727,3.5782811641693115,-5.473036289215088
13728,-9.46540355682373,-6.07655668258667
13729,-2.1113979816436768,11.342583656311035
13730,3.706521511077881,-0.0705648735165596
13731,-2.6005237102508545,7.7516865730285645
13732,-13.698226928710938,-11.847497940063477
13733,-11.007018089294434,-4.880705833435059
13734,5.404447555541992,-2.7485342025756836
13735,1.3328115940093994,-1.826760172843933
13736,0.9949971437454224,-2.3436453342437744
13737,-1.2889317274093628,12.723936080932617
13738,-0.7919751405715942,7.130054950714111
13739,-4.091368675231934,-7.056321620941162
13740,0.7750387191772461,-1.0687590837478638
13741,-2.096920967102051,-6.615140438079834
13742,1.9799818992614746,-5.553287982940674
13743,-2.095712661743164,-1.529025912284851
13744,6.599897861480713,2.148341178894043
13745,-6.311062335968018,-6.651834011077881
13746,-3.3111236095428467,11.672600746154785
13747,-2.6617801189422607,11.594590187072754
13748,0.7582536935806274,1.1301326751708984
13749,-17.796428680419922,1.4840185642242432
13750,0.06169143319129944,1.9277517795562744
13751,-2.6046767234802246,-8.875787734985352
13752,-19.730459213256836,-1.919329285621643
13753,-2.204291582107544,10.512045860290527
13754,-0.11856302618980408,0.820206344127655
13755,-2.1235930919647217,-1.9870243072509766
13756,2.922081708908081,-1.7158763408660889
13757,-2.2065699100494385,10.808419227600098
13758,-0.4644274413585663,-2.1310536861419678
13759,-7.780194282531738,-6.5671515464782715
13760,-0.2175295054912567,-3.5929648876190186
13761,8.119115829467773,0.7152758240699768
13762,-1.1324657201766968,13.351147651672363
13763,-8.005160331726074,-8.002243041992188
13764,-1.0487390756607056,13.40427303314209
13765,0.7737933397293091,-2.081517457962036
13766,-4.737809181213379,-8.440289497375488
13767,-6.8076558113098145,7.2683305740356445
13768,-2.532965660095215,-5.666962146759033
13769,6.429709434509277,5.647514343261719
13770,2.126307964324951,0.9849845767021179
13771,2.798907518386841,-3.026085615158081
13772,0.4874044954776764,-1.2036181688308716
13773,-1.5670039653778076,-3.1823222637176514
13774,2.2159781455993652,-3.8765532970428467
13775,2.5896308422088623,-2.334946870803833
13776,-2.7391231060028076,-6.854630470275879
13777,8.088037490844727,3.570812463760376
13778,4.8294878005981445,-4.174849987030029
13779,3.0907208919525146,-4.463623523712158
13780,-3.67975115776062,-7.870985507965088
13781,5.735707759857178,5.912002086639404
13782,2.157118320465088,-2.2942984104156494
13783,0.25893643498420715,-1.6820505857467651
13784,10.26148796081543,-5.914052486419678
13785,-4.394581317901611,4.194650650024414
13786,-1.8142505884170532,-5.981188774108887
13787,3.8415987491607666,4.429154396057129
13788,1.1593668460845947,1.4884581565856934
13789,4.524355888366699,-4.965750694274902
13790,-14.956161499023438,-6.329761981964111
13791,-1.307724952697754,3.02998948097229
13792,-27.535608291625977,9.402466773986816
13793,-20.634780883789062,9.93319034576416
13794,-0.9719964265823364,0.2682567834854126
13795,0.9680020809173584,-1.3197672367095947
13796,-11.578371047973633,-6.496763706207275
13797,-0.9546183347702026,-0.8224119544029236
13798,2.4464755058288574,-1.7395031452178955
13799,-3.7499194145202637,-10.425122261047363
13800,2.532078504562378,-1.8435161113739014
13801,-3.7214605808258057,3.380927085876465
13802,4.185606002807617,3.917836904525757
13803,6.198994159698486,-6.938443183898926
13804,-5.69234561920166,-3.8055145740509033
13805,-14.041582107543945,-0.5250799655914307
13806,0.4303431808948517,-1.8192863464355469
13807,-1.3929413557052612,10.029760360717773
13808,-4.833654880523682,6.152602672576904
13809,-0.0723598301410675,0.8459846377372742
13810,6.175457954406738,-6.142263412475586
13811,-2.3917431831359863,10.58411693572998
13812,6.54868745803833,-7.998927593231201
13813,0.104291170835495,-0.26040422916412354
13814,0.5594565868377686,5.2521891593933105
13815,-1.7668256759643555,-7.562169551849365
13816,-11.166495323181152,-10.595603942871094
13817,5.9699578285217285,-4.051580429077148
13818,10.04109001159668,6.087744235992432
13819,-1.6685316562652588,-6.26519775390625
13820,10.505714416503906,5.660254955291748
13821,-3.8804233074188232,2.097501277923584
13822,0.8535102605819702,1.1686041355133057
13823,5.832874774932861,2.9288809299468994
13824,1.4722926616668701,4.126462459564209
13825,-9.654876708984375,-10.669548988342285
13826,-15.722813606262207,-3.121212959289551
13827,1.7554320096969604,-3.3222198486328125
13828,-1.0385969877243042,3.1684656143188477
13829,-0.03205910325050354,0.588111162185669
13830,-0.09303182363510132,-0.9981449246406555
13831,6.301422595977783,-5.00546407699585
13832,-12.869991302490234,-9.301610946655273
13833,0.5002806186676025,1.4709513187408447
13834,-18.227170944213867,9.02673053741455
13835,1.3465795516967773,1.648838996887207
13836,-0.12223562598228455,2.167724132537842
13837,-0.9777097702026367,0.024905137717723846
13838,4.140443801879883,2.0475192070007324
13839,-2.4034852981567383,-5.449984073638916
13840,-1.6810458898544312,8.001896858215332
13841,-0.45892032980918884,3.6378610134124756
13842,1.023666501045227,-0.4087460935115814
13843,-10.942419052124023,-2.666337490081787
13844,-4.8056254386901855,5.868167400360107
13845,-2.9468882083892822,0.05138903111219406
13846,-4.073881149291992,3.9857800006866455
13847,3.3093605041503906,-4.873215675354004
13848,6.985454559326172,-3.640695333480835
13849,5.593786716461182,-3.780008554458618
13850,3.320035457611084,-2.37465500831604
13851,-14.085294723510742,0.017641954123973846
13852,14.124226570129395,-5.578200817108154
13853,3.183077573776245,-1.5568010807037354
13854,-1.472231388092041,-4.645013332366943
13855,2.65061354637146,-1.188840627670288
13856,-20.33063316345215,-1.8708375692367554
13857,-2.530322790145874,-8.054757118225098
13858,2.4750442504882812,3.652179002761841
13859,4.180587291717529,-3.342972755432129
13860,3.2172486782073975,-4.0926642417907715
13861,-3.7820279598236084,-5.3644700050354
13862,11.593652725219727,-2.6619455814361572
13863,1.3027832508087158,-2.8752481937408447
13864,8.109467506408691,1.1794906854629517
13865,-5.221989631652832,5.740926265716553
13866,6.180102825164795,-6.2143988609313965
13867,8.94222640991211,5.4123101234436035
13868,-13.452814102172852,-5.866358757019043
13869,-7.378981113433838,-7.474920749664307
13870,-11.571245193481445,6.129420757293701
13871,0.6307474374771118,-1.1726977825164795
13872,-29.605220794677734,2.4977259635925293
13873,-0.7831177711486816,11.72436237335205
13874,7.044992923736572,5.539029598236084
13875,3.139399290084839,10.538464546203613
13876,4.109827041625977,-0.08092952519655228
13877,0.1491815149784088,4.144179344177246
13878,-0.03325161337852478,0.6003073453903198
13879,-0.13534924387931824,1.1003997325897217
13880,-9.702397346496582,1.61342191696167
13881,-2.4736502170562744,-5.557745456695557
13882,6.995240688323975,5.818808078765869
13883,3.9296324253082275,-4.8062591552734375
13884,-2.107327938079834,11.335098266601562
13885,0.07345077395439148,1.1796512603759766
13886,-4.141909599304199,-9.12955093383789
13887,0.04338601231575012,-0.6107078790664673
13888,0.870232343673706,-2.2132396697998047
13889,0.06641429662704468,-0.8267850279808044
13890,-9.709554672241211,0.9656415581703186
13891,-1.465348720550537,10.0089750289917
13892,-22.6915340423584,-0.40838199853897095
13893,1.0250656604766846,-0.6022608280181885
13894,-1.8098201751708984,-6.060880661010742
13895,-1.5618820190429688,7.888129711151123
13896,-0.907955527305603,11.354002952575684
13897,-4.09276819229126,-0.08196903020143509
13898,0.3802706301212311,-1.5118519067764282
13899,-5.8282036781311035,-3.3465940952301025
13900,3.5119121074676514,-4.653724193572998
13901,-17.91019630432129,-0.7581046223640442
13902,0.8274675607681274,-1.4863027334213257
13903,-6.577767848968506,6.8366522789001465
13904,1.2408794164657593,1.1840839385986328
13905,-1.5915651321411133,7.0290350914001465
13906,-3.481670379638672,-9.7152099609375
13907,9.336494445800781,7.0743513107299805
13908,-4.766866207122803,-3.4277851581573486
13909,-7.192972660064697,-9.459975242614746
13910,6.0557990074157715,0.15897971391677856
13911,6.085160732269287,-6.6595964431762695
13912,-4.325605869293213,-4.463684558868408
13913,0.728371262550354,-1.5947691202163696
13914,5.515254497528076,11.671934127807617
13915,0.9773825407028198,1.3208906650543213
13916,0.5123928785324097,2.2901031970977783
13917,0.5060352087020874,-1.282023310661316
13918,0.7581685781478882,-2.137324571609497
13919,-0.6263932585716248,-0.8708421587944031
13920,0.07797464728355408,0.28307202458381653
13921,-27.88388442993164,5.090625286102295
13922,-5.456693172454834,-6.512028217315674
13923,-0.2835744321346283,2.691535234451294
13924,-2.6965854167938232,-7.960333347320557
13925,-4.177441120147705,-5.28152322769165
13926,3.0434725284576416,-0.8675222396850586
13927,-8.1126127243042,-6.587267875671387
13928,-11.321722030639648,-7.170036792755127
13929,-3.4293224811553955,-9.873703956604004
13930,-30.026493072509766,4.76299524307251
13931,-29.52311897277832,3.4833900928497314
13932,-14.956668853759766,3.9834578037261963
13933,-2.911757469177246,1.7198318243026733
13934,-2.6290674209594727,-5.154999256134033
13935,8.36232852935791,-2.283353090286255
13936,7.817008018493652,1.6744581460952759
13937,1.110257625579834,-2.4725382328033447
13938,7.439749240875244,-8.597176551818848
13939,-0.33516058325767517,1.7391570806503296
13940,0.48424550890922546,-1.3958089351654053
13941,-3.58069109916687,2.7599189281463623
13942,-0.7622207403182983,9.042261123657227
13943,3.0315988063812256,-0.19561412930488586
13944,-11.460779190063477,-3.984544038772583
13945,4.143062114715576,11.968017578125
13946,1.161352515220642,-2.1318271160125732
13947,-1.049113154411316,-3.013005495071411
13948,-1.9205117225646973,10.769098281860352
13949,4.07724142074585,4.642109394073486
13950,-16.30057716369629,10.132712364196777
13951,-0.05473008751869202,0.7151954770088196
13952,11.163780212402344,5.243527889251709
13953,-1.6456623077392578,-4.219417095184326
13954,1.3120967149734497,0.9912404417991638
13955,-2.0352370738983154,8.885676383972168
13956,-14.652835845947266,-5.169703006744385
13957,1.2597813606262207,3.946509599685669
13958,0.41283586621284485,-1.2765984535217285
13959,-1.8964763879776,-4.024477005004883
13960,-8.093961715698242,12.65242862701416
13961,-0.8858771324157715,-1.7634220123291016
13962,-0.5884373188018799,3.528904676437378
13963,-6.26616096496582,10.925500869750977
13964,0.23586297035217285,-2.1460089683532715
13965,5.008185863494873,1.2936809062957764
13966,8.022114753723145,-8.033730506896973
13967,-0.593036413192749,2.6130292415618896
13968,2.1352241039276123,-3.584862232208252
13969,-2.2707343101501465,-7.563826560974121
13970,-8.279134750366211,-7.734538555145264
13971,10.235126495361328,-5.238868713378906
13972,0.21704140305519104,-1.9701721668243408
13973,-5.828369617462158,6.1576714515686035
13974,-3.07983136177063,9.761226654052734
13975,-1.4830527305603027,10.996442794799805
13976,-4.187480926513672,-5.727426052093506
13977,5.1895976066589355,9.982132911682129
13978,3.6798675060272217,4.574587345123291
13979,-11.344911575317383,-6.055179119110107
13980,-5.800869464874268,-10.66545581817627
13981,-3.157773494720459,1.9157947301864624
13982,-6.753811359405518,-2.881422758102417
13983,-10.698189735412598,7.714903354644775
13984,-1.868377447128296,-1.605833888053894
13985,-2.8960273265838623,9.078324317932129
13986,4.730821132659912,1.5436407327651978
13987,3.3040034770965576,4.170158863067627
13988,-10.609045028686523,-7.7353291511535645
13989,1.1440317630767822,-1.7543325424194336
13990,8.30229663848877,-9.480582237243652
13991,-13.819520950317383,-6.118515491485596
13992,4.206748008728027,-3.1190383434295654
13993,-0.7013511657714844,-0.3445970118045807
13994,-0.706357479095459,6.1786208152771
13995,1.525876522064209,3.5908615589141846
13996,10.07209587097168,-9.082497596740723
13997,0.1539008915424347,3.302300214767456
13998,3.793699264526367,3.270646333694458
13999,-4.837844371795654,4.1038689613342285
14000,-5.625725269317627,7.166524410247803
14001,0.3798164427280426,-0.957090437412262
14002,-28.67604637145996,1.141695499420166
14003,8.087398529052734,4.621882915496826
14004,-2.28139591217041,-6.808965682983398
14005,-1.2789561748504639,6.630986213684082
14006,-2.6306650638580322,-5.776793956756592
14007,-3.2218539714813232,-9.561138153076172
14008,-2.3840317726135254,-5.197475433349609
14009,-3.1917388439178467,1.981929063796997
14010,-2.3781139850616455,4.688572883605957
14011,0.34772172570228577,2.5216290950775146
14012,-10.976879119873047,-4.145594120025635
14013,-2.621565818786621,0.039601512253284454
14014,0.4724356234073639,-1.1899664402008057
14015,-16.022113800048828,-7.091372966766357
14016,4.5010504722595215,-3.633436679840088
14017,5.935718536376953,-0.1627516746520996
14018,-1.4375423192977905,10.19591999053955
14019,7.048751354217529,0.17732256650924683
14020,2.6665985584259033,-3.198031425476074
14021,6.965681076049805,5.712467670440674
14022,-2.3594765663146973,-6.4518232345581055
14023,-0.9046504497528076,0.7011811137199402
14024,12.711726188659668,-4.580036640167236
14025,2.304287910461426,-1.0062106847763062
14026,-41.45535659790039,7.677059650421143
14027,-9.041468620300293,-0.294831246137619
14028,5.97263765335083,1.4062306880950928
14029,-1.524467945098877,-2.1909842491149902
14030,-1.3357312679290771,12.504488945007324
14031,-2.564951181411743,-9.027546882629395
14032,4.772765636444092,6.442502498626709
14033,-9.327170372009277,-2.7009570598602295
14034,1.2491005659103394,-0.6012108325958252
14035,-13.915019989013672,-6.279776096343994
14036,-3.844636917114258,-9.621159553527832
14037,-2.5857772827148438,6.5321455001831055
14038,1.3777741193771362,4.155271053314209
14039,-11.13076114654541,6.604221820831299
14040,1.130492091178894,-0.06769511848688126
14041,5.831262111663818,3.1276423931121826
14042,-10.018884658813477,0.27918297052383423
14043,4.855639934539795,-0.5710353851318359
14044,-10.302608489990234,-10.754176139831543
14045,5.238945484161377,-2.7489161491394043
14046,-6.506275653839111,8.917174339294434
14047,6.828689098358154,-9.60693073272705
14048,-40.067684173583984,7.321783542633057
14049,7.1507887840271,1.2430694103240967
14050,1.781366229057312,0.41459921002388
14051,1.5153369903564453,-1.6937140226364136
14052,-9.071247100830078,-3.145444393157959
14053,4.331518173217773,1.5934072732925415
14054,4.537957668304443,0.32872289419174194
14055,-10.293434143066406,-7.325774669647217
14056,9.182992935180664,-1.3343400955200195
14057,-0.9719361066818237,1.7302613258361816
14058,-6.0976386070251465,6.25881290435791
14059,5.5081095695495605,1.0007436275482178
14060,-0.921200156211853,4.6330037117004395
14061,-11.002233505249023,-2.5895307064056396
14062,-2.165231466293335,-5.532525539398193
14063,-0.8368344306945801,-0.5193372964859009
14064,-14.311981201171875,-6.490217208862305
14065,9.796224594116211,6.517274856567383
14066,0.35280993580818176,2.322282075881958
14067,6.470853328704834,-6.6370062828063965
14068,-22.12735939025879,0.5125238299369812
14069,0.555142879486084,3.7782022953033447
14070,7.0783772468566895,4.778822898864746
14071,-0.5182836651802063,1.461759328842163
14072,-0.25848647952079773,3.914321184158325
14073,-22.497066497802734,4.064061164855957
14074,-7.824989318847656,-5.2319769859313965
14075,-2.2889950275421143,8.12337589263916
14076,-17.457927703857422,8.244417190551758
14077,11.988641738891602,3.385342597961426
14078,0.06590571999549866,0.5315465331077576
14079,1.4779196977615356,0.15366902947425842
14080,5.280675411224365,3.0289573669433594
14081,-0.873661994934082,-1.0014731884002686
14082,-3.4634225368499756,-6.750126838684082
14083,-9.465904235839844,5.628763675689697
14084,2.3661086559295654,-1.9957571029663086
14085,-21.429126739501953,-0.37668126821517944
14086,8.176946640014648,6.684030055999756
14087,-4.590012073516846,2.769221067428589
14088,2.028494358062744,-3.178415536880493
14089,-1.7671642303466797,8.41015911102295
14090,-1.8336416482925415,3.2270379066467285
14091,3.203049421310425,0.7972627282142639
14092,-7.1891045570373535,-3.2391724586486816
14093,-1.245624303817749,6.968462944030762
14094,-2.4071950912475586,-7.827064514160156
14095,7.287776947021484,-0.46519479155540466
14096,-6.201765537261963,-5.689062118530273
14097,-3.1381852626800537,2.745241165161133
14098,-10.612781524658203,-4.226429462432861
14099,-2.3206818103790283,-0.7542173266410828
14100,-12.877889633178711,-4.201214790344238
14101,-2.2696897983551025,-6.310080051422119
14102,-1.7260715961456299,-2.891486167907715
14103,-5.346860885620117,7.232431411743164
14104,1.054694652557373,0.09025733917951584
14105,-1.381328821182251,6.915514945983887
14106,-1.1316306591033936,4.510810852050781
14107,0.04441685974597931,-2.0621461868286133
14108,2.014549970626831,-3.6006648540496826
14109,5.004138946533203,1.9704887866973877
14110,0.8488936424255371,2.86645245552063
14111,-9.086684226989746,-0.6864511966705322
14112,7.624380111694336,6.064831256866455
14113,-1.3793350458145142,13.410313606262207
14114,-12.843143463134766,7.408244609832764
14115,3.9049551486968994,-3.427644968032837
14116,0.0014927685260772705,0.6876434683799744
14117,-3.377234697341919,3.7452313899993896
14118,-3.8361406326293945,2.72615647315979
14119,-1.9748077392578125,-3.630479335784912
14120,0.04405680298805237,0.4603612422943115
14121,6.452975273132324,5.9974236488342285
14122,4.8413405418396,2.9823241233825684
14123,-3.72731876373291,-9.597369194030762
14124,0.2856089174747467,-1.2315871715545654
14125,1.3651155233383179,0.0029165074229240417
14126,-3.037118673324585,3.061105966567993
14127,1.8493516445159912,-2.0821774005889893
14128,0.22902944684028625,-1.535585880279541
14129,-11.937810897827148,-6.483611583709717
14130,-4.359228134155273,3.9269392490386963
14131,3.3761770725250244,-2.7185046672821045
14132,1.9635624885559082,16.81696891784668
14133,-7.529482841491699,-5.003031253814697
14134,3.057286024093628,-5.232449054718018
14135,-2.5204877853393555,-6.458075046539307
14136,-46.15810012817383,10.38045883178711
14137,2.753474473953247,0.4496108889579773
14138,6.840481281280518,6.726176738739014
14139,-0.643081784248352,-0.48958367109298706
14140,-1.8653168678283691,9.362940788269043
14141,4.501476287841797,10.443293571472168
14142,-9.136373519897461,0.4154389798641205
14143,3.743182420730591,-0.8668826222419739
14144,-2.32218861579895,7.526729583740234
14145,-1.2708264589309692,-0.18255189061164856
14146,4.151580810546875,5.159094333648682
14147,-1.0550575256347656,4.752979755401611
14148,-2.2220280170440674,9.771639823913574
14149,-2.773392915725708,-9.49392032623291
14150,3.5551397800445557,-1.2315101623535156
14151,-0.7876464128494263,-2.330284357070923
14152,1.0176047086715698,0.547562301158905
14153,-1.8541315793991089,5.585938453674316
14154,0.5500528812408447,-2.396446943283081
14155,-0.07959744334220886,0.7900786995887756
14156,-15.498128890991211,1.2420204877853394
14157,-10.730256080627441,-4.839686870574951
14158,7.148228168487549,-7.139974594116211
14159,0.10046237707138062,-1.2820196151733398
14160,-2.9103004932403564,10.271818161010742
14161,-0.9719775915145874,-0.6042490601539612
14162,-2.001854419708252,-7.575504302978516
14163,4.4154510498046875,-3.686547040939331
14164,10.221643447875977,-8.892411231994629
14165,0.3139762878417969,-1.7021687030792236
14166,-1.18790602684021,2.1422269344329834
14167,2.7970943450927734,11.409110069274902
14168,2.465827226638794,4.678564548492432
14169,1.2013940811157227,-1.5705432891845703
14170,-9.958158493041992,-10.107694625854492
14171,-13.79408073425293,-4.449742317199707
14172,-7.974092483520508,12.409797668457031
14173,3.030623197555542,-3.1426727771759033
14174,0.5306910276412964,-1.5056421756744385
14175,1.3008918762207031,5.086441516876221
14176,2.6428821086883545,-1.2169089317321777
14177,0.432035893201828,-1.2126693725585938
14178,6.716406345367432,5.604523181915283
14179,-2.2205638885498047,-6.885146141052246
14180,0.8908616304397583,-1.802446722984314
14181,0.327303409576416,-1.0944242477416992
14182,6.928857326507568,5.910031795501709
14183,-0.9483716487884521,5.886824131011963
14184,3.255215883255005,4.5537495613098145
14185,-13.44901180267334,-2.510896921157837
14186,-28.01471519470215,4.9502272605896
14187,0.5360801219940186,-2.3646411895751953
14188,1.3466904163360596,-3.3437724113464355
14189,-11.209558486938477,5.516476631164551
14190,-2.0611722469329834,-4.575072765350342
14191,12.887401580810547,-4.189650535583496
14192,-1.6155905723571777,8.36025333404541
14193,5.498244762420654,1.7285254001617432
14194,-0.6267200708389282,8.97358226776123
14195,-9.349935531616211,-3.822349786758423
14196,-0.7850420475006104,4.041672229766846
14197,-4.275850296020508,7.271000862121582
14198,1.7841918468475342,4.796482086181641
14199,-11.95280933380127,-0.20055973529815674
14200,7.926748752593994,13.889121055603027
14201,-31.96771240234375,6.044086933135986
14202,-5.473504066467285,-2.972437858581543
14203,-3.4178473949432373,1.2687535285949707
14204,6.799988269805908,-3.142500638961792
14205,-3.744521379470825,-7.119119167327881
14206,-6.969541072845459,-2.5689802169799805
14207,1.7058343887329102,16.467506408691406
14208,4.1078972816467285,-0.21038752794265747
14209,0.23488685488700867,-0.0470970943570137
14210,0.3706652820110321,-0.9915680289268494
14211,3.0666117668151855,-5.796060085296631
14212,-2.180630683898926,-5.216571807861328
14213,9.368414878845215,2.5115976333618164
14214,-38.59309387207031,9.071803092956543
14215,-7.511775493621826,-4.910455226898193
14216,2.4432551860809326,-0.41832780838012695
14217,-15.318944931030273,3.86964750289917
14218,-1.5417215824127197,-4.385910987854004
14219,-1.9918172359466553,9.538104057312012
14220,3.4668190479278564,3.5001609325408936
14221,3.9639885425567627,4.77150821685791
14222,1.805214524269104,4.698671817779541
14223,1.087712287902832,3.7966392040252686
14224,-5.662656307220459,5.571910381317139
14225,0.9844017028808594,-1.1378421783447266
14226,-3.0164759159088135,9.626627922058105
14227,7.574960231781006,-2.195721387863159
14228,1.7032907009124756,3.3489341735839844
14229,3.4197559356689453,-2.3511457443237305
14230,-1.8058526515960693,9.659245491027832
14231,-11.54616641998291,-2.5446178913116455
14232,4.901921272277832,-7.7321600914001465
14233,0.07387104630470276,2.410163402557373
14234,-10.899974822998047,-10.978629112243652
14235,-2.0612478256225586,-7.040028095245361
14236,-22.88837242126465,-1.4050143957138062
14237,4.237040042877197,-4.303153038024902
14238,-4.770806789398193,-4.969274044036865
14239,0.16201680898666382,-1.6771273612976074
14240,5.4576735496521,5.347818851470947
14241,2.4287188053131104,4.262497901916504
14242,-2.689885377883911,-5.836652755737305
14243,6.532950401306152,7.041614055633545
14244,-1.8629168272018433,-7.145130634307861
14245,6.06518030166626,6.04552698135376
14246,-9.992096900939941,-10.504073143005371
14247,6.835136890411377,-7.30551815032959
14248,0.13389161229133606,3.3476312160491943
14249,4.304100036621094,-3.3897013664245605
14250,-3.228109121322632,-5.853607654571533
14251,-16.120885848999023,-10.762922286987305
14252,1.9481570720672607,2.678586721420288
14253,-4.445181369781494,3.8379783630371094
14254,-41.02070617675781,10.061958312988281
14255,-2.563310384750366,-7.306087493896484
14256,4.5357537269592285,-4.42175817489624
14257,1.029961109161377,-1.8833894729614258
14258,0.5055903196334839,-1.4919233322143555
14259,-37.878273010253906,7.663211345672607
14260,-5.9120283126831055,5.558887958526611
14261,6.877044200897217,5.828602313995361
14262,-33.30058670043945,11.413763999938965
14263,0.5276474952697754,-2.343496084213257
14264,2.7262489795684814,-1.7085484266281128
14265,-1.8527315855026245,9.194087028503418
14266,6.514256477355957,-3.444580078125
14267,-18.77861976623535,10.724522590637207
14268,2.7331864833831787,16.334333419799805
14269,-1.4283218383789062,11.255252838134766
14270,0.3467681109905243,-1.140966773033142
14271,-1.9876973628997803,-1.7230265140533447
14272,-1.965662956237793,-4.420257568359375
14273,-32.72084045410156,4.792336940765381
14274,5.49014139175415,-2.9874446392059326
14275,-14.5975341796875,10.901175498962402
14276,1.098808765411377,-1.466050624847412
14277,-8.653072357177734,-6.2517876625061035
14278,-2.069225788116455,9.647454261779785
14279,-1.3590617179870605,-5.196395397186279
14280,9.077045440673828,6.233734130859375
14281,-7.081498622894287,-10.453228950500488
14282,1.8034998178482056,-1.199571132659912
14283,-5.39110803604126,-6.575021266937256
14284,-3.3726627826690674,-9.48991870880127
14285,-9.385662078857422,-2.395512342453003
14286,1.6650798320770264,2.035177230834961
14287,-21.4896183013916,2.337268590927124
14288,-8.061837196350098,-3.1475303173065186
14289,1.1776134967803955,-0.01979631930589676
14290,-20.110252380371094,5.983211994171143
14291,-1.5585862398147583,-1.8456300497055054
14292,1.4750733375549316,-2.9917988777160645
14293,1.1346886157989502,-1.5232446193695068
14294,-13.248640060424805,-10.418766021728516
14295,-7.008011341094971,-3.998206377029419
14296,4.441882610321045,-2.5433590412139893
14297,-21.561677932739258,0.5287626385688782
14298,-14.081010818481445,-11.638154029846191
14299,-10.17175579071045,-1.1609561443328857
14300,9.003811836242676,-7.936630725860596
14301,0.2974794805049896,-1.4371763467788696
14302,-0.005950123071670532,0.4991576075553894
14303,-27.77655029296875,7.682826995849609
14304,-0.021423548460006714,0.627479612827301
14305,-1.6374205350875854,10.815587043762207
14306,-1.1374081373214722,-0.4827181100845337
14307,-1.3470873832702637,-4.769690990447998
14308,-0.38827815651893616,-2.7654387950897217
14309,8.903231620788574,3.7772600650787354
14310,-1.584261178970337,9.749249458312988
14311,8.192052841186523,6.098388195037842
14312,-4.2563910484313965,-9.60554027557373
14313,8.33085823059082,-3.9430456161499023
14314,-3.28832745552063,2.5627834796905518
14315,-7.215998649597168,-3.494941473007202
14316,-5.854856967926025,-2.9231624603271484
14317,5.634543418884277,-3.26424503326416
14318,-0.3293081223964691,14.40715217590332
14319,-10.685015678405762,-3.745410442352295
14320,-6.792288780212402,-2.2192089557647705
14321,-3.097717523574829,1.2662917375564575
14322,-0.028114885091781616,-0.2941521406173706
14323,8.520020484924316,2.4004297256469727
14324,-5.822900295257568,6.4809088706970215
14325,-1.392387866973877,13.899313926696777
14326,-2.067537307739258,-4.1317877769470215
14327,-10.439977645874023,-5.629249572753906
14328,-20.39240074157715,-0.6799749135971069
14329,-2.3836331367492676,4.136470317840576
14330,0.5518184900283813,1.9006119966506958
14331,7.4994049072265625,-5.85755729675293
14332,11.22917366027832,4.705511569976807
14333,1.24666428565979,-3.024367570877075
14334,5.76142692565918,0.9912055134773254
14335,5.200068950653076,10.312407493591309
14336,-0.12130674719810486,1.0166325569152832
14337,-2.6511852741241455,-2.2657406330108643
14338,-2.906158208847046,-7.130778789520264
14339,0.9299079179763794,-3.2931201457977295
14340,-3.874312400817871,-3.6051652431488037
14341,4.271291732788086,-2.6806657314300537
14342,-0.21913287043571472,10.096779823303223
14343,-5.623864650726318,-9.041787147521973
14344,0.8470194339752197,1.368028163909912
14345,1.3413331508636475,0.8419924974441528
14346,-2.4877052307128906,-6.834388256072998
14347,6.867516040802002,1.2349839210510254
14348,1.0451308488845825,-1.2211554050445557
14349,0.5358791351318359,3.2808678150177
14350,-7.299337387084961,2.1743600368499756
14351,-0.7593396902084351,0.1403675675392151
14352,0.5641175508499146,-0.6408203840255737
14353,-2.282184600830078,-7.932519912719727
14354,0.4608713686466217,-0.8978216052055359
14355,-4.2016496658325195,-1.3722680807113647
14356,4.710268497467041,4.88771915435791
14357,-3.8623900413513184,-0.9190892577171326
14358,-20.800155639648438,8.987288475036621
14359,-7.6480584144592285,-4.435573101043701
14360,-0.6911944150924683,4.8935866355896
14361,-11.619489669799805,-4.948966026306152
14362,4.4267897605896,-0.9107782244682312
14363,8.575603485107422,-1.016092300415039
14364,4.59080696105957,-3.9975292682647705
14365,1.3392226696014404,-0.09591478854417801
14366,-8.861188888549805,-4.219353675842285
14367,8.155656814575195,-8.596650123596191
14368,0.6793597936630249,-3.7652060985565186
14369,4.881636142730713,5.793146133422852
14370,-1.678662657737732,4.125150203704834
14371,1.330452561378479,-0.2770576775074005
14372,-0.0098172128200531,0.3877057433128357
14373,7.524770259857178,-6.278719425201416
14374,5.767249584197998,6.052751064300537
14375,-8.830362319946289,-3.1164116859436035
14376,-0.1270725429058075,1.2801755666732788
14377,0.8878120183944702,-1.0658409595489502
14378,6.687929153442383,0.48879796266555786
14379,1.2816691398620605,1.1178913116455078
14380,-17.7825870513916,-8.178726196289062
14381,4.8264899253845215,13.211935043334961
14382,-12.353982925415039,0.06927382200956345
14383,0.0489824116230011,3.915701150894165
14384,-4.2011284828186035,-7.809803485870361
14385,12.184288024902344,-5.868026256561279
14386,-1.1575596332550049,9.970260620117188
14387,-9.079322814941406,-4.264651775360107
14388,-13.719388961791992,-3.263437271118164
14389,10.340944290161133,6.184951305389404
14390,-1.2423272132873535,4.789644241333008
14391,6.844521999359131,-0.4729383587837219
14392,-0.32909640669822693,13.827742576599121
14393,-2.8195292949676514,9.673206329345703
14394,-10.320100784301758,13.444117546081543
14395,-2.8768982887268066,2.0722243785858154
14396,-13.79299259185791,8.30591106414795
14397,-2.068073034286499,9.595520973205566
14398,-2.132117509841919,10.20642375946045
14399,5.514892101287842,-0.062320925295352936
14400,-11.466096878051758,-8.267885208129883
14401,-9.292354583740234,8.865462303161621
14402,1.6921662092208862,-1.0742450952529907
14403,-15.657629013061523,-4.253628253936768
14404,-5.136139392852783,-4.08154296875
14405,-37.49835205078125,7.1952223777771
14406,0.2723073661327362,0.3430570960044861
14407,-0.0854211151599884,1.0188169479370117
14408,-2.5763285160064697,-6.734429836273193
14409,1.9780120849609375,14.504097938537598
14410,-2.0128164291381836,-2.432490825653076
14411,-4.833642959594727,-6.144725322723389
14412,-7.729006290435791,-2.5929012298583984
14413,-1.0261090993881226,6.6446614265441895
14414,-17.036157608032227,-0.9512633681297302
14415,-9.695979118347168,-6.644827365875244
14416,10.56468391418457,6.9665608406066895
14417,2.1004374027252197,-4.33461332321167
14418,7.687410354614258,-3.6025636196136475
14419,-13.063006401062012,-6.864671230316162
14420,-5.495617866516113,6.742257595062256
14421,1.1606638431549072,1.4381935596466064
14422,-8.95443344116211,4.865116596221924
14423,-14.90019416809082,7.953247547149658
14424,1.3191770315170288,3.3798065185546875
14425,-6.866377353668213,-5.960520267486572
14426,-16.003618240356445,-3.434124231338501
14427,2.373222827911377,0.18316498398780823
14428,1.039994478225708,15.366096496582031
14429,2.8971781730651855,-2.381215810775757
14430,3.7659356594085693,-1.3377512693405151
14431,8.589174270629883,-6.3186821937561035
14432,-0.6384563446044922,2.1158623695373535
14433,-9.144525527954102,-8.144135475158691
14434,4.3809661865234375,2.4959213733673096
14435,3.9873907566070557,1.4321365356445312
14436,8.29742431640625,4.878246307373047
14437,1.5780423879623413,2.1914305686950684
14438,-1.4937013387680054,3.312061309814453
14439,-19.890810012817383,-1.4375584125518799
14440,-3.6342241764068604,-9.589127540588379
14441,-19.257356643676758,7.4501142501831055
14442,-1.6252919435501099,-4.728030204772949
14443,-3.490370750427246,-7.723856449127197
14444,-18.794757843017578,8.582860946655273
14445,2.3411600589752197,-3.359577178955078
14446,-17.715200424194336,-0.857172429561615
14447,-0.632367730140686,1.7186825275421143
14448,4.640537738800049,-4.513175964355469
14449,0.8511946201324463,-0.38725215196609497
14450,-1.4721946716308594,-5.259303569793701
14451,3.7000415325164795,-3.907233476638794
14452,11.830977439880371,2.7970004081726074
14453,-2.3050198554992676,-5.405929088592529
14454,-1.318105697631836,3.3562729358673096
14455,5.930177688598633,-0.24721956253051758
14456,0.059047430753707886,0.5103972554206848
14457,4.227060317993164,13.808545112609863
14458,-2.181016206741333,9.788291931152344
14459,3.602888822555542,-0.7661284804344177
14460,-10.94620132446289,-5.452301502227783
14461,7.189256191253662,6.963109016418457
14462,-1.8018510341644287,6.558184623718262
14463,-0.012994617223739624,0.5408578515052795
14464,8.177728652954102,-9.037506103515625
14465,-34.89607620239258,8.597801208496094
14466,-0.4534517824649811,-2.826870918273926
14467,0.49238577485084534,-1.5063501596450806
14468,-0.9135698080062866,-2.2354342937469482
14469,0.8991633653640747,-1.4611775875091553
14470,-10.612470626831055,-10.707467079162598
14471,2.4307620525360107,-0.8360211253166199
14472,-14.831450462341309,7.0276570320129395
14473,-2.8783841133117676,-6.991241931915283
14474,-0.5697262287139893,-1.302268147468567
14475,-8.938237190246582,-5.870729923248291
14476,5.826180934906006,2.009469747543335
14477,-19.617788314819336,-1.6281689405441284
14478,1.6035358905792236,-0.06494004279375076
14479,-11.020549774169922,-4.275277137756348
14480,5.923830032348633,-2.669006109237671
14481,-6.087695598602295,6.988987445831299
14482,6.257077693939209,-1.1021134853363037
14483,-1.1822148561477661,2.453561544418335
14484,-4.703542232513428,-5.3397536277771
14485,3.532417058944702,-1.137617588043213
14486,2.8946917057037354,3.688575267791748
14487,4.399637222290039,0.9013820886611938
14488,-4.964883327484131,-4.432690143585205
14489,-1.2250398397445679,5.262269496917725
14490,-0.1310853660106659,6.048914432525635
14491,2.724177360534668,-4.120150566101074
14492,-6.9470648765563965,-2.208981513977051
14493,-1.2155094146728516,11.19440746307373
14494,-27.78206443786621,6.101848602294922
14495,1.0852428674697876,-0.27658456563949585
14496,1.3564701080322266,-1.0352468490600586
14497,6.6241302490234375,5.753251552581787
14498,0.06891974806785583,0.5143983364105225
14499,7.582303524017334,-6.210940837860107
14500,0.6272720098495483,1.7501437664031982
14501,1.1973369121551514,0.43384140729904175
14502,-8.057782173156738,0.5874367356300354
14503,-4.5270209312438965,-3.0267839431762695
14504,-0.3835987448692322,-3.185210704803467
14505,0.9512543678283691,-1.7333879470825195
14506,3.6887784004211426,-0.5392789244651794
14507,-7.27771520614624,3.1126039028167725
14508,8.939724922180176,-7.851405620574951
14509,-4.7194366455078125,-6.1509833335876465
14510,0.09167155623435974,0.6793383359909058
14511,2.8094005584716797,-3.147059440612793
14512,-1.8450429439544678,8.999049186706543
14513,-2.4413421154022217,-8.691667556762695
14514,-9.472936630249023,-3.9890098571777344
14515,0.5041704177856445,-1.8644464015960693
14516,-2.6628260612487793,-7.2268877029418945
14517,-2.883512258529663,-4.590137481689453
14518,1.1206036806106567,-1.9056365489959717
14519,3.5715248584747314,-4.137245178222656
14520,-1.095349669456482,9.217144966125488
14521,1.1778074502944946,-1.713544249534607
14522,3.0274126529693604,3.812729597091675
14523,-3.807698965072632,-9.507869720458984
14524,1.8210105895996094,-2.8412067890167236
14525,1.2498379945755005,16.121828079223633
14526,-31.214937210083008,-0.24035686254501343
14527,-1.1069059371948242,8.73962116241455
14528,4.077210903167725,3.191128969192505
14529,-7.114898204803467,7.597047805786133
14530,0.5958750247955322,-1.8149678707122803
14531,3.1787476539611816,-1.773949384689331
14532,-3.6115005016326904,11.9465970993042
14533,-12.781731605529785,8.419209480285645
14534,8.559088706970215,5.191895008087158
14535,-8.996526718139648,-1.1185543537139893
14536,-5.924651145935059,-3.048550844192505
14537,-2.484727382659912,-0.17611783742904663
14538,6.720944881439209,5.45065450668335
14539,0.5822970867156982,1.7049648761749268
14540,6.913862705230713,6.772392749786377
14541,5.568027019500732,-0.5059617161750793
14542,-2.2567331790924072,2.908804178237915
14543,8.61513900756836,5.0981903076171875
14544,-1.8587281703948975,-3.8285715579986572
14545,3.061615228652954,4.2090606689453125
14546,4.1609721183776855,11.98924732208252
14547,0.9432432651519775,-1.3953831195831299
14548,1.6403415203094482,3.9939959049224854
14549,10.607095718383789,7.4766926765441895
14550,2.8097035884857178,-2.2097666263580322
14551,-10.63448715209961,-4.668837547302246
14552,-1.803161382675171,-3.9030869007110596
14553,-1.8596490621566772,-5.776170253753662
14554,-10.417665481567383,-5.669076442718506
14555,1.0553796291351318,-1.3375632762908936
14556,-1.1187041997909546,-4.357120990753174
14557,2.6655285358428955,14.083208084106445
14558,-0.21920239925384521,-2.3757240772247314
14559,-29.866840362548828,4.725228786468506
14560,-19.33963394165039,0.4675535559654236
14561,-2.782717227935791,-8.295848846435547
14562,-11.494604110717773,-9.698101997375488
14563,1.2411656379699707,-1.8919446468353271
14564,-3.6896703243255615,-9.206205368041992
14565,-1.1630481481552124,8.871453285217285
14566,-0.09981432557106018,0.25001752376556396
14567,1.5837892293930054,-2.160646915435791
14568,-7.313453674316406,-1.7043564319610596
14569,0.6162899732589722,-1.3511497974395752
14570,-0.7106953859329224,1.5187475681304932
14571,-8.918197631835938,5.012779712677002
14572,5.695322513580322,-0.4239354133605957
14573,-0.6757205724716187,-5.887979030609131
14574,-15.622915267944336,7.667844295501709
14575,-2.3126375675201416,-5.2352142333984375
14576,-15.216615676879883,-3.1532506942749023
14577,2.7817342281341553,-1.1476976871490479
14578,1.1683746576309204,0.22138488292694092
14579,7.282967567443848,-7.793701648712158
14580,3.7342052459716797,-6.311304569244385
14581,-2.2134788036346436,-0.6067162156105042
14582,-18.70431137084961,8.803332328796387
14583,1.3162734508514404,2.421186685562134
14584,-2.5268630981445312,-6.199549198150635
14585,-0.6996029615402222,11.587571144104004
14586,0.28208914399147034,2.3710551261901855
14587,-8.086841583251953,-4.143949508666992
14588,-1.0125372409820557,5.31793737411499
14589,-3.99684476852417,-3.8467276096343994
14590,2.745591878890991,0.14676746726036072
14591,0.7002177238464355,4.203324317932129
14592,7.225213527679443,3.925339698791504
14593,-0.7929435968399048,0.01212882250547409
14594,-2.4625301361083984,-5.352143287658691
14595,1.0321884155273438,-2.0226731300354004
14596,-7.643542289733887,-8.133368492126465
14597,6.706843852996826,0.06555246561765671
14598,-2.333521604537964,9.53864574432373
14599,2.1896445751190186,-2.5384347438812256
14600,3.510526418685913,-1.2911808490753174
14601,-0.5030186176300049,8.27306079864502
14602,1.1399704217910767,-0.640807569026947
14603,-8.483287811279297,-6.156340599060059
14604,-0.8202073574066162,3.181589126586914
14605,-0.22763600945472717,-0.07790697365999222
14606,0.276629239320755,0.017694823443889618
14607,-4.037647247314453,-1.1134740114212036
14608,0.7753093242645264,3.5831384658813477
14609,2.9523189067840576,3.5189902782440186
14610,10.739794731140137,3.311929941177368
14611,-0.9898344278335571,-0.7377826571464539
14612,6.5431084632873535,-1.9211440086364746
14613,-0.6536480188369751,1.3492989540100098
14614,-2.8395814895629883,-5.699579238891602
14615,-0.5622954368591309,-0.6197023987770081
14616,-3.7891957759857178,-7.8616766929626465
14617,-14.095710754394531,-0.34717684984207153
14618,0.5053242444992065,-2.140166997909546
14619,3.3196680545806885,13.557534217834473
14620,-0.856993556022644,-0.5070658922195435
14621,-5.395318508148193,-6.885402679443359
14622,-1.4334869384765625,0.9929736256599426
14623,2.271663188934326,0.5113190412521362
14624,1.551376461982727,1.5250777006149292
14625,4.691102504730225,-0.12429658323526382
14626,0.8265177011489868,-1.0833146572113037
14627,0.7843383550643921,-1.782466173171997
14628,-2.1612212657928467,4.6438093185424805
14629,-31.3542423248291,7.088855266571045
14630,0.540681004524231,15.776803016662598
14631,-6.396660327911377,-2.1793181896209717
14632,-0.4432773292064667,2.71128249168396
14633,0.6845439672470093,18.15351676940918
14634,-2.3043060302734375,-5.854029655456543
14635,-3.3770625591278076,11.01685619354248
14636,1.6165482997894287,-0.30409085750579834
14637,-2.50844407081604,-7.321142196655273
14638,-5.543675899505615,-2.888561487197876
14639,1.0515391826629639,-1.0905885696411133
14640,2.2319653034210205,0.2141004204750061
14641,9.970060348510742,6.908204078674316
14642,-11.029020309448242,6.3263115882873535
14643,0.379969984292984,-1.2624430656433105
14644,-5.47709321975708,6.277103424072266
14645,7.374120235443115,-5.406813144683838
14646,-1.6751916408538818,-4.422151565551758
14647,-7.51778507232666,9.583687782287598
14648,-15.819883346557617,1.0909364223480225
14649,-2.09531831741333,-3.6592211723327637
14650,3.3948962688446045,-0.7224718332290649
14651,6.666494369506836,0.2632580101490021
14652,-1.0788419246673584,1.899242877960205
14653,3.821218490600586,12.147786140441895
14654,-3.7384469509124756,-7.503556251525879
14655,5.45375394821167,1.9236211776733398
14656,-5.292678356170654,5.890784740447998
14657,0.8420510292053223,-1.2742540836334229
14658,4.177074909210205,0.4931917190551758
14659,0.21796777844429016,15.701945304870605
14660,-14.62075424194336,-10.920411109924316
14661,-1.8737140893936157,-3.1147940158843994
14662,0.677535891532898,-2.264575719833374
14663,1.026484489440918,-1.4859017133712769
14664,-4.978054523468018,8.059014320373535
14665,9.193519592285156,7.259762287139893
14666,0.3221220076084137,13.98575496673584
14667,1.5990372896194458,-4.066324710845947
14668,-4.086501121520996,4.0528178215026855
14669,1.5512924194335938,0.4219985008239746
14670,8.287053108215332,-6.965774059295654
14671,6.394559383392334,-1.3300023078918457
14672,-9.155097961425781,-5.694024562835693
14673,1.8609182834625244,-3.3207340240478516
14674,-2.351254940032959,7.713780879974365
14675,-14.541518211364746,1.2353944778442383
14676,-2.0285451412200928,9.684950828552246
14677,1.1951110363006592,-3.531059980392456
14678,-13.267395973205566,-9.827350616455078
14679,-1.975740671157837,9.284655570983887
14680,0.49510207772254944,3.8329241275787354
14681,-2.8928775787353516,-6.246181011199951
14682,-2.7875053882598877,-8.972188949584961
14683,-3.2593994140625,1.9750349521636963
14684,0.9080455303192139,-0.5381898283958435
14685,1.76028573513031,4.302100658416748
14686,-2.6800696849823,-5.671489238739014
14687,1.275080680847168,0.9767158627510071
14688,-2.4118120670318604,-1.0141316652297974
14689,-4.91493558883667,6.4575066566467285
14690,0.8785579204559326,3.511334180831909
14691,-0.711406946182251,0.6590294241905212
14692,-13.022825241088867,-4.191798686981201
14693,-6.567643642425537,3.6127350330352783
14694,-8.049880027770996,-3.0817947387695312
14695,2.3928308486938477,-0.6671422123908997
14696,0.16466370224952698,4.235877513885498
14697,0.29400068521499634,-1.8880665302276611
14698,-14.533205032348633,-13.487439155578613
14699,0.4412864148616791,-1.656654715538025
14700,0.7041060924530029,-1.4236657619476318
14701,8.184401512145996,-8.113588333129883
14702,-6.399234771728516,-2.2456247806549072
14703,-4.250425338745117,4.186283588409424
14704,1.1519389152526855,1.1129789352416992
14705,6.1341938972473145,5.572310447692871
14706,-10.48525333404541,0.0008050128817558289
14707,-2.0257935523986816,10.51514720916748
14708,-1.2191370725631714,8.129295349121094
14709,1.1206274032592773,11.363432884216309
14710,-2.0604710578918457,10.579018592834473
14711,4.953995227813721,0.21208423376083374
14712,-9.949663162231445,-3.7693042755126953
14713,0.47856244444847107,-1.6082571744918823
14714,-9.180030822753906,-7.95979642868042
14715,2.902921199798584,11.993597984313965
14716,0.7194916009902954,-4.320451259613037
14717,1.457876205444336,-4.895885944366455
14718,-4.804997444152832,-0.059424079954624176
14719,6.089940547943115,-3.579861879348755
14720,3.144693613052368,2.803661823272705
14721,7.493527412414551,13.022500038146973
14722,-25.832887649536133,1.8612585067749023
14723,5.504312992095947,1.7643563747406006
14724,3.8260488510131836,5.030679225921631
14725,-0.004447728395462036,0.7102862000465393
14726,-5.678140163421631,-1.413955807685852
14727,2.411951780319214,12.671988487243652
14728,7.119795322418213,1.3345463275909424
14729,-11.86097526550293,-4.116526126861572
14730,0.9035959243774414,-2.7715275287628174
14731,8.7755708694458,5.087769031524658
14732,-10.026189804077148,-4.926335334777832
14733,0.9905664920806885,-2.817856788635254
14734,3.863995313644409,1.8589468002319336
14735,3.919180154800415,12.698457717895508
14736,0.6684665679931641,0.4115101993083954
14737,-5.97099494934082,-5.040584087371826
14738,-4.517000675201416,5.646632671356201
14739,8.849863052368164,-0.9971755743026733
14740,9.530678749084473,-8.637552261352539
14741,-0.29990634322166443,0.5556498169898987
14742,1.2137423753738403,-0.9229810833930969
14743,-5.783950328826904,5.530409336090088
14744,1.0499426126480103,-0.5867167115211487
14745,0.9472002983093262,-1.5346760749816895
14746,1.5812926292419434,16.26682472229004
14747,-17.260040283203125,-6.30649995803833
14748,-4.165674686431885,1.5634222030639648
14749,-5.751021862030029,6.325977325439453
14750,-8.29904556274414,-8.23314380645752
14751,3.5813491344451904,1.1882352828979492
14752,-2.03399920463562,-1.8827581405639648
14753,0.3471541702747345,-1.1054733991622925
14754,7.246416091918945,7.104288578033447
14755,-7.486363410949707,-6.295812606811523
14756,-5.8692946434021,-10.829432487487793
14757,1.4769690036773682,2.5054991245269775
14758,5.09602165222168,1.285789132118225
14759,2.405482530593872,0.17965582013130188
14760,8.138105392456055,-1.4920471906661987
14761,6.2564167976379395,2.6425015926361084
14762,-15.807403564453125,-6.791759490966797
14763,-1.1119568347930908,2.3226840496063232
14764,0.6700484752655029,1.7248344421386719
14765,-4.442371368408203,-9.675652503967285
14766,-2.4055967330932617,-6.198220252990723
14767,-1.0729901790618896,5.743969440460205
14768,3.5848915576934814,11.314891815185547
14769,5.761772155761719,-6.567720890045166
14770,-3.2744500637054443,2.859731435775757
14771,-7.770251750946045,-6.113161563873291
14772,1.5517892837524414,-0.5271580815315247
14773,-1.2366746664047241,3.5745041370391846
14774,-7.339394569396973,-8.608782768249512
14775,-2.702763319015503,-7.0035176277160645
14776,-3.589240550994873,2.5812127590179443
14777,-12.306055068969727,8.161478042602539
14778,2.3306210041046143,-2.376422882080078
14779,-1.807651400566101,11.395271301269531
14780,-1.71889328956604,11.736685752868652
14781,-6.279194355010986,9.98340129852295
14782,6.745266437530518,-1.8738093376159668
14783,0.7977371215820312,-2.669086217880249
14784,-0.9845621585845947,2.699744939804077
14785,-7.444457530975342,8.405776977539062
14786,8.971569061279297,-3.7027013301849365
14787,-3.844813108444214,4.25314474105835
14788,-12.543475151062012,-0.20568716526031494
14789,-2.6587073802948,8.759990692138672
14790,2.504059314727783,12.411194801330566
14791,6.256284236907959,5.358738422393799
14792,-18.69502067565918,0.2477514147758484
14793,-9.599411010742188,-5.425386428833008
14794,-0.01937243342399597,1.0379893779754639
14795,-9.68031120300293,4.066890239715576
14796,0.9898241758346558,-2.879960298538208
14797,3.8393826484680176,11.952934265136719
14798,-1.8691585063934326,8.995325088500977
14799,-4.705244541168213,4.9223313331604
14800,3.583833694458008,8.615103721618652
14801,-12.002264022827148,-3.743745803833008
14802,-3.4884440898895264,-6.794975280761719
14803,0.6703168153762817,1.5948609113693237
14804,-0.8285460472106934,2.2366943359375
14805,-19.565744400024414,4.711360454559326
14806,3.0891611576080322,7.273189544677734
14807,-1.7498350143432617,1.8590880632400513
14808,-9.971134185791016,-9.795219421386719
14809,1.1415801048278809,-0.21477758884429932
14810,-0.15309199690818787,8.432866096496582
14811,0.38973429799079895,-1.7211054563522339
14812,2.491816759109497,-1.272932767868042
14813,2.60162615776062,-1.090861439704895
14814,-10.8179931640625,-4.579013347625732
14815,2.965972900390625,-1.5960876941680908
14816,-1.0004723072052002,1.8336796760559082
14817,8.606013298034668,-5.9897332191467285
14818,0.7177904844284058,13.224065780639648
14819,3.361886501312256,13.150864601135254
14820,4.495694160461426,-4.792452335357666
14821,1.7164499759674072,-0.20893532037734985
14822,6.139003276824951,3.6156530380249023
14823,-1.3154391050338745,8.025727272033691
14824,-2.884700059890747,3.224290609359741
14825,5.542313098907471,3.3377273082733154
14826,-0.31325778365135193,10.9818754196167
14827,-2.386066198348999,-6.288095951080322
14828,-2.766940116882324,8.923177719116211
14829,-0.8736361265182495,6.283241271972656
14830,0.4068910777568817,-1.8626139163970947
14831,-1.372346043586731,1.922106385231018
14832,5.617207050323486,0.06929849833250046
14833,-2.7725441455841064,11.335285186767578
14834,8.541090965270996,-7.531332492828369
14835,0.19240716099739075,3.136183500289917
14836,-3.485853672027588,9.7138032913208
14837,-0.24283769726753235,-1.399998664855957
14838,3.3035728931427,3.865368366241455
14839,-0.3369024693965912,1.5055521726608276
14840,1.0915125608444214,-2.649782180786133
14841,1.0343153476715088,-0.48012569546699524
14842,-5.992476940155029,6.270493030548096
14843,-1.306811809539795,11.648730278015137
14844,-13.174196243286133,-4.7603373527526855
14845,9.332844734191895,3.7739272117614746
14846,-42.96397399902344,11.349333763122559
14847,-0.6105762720108032,-2.8592355251312256
14848,-21.075254440307617,0.03560619801282883
14849,-1.0748246908187866,0.07002096623182297
14850,-3.6417794227600098,2.1633214950561523
14851,-0.0507872998714447,1.507941484451294
14852,-3.081707715988159,-9.705795288085938
14853,4.489600658416748,2.7078230381011963
14854,-15.998604774475098,0.2000104784965515
14855,-3.553316831588745,-7.88364839553833
14856,4.548518180847168,-1.2815748453140259
14857,-0.7134249210357666,7.338891983032227
14858,0.9001064300537109,-1.442920446395874
14859,-9.595457077026367,-4.003249168395996
14860,1.6408779621124268,-1.3449225425720215
14861,-8.480494499206543,-5.294431209564209
14862,3.030078172683716,-3.080899477005005
14863,10.911192893981934,3.5858094692230225
14864,5.587812423706055,11.049949645996094
14865,8.535539627075195,-4.90374231338501
14866,2.9344682693481445,-4.713161468505859
14867,1.2977139949798584,1.946718454360962
14868,5.532385349273682,2.4204838275909424
14869,-4.673431873321533,-3.8767268657684326
14870,-20.139812469482422,0.33112531900405884
14871,4.119433403015137,0.17310726642608643
14872,2.3997414112091064,2.208787202835083
14873,1.1978148221969604,-2.664947509765625
14874,-2.5846617221832275,-5.740875720977783
14875,1.183484673500061,-2.958130121231079
14876,7.893935680389404,-8.998919486999512
14877,-0.3212147653102875,6.017120838165283
14878,1.1143542528152466,1.2399590015411377
14879,0.4915013611316681,-1.7639029026031494
14880,-7.945084571838379,-8.339005470275879
14881,9.141695022583008,-9.314090728759766
14882,0.45326390862464905,1.2110371589660645
14883,-2.0082015991210938,-4.526282787322998
14884,-0.6073024868965149,0.17035233974456787
14885,0.2865183651447296,2.4361767768859863
14886,-13.749055862426758,0.23217850923538208
14887,-5.901689529418945,-2.394270181655884
14888,7.600501537322998,6.792092800140381
14889,-3.782930850982666,-7.34694242477417
14890,7.189158916473389,5.830901622772217
14891,2.7111117839813232,0.43414628505706787
14892,2.268986463546753,0.18633496761322021
14893,-2.7604949474334717,8.66819953918457
14894,0.6394566297531128,-2.5547661781311035
14895,0.5569510459899902,-1.2533988952636719
14896,6.21291971206665,10.991690635681152
14897,4.159509658813477,-3.287339448928833
14898,-2.646540880203247,-6.047006130218506
14899,5.55076265335083,-6.1811370849609375
14900,2.168154239654541,-1.086551308631897
14901,-13.861737251281738,-4.738228797912598
14902,-3.0745975971221924,10.640645980834961
14903,-15.830453872680664,9.459887504577637
14904,5.560016632080078,-5.868942737579346
14905,-0.2071698009967804,0.10416970402002335
14906,-17.737812042236328,-8.318713188171387
14907,-3.8744852542877197,12.53995418548584
14908,1.8658034801483154,-1.5092331171035767
14909,1.0270497798919678,-3.542560577392578
14910,7.468879222869873,-4.42142915725708
14911,0.1774056851863861,-1.8378725051879883
14912,6.242372035980225,-1.6101887226104736
14913,-19.40553855895996,-1.1324455738067627
14914,-14.665570259094238,4.02010440826416
14915,12.071451187133789,-6.39384126663208
14916,3.9300200939178467,-3.511310338973999
14917,-1.0759786367416382,6.105697154998779
14918,0.03821137547492981,0.40818628668785095
14919,1.053733468055725,-1.430823564529419
14920,7.393316745758057,12.85997486114502
14921,2.933424234390259,13.268738746643066
14922,6.19899845123291,6.352509021759033
14923,-13.851664543151855,6.789815425872803
14924,-1.4990272521972656,7.408841133117676
14925,-1.7403287887573242,-5.053324222564697
14926,4.8270182609558105,-7.862997531890869
14927,4.7818684577941895,2.1690447330474854
14928,-2.9366910457611084,8.61291217803955
14929,0.5973756313323975,-1.7141292095184326
14930,-16.32476234436035,8.495238304138184
14931,2.419907331466675,-2.7536871433258057
14932,0.6211467981338501,-1.7098503112792969
14933,-13.377148628234863,2.8872344493865967
14934,-21.14864730834961,10.51461124420166
14935,-8.005698204040527,8.05212688446045
14936,-0.8682587146759033,1.5784025192260742
14937,6.150031566619873,-0.5718284249305725
14938,-28.62022590637207,3.764514207839966
14939,-30.27008056640625,4.868008136749268
14940,3.2272205352783203,2.280397653579712
14941,0.01629588007926941,-4.80985164642334
14942,3.2690651416778564,-0.15861272811889648
14943,2.4158239364624023,-1.8970987796783447
14944,0.0543423593044281,1.2533190250396729
14945,-0.8943617343902588,10.772177696228027
14946,-13.017175674438477,-4.065908432006836
14947,-11.196931838989258,-1.6617999076843262
14948,1.5864014625549316,4.263800621032715
14949,-4.03802490234375,-7.20427131652832
14950,4.3432135581970215,-5.0641279220581055
14951,8.321454048156738,-10.04991340637207
14952,-2.18511962890625,-6.440225601196289
14953,2.501143217086792,-1.8157975673675537
14954,3.0136125087738037,3.306849479675293
14955,-18.99699592590332,9.62276554107666
14956,4.674079418182373,2.1215860843658447
14957,-2.4637439250946045,-7.316650390625
14958,-3.8168439865112305,-10.773730278015137
14959,5.554001331329346,-2.029484987258911
14960,-8.416816711425781,-2.0437216758728027
14961,-2.6159095764160156,-8.002245903015137
14962,5.290103912353516,-2.286832332611084
14963,7.818427085876465,-6.492584705352783
14964,-8.168816566467285e-05,0.5542436242103577
14965,3.1809895038604736,3.7915093898773193
14966,2.763854742050171,-1.7991524934768677
14967,-0.4935676157474518,-1.2021536827087402
14968,5.001739978790283,1.4165425300598145
14969,0.9544587135314941,-4.312459468841553
14970,-20.308603286743164,-0.4717731475830078
14971,-11.738548278808594,0.3901006579399109
14972,-5.126152992248535,-7.054054260253906
14973,-3.7286794185638428,3.653874158859253
14974,0.749366044998169,15.319820404052734
14975,-13.89858627319336,-7.846185207366943
14976,-7.818873882293701,-3.095029354095459
14977,2.8598473072052,4.810024738311768
14978,-7.957095623016357,0.02628355473279953
14979,6.728713512420654,-8.020645141601562
14980,2.7266290187835693,-2.5102286338806152
14981,-15.406686782836914,6.522160053253174
14982,-1.5574061870574951,11.563936233520508
14983,-1.2080719470977783,-0.8730044364929199
14984,3.381997585296631,-2.3552701473236084
14985,-0.0457095205783844,0.7250162959098816
14986,-52.48343276977539,12.797350883483887
14987,-1.2297289371490479,6.261721611022949
14988,0.7893015146255493,-1.526440978050232
14989,-3.2585396766662598,10.8872709274292
14990,-6.598931312561035,-3.9574007987976074
14991,5.319224834442139,1.6699457168579102
14992,11.371026039123535,-5.205394268035889
14993,-16.717470169067383,3.249305486679077
14994,0.940497636795044,4.672300815582275
14995,-10.216901779174805,-10.51330280303955
14996,0.1068749725818634,2.958134174346924
14997,0.7102077007293701,2.456272840499878
14998,5.621247291564941,-6.586240291595459
14999,7.114177227020264,-3.520263433456421
15000,3.8649961948394775,-2.4686055183410645
15001,-2.811241865158081,-8.474949836730957
15002,-10.979238510131836,-8.099844932556152
15003,0.3153790533542633,2.8838398456573486
15004,-2.421006679534912,8.245984077453613
15005,-3.188849687576294,11.286711692810059
15006,0.0035127103328704834,0.7440967559814453
15007,-2.685284376144409,-6.1367926597595215
15008,-1.6545602083206177,13.16091537475586
15009,-2.3412513732910156,-8.649686813354492
15010,6.4910407066345215,-0.15991392731666565
15011,7.7506327629089355,1.6646816730499268
15012,-2.3358566761016846,-7.212521076202393
15013,-5.700899124145508,-2.215545654296875
15014,-11.808894157409668,-5.669715881347656
15015,0.3148811459541321,-1.834116816520691
15016,-5.57712459564209,-7.657409191131592
15017,-1.139122724533081,8.978095054626465
15018,3.081174850463867,-2.292844533920288
15019,9.178183555603027,-7.030872821807861
15020,5.209616184234619,-2.0655336380004883
15021,-2.5684397220611572,-7.2648797035217285
15022,0.8317480087280273,1.547258734703064
15023,-1.2367947101593018,6.359178066253662
15024,1.1821010112762451,-0.3083670735359192
15025,-11.327252388000488,4.138514518737793
15026,4.184154033660889,4.606133937835693
15027,-1.7928764820098877,-6.973861217498779
15028,-0.40812382102012634,0.2994140386581421
15029,7.684051036834717,-3.2840700149536133
15030,-0.6099998950958252,-3.519732713699341
15031,0.5166324377059937,-2.1697793006896973
15032,1.284030556678772,1.097726821899414
15033,-29.968854904174805,5.753499507904053
15034,-16.394378662109375,8.859345436096191
15035,5.844700336456299,1.6243685483932495
15036,-9.658138275146484,-8.590359687805176
15037,6.104382038116455,4.946013927459717
15038,2.3238413333892822,0.47250109910964966
15039,-1.2547863721847534,5.941715717315674
15040,-2.706007242202759,-7.952110290527344
15041,-6.397017955780029,-3.860010862350464
15042,4.659108638763428,-3.865974187850952
15043,1.9785804748535156,16.718793869018555
15044,-3.148364305496216,6.683957576751709
15045,2.530735492706299,-0.7821049094200134
15046,1.2255637645721436,-1.5700112581253052
15047,6.929439544677734,-2.5671350955963135
15048,-0.7191141843795776,0.0707586333155632
15049,4.2774834632873535,-1.262022852897644
15050,-0.19023612141609192,1.0987757444381714
15051,-2.99579119682312,1.9882948398590088
15052,-2.2327563762664795,0.2531508505344391
15053,1.7815531492233276,1.0003236532211304
15054,-34.39610290527344,5.515227794647217
15055,0.6405411958694458,-1.6606214046478271
15056,-4.703874588012695,-3.98167085647583
15057,5.421267032623291,-3.6503734588623047
15058,10.245506286621094,-8.930319786071777
15059,1.1333627700805664,-0.16712155938148499
15060,-1.79185950756073,-2.6022212505340576
15061,0.1510085165500641,2.715502977371216
15062,3.0280449390411377,-4.196859836578369
15063,-9.761286735534668,-8.79086685180664
15064,0.9020144939422607,2.4967939853668213
15065,-0.16036835312843323,-3.4735002517700195
15066,-1.73419189453125,14.334979057312012
15067,-2.7228384017944336,1.9782302379608154
15068,0.1951829493045807,2.673560619354248
15069,9.986274719238281,-8.247369766235352
15070,3.5489614009857178,-6.154322147369385
15071,-2.144772529602051,7.42264986038208
15072,6.208459854125977,0.7491686940193176
15073,-7.29644775390625,0.20976591110229492
15074,6.250157356262207,0.12458189576864243
15075,6.339059352874756,0.244608074426651
15076,-5.1045002937316895,6.39402961730957
15077,-12.876043319702148,-4.808787822723389
15078,0.5372072458267212,-1.5285009145736694
15079,8.945892333984375,5.257663726806641
15080,1.8650801181793213,0.5915306210517883
15081,-0.18390128016471863,2.0846598148345947
15082,2.100327491760254,-2.418785333633423
15083,1.5491454601287842,0.12804991006851196
15084,-6.5045037269592285,-9.544234275817871
15085,3.9651291370391846,-3.140639066696167
15086,-9.113033294677734,-3.864583730697632
15087,-0.0397396981716156,0.8884801268577576
15088,-7.417994022369385,-7.756662845611572
15089,8.653390884399414,2.6582257747650146
15090,1.5999046564102173,-1.4231587648391724
15091,-1.5382342338562012,13.786856651306152
15092,-9.59736156463623,9.718320846557617
15093,-6.76972770690918,-10.010825157165527
15094,0.245728999376297,-1.4149411916732788
15095,0.22453084588050842,1.5962048768997192
15096,0.34019389748573303,2.0906405448913574
15097,-2.3667213916778564,2.9079978466033936
15098,-1.9958152770996094,9.731945991516113
15099,1.2570230960845947,-0.41803091764450073
15100,-14.108591079711914,-10.761557579040527
15101,7.5288920402526855,-3.7727980613708496
15102,0.003610163927078247,0.7037628293037415
15103,-4.6306023597717285,7.54759407043457
15104,-22.897014617919922,10.774104118347168
15105,1.1357409954071045,-1.479874610900879
15106,-0.09390869736671448,0.7664065361022949
15107,-9.47653579711914,-1.7597557306289673
15108,5.299732208251953,-4.016499996185303
15109,-4.8530449867248535,-4.929271221160889
15110,-6.9631147384643555,-3.855370283126831
15111,9.120553970336914,-8.248266220092773
15112,-0.009579688310623169,0.3446612060070038
15113,0.9148590564727783,-0.7557404637336731
15114,-1.7035858631134033,2.663532257080078
15115,8.052719116210938,-3.5895910263061523
15116,-11.176254272460938,-0.48717764019966125
15117,-3.2762625217437744,11.500914573669434
15118,-0.012305274605751038,-1.1677753925323486
15119,1.1618627309799194,-1.5138747692108154
15120,5.827085971832275,14.458422660827637
15121,-0.8847949504852295,-0.3099220097064972
15122,-8.883212089538574,8.640217781066895
15123,8.160198211669922,6.600597381591797
15124,9.505687713623047,-3.449538469314575
15125,5.186303615570068,0.0941932424902916
15126,-12.637693405151367,-3.747420072555542
15127,-2.366213321685791,9.697175025939941
15128,-8.148083686828613,12.461155891418457
15129,-2.7133986949920654,-7.243601322174072
15130,-10.650583267211914,-2.614790201187134
15131,-10.423419952392578,6.4157023429870605
15132,1.111411452293396,0.6822815537452698
15133,2.1755471229553223,1.2935659885406494
15134,0.3712705671787262,-1.1937880516052246
15135,-7.92910623550415,11.75924015045166
15136,2.3753061294555664,-1.6452049016952515
15137,-0.20022079348564148,13.271210670471191
15138,4.0444817543029785,15.02977466583252
15139,3.7744743824005127,-5.452834606170654
15140,0.2143576443195343,3.620863199234009
15141,-0.4076789319515228,8.718403816223145
15142,-5.69310998916626,-6.85366678237915
15143,-2.842184066772461,6.1814470291137695
15144,8.498988151550293,6.564248085021973
15145,-10.608489990234375,-4.462771892547607
15146,10.468904495239258,2.20744252204895
15147,0.6444169282913208,-1.2181799411773682
15148,-1.7865502834320068,8.688817024230957
15149,-2.7496471405029297,11.937518119812012
15150,-8.833951950073242,-7.823136806488037
15151,4.0510149002075195,8.19023323059082
15152,3.3729846477508545,-1.6453981399536133
15153,-7.637070655822754,-7.745711803436279
15154,-26.840747833251953,2.5980522632598877
15155,-8.899106979370117,-7.8175225257873535
15156,-12.435076713562012,6.2908806800842285
15157,0.700569748878479,1.5836999416351318
15158,1.1056283712387085,-2.585393190383911
15159,-1.1577600240707397,2.5500457286834717
15160,-2.23530650138855,10.461346626281738
15161,3.058789014816284,-3.5009100437164307
15162,3.4412686824798584,13.06840991973877
15163,-5.815046310424805,-7.6784987449646
15164,-7.833019256591797,-6.7971978187561035
15165,-2.4393484592437744,8.448174476623535
15166,-4.273433208465576,-1.873913288116455
15167,4.258924961090088,11.68319034576416
15168,0.00450471043586731,-0.8604453206062317
15169,-7.005825042724609,-3.025280237197876
15170,-12.02861213684082,-4.41846227645874
15171,-1.1583287715911865,-1.0534502267837524
15172,-3.0392024517059326,-0.031905122101306915
15173,-4.182199954986572,-4.518368244171143
15174,-1.5277631282806396,1.8275941610336304
15175,-8.95608901977539,-4.1455278396606445
15176,5.305980205535889,2.5112664699554443
15177,1.0421239137649536,-2.0181496143341064
15178,5.391073703765869,9.074668884277344
15179,-5.758419036865234,-2.688542127609253
15180,-11.585960388183594,-4.024580001831055
15181,2.7494332790374756,-3.135638952255249
15182,-4.724789142608643,-2.499178647994995
15183,-7.279075622558594,-6.293709754943848
15184,-1.8379902839660645,9.33935260772705
15185,3.0581610202789307,-2.963313579559326
15186,8.562135696411133,5.754606246948242
15187,-2.0363922119140625,9.669419288635254
15188,-2.9927375316619873,2.2547199726104736
15189,-16.967195510864258,-2.0129780769348145
15190,0.8768229484558105,-0.5278558135032654
15191,2.003079891204834,-1.7918838262557983
15192,8.66378116607666,2.126713991165161
15193,-0.6290277242660522,7.634297847747803
15194,-9.777514457702637,5.5876784324646
15195,9.492527961730957,7.607451915740967
15196,6.114428997039795,0.5345082879066467
15197,-8.334860801696777,-3.5595953464508057
15198,3.1891963481903076,15.498650550842285
15199,-2.615870952606201,3.3740227222442627
15200,0.03691568970680237,0.4832276701927185
15201,-6.495213985443115,-4.859128475189209
15202,-2.8408312797546387,-7.862639904022217
15203,4.649248123168945,1.3761529922485352
15204,-4.954696178436279,-6.6155686378479
15205,-19.556638717651367,-0.8319122195243835
15206,4.499651908874512,-7.41303014755249
15207,10.64680004119873,-0.0623902752995491
15208,-5.889557361602783,3.0777900218963623
15209,-3.167823314666748,-8.610280990600586
15210,-5.8125715255737305,7.079629898071289
15211,-9.463053703308105,-2.479555130004883
15212,0.5308886766433716,0.8995280861854553
15213,4.163032531738281,3.7404048442840576
15214,-2.6123077869415283,-6.859068393707275
15215,1.3177000284194946,4.046529769897461
15216,2.340118169784546,-2.379377603530884
15217,-0.9872729778289795,-0.8622369170188904
15218,-5.648144245147705,-5.746375560760498
15219,-0.5580778121948242,-3.044790267944336
15220,-8.979938507080078,8.877286911010742
15221,1.2762470245361328,-2.142241954803467
15222,0.5033371448516846,-0.4067404270172119
15223,-0.7972803115844727,10.03586196899414
15224,-1.7146213054656982,3.639955520629883
15225,-0.11924716830253601,3.274014711380005
15226,6.661054611206055,-3.712381601333618
15227,-13.779397964477539,-7.016087055206299
15228,-0.9700566530227661,-1.7223217487335205
15229,-0.8340940475463867,0.577458381652832
15230,-2.4982290267944336,5.019151210784912
15231,-2.3911731243133545,10.539328575134277
15232,7.4611663818359375,6.065279483795166
15233,-1.6239222288131714,8.445992469787598
15234,-0.12023621797561646,-2.754944086074829
15235,-5.223958492279053,-5.942878246307373
15236,-1.624561071395874,4.791024208068848
15237,-10.749441146850586,6.736116886138916
15238,-0.23711571097373962,-3.0840306282043457
15239,-16.83576011657715,11.15313720703125
15240,-25.157934188842773,11.083785057067871
15241,-3.8703067302703857,3.8416659832000732
15242,8.576082229614258,-8.245390892028809
15243,-0.5287646055221558,10.914156913757324
15244,-8.026132583618164,7.836255073547363
15245,-12.2376127243042,-4.2817182540893555
15246,9.562383651733398,5.375387668609619
15247,11.033174514770508,2.459404468536377
15248,1.0191609859466553,0.529524028301239
15249,3.8610918521881104,3.0266435146331787
15250,-7.432749271392822,-2.162195920944214
15251,6.352715015411377,1.390770435333252
15252,0.37728556990623474,-1.783504605293274
15253,-4.91858434677124,-6.635470867156982
15254,-2.3282268047332764,-6.7908196449279785
15255,6.217782497406006,-5.84743070602417
15256,-4.928839206695557,-7.29134464263916
15257,3.287719488143921,-0.8532928228378296
15258,5.768185138702393,6.248428821563721
15259,-14.810577392578125,5.651782512664795
15260,-23.469148635864258,2.9997658729553223
15261,4.443652629852295,10.460235595703125
15262,0.7140005826950073,2.483978033065796
15263,0.2880087196826935,12.054131507873535
15264,4.325032711029053,14.404073715209961
15265,3.7656009197235107,4.699565887451172
15266,-8.711023330688477,-3.3254029750823975
15267,2.505751609802246,0.6704045534133911
15268,-9.210943222045898,-3.2234833240509033
15269,4.9150919914245605,1.6546648740768433
15270,1.2950544357299805,-0.03032330423593521
15271,-3.966538190841675,-4.0197224617004395
15272,-1.160980463027954,0.9397600293159485
15273,10.869237899780273,4.865455627441406
15274,-2.3302597999572754,12.395657539367676
15275,5.413286209106445,-4.006001949310303
15276,-18.21316909790039,9.112534523010254
15277,-7.175636291503906,8.366823196411133
15278,5.157444953918457,0.5443794131278992
15279,-10.157210350036621,1.8813542127609253
15280,4.674550533294678,10.54740047454834
15281,-22.963916778564453,-0.7506296038627625
15282,-12.398578643798828,-8.242210388183594
15283,4.678024768829346,14.990212440490723
15284,-1.7808611392974854,9.241827011108398
15285,0.1856640875339508,-1.6666604280471802
15286,-3.452255964279175,2.9470009803771973
15287,6.396789073944092,-7.286664962768555
15288,-1.642623782157898,3.097264289855957
15289,-3.794588565826416,2.7502963542938232
15290,1.0331202745437622,1.4008584022521973
15291,2.01766037940979,-2.5067036151885986
15292,6.4961419105529785,6.20078706741333
15293,-11.661018371582031,-10.70332145690918
15294,-1.6265382766723633,-5.162174701690674
15295,-1.0866572856903076,11.061180114746094
15296,0.22892799973487854,-2.040184736251831
15297,-18.22939109802246,0.0349569246172905
15298,-14.27232551574707,-5.421772480010986
15299,-4.026640892028809,-1.964538812637329
15300,-16.12956428527832,5.216689586639404
15301,10.522544860839844,2.1764118671417236
15302,-10.369688987731934,-9.469847679138184
15303,-16.688684463500977,0.5314843058586121
15304,3.553560972213745,12.914039611816406
15305,1.3345301151275635,-1.90638267993927
15306,-19.0582332611084,-0.14503616094589233
15307,-3.5119993686676025,2.5232279300689697
15308,8.660676956176758,5.959361553192139
15309,-3.1972546577453613,-7.8231048583984375
15310,4.8678460121154785,1.4771568775177002
15311,4.271027088165283,-2.2239768505096436
15312,8.237252235412598,-2.9202780723571777
15313,5.338520526885986,3.8656656742095947
15314,0.365227073431015,-0.7519747614860535
15315,-23.919809341430664,0.23599213361740112
15316,-3.5139124393463135,-7.5920023918151855
15317,-2.342122793197632,3.0816595554351807
15318,-3.485105276107788,2.9129040241241455
15319,-8.426528930664062,-2.9828975200653076
15320,-0.040083080530166626,0.7083413004875183
15321,5.228177070617676,-0.06257373839616776
15322,-17.959632873535156,7.191239833831787
15323,-4.359274387359619,-10.48738956451416
15324,-8.755247116088867,-8.44314956665039
15325,6.573884010314941,2.2587902545928955
15326,-1.6429643630981445,-4.306310176849365
15327,2.6904897689819336,-4.508528232574463
15328,0.709925651550293,-1.5273423194885254
15329,0.9533066749572754,0.770202100276947
15330,-1.4922581911087036,3.7597622871398926
15331,2.567577838897705,1.884546160697937
15332,2.9224014282226562,12.97097110748291
15333,-20.8586368560791,6.61165714263916
15334,-1.052987813949585,9.409955978393555
15335,0.7279284000396729,0.019820116460323334
15336,3.3941965103149414,15.691010475158691
15337,0.8604335784912109,-0.3109630346298218
15338,-0.5282222032546997,11.167583465576172
15339,-7.095393657684326,4.222436904907227
15340,2.524106740951538,-2.080685615539551
15341,1.3346810340881348,-2.3222076892852783
15342,8.47551155090332,5.096109390258789
15343,-3.9046268463134766,3.207852363586426
15344,2.6825921535491943,-0.11150429397821426
15345,5.9739251136779785,-6.75474739074707
15346,0.28050926327705383,2.5986573696136475
15347,-6.87917423248291,-5.676555156707764
15348,-1.8464609384536743,13.663755416870117
15349,4.800986289978027,-0.09038687497377396
15350,-3.3941490650177,2.55778431892395
15351,6.257634162902832,-6.896671772003174
15352,-26.427820205688477,2.4059290885925293
15353,-9.386872291564941,-8.348139762878418
15354,-0.002750217914581299,-2.5535008907318115
15355,-0.05124655365943909,0.6861785054206848
15356,-17.047039031982422,9.01340389251709
15357,-0.043272942304611206,0.6624365448951721
15358,-5.564239501953125,-2.472005844116211
15359,3.362206220626831,-2.3445022106170654
15360,-3.8121883869171143,4.551891803741455
15361,10.350229263305664,-5.906851768493652
15362,-13.66765022277832,9.638124465942383
15363,1.1353380680084229,0.7213600277900696
15364,-1.0825334787368774,7.3670854568481445
15365,2.552258253097534,-2.756226062774658
15366,-19.934186935424805,-1.3589797019958496
15367,1.8646090030670166,-3.8304197788238525
15368,11.924966812133789,-5.3823418617248535
15369,-2.6312873363494873,-6.038150310516357
15370,0.22344782948493958,3.667349100112915
15371,-34.32382583618164,3.2333900928497314
15372,0.8440283536911011,-1.8547261953353882
15373,4.180996894836426,5.4683637619018555
15374,-4.926943778991699,8.456448554992676
15375,-4.3566765785217285,1.7889277935028076
15376,7.7433671951293945,0.9297999739646912
15377,-2.981703996658325,14.7130708694458
15378,-25.046588897705078,-0.6555506587028503
15379,-10.842154502868652,3.9941060543060303
15380,6.7079644203186035,-0.746224582195282
15381,-2.004141092300415,7.682568073272705
15382,0.694965124130249,2.7209737300872803
15383,-8.218250274658203,-6.549339771270752
15384,6.884894847869873,4.072678565979004
15385,0.04777458310127258,-2.3624792098999023
15386,-4.5240397453308105,-8.458847999572754
15387,2.7196953296661377,-2.090763568878174
15388,-1.475999116897583,12.825223922729492
15389,10.511393547058105,2.453916072845459
15390,4.564880847930908,0.940929114818573
15391,1.5270100831985474,0.7403822541236877
15392,-22.002485275268555,-0.44603413343429565
15393,-7.450226306915283,-12.397217750549316
15394,0.35171130299568176,-1.720934271812439
15395,-0.425089567899704,1.5018658638000488
15396,-18.033464431762695,-4.064774513244629
15397,-2.5027060508728027,10.730828285217285
15398,-15.145689010620117,10.352021217346191
15399,-0.5137312412261963,1.8636913299560547
15400,-1.1333867311477661,-0.7828517556190491
15401,-5.1043877601623535,-7.270416736602783
15402,8.703927993774414,2.5604283809661865
15403,5.79537296295166,4.566056728363037
15404,-2.7854366302490234,-1.9002765417099
15405,-2.910174608230591,9.549442291259766
15406,-9.305190086364746,5.70490026473999
15407,0.7824015617370605,1.0520836114883423
15408,6.228175640106201,5.024728298187256
15409,2.7516071796417236,15.10651969909668
15410,-3.587709426879883,2.7576065063476562
15411,-9.005369186401367,-4.490086555480957
15412,3.9840714931488037,0.5776678323745728
15413,-1.5112099647521973,3.290884256362915
15414,-3.600235939025879,12.638140678405762
15415,0.5321084260940552,-1.5564223527908325
15416,-6.2615790367126465,-8.0272798538208
15417,0.8828122615814209,-0.5775318145751953
15418,-3.2422211170196533,10.579351425170898
15419,7.321202754974365,3.9386279582977295
15420,-2.4275412559509277,10.245177268981934
15421,-0.18552395701408386,1.2563886642456055
15422,-24.86842155456543,11.216476440429688
15423,0.2768847644329071,0.04380325227975845
15424,0.5837798118591309,2.780792474746704
15425,0.5054266452789307,1.9990899562835693
15426,1.7039600610733032,-0.3691106140613556
15427,4.567363262176514,-5.387182712554932
15428,-3.319592237472534,3.4374163150787354
15429,-10.358683586120605,5.933400630950928
15430,-0.8232173919677734,0.6676080226898193
15431,8.667941093444824,7.377788066864014
15432,-3.3576109409332275,2.5550649166107178
15433,5.222545146942139,0.8184931874275208
15434,-1.230902910232544,15.284785270690918
15435,-1.1429229974746704,0.71509850025177
15436,-12.130594253540039,6.955484867095947
15437,-1.696121335029602,13.097350120544434
15438,-2.8073890209198,-6.248870372772217
15439,3.6667842864990234,2.575047254562378
15440,-0.6277836561203003,3.4931235313415527
15441,7.52092981338501,15.826325416564941
15442,-4.702447891235352,-7.342998027801514
15443,5.465046405792236,14.126866340637207
15444,-3.2379672527313232,-7.631687641143799
15445,-18.584287643432617,-1.88132905960083
15446,-8.867670059204102,-3.1042330265045166
15447,8.015188217163086,-7.357534408569336
15448,4.620437145233154,2.5472629070281982
15449,-1.861173391342163,3.2742919921875
15450,-6.948180675506592,-4.282846927642822
15451,0.3520004451274872,-2.941213846206665
15452,-0.6933602094650269,3.451573133468628
15453,-0.19537696242332458,9.173399925231934
15454,-4.401031970977783,-5.617477893829346
15455,-0.10892152786254883,-2.7617132663726807
15456,-1.470526933670044,3.0607662200927734
15457,10.340686798095703,4.257303714752197
15458,-1.9992778301239014,5.705265998840332
15459,5.924355506896973,-6.222596645355225
15460,-10.185342788696289,6.421115398406982
15461,-10.529093742370605,-5.033655643463135
15462,-14.915746688842773,5.697375297546387
15463,-1.0259709358215332,1.371591567993164
15464,-7.595340251922607,-8.266234397888184
15465,1.8232589960098267,-0.5821583867073059
15466,-14.533782005310059,-12.42938232421875
15467,0.034159690141677856,3.2311112880706787
15468,-19.167749404907227,7.082155704498291
15469,4.656782627105713,5.414546489715576
15470,4.674999713897705,-0.8811838030815125
15471,0.39067545533180237,-1.2611027956008911
15472,9.975830078125,3.225954294204712
15473,-13.660837173461914,5.075987815856934
15474,-7.516261100769043,-7.795070171356201
15475,-3.4262173175811768,-4.929141521453857
15476,7.518908500671387,-5.204732418060303
15477,-3.068323850631714,-3.6656014919281006
15478,-7.642837047576904,-2.976778507232666
15479,-1.5414685010910034,12.465813636779785
15480,7.445732593536377,5.207518100738525
15481,1.4430780410766602,1.603914499282837
15482,8.276992797851562,-8.937834739685059
15483,7.761648654937744,-0.7098273038864136
15484,-2.128754138946533,7.9791035652160645
15485,-1.9567629098892212,10.58562183380127
15486,-3.3732693195343018,-7.916933059692383
15487,6.5633015632629395,6.058846950531006
15488,9.800463676452637,-4.400568962097168
15489,-2.3217716217041016,3.8489439487457275
15490,3.1197049617767334,-0.9862513542175293
15491,-0.7557731866836548,-5.3833088874816895
15492,0.9803957939147949,1.5981899499893188
15493,-7.856825828552246,-8.38579273223877
15494,-13.653884887695312,-4.960732936859131
15495,-14.742334365844727,-3.899860143661499
15496,2.0599899291992188,3.989140748977661
15497,-1.2257651090621948,4.81351900100708
15498,3.832793951034546,5.230749607086182
15499,13.591257095336914,-5.162356853485107
15500,-0.6852421760559082,10.650370597839355
15501,5.896432399749756,3.2574119567871094
15502,0.4402356445789337,-1.6179585456848145
15503,5.2592058181762695,-1.0447319746017456
15504,0.40660277009010315,-1.1528383493423462
15505,-3.830489158630371,1.918907642364502
15506,-5.5551676750183105,6.788908958435059
15507,-9.410552024841309,1.3411900997161865
15508,5.2591471672058105,-4.500984191894531
15509,-17.279285430908203,8.761794090270996
15510,-14.788834571838379,-2.1644279956817627
15511,-3.9023334980010986,-3.8754723072052
15512,-3.663017511367798,-9.51967716217041
15513,13.520713806152344,-5.441964149475098
15514,-2.7163712978363037,10.629720687866211
15515,3.5437893867492676,-4.760990619659424
15516,1.5148098468780518,3.877422571182251
15517,1.8687059879302979,7.473029613494873
15518,3.8397772312164307,0.8260179162025452
15519,-0.680895209312439,-1.4135551452636719
15520,3.7161176204681396,-4.31874418258667
15521,9.870431900024414,3.8183681964874268
15522,-1.4410451650619507,12.522483825683594
15523,-1.8197062015533447,-5.844196796417236
15524,-2.1007649898529053,6.931480884552002
15525,5.961886882781982,1.1453160047531128
15526,-1.5713549852371216,5.394967079162598
15527,3.3083412647247314,-3.2900731563568115
15528,-3.5615499019622803,-10.686553955078125
15529,-0.7804979085922241,2.664896249771118
15530,-4.651025772094727,6.270519733428955
15531,-4.737987995147705,7.310316562652588
15532,11.89350700378418,-4.327051639556885
15533,1.2668665647506714,-2.2593162059783936
15534,9.302902221679688,-1.6143025159835815
15535,1.9487025737762451,-2.4450604915618896
15536,-0.833987832069397,6.351300239562988
15537,6.20410680770874,-1.63216233253479
15538,0.24903717637062073,1.0512781143188477
15539,0.19495955109596252,-0.09837330132722855
15540,0.3683849275112152,-0.97345370054245
15541,-1.6196236610412598,7.6132731437683105
15542,-6.4161601066589355,8.736465454101562
15543,-4.579457759857178,3.824956178665161
15544,2.0563156604766846,3.2468135356903076
15545,-0.6676331758499146,-3.6279659271240234
15546,-23.228879928588867,-1.2774701118469238
15547,-0.7924103736877441,11.930037498474121
15548,-6.634877681732178,7.130427837371826
15549,-2.1044623851776123,11.437556266784668
15550,-2.7925775051116943,-8.113736152648926
15551,-0.15252217650413513,9.552504539489746
15552,-2.0891051292419434,-6.684361934661865
15553,-14.733636856079102,3.900925874710083
15554,-2.9494543075561523,8.456932067871094
15555,-44.75308609008789,11.141308784484863
15556,-0.8908169269561768,1.8865892887115479
15557,-15.238563537597656,5.423794269561768
15558,1.0816980600357056,-4.351322650909424
15559,-3.5568482875823975,-6.883962631225586
15560,-0.693554162979126,9.971497535705566
15561,7.422358989715576,-1.6613588333129883
15562,-1.8530945777893066,-6.5366950035095215
15563,-0.9103268384933472,4.995604991912842
15564,-24.825674057006836,8.327298164367676
15565,-55.215858459472656,13.299851417541504
15566,-1.751405954360962,8.989828109741211
15567,-18.62212562561035,-0.9872335195541382
15568,0.679207444190979,-1.2699029445648193
15569,6.033095836639404,3.83980131149292
15570,4.2695841789245605,-4.413331508636475
15571,-4.114768028259277,3.3674068450927734
15572,6.844930171966553,-1.0507535934448242
15573,1.3752532005310059,0.9667683243751526
15574,0.9640662670135498,-1.9292117357254028
15575,0.7864151000976562,-2.4361183643341064
15576,0.803575873374939,-1.3914203643798828
15577,-7.318794250488281,-7.153449058532715
15578,-4.431747913360596,-5.470235347747803
15579,-19.163816452026367,-1.435596227645874
15580,-17.69391632080078,-2.4427506923675537
15581,-2.3193447589874268,3.1812236309051514
15582,-8.302375793457031,-7.544882297515869
15583,-9.905611038208008,-9.407320022583008
15584,-4.809852600097656,4.401861667633057
15585,0.8533179759979248,-1.4584312438964844
15586,-13.603559494018555,2.718766212463379
15587,0.7285414934158325,1.2308673858642578
15588,0.4450952112674713,15.591200828552246
15589,-0.10607132315635681,0.9082999229431152
15590,-1.9100853204727173,-7.405009746551514
15591,-0.4980652630329132,-2.848964214324951
15592,-9.675431251525879,6.039719581604004
15593,0.5309953689575195,-2.2745301723480225
15594,1.3161194324493408,0.7908394932746887
15595,-4.226565361022949,-9.177924156188965
15596,-12.285594940185547,0.6707954406738281
15597,6.597408771514893,0.012156300246715546
15598,-1.8006441593170166,-4.165647983551025
15599,0.31787335872650146,-0.9228114485740662
15600,0.9457862377166748,-0.6198625564575195
15601,0.0387711375951767,-1.5144598484039307
15602,-1.5300884246826172,-0.8303478956222534
15603,0.005008608102798462,0.5308130979537964
15604,0.7438452243804932,4.485739707946777
15605,3.0072128772735596,-2.16327166557312
15606,2.278934955596924,-1.9412730932235718
15607,-1.5359758138656616,13.37087345123291
15608,-1.9969799518585205,11.942413330078125
15609,3.676844358444214,10.457367897033691
15610,-11.33761978149414,11.008676528930664
15611,-3.316516160964966,3.321697473526001
15612,-13.063882827758789,8.171279907226562
15613,-17.150314331054688,7.012368679046631
15614,-2.8329079151153564,12.069611549377441
15615,0.5118662118911743,-1.7638672590255737
15616,1.3535194396972656,1.0580756664276123
15617,-1.7878118753433228,12.082755088806152
15618,-18.61234474182129,-0.5265546441078186
15619,-20.77415657043457,-1.6919300556182861
15620,-1.8737537860870361,9.566946029663086
15621,-0.7458000183105469,2.173426866531372
15622,4.6985249519348145,-1.6187279224395752
15623,-3.237635850906372,10.895293235778809
15624,-4.510138511657715,4.694031238555908
15625,-4.481272220611572,-6.326590061187744
15626,-0.5989106893539429,-0.9221062064170837
15627,-0.2537001967430115,-2.748457670211792
15628,-1.2327901124954224,2.1299290657043457
15629,0.6153041124343872,-2.833453416824341
15630,-3.0888631343841553,11.308977127075195
15631,4.727441310882568,-0.3177943825721741
15632,5.765897274017334,1.7259166240692139
15633,-52.111751556396484,13.652703285217285
15634,-22.26604461669922,-0.6176908016204834
15635,3.0538408756256104,4.491041660308838
15636,8.297647476196289,-6.703763008117676
15637,6.100656986236572,0.18580996990203857
15638,-15.393714904785156,2.1559956073760986
15639,-1.558182716369629,2.501234769821167
15640,8.31318473815918,-3.901679277420044
15641,1.4020791053771973,-1.5572795867919922
15642,-3.0538415908813477,-7.401998996734619
15643,1.0152976512908936,-0.7367401719093323
15644,-24.776823043823242,12.187312126159668
15645,5.548059940338135,1.9605395793914795
15646,6.317591190338135,14.185640335083008
15647,3.2053043842315674,-0.4922304153442383
15648,11.011514663696289,7.140908718109131
15649,-6.461696147918701,-9.895537376403809
15650,-2.241042137145996,5.557331562042236
15651,-41.8647575378418,10.849461555480957
15652,-3.324634313583374,10.93468189239502
15653,5.903197765350342,0.08853381127119064
15654,-0.13471928238868713,-0.1938600242137909
15655,-1.8000057935714722,-6.773281574249268
15656,8.206942558288574,-0.4547220468521118
15657,-7.151291370391846,-3.387314558029175
15658,-15.12241268157959,-2.1802268028259277
15659,-1.4296432733535767,-6.839147090911865
15660,1.6363798379898071,8.209131240844727
15661,-0.5083098411560059,6.3433308601379395
15662,9.073945999145508,1.404396891593933
15663,-1.208061695098877,6.339728832244873
15664,-2.2437243461608887,9.390928268432617
15665,2.740168571472168,0.03398507088422775
15666,-0.7333263158798218,-2.495251417160034
15667,-15.367920875549316,-5.3748393058776855
15668,1.27180814743042,13.345194816589355
15669,-2.2454259395599365,5.142374515533447
15670,4.4866414070129395,4.7571940422058105
15671,-2.2192013263702393,-5.00417947769165
15672,-9.278026580810547,-7.327639102935791
15673,-9.091251373291016,-2.8995916843414307
15674,-2.031574249267578,8.187078475952148
15675,-8.592185974121094,-3.1465117931365967
15676,6.498455047607422,1.9422328472137451
15677,4.8091349601745605,-0.9329911470413208
15678,-1.5641671419143677,1.8176565170288086
15679,-1.4056382179260254,7.646673202514648
15680,-1.3692693710327148,-2.3942573070526123
15681,-17.778100967407227,-0.7188751101493835
15682,6.71683931350708,-5.470000743865967
15683,-0.09621724486351013,14.36281681060791
15684,-1.156760334968567,-3.9884750843048096
15685,7.507448673248291,-5.938948154449463
15686,0.586304783821106,15.210927963256836
15687,5.345768928527832,-3.826793909072876
15688,-1.423563003540039,2.614358425140381
15689,6.321361064910889,13.068703651428223
15690,-1.4117592573165894,12.34846019744873
15691,1.497917890548706,15.2609281539917
15692,2.736764907836914,2.552039384841919
15693,0.6312755346298218,-2.9032576084136963
15694,-5.999465465545654,-3.0124757289886475
15695,0.5919690132141113,-1.6962151527404785
15696,10.080248832702637,6.902681350708008
15697,10.70775032043457,2.416382312774658
15698,-2.807776927947998,-7.15372371673584
15699,4.166470050811768,12.845202445983887
15700,-1.1020407676696777,7.187254428863525
15701,-1.723978042602539,-4.487699508666992
15702,5.9729084968566895,-3.1615493297576904
15703,-2.2357630729675293,10.15947151184082
15704,-2.3828279972076416,11.073695182800293
15705,-4.458817481994629,-5.554407596588135
15706,-0.1650695502758026,4.135932922363281
15707,5.406871318817139,3.428856372833252
15708,4.213323593139648,0.12367146462202072
15709,-7.297360420227051,7.342724323272705
15710,-12.128937721252441,7.729311466217041
15711,-1.5314359664916992,1.3129009008407593
15712,1.199028491973877,-0.240250825881958
15713,1.0037038326263428,-1.340728521347046
15714,5.981166362762451,-0.9037294983863831
15715,-8.089768409729004,-0.6356490254402161
15716,5.822999477386475,-6.061409950256348
15717,1.8333818912506104,13.714098930358887
15718,2.5500357151031494,-3.43265438079834
15719,-10.273030281066895,6.082111835479736
15720,0.8054733276367188,-2.713209390640259
15721,6.833701133728027,5.450102806091309
15722,-11.542781829833984,4.402766704559326
15723,-13.356372833251953,-4.971035957336426
15724,-7.229529857635498,-4.1130852699279785
15725,-19.95270347595215,8.546525001525879
15726,0.7509434223175049,-4.407394886016846
15727,-13.429258346557617,-0.05881757289171219
15728,-9.645208358764648,-3.1596572399139404
15729,-0.7292345762252808,12.574499130249023
15730,0.16778382658958435,-1.7316910028457642
15731,-0.688570499420166,7.146130561828613
15732,4.396174430847168,5.690460205078125
15733,-5.14177942276001,-1.750626802444458
15734,0.7503615617752075,15.05254077911377
15735,-9.507502555847168,-8.780838012695312
15736,-3.0481679439544678,11.38398265838623
15737,-4.033192157745361,3.7303762435913086
15738,5.36089563369751,0.2605396509170532
15739,4.786933898925781,1.15298593044281
15740,1.0733258724212646,1.134371042251587
15741,-0.8606480360031128,0.4264437258243561
15742,-1.896860957145691,2.4773428440093994
15743,1.4727447032928467,-2.093924045562744
15744,0.1197916567325592,2.5434792041778564
15745,-0.35956618189811707,6.861837863922119
15746,-2.4950857162475586,-6.228550434112549
15747,-0.029463142156600952,0.614679753780365
15748,5.129985332489014,0.49681562185287476
15749,10.630910873413086,-3.718852996826172
15750,2.6903703212738037,0.007410101592540741
15751,-3.132903575897217,-8.338370323181152
15752,-0.7113754749298096,13.678677558898926
15753,5.994093418121338,-4.394467353820801
15754,-3.723123788833618,-5.949265956878662
15755,0.5226931571960449,-4.389821529388428
15756,1.132363200187683,-0.8268527388572693
15757,3.1636483669281006,-0.6139144897460938
15758,0.6386760473251343,-1.5087690353393555
15759,1.0946540832519531,-1.2621039152145386
15760,-0.1567486822605133,1.0992281436920166
15761,-0.22211894392967224,1.4412143230438232
15762,4.671182632446289,5.352013111114502
15763,-4.817009449005127,-3.27056884765625
15764,-1.0192586183547974,6.165292263031006
15765,-3.398979663848877,1.9592068195343018
15766,5.585899829864502,-4.0599141120910645
15767,5.422959804534912,-1.220602035522461
15768,2.992588758468628,-1.9994208812713623
15769,-2.0801825523376465,3.770514726638794
15770,-1.8475269079208374,-4.972305774688721
15771,7.775956153869629,-6.181576251983643
15772,-3.4173543453216553,12.215804100036621
15773,1.1469037532806396,-1.3765875101089478
15774,0.020769327878952026,0.414379358291626
15775,7.535206317901611,-1.5922460556030273
15776,3.770620107650757,-3.3028981685638428
15777,1.158555507659912,-3.1610536575317383
15778,-3.7074148654937744,-1.530764102935791
15779,4.6570329666137695,4.807680606842041
15780,1.4490857124328613,4.93650484085083
15781,7.276192665100098,3.732710361480713
15782,8.180501937866211,-6.006814002990723
15783,-5.19464635848999,-7.271627426147461
15784,-2.6521894931793213,11.675372123718262
15785,0.11186981201171875,-1.5308523178100586
15786,6.078816890716553,-0.3878992199897766
15787,-9.650430679321289,-6.512012481689453
15788,-2.5533530712127686,-4.663803577423096
15789,-23.034351348876953,8.626879692077637
15790,1.706756353378296,3.3244736194610596
15791,-24.819528579711914,10.834229469299316
15792,3.36820125579834,-2.97200608253479
15793,1.7701810598373413,-1.9651846885681152
15794,1.8273115158081055,1.0451445579528809
15795,-0.05970749258995056,0.5353696346282959
15796,6.05214262008667,-6.742785930633545
15797,9.394739151000977,-6.669626235961914
15798,-2.448086738586426,-6.769800662994385
15799,8.919032096862793,-6.54966926574707
15800,-6.789085865020752,0.7976543307304382
15801,-2.2202444076538086,7.941691875457764
15802,-3.075115203857422,1.984731674194336
15803,2.7129688262939453,-2.2990128993988037
15804,-0.7584112882614136,0.8903855085372925
15805,0.3574356138706207,-1.436763882637024
15806,-0.8407536745071411,12.497303009033203
15807,9.134868621826172,-1.853556513786316
15808,1.3528568744659424,-1.8638836145401
15809,-5.333881855010986,4.788553237915039
15810,-3.539569139480591,3.92610764503479
15811,-6.008258819580078,-4.911701679229736
15812,-5.0641961097717285,-2.829403877258301
15813,-13.083701133728027,-4.492832183837891
15814,-2.6341960430145264,-6.885632514953613
15815,-3.334665536880493,-7.4283270835876465
15816,2.063589334487915,-2.456956148147583
15817,0.4453447163105011,4.208707332611084
15818,4.61116361618042,10.398900032043457
15819,-3.436509370803833,-7.49325704574585
15820,-30.997907638549805,4.102195739746094
15821,-5.183958530426025,-0.827601432800293
15822,-4.139883518218994,4.549785137176514
15823,5.501357555389404,0.4496272802352905
15824,-0.9065190553665161,4.814231872558594
15825,1.046383261680603,-1.54185152053833
15826,-2.2847185134887695,5.371434688568115
15827,-1.418724536895752,5.582226753234863
15828,-12.739397048950195,-4.249692440032959
15829,-20.315752029418945,-0.8487314581871033
15830,-29.982690811157227,0.3070693612098694
15831,3.1878578662872314,11.446194648742676
15832,-3.1767890453338623,-1.7911961078643799
15833,-11.555318832397461,3.6282734870910645
15834,-4.628846645355225,5.344027996063232
15835,-32.68801498413086,8.087146759033203
15836,-0.47026434540748596,1.8816057443618774
15837,-15.037956237792969,-3.763596296310425
15838,-6.626062870025635,9.971369743347168
15839,7.700551986694336,-6.024041175842285
15840,-1.2339682579040527,2.093954086303711
15841,-4.569087028503418,-4.045871257781982
15842,-3.223186731338501,1.7326653003692627
15843,-1.2637479305267334,3.1218369007110596
15844,-5.636390209197998,-2.124134063720703
15845,-13.333251953125,-0.40120941400527954
15846,-1.203306794166565,6.7347869873046875
15847,-2.6039328575134277,-5.686643123626709
15848,-21.02897071838379,7.360134601593018
15849,-1.8012275695800781,5.324047088623047
15850,1.0553534030914307,-1.8852312564849854
15851,2.323402166366577,2.473722219467163
15852,3.198118209838867,-0.9968205094337463
15853,1.3130700588226318,1.203626036643982
15854,1.1939613819122314,0.8793373107910156
15855,0.8636407852172852,4.6314520835876465
15856,-2.4979679584503174,13.300467491149902
15857,-3.3548243045806885,-4.064366340637207
15858,0.9850927591323853,-0.8194478154182434
15859,-4.0417256355285645,4.114124774932861
15860,-1.7899208068847656,-5.951756000518799
15861,-3.244396686553955,-7.58436393737793
15862,-15.07110595703125,-4.586760520935059
15863,4.428568363189697,1.0950517654418945
15864,5.716003894805908,-0.2264592945575714
15865,1.275314211845398,-2.4503793716430664
15866,6.05377721786499,-1.7170965671539307
15867,1.6832748651504517,-5.068660736083984
15868,12.272241592407227,-4.399851322174072
15869,-0.8744577169418335,-2.3151895999908447
15870,1.6531622409820557,-1.6890861988067627
15871,-2.963977098464966,-7.492311477661133
15872,7.180951118469238,0.4057539701461792
15873,-31.81254768371582,8.724860191345215
15874,-0.09672650694847107,0.9892802834510803
15875,-7.931865215301514,-5.903956890106201
15876,-1.8124059438705444,-3.8928356170654297
15877,-0.659656286239624,-0.041994161903858185
15878,-7.343972682952881,-3.2120399475097656
15879,1.258371114730835,-1.6903563737869263
15880,0.26161476969718933,-1.129164457321167
15881,-20.11060905456543,9.724614143371582
15882,-0.8837742805480957,2.888056516647339
15883,2.9617767333984375,-3.1642985343933105
15884,-1.7385177612304688,5.06036376953125
15885,4.998528957366943,-6.779967308044434
15886,-2.944528818130493,8.031558990478516
15887,0.4729060232639313,-1.636157751083374
15888,-1.5714994668960571,4.065415859222412
15889,-0.7386902570724487,6.298566818237305
15890,2.6383795738220215,-2.2803547382354736
15891,0.38604453206062317,-2.186962842941284
15892,-12.362127304077148,-5.407470226287842
15893,6.614914417266846,-4.64793062210083
15894,-3.2722980976104736,-9.133166313171387
15895,2.6129932403564453,-1.3326538801193237
15896,4.781160354614258,-1.7301892042160034
15897,10.706371307373047,4.318421363830566
15898,-11.094826698303223,-6.541396141052246
15899,10.814477920532227,6.711609363555908
15900,5.312012672424316,2.419326066970825
15901,-15.508715629577637,-2.5395593643188477
15902,-2.321162223815918,8.1577787399292
15903,-13.17740249633789,-4.907891273498535
15904,-20.646207809448242,4.051054000854492
15905,3.8094565868377686,-4.819828987121582
15906,-3.9152395725250244,12.31446361541748
15907,6.109257698059082,-6.917651176452637
15908,-10.273016929626465,-6.044308662414551
15909,5.1581549644470215,2.4791455268859863
15910,2.315812587738037,-4.00471305847168
15911,-3.766876220703125,-5.494531154632568
15912,0.45067426562309265,-0.919661819934845
15913,1.3220689296722412,3.103304147720337
15914,5.796065807342529,15.1785306930542
15915,8.079861640930176,12.730000495910645
15916,6.273208141326904,12.546921730041504
15917,-1.204657793045044,-3.767662286758423
15918,5.190665245056152,1.3110957145690918
15919,2.5408854484558105,-1.3831771612167358
15920,2.1930959224700928,-0.5074347257614136
15921,3.427056074142456,-2.806554079055786
15922,-1.669754981994629,5.546065330505371
15923,-5.9433512687683105,-7.02608585357666
15924,-27.099990844726562,9.201241493225098
15925,8.906890869140625,-7.807620525360107
15926,-2.769932985305786,8.69269847869873
15927,-15.49172592163086,-4.0064215660095215
15928,-1.2767057418823242,3.7228856086730957
15929,1.0285594463348389,6.626287460327148
15930,-8.304757118225098,12.052375793457031
15931,0.27366527915000916,-1.026511549949646
15932,-11.655927658081055,4.6669392585754395
15933,6.164738178253174,-1.0893607139587402
15934,-3.635666608810425,-6.7568278312683105
15935,1.4440702199935913,0.0015247389674186707
15936,-1.745572566986084,1.8308850526809692
15937,-11.231843948364258,-9.548453330993652
15938,-0.9069082736968994,-3.3231770992279053
15939,-4.544132709503174,-2.1783111095428467
15940,-18.332908630371094,-0.5741353631019592
15941,6.826805114746094,6.064732074737549
15942,4.325654983520508,5.336442947387695
15943,-3.4104321002960205,-8.880640983581543
15944,8.856832504272461,7.20202112197876
15945,2.4418890476226807,-0.27746713161468506
15946,-0.6366695165634155,1.93947434425354
15947,-9.425995826721191,-9.54337215423584
15948,-3.579841375350952,11.164196014404297
15949,2.9733545780181885,-1.5242036581039429
15950,7.185513973236084,2.873690605163574
15951,9.293066024780273,-7.887725353240967
15952,4.326648235321045,13.302059173583984
15953,-3.20324969291687,1.9619717597961426
15954,-2.62298321723938,-5.684422969818115
15955,-0.16400638222694397,-2.466066360473633
15956,-2.7309212684631348,-8.150467872619629
15957,-0.7968573570251465,0.9924758076667786
15958,-4.57864236831665,5.1997809410095215
15959,-1.7886306047439575,-5.7024335861206055
15960,0.9785481691360474,-1.7423005104064941
15961,3.945322275161743,4.94918966293335
15962,-0.8949741125106812,-3.793548345565796
15963,-10.327983856201172,6.410576343536377
15964,5.228302001953125,-4.809746265411377
15965,-19.30466079711914,-0.7891161441802979
15966,12.344709396362305,-4.510252475738525
15967,0.785936713218689,-2.5907201766967773
15968,9.494752883911133,-6.651195049285889
15969,-17.391815185546875,8.265795707702637
15970,4.327638149261475,-3.5620920658111572
15971,1.618706226348877,4.042019844055176
15972,3.3133018016815186,-2.689249277114868
15973,-1.2980674505233765,3.5417559146881104
15974,0.4089110791683197,-1.1662957668304443
15975,3.6535866260528564,4.677623271942139
15976,9.38095474243164,-7.169798374176025
15977,2.014004707336426,3.4181830883026123
15978,-12.092998504638672,7.725936412811279
15979,0.7175624370574951,2.5684521198272705
15980,-0.26790449023246765,9.603854179382324
15981,-37.35252380371094,7.716097354888916
15982,10.009196281433105,-4.4059576988220215
15983,0.49001941084861755,-1.4354043006896973
15984,1.1361229419708252,-1.8922090530395508
15985,5.853468894958496,-8.626906394958496
15986,-7.361708164215088,-8.885186195373535
15987,2.4460716247558594,-1.6558983325958252
15988,-4.564505577087402,5.610713481903076
15989,-2.0261452198028564,-3.9924509525299072
15990,-27.125295639038086,5.005829811096191
15991,8.930171966552734,5.236513137817383
15992,0.44757315516471863,-0.854619562625885
15993,1.7492679357528687,-3.1283657550811768
15994,-33.09305953979492,6.973970413208008
15995,-3.376055955886841,3.1228444576263428
15996,-1.4477522373199463,9.459104537963867
15997,0.9884152412414551,-0.9897170662879944
15998,-0.3441319167613983,4.261695384979248
15999,-4.4339919090271,-9.22543716430664
16000,-5.875870227813721,-6.576587200164795
16001,-25.226030349731445,9.20622730255127
16002,-0.9958939552307129,-0.9954848885536194
16003,2.5403099060058594,0.1107143983244896
16004,0.7609970569610596,4.900357723236084
16005,-20.777183532714844,9.474835395812988
16006,-0.6103790998458862,-2.2791292667388916
16007,-1.8651618957519531,10.549463272094727
16008,-7.018611907958984,-2.044436454772949
16009,0.6821948289871216,0.2940196692943573
16010,1.2536425590515137,-5.076005458831787
16011,-8.329660415649414,-6.540820121765137
16012,-1.5560047626495361,-2.687462091445923
16013,6.913598537445068,5.538105010986328
16014,2.3763043880462646,-2.7443182468414307
16015,-8.036863327026367,-8.292513847351074
16016,-12.396936416625977,3.895012140274048
16017,-0.2411329448223114,1.3878676891326904
16018,-9.027894973754883,-3.1122148036956787
16019,-0.5812177658081055,8.343914985656738
16020,13.11899185180664,-5.423914432525635
16021,-1.8193875551223755,11.060873031616211
16022,-3.5178613662719727,-8.149060249328613
16023,-11.381328582763672,3.6778900623321533
16024,-1.0005855560302734,2.886885404586792
16025,6.390847682952881,-3.2445404529571533
16026,-4.650510311126709,-4.399062156677246
16027,0.3091294467449188,-0.036497242748737335
16028,-14.737274169921875,-4.025730133056641
16029,0.6821976900100708,-0.9404186010360718
16030,0.30892708897590637,-1.2843568325042725
16031,1.1528706550598145,-3.1743786334991455
16032,-18.157617568969727,6.96909761428833
16033,0.4397667944431305,8.183806419372559
16034,-3.500795602798462,10.52602481842041
16035,3.7620389461517334,-5.183497428894043
16036,4.185516834259033,-5.217491149902344
16037,-40.099185943603516,10.258155822753906
16038,-1.9522383213043213,-4.793362617492676
16039,3.5313374996185303,-1.1411038637161255
16040,-0.5998753309249878,-2.7523152828216553
16041,-0.5531240701675415,3.62276291847229
16042,1.8577930927276611,4.076898097991943
16043,-4.0494771003723145,-1.3017739057540894
16044,-23.534109115600586,9.917707443237305
16045,8.895833969116211,-4.186999797821045
16046,0.5761095285415649,-2.1637563705444336
16047,0.014328688383102417,0.40028178691864014
16048,-1.1259641647338867,4.626098155975342
16049,0.3443847596645355,-1.9532872438430786
16050,0.4073709547519684,-1.0681477785110474
16051,-3.0762696266174316,-1.2402629852294922
16052,-2.636852979660034,-8.47160816192627
16053,-23.439096450805664,-1.3492443561553955
16054,-37.47603225708008,7.252533435821533
16055,-0.4125858545303345,-0.7282693982124329
16056,-0.39397698640823364,-1.0549577474594116
16057,-0.587971568107605,2.333650588989258
16058,-2.2104930877685547,-7.415774822235107
16059,4.010417461395264,14.333718299865723
16060,4.062118053436279,-4.663548946380615
16061,-2.2811925411224365,-1.9716957807540894
16062,-1.477891206741333,-4.161931991577148
16063,-0.774208664894104,0.3283754587173462
16064,0.1011376678943634,12.030479431152344
16065,3.4333300590515137,0.05597185343503952
16066,0.14365842938423157,0.5615686178207397
16067,-4.007424354553223,-8.473740577697754
16068,-6.1681227684021,9.5361967086792
16069,7.602808475494385,-1.8034900426864624
16070,4.4521965980529785,-0.006980724632740021
16071,-32.50178527832031,8.247577667236328
16072,-12.646369934082031,-3.173630475997925
16073,-2.1657557487487793,-1.2258517742156982
16074,0.4704160988330841,-1.989896535873413
16075,-0.5135982036590576,14.065606117248535
16076,11.669488906860352,4.828359127044678
16077,-3.3794491291046143,4.843757152557373
16078,-0.09153959155082703,2.7383174896240234
16079,-3.2025461196899414,-8.753665924072266
16080,4.526007175445557,-5.395436763763428
16081,-8.44497299194336,-3.145482301712036
16082,-9.0626220703125,-3.6127450466156006
16083,4.963759899139404,-4.647745132446289
16084,-1.232450246810913,8.973097801208496
16085,8.977208137512207,-7.75555944442749
16086,-17.98802375793457,-1.741499423980713
16087,1.2041678428649902,0.06692712754011154
16088,-1.7417757511138916,11.697548866271973
16089,0.3608802855014801,1.6746858358383179
16090,-5.790409564971924,-10.657444953918457
16091,-12.276561737060547,0.2178162932395935
16092,-6.571016311645508,-4.498655796051025
16093,-3.310030698776245,-6.7248053550720215
16094,5.169647216796875,-1.3695746660232544
16095,-12.075505256652832,-11.380615234375
16096,-13.093549728393555,-4.485029220581055
16097,0.7559863328933716,1.9061942100524902
16098,-12.38742446899414,5.133767127990723
16099,0.042185574769973755,8.197796821594238
16100,-13.905597686767578,-10.956494331359863
16101,-1.9885809421539307,3.9142906665802
16102,-1.2437680959701538,2.4815242290496826
16103,-2.650815486907959,-6.964989185333252
16104,7.861460208892822,-9.542271614074707
16105,0.9732506275177002,0.369459867477417
16106,-1.0570106506347656,1.7517497539520264
16107,0.8059465885162354,-1.1416274309158325
16108,-3.456815242767334,-1.4589509963989258
16109,-7.277760982513428,-3.1736721992492676
16110,4.609869480133057,-0.23230808973312378
16111,5.221436023712158,-7.269161224365234
16112,0.9706777334213257,-3.790370225906372
16113,2.423234701156616,4.1943440437316895
16114,0.03530392050743103,1.1941237449645996
16115,6.5927300453186035,5.355715751647949
16116,1.264758825302124,-1.2903046607971191
16117,-1.5121046304702759,-0.11916489154100418
16118,3.0664665699005127,-2.8116185665130615
16119,0.931625247001648,-1.5627620220184326
16120,-1.5280654430389404,12.715754508972168
16121,5.681936740875244,0.7862353920936584
16122,-11.772701263427734,7.63236665725708
16123,-1.73081374168396,7.297840118408203
16124,0.1874338686466217,-2.6255037784576416
16125,7.744703769683838,-6.1323442459106445
16126,-3.5793633460998535,-6.706747055053711
16127,-32.144474029541016,4.741605281829834
16128,-3.711122751235962,3.751892328262329
16129,-3.8421714305877686,-7.260172367095947
16130,6.732193470001221,6.74440860748291
16131,5.6703782081604,-4.6327900886535645
16132,2.9056992530822754,16.91936683654785
16133,-2.12760329246521,-0.2901158928871155
16134,-0.05023762583732605,-3.001319169998169
16135,-7.247772693634033,-2.966886043548584
16136,-5.0278706550598145,5.105700969696045
16137,-11.132668495178223,5.218845367431641
16138,-6.283853530883789,-3.8844354152679443
16139,1.7962777614593506,-1.9593939781188965
16140,-5.6248459815979,7.103826999664307
16141,6.938212871551514,0.877613365650177
16142,2.0517690181732178,-1.5195424556732178
16143,-6.377010822296143,-6.017258644104004
16144,8.175819396972656,4.963793754577637
16145,-5.009432315826416,5.053632736206055
16146,3.7636325359344482,4.1848649978637695
16147,-0.8869904279708862,9.784985542297363
16148,0.5249117612838745,1.9669208526611328
16149,-1.8034367561340332,-4.247681140899658
16150,-14.148797988891602,-6.807324409484863
16151,-2.6888487339019775,-9.579822540283203
16152,-13.930645942687988,4.223738670349121
16153,-1.933944582939148,-2.782668352127075
16154,-1.0845974683761597,9.579757690429688
16155,-3.210249185562134,2.4434168338775635
16156,0.6974261999130249,2.9828238487243652
16157,4.172339916229248,5.7329792976379395
16158,-0.8503581285476685,-1.4712741374969482
16159,0.8486882448196411,-2.382080316543579
16160,0.4518502652645111,-2.3043525218963623
16161,-2.032384157180786,-3.6289684772491455
16162,-9.566973686218262,-7.76259183883667
16163,1.8734638690948486,1.5200021266937256
16164,-8.053882598876953,-7.350956439971924
16165,-6.095245838165283,6.785251140594482
16166,-14.850759506225586,-0.5504822134971619
16167,-2.5143091678619385,4.781135559082031
16168,4.8517584800720215,2.6514124870300293
16169,-13.115488052368164,-4.94087553024292
16170,0.30583855509757996,-1.4731838703155518
16171,6.574296951293945,-2.1301023960113525
16172,2.8428094387054443,1.0501410961151123
16173,-9.102869033813477,-7.4921956062316895
16174,6.581481456756592,5.866207599639893
16175,-1.8162027597427368,-0.5616118311882019
16176,-1.1464048624038696,12.482491493225098
16177,5.500556945800781,8.11401081085205
16178,-1.7856268882751465,4.467126369476318
16179,-14.479337692260742,8.832817077636719
16180,0.5981955528259277,-2.647247552871704
16181,6.673259735107422,-6.425388813018799
16182,-11.190381050109863,-4.008677005767822
16183,0.7098480463027954,-1.1377466917037964
16184,1.280214786529541,1.1980806589126587
16185,1.7909871339797974,-2.460426092147827
16186,-1.1287875175476074,14.536429405212402
16187,-2.5470590591430664,-1.1556698083877563
16188,3.0459554195404053,-3.080505847930908
16189,5.005505084991455,1.0540964603424072
16190,-2.7289204597473145,6.9573893547058105
16191,6.097292900085449,2.8997814655303955
16192,0.44774630665779114,-0.7906075119972229
16193,1.4829133749008179,-1.4964185953140259
16194,1.2562254667282104,0.09770508855581284
16195,4.203514575958252,2.437903642654419
16196,-6.8064398765563965,-11.755287170410156
16197,3.4575469493865967,10.516668319702148
16198,-15.96633529663086,-5.785874843597412
16199,3.760004758834839,4.349799633026123
16200,-4.525189399719238,7.24522066116333
16201,-28.14764976501465,2.458937644958496
16202,-33.069915771484375,4.267560958862305
16203,-4.544042110443115,4.936117649078369
16204,-5.438882350921631,-7.346369743347168
16205,-16.991596221923828,-1.589456558227539
16206,-0.03700891137123108,17.61739730834961
16207,-2.486706495285034,-7.079869270324707
16208,13.423534393310547,-6.8114728927612305
16209,-5.199055194854736,6.039509296417236
16210,-1.5259535312652588,0.5630308389663696
16211,-1.4557182788848877,8.257124900817871
16212,-2.8074638843536377,-5.6000447273254395
16213,8.95484733581543,6.998710632324219
16214,-20.732542037963867,9.6936616897583
16215,-8.51637077331543,4.807526111602783
16216,6.123687744140625,-4.264445781707764
16217,-6.943835735321045,7.32800817489624
16218,-13.853403091430664,7.514806270599365
16219,10.28807258605957,2.319793939590454
16220,-6.706578731536865,8.12192440032959
16221,-14.621005058288574,5.7861762046813965
16222,0.9601975679397583,-3.4135496616363525
16223,-7.075009822845459,-3.4426982402801514
16224,-3.373505115509033,13.309403419494629
16225,-12.352011680603027,-5.357759952545166
16226,6.294703483581543,2.7399542331695557
16227,-19.282747268676758,-0.10106510668992996
16228,-9.003684997558594,-0.08870894461870193
16229,4.170312404632568,1.553981065750122
16230,-7.724081039428711,-6.249914646148682
16231,3.723322629928589,-5.917809009552002
16232,-3.3918938636779785,-9.001930236816406
16233,0.7287888526916504,-0.5912252068519592
16234,-8.81888198852539,-2.9997012615203857
16235,6.313931941986084,0.8240527510643005
16236,-4.363160133361816,4.906240940093994
16237,1.3843753337860107,-0.546410083770752
16238,-2.8849093914031982,-6.687462329864502
16239,5.954102039337158,1.1242620944976807
16240,-7.933259010314941,-2.6806435585021973
16241,-1.2206737995147705,0.24022772908210754
16242,4.966465473175049,-6.978870868682861
16243,2.312772512435913,14.960891723632812
16244,-0.3112998306751251,1.8485171794891357
16245,0.7719733715057373,0.9706023335456848
16246,-2.9359471797943115,-3.767759084701538
16247,-7.1201372146606445,1.8758478164672852
16248,-1.6248023509979248,-7.326132297515869
16249,-3.5763094425201416,2.9427101612091064
16250,-0.05222460627555847,8.224061012268066
16251,0.9345296621322632,-5.092105388641357
16252,0.42754533886909485,-1.5018963813781738
16253,-0.9556621313095093,2.0711514949798584
16254,-9.86075210571289,8.823943138122559
16255,1.1810555458068848,-1.062162160873413
16256,-0.7708542346954346,11.095849990844727
16257,0.39580443501472473,-1.8210543394088745
16258,-11.303388595581055,-3.924874782562256
16259,1.3031717538833618,13.290396690368652
16260,6.08734655380249,2.9876883029937744
16261,9.100013732910156,-6.681715965270996
16262,1.203940749168396,0.6666207909584045
16263,0.5699621438980103,-1.6748440265655518
16264,-8.843587875366211,1.7900609970092773
16265,14.935951232910156,-3.3997485637664795
16266,3.67724347114563,4.263530731201172
16267,-11.382680892944336,7.442485809326172
16268,-11.380815505981445,-1.9847204685211182
16269,1.107618808746338,0.7179312109947205
16270,2.7195723056793213,-1.3142904043197632
16271,0.5380039215087891,-2.315325975418091
16272,-0.3201702833175659,-1.6538830995559692
16273,3.41677188873291,10.70192813873291
16274,-2.401670455932617,-0.6860470175743103
16275,-1.9357227087020874,8.728240013122559
16276,-0.8815485239028931,8.363381385803223
16277,-1.158630609512329,2.451188087463379
16278,-3.3733487129211426,-8.96324634552002
16279,3.605403423309326,-9.758689880371094
16280,8.489133834838867,6.516255855560303
16281,10.260810852050781,0.8324652910232544
16282,3.90209698677063,-0.8407266736030579
16283,10.069292068481445,5.887160778045654
16284,-2.7858450412750244,-7.290616512298584
16285,1.8055808544158936,-1.6894145011901855
16286,8.698051452636719,-8.46770191192627
16287,8.347126007080078,-6.752913951873779
16288,-0.7491757869720459,1.8595620393753052
16289,0.9684208631515503,-1.3878058195114136
16290,-2.8998842239379883,9.469921112060547
16291,1.2952089309692383,-1.043246865272522
16292,-34.33097457885742,4.930433750152588
16293,3.3188159465789795,0.2199002504348755
16294,-0.6915704011917114,12.12100887298584
16295,-3.9567923545837402,-1.1511684656143188
16296,-5.278102874755859,5.893948554992676
16297,-0.8471593856811523,1.7360844612121582
16298,-2.1491620540618896,-0.35413965582847595
16299,4.587120056152344,0.9364820122718811
16300,7.631603240966797,-3.0756726264953613
16301,0.09424033761024475,-2.0773346424102783
16302,-2.369105815887451,-7.6175055503845215
16303,2.1749653816223145,-3.8929378986358643
16304,-1.6382005214691162,3.2897796630859375
16305,-0.3065628111362457,-3.6314873695373535
16306,7.3096842765808105,-7.4685564041137695
16307,-0.38879430294036865,-3.5281448364257812
16308,-1.2444570064544678,-2.6464626789093018
16309,-6.172512531280518,10.193378448486328
16310,-11.859464645385742,-8.425820350646973
16311,-9.205717086791992,-9.113872528076172
16312,-0.055462464690208435,-2.0968635082244873
16313,-6.4455180168151855,-4.2895379066467285
16314,-1.7176179885864258,-4.624440670013428
16315,-6.234519004821777,-2.904630184173584
16316,1.1736469268798828,0.500661313533783
16317,8.123579978942871,-0.7745108604431152
16318,2.0716054439544678,5.580097675323486
16319,0.1627458930015564,-2.2709763050079346
16320,-2.0426106452941895,-3.9089934825897217
16321,-3.5882787704467773,2.347686290740967
16322,-5.573822975158691,-2.659980058670044
16323,-1.0329992771148682,0.8766070604324341
16324,0.020446568727493286,0.4240838289260864
16325,-5.0357985496521,5.683361530303955
16326,-4.643087387084961,4.512298107147217
16327,2.5621418952941895,-2.1613166332244873
16328,-1.3971457481384277,1.280734658241272
16329,2.9597818851470947,-4.666988849639893
16330,6.500833988189697,-6.894465923309326
16331,-2.442805051803589,-5.714651584625244
16332,-21.055274963378906,10.65449333190918
16333,0.8574907779693604,-2.346092939376831
16334,0.19480326771736145,0.9049831628799438
16335,-15.618324279785156,-4.041916370391846
16336,0.5346740484237671,4.996525287628174
16337,0.4387836754322052,15.518762588500977
16338,-14.670892715454102,6.845170974731445
16339,-15.307975769042969,-8.012236595153809
16340,0.641872763633728,-3.242945909500122
16341,0.4371788799762726,3.7512574195861816
16342,1.344236135482788,-1.807781457901001
16343,7.217700004577637,-8.70205307006836
16344,-10.940253257751465,-1.5166138410568237
16345,0.9227020740509033,-0.35946762561798096
16346,2.1203482151031494,0.08081715553998947
16347,4.693005084991455,-1.2830278873443604
16348,1.7312259674072266,4.258214473724365
16349,3.1337430477142334,-5.556549072265625
16350,-20.55645179748535,5.529460430145264
16351,-0.2905457317829132,0.8198825716972351
16352,-1.7285873889923096,12.394548416137695
16353,0.6611273288726807,1.606475830078125
16354,-1.2981112003326416,0.7781176567077637
16355,-0.13933846354484558,1.3041232824325562
16356,0.3898670971393585,-2.1421689987182617
16357,1.3776553869247437,-0.416202187538147
16358,0.43558815121650696,-1.0240732431411743
16359,-3.4797115325927734,-3.193681240081787
16360,-0.1717759668827057,-0.5524643659591675
16361,-3.694458484649658,-8.252188682556152
16362,-8.803749084472656,-6.049584865570068
16363,-1.9533151388168335,-4.553866863250732
16364,-5.103949069976807,7.2228522300720215
16365,-11.657876968383789,7.20547342300415
16366,0.8648817539215088,-1.9065912961959839
16367,3.903836965560913,4.670643329620361
16368,-17.384286880493164,-1.120808720588684
16369,-41.124755859375,10.704760551452637
16370,-11.37205982208252,-4.532015800476074
16371,-11.419575691223145,-10.71494197845459
16372,-17.29827308654785,10.020400047302246
16373,1.918813943862915,13.917802810668945
16374,8.244236946105957,-6.602919101715088
16375,9.653081893920898,-7.084809303283691
16376,-6.662012100219727,-6.8705315589904785
16377,-2.396538496017456,0.33598577976226807
16378,-4.095933437347412,-3.49416184425354
16379,-0.4863641560077667,1.0362935066223145
16380,0.6627647876739502,-1.9474767446517944
16381,-1.3762567043304443,-6.420895576477051
16382,-9.442832946777344,-9.593602180480957
16383,-4.342076778411865,-5.831379413604736
16384,-10.421346664428711,-11.567660331726074
16385,1.4331451654434204,0.004404239356517792
16386,0.9827548265457153,0.9555216431617737
16387,-1.421034336090088,2.6844050884246826
16388,-4.198968887329102,-10.170672416687012
16389,2.26631760597229,-2.896003007888794
16390,2.905712604522705,15.262603759765625
16391,5.521845817565918,6.317779541015625
16392,8.532175064086914,-1.5936453342437744
16393,-2.911982297897339,-6.7907490730285645
16394,4.9911699295043945,-4.525888442993164
16395,6.938323497772217,2.7991585731506348
16396,10.980314254760742,5.275454998016357
16397,-0.9739747047424316,11.835479736328125
16398,-3.386000394821167,-9.128870010375977
16399,-1.3292818069458008,9.601841926574707
16400,1.0404350757598877,-0.6267984509468079
16401,-1.6001062393188477,-6.132254123687744
16402,0.9672105312347412,0.4759214520454407
16403,-3.1427364349365234,-7.799668788909912
16404,-3.0824530124664307,-6.712788105010986
16405,-9.571599006652832,-0.9510133266448975
16406,-2.461845636367798,-7.340193748474121
16407,-0.539528489112854,3.911912202835083
16408,4.954163074493408,-8.294562339782715
16409,-2.6198604106903076,7.5029683113098145
16410,0.7634521722793579,-1.4608564376831055
16411,2.432762384414673,0.33480435609817505
16412,4.38797664642334,8.828400611877441
16413,-2.5695271492004395,-8.419957160949707
16414,6.3481974601745605,-6.703704357147217
16415,9.113006591796875,-7.899943828582764
16416,1.951176404953003,17.09048843383789
16417,1.219815969467163,-2.6404240131378174
16418,2.004042148590088,10.868674278259277
16419,4.121192455291748,3.8978660106658936
16420,2.853243112564087,-3.5655133724212646
16421,1.3185772895812988,-0.4689270853996277
16422,-2.6294145584106445,-6.30446195602417
16423,-1.7253336906433105,-5.121838092803955
16424,1.1365609169006348,-1.5394989252090454
16425,-0.8515908718109131,0.11012106388807297
16426,-3.35910964012146,-6.60103178024292
16427,0.5045372247695923,-1.2663311958312988
16428,-4.220945358276367,2.5636041164398193
16429,7.237780570983887,-4.731059551239014
16430,9.322626113891602,-7.540746688842773
16431,4.413309097290039,-7.3889970779418945
16432,7.110673427581787,-1.1181230545043945
16433,-13.722600936889648,-4.501392841339111
16434,0.6295356750488281,15.316712379455566
16435,0.7548168897628784,2.0481810569763184
16436,5.42975378036499,-1.724593997001648
16437,6.03676176071167,1.2660338878631592
16438,1.0571993589401245,0.04611095041036606
16439,-2.284069061279297,-4.842758655548096
16440,-9.689001083374023,-10.182101249694824
16441,-1.731754183769226,-3.987443685531616
16442,7.49940824508667,2.052809000015259
16443,-36.365821838378906,8.430338859558105
16444,3.1075029373168945,-2.649000644683838
16445,-14.842020988464355,-3.4018757343292236
16446,3.6551287174224854,-5.101478099822998
16447,0.022197335958480835,-1.7817267179489136
16448,0.3672638237476349,-1.2226667404174805
16449,-13.86890983581543,-5.87736177444458
16450,-12.475282669067383,8.095614433288574
16451,5.551572322845459,2.9289889335632324
16452,-0.6862888336181641,-0.5277953743934631
16453,-6.798012733459473,-2.4492080211639404
16454,-8.507367134094238,-3.2087340354919434
16455,4.164254665374756,3.7676150798797607
16456,11.698775291442871,-5.570273399353027
16457,-1.3483593463897705,4.162184238433838
16458,-0.9081568717956543,7.133819580078125
16459,5.634430885314941,-4.733278751373291
16460,8.1493558883667,2.6575207710266113
16461,6.933215618133545,-8.36712646484375
16462,2.3395028114318848,-4.120236396789551
16463,8.038392066955566,6.266536235809326
16464,-1.0479497909545898,6.798818588256836
16465,-1.8369578123092651,0.034117721021175385
16466,-3.222513198852539,-8.13449764251709
16467,0.440481036901474,-1.7650611400604248
16468,-10.60487174987793,2.3492281436920166
16469,-2.0500357151031494,-4.161689281463623
16470,4.188477993011475,-2.93259334564209
16471,4.655493259429932,9.786099433898926
16472,2.216799020767212,3.5964391231536865
16473,-3.6565964221954346,3.456742763519287
16474,-11.334753036499023,8.232810020446777
16475,0.1494775116443634,0.9934379458427429
16476,-2.508202075958252,-5.2576727867126465
16477,6.5600762367248535,1.394832968711853
16478,4.815089702606201,-5.983253002166748
16479,-13.093513488769531,-2.9749276638031006
16480,-13.363434791564941,2.627431869506836
16481,0.8262596130371094,3.9916250705718994
16482,5.187192916870117,-4.938591957092285
16483,-9.139097213745117,-4.1415324211120605
16484,8.378767013549805,-5.675655841827393
16485,-1.572273850440979,-5.897838592529297
16486,6.594574928283691,-8.140971183776855
16487,1.2626581192016602,7.9317145347595215
16488,-11.815147399902344,-3.9926581382751465
16489,-0.24216923117637634,17.450286865234375
16490,-2.0239908695220947,-1.1540385484695435
16491,5.547816753387451,12.333953857421875
16492,0.5529482364654541,-1.3144736289978027
16493,-4.890078067779541,-7.37523889541626
16494,-5.52627420425415,-9.91185474395752
16495,5.852099895477295,0.6863289475440979
16496,6.470306873321533,0.8481239676475525
16497,10.166254043579102,1.375098466873169
16498,-2.5761027336120605,-5.598001956939697
16499,0.3997783362865448,-1.6083987951278687
16500,-0.9845080375671387,10.44733715057373
16501,4.844619274139404,-4.783308029174805
16502,1.1070154905319214,-1.0557875633239746
16503,-1.5534322261810303,12.318548202514648
16504,-7.349874019622803,-7.015425205230713
16505,1.0333119630813599,2.7716879844665527
16506,1.0993129014968872,-1.3946460485458374
16507,7.082850933074951,6.094779014587402
16508,4.506233215332031,2.5064945220947266
16509,-3.0382401943206787,-8.38528823852539
16510,-3.043733835220337,8.016610145568848
16511,6.545401573181152,-2.032141923904419
16512,-1.2532964944839478,0.824365496635437
16513,1.1419339179992676,-0.05190549045801163
16514,7.114552021026611,-0.5775591135025024
16515,-16.443424224853516,-5.914510726928711
16516,-3.2074310779571533,-7.956852436065674
16517,1.69539475440979,0.2809762954711914
16518,14.990362167358398,-4.515352725982666
16519,2.1404125690460205,15.02155590057373
16520,2.3198301792144775,-2.933823347091675
16521,3.386399745941162,1.1095538139343262
16522,4.232077121734619,-1.9761109352111816
16523,-11.499883651733398,-0.4273512363433838
16524,8.737947463989258,-0.9068335890769958
16525,7.097380638122559,6.275623798370361
16526,-2.798482656478882,-3.3776779174804688
16527,-7.599580764770508,12.384743690490723
16528,2.7841367721557617,-0.22923243045806885
16529,3.7725141048431396,11.964539527893066
16530,-6.814513683319092,-5.529286861419678
16531,-1.9926238059997559,-8.406946182250977
16532,-1.5110752582550049,-4.406357765197754
16533,4.533128261566162,7.114401817321777
16534,-2.0708279609680176,-0.5248621702194214
16535,-5.03633451461792,-7.248046875
16536,0.5715389251708984,-1.648620843887329
16537,7.550837993621826,-4.282308578491211
16538,1.0794651508331299,-1.4178287982940674
16539,12.219644546508789,-5.119482517242432
16540,-1.272647500038147,0.5742347836494446
16541,2.1483442783355713,-1.3022918701171875
16542,-1.5364916324615479,-6.293857097625732
16543,1.448141098022461,4.264498233795166
16544,-10.195167541503906,-1.6277680397033691
16545,8.76710033416748,-9.849910736083984
16546,0.7406543493270874,1.5636529922485352
16547,-3.9739911556243896,2.904548406600952
16548,7.8074822425842285,-2.9262783527374268
16549,0.023473650217056274,0.4239296317100525
16550,7.452650547027588,6.208420276641846
16551,-14.459493637084961,-12.866739273071289
16552,-10.981698989868164,-9.038097381591797
16553,1.8069617748260498,-1.802941918373108
16554,-11.275794982910156,-7.264979839324951
16555,-10.158958435058594,-3.6855123043060303
16556,0.5974416732788086,-2.0012238025665283
16557,-4.483290195465088,7.2780632972717285
16558,4.740644454956055,-1.8895617723464966
16559,-6.119909763336182,-7.976104259490967
16560,1.0630772113800049,-0.1838395595550537
16561,-2.9859964847564697,-7.68427848815918
16562,-2.1276161670684814,4.733377456665039
16563,0.21165919303894043,-1.6649894714355469
16564,-27.45781135559082,3.190195083618164
16565,4.497239589691162,0.4987145662307739
16566,-2.790201187133789,-6.435801982879639
16567,5.856433391571045,-0.7488883137702942
16568,12.256567001342773,2.1181838512420654
16569,-11.22715950012207,-3.3339107036590576
16570,-17.812955856323242,3.7822110652923584
16571,-8.24708366394043,0.5985265374183655
16572,2.7483761310577393,13.509947776794434
16573,8.152338027954102,5.729360103607178
16574,-1.8219902515411377,-2.7000389099121094
16575,0.862180233001709,-1.1607425212860107
16576,2.7491047382354736,12.9735746383667
16577,-1.2597707509994507,7.594970703125
16578,-5.599891185760498,-8.796757698059082
16579,-3.5074727535247803,-8.948728561401367
16580,0.9757133722305298,-0.4792402386665344
16581,-2.9938247203826904,1.6203231811523438
16582,3.7217421531677246,4.35062313079834
16583,-1.8298896551132202,-9.733319282531738
16584,8.727836608886719,6.617536544799805
16585,-7.79700231552124,3.7873220443725586
16586,-1.480061650276184,8.333111763000488
16587,-1.71099853515625,-3.857769250869751
16588,-2.337644338607788,5.482579231262207
16589,1.2462270259857178,-2.123786687850952
16590,-3.948336124420166,2.763136148452759
16591,-0.22609570622444153,1.454226016998291
16592,-0.6528711318969727,10.015275001525879
16593,-6.240774154663086,-7.173415660858154
16594,-1.597152590751648,-2.1678993701934814
16595,-10.148228645324707,-0.08384383469820023
16596,5.289977073669434,1.5795495510101318
16597,-13.78234577178955,2.7810609340667725
16598,-5.2282938957214355,-5.478095054626465
16599,-7.26199197769165,-3.671393394470215
16600,-15.939708709716797,-4.278738021850586
16601,1.1775215864181519,1.0216126441955566
16602,-1.7008726596832275,5.660353660583496
16603,-3.2298331260681152,7.832195281982422
16604,-0.07431480288505554,4.961921215057373
16605,-2.1800549030303955,-5.815933704376221
16606,3.287240982055664,11.788153648376465
16607,-5.411384582519531,-0.7616313695907593
16608,5.811659812927246,-1.6587544679641724
16609,-0.43439337611198425,15.46317195892334
16610,2.7977993488311768,4.378753185272217
16611,-3.663881778717041,3.39907169342041
16612,-19.959901809692383,-0.7225624918937683
16613,9.478156089782715,-8.481841087341309
16614,0.33386558294296265,-0.3955780267715454
16615,1.0336518287658691,-1.1858510971069336
16616,5.568253993988037,6.034374713897705
16617,4.370638370513916,-6.070066928863525
16618,1.2480881214141846,-1.1904196739196777
16619,-11.253335952758789,-5.757852077484131
16620,-1.8893276453018188,5.6890740394592285
16621,-1.9333670139312744,6.611395359039307
16622,4.181483745574951,-4.5977606773376465
16623,-3.0773792266845703,-7.060100555419922
16624,5.2250447273254395,3.3385090827941895
16625,-15.982852935791016,3.4120044708251953
16626,-4.097505569458008,-9.135109901428223
16627,5.77930212020874,0.8918325901031494
16628,-8.528338432312012,-9.473515510559082
16629,-23.757577896118164,1.5703773498535156
16630,4.07021427154541,0.3756926357746124
16631,-4.797424793243408,-4.690188407897949
16632,1.1267564296722412,-0.41616344451904297
16633,-1.1256790161132812,10.615012168884277
16634,5.159045219421387,3.4701454639434814
16635,-2.0996875762939453,-5.811849117279053
16636,-0.3805091083049774,8.871380805969238
16637,7.637904167175293,-4.08380126953125
16638,-12.431139945983887,6.298022270202637
16639,0.17308619618415833,1.5256211757659912
16640,-0.03342422842979431,-3.529916763305664
16641,-3.6445906162261963,-8.3147554397583
16642,-2.951258420944214,-7.911993980407715
16643,-1.4216667413711548,6.9020490646362305
16644,-1.9569706916809082,-3.6931495666503906
16645,-3.7014505863189697,5.363531589508057
16646,-0.7517414093017578,5.3355865478515625
16647,1.8756790161132812,1.6394240856170654
16648,-1.9555705785751343,-3.4520251750946045
16649,6.401978969573975,5.695883750915527
16650,9.26603889465332,-5.088296413421631
16651,-20.139652252197266,10.171767234802246
16652,0.7140620946884155,-2.6249759197235107
16653,7.965274333953857,-9.984508514404297
16654,-3.789963960647583,-4.062124252319336
16655,1.208836317062378,-1.5891519784927368
16656,-13.830948829650879,-4.434721946716309
16657,-8.349218368530273,8.719489097595215
16658,-5.26979398727417,4.828732967376709
16659,-9.178057670593262,1.8227136135101318
16660,-1.9469460248947144,-6.097286701202393
16661,-1.6825116872787476,11.642592430114746
16662,2.134431838989258,-1.4922332763671875
16663,-10.04086685180664,2.402787446975708
16664,3.043403148651123,0.7653350830078125
16665,-0.1906781792640686,-0.9285139441490173
16666,6.787604808807373,-7.292648792266846
16667,7.735549449920654,-9.234784126281738
16668,-1.351684331893921,11.904425621032715
16669,-1.9795219898223877,-3.5939652919769287
16670,4.1544270515441895,10.887659072875977
16671,-3.0591254234313965,4.906103610992432
16672,-9.657654762268066,-8.07672119140625
16673,6.346079349517822,6.800094127655029
16674,-8.215906143188477,-7.994588851928711
16675,-7.001305103302002,1.0399458408355713
16676,7.6233086585998535,-2.0114972591400146
16677,-15.419398307800293,0.7499585747718811
16678,-6.154069900512695,0.9183112978935242
16679,-11.32164192199707,-8.132765769958496
16680,-25.991750717163086,3.066176414489746
16681,-2.2079684734344482,10.520739555358887
16682,-10.487933158874512,-1.5229859352111816
16683,-0.2682923972606659,-1.2645243406295776
16684,1.2074850797653198,-1.4052734375
16685,-14.199386596679688,8.700690269470215
16686,-0.8197424411773682,-0.9231627583503723
16687,-2.3096587657928467,-7.826570987701416
16688,3.786327362060547,-4.008353233337402
16689,-20.979402542114258,-1.064724326133728
16690,10.106903076171875,-0.256645143032074
16691,-0.9690650701522827,10.914070129394531
16692,2.6117348670959473,-1.181212067604065
16693,-2.8466484546661377,0.39780086278915405
16694,-3.936037302017212,0.5998250842094421
16695,1.970456600189209,-0.6317323446273804
16696,1.2472712993621826,-0.3902847170829773
16697,-2.6759674549102783,5.459378719329834
16698,1.6062934398651123,4.033420085906982
16699,1.602292776107788,-2.949023723602295
16700,0.9673701524734497,-0.8438726663589478
16701,0.42090609669685364,-0.0017674341797828674
16702,-2.017040252685547,-3.855780839920044
16703,-1.4260869026184082,2.6928670406341553
16704,-11.179106712341309,0.3821699619293213
16705,-0.4321348965167999,0.5457271337509155
16706,0.31216058135032654,-1.1592128276824951
16707,3.6730663776397705,-5.766057968139648
16708,4.9785075187683105,3.254129648208618
16709,-4.723006725311279,2.9114749431610107
16710,-1.693932056427002,10.024896621704102
16711,8.791799545288086,6.842823505401611
16712,-0.057382553815841675,1.0141912698745728
16713,-2.2836272716522217,-6.143288612365723
16714,4.260289669036865,-0.883845329284668
16715,-1.2133924961090088,8.354578018188477
16716,0.2455994188785553,2.273632526397705
16717,5.687514781951904,4.2968220710754395
16718,4.610398769378662,-1.561960220336914
16719,3.260422706604004,-4.017182350158691
16720,-5.020528793334961,5.320521831512451
16721,0.2363089919090271,-2.0679476261138916
16722,-2.008255958557129,1.570727825164795
16723,0.4538898766040802,-1.5370128154754639
16724,0.1464335024356842,7.591477870941162
16725,-1.251526951789856,3.911677122116089
16726,9.649225234985352,5.632446765899658
16727,-3.160080671310425,9.107131958007812
16728,-1.2802135944366455,1.2654746770858765
16729,5.487947463989258,-0.005199261009693146
16730,2.604776382446289,-4.0653557777404785
16731,5.9225287437438965,-0.9633537530899048
16732,-4.3762898445129395,-9.938383102416992
16733,-11.271137237548828,-7.174615859985352
16734,5.3944315910339355,1.2782957553863525
16735,-4.8261823654174805,-7.04572057723999
16736,-14.79825496673584,-6.321910381317139
16737,-23.01280975341797,-1.2043265104293823
16738,-1.4023935794830322,14.327906608581543
16739,0.4285426437854767,1.8332579135894775
16740,-2.055511951446533,2.3137433528900146
16741,-1.6233617067337036,9.975655555725098
16742,4.173208713531494,11.863018989562988
16743,-2.8497323989868164,-7.643527984619141
16744,-4.920882701873779,0.07913520187139511
16745,6.106315612792969,1.4411954879760742
16746,3.8627264499664307,4.791411399841309
16747,-0.3275802433490753,-1.4725130796432495
16748,-14.054853439331055,5.419287204742432
16749,1.412135362625122,1.7066831588745117
16750,-17.464452743530273,1.538865089416504
16751,1.183760166168213,-2.011833429336548
16752,1.440006971359253,-0.3420761823654175
16753,-8.421368598937988,-3.138291597366333
16754,0.3602081835269928,4.887317657470703
16755,4.291633129119873,-4.4785661697387695
16756,-1.9073506593704224,-4.553526878356934
16757,-0.07021835446357727,0.6401456594467163
16758,0.10239139199256897,-2.0744469165802
16759,-9.674842834472656,11.40831470489502
16760,-2.0633223056793213,-7.5147624015808105
16761,-0.9142850637435913,14.454817771911621
16762,0.67155921459198,4.346996784210205
16763,11.037650108337402,6.272701740264893
16764,1.0681233406066895,-1.229601263999939
16765,6.305088996887207,1.3190727233886719
16766,6.692558288574219,-1.8497893810272217
16767,-0.06314703822135925,0.7868537902832031
16768,-1.141165018081665,-2.102421998977661
16769,-0.7198587656021118,4.315652370452881
16770,-11.651179313659668,5.472053050994873
16771,0.07592251896858215,1.3252971172332764
16772,5.00480318069458,0.5076810717582703
16773,1.4759925603866577,-3.629897356033325
16774,-4.542395114898682,-8.367899894714355
16775,-0.05221351981163025,0.7991010546684265
16776,9.993185997009277,3.6386349201202393
16777,11.694189071655273,1.3021957874298096
16778,-4.914475917816162,-5.244500160217285
16779,3.0017330646514893,-4.123482704162598
16780,0.66585373878479,-1.0451406240463257
16781,0.41860345005989075,-1.4396135807037354
16782,-0.09586825966835022,0.5693855881690979
16783,7.16873025894165,2.0115835666656494
16784,3.637643575668335,10.542195320129395
16785,-15.246564865112305,-3.873509168624878
16786,2.08636212348938,5.035075664520264
16787,-3.999417781829834,-5.076077938079834
16788,-47.24782943725586,10.252449989318848
16789,-1.3831186294555664,3.1556732654571533
16790,-7.186010837554932,6.6671037673950195
16791,-7.038465976715088,-2.571911573410034
16792,-0.16873213648796082,0.859763503074646
16793,10.274531364440918,6.250275611877441
16794,-9.771048545837402,-10.518231391906738
16795,0.16768452525138855,-1.3726279735565186
16796,4.646318435668945,13.899676322937012
16797,2.543581485748291,8.309698104858398
16798,0.4622325003147125,-2.0143256187438965
16799,4.629936695098877,5.453094959259033
16800,-1.4633053541183472,-3.0986945629119873
16801,-2.2312726974487305,4.647095203399658
16802,-6.341932773590088,5.756790637969971
16803,0.30024805665016174,5.504178524017334
16804,-9.509613037109375,-8.926878929138184
16805,-0.08046421408653259,0.6207351088523865
16806,1.3879127502441406,0.6466808319091797
16807,10.336007118225098,-5.109710216522217
16808,-2.867637872695923,-8.373319625854492
16809,7.305654048919678,6.624416828155518
16810,0.44553425908088684,-1.7795078754425049
16811,1.0882335901260376,10.744226455688477
16812,3.0987656116485596,-0.7028058767318726
16813,-0.8927099704742432,-1.8111073970794678
16814,0.40331974625587463,-1.1436697244644165
16815,-2.0973217487335205,10.273118019104004
16816,-1.6235952377319336,-4.631222724914551
16817,1.2737247943878174,15.190604209899902
16818,-1.9300181865692139,10.750097274780273
16819,-11.612470626831055,-6.077897548675537
16820,3.9044721126556396,-0.04381734877824783
16821,5.9936957359313965,5.804355621337891
16822,-14.101651191711426,-12.885148048400879
16823,-16.676029205322266,7.868747711181641
16824,-10.87248706817627,-3.289160966873169
16825,-2.336686372756958,-7.570645809173584
16826,-1.5582705736160278,3.167922258377075
16827,-10.394928932189941,5.9419755935668945
16828,9.12932014465332,6.9089274406433105
16829,-1.3077523708343506,9.354392051696777
16830,0.9956333637237549,-2.477776527404785
16831,-7.821718692779541,7.795414447784424
16832,3.212510824203491,-1.092559814453125
16833,-5.177028179168701,6.804223537445068
16834,-3.104527235031128,-6.111547470092773
16835,-8.660896301269531,-1.2052375078201294
16836,-1.3976244926452637,-5.468790054321289
16837,3.7031373977661133,14.003301620483398
16838,-12.949999809265137,1.9489867687225342
16839,1.2439706325531006,1.0597370862960815
16840,7.030770778656006,0.5432894825935364
16841,4.4520182609558105,-1.4783287048339844
16842,-12.07872486114502,-2.229705572128296
16843,1.2246958017349243,-0.5796231627464294
16844,-9.06216049194336,-8.94259262084961
16845,-1.315936803817749,1.6224873065948486
16846,7.882568836212158,6.380404949188232
16847,-14.91397476196289,-4.389181137084961
16848,0.9291062355041504,-2.6455023288726807
16849,-11.313299179077148,-4.161061763763428
16850,4.700697422027588,-4.4844651222229
16851,2.99648380279541,4.8358306884765625
16852,-11.18539047241211,-5.237433910369873
16853,0.4167686998844147,-1.4106861352920532
16854,10.466757774353027,3.336841344833374
16855,-2.283592939376831,-5.2380452156066895
16856,-1.8781015872955322,12.325427055358887
16857,-15.158087730407715,-1.8339998722076416
16858,-26.53912925720215,-0.8091675639152527
16859,2.7069363594055176,-2.8944344520568848
16860,9.026676177978516,7.13911771774292
16861,-6.651600360870361,-6.204051494598389
16862,-21.57500648498535,8.858014106750488
16863,5.825961589813232,0.7463839650154114
16864,4.834694862365723,-3.3621509075164795
16865,2.8972527980804443,-0.8852366805076599
16866,-2.714306116104126,10.253748893737793
16867,-12.703388214111328,7.476747035980225
16868,-12.775115013122559,-4.588717937469482
16869,10.749767303466797,4.427956581115723
16870,-4.817180156707764,-9.763289451599121
16871,3.8989078998565674,11.630971908569336
16872,-14.029455184936523,-9.034041404724121
16873,4.583677768707275,-1.2643029689788818
16874,1.0738525390625,-0.2578269839286804
16875,-14.187296867370605,-10.657888412475586
16876,-3.4170072078704834,3.0104868412017822
16877,7.363070011138916,-1.3816897869110107
16878,-19.347944259643555,0.1137426421046257
16879,-9.667015075683594,5.835155010223389
16880,2.7241761684417725,-0.07994378358125687
16881,-3.4778809547424316,-5.769750118255615
16882,1.237884521484375,-0.2512829303741455
16883,-6.523066997528076,-9.949451446533203
16884,-0.5836778879165649,4.874575138092041
16885,-8.276836395263672,9.969712257385254
16886,-19.84567642211914,-0.8561390042304993
16887,8.542051315307617,5.920705795288086
16888,2.0311689376831055,15.119719505310059
16889,-5.125180244445801,6.340713024139404
16890,4.559075355529785,0.54398113489151
16891,6.564523696899414,6.712804317474365
16892,-0.2918684184551239,3.561535596847534
16893,7.085694789886475,2.211974620819092
16894,0.9839653968811035,-2.890125036239624
16895,1.06812584400177,-1.9488188028335571
16896,3.688049554824829,13.971160888671875
16897,-31.02251625061035,9.360835075378418
16898,7.767236232757568,14.675626754760742
16899,1.7537744045257568,1.509194254875183
16900,2.5769145488739014,-3.926509380340576
16901,-12.304898262023926,5.331172466278076
16902,-0.20431062579154968,4.733311176300049
16903,1.1468617916107178,-1.317392110824585
16904,2.0083305835723877,-0.766261875629425
16905,6.179410934448242,-1.4295392036437988
16906,-14.058568954467773,-2.8604650497436523
16907,-6.066918849945068,-7.0724873542785645
16908,-12.261575698852539,7.71189022064209
16909,-1.7794417142868042,3.12158203125
16910,3.615596055984497,-3.016338586807251
16911,4.319854736328125,6.322299957275391
16912,-14.428370475769043,8.761717796325684
16913,6.998714923858643,-6.617065906524658
16914,-2.333603620529175,0.29610979557037354
16915,-1.5967464447021484,4.076932907104492
16916,7.030929088592529,-0.4262225031852722
16917,0.024976521730422974,6.653639793395996
16918,0.7449215650558472,-2.6022369861602783
16919,4.553805828094482,10.132634162902832
16920,-2.0165932178497314,5.181458950042725
16921,0.4100398123264313,2.0955874919891357
16922,13.343152046203613,-3.653559446334839
16923,-1.0528966188430786,10.502482414245605
16924,-1.7215174436569214,-3.2868895530700684
16925,-19.375577926635742,9.446364402770996
16926,0.6597278118133545,-2.732088327407837
16927,-11.54864501953125,8.124165534973145
16928,9.818948745727539,1.573691964149475
16929,-6.414700031280518,-7.123111248016357
16930,1.0947980880737305,0.09864770621061325
16931,-0.2110631763935089,1.0129374265670776
16932,-0.9038234949111938,1.6294333934783936
16933,5.739223957061768,-2.1154844760894775
16934,-3.2312228679656982,11.0888032913208
16935,-18.077190399169922,10.702938079833984
16936,-5.42972993850708,-9.713746070861816
16937,-0.05535385012626648,0.8735613822937012
16938,-0.565294623374939,6.59082555770874
16939,8.663393020629883,5.18383264541626
16940,-23.49641227722168,8.46645450592041
16941,1.5658962726593018,-4.64347505569458
16942,1.0639113187789917,-1.3864718675613403
16943,1.0537254810333252,1.0695013999938965
16944,-0.1346554011106491,-2.126887083053589
16945,-0.8110848665237427,6.105986595153809
16946,-7.241878032684326,-7.15708589553833
16947,0.32491087913513184,-2.228381872177124
16948,7.976834774017334,-4.213691234588623
16949,1.240328311920166,-0.6025828123092651
16950,-3.31644606590271,2.3756728172302246
16951,-0.9117531776428223,4.5586042404174805
16952,-0.08518317341804504,0.7146931886672974
16953,5.554571151733398,0.4258829653263092
16954,-1.0187170505523682,5.216097831726074
16955,0.01527145504951477,-1.8020650148391724
16956,-3.7759695053100586,-6.1957550048828125
16957,-1.3321369886398315,4.844963073730469
16958,-1.6273181438446045,-3.15779185295105
16959,-2.483280897140503,-6.8136067390441895
16960,-24.603866577148438,0.544887363910675
16961,2.073945999145508,-3.6628801822662354
16962,6.256671905517578,5.731328964233398
16963,-11.812234878540039,-4.24726676940918
16964,-4.9437642097473145,-10.74636173248291
16965,-0.012564033269882202,3.8693225383758545
16966,-10.327693939208984,-2.9983420372009277
16967,1.5452969074249268,0.8583702445030212
16968,9.423181533813477,-1.7178305387496948
16969,1.339721918106079,1.0976686477661133
16970,0.32730498909950256,3.768665075302124
16971,0.6693739891052246,3.628084897994995
16972,2.9527461528778076,-4.996639728546143
16973,-22.33660125732422,3.6243560314178467
16974,-2.778688430786133,2.060051918029785
16975,-1.9462956190109253,9.399659156799316
16976,-2.190215826034546,9.604588508605957
16977,-12.134445190429688,-5.546266078948975
16978,-12.675782203674316,-1.2441871166229248
16979,-8.97836971282959,-3.673452615737915
16980,-2.4876925945281982,-6.038188934326172
16981,7.371406078338623,6.211065769195557
16982,2.368521213531494,2.6189706325531006
16983,-2.3356823921203613,-6.320826053619385
16984,4.706541538238525,14.55162239074707
16985,-3.0405404567718506,0.553875744342804
16986,-1.0297279357910156,1.0834354162216187
16987,-0.741165280342102,6.087399482727051
16988,4.106921672821045,12.560566902160645
16989,1.0573093891143799,3.5143086910247803
16990,-4.205292701721191,-9.71961784362793
16991,-19.36160659790039,0.49791592359542847
16992,-9.273287773132324,-2.9080073833465576
16993,1.8086297512054443,1.1554896831512451
16994,-3.5808565616607666,-6.5885443687438965
16995,-0.07086768746376038,1.0855695009231567
16996,-3.91239595413208,-0.8068317770957947
16997,8.015419006347656,-4.805412292480469
16998,-2.75406551361084,8.04487419128418
16999,-0.23559650778770447,1.3619152307510376
17000,-3.2513773441314697,0.5811354517936707
17001,5.5339860916137695,6.616363525390625
17002,10.614340782165527,2.160963296890259
17003,10.3573579788208,-5.804833889007568
17004,8.396425247192383,-8.22411823272705
17005,1.0486854314804077,0.017079822719097137
17006,-1.8084367513656616,-1.7989976406097412
17007,-17.03550910949707,9.414441108703613
17008,2.4708893299102783,-1.8523364067077637
17009,-1.8366707563400269,-6.51129674911499
17010,-2.84291410446167,-7.184536933898926
17011,-0.8312067985534668,14.865726470947266
17012,-0.7246090173721313,4.719225883483887
17013,-9.9519624710083,-7.040672302246094
17014,8.45762825012207,-2.27492094039917
17015,-31.75656509399414,3.857086420059204
17016,-0.630051851272583,15.093703269958496
17017,-2.2111399173736572,-7.213764667510986
17018,-1.0943386554718018,9.607400894165039
17019,-0.2121046483516693,3.111987590789795
17020,-0.6252832412719727,0.179999440908432
17021,-7.85907506942749,-4.415637016296387
17022,-10.272473335266113,-7.2698259353637695
17023,7.447772979736328,-7.626445293426514
17024,-2.3103158473968506,9.257105827331543
17025,-3.4256751537323,1.6687242984771729
17026,2.0616607666015625,-4.193940162658691
17027,0.45205309987068176,-1.0658799409866333
17028,-0.8467361927032471,-0.9225538969039917
17029,-0.934199333190918,5.229205131530762
17030,-15.239978790283203,-7.23755407333374
17031,0.7522504329681396,7.381271839141846
17032,-2.8724701404571533,11.265564918518066
17033,0.2679688036441803,-1.6654398441314697
17034,5.129594326019287,0.3295193314552307
17035,9.003565788269043,-1.8729982376098633
17036,-18.93785858154297,2.5200343132019043
17037,-19.58866310119629,9.991253852844238
17038,-13.588471412658691,3.5370941162109375
17039,2.1283087730407715,15.708735466003418
17040,-19.214269638061523,-0.5790706872940063
17041,3.7539455890655518,-2.7201645374298096
17042,-8.433828353881836,2.7193503379821777
17043,3.99006724357605,15.07695484161377
17044,0.9011237621307373,-0.6120465993881226
17045,0.43533650040626526,2.496351480484009
17046,-0.10203221440315247,0.814001739025116
17047,-44.075748443603516,11.147674560546875
17048,1.6694610118865967,3.86769700050354
17049,2.2151803970336914,2.842017650604248
17050,7.654184341430664,6.868503570556641
17051,7.2116475105285645,-8.53197193145752
17052,5.8872904777526855,-3.2024285793304443
17053,1.2707101106643677,1.3064398765563965
17054,4.837589740753174,-4.5626349449157715
17055,4.778414249420166,1.5010321140289307
17056,1.3287734985351562,-1.8064550161361694
17057,10.876087188720703,7.061224937438965
17058,0.7799288034439087,-0.849926233291626
17059,-17.625173568725586,-6.886080265045166
17060,0.9237205982208252,-3.346088409423828
17061,1.2253838777542114,1.3191579580307007
17062,6.077666759490967,-7.206722259521484
17063,-2.882511854171753,-3.708402395248413
17064,-4.1853485107421875,-9.240752220153809
17065,-1.3274601697921753,12.314116477966309
17066,-1.1898438930511475,8.136794090270996
17067,-4.005577564239502,3.6089260578155518
17068,-2.386136770248413,6.775842666625977
17069,4.290959358215332,-1.0965633392333984
17070,-8.03936767578125,0.3610345721244812
17071,0.45779886841773987,-0.9758500456809998
17072,0.18031325936317444,2.9443705081939697
17073,-6.445053577423096,-6.610963821411133
17074,4.38848352432251,10.314955711364746
17075,-20.148542404174805,3.0151560306549072
17076,2.6033544540405273,15.172459602355957
17077,1.9108357429504395,-5.485125541687012
17078,4.437436103820801,5.25836181640625
17079,1.1094170808792114,-0.6527096629142761
17080,1.9312913417816162,1.1592189073562622
17081,-42.79604721069336,9.488333702087402
17082,5.049960613250732,1.2444785833358765
17083,-3.444241762161255,12.43072509765625
17084,-8.334561347961426,-1.4735426902770996
17085,10.0894775390625,-5.741349697113037
17086,-26.75142478942871,11.646929740905762
17087,2.2895090579986572,-2.2958099842071533
17088,8.401274681091309,6.850342750549316
17089,-1.7186082601547241,-2.370439291000366
17090,0.2594163119792938,-1.530350685119629
17091,-1.219404697418213,-4.503363609313965
17092,-31.26348114013672,4.737764358520508
17093,-5.465158939361572,-1.919291615486145
17094,7.118781566619873,7.256353378295898
17095,-9.576297760009766,5.07875394821167
17096,0.7363574504852295,1.0566989183425903
17097,-16.189388275146484,-6.5803985595703125
17098,-9.99254035949707,-2.408452272415161
17099,5.113267421722412,-2.030355930328369
17100,0.3347868323326111,-1.688429832458496
17101,-1.8572396039962769,0.5954065322875977
17102,-0.5571197271347046,8.595558166503906
17103,6.5323405265808105,-0.21503275632858276
17104,-8.378130912780762,-3.1482174396514893
17105,-1.851999282836914,9.142518043518066
17106,5.514815807342529,0.5454623103141785
17107,-0.9297128915786743,9.389933586120605
17108,1.6495041847229004,-1.8225629329681396
17109,-11.397436141967773,-3.928385019302368
17110,-1.8689522743225098,9.08193302154541
17111,-2.1711888313293457,10.25752067565918
17112,-3.295663595199585,-3.7058303356170654
17113,4.649787425994873,2.4970815181732178
17114,8.490642547607422,7.142294406890869
17115,0.09901168942451477,-1.7647117376327515
17116,9.056349754333496,-6.925998210906982
17117,1.0872061252593994,-3.431166410446167
17118,-0.9504317045211792,-5.3640289306640625
17119,1.9486689567565918,-1.951629638671875
17120,-20.556833267211914,-2.8220415115356445
17121,8.0283203125,-4.416319370269775
17122,2.7415645122528076,2.868367910385132
17123,4.566844463348389,-5.105617523193359
17124,0.18049249053001404,-2.113049268722534
17125,-1.4695775508880615,11.02736759185791
17126,-2.2657127380371094,9.672097206115723
17127,-0.6992095708847046,6.932148456573486
17128,-0.0889924168586731,-1.9304819107055664
17129,-11.457611083984375,7.0829901695251465
17130,-8.282764434814453,8.746807098388672
17131,-12.306180953979492,7.406308174133301
17132,5.446095943450928,0.8292942643165588
17133,-3.2622926235198975,1.484856367111206
17134,-1.60857093334198,-3.7473437786102295
17135,1.781043291091919,3.9201390743255615
17136,-2.4499330520629883,-5.652949810028076
17137,1.546057939529419,-0.95598965883255
17138,-20.52189064025879,5.856069087982178
17139,-6.592894554138184,-1.2499850988388062
17140,4.9451003074646,0.8016498684883118
17141,5.413454532623291,0.7626435160636902
17142,-0.4566158950328827,5.832202434539795
17143,0.6130988597869873,-2.1170828342437744
17144,-2.650773286819458,-9.702980995178223
17145,5.700974941253662,8.473801612854004
17146,-5.270807266235352,-3.608856439590454
17147,0.5181704759597778,-1.9568378925323486
17148,1.381345272064209,0.3032035827636719
17149,-10.661493301391602,-4.457229137420654
17150,5.5668625831604,-2.649803638458252
17151,-2.8291854858398438,-8.488402366638184
17152,-0.20317873358726501,3.189084768295288
17153,-11.114102363586426,-4.180068016052246
17154,-2.1608519554138184,10.57911205291748
17155,-4.9517107009887695,-3.020768404006958
17156,-2.136874198913574,10.299883842468262
17157,-7.170370578765869,6.842258930206299
17158,-9.818910598754883,-3.7975804805755615
17159,-1.979594349861145,9.806977272033691
17160,2.4905829429626465,2.978806734085083
17161,-22.975881576538086,0.6500416398048401
17162,-2.070422887802124,-5.6923604011535645
17163,1.4361003637313843,-3.3475425243377686
17164,1.185563325881958,0.6963773369789124
17165,7.210033893585205,-8.530750274658203
17166,-0.050900548696517944,6.752237796783447
17167,-1.2854822874069214,8.679309844970703
17168,5.200363636016846,3.251540422439575
17169,-2.10956072807312,9.846959114074707
17170,6.006865501403809,0.25714266300201416
17171,1.2787892818450928,0.2985566258430481
17172,-0.09574756026268005,0.9978626370429993
17173,6.903286457061768,4.317922592163086
17174,-20.906343460083008,1.235314130783081
17175,0.05653873085975647,-4.409966468811035
17176,2.411409616470337,-3.2017087936401367
17177,-9.177054405212402,-7.862175941467285
17178,-10.692171096801758,-5.898251056671143
17179,-0.49623557925224304,3.9633381366729736
17180,-0.7943980693817139,-3.7730557918548584
17181,-4.325173377990723,-2.0638718605041504
17182,-26.28565788269043,6.250382423400879
17183,7.226586818695068,8.041211128234863
17184,3.7870829105377197,-2.7282063961029053
17185,0.7943000793457031,-1.6121814250946045
17186,0.24943706393241882,0.038242243230342865
17187,0.3566766083240509,-1.4691380262374878
17188,6.018863201141357,5.214499473571777
17189,7.502043724060059,1.6378281116485596
17190,2.1387979984283447,2.0031936168670654
17191,-3.092231512069702,2.3045284748077393
17192,8.790458679199219,-1.0012803077697754
17193,4.37962532043457,-4.845413684844971
17194,0.6289997100830078,-1.960822343826294
17195,-8.015846252441406,-7.70977258682251
17196,0.5873613357543945,-1.2111929655075073
17197,2.5015766620635986,17.50543212890625
17198,0.6214483976364136,0.9052063822746277
17199,-6.159492492675781,-8.368561744689941
17200,1.5759971141815186,-2.602978467941284
17201,2.2375574111938477,3.2807765007019043
17202,-6.632934093475342,-7.7924323081970215
17203,2.464252233505249,-3.2830469608306885
17204,-0.9644559621810913,-0.4205649495124817
17205,0.6303179264068604,-1.504019021987915
17206,6.896790981292725,-7.232982158660889
17207,-0.5609831809997559,13.752867698669434
17208,-12.677042007446289,1.5550754070281982
17209,-0.49152296781539917,0.20699065923690796
17210,-34.6576042175293,7.536314487457275
17211,-2.0042693614959717,9.797089576721191
17212,-25.9891357421875,7.849374294281006
17213,8.855392456054688,-8.537110328674316
17214,-16.114185333251953,8.625553131103516
17215,-2.5018038749694824,12.37413501739502
17216,-0.6667380332946777,11.54658317565918
17217,1.3609650135040283,2.2162458896636963
17218,-3.268631935119629,7.166802406311035
17219,-20.26188087463379,8.416415214538574
17220,1.4017856121063232,-0.20643901824951172
17221,3.090418577194214,2.5188748836517334
17222,8.602352142333984,7.04219913482666
17223,-3.3449978828430176,-8.955398559570312
17224,-0.4996298849582672,0.047770433127880096
17225,5.379654407501221,-0.31590694189071655
17226,8.918785095214844,2.1939475536346436
17227,-0.07702645659446716,0.8630310893058777
17228,0.8442661762237549,-1.1839542388916016
17229,-0.621554970741272,6.890076160430908
17230,1.8403503894805908,-2.7870185375213623
17231,-0.7858649492263794,4.680315971374512
17232,-2.211876630783081,11.489230155944824
17233,0.9110801219940186,4.344112396240234
17234,0.8225336074829102,2.8377573490142822
17235,3.9837920665740967,0.6328496932983398
17236,-2.0878984928131104,-2.069330930709839
17237,2.8682119846343994,3.6986608505249023
17238,-0.6555696725845337,-3.266793727874756
17239,-14.081384658813477,6.6568498611450195
17240,-3.4857914447784424,2.5511021614074707
17241,-26.797576904296875,1.870864987373352
17242,-0.9217367172241211,10.374177932739258
17243,6.951894283294678,-5.685217380523682
17244,9.0331392288208,-7.673985481262207
17245,0.15326443314552307,-1.2485392093658447
17246,-7.49146032333374,2.440289258956909
17247,-13.098140716552734,-6.638480186462402
17248,-11.897701263427734,-1.0272694826126099
17249,-28.97490119934082,2.732776403427124
17250,-1.3502869606018066,2.879680871963501
17251,7.214529514312744,0.9118823409080505
17252,0.49117639660835266,2.506568431854248
17253,-9.689220428466797,5.472323894500732
17254,-2.0847156047821045,8.157254219055176
17255,5.297054767608643,9.40455436706543
17256,-2.094567060470581,-6.807821273803711
17257,-1.8565778732299805,10.829726219177246
17258,0.26771965622901917,1.1268894672393799
17259,5.7026801109313965,-0.36558955907821655
17260,2.832242488861084,-1.6057121753692627
17261,-17.247346878051758,1.0178337097167969
17262,3.237769842147827,-2.964182138442993
17263,0.6376982927322388,13.5999174118042
17264,-17.11469078063965,1.02183198928833
17265,6.251018047332764,-2.5889458656311035
17266,6.460766315460205,-3.806332588195801
17267,-12.996716499328613,7.742945194244385
17268,-17.37320899963379,-6.877326011657715
17269,-2.551785945892334,-5.658755302429199
17270,2.9030039310455322,12.528806686401367
17271,-7.900948524475098,-6.364085674285889
17272,-6.698976993560791,-9.812233924865723
17273,7.234237194061279,-1.3857171535491943
17274,0.6492762565612793,2.4356141090393066
17275,10.903352737426758,6.412333965301514
17276,2.255985736846924,-2.1775810718536377
17277,6.374715328216553,-5.41696310043335
17278,6.202951431274414,0.16233891248703003
17279,-4.103636264801025,-9.011704444885254
17280,-8.928887367248535,-4.283608913421631
17281,-3.0374538898468018,1.0412389039993286
17282,-18.789308547973633,9.675183296203613
17283,-2.3133668899536133,-5.349287509918213
17284,-2.026819944381714,-5.549681663513184
17285,2.9215619564056396,-5.036379337310791
17286,5.599277019500732,4.49412727355957
17287,6.2969889640808105,3.476835012435913
17288,0.7186528444290161,-1.7551336288452148
17289,1.6034409999847412,-0.3818961977958679
17290,7.520788669586182,-4.5139851570129395
17291,0.544304370880127,-1.8884141445159912
17292,-12.909482955932617,2.328000783920288
17293,1.1405457258224487,-2.973267078399658
17294,-9.674240112304688,-0.9077012538909912
17295,-0.9726243019104004,8.764472007751465
17296,-7.126718997955322,-8.544604301452637
17297,2.992098093032837,0.6840413212776184
17298,2.0492758750915527,-0.574885904788971
17299,7.302780628204346,6.341728210449219
17300,-6.800546169281006,-6.507019996643066
17301,-2.3087399005889893,-5.336717128753662
17302,1.2539668083190918,-1.464524507522583
17303,-12.976306915283203,2.849100112915039
17304,-8.14755630493164,-1.550911545753479
17305,3.4530155658721924,3.5364434719085693
17306,-2.0659823417663574,5.979030609130859
17307,5.71477746963501,2.127469778060913
17308,-0.677281379699707,-0.6985756158828735
17309,-4.056127548217773,-4.569730281829834
17310,-2.117837429046631,-7.921557903289795
17311,0.5271495580673218,-0.546599805355072
17312,-0.1595991849899292,-1.303250789642334
17313,7.7046799659729,0.9652436375617981
17314,6.968404293060303,-1.577189564704895
17315,-0.14710655808448792,1.160638689994812
17316,-5.298829555511475,5.363744258880615
17317,4.889934062957764,11.645332336425781
17318,0.8963539600372314,1.181748628616333
17319,-6.498010158538818,6.788791656494141
17320,-0.5405628681182861,-0.4074501097202301
17321,-27.091190338134766,3.92438006401062
17322,-1.5288951396942139,9.81950569152832
17323,-8.7828950881958,1.672494649887085
17324,6.515097618103027,-1.6928107738494873
17325,-8.878745079040527,-3.984283924102783
17326,6.609759330749512,-0.5434754490852356
17327,-0.15542972087860107,-2.4803545475006104
17328,4.961110591888428,0.731948971748352
17329,1.1830252408981323,-0.857882559299469
17330,-0.0776728093624115,0.8250956535339355
17331,0.5678815841674805,-0.1665480136871338
17332,-22.097017288208008,-0.6654594540596008
17333,1.5528554916381836,-3.3228976726531982
17334,4.5327348709106445,-4.576111316680908
17335,-0.8068418502807617,9.610087394714355
17336,-0.2933811843395233,3.706709146499634
17337,-10.707026481628418,-5.098177433013916
17338,-7.644360065460205,0.9286721348762512
17339,-2.4105587005615234,-5.563950538635254
17340,-2.1627893447875977,4.183567047119141
17341,0.4720388948917389,-1.5177886486053467
17342,-4.00764799118042,8.25208568572998
17343,0.07211758196353912,-2.3413093090057373
17344,-8.072738647460938,-5.4017486572265625
17345,0.586390495300293,-0.9440365433692932
17346,3.226813554763794,-4.199838161468506
17347,-1.4302372932434082,0.43340879678726196
17348,-4.250053405761719,2.7590487003326416
17349,0.646598219871521,-1.8836865425109863
17350,-0.9965842962265015,-4.664238452911377
17351,-0.25791871547698975,-1.8863177299499512
17352,0.43961194157600403,-1.313666820526123
17353,2.7578160762786865,3.7571372985839844
17354,-1.7226769924163818,7.445979595184326
17355,-2.079214334487915,12.62158489227295
17356,-0.7121415138244629,4.178110122680664
17357,10.589755058288574,-1.939749002456665
17358,6.363142490386963,0.01808171719312668
17359,2.33284592628479,-1.6500473022460938
17360,-1.6257541179656982,8.906006813049316
17361,-8.53216552734375,-5.439741611480713
17362,0.9020256996154785,-3.5510871410369873
17363,-0.5955954790115356,-0.4301276206970215
17364,4.6161885261535645,-5.333691596984863
17365,-1.0757054090499878,0.9675841927528381
17366,-2.3338749408721924,-5.510519504547119
17367,4.705280780792236,8.979883193969727
17368,-8.120247840881348,-3.151825428009033
17369,-0.8675776720046997,5.10821008682251
17370,-11.78299617767334,-4.856334686279297
17371,0.6598786115646362,0.49679380655288696
17372,-1.8960058689117432,11.76069164276123
17373,-9.569454193115234,5.598357677459717
17374,-2.036757230758667,-6.56914758682251
17375,4.227920055389404,2.0780770778656006
17376,-25.733922958374023,2.9596171379089355
17377,-22.05961036682129,4.256561756134033
17378,1.7047879695892334,1.5873425006866455
17379,-12.348428726196289,-10.364174842834473
17380,0.18061676621437073,6.885252952575684
17381,-8.542646408081055,-2.827028274536133
17382,4.961272716522217,1.184432029724121
17383,4.125925064086914,-0.1223561242222786
17384,0.104890376329422,3.107434034347534
17385,-8.509078979492188,4.239024639129639
17386,2.2444040775299072,5.190274715423584
17387,-5.747959613800049,7.074917316436768
17388,4.712082386016846,0.21496129035949707
17389,-3.1264402866363525,-6.876561641693115
17390,-23.067352294921875,-1.0952998399734497
17391,0.77665114402771,-1.4951194524765015
17392,-4.797072887420654,-8.43455982208252
17393,-1.669967532157898,-3.6378180980682373
17394,-0.6498836278915405,8.595539093017578
17395,5.532895565032959,-4.21393346786499
17396,1.1821203231811523,-2.94834303855896
17397,-0.7775098085403442,2.408514976501465
17398,-13.100683212280273,-5.941888809204102
17399,6.415805339813232,-4.017775535583496
17400,-1.763150691986084,-5.448047161102295
17401,-13.008813858032227,-2.6735942363739014
17402,1.7759182453155518,-3.8680617809295654
17403,-6.909345626831055,5.396698951721191
17404,0.15623286366462708,2.708690881729126
17405,-13.05514144897461,5.094961643218994
17406,-2.14624285697937,9.101120948791504
17407,-2.7184760570526123,-7.426501750946045
17408,8.421038627624512,4.552355766296387
17409,-1.3883724212646484,-2.5840606689453125
17410,3.4963536262512207,-1.028037667274475
17411,1.7580540180206299,0.012085698544979095
17412,-4.556884765625,5.3047566413879395
17413,1.0143405199050903,-1.755161166191101
17414,-6.646945476531982,10.190138816833496
17415,-10.080869674682617,-4.027329921722412
17416,-16.218461990356445,-1.188335657119751
17417,-2.1964190006256104,8.366830825805664
17418,6.659233570098877,-1.7244539260864258
17419,0.9137345552444458,1.3106298446655273
17420,-1.564809799194336,11.452112197875977
17421,0.2906297743320465,3.6805267333984375
17422,-7.1158976554870605,0.23723185062408447
17423,-36.45690155029297,7.130842208862305
17424,3.3380205631256104,0.17708346247673035
17425,1.8959033489227295,-2.15773344039917
17426,-3.798982620239258,-8.735532760620117
17427,-8.751665115356445,-4.614229679107666
17428,0.06171253323554993,5.907683372497559
17429,-6.644136428833008,-2.815753936767578
17430,-1.5675830841064453,7.102731704711914
17431,-2.7626266479492188,-6.922834873199463
17432,2.790855646133423,12.248161315917969
17433,-0.32861992716789246,3.0214438438415527
17434,0.9524047374725342,-1.2316362857818604
17435,-0.9932971000671387,2.0392487049102783
17436,-16.115734100341797,-5.548532009124756
17437,4.433120250701904,-0.5926087498664856
17438,4.084179878234863,4.4076247215271
17439,8.669570922851562,1.828792691230774
17440,0.3331586718559265,-1.1351709365844727
17441,4.050899982452393,4.762163162231445
17442,-0.1566174477338791,-0.7554935812950134
17443,-15.121031761169434,9.55540943145752
17444,1.305786371231079,12.514126777648926
17445,1.8201110363006592,-1.5630877017974854
17446,8.516176223754883,-6.998262882232666
17447,-11.373401641845703,-9.325141906738281
17448,-5.829249858856201,-6.630782604217529
17449,-2.654695749282837,-7.250040531158447
17450,-7.944121837615967,9.666509628295898
17451,-8.086642265319824,-0.46778929233551025
17452,-1.2524113655090332,7.2950758934021
17453,4.993546962738037,11.306286811828613
17454,6.116700649261475,11.808749198913574
17455,1.144432783126831,-0.1832382082939148
17456,-4.324790000915527,-1.765290379524231
17457,2.187392234802246,-3.28629469871521
17458,-2.213449716567993,10.159271240234375
17459,7.82440185546875,6.1775312423706055
17460,-2.3180530071258545,-7.19132137298584
17461,5.00800085067749,9.674025535583496
17462,-0.7642823457717896,8.38791561126709
17463,-0.19680270552635193,-2.4553582668304443
17464,-6.27585506439209,-8.172245979309082
17465,3.0101702213287354,-3.2968075275421143
17466,-0.9724459648132324,11.256331443786621
17467,-15.658934593200684,-6.999545574188232
17468,-2.610117197036743,7.0543670654296875
17469,-8.605328559875488,-0.12638583779335022
17470,0.4413163363933563,2.2034661769866943
17471,-3.11810302734375,1.8456101417541504
17472,1.7342555522918701,2.113147020339966
17473,15.165502548217773,-4.202579975128174
17474,-1.5940099954605103,11.866061210632324
17475,-2.291581630706787,-6.97588586807251
17476,-0.30215898156166077,10.048701286315918
17477,-0.1581556499004364,8.94449234008789
17478,10.32437515258789,-8.782059669494629
17479,-1.6595921516418457,10.373927116394043
17480,-0.42474624514579773,7.657867908477783
17481,-3.3624765872955322,1.886263132095337
17482,-8.987010955810547,-0.022808261215686798
17483,0.5856685638427734,-1.1081076860427856
17484,-1.8110260963439941,8.395990371704102
17485,-0.6834763288497925,1.5524814128875732
17486,4.140587329864502,3.3206164836883545
17487,0.8907760381698608,-0.580146074295044
17488,-2.2229113578796387,-2.6507577896118164
17489,-0.5490578413009644,8.157258033752441
17490,0.38579151034355164,-0.9802989363670349
17491,-1.2709494829177856,3.7732269763946533
17492,0.3096102774143219,1.8028805255889893
17493,-5.058567523956299,-0.6983329057693481
17494,11.709112167358398,6.2400336265563965
17495,7.694070339202881,-2.586948871612549
17496,-11.769657135009766,-5.220522880554199
17497,-2.900158643722534,-6.083146572113037
17498,3.049884080886841,15.474186897277832
17499,11.464666366577148,7.699558734893799
17500,4.551168918609619,-0.8049459457397461
17501,-1.7895735502243042,3.2765963077545166
17502,-7.056056022644043,-1.3258941173553467
17503,-20.66697120666504,9.359755516052246
17504,-14.033340454101562,-5.178012371063232
17505,0.9260700941085815,-1.3089009523391724
17506,1.443886160850525,8.198612213134766
17507,2.1298410892486572,-5.68582820892334
17508,-24.467920303344727,4.8461174964904785
17509,0.3387005627155304,-1.8726768493652344
17510,-14.299787521362305,-13.270681381225586
17511,0.5777146816253662,4.385540008544922
17512,0.541474461555481,-1.7206058502197266
17513,-20.354562759399414,7.303922176361084
17514,0.175849050283432,0.9504125714302063
17515,1.369684100151062,1.0892961025238037
17516,-2.1213889122009277,10.429405212402344
17517,4.085031032562256,1.2620975971221924
17518,-21.660400390625,9.587420463562012
17519,-0.9187873601913452,7.079657077789307
17520,-2.3552277088165283,-6.504692554473877
17521,-12.21150016784668,-5.269125461578369
17522,-15.103697776794434,8.263052940368652
17523,5.771562099456787,-3.978335380554199
17524,-1.2226557731628418,12.064404487609863
17525,-2.4933626651763916,-6.600331783294678
17526,1.0750236511230469,-3.3175952434539795
17527,-2.8476455211639404,10.593718528747559
17528,-17.851064682006836,-4.625150680541992
17529,0.8169649839401245,-1.3725733757019043
17530,-4.410758018493652,0.4878939390182495
17531,-10.853631973266602,-3.9627912044525146
17532,1.6194719076156616,-1.16200852394104
17533,-4.389393329620361,-2.0467798709869385
17534,6.715940952301025,-6.739839553833008
17535,1.7971242666244507,-1.8097007274627686
17536,-6.957993030548096,7.213754177093506
17537,5.345673084259033,-5.444515705108643
17538,3.5983738899230957,14.775351524353027
17539,10.430273056030273,7.322725772857666
17540,-1.762773871421814,-4.182158946990967
17541,7.562371730804443,-0.8578726053237915
17542,-4.498902797698975,-10.533132553100586
17543,-1.938719630241394,8.953948020935059
17544,1.4052006006240845,1.9902729988098145
17545,-2.103308916091919,-4.214816570281982
17546,-1.2532751560211182,7.807028770446777
17547,-2.2755444049835205,7.0660295486450195
17548,-1.3796613216400146,9.32404899597168
17549,-35.506343841552734,5.786388397216797
17550,-2.6309406757354736,7.64726448059082
17551,3.035665512084961,9.832598686218262
17552,-23.503196716308594,1.504650592803955
17553,4.530102252960205,-0.9315919280052185
17554,-9.052388191223145,-6.070824146270752
17555,-2.1011948585510254,-4.691976070404053
17556,-0.6658819913864136,1.2641977071762085
17557,3.079190492630005,-5.556430816650391
17558,2.009666919708252,-2.191845178604126
17559,-3.1945648193359375,12.56567096710205
17560,0.5478912591934204,-1.0735840797424316
17561,-6.057669639587402,-6.8567914962768555
17562,-16.894121170043945,-5.645643711090088
17563,-11.000489234924316,-5.809563159942627
17564,-9.488807678222656,1.939906358718872
17565,1.340654730796814,-0.5788224339485168
17566,2.748351812362671,-0.6833975315093994
17567,-21.91737174987793,8.295848846435547
17568,3.562171220779419,3.390584945678711
17569,-1.7962238788604736,9.522679328918457
17570,0.27590230107307434,2.1563310623168945
17571,9.422967910766602,1.9386591911315918
17572,-12.602571487426758,-10.399312019348145
17573,-1.5635771751403809,3.2998523712158203
17574,-6.749587535858154,-10.43707275390625
17575,-8.589622497558594,-8.621988296508789
17576,-7.353052616119385,9.164132118225098
17577,1.0229597091674805,-0.521242082118988
17578,0.6120214462280273,-1.831789493560791
17579,-0.5327024459838867,2.954210042953491
17580,4.210388660430908,-4.543982982635498
17581,0.5804976224899292,1.0895633697509766
17582,2.379148244857788,-2.5768191814422607
17583,-22.161502838134766,8.344490051269531
17584,-0.1086176335811615,2.6384713649749756
17585,1.2774529457092285,2.8577356338500977
17586,-10.293899536132812,-10.413994789123535
17587,-17.90085220336914,-6.606664657592773
17588,0.22964218258857727,-2.112725019454956
17589,-0.3347511887550354,-1.4351897239685059
17590,-14.254541397094727,-5.725428104400635
17591,-12.377669334411621,-8.142461776733398
17592,-3.0991086959838867,2.378777027130127
17593,-5.119629859924316,-5.97935152053833
17594,-3.3097550868988037,-8.652152061462402
17595,3.418546199798584,11.793795585632324
17596,1.4146013259887695,0.7277514934539795
17597,7.139346122741699,1.0883159637451172
17598,-0.7289606332778931,2.149348020553589
17599,6.701452255249023,-4.679084300994873
17600,6.838561534881592,0.5960342288017273
17601,-2.9944214820861816,7.924723148345947
17602,-14.892213821411133,-5.044529914855957
17603,-5.946805953979492,-4.07501745223999
17604,-13.218655586242676,-9.420026779174805
17605,0.18542897701263428,0.15682953596115112
17606,2.22798228263855,3.599912405014038
17607,-2.24480938911438,-3.477038860321045
17608,1.8517396450042725,-3.5713374614715576
17609,2.532822370529175,-4.499558448791504
17610,-17.970884323120117,-6.338123798370361
17611,1.3569130897521973,0.7132381796836853
17612,-0.7904274463653564,11.417654037475586
17613,-0.7147887945175171,0.42105937004089355
17614,-0.14133784174919128,16.14508628845215
17615,-0.9157004356384277,2.33032488822937
17616,-11.846227645874023,-0.706438422203064
17617,-9.64799976348877,-3.469838857650757
17618,9.563339233398438,3.096472978591919
17619,-2.046795129776001,10.207721710205078
17620,-3.028435707092285,11.66379451751709
17621,-2.0297746658325195,2.756870746612549
17622,-2.1481611728668213,7.665599346160889
17623,7.692291736602783,-1.5943715572357178
17624,-0.6294699907302856,4.432860851287842
17625,-30.31977653503418,7.913632392883301
17626,2.0820200443267822,3.5609259605407715
17627,5.552343845367432,-1.8943414688110352
17628,2.3035974502563477,17.996061325073242
17629,-7.215891361236572,-5.8660359382629395
17630,0.7841081619262695,5.304745197296143
17631,0.6707228422164917,-1.5660054683685303
17632,2.0373294353485107,17.33074188232422
17633,3.112772226333618,0.8009399175643921
17634,-2.748394250869751,1.8130381107330322
17635,5.203495502471924,10.559699058532715
17636,-1.3243474960327148,7.185370445251465
17637,-7.111477375030518,-7.78255033493042
17638,-20.11150550842285,8.763505935668945
17639,7.110826015472412,-2.73410701751709
17640,-3.9171459674835205,4.24859094619751
17641,-9.52032470703125,-9.376564979553223
17642,-0.0753389298915863,0.7008283734321594
17643,-13.947736740112305,-6.402790546417236
17644,-2.409559726715088,-7.859160423278809
17645,-2.0309736728668213,5.249223232269287
17646,-0.058127373456954956,4.311484336853027
17647,3.6890511512756348,3.7482736110687256
17648,2.8409006595611572,-2.408543586730957
17649,4.501314163208008,-6.671509265899658
17650,0.3196946680545807,1.8083922863006592
17651,-3.231153964996338,3.438924551010132
17652,1.217042088508606,-1.4172625541687012
17653,5.537927150726318,-4.066682815551758
17654,-1.2959251403808594,13.656041145324707
17655,-3.485666513442993,2.4981625080108643
17656,-22.554462432861328,10.35287094116211
17657,4.067412376403809,-3.550968885421753
17658,-10.630220413208008,-4.976208209991455
17659,10.731531143188477,-6.852071285247803
17660,0.44495728611946106,8.521746635437012
17661,-3.8495705127716064,2.1781351566314697
17662,-31.295394897460938,4.721081733703613
17663,2.1511785984039307,1.7358179092407227
17664,7.459407329559326,-5.449141979217529
17665,3.4368486404418945,4.886399269104004
17666,-2.152867317199707,13.300694465637207
17667,-3.0392489433288574,3.9809305667877197
17668,0.7070379257202148,1.0605319738388062
17669,4.8660454750061035,-2.331599473953247
17670,-0.42695534229278564,0.217017263174057
17671,6.08930778503418,2.306835889816284
17672,1.2949695587158203,4.254516124725342
17673,1.4728806018829346,-0.03471434861421585
17674,-6.617151737213135,0.3925902545452118
17675,1.0276397466659546,-0.12123418599367142
17676,3.987424612045288,-4.917159557342529
17677,2.4046928882598877,2.996375322341919
17678,-6.602575778961182,-9.146889686584473
17679,-0.26417967677116394,3.591973304748535
17680,-1.3022212982177734,-3.2509827613830566
17681,-17.35504150390625,-5.010130405426025
17682,-14.07001781463623,8.194832801818848
17683,0.9878993034362793,-3.97131609916687
17684,-12.260346412658691,-3.013705015182495
17685,-6.274095058441162,-6.534417629241943
17686,1.153643012046814,-2.956071615219116
17687,2.886017084121704,-1.1856448650360107
17688,-11.180540084838867,-10.936832427978516
17689,0.27375784516334534,3.4485886096954346
17690,1.1791011095046997,-1.363072156906128
17691,0.5719109773635864,-1.3265533447265625
17692,-0.5576051473617554,-3.5164339542388916
17693,9.954670906066895,-5.380292892456055
17694,-3.631500005722046,-7.619755268096924
17695,-0.5767889022827148,8.471418380737305
17696,3.362269639968872,12.826184272766113
17697,2.501847982406616,2.2483839988708496
17698,0.4530249536037445,-1.241602897644043
17699,-0.016024678945541382,0.5642479062080383
17700,-14.479388236999512,-3.5885202884674072
17701,5.201186180114746,5.189741134643555
17702,-3.61666202545166,3.4214184284210205
17703,-0.21795830130577087,3.375282049179077
17704,-3.5761773586273193,11.761088371276855
17705,-1.189839243888855,11.444856643676758
17706,0.23828187584877014,-1.7937735319137573
17707,-25.189735412597656,10.331247329711914
17708,-5.454444408416748,-6.2594428062438965
17709,-13.015151023864746,7.282683849334717
17710,-1.3106980323791504,7.638657093048096
17711,-1.82179856300354,9.481480598449707
17712,-4.619034290313721,-1.7922024726867676
17713,1.7221678495407104,3.116555690765381
17714,0.21778500080108643,-2.280719518661499
17715,-16.720766067504883,-0.6028397679328918
17716,-6.869262218475342,-0.39326411485671997
17717,-1.4846830368041992,2.9817793369293213
17718,-1.27680504322052,2.6749801635742188
17719,0.8100980520248413,-1.3288817405700684
17720,-35.73495101928711,9.095354080200195
17721,-3.151489734649658,2.4325859546661377
17722,-39.932430267333984,7.416837692260742
17723,2.6668477058410645,-4.46199369430542
17724,-2.508094549179077,9.688403129577637
17725,-17.03208351135254,-1.0373579263687134
17726,-1.7757457494735718,-6.471915245056152
17727,3.7982699871063232,-0.867538332939148
17728,3.3895514011383057,-0.41818174719810486
17729,-3.0842459201812744,9.571379661560059
17730,-3.187931776046753,11.561564445495605
17731,2.473132610321045,0.2798182964324951
17732,-0.7880799770355225,1.872682809829712
17733,-3.0495684146881104,-9.41794204711914
17734,-2.2052502632141113,4.787389278411865
17735,-3.451669454574585,11.32457447052002
17736,-0.29365065693855286,0.510620653629303
17737,0.9661766290664673,-1.030619502067566
17738,-0.5362133979797363,2.0335183143615723
17739,5.839951038360596,-6.15962553024292
17740,2.1473960876464844,3.0116870403289795
17741,-15.815511703491211,9.655332565307617
17742,4.452890872955322,-4.896366596221924
17743,-4.038904190063477,-8.181893348693848
17744,-7.6619648933410645,-10.49185848236084
17745,3.165140151977539,14.852936744689941
17746,-3.7317421436309814,3.2216169834136963
17747,-10.392258644104004,-1.0793962478637695
17748,-16.126245498657227,10.372360229492188
17749,-1.159083366394043,13.645966529846191
17750,8.866979598999023,-2.3577210903167725
17751,7.040688991546631,4.0102620124816895
17752,-1.6073858737945557,2.792541742324829
17753,3.1170477867126465,-1.6163408756256104
17754,-4.434449195861816,-7.896312236785889
17755,-9.971452713012695,-9.89915943145752
17756,10.311237335205078,1.703348994255066
17757,6.38107967376709,-8.845526695251465
17758,-0.41745343804359436,-2.8511359691619873
17759,1.7322494983673096,0.5961121916770935
17760,-2.084923505783081,12.027417182922363
17761,-19.900571823120117,9.994194984436035
17762,0.35813507437705994,-0.7475929856300354
17763,-4.068817615509033,-10.095683097839355
17764,-1.174190878868103,2.6048810482025146
17765,5.210697650909424,0.2253575325012207
17766,9.446447372436523,-7.208205223083496
17767,-5.429698467254639,-2.451944351196289
17768,1.040509581565857,1.1386991739273071
17769,-0.7655892372131348,9.534131050109863
17770,-37.77947998046875,7.20587158203125
17771,8.48764705657959,-7.865166664123535
17772,-0.2793247699737549,-1.1375598907470703
17773,-1.832172155380249,12.663694381713867
17774,1.2224125862121582,-0.6110491156578064
17775,-0.7620327472686768,9.958821296691895
17776,9.003095626831055,-6.716764450073242
17777,-1.8339303731918335,9.952646255493164
17778,-2.6201701164245605,6.52133321762085
17779,4.645096302032471,3.131265163421631
17780,-14.455278396606445,-10.882189750671387
17781,-3.3934037685394287,3.8815534114837646
17782,-1.243346095085144,11.573885917663574
17783,-3.0987184047698975,2.927647829055786
17784,7.354350566864014,-1.1889654397964478
17785,-0.3645869493484497,0.33601921796798706
17786,-2.061199426651001,-1.7175451517105103
17787,1.9158923625946045,0.3263254463672638
17788,-2.051243305206299,9.123905181884766
17789,-3.758957624435425,3.781921625137329
17790,-6.283599376678467,-5.761537075042725
17791,-1.155463457107544,1.9073467254638672
17792,1.0121581554412842,-1.3520563840866089
17793,-2.5641865730285645,-6.9680609703063965
17794,-3.3312463760375977,1.9812684059143066
17795,-0.41231605410575867,3.5986998081207275
17796,5.592936038970947,12.582083702087402
17797,-12.826233863830566,-5.146921634674072
17798,1.0744540691375732,-1.2491189241409302
17799,-6.350511074066162,5.702487945556641
17800,-3.5205533504486084,2.178727626800537
17801,5.037204265594482,-4.2151618003845215
17802,5.545103549957275,-4.027313709259033
17803,-25.00702667236328,9.527209281921387
17804,2.225465774536133,4.0058064460754395
17805,6.171815872192383,1.5780789852142334
17806,13.743753433227539,-5.229104995727539
17807,2.3945086002349854,-3.552804708480835
17808,-8.35342788696289,-8.395251274108887
17809,-11.020524978637695,-4.187264442443848
17810,-2.0047221183776855,8.868485450744629
17811,-6.015291690826416,8.263168334960938
17812,5.187331199645996,0.49051618576049805
17813,-2.8729798793792725,13.0569429397583
17814,-0.07327708601951599,3.7286837100982666
17815,4.628903865814209,4.6795973777771
17816,-8.140226364135742,-8.523837089538574
17817,0.6937077045440674,1.8500986099243164
17818,3.065965414047241,-1.1938953399658203
17819,4.411637783050537,11.67436695098877
17820,-27.597509384155273,1.6937118768692017
17821,1.622220516204834,3.3868439197540283
17822,-8.214180946350098,-2.252609968185425
17823,-0.04875979572534561,-1.3030604124069214
17824,-13.423717498779297,-6.478549957275391
17825,-2.2286176681518555,0.012696586549282074
17826,5.051626682281494,-1.7358832359313965
17827,-1.7075872421264648,9.113292694091797
17828,-6.813745021820068,-3.0145812034606934
17829,8.48181438446045,2.3062796592712402
17830,-23.95795249938965,-0.03507024794816971
17831,4.843264102935791,-1.7288646697998047
17832,-1.8340625762939453,12.950709342956543
17833,-2.0832669734954834,3.6336841583251953
17834,-4.734696865081787,1.182813286781311
17835,-0.9275552034378052,4.651673793792725
17836,5.146568298339844,-1.8038887977600098
17837,0.7086741924285889,-1.2586110830307007
17838,-2.163137197494507,-9.329754829406738
17839,3.5872042179107666,5.037776947021484
17840,3.866450548171997,1.3812658786773682
17841,-4.1978559494018555,4.922471046447754
17842,-4.941102027893066,-1.6385715007781982
17843,-2.248326539993286,-5.5995306968688965
17844,-20.393949508666992,-0.6458619236946106
17845,-0.07425221800804138,0.9237704873085022
17846,7.560400485992432,-9.413061141967773
17847,-2.968735694885254,12.404167175292969
17848,2.519483804702759,4.655782699584961
17849,-12.862909317016602,8.66291332244873
17850,-3.408156156539917,-9.360630989074707
17851,0.5887173414230347,-0.687227189540863
17852,2.0935659408569336,-0.5665597319602966
17853,-16.480182647705078,9.646326065063477
17854,2.1285555362701416,-2.8531973361968994
17855,-4.912296295166016,5.849546432495117
17856,5.686122894287109,-0.6710197925567627
17857,-15.886726379394531,6.6852126121521
17858,5.728105068206787,-0.3392082452774048
17859,-1.2022651433944702,1.0152266025543213
17860,-3.3354382514953613,3.8315961360931396
17861,-5.906947612762451,6.040320873260498
17862,-0.10637637972831726,1.026873230934143
17863,-15.434492111206055,-4.932968616485596
17864,2.1787869930267334,-3.9970765113830566
17865,10.642623901367188,6.348939895629883
17866,-2.2972116470336914,5.948850154876709
17867,-1.3078138828277588,-4.855633735656738
17868,-1.2311040163040161,0.7650195360183716
17869,9.835348129272461,-3.2772085666656494
17870,-1.8919315338134766,6.3746466636657715
17871,-10.572219848632812,-9.233189582824707
17872,0.26728299260139465,0.6268462538719177
17873,-2.353217840194702,4.73408842086792
17874,-3.9402871131896973,-10.455300331115723
17875,-8.637197494506836,-7.647027969360352
17876,-0.9235695600509644,-3.9298431873321533
17877,-3.6549506187438965,3.3642351627349854
17878,-21.070566177368164,2.2768795490264893
17879,-2.481661319732666,10.145764350891113
17880,-4.09026575088501,3.3812336921691895
17881,3.6752755641937256,0.1921812891960144
17882,-3.537255048751831,-9.610565185546875
17883,6.161317348480225,5.951171398162842
17884,1.264084815979004,1.29930579662323
17885,-21.33971405029297,-1.408592700958252
17886,-8.501380920410156,-2.850990056991577
17887,-2.47847580909729,-6.093020915985107
17888,1.2558866739273071,-1.6915680170059204
17889,11.899614334106445,-8.37248706817627
17890,-9.502279281616211,9.98646068572998
17891,-6.797225475311279,4.7177300453186035
17892,7.222811698913574,-7.400965690612793
17893,-0.4650331437587738,-4.333946228027344
17894,-0.16380009055137634,9.677348136901855
17895,3.335371971130371,0.25988835096359253
17896,3.7193856239318848,4.337427616119385
17897,-0.5581815242767334,2.595801591873169
17898,6.0611796379089355,3.0306529998779297
17899,3.46030855178833,-0.113995261490345
17900,2.747645139694214,-2.091498613357544
17901,-18.16774559020996,7.171176910400391
17902,5.812595844268799,-2.6222174167633057
17903,1.3900530338287354,-1.8630239963531494
17904,-4.783148288726807,-9.248285293579102
17905,0.8603425025939941,-2.626103401184082
17906,-21.530269622802734,-0.6185678839683533
17907,0.1912943422794342,2.254486560821533
17908,-3.175788640975952,9.118186950683594
17909,-0.1415296494960785,1.66062593460083
17910,-14.651296615600586,-0.08425629884004593
17911,1.0871751308441162,1.7257730960845947
17912,-3.3311922550201416,11.09725570678711
17913,-21.028099060058594,2.3596408367156982
17914,-0.9594242572784424,-1.2953635454177856
17915,1.1294395923614502,-1.4980345964431763
17916,-6.034264087677002,7.035266399383545
17917,-8.641427993774414,-0.445506751537323
17918,-10.123397827148438,-5.709614276885986
17919,7.708299160003662,-3.627230405807495
17920,0.5404660701751709,4.566959381103516
17921,9.450403213500977,2.2582685947418213
17922,-18.765649795532227,-7.9055633544921875
17923,-2.5141947269439697,11.871192932128906
17924,1.1971192359924316,-1.841659665107727
17925,-9.875579833984375,-5.224062919616699
17926,-15.669553756713867,10.15212631225586
17927,0.7518244981765747,-2.275163173675537
17928,-0.28221747279167175,1.8414124250411987
17929,6.059831142425537,5.525504112243652
17930,0.13102367520332336,3.9964940547943115
17931,-10.436197280883789,-1.8111549615859985
17932,1.1173679828643799,-5.006053924560547
17933,-6.432544231414795,-3.5513346195220947
17934,4.018685817718506,1.2193243503570557
17935,-29.628971099853516,1.539029836654663
17936,-2.056533098220825,10.061247825622559
17937,-23.48174285888672,1.4314855337142944
17938,5.666083812713623,-1.4655072689056396
17939,5.387459754943848,-4.093820095062256
17940,6.428080081939697,-6.619223117828369
17941,-2.908262014389038,2.209622621536255
17942,-2.361143112182617,-6.948275566101074
17943,-4.012826442718506,-7.563370227813721
17944,-3.1780407428741455,-7.837645053863525
17945,0.5075130462646484,-1.7931571006774902
17946,-9.546659469604492,1.3410470485687256
17947,1.3070478439331055,-1.7516902685165405
17948,5.496883392333984,1.3576189279556274
17949,-4.4941887855529785,-2.3431522846221924
17950,-0.8230447769165039,2.167632579803467
17951,-9.809374809265137,-6.918824672698975
17952,-1.927306056022644,-6.711978435516357
17953,-10.235827445983887,2.164501905441284
17954,0.29310089349746704,-1.343780755996704
17955,-11.861982345581055,-11.426276206970215
17956,-3.1604652404785156,9.459132194519043
17957,-0.6267508268356323,0.46120744943618774
17958,7.619150638580322,1.413272738456726
17959,-0.04757627844810486,9.818511009216309
17960,-0.750187873840332,0.7026087045669556
17961,3.4386508464813232,-4.868203163146973
17962,-1.4165760278701782,10.8443603515625
17963,-0.7570337057113647,-4.6968913078308105
17964,-9.720954895019531,-9.467026710510254
17965,-22.60917091369629,5.217037200927734
17966,-0.19718500971794128,2.6671926975250244
17967,-2.370973587036133,5.7377800941467285
17968,5.615818023681641,0.34165510535240173
17969,11.204240798950195,4.3014912605285645
17970,8.834064483642578,-0.1804713010787964
17971,2.2700655460357666,-2.907705068588257
17972,-3.8129773139953613,2.3803882598876953
17973,1.4216715097427368,-3.2093570232391357
17974,-13.495346069335938,-6.621318817138672
17975,-3.6309654712677,3.6124179363250732
17976,-1.4704318046569824,-6.995900630950928
17977,-2.004429817199707,-6.387491703033447
17978,9.718204498291016,0.3836842179298401
17979,-8.558423042297363,7.074715614318848
17980,8.099595069885254,-7.586910247802734
17981,13.303657531738281,-4.806954860687256
17982,-12.396787643432617,-3.716198205947876
17983,3.0503523349761963,12.445198059082031
17984,0.1929478943347931,16.108001708984375
17985,-1.8787202835083008,8.954362869262695
17986,2.833106756210327,-1.0518112182617188
17987,-6.108990669250488,-6.728780269622803
17988,-1.062036395072937,-0.4104039669036865
17989,3.97594952583313,-1.38527250289917
17990,3.616546154022217,-2.025615692138672
17991,2.5813279151916504,-3.6449472904205322
17992,5.1609954833984375,11.51450252532959
17993,-9.085792541503906,8.22774600982666
17994,2.739964008331299,-2.4855456352233887
17995,8.603828430175781,-0.6224709749221802
17996,-0.20922979712486267,1.3385034799575806
17997,-0.26880523562431335,1.9710521697998047
17998,-0.061702609062194824,-0.5616662502288818
17999,-5.809939861297607,-9.108855247497559
18000,-2.5800793170928955,-5.981078624725342
18001,-5.145334243774414,-6.753636360168457
18002,0.34675994515419006,-1.0477772951126099
18003,3.4735774993896484,-2.968447208404541
18004,-19.571752548217773,0.27969712018966675
18005,3.1937296390533447,-0.8776357769966125
18006,-2.1435492038726807,-2.886975049972534
18007,-7.201023578643799,9.402453422546387
18008,3.76692271232605,-0.11346913129091263
18009,9.047772407531738,-2.8079893589019775
18010,3.499579668045044,-3.252173662185669
18011,0.5327473878860474,0.23561489582061768
18012,-2.664344072341919,10.955424308776855
18013,-22.7127628326416,8.053742408752441
18014,-8.375932693481445,-3.3996529579162598
18015,0.2433544099330902,1.5378376245498657
18016,-4.487463474273682,-9.406859397888184
18017,-9.967151641845703,3.408794641494751
18018,7.196745872497559,12.607699394226074
18019,6.7590508460998535,5.622665882110596
18020,1.6622354984283447,-2.7732863426208496
18021,-4.837692737579346,4.352142810821533
18022,7.322751045227051,6.922912120819092
18023,-0.5201907157897949,2.3886711597442627
18024,5.734936237335205,11.520488739013672
18025,-2.1102168560028076,11.25068187713623
18026,8.234094619750977,6.644899845123291
18027,-6.344746112823486,-10.563019752502441
18028,-25.410654067993164,6.221908092498779
18029,1.9041695594787598,-5.328146457672119
18030,-11.22723388671875,-9.889351844787598
18031,4.9653754234313965,-4.6696577072143555
18032,-13.071338653564453,-4.080819606781006
18033,1.8515136241912842,3.1646265983581543
18034,3.333503007888794,3.502175807952881
18035,3.009909152984619,-0.09421578794717789
18036,-17.670324325561523,9.659969329833984
18037,0.41969242691993713,-1.2249822616577148
18038,0.6958377361297607,5.796754360198975
18039,2.5002481937408447,1.7588410377502441
18040,0.18482139706611633,-0.33901646733283997
18041,5.940098285675049,0.6306553483009338
18042,-8.274225234985352,-2.817998170852661
18043,-39.47156524658203,9.103535652160645
18044,-0.970845103263855,0.3795180022716522
18045,-6.654208660125732,-9.73463249206543
18046,0.04395848512649536,-1.6249666213989258
18047,7.771328449249268,-0.29043465852737427
18048,2.5323069095611572,-2.409252882003784
18049,-2.279242992401123,-5.613500595092773
18050,8.725509643554688,7.466166973114014
18051,0.7185542583465576,1.6341291666030884
18052,7.880860805511475,3.525545358657837
18053,-16.6611270904541,-5.619949817657471
18054,2.4859867095947266,-1.83854079246521
18055,-3.770737648010254,-6.254598140716553
18056,-1.3878499269485474,3.2464442253112793
18057,-2.2535369396209717,-5.4729509353637695
18058,7.167298316955566,6.0546650886535645
18059,0.04722145199775696,1.8190698623657227
18060,-6.709574222564697,-2.7195792198181152
18061,-13.23193645477295,-9.47153091430664
18062,-17.14742088317871,6.775436878204346
18063,-3.925807237625122,5.033867359161377
18064,-2.1138875484466553,7.506547451019287
18065,-14.782541275024414,-5.426243305206299
18066,-6.655069828033447,-5.061228275299072
18067,-12.479018211364746,-6.797038555145264
18068,-1.504807949066162,0.6933944225311279
18069,-4.294154644012451,-9.36349868774414
18070,-7.034016132354736,-5.077916622161865
18071,-16.78957176208496,-4.681218147277832
18072,0.17474773526191711,-1.4481700658798218
18073,-22.705129623413086,0.4289645552635193
18074,-15.861337661743164,-6.1639299392700195
18075,2.9159605503082275,3.704511880874634
18076,-5.879952907562256,-8.107287406921387
18077,-3.0411579608917236,1.9281764030456543
18078,-10.344152450561523,-10.350068092346191
18079,8.967816352844238,0.44616562128067017
18080,2.283027172088623,1.6097218990325928
18081,9.005667686462402,-4.678247928619385
18082,8.524486541748047,1.011936068534851
18083,-0.07722321152687073,0.7116914391517639
18084,-4.253970623016357,-10.000592231750488
18085,-1.812840461730957,9.524476051330566
18086,-3.0279102325439453,1.7778273820877075
18087,-9.59901237487793,-4.508147716522217
18088,2.9980480670928955,4.574504375457764
18089,-11.469464302062988,-3.8814449310302734
18090,-0.17543330788612366,2.2292914390563965
18091,-1.1870121955871582,5.317113399505615
18092,-0.6342089176177979,2.1001412868499756
18093,5.596000671386719,-5.069382190704346
18094,-2.221092700958252,7.210643291473389
18095,-0.24831292033195496,1.5442357063293457
18096,-13.35470962524414,-8.33425235748291
18097,-1.4487296342849731,2.124647378921509
18098,-6.341903209686279,-6.916153430938721
18099,-8.549259185791016,-8.152926445007324
18100,-17.05855369567871,-2.548738956451416
18101,-3.2533161640167236,11.265645027160645
18102,7.154417514801025,-8.589500427246094
18103,-4.564338207244873,4.624390602111816
18104,-9.730789184570312,-0.35930320620536804
18105,-14.793902397155762,4.4696478843688965
18106,6.359680652618408,12.50097942352295
18107,-7.6335320472717285,1.1669025421142578
18108,-3.709583282470703,-9.705485343933105
18109,3.715172529220581,0.9820271134376526
18110,-25.051969528198242,3.7931036949157715
18111,4.416281223297119,1.4188830852508545
18112,9.290227890014648,-8.26005744934082
18113,-8.019185066223145,-3.049806833267212
18114,5.097014904022217,-1.0493186712265015
18115,-7.809432506561279,-6.358839511871338
18116,-1.8531054258346558,-3.5204904079437256
18117,1.1501086950302124,-1.4045315980911255
18118,-1.47639799118042,8.56091594696045
18119,2.398481845855713,-1.9927706718444824
18120,-6.856794357299805,2.3886826038360596
18121,2.028136968612671,-0.5500590205192566
18122,0.5749251842498779,-1.9941542148590088
18123,9.046109199523926,-7.877701282501221
18124,7.497608661651611,1.063070297241211
18125,-6.402130126953125,7.389522552490234
18126,-0.1068861186504364,0.9407462477684021
18127,1.3829841613769531,0.8284325003623962
18128,-4.3135833740234375,-9.852570533752441
18129,2.6176226139068604,-1.6803313493728638
18130,-3.360511302947998,-8.00439167022705
18131,-1.4360171556472778,9.180384635925293
18132,12.440399169921875,-5.54295539855957
18133,-1.4764084815979004,4.6376118659973145
18134,3.998095750808716,1.2703838348388672
18135,-1.0886459350585938,4.145701885223389
18136,0.3792910873889923,-1.9498016834259033
18137,4.3851704597473145,1.835076093673706
18138,-14.221973419189453,-7.141833782196045
18139,-12.066561698913574,-6.346043109893799
18140,-11.443490982055664,-5.4682087898254395
18141,2.7640511989593506,16.25301170349121
18142,-20.719924926757812,9.233506202697754
18143,-16.08526611328125,-10.933423042297363
18144,0.6215581893920898,-1.2624825239181519
18145,-2.1916379928588867,-4.462724208831787
18146,5.017151832580566,-0.4636540710926056
18147,-6.155493259429932,-0.28864768147468567
18148,9.512279510498047,-6.74216890335083
18149,-24.33828353881836,4.797105312347412
18150,-10.799296379089355,1.1607275009155273
18151,-2.6323533058166504,-8.60466480255127
18152,5.3207268714904785,10.407116889953613
18153,-7.5485944747924805,-6.701767921447754
18154,-3.480438232421875,3.9953320026397705
18155,1.2776174545288086,0.22986528277397156
18156,0.5798001289367676,-2.1362545490264893
18157,5.1660685539245605,-3.4535679817199707
18158,1.8863060474395752,-3.2131989002227783
18159,0.6074205636978149,-2.2327897548675537
18160,1.4137678146362305,1.7179577350616455
18161,8.265213966369629,-1.552578330039978
18162,-5.268091678619385,-0.8561655282974243
18163,11.912727355957031,-5.191771030426025
18164,3.488772392272949,-3.4308812618255615
18165,1.2920324802398682,4.021108150482178
18166,4.193948745727539,1.2821177244186401
18167,5.452892780303955,2.925915241241455
18168,-3.257023572921753,-5.294114589691162
18169,4.762196063995361,12.117180824279785
18170,-3.67441725730896,2.7106478214263916
18171,0.022942930459976196,-1.7672605514526367
18172,2.1585261821746826,1.2998303174972534
18173,0.14306792616844177,0.3350536823272705
18174,0.22689524292945862,-1.7677165269851685
18175,-4.135950088500977,4.257450103759766
18176,0.18703916668891907,2.5952956676483154
18177,3.087519407272339,3.73431396484375
18178,0.527804970741272,-2.4680142402648926
18179,-17.36371612548828,8.432600975036621
18180,1.253121018409729,-0.41509395837783813
18181,0.7565943002700806,3.934919595718384
18182,-13.057039260864258,-7.366322994232178
18183,-0.16200336813926697,0.6975416541099548
18184,-0.04761210083961487,0.7639212012290955
18185,-11.116731643676758,-3.6284162998199463
18186,-23.822509765625,2.5497372150421143
18187,-15.403922080993652,-4.90963888168335
18188,1.3022247552871704,0.3551509380340576
18189,8.903911590576172,-8.233282089233398
18190,-11.086666107177734,-7.789522647857666
18191,7.393517971038818,1.900635004043579
18192,0.7439031600952148,1.6792408227920532
18193,1.011884331703186,-3.135585069656372
18194,-2.156784772872925,10.239989280700684
18195,-17.426958084106445,1.3370707035064697
18196,-0.9025180339813232,2.036264419555664
18197,1.4990413188934326,-1.2974414825439453
18198,-8.62451171875,-2.3156397342681885
18199,0.07318422198295593,0.37652507424354553
18200,5.479479789733887,-0.06629151850938797
18201,1.236981987953186,-0.18498605489730835
18202,-6.952885150909424,-1.4300732612609863
18203,0.7024604082107544,-1.2009788751602173
18204,1.1923619508743286,-3.4074862003326416
18205,-4.590005397796631,-3.1126151084899902
18206,4.289474964141846,-5.984859943389893
18207,3.391385316848755,-0.2149425745010376
18208,-2.0527591705322266,-5.775636196136475
18209,6.427586555480957,9.981021881103516
18210,-21.33626365661621,-0.26979202032089233
18211,8.854308128356934,4.989085674285889
18212,-7.541130542755127,-7.34120512008667
18213,0.41334977746009827,-1.888558030128479
18214,-2.1321043968200684,9.692400932312012
18215,1.100376009941101,-1.203421711921692
18216,7.116433143615723,-6.460834980010986
18217,-10.719566345214844,-1.3879808187484741
18218,-9.369297981262207,-2.3480570316314697
18219,3.7422378063201904,-5.3234477043151855
18220,0.8688328266143799,-2.072845220565796
18221,15.471065521240234,-4.6278486251831055
18222,8.4952392578125,6.715961933135986
18223,2.0174996852874756,-1.2081230878829956
18224,-1.2598464488983154,-0.9372192025184631
18225,4.309140205383301,4.78486967086792
18226,8.054710388183594,-8.65494155883789
18227,1.0292658805847168,-3.0323779582977295
18228,-10.208877563476562,-2.828465223312378
18229,-20.356019973754883,-0.6028901934623718
18230,-3.1316945552825928,1.9937846660614014
18231,6.782217025756836,-0.039101190865039825
18232,-3.1974074840545654,-7.807859420776367
18233,5.905612468719482,2.156653881072998
18234,-2.3997397422790527,8.699328422546387
18235,-3.2154901027679443,-5.465548992156982
18236,6.6743292808532715,0.5715255737304688
18237,-1.028519630432129,2.3675994873046875
18238,-1.5390167236328125,3.1203856468200684
18239,-1.4793119430541992,6.913975238800049
18240,0.32747259736061096,-0.971891462802887
18241,-23.84925651550293,0.4135964512825012
18242,-2.0442535877227783,9.73106861114502
18243,0.7092301845550537,-4.271534442901611
18244,-16.952499389648438,8.36803150177002
18245,-20.899892807006836,6.398731708526611
18246,7.273880481719971,-6.124637126922607
18247,-9.002592086791992,-2.9978549480438232
18248,-2.475506067276001,13.025504112243652
18249,0.43792352080345154,-0.17769622802734375
18250,-7.841494083404541,-0.2877560257911682
18251,-1.1979074478149414,-4.631900787353516
18252,3.2893993854522705,-3.468548059463501
18253,0.20950883626937866,-2.140761613845825
18254,11.478738784790039,6.70531702041626
18255,4.974374771118164,5.131192207336426
18256,4.318155765533447,0.01462429016828537
18257,0.8011012077331543,-0.8219522833824158
18258,-26.958879470825195,3.9906880855560303
18259,-5.236484050750732,-0.2500362694263458
18260,-0.8948994874954224,-2.662740468978882
18261,6.524453639984131,1.1266019344329834
18262,4.993299961090088,-0.6725167036056519
18263,4.033679008483887,2.1755168437957764
18264,-3.042555093765259,-8.593421936035156
18265,0.09027233719825745,2.593928575515747
18266,-2.3126275539398193,-6.115786075592041
18267,-2.3079302310943604,10.300893783569336
18268,-4.822339057922363,3.901470422744751
18269,0.6503939628601074,-0.9429205060005188
18270,2.255328416824341,-1.7410558462142944
18271,-0.11219742894172668,0.8935102820396423
18272,1.9240703582763672,-0.09541303664445877
18273,7.888124942779541,-4.7890729904174805
18274,-1.4712438583374023,-2.420079231262207
18275,2.047494649887085,-1.493908166885376
18276,0.3729783594608307,0.7237841486930847
18277,0.2104450762271881,-1.8053476810455322
18278,0.3535682260990143,-1.1376147270202637
18279,-41.28844451904297,8.980284690856934
18280,9.959613800048828,-8.638688087463379
18281,0.4496082365512848,-2.017333984375
18282,7.463636875152588,0.8133354783058167
18283,4.022406578063965,0.17593732476234436
18284,-20.310014724731445,-1.0331405401229858
18285,-8.844783782958984,-1.2239911556243896
18286,-15.492558479309082,7.78002405166626
18287,-1.8226473331451416,-2.5272815227508545
18288,1.7690880298614502,7.990962505340576
18289,-37.61711120605469,6.903837203979492
18290,5.247447967529297,-4.571422100067139
18291,-0.6824154853820801,6.9230265617370605
18292,-1.9073139429092407,7.683215618133545
18293,-1.3120685815811157,5.965839385986328
18294,7.063790321350098,5.973179340362549
18295,0.5617309808731079,8.444122314453125
18296,-0.609661340713501,6.7296271324157715
18297,2.1696293354034424,-2.0113627910614014
18298,1.6790975332260132,0.15641793608665466
18299,7.740893363952637,-6.855287075042725
18300,0.49910083413124084,-1.9941428899765015
18301,-11.20885944366455,-0.36711347103118896
18302,-2.1559181213378906,10.716656684875488
18303,-10.42567253112793,-7.964422702789307
18304,7.245282173156738,-4.498411178588867
18305,7.082332134246826,-3.387789726257324
18306,3.351236581802368,6.0050859451293945
18307,-4.7588396072387695,5.355152606964111
18308,0.15864846110343933,-1.0206165313720703
18309,0.7961386442184448,-2.4936392307281494
18310,-3.251457929611206,-5.762244701385498
18311,-0.1844315230846405,1.4108669757843018
18312,-6.83458948135376,-6.990111827850342
18313,-2.3298215866088867,5.030604839324951
18314,-4.027791976928711,3.3195979595184326
18315,3.843691110610962,-0.10766143351793289
18316,-9.105631828308105,-1.3412606716156006
18317,5.486551761627197,-0.3776211142539978
18318,-10.895453453063965,6.86893892288208
18319,-0.7010140419006348,7.170431613922119
18320,-7.875926971435547,-3.1131973266601562
18321,0.30719640851020813,1.4682276248931885
18322,-14.87143611907959,-5.371385097503662
18323,-2.6529524326324463,-6.708436489105225
18324,-43.30304718017578,11.034405708312988
18325,-4.024624347686768,-9.318707466125488
18326,8.10671329498291,-4.880594730377197
18327,0.5155287981033325,-1.5831997394561768
18328,-1.0275944471359253,3.004729986190796
18329,-11.598160743713379,-5.677989482879639
18330,0.545764684677124,-1.3180904388427734
18331,7.398413181304932,-0.7398406863212585
18332,3.8192152976989746,12.922942161560059
18333,6.030893802642822,12.54076862335205
18334,-1.3244729042053223,4.220807075500488
18335,0.5009028911590576,-1.6881828308105469
18336,-0.7968060970306396,0.41164976358413696
18337,-2.7739973068237305,9.074210166931152
18338,0.29608651995658875,-0.8610143661499023
18339,3.2260305881500244,0.9710517525672913
18340,-2.548058271408081,11.628081321716309
18341,2.2831907272338867,-3.6286861896514893
18342,-9.048489570617676,-7.251241207122803
18343,5.973639965057373,5.481822490692139
18344,6.606934070587158,-0.5149038434028625
18345,8.066908836364746,1.4083459377288818
18346,-21.541046142578125,-0.6011393666267395
18347,-0.32485440373420715,1.5376421213150024
18348,3.7820606231689453,4.900630474090576
18349,0.4689488708972931,-2.841283082962036
18350,-2.110808849334717,-6.598977565765381
18351,-16.27218246459961,-1.4477791786193848
18352,-42.88155746459961,11.242414474487305
18353,0.31256037950515747,-1.2323668003082275
18354,1.4556689262390137,1.3988929986953735
18355,10.139227867126465,5.907469272613525
18356,15.15064811706543,-3.5049734115600586
18357,-0.0829826295375824,1.315905213356018
18358,8.604911804199219,-6.581343173980713
18359,1.3220717906951904,0.8061222434043884
18360,10.173264503479004,-5.194378852844238
18361,3.0087718963623047,-2.002295970916748
18362,-1.9970715045928955,-7.7568440437316895
18363,-1.885362148284912,-6.812830448150635
18364,2.882817506790161,9.663528442382812
18365,0.8965977430343628,-2.7246639728546143
18366,2.4891488552093506,-2.03946852684021
18367,-12.01966667175293,-11.092434883117676
18368,1.6395052671432495,0.12511283159255981
18369,0.2506934702396393,-0.9401574730873108
18370,-12.38161563873291,-7.678561687469482
18371,-11.688485145568848,5.603863716125488
18372,3.5088095664978027,-2.0121138095855713
18373,11.471417427062988,6.573728084564209
18374,-6.628528594970703,2.065803050994873
18375,-17.00078773498535,-7.517940044403076
18376,1.8592517375946045,-2.369940996170044
18377,-6.198349475860596,-6.107532024383545
18378,2.1450679302215576,-3.625434160232544
18379,-0.9588537216186523,0.7441400289535522
18380,-12.671847343444824,5.964999675750732
18381,5.9387078285217285,7.471451282501221
18382,3.477708578109741,-3.818834066390991
18383,0.6440918445587158,-1.8997688293457031
18384,-0.0017378032207489014,0.5424056649208069
18385,0.9391368627548218,3.4761621952056885
18386,-29.09449005126953,3.669285297393799
18387,-2.716707468032837,0.5584042072296143
18388,3.1043410301208496,-1.576002597808838
18389,-2.1695146560668945,-5.657718658447266
18390,5.847017765045166,10.505378723144531
18391,-2.066467523574829,11.067112922668457
18392,9.976957321166992,-5.483456134796143
18393,9.205930709838867,4.444136619567871
18394,-3.3816184997558594,1.577256202697754
18395,-5.964269161224365,-10.13904857635498
18396,-12.266845703125,-4.395815372467041
18397,-0.30457234382629395,-3.833486795425415
18398,7.05546236038208,6.600527286529541
18399,-11.39609432220459,-0.4397016763687134
18400,4.243649005889893,12.290915489196777
18401,1.4710149765014648,1.0330400466918945
18402,-4.674068927764893,7.144628047943115
18403,0.5531398057937622,1.5322781801223755
18404,5.511410713195801,0.2867475748062134
18405,0.3918803036212921,0.3212928771972656
18406,-2.234130382537842,12.266779899597168
18407,-5.523142337799072,-4.333374977111816
18408,6.868794918060303,-6.554615497589111
18409,-0.4883875548839569,11.290246963500977
18410,-14.145517349243164,5.360965251922607
18411,-4.817103385925293,-3.11087965965271
18412,9.999542236328125,2.8314359188079834
18413,1.2795854806900024,2.071397066116333
18414,1.4261176586151123,-4.216434478759766
18415,-5.824733257293701,8.507369995117188
18416,10.871170043945312,2.4496912956237793
18417,5.622766971588135,-0.5395501255989075
18418,-2.6991841793060303,1.5672831535339355
18419,-11.222323417663574,-5.272348880767822
18420,6.279542446136475,3.301283836364746
18421,-1.9150787591934204,0.5504297018051147
18422,-13.359729766845703,-4.998380184173584
18423,-16.425127029418945,-0.6392918229103088
18424,-19.164417266845703,3.798696279525757
18425,-14.352806091308594,0.020170561969280243
18426,2.1150405406951904,4.120912075042725
18427,-7.229785442352295,-2.175372838973999
18428,3.3601021766662598,11.622981071472168
18429,0.15769323706626892,-1.2038484811782837
18430,-1.9360078573226929,5.634064197540283
18431,1.1472773551940918,-1.1704107522964478
18432,-17.784658432006836,-1.0752214193344116
18433,3.622779130935669,14.311357498168945
18434,-2.6235201358795166,10.535771369934082
18435,-6.254308223724365,7.167746067047119
18436,8.987627029418945,-7.475297451019287
18437,-2.7909998893737793,-5.669842720031738
18438,-2.898094892501831,9.26121711730957
18439,-14.853200912475586,-11.536463737487793
18440,-0.20493623614311218,5.185972213745117
18441,2.825143814086914,11.084826469421387
18442,6.498873233795166,-7.058382987976074
18443,-2.8471598625183105,-7.59235954284668
18444,1.3527965545654297,-0.20846319198608398
18445,0.28682443499565125,-2.055832624435425
18446,4.717503070831299,5.3956618309021
18447,8.681449890136719,-7.567349910736084
18448,-3.7202394008636475,3.7395269870758057
18449,0.4203088581562042,-1.415763020515442
18450,-25.57491111755371,4.655654430389404
18451,-12.379890441894531,1.9899964332580566
18452,3.7013442516326904,1.2750707864761353
18453,1.8610255718231201,0.046740107238292694
18454,-0.01404222846031189,2.3763132095336914
18455,2.9686620235443115,0.2894340455532074
18456,9.35267448425293,2.358030080795288
18457,-0.5550765991210938,-1.7262903451919556
18458,1.798011302947998,-2.365048408508301
18459,1.0155240297317505,-1.8644448518753052
18460,-4.125882148742676,5.470280170440674
18461,4.373372554779053,5.418801307678223
18462,-16.775371551513672,7.345098972320557
18463,-31.196821212768555,7.785924434661865
18464,-15.478643417358398,-0.4505055546760559
18465,4.741382598876953,-0.8134052157402039
18466,2.1262435913085938,-3.7433364391326904
18467,-0.9538480043411255,14.99222469329834
18468,-2.2766764163970947,0.25879135727882385
18469,-1.8291983604431152,-4.4515557289123535
18470,-0.0744602382183075,0.8919807076454163
18471,2.310131549835205,-2.3558919429779053
18472,-14.450157165527344,-0.13489457964897156
18473,0.10245552659034729,1.9160611629486084
18474,4.6692728996276855,-5.07355260848999
18475,-5.810783386230469,-8.41516399383545
18476,-2.0325586795806885,10.156134605407715
18477,-10.940529823303223,-4.350930213928223
18478,0.9879584312438965,-0.3284952640533447
18479,2.846829414367676,-4.883459568023682
18480,0.8506523370742798,-2.6182241439819336
18481,-2.8713581562042236,-5.6677327156066895
18482,3.980748414993286,2.2402799129486084
18483,-1.906242847442627,-5.611403942108154
18484,-3.0127408504486084,10.486729621887207
18485,8.713675498962402,-6.836376667022705
18486,-1.3954392671585083,-6.267225742340088
18487,8.482183456420898,-2.9919660091400146
18488,0.9403095245361328,-1.4127479791641235
18489,-2.968601703643799,-5.913524627685547
18490,0.15219244360923767,-2.580509901046753
18491,1.4241843223571777,1.8752880096435547
18492,3.289910078048706,1.0184985399246216
18493,-2.5431840419769287,4.578497409820557
18494,7.33323335647583,2.0285654067993164
18495,7.8533806800842285,1.7938120365142822
18496,-5.029167175292969,-8.20949649810791
18497,-4.942282199859619,6.656312465667725
18498,1.1105084419250488,-2.782193422317505
18499,-0.1992224007844925,-1.9231728315353394
18500,-1.7276854515075684,0.25619271397590637
18501,-16.297224044799805,-0.8327145576477051
18502,0.6415362358093262,-2.1523094177246094
18503,-3.5976040363311768,-1.845608115196228
18504,-16.803213119506836,9.350546836853027
18505,4.038171768188477,8.50704574584961
18506,-3.7542800903320312,3.403205156326294
18507,3.079598903656006,-3.4692232608795166
18508,-1.1528881788253784,0.5659344792366028
18509,4.243890762329102,5.1849870681762695
18510,2.3981544971466064,-1.5994715690612793
18511,0.7477352619171143,-1.7700835466384888
18512,-1.6316920518875122,2.7246878147125244
18513,1.0706877708435059,-1.5961118936538696
18514,-7.0504865646362305,-6.832678318023682
18515,-10.242313385009766,1.609239101409912
18516,7.470980167388916,2.590088129043579
18517,-1.9793999195098877,9.615557670593262
18518,-3.019070863723755,8.378652572631836
18519,-10.548118591308594,6.437257289886475
18520,-3.2194464206695557,-7.054302215576172
18521,8.6669340133667,6.139623165130615
18522,-9.588441848754883,-2.088852882385254
18523,-1.1513766050338745,0.07932993024587631
18524,-2.0827975273132324,5.577944278717041
18525,0.430135041475296,-1.5312892198562622
18526,-0.9971746206283569,8.762499809265137
18527,-1.3217651844024658,10.1399507522583
18528,1.8229598999023438,-1.1724801063537598
18529,-11.70073127746582,7.773809432983398
18530,-2.925276041030884,-6.408855438232422
18531,0.28647580742836,-1.0301485061645508
18532,-0.7046140432357788,3.9549458026885986
18533,-0.8943713903427124,-4.46555757522583
18534,3.0890510082244873,3.8283135890960693
18535,-2.7831618785858154,-5.796292304992676
18536,6.077218532562256,-6.546417713165283
18537,8.768827438354492,-1.868969440460205
18538,-3.903778076171875,-1.93105947971344
18539,0.4311252534389496,-1.6715998649597168
18540,-1.4509053230285645,2.6556050777435303
18541,-13.057260513305664,-3.6408753395080566
18542,-1.8189308643341064,0.5936000943183899
18543,-1.5603681802749634,7.839015483856201
18544,7.961903095245361,-4.602427959442139
18545,-14.357601165771484,8.1392183303833
18546,3.1839988231658936,13.593842506408691
18547,9.314626693725586,5.960144519805908
18548,1.6571197509765625,11.048605918884277
18549,-22.6386775970459,10.247206687927246
18550,0.2337804138660431,4.099587917327881
18551,4.645448207855225,-0.5904228091239929
18552,-5.9377522468566895,-6.814404010772705
18553,1.485919713973999,3.4556009769439697
18554,-8.144142150878906,4.524899959564209
18555,2.6135501861572266,-1.894535779953003
18556,3.302807092666626,4.577887058258057
18557,-1.125196933746338,1.587172269821167
18558,12.343165397644043,-5.064544677734375
18559,-24.398122787475586,9.758971214294434
18560,-0.17493507266044617,2.814262628555298
18561,-2.0323147773742676,11.665307998657227
18562,11.58729362487793,-4.774089336395264
18563,0.39285513758659363,-2.4987659454345703
18564,-15.218164443969727,-3.5355939865112305
18565,-0.39468806982040405,1.335415244102478
18566,8.419206619262695,-7.031535625457764
18567,-0.019725114107131958,-2.4292380809783936
18568,-2.682337760925293,-7.973479270935059
18569,-5.567887306213379,5.179231643676758
18570,-21.52773094177246,8.73685359954834
18571,-7.581491947174072,-11.741092681884766
18572,-11.645915985107422,3.2701025009155273
18573,-14.06302261352539,-5.11476469039917
18574,6.224732875823975,9.511168479919434
18575,5.1299848556518555,1.0768208503723145
18576,-1.9609947204589844,-3.568969249725342
18577,-1.589532494544983,-3.5172338485717773
18578,-0.24880263209342957,0.8247858881950378
18579,-7.935625076293945,-3.269897222518921
18580,-1.0980688333511353,-4.535074234008789
18581,-2.0446457862854004,-2.4790048599243164
18582,-1.8820232152938843,12.011468887329102
18583,-0.2279418408870697,1.500584602355957
18584,0.7406330108642578,-1.5271471738815308
18585,-7.220762252807617,-6.111794948577881
18586,1.2657184600830078,0.06736399978399277
18587,6.64015007019043,-0.9533753395080566
18588,-9.447851181030273,4.912733554840088
18589,2.5314958095550537,5.217597007751465
18590,-8.015944480895996,-10.535000801086426
18591,-1.1424981355667114,3.3546154499053955
18592,3.2971036434173584,2.643244743347168
18593,-8.367433547973633,9.729500770568848
18594,-0.9614768028259277,-2.817631483078003
18595,-1.8294768333435059,-5.469686985015869
18596,-0.13005486130714417,1.0022284984588623
18597,-4.406976222991943,7.13193941116333
18598,-3.6804091930389404,-9.426227569580078
18599,-9.334799766540527,-7.2469868659973145
18600,-2.7007718086242676,0.8894709944725037
18601,3.457782745361328,-3.8846843242645264
18602,10.57294750213623,5.329967975616455
18603,-1.4426389932632446,-3.835275888442993
18604,6.9045867919921875,3.582045078277588
18605,-8.015947341918945,-2.794934034347534
18606,2.1851961612701416,-2.673511266708374
18607,-2.8333868980407715,-6.749546051025391
18608,6.627722263336182,-6.305245399475098
18609,1.1233443021774292,-0.7257620096206665
18610,3.044316053390503,-3.2413928508758545
18611,8.503774642944336,-7.416001796722412
18612,-4.00891637802124,3.5449490547180176
18613,-0.1785801351070404,-0.5884969234466553
18614,-1.7370299100875854,3.1956613063812256
18615,-1.3584235906600952,10.232733726501465
18616,-1.25844144821167,-4.260026931762695
18617,0.5022958517074585,-0.18059203028678894
18618,0.9770222902297974,-1.9799168109893799
18619,-1.2783511877059937,11.256579399108887
18620,-2.8322174549102783,-6.2089080810546875
18621,-0.30992329120635986,-1.1193352937698364
18622,-1.1200841665267944,3.452667713165283
18623,-3.036160945892334,-7.710350036621094
18624,0.4202769696712494,-3.6635000705718994
18625,-3.1648426055908203,12.86348819732666
18626,-2.596975088119507,-6.75139856338501
18627,4.852121829986572,-3.3799116611480713
18628,-1.0590488910675049,0.572127103805542
18629,5.280632972717285,5.227025032043457
18630,4.396203517913818,0.2353113889694214
18631,0.33057984709739685,14.359879493713379
18632,-10.619529724121094,7.210490703582764
18633,-2.363450288772583,10.828705787658691
18634,-2.6187355518341064,-7.082204818725586
18635,0.31721216440200806,-1.082390546798706
18636,5.936739444732666,-2.5418918132781982
18637,-6.255489349365234,1.8162500858306885
18638,-8.41677474975586,-2.4282724857330322
18639,2.1247570514678955,-3.2597131729125977
18640,6.923580646514893,0.7044551968574524
18641,-2.535916566848755,-7.548101902008057
18642,-1.3661394119262695,-4.0500664710998535
18643,1.3031877279281616,-5.319471836090088
18644,-13.508201599121094,-5.5028886795043945
18645,9.333826065063477,-7.793864727020264
18646,1.1756587028503418,-2.438075304031372
18647,-38.42974853515625,11.330161094665527
18648,4.846482753753662,-1.3576563596725464
18649,-9.668116569519043,-10.17198657989502
18650,-2.136878490447998,-5.529788494110107
18651,0.062421709299087524,10.002641677856445
18652,1.317611813545227,-0.3284122943878174
18653,-1.8515335321426392,9.573948860168457
18654,4.379327297210693,15.059590339660645
18655,-7.692302227020264,10.553455352783203
18656,1.7761659622192383,5.705497741699219
18657,-1.5881584882736206,3.9724972248077393
18658,3.849867582321167,4.649118900299072
18659,-1.4814926385879517,2.928175926208496
18660,2.4865124225616455,-0.8489301204681396
18661,-9.986136436462402,14.993874549865723
18662,-8.105476379394531,-0.21507394313812256
18663,-0.3904080092906952,1.2482258081436157
18664,-1.8937790393829346,4.303286075592041
18665,1.7041435241699219,0.2541753351688385
18666,-8.81784439086914,-8.651276588439941
18667,-10.546869277954102,-10.996720314025879
18668,-1.8524532318115234,9.107834815979004
18669,-6.75045108795166,7.7142815589904785
18670,3.0082335472106934,-0.9989772439002991
18671,0.7532211542129517,-0.8895964026451111
18672,6.561893939971924,-7.885491847991943
18673,-11.428945541381836,0.4075002074241638
18674,-2.5556232929229736,0.30050724744796753
18675,-13.22767162322998,-2.4574062824249268
18676,2.2343122959136963,-2.8865294456481934
18677,-13.25267219543457,-9.750262260437012
18678,-8.26415729522705,12.74885082244873
18679,-3.6703972816467285,-8.840270042419434
18680,-18.496320724487305,-7.156307220458984
18681,5.269084453582764,-0.3404175639152527
18682,-17.877431869506836,10.288596153259277
18683,2.67981219291687,-4.733432292938232
18684,-28.9278621673584,2.862144708633423
18685,-6.208890438079834,-5.369985103607178
18686,-2.89365816116333,-1.1865661144256592
18687,3.0270349979400635,0.93340665102005
18688,-12.562471389770508,-9.392544746398926
18689,-3.493220090866089,-5.961933135986328
18690,-0.7577381134033203,2.6323330402374268
18691,-9.115407943725586,-4.454828262329102
18692,-0.13290169835090637,-0.6739183664321899
18693,-1.3858325481414795,11.918676376342773
18694,5.132655620574951,-0.42870038747787476
18695,-0.8973376750946045,-2.204740285873413
18696,1.4756312370300293,-1.658957839012146
18697,-7.891860485076904,-10.375978469848633
18698,5.668006420135498,5.934289455413818
18699,6.4107489585876465,0.7121254205703735
18700,-3.214905261993408,-2.5735538005828857
18701,0.9751342535018921,-1.9260690212249756
18702,0.6199636459350586,-1.9987013339996338
18703,6.782304286956787,-5.110469341278076
18704,-0.6169220209121704,11.030519485473633
18705,2.9264166355133057,-2.2883238792419434
18706,2.5250794887542725,-5.626506328582764
18707,0.581507682800293,-1.8657443523406982
18708,4.4586944580078125,-1.1489028930664062
18709,-13.66453742980957,-9.9966402053833
18710,-5.674444675445557,0.7351240515708923
18711,-0.8624473810195923,-0.9170151352882385
18712,0.7872370481491089,-1.2668654918670654
18713,2.511798858642578,1.8893795013427734
18714,6.326415538787842,0.3033100366592407
18715,-21.740324020385742,1.7113791704177856
18716,-23.33816146850586,6.958959102630615
18717,-10.084917068481445,-2.755192756652832
18718,3.5748720169067383,-0.9969882369041443
18719,-25.790889739990234,3.364548444747925
18720,-5.822734832763672,2.5619378089904785
18721,0.42236843705177307,1.5579596757888794
18722,-22.68613624572754,10.43579387664795
18723,-1.3943822383880615,-5.321288108825684
18724,-4.549935340881348,6.422295093536377
18725,-10.360414505004883,-9.10167407989502
18726,-17.044618606567383,-0.12791645526885986
18727,-1.3949428796768188,-4.136441707611084
18728,4.042770862579346,-6.172976493835449
18729,-6.5454792976379395,-2.263444423675537
18730,0.05086830258369446,11.590177536010742
18731,-1.6942853927612305,14.795699119567871
18732,-1.335308313369751,-4.46210241317749
18733,-0.862521767616272,4.7866339683532715
18734,-6.8581862449646,-3.6996490955352783
18735,7.292840480804443,6.85023307800293
18736,2.503854274749756,0.9558878540992737
18737,-24.511842727661133,7.107017993927002
18738,-0.6598057746887207,-0.10352889448404312
18739,4.5432820320129395,-2.274505376815796
18740,-8.183919906616211,2.5523481369018555
18741,4.5515265464782715,10.591416358947754
18742,-0.045684605836868286,0.843586802482605
18743,0.8067348003387451,-2.413266181945801
18744,0.7807489633560181,-3.5233170986175537
18745,-1.0138533115386963,7.0880937576293945
18746,3.9353058338165283,11.534497261047363
18747,-11.032949447631836,4.896778583526611
18748,2.8519394397735596,-2.356125593185425
18749,-1.1989243030548096,7.7523064613342285
18750,2.6204049587249756,0.3846403956413269
18751,-0.9009283781051636,1.6504732370376587
18752,-21.717782974243164,1.0438650846481323
18753,2.806260108947754,-1.1368380784988403
18754,-3.682007312774658,10.937945365905762
18755,-19.66328239440918,0.24431592226028442
18756,-7.279020309448242,-4.0496368408203125
18757,-6.9271464347839355,-7.811681270599365
18758,-1.044459342956543,4.108604907989502
18759,-2.11310076713562,-7.3111796379089355
18760,-1.4520149230957031,7.488580226898193
18761,3.558030843734741,-5.249439239501953
18762,-2.6473705768585205,9.518913269042969
18763,-5.305048942565918,-5.655048847198486
18764,-2.109604835510254,-4.333796977996826
18765,9.132270812988281,-4.6439032554626465
18766,-19.921979904174805,9.42099380493164
18767,2.6312506198883057,16.274152755737305
18768,4.394784450531006,-3.5054314136505127
18769,10.733848571777344,-2.0459539890289307
18770,18.7119197845459,-3.9329793453216553
18771,3.18129825592041,-2.0695102214813232
18772,7.235682010650635,5.619529724121094
18773,-3.383251190185547,1.9648072719573975
18774,-3.327590227127075,-6.617960453033447
18775,4.580468654632568,14.090102195739746
18776,-5.712286472320557,-2.216824769973755
18777,2.8389780521392822,4.4278178215026855
18778,-5.570413112640381,-6.297793865203857
18779,-0.4038456678390503,-1.9959466457366943
18780,4.706807613372803,13.681961059570312
18781,0.9055217504501343,-0.38433295488357544
18782,1.9808218479156494,-2.6237986087799072
18783,-0.5341131687164307,6.192636013031006
18784,-8.398516654968262,-4.845128536224365
18785,-13.793083190917969,3.1525866985321045
18786,-16.06146812438965,5.663629055023193
18787,-0.04650178551673889,1.0522208213806152
18788,4.510058403015137,4.715165615081787
18789,-0.7381128072738647,2.3014426231384277
18790,-1.3877692222595215,0.8009754419326782
18791,-2.578080654144287,-7.739690780639648
18792,-1.4101701974868774,6.8830389976501465
18793,8.900798797607422,-9.195473670959473
18794,-2.238969087600708,4.168047904968262
18795,8.55544662475586,6.04773473739624
18796,-2.7104179859161377,-6.06611442565918
18797,-2.044356107711792,0.7691231966018677
18798,-4.210658073425293,-8.730496406555176
18799,-1.5969971418380737,-6.240423679351807
18800,-3.0036542415618896,-9.319960594177246
18801,-2.3015317916870117,1.6701592206954956
18802,-0.1221780776977539,-1.3002606630325317
18803,1.3845601081848145,2.389894485473633
18804,2.687913656234741,12.342616081237793
18805,0.9186789989471436,-1.983163595199585
18806,-1.2255749702453613,-2.365386724472046
18807,-7.544137001037598,0.407789409160614
18808,-0.6269204616546631,2.2770535945892334
18809,4.40151834487915,13.556658744812012
18810,-4.794419765472412,-4.899205684661865
18811,2.0814483165740967,-1.0017333030700684
18812,-7.789927959442139,9.262876510620117
18813,2.916715621948242,4.4314188957214355
18814,1.1031137704849243,14.014420509338379
18815,0.466531366109848,-1.3897783756256104
18816,1.2501983642578125,-1.2222672700881958
18817,2.815620183944702,0.4070001244544983
18818,2.4884636402130127,-2.3387460708618164
18819,-0.3915371596813202,5.68868350982666
18820,8.28240966796875,-3.5432286262512207
18821,-2.396554946899414,-6.432375431060791
18822,1.5439774990081787,12.997200965881348
18823,4.5002827644348145,-4.708685398101807
18824,-1.5547271966934204,-2.882838010787964
18825,-0.9823702573776245,1.8915281295776367
18826,0.8885786533355713,1.5158648490905762
18827,6.1161370277404785,-6.2256011962890625
18828,-4.390086650848389,4.440938472747803
18829,0.004404336214065552,-2.206604242324829
18830,-21.346500396728516,-0.8643327951431274
18831,-0.0054579079151153564,0.5199463963508606
18832,6.535290718078613,3.659769058227539
18833,-0.6438634395599365,8.517473220825195
18834,5.057276725769043,-2.43058705329895
18835,-2.376751184463501,11.109496116638184
18836,5.272518157958984,2.902674674987793
18837,-3.845848798751831,-1.7691314220428467
18838,6.45395040512085,5.962134838104248
18839,6.5408244132995605,-7.738542556762695
18840,-9.06991195678711,4.982594013214111
18841,0.9698535203933716,-3.595871925354004
18842,-2.9116549491882324,2.3896420001983643
18843,-11.244325637817383,3.0699589252471924
18844,3.379608154296875,-3.4803574085235596
18845,-3.428892135620117,-8.454463958740234
18846,-0.8578512668609619,1.2380956411361694
18847,-6.5149712562561035,-2.5031096935272217
18848,-0.3588525950908661,-0.5857793688774109
18849,-5.728672504425049,-4.9670729637146
18850,0.02838185429573059,4.86847448348999
18851,-2.70684814453125,1.6201798915863037
18852,4.997067928314209,-2.0635697841644287
18853,4.661710262298584,-1.5022811889648438
18854,-1.167738914489746,13.425347328186035
18855,-1.7117260694503784,4.2314043045043945
18856,9.309356689453125,1.1008327007293701
18857,-4.6739959716796875,5.777256965637207
18858,0.1733868420124054,0.9594898819923401
18859,-1.2876538038253784,7.682491302490234
18860,-8.685144424438477,-8.07240104675293
18861,4.039139747619629,-1.9400994777679443
18862,1.208659052848816,0.12753862142562866
18863,-27.532747268676758,11.142217636108398
18864,-0.8194540739059448,1.4718997478485107
18865,4.980326175689697,-7.020111560821533
18866,-46.94987106323242,10.368229866027832
18867,-20.412118911743164,6.7231831550598145
18868,-2.7854132652282715,8.318366050720215
18869,3.0449507236480713,-2.441228151321411
18870,-17.68340301513672,-0.9185785055160522
18871,-10.550922393798828,-3.926440715789795
18872,0.8946309089660645,0.20170196890830994
18873,-14.740076065063477,8.589994430541992
18874,-20.400156021118164,1.3649730682373047
18875,-8.275690078735352,-2.3140361309051514
18876,-15.236698150634766,-2.9309535026550293
18877,5.795521259307861,1.4945580959320068
18878,-3.9429736137390137,7.760107517242432
18879,-3.9455225467681885,-8.891040802001953
18880,-1.930624008178711,-6.357147693634033
18881,-1.7819164991378784,3.609199285507202
18882,-20.649396896362305,-0.612637460231781
18883,-0.45612281560897827,-0.8772714734077454
18884,-8.203661918640137,-4.858824253082275
18885,-17.988664627075195,-4.552616596221924
18886,-4.304943084716797,3.1349833011627197
18887,-3.809473991394043,6.522284984588623
18888,3.1474411487579346,-0.12118274718523026
18889,2.2174627780914307,13.25611400604248
18890,-2.2806639671325684,-9.273043632507324
18891,-0.782992959022522,2.6079323291778564
18892,2.3331315517425537,-0.7409873008728027
18893,5.177119731903076,1.5822832584381104
18894,5.4728102684021,-3.053037643432617
18895,0.709007978439331,-1.9762767553329468
18896,7.633320331573486,4.115035533905029
18897,4.3622355461120605,5.406469821929932
18898,-16.38268280029297,4.165258407592773
18899,0.014260023832321167,0.7848148345947266
18900,-1.5972537994384766,-4.284712314605713
18901,-10.418767929077148,-3.0049240589141846
18902,5.85210657119751,0.1903921365737915
18903,9.32735824584961,-1.904731273651123
18904,-9.887364387512207,6.041130065917969
18905,9.163658142089844,6.253896236419678
18906,-23.9957332611084,10.477229118347168
18907,-1.354790210723877,9.506855010986328
18908,-1.5659921169281006,4.048624515533447
18909,-1.2735323905944824,7.431525707244873
18910,-2.5364573001861572,-8.69621753692627
18911,-19.639842987060547,8.6325101852417
18912,4.09105920791626,1.235053300857544
18913,-4.583488941192627,4.006850242614746
18914,-2.6180472373962402,-5.0053791999816895
18915,2.0360310077667236,4.815272331237793
18916,0.050039321184158325,0.3010549545288086
18917,-2.478163003921509,1.5320653915405273
18918,-1.6469656229019165,10.159085273742676
18919,-4.777777194976807,3.8579370975494385
18920,-2.2798004150390625,-5.851714134216309
18921,1.0783047676086426,-2.276594877243042
18922,-2.919571876525879,-8.594464302062988
18923,-5.929969310760498,-2.817162275314331
18924,-0.027592390775680542,2.575593948364258
18925,0.17552432417869568,-1.032718539237976
18926,3.551823139190674,10.40894889831543
18927,2.083019733428955,-2.2366273403167725
18928,-4.69284725189209,5.781041145324707
18929,7.135699272155762,2.1015474796295166
18930,0.0838005542755127,0.2879652976989746
18931,-8.735355377197266,-0.5935172438621521
18932,2.036242961883545,-2.2722384929656982
18933,5.8734869956970215,15.145977973937988
18934,7.6473164558410645,0.5631643533706665
18935,4.563077926635742,4.27756929397583
18936,-1.250427007675171,8.108597755432129
18937,7.999283313751221,7.292088985443115
18938,0.9688245058059692,-1.4155631065368652
18939,5.466277599334717,-1.7881726026535034
18940,1.6089528799057007,-6.2480597496032715
18941,-1.811281681060791,9.722014427185059
18942,-16.13092613220215,-3.865394353866577
18943,-2.005478858947754,-5.474369525909424
18944,4.2328057289123535,-3.4231677055358887
18945,-3.416595935821533,9.423327445983887
18946,-14.409051895141602,6.928187847137451
18947,-0.14845195412635803,1.2825243473052979
18948,-3.1056811809539795,-9.095358848571777
18949,-13.062738418579102,-4.154045581817627
18950,-0.9277790784835815,1.336796760559082
18951,9.88131332397461,5.2795305252075195
18952,-8.659082412719727,-5.864657402038574
18953,-5.234681606292725,-4.443863391876221
18954,-13.543304443359375,0.5892933011054993
18955,1.097084641456604,-1.2127166986465454
18956,9.17531681060791,4.950218200683594
18957,2.7342021465301514,1.6274855136871338
18958,-10.076116561889648,-8.252108573913574
18959,-39.86857986450195,7.38592529296875
18960,0.5588304996490479,-2.1606738567352295
18961,-2.8400285243988037,8.116002082824707
18962,5.44950532913208,0.2532210350036621
18963,0.472738653421402,-1.4667978286743164
18964,-1.7991585731506348,-5.129410266876221
18965,2.7663445472717285,-3.3584532737731934
18966,13.926021575927734,-4.0654778480529785
18967,-10.15079116821289,-1.9880902767181396
18968,10.11047077178955,-7.569315433502197
18969,-9.507015228271484,-1.3628029823303223
18970,3.783773899078369,-3.57547664642334
18971,-8.977412223815918,-2.8153929710388184
18972,-2.364175796508789,12.42331600189209
18973,3.7016513347625732,-2.8904082775115967
18974,5.254712104797363,-1.9933515787124634
18975,-10.44139575958252,7.285721302032471
18976,-10.147287368774414,-8.057448387145996
18977,-0.183292955160141,-1.9869985580444336
18978,-1.6692578792572021,-4.22006368637085
18979,-1.4358434677124023,10.67210865020752
18980,4.317733287811279,13.590600967407227
18981,7.586976528167725,4.6485466957092285
18982,0.27040424942970276,0.0707196518778801
18983,1.1652008295059204,1.0104678869247437
18984,10.433976173400879,-3.3359975814819336
18985,-2.733292579650879,0.8371630907058716
18986,1.0025520324707031,-4.487165927886963
18987,-19.334150314331055,9.906643867492676
18988,8.267311096191406,-7.91255521774292
18989,-0.5123220682144165,-0.19487282633781433
18990,4.663532257080078,1.0445587635040283
18991,9.187479972839355,-7.545431613922119
18992,-10.917628288269043,-4.945987701416016
18993,-3.088144540786743,-8.037538528442383
18994,-15.17039966583252,7.413188934326172
18995,-10.057523727416992,5.271842956542969
18996,-4.471283435821533,5.588199138641357
18997,-2.5377447605133057,10.396245002746582
18998,-7.388691425323486,1.5383503437042236
18999,0.9119744300842285,-2.0109949111938477
19000,-6.779532432556152,-7.594868183135986
19001,-34.9215202331543,5.283536434173584
19002,-1.3525054454803467,13.121066093444824
19003,0.2823956310749054,14.876544952392578
19004,-0.06796130537986755,0.8480718731880188
19005,6.129266262054443,-3.29390811920166
19006,0.9351789951324463,-2.7307870388031006
19007,-18.180818557739258,-0.9761117100715637
19008,-22.20810890197754,7.004456043243408
19009,-0.8052862882614136,1.8115735054016113
19010,5.202266693115234,-0.4397187829017639
19011,-2.9885623455047607,9.320089340209961
19012,-2.2803544998168945,-5.950183391571045
19013,-2.487046241760254,-7.289482116699219
19014,-1.4802234172821045,-0.8253234624862671
19015,0.9398480653762817,-2.3786914348602295
19016,-4.738075256347656,-5.926932334899902
19017,-10.89698600769043,1.48050856590271
19018,-4.800947189331055,-5.706661701202393
19019,-6.021409034729004,5.334618091583252
19020,7.496151924133301,-2.8906404972076416
19021,-38.54629898071289,10.464248657226562
19022,-1.7580821514129639,8.167428016662598
19023,7.756886959075928,6.39907693862915
19024,1.1368584632873535,0.030715160071849823
19025,4.2135796546936035,-4.20290470123291
19026,-10.5557861328125,-3.4343924522399902
19027,-2.282017946243286,-6.99426794052124
19028,0.5053281784057617,-2.557518482208252
19029,-1.5223809480667114,0.8546276092529297
19030,-1.951660394668579,-4.814232349395752
19031,5.604554653167725,11.371697425842285
19032,-4.088542938232422,1.3840205669403076
19033,-3.1748223304748535,9.952298164367676
19034,3.3021724224090576,0.41690725088119507
19035,-9.653865814208984,6.145731449127197
19036,-5.378331661224365,-5.613119602203369
19037,4.495180606842041,-4.860723972320557
19038,-12.732132911682129,-9.68549919128418
19039,1.200003743171692,0.8176206946372986
19040,1.5642211437225342,3.242037534713745
19041,-17.319053649902344,8.805241584777832
19042,-6.6750617027282715,5.673096179962158
19043,-11.097819328308105,-5.337109565734863
19044,16.326780319213867,-4.31820011138916
19045,-3.623286008834839,3.2016828060150146
19046,-6.547454357147217,-1.2898107767105103
19047,1.4883816242218018,1.4096345901489258
19048,5.255568027496338,1.7223119735717773
19049,-1.699981451034546,3.64357852935791
19050,1.068999171257019,0.35728228092193604
19051,-17.21567153930664,9.311638832092285
19052,-2.2405753135681152,7.374912738800049
19053,6.0018157958984375,-1.2801024913787842
19054,-2.519453763961792,0.04504524916410446
19055,-1.2551060914993286,9.761345863342285
19056,1.140381097793579,1.2249197959899902
19057,-0.950025200843811,5.509069919586182
19058,1.7256073951721191,4.4959797859191895
19059,-2.144286632537842,-4.933107852935791
19060,9.236089706420898,2.627642869949341
19061,0.9830687046051025,-3.3623244762420654
19062,2.522961378097534,-1.445725917816162
19063,-26.0826416015625,10.294392585754395
19064,3.836676836013794,-5.135615825653076
19065,6.636630058288574,2.0558695793151855
19066,-2.526876449584961,9.094971656799316
19067,-4.135435104370117,-5.367332935333252
19068,-21.95785903930664,10.438436508178711
19069,-1.4545811414718628,-2.905677080154419
19070,-9.427900314331055,-2.3026907444000244
19071,10.495043754577637,4.169968605041504
19072,8.779266357421875,6.645875453948975
19073,7.613296985626221,0.5361725091934204
19074,-26.5903377532959,1.2503719329833984
19075,10.998743057250977,6.436190605163574
19076,0.9983402490615845,-1.0864861011505127
19077,0.45289161801338196,-1.157123327255249
19078,7.6654181480407715,4.0407209396362305
19079,4.527843952178955,-3.650193452835083
19080,1.5159765481948853,1.5617775917053223
19081,2.4751524925231934,9.526529312133789
19082,4.727951526641846,1.2502920627593994
19083,-7.531026363372803,7.937673091888428
19084,2.3140902519226074,-1.5282173156738281
19085,-9.72268295288086,-7.701263904571533
19086,3.4040720462799072,-1.84886634349823
19087,0.7197849750518799,1.1270005702972412
19088,-26.8482608795166,5.366857051849365
19089,5.2916388511657715,-7.703649997711182
19090,1.4216138124465942,-2.1134941577911377
19091,-11.07054328918457,-11.14240550994873
19092,-12.797479629516602,-7.085439205169678
19093,1.3516919612884521,-0.047234006226062775
19094,-1.3785064220428467,-6.5185866355896
19095,-10.625000953674316,-9.907061576843262
19096,-1.8085345029830933,10.353347778320312
19097,0.48436489701271057,-1.1801583766937256
19098,5.963459014892578,12.156254768371582
19099,-1.9160687923431396,4.428438186645508
19100,-26.021682739257812,5.170422077178955
19101,1.8781604766845703,-2.0407021045684814
19102,1.3556677103042603,1.0074234008789062
19103,0.15227991342544556,-3.223119020462036
19104,4.025680065155029,-2.5436017513275146
19105,5.0593743324279785,5.309122085571289
19106,-12.290417671203613,-8.708197593688965
19107,-2.4408159255981445,5.865599155426025
19108,-0.49564167857170105,2.1638383865356445
19109,-6.852683067321777,-1.397051215171814
19110,5.202171802520752,0.9240741729736328
19111,5.3399271965026855,9.938870429992676
19112,3.4783341884613037,3.624796152114868
19113,-3.9970035552978516,-5.216039180755615
19114,-0.27880868315696716,12.0075044631958
19115,-0.9403730630874634,-4.203826427459717
19116,-1.3254623413085938,13.334295272827148
19117,3.668308973312378,-5.3176069259643555
19118,-1.8197154998779297,-5.705996990203857
19119,-6.2331719398498535,12.24338436126709
19120,-2.0472476482391357,3.778181791305542
19121,-16.506750106811523,-5.551563739776611
19122,7.240279674530029,11.425894737243652
19123,-19.575429916381836,-0.26952022314071655
19124,-14.938482284545898,1.5948243141174316
19125,-2.148064374923706,3.863373279571533
19126,-12.04548454284668,-5.802268028259277
19127,-0.7112941741943359,-2.9480860233306885
19128,-0.7861306667327881,2.570627212524414
19129,-22.75511360168457,10.183180809020996
19130,-11.386646270751953,7.466498374938965
19131,-1.6053696870803833,9.185628890991211
19132,-2.9549930095672607,9.359697341918945
19133,6.34969425201416,3.247375249862671
19134,-1.5980846881866455,12.811280250549316
19135,0.09252652525901794,-2.0698540210723877
19136,5.121694087982178,-0.5357925891876221
19137,-3.0092599391937256,-7.709700107574463
19138,-2.2296230792999268,-5.69397497177124
19139,-2.1087143421173096,-6.331715106964111
19140,-7.0864644050598145,-8.764569282531738
19141,0.8345760107040405,-1.5126619338989258
19142,-4.678947925567627,-10.208253860473633
19143,-1.480539083480835,8.331917762756348
19144,0.9676153659820557,1.269242525100708
19145,6.08939790725708,-6.186915397644043
19146,5.140318870544434,-2.745701313018799
19147,-8.91584300994873,-2.552490472793579
19148,-0.8997493982315063,0.35192057490348816
19149,4.673892498016357,0.10207857936620712
19150,2.007805109024048,-1.9265080690383911
19151,-2.3266026973724365,6.739128589630127
19152,1.012215256690979,-1.8467907905578613
19153,1.996852159500122,-0.3076067566871643
19154,-1.225854516029358,10.638287544250488
19155,-6.278298377990723,2.2612035274505615
19156,0.3840283453464508,-1.3704018592834473
19157,10.002918243408203,6.57911491394043
19158,-0.18352290987968445,0.8067505955696106
19159,-2.442791700363159,3.475363254547119
19160,0.9466087818145752,13.61952018737793
19161,-1.223501443862915,2.0929324626922607
19162,8.051015853881836,-1.2565900087356567
19163,9.275140762329102,0.1200256273150444
19164,5.748981952667236,6.157111167907715
19165,8.8651123046875,4.028914451599121
19166,1.6126527786254883,-1.507230281829834
19167,0.058460503816604614,4.079569339752197
19168,-5.421339988708496,-1.9099594354629517
19169,2.6382932662963867,-2.5176637172698975
19170,-0.9564520120620728,-1.7872703075408936
19171,1.4607291221618652,-5.625845432281494
19172,6.181600093841553,1.573946237564087
19173,5.617039203643799,-0.21743950247764587
19174,1.1395719051361084,3.8922972679138184
19175,-1.5185351371765137,9.13847827911377
19176,-5.475927829742432,5.848418235778809
19177,-11.074041366577148,-5.454874515533447
19178,-2.7805514335632324,1.722205400466919
19179,4.938375473022461,-6.1355881690979
19180,0.3527677357196808,-1.8572452068328857
19181,3.7365636825561523,12.708199501037598
19182,-1.2179456949234009,8.447067260742188
19183,1.6848162412643433,2.732562303543091
19184,0.6154991388320923,-1.8588123321533203
19185,-9.23752212524414,0.9593413472175598
19186,-0.15625396370887756,-2.8821463584899902
19187,0.48035499453544617,-1.588045358657837
19188,-3.203979015350342,9.859683990478516
19189,1.8828518390655518,-2.6189162731170654
19190,-14.795379638671875,-7.24758768081665
19191,-10.765756607055664,-7.876035213470459
19192,6.161642074584961,1.7612473964691162
19193,-3.8791873455047607,4.183722019195557
19194,-14.993919372558594,-5.6695051193237305
19195,-24.873502731323242,10.40194320678711
19196,-2.9418160915374756,-8.413252830505371
19197,-18.588727951049805,8.996594429016113
19198,1.2852680683135986,-1.8004074096679688
19199,-2.2030506134033203,10.601053237915039
19200,5.959856986999512,-4.439270496368408
19201,-2.145012140274048,0.38494592905044556
19202,-27.91119956970215,6.301143646240234
19203,-0.10565182566642761,0.7785048484802246
19204,-11.141925811767578,0.5177261829376221
19205,1.4109101295471191,-1.2422267198562622
19206,-11.134025573730469,-2.5736162662506104
19207,15.955339431762695,-3.8755557537078857
19208,2.987819194793701,1.8854843378067017
19209,5.64069128036499,-2.7825748920440674
19210,-22.47013282775879,2.441235303878784
19211,9.772658348083496,4.946971893310547
19212,-2.835261106491089,7.320056438446045
19213,0.988624095916748,-5.534285068511963
19214,4.30763578414917,-1.7880146503448486
19215,-17.39710807800293,8.779214859008789
19216,-1.8996334075927734,10.371185302734375
19217,-0.5938658714294434,15.45427417755127
19218,2.902466297149658,3.4537665843963623
19219,-12.687955856323242,-10.595735549926758
19220,-10.171051025390625,-9.778412818908691
19221,-1.2105848789215088,6.599619388580322
19222,-22.165666580200195,-0.42632192373275757
19223,-13.772886276245117,-6.62131404876709
19224,-7.400526523590088,-0.6002825498580933
19225,4.777690410614014,1.0758723020553589
19226,-1.086321234703064,-5.819258213043213
19227,-10.277814865112305,-8.67321491241455
19228,-3.8601152896881104,12.21080493927002
19229,8.857843399047852,-0.10697362571954727
19230,4.440742492675781,15.017634391784668
19231,1.0129036903381348,1.0184111595153809
19232,-2.876438856124878,0.08866547793149948
19233,-4.896707057952881,-5.927073955535889
19234,-5.826789379119873,-2.150031089782715
19235,1.6968557834625244,16.711088180541992
19236,6.793440818786621,12.427577018737793
19237,-2.2455923557281494,-7.097629070281982
19238,-5.233627796173096,4.1636271476745605
19239,3.3708982467651367,-4.580883026123047
19240,-1.807145357131958,-0.6329994797706604
19241,7.076761722564697,6.318680286407471
19242,-17.30133628845215,-0.7985670566558838
19243,-1.3177579641342163,10.637835502624512
19244,4.639890193939209,0.2938724160194397
19245,2.1750094890594482,-1.8297010660171509
19246,-0.46324822306632996,5.829813480377197
19247,8.784719467163086,5.746240139007568
19248,-8.004600524902344,-4.159492492675781
19249,0.454507976770401,-0.6342102885246277
19250,3.069153308868408,3.923466920852661
19251,5.702282905578613,11.562642097473145
19252,0.41130903363227844,-1.1261221170425415
19253,-12.372783660888672,-3.622354507446289
19254,-0.4547254741191864,3.3980112075805664
19255,0.9034355878829956,9.076651573181152
19256,-5.299957752227783,6.278624057769775
19257,-0.9001556634902954,10.0441312789917
19258,1.4230490922927856,0.9899359345436096
19259,-1.4327003955841064,-3.725409984588623
19260,-18.065950393676758,-0.7544084191322327
19261,-1.3396458625793457,7.071563243865967
19262,0.3427841365337372,-2.171471118927002
19263,1.2726563215255737,-0.17187052965164185
19264,-12.788325309753418,1.3456610441207886
19265,-2.3681089878082275,-5.742772579193115
19266,-0.4796694219112396,1.7893080711364746
19267,1.9793155193328857,4.030731201171875
19268,-9.63944149017334,2.379197597503662
19269,-10.721273422241211,6.169332504272461
19270,0.7735949754714966,-1.267510175704956
19271,-7.052830219268799,-10.668648719787598
19272,-1.5721936225891113,-4.873184680938721
19273,-7.472198009490967,8.898406982421875
19274,1.0814893245697021,1.2401095628738403
19275,4.032719135284424,16.1013126373291
19276,-9.056971549987793,-4.366798400878906
19277,0.23985722661018372,-0.8634266257286072
19278,-3.168532133102417,2.3575570583343506
19279,3.130920171737671,3.768521308898926
19280,-3.138275384902954,9.318934440612793
19281,5.592923641204834,2.3346974849700928
19282,-4.271573543548584,3.468841552734375
19283,-15.440146446228027,7.359838008880615
19284,-6.495019435882568,-5.5188469886779785
19285,4.140148162841797,-1.1397782564163208
19286,0.005847349762916565,-1.763613224029541
19287,-7.368344783782959,-9.640716552734375
19288,-1.6569379568099976,-7.454514980316162
19289,12.000009536743164,-4.99184513092041
19290,0.548432469367981,-2.5674326419830322
19291,-0.8377425670623779,7.389756679534912
19292,5.193175792694092,-4.160830497741699
19293,-3.4277241230010986,-7.560697078704834
19294,-15.691060066223145,5.437258720397949
19295,2.5329062938690186,-5.221583843231201
19296,3.194326877593994,-2.9010894298553467
19297,8.972190856933594,-5.573636531829834
19298,-0.2225165069103241,5.807061672210693
19299,7.170251846313477,-8.512744903564453
19300,-31.287002563476562,3.5479354858398438
19301,-17.53270149230957,10.531403541564941
19302,-4.538601398468018,-3.6927871704101562
19303,0.7242987155914307,-2.13893723487854
19304,-0.9088869094848633,8.999944686889648
19305,0.7274969816207886,-1.7886452674865723
19306,3.964888334274292,-3.0268309116363525
19307,-21.060768127441406,-0.8996164202690125
19308,6.855135440826416,6.615900039672852
19309,-9.644285202026367,-2.6520450115203857
19310,7.014707088470459,0.9823659062385559
19311,7.1849446296691895,6.430586814880371
19312,-1.0431972742080688,0.5146961212158203
19313,3.314124345779419,10.097234725952148
19314,-3.0317788124084473,9.776244163513184
19315,7.198117733001709,-1.8099538087844849
19316,1.9685947895050049,13.167386054992676
19317,-1.1809768676757812,10.46152114868164
19318,-7.895542621612549,-9.006622314453125
19319,1.6372556686401367,2.153165340423584
19320,-0.8286080360412598,0.7821534872055054
19321,-2.295433759689331,11.602765083312988
19322,-1.4929914474487305,8.160079002380371
19323,0.049184948205947876,-0.515819787979126
19324,2.5717008113861084,-2.5835158824920654
19325,-1.4129372835159302,-4.893061637878418
19326,-3.299553632736206,11.276469230651855
19327,-9.752384185791016,-4.636555194854736
19328,-1.1146085262298584,8.488299369812012
19329,-2.2737677097320557,-6.489260673522949
19330,-32.67708969116211,5.082332134246826
19331,-4.821560382843018,4.432772159576416
19332,2.588358163833618,-4.677889823913574
19333,-1.7440876960754395,6.664727687835693
19334,-1.3299202919006348,-3.585108995437622
19335,-0.348783403635025,-3.2684648036956787
19336,0.2085959017276764,1.4591478109359741
19337,-2.178607702255249,-5.658280849456787
19338,8.394575119018555,-7.181421279907227
19339,2.8892791271209717,-5.043859958648682
19340,4.721104145050049,5.911844730377197
19341,-7.408998966217041,-8.25244426727295
19342,7.850088596343994,4.950313568115234
19343,-11.46454906463623,-3.85206937789917
19344,-19.4647274017334,6.898822784423828
19345,5.5915608406066895,-5.914753437042236
19346,4.433233261108398,5.426298141479492
19347,-25.109731674194336,2.3690829277038574
19348,13.928699493408203,-5.004881858825684
19349,8.83693790435791,6.010531902313232
19350,-25.850418090820312,11.525383949279785
19351,0.03088739514350891,3.1588594913482666
19352,-10.879304885864258,0.19696149230003357
19353,-1.4238498210906982,13.515402793884277
19354,-19.329954147338867,6.842864513397217
19355,0.5637264251708984,-2.4396567344665527
19356,6.99194860458374,-6.676151275634766
19357,1.248517394065857,-0.26460760831832886
19358,2.394214630126953,-1.597238302230835
19359,0.6403471231460571,-1.166771650314331
19360,5.2389817237854,-6.0022292137146
19361,0.73236083984375,-0.8173272609710693
19362,0.40520039200782776,2.2620155811309814
19363,4.971896648406982,5.670623302459717
19364,0.009285062551498413,0.44451016187667847
19365,-1.9184489250183105,3.1438558101654053
19366,-10.742408752441406,-8.051918983459473
19367,5.234862804412842,2.253612995147705
19368,-10.48777961730957,2.6037957668304443
19369,1.1736212968826294,1.1348477602005005
19370,-20.96216583251953,-0.8811323046684265
19371,-10.009794235229492,-5.090207099914551
19372,4.3785200119018555,5.349104404449463
19373,-1.2672529220581055,8.438645362854004
19374,3.6771161556243896,2.270984411239624
19375,-1.3554906845092773,2.9321560859680176
19376,-1.1727931499481201,2.454118013381958
19377,7.543152809143066,-2.939039945602417
19378,-12.56666374206543,6.216567516326904
19379,2.6439297199249268,-4.607172012329102
19380,0.23005130887031555,1.1652884483337402
19381,2.135265350341797,-1.5759601593017578
19382,4.426990032196045,-1.8405451774597168
19383,-1.478845477104187,0.913003146648407
19384,-5.542170524597168,-11.066027641296387
19385,-9.454301834106445,-2.8752098083496094
19386,-2.51456356048584,-7.524557113647461
19387,-0.10431322455406189,1.8448479175567627
19388,-3.8047571182250977,-9.285261154174805
19389,0.5924491882324219,-1.747454047203064
19390,-2.464994430541992,7.435824394226074
19391,-0.11090780794620514,-1.0124857425689697
19392,-0.6636946201324463,0.6193189024925232
19393,-28.83738136291504,7.583616733551025
19394,-1.5272552967071533,-2.8418209552764893
19395,-0.6014060974121094,10.843167304992676
19396,1.1524629592895508,-1.7429511547088623
19397,11.237178802490234,7.150525093078613
19398,-2.225219964981079,9.638943672180176
19399,-0.5970515012741089,-1.2591736316680908
19400,0.4665715992450714,-1.9546000957489014
19401,9.583602905273438,-8.08948040008545
19402,-0.6323387622833252,14.147974014282227
19403,-0.3191544711589813,9.68982219696045
19404,2.022348403930664,-2.06394624710083
19405,1.139748454093933,-0.6429360508918762
19406,-9.29982852935791,-3.396198272705078
19407,-2.8221447467803955,-7.3884100914001465
19408,-5.297053813934326,4.667895793914795
19409,0.016493171453475952,-4.943084239959717
19410,-7.311086177825928,13.697762489318848
19411,-18.78059196472168,4.555768966674805
19412,5.347269058227539,-7.637448787689209
19413,-14.052413940429688,4.611852169036865
19414,-2.826853036880493,-3.589245557785034
19415,0.2902360260486603,1.419708251953125
19416,0.39170965552330017,-1.698534369468689
19417,-27.886539459228516,5.504759311676025
19418,-1.1397022008895874,-2.8871841430664062
19419,0.07925000786781311,2.501568078994751
19420,10.49599838256836,-4.940571308135986
19421,0.5644532442092896,2.101729154586792
19422,3.2606284618377686,-0.3519398868083954
19423,0.49718645215034485,-2.06069016456604
19424,1.149375319480896,9.622661590576172
19425,-10.389872550964355,0.193977952003479
19426,0.30042412877082825,3.655832052230835
19427,9.764252662658691,6.210048198699951
19428,-6.536612510681152,7.507482051849365
19429,-2.9526898860931396,-7.8795061111450195
19430,-3.446986675262451,3.3589298725128174
19431,-5.836097240447998,-11.480217933654785
19432,-29.792980194091797,8.778943061828613
19433,5.7500319480896,0.2430897355079651
19434,-1.7144968509674072,-3.2679667472839355
19435,-0.8556344509124756,0.3645077347755432
19436,-2.656276226043701,9.426765441894531
19437,1.2546390295028687,-0.20081666111946106
19438,0.8198651075363159,13.013744354248047
19439,-12.61920166015625,2.3443381786346436
19440,-0.02579483389854431,7.768650054931641
19441,-3.139042615890503,-5.702718257904053
19442,0.8908121585845947,1.2927685976028442
19443,2.4980103969573975,-2.1920430660247803
19444,-1.1664924621582031,7.511831760406494
19445,2.0647776126861572,-2.862459659576416
19446,2.6673147678375244,-1.87985360622406
19447,-0.6536976099014282,6.302554130554199
19448,1.6646034717559814,1.348907709121704
19449,-40.976131439208984,10.021747589111328
19450,4.859928607940674,-3.3882315158843994
19451,4.482240676879883,5.130854606628418
19452,-22.58490562438965,7.87143611907959
19453,-1.5375120639801025,4.357701301574707
19454,-7.349144458770752,-1.2064166069030762
19455,-13.36563491821289,-12.207064628601074
19456,-2.584975004196167,10.733575820922852
19457,7.42335844039917,12.234347343444824
19458,-10.978018760681152,-8.593239784240723
19459,-3.0666439533233643,-8.06699275970459
19460,-10.747573852539062,6.469979763031006
19461,-2.400873899459839,-6.487431526184082
19462,-20.02654266357422,1.0505437850952148
19463,-3.413370132446289,-5.668803691864014
19464,-17.515304565429688,-12.9669189453125
19465,0.14994433522224426,-1.9204199314117432
19466,6.1562933921813965,1.4527349472045898
19467,-21.204450607299805,4.5565690994262695
19468,-2.2704195976257324,-4.766507625579834
19469,-13.717233657836914,-6.705839157104492
19470,8.25243854522705,2.7457756996154785
19471,-1.831721305847168,11.035143852233887
19472,-8.127033233642578,-9.657605171203613
19473,-1.8898279666900635,9.274100303649902
19474,-3.926415205001831,-7.210498809814453
19475,6.847256183624268,1.884080410003662
19476,-10.804767608642578,-3.421469211578369
19477,0.3903716504573822,15.296432495117188
19478,-2.581441640853882,-7.158027172088623
19479,-0.22595831751823425,10.201081275939941
19480,-11.048622131347656,-7.048089027404785
19481,-1.271299123764038,8.164512634277344
19482,1.0300778150558472,-0.4894067943096161
19483,-3.6662893295288086,-8.610613822937012
19484,2.103989362716675,-1.4009063243865967
19485,-2.1865878105163574,-6.426908016204834
19486,-17.301986694335938,0.7948617339134216
19487,-6.110443592071533,-5.899122714996338
19488,-1.822965383529663,4.653227806091309
19489,-2.2456603050231934,-3.6517717838287354
19490,3.321747303009033,-0.9423603415489197
19491,-1.250569462776184,11.722029685974121
19492,4.066220760345459,4.041524410247803
19493,-2.3351449966430664,1.360241174697876
19494,0.6014583110809326,0.2535560429096222
19495,2.0176398754119873,-0.2025216519832611
19496,0.35290059447288513,-1.0671839714050293
19497,1.2726776599884033,12.093168258666992
19498,8.818113327026367,-6.806960582733154
19499,6.71291971206665,0.4099464416503906
19500,1.171766996383667,-0.48385217785835266
19501,-0.707964301109314,5.9485273361206055
19502,-2.326307773590088,-0.7525467276573181
19503,-10.447893142700195,-1.6176517009735107
19504,-14.981820106506348,2.4768903255462646
19505,-9.890766143798828,6.618683338165283
19506,7.272460460662842,0.7082295417785645
19507,-7.675980091094971,-3.46189284324646
19508,6.231302261352539,12.7033109664917
19509,-0.7271616458892822,6.886594295501709
19510,3.2150142192840576,4.98178243637085
19511,-6.995499134063721,1.503321647644043
19512,9.876415252685547,1.4630753993988037
19513,0.0758330225944519,-1.279088020324707
19514,-2.1993072032928467,10.270892143249512
19515,4.845089435577393,5.262443542480469
19516,7.191051959991455,5.809409141540527
19517,-9.977291107177734,-9.942551612854004
19518,-0.4721467196941376,3.182013750076294
19519,-13.751277923583984,3.378565788269043
19520,-0.47808653116226196,0.6845995783805847
19521,6.436018466949463,1.3139756917953491
19522,-10.519876480102539,-10.095136642456055
19523,1.3035554885864258,1.252282738685608
19524,-8.359664916992188,-6.899519443511963
19525,-1.0886598825454712,2.875572681427002
19526,3.134587049484253,3.287783145904541
19527,2.21066951751709,3.8392465114593506
19528,-0.8073056936264038,-1.5812158584594727
19529,3.1334009170532227,-2.297015905380249
19530,-7.079452037811279,14.899797439575195
19531,4.512472629547119,-1.0666431188583374
19532,-9.78493595123291,5.359877586364746
19533,-8.873796463012695,10.420007705688477
19534,-3.1185457706451416,-8.596352577209473
19535,-0.6715006828308105,9.802786827087402
19536,0.7533361911773682,-2.1925511360168457
19537,0.5289707183837891,-1.4720382690429688
19538,8.960222244262695,-2.4910166263580322
19539,-6.762128829956055,-4.234703540802002
19540,-25.692663192749023,2.440370798110962
19541,-6.906715393066406,-4.537562847137451
19542,-2.625178813934326,3.8567686080932617
19543,-12.839900970458984,-5.28134822845459
19544,2.556116819381714,-2.4314112663269043
19545,1.33827805519104,-1.323375940322876
19546,-6.409829616546631,-6.7208943367004395
19547,-14.699755668640137,-8.20767879486084
19548,0.2833205759525299,0.7003357410430908
19549,2.3254916667938232,-2.643385648727417
19550,-2.969606399536133,11.50469970703125
19551,-15.44012451171875,11.876249313354492
19552,6.300528526306152,0.37692975997924805
19553,8.561017990112305,1.8131592273712158
19554,0.6239408254623413,-1.9547367095947266
19555,-3.1413705348968506,-7.208125114440918
19556,0.3404689133167267,1.634622573852539
19557,-1.7183616161346436,-1.0088838338851929
19558,-4.423585414886475,-5.358896255493164
19559,-0.08267298340797424,0.6072925925254822
19560,-4.93154764175415,-0.5420488715171814
19561,3.560295820236206,2.500718832015991
19562,-5.743091106414795,-2.090696334838867
19563,6.016515254974365,2.170475959777832
19564,-2.4448153972625732,2.5320801734924316
19565,-15.241222381591797,-4.624831199645996
19566,-12.349288940429688,0.43530064821243286
19567,-8.186634063720703,-6.287637710571289
19568,-1.5136162042617798,2.2520155906677246
19569,1.6130013465881348,1.7009680271148682
19570,7.221864223480225,-1.401259183883667
19571,6.604958534240723,-5.136630535125732
19572,2.9483048915863037,12.888725280761719
19573,9.582902908325195,3.827176809310913
19574,0.39665988087654114,1.0818063020706177
19575,-19.57796287536621,-1.1349501609802246
19576,-1.4731497764587402,10.330313682556152
19577,-7.6462812423706055,10.246590614318848
19578,-6.997476100921631,7.4768452644348145
19579,-0.7780365943908691,8.535821914672852
19580,-2.374154567718506,-7.092808246612549
19581,7.423024654388428,-4.547964096069336
19582,2.6240100860595703,3.19482684135437
19583,5.8637614250183105,1.7953758239746094
19584,-1.938701868057251,2.9821267127990723
19585,6.558552265167236,-7.143449306488037
19586,0.34371986985206604,13.705395698547363
19587,-3.9071803092956543,12.445446968078613
19588,-1.2444345951080322,-0.6077564358711243
19589,-1.1984277963638306,3.1919236183166504
19590,-8.997426986694336,-3.2100918292999268
19591,-0.6545488834381104,3.225478410720825
19592,-2.508652925491333,8.293877601623535
19593,-15.277703285217285,-4.796834945678711
19594,7.609377384185791,-2.231907844543457
19595,-13.160019874572754,-11.164003372192383
19596,9.889293670654297,3.6047818660736084
19597,-3.771632432937622,-8.50932788848877
19598,6.179572582244873,0.6579993367195129
19599,-1.2547712326049805,5.235010147094727
19600,0.5724008083343506,-1.4538779258728027
19601,-1.3608531951904297,9.617619514465332
19602,-1.962796688079834,3.8807685375213623
19603,-3.650019884109497,-7.84993839263916
19604,-31.783315658569336,3.5118415355682373
19605,-7.906257152557373,-5.177069187164307
19606,-3.835263967514038,-7.5429487228393555
19607,-0.9604911804199219,5.362370014190674
19608,-1.5450419187545776,10.139021873474121
19609,-13.77756118774414,-4.332476615905762
19610,9.463983535766602,-5.918879985809326
19611,4.029763698577881,4.725621700286865
19612,-7.275987148284912,-1.0593332052230835
19613,-3.5835554599761963,2.961167812347412
19614,-0.9234975576400757,2.714132070541382
19615,-1.5844409465789795,8.380319595336914
19616,-3.8615810871124268,-6.400680065155029
19617,3.533000946044922,2.1515352725982666
19618,-3.238013744354248,-8.864752769470215
19619,0.637503981590271,-2.004359006881714
19620,-4.6320881843566895,-3.761765718460083
19621,-2.8002517223358154,-7.825693607330322
19622,-19.443872451782227,-0.1790826916694641
19623,-2.0482146739959717,10.490839958190918
19624,-1.0312082767486572,-3.2036240100860596
19625,-2.348001718521118,-0.9165531396865845
19626,-10.683845520019531,3.3188908100128174
19627,-7.732415676116943,-3.357417583465576
19628,0.7625967264175415,-4.288243293762207
19629,-1.541944980621338,10.472061157226562
19630,1.1546128988265991,-2.131751298904419
19631,0.0030597150325775146,-2.067288875579834
19632,-4.7002482414245605,-6.228270053863525
19633,-3.9299001693725586,2.7545831203460693
19634,-7.666922092437744,-2.0827460289001465
19635,0.3960059583187103,-1.1814675331115723
19636,-17.28248405456543,-9.587410926818848
19637,1.3524715900421143,-2.598219394683838
19638,-1.9212372303009033,9.0805082321167
19639,-0.7152620553970337,-2.1390395164489746
19640,6.000829219818115,1.5461390018463135
19641,-1.7793798446655273,11.761868476867676
19642,-0.20094195008277893,0.41004106402397156
19643,-1.4812219142913818,9.24141788482666
19644,-12.595738410949707,-0.49041885137557983
19645,-2.3600873947143555,-5.1741132736206055
19646,3.4441721439361572,15.088780403137207
19647,5.204618453979492,5.8087849617004395
19648,-21.44145393371582,9.918395042419434
19649,-0.45575520396232605,13.0382719039917
19650,-3.086049795150757,-9.649497032165527
19651,1.6953198909759521,-2.202338457107544
19652,-1.7885253429412842,-4.587657451629639
19653,-1.446244239807129,9.922234535217285
19654,-15.180377960205078,9.239106178283691
19655,-5.857126712799072,-4.943800449371338
19656,-6.378674030303955,0.4880935549736023
19657,0.8237764835357666,-0.5622358322143555
19658,-1.1789913177490234,2.3815882205963135
19659,-10.175453186035156,6.578088283538818
19660,-1.651098370552063,7.059732913970947
19661,1.8142644166946411,-1.8047269582748413
19662,-2.0030314922332764,-4.652128219604492
19663,-3.1841158866882324,-7.662604808807373
19664,3.100515127182007,-2.5881032943725586
19665,6.766603946685791,3.841764450073242
19666,-12.655701637268066,4.25955867767334
19667,-2.6303279399871826,8.740035057067871
19668,3.746924638748169,-2.9341342449188232
19669,-21.578134536743164,10.661581993103027
19670,-18.873674392700195,-10.419576644897461
19671,2.3177287578582764,-0.7965150475502014
19672,-32.477840423583984,9.010798454284668
19673,9.404619216918945,4.406541347503662
19674,-4.440732002258301,-3.675368547439575
19675,3.2094879150390625,3.9551212787628174
19676,0.5306923389434814,-1.6726994514465332
19677,0.2626657783985138,-1.7768126726150513
19678,-1.5800130367279053,10.629903793334961
19679,2.721947431564331,-1.226287603378296
19680,7.458673000335693,4.596475124359131
19681,-2.402226209640503,9.845039367675781
19682,5.161389350891113,0.21332362294197083
19683,5.438831806182861,4.505973815917969
19684,-8.255683898925781,-7.839143753051758
19685,2.8601183891296387,-1.7696374654769897
19686,1.8438940048217773,-1.479937195777893
19687,-20.8939151763916,12.24007511138916
19688,0.8932845592498779,3.0407047271728516
19689,1.344994068145752,1.6346251964569092
19690,-0.6595568656921387,4.689010143280029
19691,0.12292203307151794,-2.0184593200683594
19692,0.16329744458198547,1.566012978553772
19693,-14.212398529052734,-10.358786582946777
19694,5.671263217926025,-5.153120994567871
19695,2.5495123863220215,-2.268195390701294
19696,-1.5089213848114014,13.073287010192871
19697,-1.5315525531768799,7.7123703956604
19698,2.5001723766326904,13.32766056060791
19699,-3.6728291511535645,-4.698835849761963
19700,3.1901540756225586,-0.4934837222099304
19701,-1.2432703971862793,2.3454933166503906
19702,-2.4648044109344482,8.997349739074707
19703,-2.280780076980591,-7.282613754272461
19704,0.4269240200519562,-2.09382963180542
19705,0.7071614265441895,2.388186454772949
19706,12.296123504638672,-4.938150882720947
19707,4.290103912353516,5.788219928741455
19708,1.3994133472442627,-3.3696129322052
19709,-9.741087913513184,-0.7382544875144958
19710,4.12807035446167,-3.4293339252471924
19711,3.7763798236846924,-1.3743799924850464
19712,-0.25544899702072144,-0.7500657439231873
19713,-6.08508825302124,8.632489204406738
19714,6.537721157073975,-1.2136372327804565
19715,4.402204990386963,-4.133946418762207
19716,-12.734146118164062,8.279244422912598
19717,2.376810073852539,0.7546854615211487
19718,8.599331855773926,-6.564981460571289
19719,-11.9484224319458,-3.7161972522735596
19720,8.316866874694824,5.810079097747803
19721,-1.9632097482681274,-5.657458782196045
19722,0.31144648790359497,-1.4901453256607056
19723,-13.963502883911133,-0.19373470544815063
19724,6.3260016441345215,5.525249481201172
19725,7.871852397918701,-1.0478925704956055
19726,-14.555335998535156,-6.4695515632629395
19727,4.672130584716797,-4.743958950042725
19728,-15.261870384216309,6.784440040588379
19729,-0.27871522307395935,6.11625337600708
19730,2.056800365447998,1.9309804439544678
19731,0.593996524810791,-0.19235575199127197
19732,1.5550049543380737,12.146775245666504
19733,-2.18819260597229,12.272571563720703
19734,-22.57084846496582,9.650934219360352
19735,-16.20799446105957,-3.8754947185516357
19736,-0.8834354877471924,-4.055530071258545
19737,4.213199615478516,1.5542916059494019
19738,4.325623512268066,-6.565452575683594
19739,0.26045143604278564,-0.5529171824455261
19740,-1.221208095550537,8.489981651306152
19741,-36.576595306396484,7.581443786621094
19742,2.3576228618621826,-0.8954820036888123
19743,-1.469588279724121,13.95494556427002
19744,2.2976696491241455,14.538944244384766
19745,-0.2685476243495941,-2.376253128051758
19746,-5.1310882568359375,-9.027117729187012
19747,-0.1712093949317932,-1.718435525894165
19748,5.821675777435303,3.0992884635925293
19749,0.09684786200523376,-0.6851619482040405
19750,-30.22823143005371,8.27512264251709
19751,6.4857401847839355,0.5576968789100647
19752,-18.089563369750977,-12.792675971984863
19753,8.80333137512207,-7.595184803009033
19754,-15.101405143737793,7.282354831695557
19755,-7.652533054351807,-5.233551025390625
19756,2.315993547439575,4.214453220367432
19757,7.1119065284729,-2.842771053314209
19758,-1.9066883325576782,-2.1255340576171875
19759,1.4304041862487793,1.0080534219741821
19760,-0.1311471313238144,-1.7722728252410889
19761,-10.637202262878418,-7.613708019256592
19762,2.123220205307007,-4.449065685272217
19763,1.7005637884140015,4.336477756500244
19764,3.517627716064453,14.780838966369629
19765,-0.743550181388855,2.5641136169433594
19766,0.4410702884197235,0.4797206521034241
19767,-2.3270256519317627,-7.431140422821045
19768,0.5751314163208008,-0.7047839760780334
19769,-6.405642986297607,7.015758037567139
19770,3.3641586303710938,4.332569599151611
19771,-1.75173819065094,9.063944816589355
19772,-1.1546030044555664,0.9529696106910706
19773,-12.086495399475098,-8.658239364624023
19774,-3.0363967418670654,-8.961613655090332
19775,-2.614685297012329,-5.739390850067139
19776,1.3120490312576294,13.562239646911621
19777,-1.2266935110092163,-3.6009509563446045
19778,-1.265150785446167,12.636370658874512
19779,0.5378369092941284,-1.862439751625061
19780,0.49354198575019836,-2.1262240409851074
19781,6.592108249664307,-6.003623008728027
19782,0.6013771295547485,0.12104260176420212
19783,1.756230354309082,-1.1597216129302979
19784,1.3273367881774902,-0.7071035504341125
19785,0.46503689885139465,-1.024954080581665
19786,7.668351650238037,7.299228668212891
19787,-1.3227455615997314,6.167669773101807
19788,-1.6424673795700073,9.691540718078613
19789,-11.880970001220703,-4.317997932434082
19790,4.463834285736084,-0.1184440329670906
19791,3.8563406467437744,0.16448557376861572
19792,-1.8891956806182861,9.515933990478516
19793,1.856415033340454,1.117870569229126
19794,-13.05089282989502,-10.619708061218262
19795,-3.7928946018218994,3.083481550216675
19796,-0.27832719683647156,-4.456526279449463
19797,8.577892303466797,2.3354554176330566
19798,-2.72210955619812,3.0444869995117188
19799,-11.21721076965332,-5.313950061798096
19800,0.22064131498336792,-1.3890125751495361
19801,-0.9049549102783203,6.933775424957275
19802,0.780877947807312,-5.36753511428833
19803,-15.460779190063477,-6.263718128204346
19804,7.356400012969971,1.5332380533218384
19805,-2.095442533493042,-6.1774725914001465
19806,-2.3238279819488525,10.933646202087402
19807,1.2141377925872803,-0.19734513759613037
19808,-0.6614077091217041,-5.485219955444336
19809,1.305081844329834,-6.283719539642334
19810,-9.504928588867188,-3.8707621097564697
19811,-3.7391207218170166,3.036038637161255
19812,3.775705575942993,-1.2240147590637207
19813,2.017423391342163,1.898874044418335
19814,-9.553255081176758,-7.646621227264404
19815,-2.89424204826355,-7.279097080230713
19816,-1.0782102346420288,8.80325698852539
19817,-0.2302609384059906,1.4646787643432617
19818,7.516488075256348,5.805408954620361
19819,9.015917778015137,-3.788224458694458
19820,-6.7962775230407715,-2.1633083820343018
19821,0.26639559864997864,1.719814658164978
19822,-1.1031908988952637,0.8862412571907043
19823,4.407346248626709,2.2028186321258545
19824,-8.875446319580078,-3.3179101943969727
19825,-13.629461288452148,7.440212726593018
19826,-1.7329801321029663,-2.2631638050079346
19827,2.1416866779327393,-0.8316403031349182
19828,-0.0940188467502594,0.6493167281150818
19829,-0.09237608313560486,8.626554489135742
19830,-0.009926646947860718,10.804266929626465
19831,7.928828716278076,-7.588850975036621
19832,-15.955230712890625,-7.249395370483398
19833,-8.602121353149414,2.865677833557129
19834,-14.961160659790039,0.4113934636116028
19835,2.3245925903320312,-1.9146113395690918
19836,0.3855941593647003,-1.3476650714874268
19837,4.64961576461792,13.424999237060547
19838,6.170079708099365,4.425811290740967
19839,-13.207878112792969,-4.869576454162598
19840,6.210296154022217,-0.16611266136169434
19841,-0.6979492902755737,-3.619182825088501
19842,-1.7053488492965698,4.007552623748779
19843,-12.506488800048828,-4.6520514488220215
19844,-2.368039608001709,11.255369186401367
19845,-6.226815700531006,-2.3551158905029297
19846,4.542978763580322,0.06828596442937851
19847,2.0378339290618896,-2.6025569438934326
19848,1.346136212348938,0.9838960766792297
19849,-4.755577564239502,-0.817403256893158
19850,-10.832033157348633,-4.002866744995117
19851,-35.99126052856445,7.56518030166626
19852,-7.663304805755615,-6.490808963775635
19853,-11.36965560913086,-11.01978588104248
19854,-10.137617111206055,1.1914799213409424
19855,1.1006529331207275,-2.34938383102417
19856,-16.902616500854492,-4.145657062530518
19857,-10.343414306640625,-6.974429130554199
19858,6.369668960571289,-6.735763072967529
19859,-0.4121934473514557,0.8080983757972717
19860,0.8971612453460693,-3.0710179805755615
19861,6.041965961456299,-5.870992660522461
19862,3.508978843688965,3.9646332263946533
19863,-7.797817707061768,-3.3829967975616455
19864,0.8115463256835938,2.4011707305908203
19865,-2.172171115875244,-7.660256862640381
19866,5.893787860870361,-5.2841925621032715
19867,0.023625999689102173,-1.1687284708023071
19868,-7.6240057945251465,1.4033164978027344
19869,6.707955360412598,-0.7306101322174072
19870,-10.13278579711914,-5.764894962310791
19871,1.0569243431091309,-1.6121132373809814
19872,0.26676157116889954,-2.264159679412842
19873,7.03503942489624,-4.766533374786377
19874,6.407768726348877,5.88722562789917
19875,1.0211316347122192,15.495285987854004
19876,0.32041051983833313,-1.525752067565918
19877,-1.2380249500274658,2.2355446815490723
19878,-8.794074058532715,-5.2200398445129395
19879,-2.8144848346710205,7.389678001403809
19880,-3.1013166904449463,1.523938775062561
19881,-0.060768574476242065,0.7515034079551697
19882,-2.787297248840332,-8.601175308227539
19883,-5.524275302886963,-1.5732454061508179
19884,9.175456047058105,6.559530258178711
19885,-0.7477166652679443,9.584616661071777
19886,-7.017463207244873,8.036730766296387
19887,-15.49749755859375,-4.701178550720215
19888,2.9251515865325928,-0.6128339171409607
19889,-0.6726305484771729,6.340576648712158
19890,-2.4681544303894043,-7.167316913604736
19891,-12.709268569946289,-8.792834281921387
19892,-0.16046042740345,-0.031271837651729584
19893,1.8463795185089111,-3.7449629306793213
19894,-0.83597731590271,4.25971794128418
19895,8.885844230651855,-5.599048137664795
19896,-2.317319631576538,-0.03182674199342728
19897,-1.3078933954238892,-5.085367679595947
19898,-6.451087474822998,7.935871601104736
19899,0.9722435474395752,0.540840744972229
19900,8.58676528930664,-7.335173606872559
19901,-6.667094707489014,-2.9847652912139893
19902,-25.82652473449707,3.946739912033081
19903,-1.7575137615203857,-2.8776872158050537
19904,1.0933971405029297,0.40736448764801025
19905,5.9181599617004395,-0.2229176163673401
19906,-2.9336256980895996,-7.156467914581299
19907,9.911144256591797,1.1458675861358643
19908,2.9902799129486084,-0.17380094528198242
19909,1.2224020957946777,2.6931493282318115
19910,1.1012284755706787,1.336294174194336
19911,-9.274620056152344,-3.1809771060943604
19912,-1.9857330322265625,5.7547712326049805
19913,0.563940167427063,-1.3116295337677002
19914,-2.0013604164123535,-7.778719425201416
19915,0.6862014532089233,-0.567924439907074
19916,7.847348690032959,-5.214670658111572
19917,-0.06715390086174011,7.921524524688721
19918,-3.8216865062713623,2.6229498386383057
19919,-6.882023811340332,5.608265399932861
19920,3.914996385574341,4.048028469085693
19921,-15.516977310180664,4.675835609436035
19922,-2.98417329788208,-7.898270606994629
19923,-3.531337022781372,4.728514194488525
19924,-0.20921191573143005,1.5310842990875244
19925,-9.437397956848145,-4.15391206741333
19926,8.900487899780273,-7.578192234039307
19927,11.436588287353516,-6.981471061706543
19928,6.89968729019165,6.517832279205322
19929,4.746983051300049,0.27444320917129517
19930,-2.0987181663513184,8.406342506408691
19931,-4.152698040008545,-5.640524387359619
19932,7.178853511810303,9.86721134185791
19933,1.3241467475891113,-1.309649109840393
19934,9.902233123779297,7.308681488037109
19935,4.828884601593018,-6.299924373626709
19936,5.956005096435547,-4.3723063468933105
19937,-7.117387294769287,-4.599738597869873
19938,-1.8247096538543701,1.6516077518463135
19939,-8.54879379272461,8.608503341674805
19940,1.3902580738067627,0.1145964190363884
19941,-10.169376373291016,-8.874733924865723
19942,3.8865420818328857,-3.0590460300445557
19943,2.716350793838501,-0.12378782778978348
19944,-1.1002333164215088,0.03047417849302292
19945,-1.1069855690002441,1.7216594219207764
19946,-3.302919864654541,4.613284587860107
19947,3.3648645877838135,-1.499722957611084
19948,0.4140562117099762,0.7564603686332703
19949,-6.154712677001953,5.908508777618408
19950,-0.07371333241462708,0.8713628649711609
19951,6.2307047843933105,-2.7877933979034424
19952,-1.8563618659973145,9.217989921569824
19953,-9.390726089477539,-3.9268715381622314
19954,0.24188163876533508,0.13234859704971313
19955,3.291860818862915,0.7124813795089722
19956,2.7119696140289307,-2.8093836307525635
19957,5.504795074462891,-0.9560022950172424
19958,-4.3217854499816895,-3.716310739517212
19959,7.917221546173096,6.20359992980957
19960,5.298269271850586,1.6059528589248657
19961,-14.906519889831543,6.287643909454346
19962,2.2891104221343994,-3.644735097885132
19963,-1.8748576641082764,-1.786202073097229
19964,-10.851587295532227,-1.7924046516418457
19965,-9.349502563476562,-6.8905744552612305
19966,-0.853937029838562,5.659117221832275
19967,-3.169071912765503,1.7857009172439575
19968,-1.8315815925598145,9.035382270812988
19969,-13.704747200012207,8.241705894470215
19970,-0.4435074031352997,4.626075744628906
19971,-0.1458124816417694,1.1257928609848022
19972,7.264502048492432,-1.9619427919387817
19973,-10.375246047973633,-3.419097423553467
19974,2.524585008621216,5.131487846374512
19975,0.9618581533432007,-3.569225311279297
19976,0.2405606210231781,-2.997030019760132
19977,-4.101245403289795,3.3162600994110107
19978,-2.5951287746429443,-6.646574020385742
19979,-6.389400005340576,-10.490523338317871
19980,3.7374722957611084,3.881610631942749
19981,2.958812952041626,0.5596165657043457
19982,-15.649211883544922,13.347296714782715
19983,2.40643048286438,-0.699288010597229
19984,-0.6883103847503662,-3.1992053985595703
19985,-11.344639778137207,-1.3689963817596436
19986,0.187768816947937,-0.8137406706809998
19987,0.12205711007118225,0.9205178618431091
19988,-3.40803861618042,1.5246551036834717
19989,-5.303529739379883,8.817562103271484
19990,9.857553482055664,5.4708571434021
19991,1.0828149318695068,-0.31763070821762085
19992,-1.9929313659667969,3.55471134185791
19993,-0.2520390450954437,0.311869740486145
19994,0.5244693756103516,-3.1650028228759766
19995,0.5386091470718384,-0.5421302318572998
19996,1.1360288858413696,-1.300902009010315
19997,4.480780124664307,4.72765588760376
19998,1.4733479022979736,12.677428245544434
19999,-0.9782305955886841,9.935606956481934
