dataset,seed,cell_x,cell_y,centroid_index,fitness,home_depth,bulk_depth,median_bulk_depth,centroid_to_home_euclidean,high_blowup_target,high_blowup_touch_count,any_disagreement_target,any_disagreement_touch_count,geodesic_assignment_count,log_geodesic_assignment_count
horseshoe,1001,2,18,68,28.769999999999932,190.45053937859396,190.45053937859402,190.45053937859396,56.60382917746814,False,0,True,1,3,1.3862943611198906
horseshoe,1001,3,17,92,28.564999999999923,190.45053937859396,190.45053937859402,190.45053937859396,52.67355327739196,False,0,True,2,2,1.0986122886681098
horseshoe,1001,4,16,116,27.189999999999948,51.46770566139616,44.81893291187695,45.05141829490119,48.74934409157702,True,2,True,3,3,1.3862943611198906
horseshoe,1001,4,17,117,26.66499999999992,190.45053937859396,190.45053937859402,190.45053937859396,49.21874717262208,False,0,True,1,1,0.6931471805599453
horseshoe,1001,4,18,118,26.46999999999994,190.45053937859396,190.45053937859402,190.45053937859396,49.738132015652006,False,0,True,2,2,1.0986122886681098
horseshoe,1001,5,15,140,23.514999999999905,48.52652797189303,41.954749402727316,42.110240605398076,44.8327947046598,False,0,True,2,2,1.0986122886681098
horseshoe,1001,5,16,141,25.074999999999907,47.86741370810374,41.31288943903721,41.45112634160878,45.28306334197451,False,0,True,1,1,0.6931471805599453
horseshoe,1001,5,17,142,26.849999999999934,48.19939562465796,41.636180729503636,41.783108258163,45.78801534808858,False,0,True,2,4,1.6094379124341003
horseshoe,1001,6,13,163,22.324999999999925,42.93999387361877,37.39883381843227,37.11836386150851,40.560942097510015,False,0,True,1,1,0.6931471805599453
horseshoe,1001,6,14,164,24.43499999999995,43.050412913031025,37.18316937524816,36.634125546536055,40.9261042597489,False,0,True,5,6,1.9459101490553132
horseshoe,1001,6,15,165,25.494999999999926,43.66175921118563,37.366174615746885,37.24547184469067,41.35350257478232,False,0,True,3,3,1.3862943611198906
horseshoe,1001,6,16,166,30.63499999999995,44.237715688435514,37.869235793237024,37.82142832194055,41.84122990311868,False,0,True,7,9,2.302585092994046
horseshoe,1001,6,17,167,29.739999999999952,45.242937560392875,38.83144380548003,38.826650193897905,42.387203772944865,False,0,True,2,2,1.0986122886681098
horseshoe,1001,7,13,188,24.374999999999975,39.051548702507105,33.932448960906754,33.304532492516785,37.032393062128364,True,2,True,7,7,2.0794415416798357
horseshoe,1001,7,14,189,24.67499999999994,39.75164906613054,34.17236275283903,33.33536169963556,37.43199329384223,False,0,True,3,6,1.9459101490553132
horseshoe,1001,7,15,190,24.154999999999916,39.884031118542296,33.92597312522064,33.467743752047326,37.89881643630762,False,0,True,4,9,2.302585092994046
horseshoe,1001,8,12,212,24.29499999999994,35.336497482113984,30.836603705176053,29.58948127212366,33.1562340912622,False,0,True,2,3,1.3862943611198906
horseshoe,1001,8,13,213,24.349999999999973,34.831464183306096,30.33214545462989,29.08444797331577,33.52136133686161,True,1,True,5,9,2.302585092994046
horseshoe,1001,8,14,214,23.699999999999914,36.14204798922641,31.06531867222693,29.725760622731453,33.96229750648088,False,0,True,1,2,1.0986122886681098
horseshoe,1001,8,15,215,21.85999999999994,36.00418974659719,30.75376064211425,29.587902380102225,34.47613402400867,False,0,True,3,4,1.6094379124341003
horseshoe,1001,8,16,216,21.03999999999995,36.45468265907833,31.052938400907188,29.920534946756487,35.05966574062727,False,0,True,1,1,0.6931471805599453
horseshoe,1001,9,11,236,22.29999999999993,30.188244731387446,27.18840370645785,23.55929689425724,29.304593146803004,True,1,True,7,12,2.5649493574615367
horseshoe,1001,9,12,237,23.079999999999966,30.3980413689717,27.11674682779348,24.21064059227849,29.62591444970269,True,1,True,15,24,3.2188758248682006
horseshoe,1001,9,13,238,24.34999999999986,30.756617392196446,27.22205884849308,24.77058393597341,30.03399097261244,False,0,True,5,8,2.1972245773362196
horseshoe,1001,9,14,239,22.124999999999954,31.512434802037365,27.646491773516484,25.767302924467796,30.52534356539239,False,0,True,4,4,1.6094379124341003
horseshoe,1001,9,15,240,25.704999999999956,32.697496739042194,28.16020100622312,26.281209372547227,31.096024908465928,False,0,True,4,5,1.791759469228055
horseshoe,1001,9,16,241,23.704999999999952,33.05984209897024,28.319922093883402,26.306543350760528,31.741756563098996,False,0,True,2,2,1.0986122886681098
horseshoe,1001,9,17,242,18.744999999999912,33.19979069544335,28.844146576557954,27.071285091028106,32.45805960920272,False,0,False,0,1,0.6931471805599453
horseshoe,1001,10,9,259,10.690999999999947,26.334019233162945,25.72628108222577,22.014439597874517,25.328893148785202,False,0,True,1,2,1.0986122886681098
horseshoe,1001,10,10,260,21.069999999999936,26.269690507230305,25.104627192423127,21.693430472779138,25.48858758470541,False,0,True,5,11,2.4849066497880004
horseshoe,1001,10,11,261,21.019999999999904,26.79532785508437,24.854837630466257,21.022944417570166,25.752544442525167,False,0,True,9,12,2.5649493574615367
horseshoe,1001,10,12,262,28.039999999999885,26.796972487061304,24.624787562702025,21.35501288131608,26.11760273734331,False,0,True,10,18,2.9444389791664403
horseshoe,1001,10,13,263,22.10499999999996,27.548357633920084,24.640567583262907,21.96277752401024,26.579597053144838,False,0,True,3,8,2.1972245773362196
horseshoe,1001,10,14,264,25.659999999999975,28.364676237536308,25.122073270211025,22.518150369150955,27.133576350157433,True,1,True,2,4,1.6094379124341003
horseshoe,1001,10,15,265,26.084999999999958,28.64496336972848,25.405665123992602,22.594171637384207,27.774036992711622,False,0,True,5,6,1.9459101490553132
horseshoe,1001,10,16,266,24.39499999999995,29.20094411155496,25.82742678055406,23.07243850713972,28.49514827958645,True,1,True,8,15,2.772588722239781
horseshoe,1001,10,17,267,24.334999999999905,30.022085376011937,26.527948995409304,24.11030301666811,29.290954224113925,True,1,True,7,13,2.6390573296152584
horseshoe,1001,11,9,284,18.899999999999928,22.739932898005804,23.316110069606506,19.617210772671108,21.72700190558316,False,0,True,6,11,2.4849066497880004
horseshoe,1001,11,10,285,20.274999999999938,22.683905202855858,22.852933371492576,19.13713621454349,21.912961477760945,False,0,True,15,55,4.02535169073515
horseshoe,1001,11,11,286,22.674999999999912,22.79153219692665,22.533230978021816,18.800205283191154,22.219435837277015,False,0,True,5,11,2.4849066497880004
horseshoe,1001,11,12,287,24.714999999999907,23.72557970085557,22.54951749593874,18.889936484732083,22.641531670987256,False,0,True,5,7,2.0794415416798357
horseshoe,1001,11,13,288,27.094999999999878,24.356946167138133,22.62619635023815,19.19576586606929,23.17293169131135,False,0,True,3,6,1.9459101490553132
horseshoe,1001,11,14,289,22.00499999999994,24.894408173243548,23.107425510851133,20.00694119612441,23.806317422324245,False,0,True,7,10,2.3978952727983707
horseshoe,1001,11,15,290,27.434999999999903,25.167138825673586,23.38996525727208,20.41616675907457,24.53379127927744,False,0,True,7,17,2.8903717578961645
horseshoe,1001,11,16,291,28.909999999999876,26.2139146736563,23.903661076974085,21.082324717580992,25.347253483134118,False,0,True,13,32,3.4965075614664802
horseshoe,1001,11,17,292,21.16999999999991,27.009782075490126,24.762049746675373,21.93342873752525,26.238707723929043,False,0,True,1,2,1.0986122886681098
horseshoe,1001,12,2,302,12.437999999999919,20.83780142982873,27.895646071749823,24.979786414880458,20.57488640972657,False,0,True,1,2,1.0986122886681098
horseshoe,1001,12,5,305,14.379999999999912,18.99387877151009,24.544367921568373,21.019509263341586,18.715996646921113,False,0,True,1,3,1.3862943611198906
horseshoe,1001,12,6,306,17.909999999999904,18.549728211870754,23.687931246053797,19.928705131171284,18.351105751058366,False,0,True,10,27,3.332204510175204
horseshoe,1001,12,7,307,14.394999999999952,18.24254462026566,22.750173234180934,18.777297178299442,18.12864620885703,False,0,True,4,10,2.3978952727983707
horseshoe,1001,12,8,308,13.853999999999951,18.2724852762736,21.97420759358544,18.302212364249932,18.053883895874023,False,0,True,3,4,1.6094379124341003
horseshoe,1001,12,9,309,17.76999999999996,19.137112837034323,21.413202190129656,17.568697381308475,18.12864620885703,False,0,True,7,18,2.9444389791664403
horseshoe,1001,12,10,310,20.079999999999984,19.148344563440162,21.024235480912896,17.22620426569821,18.351105751058366,False,0,True,16,50,3.9318256327243257
horseshoe,1001,12,11,311,19.014999999999937,19.283761179273558,20.85010888889263,16.76865304015444,18.715996646921113,False,0,True,3,7,2.0794415416798357
horseshoe,1001,12,12,312,21.24499999999996,19.883690236063572,20.919914036024323,17.108672845210968,19.215206425355188,False,0,True,2,7,2.0794415416798357
horseshoe,1001,12,13,313,26.824999999999864,20.61185643826081,21.0030566720562,17.62523151292463,19.83859785193687,False,0,True,2,4,1.6094379124341003
horseshoe,1001,12,14,314,24.72499999999994,21.19172021829834,21.17924231974861,18.237893210037925,20.57488640972657,False,0,True,6,12,2.5649493574615367
horseshoe,1001,12,15,315,26.289999999999885,22.018663640125137,21.67298553256174,18.603274702509566,21.41242900970934,True,1,True,13,28,3.367295829986474
horseshoe,1001,12,16,316,28.444999999999876,23.04263139515086,22.323783334349358,19.1987701477569,22.339840212028083,False,0,True,12,41,3.7376696182833684
horseshoe,1001,12,17,317,21.074999999999932,24.15363438995296,23.191053079443307,20.006391893929912,23.346412670525332,False,0,False,0,0,0.0
horseshoe,1001,13,2,327,10.157999999999975,17.660979617218082,26.46571888853961,24.125495866767075,17.492471815952694,False,0,True,1,3,1.3862943611198906
horseshoe,1001,13,3,328,14.649999999999906,16.871000435420108,25.15769129573921,22.586388757280954,16.6201860455779,True,1,True,8,15,2.772588722239781
horseshoe,1001,13,4,329,13.222999999999946,16.068124262161263,23.904571179876406,20.966500390123603,15.870878281549494,True,2,True,7,18,2.9444389791664403
horseshoe,1001,13,5,330,18.80499999999992,15.676620470558865,22.88087168152905,19.77751266051297,15.26267178269619,False,0,True,5,13,2.6390573296152584
horseshoe,1001,13,6,331,17.75999999999989,15.008564286957904,21.90713125521007,18.666674695162428,14.81295722485134,False,0,True,14,53,3.9889840465642745
horseshoe,1001,13,7,332,20.194999999999947,14.686899629373505,21.223118766417137,17.987779650053966,14.53645186504102,False,0,True,15,66,4.204692619390966
horseshoe,1001,13,8,333,20.169999999999927,14.568614151693263,20.81872700897231,16.968238288854145,14.443107116699217,True,1,True,10,36,3.6109179126442243
horseshoe,1001,13,9,334,18.164999999999974,15.171655583414893,20.023436973500175,15.537538560718403,14.53645186504102,False,0,True,7,16,2.833213344056216
horseshoe,1001,13,10,335,21.17999999999994,15.35554564253476,19.887754925355303,15.410731538183715,14.81295722485134,False,0,True,8,24,3.2188758248682006
horseshoe,1001,13,11,336,20.734999999999964,15.915835014750233,19.739968829519057,15.36547323961547,15.26267178269619,False,0,True,14,23,3.1780538303479458
horseshoe,1001,13,12,337,21.07499999999996,16.73141238089371,19.772342335545858,15.901193856299397,15.870878281549494,False,0,True,4,12,2.5649493574615367
horseshoe,1001,13,13,338,24.574999999999935,17.238259141487834,19.772612294978323,15.651741243496026,16.6201860455779,True,1,True,11,19,2.995732273553991
horseshoe,1001,13,14,339,21.33999999999993,18.164621964226363,20.103043203906612,16.161115024063815,17.492471815952694,False,0,True,11,25,3.258096538021482
horseshoe,1001,13,15,340,21.30499999999993,19.371107578961418,20.61163817411799,17.153414264569086,18.47032039664148,False,0,True,13,48,3.8918202981106265
horseshoe,1001,13,16,341,17.95999999999993,20.238704787664577,21.359708460991868,18.3764686774821,19.537888323912977,False,0,True,4,10,2.3978952727983707
horseshoe,1001,13,17,342,20.654999999999962,21.509219049894618,22.44521453050724,19.283966056427815,20.681286324627244,False,0,True,4,4,1.6094379124341003
horseshoe,1001,14,3,353,12.481999999999934,13.95846521733893,24.349034403033077,21.4134771552028,13.600243437028128,False,0,True,4,12,2.5649493574615367
horseshoe,1001,14,4,354,14.824999999999896,12.907446036238557,23.089272561621808,20.00697671498918,12.673626741567062,False,0,True,14,63,4.1588830833596715
horseshoe,1001,14,5,355,17.4999999999999,12.091234190060238,22.073128817914785,18.930900156722483,11.903158711162126,False,0,True,11,46,3.8501476017100584
horseshoe,1001,14,6,356,16.334999999999887,11.646539709575153,21.215804391371986,18.083434425085606,11.320765835493633,False,0,True,4,22,3.1354942159291497
horseshoe,1001,14,7,357,18.799999999999926,11.053149956873211,20.504804536569115,17.027287599462554,10.956480738880476,False,0,True,18,90,4.51085950651685
horseshoe,1001,14,8,358,19.26999999999998,10.997855160723182,19.91345576877469,16.02622166202984,10.832330337524418,False,0,True,16,97,4.584967478670572
horseshoe,1001,14,9,359,20.56499999999994,11.406110188600142,19.33564978569907,15.115064089197949,10.956480738880476,False,0,True,11,35,3.58351893845611
horseshoe,1001,14,10,360,21.364999999999913,11.84603894214042,19.00308820251846,14.663351330101461,11.320765835493633,False,0,True,6,33,3.5263605246161616
horseshoe,1001,14,11,361,22.25999999999999,12.768032633770252,18.962458841268216,14.823070851828449,11.903158711162126,False,0,True,6,22,3.1354942159291497
horseshoe,1001,14,12,362,23.08499999999989,13.193579090110005,18.952977116740183,14.873006345748767,12.673626741567062,False,0,True,5,15,2.772588722239781
horseshoe,1001,14,13,363,23.16499999999996,14.107206154820014,19.061302531031625,15.264919022065992,13.600243437028128,False,0,True,13,30,3.4339872044851463
horseshoe,1001,14,14,364,20.53499999999994,15.418679353280414,19.335554483791743,15.418679353280416,14.653416242934739,False,0,True,12,47,3.871201010907891
horseshoe,1001,14,15,365,18.58499999999997,16.428890374014628,19.831367315110125,16.225659740216383,15.807870600159735,False,0,True,3,17,2.8903717578961645
horseshoe,1001,14,16,366,17.824999999999953,17.511345072695292,20.51891441360143,16.836681364063434,17.043037215076993,False,0,True,3,3,1.3862943611198906
horseshoe,1001,14,18,368,10.219999999999976,19.805189546437546,22.570094027112656,19.16300970676534,19.693865658167546,False,0,True,1,1,0.6931471805599453
horseshoe,1001,14,19,369,18.31999999999995,21.209194606041123,23.72899376365862,20.49936154138865,21.08684962260361,False,0,False,0,0,0.0
horseshoe,1001,15,2,377,6.144999999999996,12.268775461738901,25.40901918462777,22.21663789326244,12.228412114561875,False,0,True,1,1,0.6931471805599453
horseshoe,1001,15,3,378,9.130999999999995,11.016137198444238,24.159572276174355,20.866620106238457,10.944317100727972,False,0,True,5,7,2.0794415416798357
horseshoe,1001,15,4,379,12.299999999999933,9.992355783239429,23.00311883167066,19.755684281955833,9.768944161956492,False,0,True,8,27,3.332204510175204
horseshoe,1001,15,5,380,13.630000000000003,8.856585763720812,21.98956532891534,18.63110640608712,8.746235907976349,False,0,True,13,71,4.276666119016055
horseshoe,1001,15,6,381,17.014999999999958,8.111518698281783,21.05710699250885,17.21503328266295,7.935439140774751,False,0,True,23,112,4.727387818712341
horseshoe,1001,15,7,382,17.574999999999964,7.670888336003764,20.2884056153896,16.1924187676858,7.406478612425674,False,0,True,9,54,4.007333185232471
horseshoe,1001,15,8,383,17.849999999999973,7.5208603123663345,19.683130568917893,15.405154241114735,7.221553558349612,False,0,True,13,126,4.844187086458591
horseshoe,1001,15,9,384,22.189999999999973,7.810106964553373,19.299584109784984,15.078895767641612,7.406478612425674,False,0,True,6,59,4.0943445622221
horseshoe,1001,15,10,385,20.67999999999998,8.56920657844668,18.929171766947615,14.645454588099343,7.93543914077475,False,0,True,12,37,3.6375861597263857
horseshoe,1001,15,11,386,21.99999999999996,9.293399638595554,18.79636514725554,14.267492397663403,8.746235907976349,False,0,True,13,26,3.295836866004329
horseshoe,1001,15,12,387,20.254999999999946,10.051668005843844,18.79701751631536,14.647439973157331,9.768944161956492,False,0,True,5,8,2.1972245773362196
horseshoe,1001,15,13,388,14.499999999999927,11.427056118762899,18.947398239200897,14.975183936500313,10.944317100727972,False,0,True,1,11,2.4849066497880004
horseshoe,1001,15,14,389,22.659999999999943,12.354030863634588,19.292589442687348,15.318368301839127,12.228412114561879,False,0,True,15,49,3.912023005428146
horseshoe,1001,15,15,390,17.83999999999996,13.690616015589386,19.79696237857167,15.832417174521673,13.590446209240321,False,0,True,17,53,3.9889840465642745
horseshoe,1001,15,16,391,17.854999999999958,15.100544403868554,20.5825430783717,16.944379774329175,15.009216260996423,True,2,True,9,24,3.2188758248682006
horseshoe,1001,15,17,392,21.254999999999946,16.64164683350676,21.533858209579552,17.925118985569227,16.47006668635189,False,0,True,5,7,2.0794415416798357
horseshoe,1001,15,18,393,18.10999999999997,18.19357873456883,22.55665725815982,19.124372258917326,17.962733639867043,False,0,True,3,8,2.1972245773362196
horseshoe,1001,16,3,403,8.246999999999998,9.143167888449284,24.735289738128042,20.635329296991063,8.981366819933521,False,0,False,0,0,0.0
horseshoe,1001,16,4,404,10.459999999999939,7.594389888729441,23.52524445953659,19.125761648433798,7.5046081304982115,False,0,True,9,84,4.442651256490317
horseshoe,1001,16,5,405,11.969999999999912,6.151250233202451,22.53980524487983,17.940709752773284,6.114206057280939,False,0,True,15,189,5.247024072160486
horseshoe,1001,16,6,406,13.141999999999921,4.967955973827208,21.49655419388339,16.63323642432104,4.884472080978246,False,0,True,20,245,5.5053315359323625
horseshoe,1001,16,7,407,15.894999999999968,4.032079651791553,20.764754658310533,15.887381149359816,3.967719570387375,False,0,True,11,152,5.030437921392435
horseshoe,1001,16,8,408,16.614999999999945,3.635081634871322,20.190535740604837,15.04562719226238,3.610776779174806,False,0,True,17,90,4.51085950651685
horseshoe,1001,16,9,409,20.699999999999953,4.03995998823765,19.586339811003853,14.831090158357618,3.967719570387375,True,2,True,20,80,4.394449154672439
horseshoe,1001,16,10,410,15.229999999999988,4.979657730431327,19.355362886302586,14.561342104147732,4.884472080978244,False,0,True,3,36,3.6109179126442243
horseshoe,1001,16,11,411,19.72499999999993,6.196280242732754,19.169943179302365,14.29583163453761,6.114206057280939,False,0,True,12,97,4.584967478670572
horseshoe,1001,16,12,412,21.889999999999965,7.56019020850558,19.214367409482115,14.077320601058855,7.5046081304982115,False,0,True,9,172,5.153291594497779
horseshoe,1001,16,13,413,22.319999999999972,9.105425733815746,19.36522967944451,14.688140167900137,8.981366819933521,False,0,True,10,139,4.941642422609304
horseshoe,1001,16,14,414,15.75999999999997,10.677818418207963,19.721458716569497,15.211994024540973,10.50813665672843,False,0,True,13,81,4.406719247264253
horseshoe,1001,16,15,415,14.217999999999998,12.45478643987126,20.233200201832627,15.9412619333378,12.065948007478344,False,0,True,5,66,4.204692619390966
horseshoe,1001,16,16,416,17.58499999999995,14.058421686359402,20.937132539707843,16.83189390778125,13.644172599402115,False,0,True,15,144,4.976733742420574
horseshoe,1001,16,17,417,17.434999999999956,15.465124331774112,22.21114638191368,18.335593066801934,15.236468416460369,False,0,True,8,96,4.574710978503383
horseshoe,1001,16,18,418,18.03999999999998,17.047853018760122,22.920187110997677,19.377559164121177,16.83884416964915,False,0,True,4,38,3.6635616461296463
horseshoe,1001,16,19,419,6.284999999999998,18.67128516806432,23.9219434539742,20.760305254911213,18.448673540774525,False,0,True,1,2,1.0986122886681098
horseshoe,1001,17,5,430,10.502999999999954,5.418243175167288,23.3736318958186,18.418773139048888,4.9341470146179205,False,0,False,0,0,0.0
horseshoe,1001,17,6,431,10.76499999999997,3.2955847143758703,22.40490371036111,17.153325671744426,3.2894313430786135,False,0,True,1,15,2.772588722239781
horseshoe,1001,17,7,432,12.489999999999961,1.6820424943494738,21.768719766203617,16.338300659570617,1.644715671539306,False,0,True,11,94,4.553876891600541
horseshoe,1001,17,8,433,13.014999999999976,0.0,21.181791761686743,15.676620470558865,0.0,True,1,True,20,230,5.442417710521793
horseshoe,1001,17,9,434,15.756,1.677970906061203,20.646942439759986,15.037610462782938,1.6447156715393056,False,0,True,23,770,6.647688373563329
horseshoe,1001,17,10,435,20.189999999999955,3.3442020255249343,20.373383862544838,14.700652244928525,3.2894313430786113,False,0,True,8,505,6.226536669287466
horseshoe,1001,17,11,436,18.254999999999942,5.010743374486401,20.212094458461557,14.508816726371256,4.9341470146179205,False,0,True,12,495,6.206575926724928
horseshoe,1001,17,12,437,21.27999999999994,6.661615769696904,20.247565476655492,14.779235715919164,6.578862686157226,False,0,True,15,302,5.713732805509369
horseshoe,1001,17,13,438,20.979999999999954,8.291917700831242,20.395142796901812,14.859142459452476,8.223578357696532,False,0,True,10,178,5.187385805840755
horseshoe,1001,17,14,439,17.384999999999977,10.031367651244175,21.080433493132407,15.569839593451016,9.868294029235841,False,0,True,13,102,4.634728988229636
horseshoe,1001,17,15,440,18.534999999999993,11.814871312133048,21.48269678191687,16.78537100561988,11.513009700775147,False,0,True,13,118,4.77912349311153
horseshoe,1001,17,16,441,18.964999999999993,13.490694705743424,22.029159107159966,18.18542199723503,13.157725372314452,False,0,True,17,150,5.017279836814924
horseshoe,1001,17,17,442,12.238999999999985,15.060203693991378,22.793258571509213,19.05165105651977,14.802441043853758,False,0,True,9,96,4.574710978503383
horseshoe,1001,17,18,443,21.924999999999965,16.678893119319635,23.772619122529377,20.2390090595367,16.447156715393064,False,0,True,7,70,4.2626798770413155
horseshoe,1001,17,19,444,10.980999999999996,18.36208189737584,24.88997167230139,21.517151502231044,18.091872386932373,False,0,True,15,42,3.7612001156935624
horseshoe,1001,17,20,445,8.129999999999997,19.98584943954412,26.201844979779697,22.94267382821948,19.736588058471675,False,0,True,9,19,2.995732273553991
horseshoe,1001,17,21,446,7.900999999999995,21.662738885670528,27.650372109721154,24.43480169730089,21.381303730010984,False,0,True,1,2,1.0986122886681098
horseshoe,1001,18,5,455,0.2749999999999996,6.144575679087961,25.028834207511192,20.221813079735515,6.114206057280935,False,0,True,1,2,1.0986122886681098
horseshoe,1001,18,6,456,10.371999999999966,5.004300044958937,24.021209813797945,19.051651056519773,4.884472080978241,False,0,True,2,21,3.091042453358316
horseshoe,1001,18,7,457,14.57399999999997,4.04859740004389,23.28788314044838,18.294390796149713,3.9677195703873687,False,0,True,14,129,4.867534450455582
horseshoe,1001,18,8,458,17.18499999999996,3.640829240478548,22.672268254321867,17.439502166585708,3.610776779174799,False,0,True,15,223,5.4116460518550396
horseshoe,1001,18,9,459,18.579999999999952,4.041243944627375,22.231738452688525,16.661902350861396,3.967719570387368,False,0,True,9,274,5.616771097666572
horseshoe,1001,18,10,460,21.74999999999995,4.918160639062055,21.979171304881522,16.15719616178987,4.88447208097824,False,0,True,16,229,5.438079308923196
horseshoe,1001,18,11,461,20.61999999999993,6.188858434473362,21.891745431398824,15.808095859407574,6.114206057280935,False,0,True,12,152,5.030437921392435
horseshoe,1001,18,12,462,14.38199999999999,7.619942357270674,21.969545292981206,15.717337697839568,7.504608130498208,False,0,True,13,103,4.6443908991413725
horseshoe,1001,18,13,463,14.505999999999922,9.122649722958187,22.301922848344486,16.153928200101006,8.981366819933518,False,0,True,25,172,5.153291594497779
horseshoe,1001,18,14,464,15.374999999999968,10.689391060968802,23.189404460081043,17.16559836470675,10.508136656728427,False,0,True,2,8,2.1972245773362196
horseshoe,1001,18,15,465,15.164999999999953,12.159614692160947,22.936280084559954,18.15603604662846,12.065948007478342,False,0,True,4,9,2.302585092994046
horseshoe,1001,18,16,466,18.97499999999996,15.710738534956477,23.88797770659508,19.84092193094971,13.644172599402113,False,0,True,7,27,3.332204510175204
horseshoe,1001,18,17,467,21.004999999999963,16.727160082673766,24.40916745331118,20.523726837037696,15.236468416460367,True,1,True,16,50,3.9318256327243257
horseshoe,1001,18,18,468,19.149999999999963,18.486979092133016,25.213710386526994,21.804780865961185,16.838844169649146,False,0,True,10,49,3.912023005428146
horseshoe,1001,18,19,469,21.594999999999974,19.527713142769603,26.11985407468237,22.84551491659777,18.448673540774525,True,1,True,18,53,3.9889840465642745
horseshoe,1001,18,20,470,15.674999999999976,20.937751948604593,27.24995594428561,24.25555372243276,20.064162507785735,False,0,True,8,15,2.772588722239781
horseshoe,1001,18,21,471,9.361999999999975,22.463661098369432,28.477972649773587,25.766530045695575,21.68404616634104,False,0,True,1,4,1.6094379124341003
horseshoe,1001,19,4,479,3.4919999999999978,10.020011140331087,28.329605153758905,24.215838211132457,9.768944161956492,False,0,True,3,12,2.5649493574615367
horseshoe,1001,19,5,480,10.376999999999986,8.987243885069653,27.160872572406944,22.966717725133375,8.746235907976349,True,1,True,19,82,4.418840607796598
horseshoe,1001,19,6,481,16.324999999999896,8.02781254339901,26.06936707866996,21.515770438606935,7.935439140774751,False,0,True,17,116,4.762173934797756
horseshoe,1001,19,7,482,14.450999999999935,7.60520151531545,25.29205143268605,20.383267691953954,7.406478612425674,False,0,True,12,76,4.343805421853684
horseshoe,1001,19,8,483,15.213999999999968,7.418736909583552,24.77639042978271,19.80702275905235,7.221553558349612,False,0,True,14,74,4.31748811353631
horseshoe,1001,19,9,484,21.344999999999928,7.651378478693197,24.371127115038888,19.058238501198907,7.406478612425674,False,0,True,18,104,4.653960350157523
horseshoe,1001,19,10,485,18.784999999999922,8.086976462936962,24.10275111364021,18.734772195126048,7.93543914077475,False,0,True,14,116,4.762173934797756
horseshoe,1001,19,11,486,19.129999999999985,8.877545142528833,24.015967114533666,18.666474999740686,8.746235907976349,False,0,True,15,132,4.890349128221754
horseshoe,1001,19,12,487,16.57999999999997,9.806726744317519,24.09194894452914,18.626298108411177,9.768944161956492,False,0,True,16,64,4.174387269895637
horseshoe,1001,19,13,488,17.795000000000023,11.06688243000429,24.282594268949165,18.618630725832894,10.944317100727972,False,0,True,14,61,4.127134385045092
horseshoe,1001,19,14,489,13.470999999999993,12.583808487505403,24.682505506703283,19.065493742092137,12.228412114561879,False,0,True,17,159,5.075173815233827
horseshoe,1001,19,15,490,11.520000000000024,13.786101469017453,25.142327107585203,19.753943381204216,13.590446209240321,False,0,True,1,3,1.3862943611198906
horseshoe,1001,19,16,491,17.904999999999948,15.69913154775509,25.601024153316644,20.670783683373266,15.009216260996423,False,0,True,2,6,1.9459101490553132
horseshoe,1001,19,17,492,20.659999999999968,17.34768321882402,26.288244778925584,21.920863737475713,16.47006668635189,False,0,True,9,17,2.8903717578961645
horseshoe,1001,19,18,493,19.83999999999996,18.992105668583317,27.0237293232669,22.944523394426227,17.962733639867043,False,0,True,12,27,3.332204510175204
horseshoe,1001,19,19,494,18.494999999999973,20.63938730372544,27.96770589850488,23.992597374192254,19.47990457525801,False,0,False,0,4,1.6094379124341003
horseshoe,1001,19,20,495,13.644999999999975,22.283555732555634,29.08423037965003,25.26719327388072,21.016273313456853,False,0,False,0,1,0.6931471805599453
horseshoe,1001,20,4,504,0.049999999999992044,12.838317091988067,30.372276955234838,26.146283192741954,12.673626741567055,False,0,True,1,1,0.6931471805599453
horseshoe,1001,20,5,505,10.30499999999999,11.994853654515929,29.343058092310823,24.887583127670332,11.903158711162119,False,0,True,6,35,3.58351893845611
horseshoe,1001,20,6,506,11.308,11.571066751935101,28.51056757602882,23.724251463249935,11.320765835493626,False,0,True,6,20,3.044522437723423
horseshoe,1001,20,7,507,11.647999999999998,11.219848510443274,27.852691205151427,23.075434310943894,10.956480738880469,False,0,True,12,46,3.8501476017100584
horseshoe,1001,20,8,508,11.867999999999991,11.003744227058245,27.38193987860577,22.51939963808672,10.83233033752441,False,0,True,3,9,2.302585092994046
horseshoe,1001,20,9,509,19.019999999999943,11.067299855956511,26.93698143356808,22.14264995990306,10.956480738880469,False,0,True,2,9,2.302585092994046
horseshoe,1001,20,10,510,16.764999999999972,11.414048981424667,26.778467835795322,21.92189980005891,11.320765835493624,False,0,True,3,8,2.1972245773362196
horseshoe,1001,20,11,511,10.78699999999998,12.00955012497253,26.684176911895182,21.836788443483538,11.903158711162119,False,0,True,7,20,3.044522437723423
horseshoe,1001,20,12,512,10.99599999999996,12.752721360922767,26.72312853806193,21.84662431926191,12.673626741567055,True,1,True,8,27,3.332204510175204
horseshoe,1001,20,13,513,13.443999999999983,13.760947641450382,26.877649134105585,22.116624122951848,13.600243437028121,False,0,True,13,54,4.007333185232471
horseshoe,1001,20,14,514,10.986999999999979,14.906929683142739,27.233736661656426,22.353914782446523,14.653416242934732,False,0,True,10,82,4.418840607796598
horseshoe,1001,20,15,515,9.762999999999986,15.873252891098264,27.888194443947576,23.059832285737805,15.807870600159731,False,0,True,2,7,2.0794415416798357
horseshoe,1001,21,7,532,8.018999999999998,14.83206153619749,31.071444031672158,26.253926711533506,14.536451865041027,False,0,True,7,11,2.4849066497880004
horseshoe,1001,21,8,533,3.884999999999997,15.114807663672124,31.478180965513022,26.722974377365535,14.443107116699224,False,0,True,7,10,2.3978952727983707
horseshoe,1001,21,9,534,1.7810000000000021,16.452847232276653,32.68686505523996,27.874712137509956,14.536451865041027,False,0,True,1,1,0.6931471805599453
horseshoe,1002,2,8,58,19.894999999999925,45.167706803800044,38.01396362979028,39.33956303945356,44.89461285077542,False,0,False,0,0,0.0
horseshoe,1002,2,9,59,23.484999999999943,45.11040592961966,37.9228542931229,39.23368553944858,44.702688105234266,False,0,True,1,1,0.6931471805599453
horseshoe,1002,3,7,82,16.534999999999922,43.310017780538544,36.27213770452942,37.55921912739577,42.06774980252391,False,0,True,2,3,1.3862943611198906
horseshoe,1002,3,8,83,19.999999999999922,42.043228577545996,34.99550720511287,36.2837863454405,41.725719583998675,True,1,True,11,20,3.044522437723423
horseshoe,1002,3,9,84,20.54999999999993,41.88562073359961,34.551349855720844,35.89786588991262,41.51914902325594,False,0,True,6,7,2.0794415416798357
horseshoe,1002,3,10,85,21.024999999999917,41.761920520534865,34.5835641641799,35.95647005680608,41.450063400268554,False,0,True,3,8,2.1972245773362196
horseshoe,1002,4,7,107,16.49499999999991,41.1866118941458,34.29585039419095,35.45699334836822,38.929906516630204,False,0,True,3,3,1.3862943611198906
horseshoe,1002,4,8,108,20.49999999999995,39.03802403457132,32.27365318347238,33.487274774845496,38.560053458836215,False,0,True,6,16,2.833213344056216
horseshoe,1002,4,9,109,22.56999999999995,38.7346382945013,31.603796246317067,32.78423381040055,38.33642893595008,True,1,True,7,11,2.4849066497880004
horseshoe,1002,4,10,110,21.52999999999991,38.436759241152345,31.482437645739076,32.713852390911576,38.26159698486328,True,1,True,2,4,1.6094379124341003
horseshoe,1002,4,15,115,25.204999999999906,40.75318371058287,32.599027112799725,33.98564437172512,40.09051380387133,False,0,True,1,2,1.0986122886681098
horseshoe,1002,4,16,116,29.699999999999942,41.55056836695309,33.37184255430954,34.783029028095335,40.86931702485337,True,1,True,2,4,1.6094379124341003
horseshoe,1002,5,7,132,16.69999999999992,36.668157352220675,30.651718594433543,31.46584913804664,35.80100983916121,False,0,True,2,2,1.0986122886681098
horseshoe,1002,5,8,133,16.92999999999993,35.955512327041205,29.633751297416918,30.6534156996142,35.39848029023926,True,1,True,3,14,2.70805020110221
horseshoe,1002,5,9,134,24.52499999999986,35.42766000433336,28.7492187578412,29.614948706825043,35.15475028600405,False,0,True,7,18,2.9444389791664403
horseshoe,1002,5,10,135,21.46499999999993,35.22795396064587,28.59279739286214,29.509735731954436,35.07313056945801,False,0,True,6,12,2.5649493574615367
horseshoe,1002,5,12,137,20.21499999999996,38.35077905898127,29.505621800451436,30.31070202424986,35.39848029023927,False,0,True,1,1,0.6931471805599453
horseshoe,1002,5,13,138,20.75999999999989,38.448911159417094,30.528849461272156,31.68137182055934,35.80100983916121,False,0,True,1,1,0.6931471805599453
horseshoe,1002,5,15,140,26.63499999999994,37.645766793337444,29.5450474594007,30.878227454479685,37.059735308938045,False,0,True,3,4,1.6094379124341003
horseshoe,1002,5,16,141,25.014999999999926,38.571920139493756,30.101050336194486,31.497257847922196,37.90086751234226,False,0,True,2,2,1.0986122886681098
horseshoe,1002,5,18,143,28.689999999999927,41.745875566502,32.2650022149123,33.78656963441654,39.96212194818458,False,0,True,3,5,1.791759469228055
horseshoe,1002,6,8,158,19.484999999999978,32.80168304899798,27.13265996175453,27.790925851227154,32.24220412957128,True,1,True,10,28,3.367295829986474
horseshoe,1002,6,9,159,18.459999999999944,32.37139955247346,26.3608297990103,26.89943170820499,31.974423965816605,True,1,True,9,15,2.772588722239781
horseshoe,1002,6,10,160,21.209999999999905,32.03993651746828,25.71576178427121,26.160085129887047,31.884664154052732,False,0,True,7,18,2.9444389791664403
horseshoe,1002,6,12,162,28.704999999999874,32.93477665667565,25.26148443452061,25.87446012845677,32.24220412957128,False,0,True,3,5,1.791759469228055
horseshoe,1002,6,13,163,20.43499999999989,34.64068409944722,25.496044932049315,25.551536930614038,32.68362932384044,False,0,True,1,1,0.6931471805599453
horseshoe,1002,6,14,164,25.80499999999995,34.23688858696408,26.500839666642804,27.469349248106326,33.2917930409518,False,0,True,4,4,1.6094379124341003
horseshoe,1002,6,15,165,27.869999999999912,34.58542837243686,26.75155217578771,27.817889033579107,34.057764187377806,True,3,True,9,16,2.833213344056216
horseshoe,1002,6,18,168,25.394999999999936,38.12358670203784,29.63362665563063,31.014516405213474,37.19514095787326,False,0,True,1,1,0.6931471805599453
horseshoe,1002,7,8,183,13.0459999999999,29.426004395000263,24.87168403365998,24.953657299774726,29.09294903532063,False,0,True,1,1,0.6931471805599453
horseshoe,1002,7,9,184,19.98499999999993,29.0272056103519,23.993004499160232,24.479097456112285,28.7958980478923,True,1,True,12,39,3.6888794541139363
horseshoe,1002,7,10,185,21.07999999999995,28.888714375738026,23.417972477569773,23.406128731529567,28.69619773864746,False,0,True,6,14,2.70805020110221
horseshoe,1002,7,11,186,26.149999999999924,29.18446340521416,23.00069205596604,22.675503800109208,28.7958980478923,False,0,True,3,3,1.3862943611198906
horseshoe,1002,7,12,187,28.159999999999876,29.437741086689503,22.335047876413174,21.59078834394119,29.09294903532063,False,0,True,5,6,1.9459101490553132
horseshoe,1002,7,13,188,21.109999999999893,30.26414256013071,22.359422572578197,22.511524166627805,29.58140602163838,False,0,False,0,1,0.6931471805599453
horseshoe,1002,7,14,189,31.094999999999935,30.89303847383654,23.325989143171203,23.906456314290622,30.251998947513982,False,0,True,6,10,2.3978952727983707
horseshoe,1002,7,15,190,29.039999999999903,32.10267012169395,23.953066299611084,25.075282262191244,31.092945468093802,False,0,True,6,10,2.3978952727983707
horseshoe,1002,7,17,192,24.43499999999995,33.50959470939547,26.266942251200607,27.37380979009832,33.23159297083277,False,0,True,2,2,1.0986122886681098
horseshoe,1002,7,18,193,21.729999999999922,34.880379891247046,27.37179375758369,28.35757874352757,34.50099226565638,False,0,True,1,1,0.6931471805599453
horseshoe,1002,8,8,208,16.099999999999913,26.237713984293556,22.83628931548946,22.518820924694978,25.953271011086798,False,0,True,3,7,2.0794415416798357
horseshoe,1002,8,9,209,16.949999999999964,25.99232379970411,21.737985316859447,21.438997475322854,25.61984264174475,False,0,True,7,27,3.332204510175204
horseshoe,1002,8,10,210,21.189999999999962,25.639250234964003,21.04281142369349,20.51397555370518,25.507731323242187,False,0,True,11,21,3.091042453358316
horseshoe,1002,8,11,211,20.22999999999995,25.8925809368585,20.622657863329106,19.80317586421939,25.61984264174475,False,0,True,9,13,2.6390573296152584
horseshoe,1002,8,12,212,24.349999999999977,26.37579176259693,20.41108147608236,19.61067390266953,25.953271011086798,False,0,True,8,17,2.8903717578961645
horseshoe,1002,8,13,213,21.84999999999989,27.044947505968622,20.671832477011343,20.23459457810102,26.499663673718167,False,0,True,1,2,1.0986122886681098
horseshoe,1002,8,14,214,27.009999999999895,27.78502452309632,21.033633425366432,21.545933686853854,27.246211349902246,False,0,True,14,31,3.4657359027997265
horseshoe,1002,8,15,215,25.36999999999992,28.598735432233113,22.035043693088884,23.042263560226466,28.17700925373397,False,0,True,6,11,2.4849066497880004
horseshoe,1002,8,16,216,23.62499999999993,29.629707589832776,23.00365907426732,23.600078876004922,29.274487655714513,False,0,True,1,2,1.0986122886681098
horseshoe,1002,8,17,217,21.599999999999984,30.8295097072535,24.153694768873343,24.65786339602026,30.520671093248538,False,0,True,1,1,0.6931471805599453
horseshoe,1002,8,18,218,26.714999999999932,32.7920817259093,25.411178438412623,25.845017505807697,31.89813568091459,False,0,True,3,3,1.3862943611198906
horseshoe,1002,9,8,233,15.441999999999942,23.071746538344165,21.316481834393894,20.610266247098266,22.827122134478717,False,0,True,1,7,2.0794415416798357
horseshoe,1002,9,9,234,16.534999999999922,22.93049305058505,20.235163527182287,19.6469749422377,22.44730642538771,False,0,True,19,55,4.02535169073515
horseshoe,1002,9,10,235,16.504999999999928,22.464400588071854,19.448767550433526,19.406752794578654,22.319264907836914,False,0,True,10,37,3.6375861597263857
horseshoe,1002,9,11,236,20.499999999999968,22.685961940199178,18.95704792732212,18.829412264830935,22.44730642538771,False,0,True,4,15,2.772588722239781
horseshoe,1002,9,12,237,21.67499999999995,23.036801333721996,18.834165805134152,18.709417515158545,22.82712213447872,False,0,True,7,23,3.1780538303479458
horseshoe,1002,9,13,238,28.72499999999991,23.899414249292516,19.07778069600574,18.993659924946527,23.446479556378353,True,3,True,7,19,2.995732273553991
horseshoe,1002,9,14,239,26.4749999999999,24.80172462812083,19.414284778367954,19.527524340188812,24.28705955217782,False,0,True,7,26,3.295836866004329
horseshoe,1002,9,15,240,26.11499999999987,25.614488364427068,20.152022202104416,20.21162030033092,25.32684503155692,False,0,True,6,12,2.5649493574615367
horseshoe,1002,9,16,241,26.39499999999988,26.85828789975696,21.368970032699377,21.75930847135633,26.542435010226004,True,1,True,4,6,1.9459101490553132
horseshoe,1002,9,17,242,23.839999999999947,28.625525178099167,22.686211546210497,22.91787374600156,27.910868720800266,False,0,True,2,3,1.3862943611198906
horseshoe,1002,9,18,243,25.39999999999996,30.875885133516793,23.852585606626427,24.333463316662794,29.410819245398898,True,1,True,7,10,2.3978952727983707
horseshoe,1002,10,4,254,7.307999999999999,24.861603431856686,28.60338734673552,29.827296391311606,23.923601760685944,False,0,True,1,1,0.6931471805599453
horseshoe,1002,10,7,257,7.478999999999998,20.51207416107014,21.537992773349877,21.635706345015404,20.434658512426687,False,0,False,0,0,0.0
horseshoe,1002,10,8,258,11.846999999999952,19.99037834061103,20.237196884582197,19.99037834061103,19.72093734775892,False,0,True,5,47,3.871201010907891
horseshoe,1002,10,9,259,17.049999999999937,19.726852664686213,19.16500134893453,19.33030194576874,19.280026729418108,False,0,True,20,99,4.605170185988092
horseshoe,1002,10,10,260,19.454999999999917,19.197541519514637,18.296187675641455,17.881850956591794,19.13079849243164,False,0,True,13,102,4.634728988229636
horseshoe,1002,10,11,261,22.314999999999966,19.554607787653573,17.841126986271444,17.764444540593324,19.280026729418108,False,0,True,6,54,4.007333185232471
horseshoe,1002,10,12,262,21.144999999999925,19.95189333709444,17.68811088602611,17.925887703695196,19.72093734775892,False,0,True,11,47,3.871201010907891
horseshoe,1002,10,13,263,26.9649999999999,20.97923455394047,17.806811212360618,17.639035184164474,20.434658512426687,False,0,True,11,35,3.58351893845611
horseshoe,1002,10,14,264,26.394999999999893,21.681072335554873,18.17934510838343,17.870894247093027,21.393903959372544,False,0,True,9,27,3.332204510175204
horseshoe,1002,10,15,265,24.174999999999876,22.88128511708032,18.961832184109504,19.16390161156807,22.567386738041336,False,0,True,3,12,2.5649493574615367
horseshoe,1002,10,16,266,22.39999999999994,24.118222708523437,20.103679079184108,20.417336929756143,23.923601760685944,False,0,True,4,6,1.9459101490553132
horseshoe,1002,10,17,267,26.35499999999995,25.93668004552066,21.276793085361742,21.587025425473637,25.43333359356518,False,0,True,4,4,1.6094379124341003
horseshoe,1002,10,18,268,24.809999999999935,27.787890022180505,22.85280364585531,22.890007078956216,27.0709097301393,True,2,True,10,17,2.8903717578961645
horseshoe,1002,11,3,278,6.518999999999997,24.314190303879986,28.98020563733319,30.40800195368521,23.130606537177748,False,0,True,1,4,1.6094379124341003
horseshoe,1002,11,4,279,7.268000000000001,23.01086974109253,26.89814722209412,28.176262725451615,21.45947861202724,True,1,True,6,21,3.091042453358316
horseshoe,1002,11,5,280,9.934999999999944,21.033793860719534,24.817840818884623,25.999486820174457,19.93633480057162,True,2,True,9,41,3.7376696182833684
horseshoe,1002,11,6,281,10.394999999999941,19.105627613896317,22.355414767163293,23.338275356200764,18.59757047893663,False,0,True,8,37,3.6375861597263857
horseshoe,1002,11,7,282,10.810999999999973,17.843700078582742,20.86776872821497,21.73690022361609,17.485587482714198,False,0,True,5,58,4.07753744390572
horseshoe,1002,11,8,283,11.99999999999996,16.779144186849955,19.53814440236417,19.963005151174038,16.645896520475898,False,0,True,15,170,5.14166355650266
horseshoe,1002,11,9,284,15.439999999999982,16.53888475778742,18.450161251083927,18.900069842642882,16.121102064785635,False,0,True,11,183,5.214935757608986
horseshoe,1002,11,10,285,16.914999999999953,16.01567063468188,17.60113728898834,17.185448902315354,15.942332077026364,False,0,True,10,164,5.10594547390058
horseshoe,1002,11,11,286,20.719999999999953,16.416650231062928,17.12238579057252,17.105637813556996,16.121102064785635,False,0,True,8,127,4.852030263919617
horseshoe,1002,11,12,287,17.844999999999963,17.033028283569788,16.92490423347494,17.033028283569788,16.645896520475898,False,0,True,9,69,4.248495242049359
horseshoe,1002,11,13,288,22.794999999999913,17.712331873626717,17.007533421979733,16.729645906186054,17.485587482714198,False,0,True,14,48,3.8918202981106265
horseshoe,1002,11,14,289,26.029999999999937,18.80025343088077,17.414919149505184,17.31260953561505,18.59757047893663,False,0,True,11,36,3.6109179126442243
horseshoe,1002,11,15,290,24.95499999999995,20.12002159063986,18.07926629294154,17.833528565043625,19.93633480057162,True,1,True,11,28,3.367295829986474
horseshoe,1002,11,16,291,23.7749999999999,21.815386238295382,19.11825918431119,19.598039885226665,21.45947861202724,False,0,True,4,12,2.5649493574615367
horseshoe,1002,11,17,292,22.92499999999995,23.553711739081432,20.32202593518706,20.211032102749396,23.130606537177748,True,1,True,9,22,3.1354942159291497
horseshoe,1002,11,18,293,20.854999999999954,25.19842916777568,22.32450864354012,22.513726905071383,24.91996498218867,False,0,True,6,12,2.5649493574615367
horseshoe,1002,12,3,303,3.137999999999995,21.269458470045087,28.181025383152992,29.579490806932654,21.06010674327706,False,0,True,1,1,0.6931471805599453
horseshoe,1002,12,5,305,8.110999999999992,17.66898382283284,23.98210803927771,25.49865740014376,17.491728975175004,False,0,True,8,17,2.8903717578961645
horseshoe,1002,12,6,306,10.216999999999935,17.31149381412588,22.232159389861035,23.579664905236672,15.949067840457293,False,0,True,8,34,3.5553480614894135
horseshoe,1002,12,7,307,10.936999999999978,15.24445887369743,20.600343306767392,21.51180777255251,14.637243827857255,False,0,True,8,57,4.060443010546419
horseshoe,1002,12,8,308,11.416999999999982,13.65984307360744,19.175425635580577,19.688208309939196,13.623105674951121,False,0,True,9,130,4.875197323201151
horseshoe,1002,12,9,309,14.549999999999992,13.365941837656134,18.242969848643398,18.81604497411547,12.976635505543399,False,0,True,11,156,5.056245805348308
horseshoe,1002,12,10,310,16.749999999999993,12.797733878486552,17.318984957905514,17.140734700111658,12.753865661621091,False,0,True,4,61,4.127134385045092
horseshoe,1002,12,11,311,22.094999999999967,13.077913503225517,16.824757347859176,16.697914977223935,12.976635505543399,False,0,True,14,87,4.477336814478207
horseshoe,1002,12,12,312,18.04499999999992,14.016732765277805,16.632443386827166,16.348515154143957,13.623105674951123,False,0,True,6,45,3.828641396489095
horseshoe,1002,12,13,313,21.10499999999999,14.992852793461394,16.675343289102617,16.298790843819965,14.637243827857256,False,0,True,9,61,4.127134385045092
horseshoe,1002,12,14,314,24.96499999999994,16.174359795082633,17.003987607081665,16.76562848275107,15.949067840457294,False,0,True,6,36,3.6109179126442243
horseshoe,1002,12,15,315,22.82499999999996,17.714995504728815,17.65441337227086,17.63157845553012,17.491728975175004,True,1,True,8,27,3.332204510175204
horseshoe,1002,12,16,316,19.97999999999998,19.45701568197505,18.665311709750178,18.362689340271604,19.209694416115745,False,0,True,5,16,2.833213344056216
horseshoe,1002,12,17,317,20.579999999999917,21.370537234364285,19.99230207977513,19.93794453668221,21.06010674327706,False,0,True,8,34,3.5553480614894135
horseshoe,1002,12,18,318,16.091999999999985,23.511211691793072,21.50245437976611,21.622700111562636,23.011036308128396,False,0,False,0,3,1.3862943611198906
horseshoe,1002,12,19,319,18.154999999999966,25.33653592303392,23.58191595874929,23.448024342803485,25.038998529651437,False,0,False,0,1,0.6931471805599453
horseshoe,1002,13,4,329,3.592999999999997,17.322257675908805,26.55103918334304,27.435127326628756,17.2582772310963,False,0,True,1,2,1.0986122886681098
horseshoe,1002,13,5,330,10.883999999999963,15.420411701458308,24.449528911596865,25.632271910719442,15.32306614114177,False,0,False,0,2,1.0986122886681098
horseshoe,1002,13,6,331,11.33999999999995,13.632943577192473,22.644044545719446,23.711063086752173,13.535454865069646,True,1,True,6,21,3.091042453358316
horseshoe,1002,13,7,332,10.948999999999947,12.129204561598652,20.752157750894337,21.69025673929363,11.96180088034297,True,1,True,15,53,3.9889840465642745
horseshoe,1002,13,8,333,10.715999999999957,10.71145211960026,19.41600189280286,19.973130132675028,10.69695197968627,False,0,True,4,26,3.295836866004329
horseshoe,1002,13,9,334,8.85999999999997,10.265409284073106,18.388978619607197,18.797020290437743,9.860468673879458,False,0,True,6,78,4.3694478524670215
horseshoe,1002,13,10,335,13.167999999999994,9.613079592426775,17.44565006812622,17.438431716264624,9.565399246215819,False,0,True,5,73,4.30406509320417
horseshoe,1002,13,11,336,14.626999999999947,10.00451406433748,16.906972177196845,16.71226202536913,9.860468673879458,False,0,True,15,108,4.6913478822291435
horseshoe,1002,13,12,337,21.004999999999953,10.995161039968218,16.725125989835,16.203418565403883,10.696951979686272,False,0,True,16,105,4.663439094112067
horseshoe,1002,13,13,338,21.86999999999998,12.070828580094753,16.774039546392558,16.29859172881067,11.96180088034297,False,0,True,12,130,4.875197323201151
horseshoe,1002,13,14,339,22.309999999999985,13.706711017795872,17.065630985796187,16.339921983448917,13.53545486506965,False,0,True,12,111,4.718498871295094
horseshoe,1002,13,15,340,22.15999999999997,15.622859539990754,17.80212727314847,17.262085832632987,15.32306614114177,False,0,True,9,44,3.8066624897703196
horseshoe,1002,13,16,341,18.874999999999968,17.589238857577147,18.656414768050418,17.788740187335748,17.2582772310963,False,0,True,11,53,3.9889840465642745
horseshoe,1002,13,17,342,18.544999999999966,19.631859619859686,19.84253312863827,19.631859619859686,19.296732092845478,False,0,True,8,55,4.02535169073515
horseshoe,1002,13,18,343,15.819999999999913,21.5495212342475,21.298149384563725,20.731168939779394,21.408959932673795,False,0,True,6,28,3.367295829986474
horseshoe,1002,13,19,344,9.726999999999977,23.71406365512782,23.09648021416102,22.797714449087465,23.575139889144143,False,0,True,2,6,1.9459101490553132
horseshoe,1002,13,20,345,5.75899999999999,26.013872472838052,25.228085555220044,25.266973008230078,25.781676354432477,False,0,True,1,1,0.6931471805599453
horseshoe,1002,14,5,355,9.03799999999998,13.779593525672688,24.67408596344502,25.34818282648913,13.56336114519438,False,0,True,4,11,2.4849066497880004
horseshoe,1002,14,6,356,10.768999999999961,11.568260445003553,22.861474740874765,23.378984328716335,11.505518154064198,False,0,True,14,45,3.828641396489095
horseshoe,1002,14,7,357,11.477999999999984,9.670322815270081,21.250602047492293,21.67421257303554,9.60484720805787,False,0,True,14,90,4.51085950651685
horseshoe,1002,14,8,358,10.691999999999963,8.02803961681813,19.946887891304314,19.909616177497412,7.974533920228646,False,0,True,11,64,4.174387269895637
horseshoe,1002,14,9,359,10.774999999999961,6.844749400865752,18.816229282595746,18.472216026565253,6.811552837475561,False,0,True,4,24,3.2188758248682006
horseshoe,1002,14,10,360,12.556999999999986,6.424250297801729,17.987068176069958,17.557283708028017,6.376932830810546,False,0,True,11,74,4.31748811353631
horseshoe,1002,14,11,361,11.182999999999963,6.881725455930403,17.484045016636927,16.779423528223422,6.811552837475561,False,0,True,7,77,4.356708826689592
horseshoe,1002,14,12,362,14.410999999999966,8.020686086270443,17.236599668523517,16.343614083813762,7.974533920228648,False,0,True,15,130,4.875197323201151
horseshoe,1002,14,13,363,18.114999999999984,9.775182433452079,17.239268285456948,16.308365926371312,9.604847208057873,False,0,True,15,218,5.389071729816501
horseshoe,1002,14,14,364,19.73499999999995,11.60867285729081,17.56605754315345,16.255541035241198,11.5055181540642,False,0,True,14,264,5.579729825986222
horseshoe,1002,14,15,365,19.18999999999996,13.706270006455956,18.18201821666723,16.99574889190771,13.56336114519438,False,0,True,12,116,4.762173934797756
horseshoe,1002,14,16,366,19.18999999999998,15.852007974877857,19.17406554413377,18.084873404592027,15.716759926096097,False,0,True,11,94,4.553876891600541
horseshoe,1002,14,17,367,19.309999999999967,18.243001441327827,20.20898281305199,19.689417035125825,17.93132117419728,False,0,True,13,87,4.477336814478207
horseshoe,1002,14,18,368,17.262,20.38533699242507,21.545832054544174,21.655334904690182,20.186925842930993,False,0,True,14,62,4.143134726391533
horseshoe,1002,14,19,369,17.019999999999975,22.755428974477617,23.209222250301053,23.498257778208206,22.47121782151289,False,0,True,16,50,3.9318256327243257
horseshoe,1002,14,20,370,15.22499999999999,25.00815598689897,25.186817285810505,25.61399949061859,24.77626374645431,False,0,True,5,8,2.1972245773362196
horseshoe,1002,15,6,381,8.801999999999992,10.595401866720378,23.931672116939755,24.16216425654145,10.093462921465495,False,0,True,1,3,1.3862943611198906
horseshoe,1002,15,7,382,8.963999999999988,7.903400166721726,22.263856545105618,22.19948779238091,7.858379963048047,False,0,True,8,32,3.4965075614664802
horseshoe,1002,15,8,383,10.691999999999958,5.7886059241908985,20.885040044267612,20.35682157067883,5.752759077032099,False,0,True,10,48,3.8918202981106265
horseshoe,1002,15,9,384,10.538999999999959,4.026946458814573,19.866305177177015,19.51592403447507,3.987266960114323,False,0,True,10,72,4.290459441148391
horseshoe,1002,15,10,385,9.120000000000005,3.2129651458345103,18.990942004180297,18.268125682849778,3.188466415405273,False,0,True,14,262,5.572154032177765
horseshoe,1002,15,11,386,12.879999999999981,4.050227621427993,18.42536207737798,17.422481101307685,3.987266960114323,False,0,True,11,364,5.8998973535824915
horseshoe,1002,15,12,387,12.409000000000011,5.815024998952749,18.162070075092707,16.914060127740512,5.752759077032102,False,0,True,6,343,5.840641657373398
horseshoe,1002,15,13,388,15.194999999999967,8.004377498526507,18.167616131628158,16.733946567252126,7.85837996304805,False,0,True,10,366,5.905361848054571
horseshoe,1002,15,14,389,14.66899999999996,10.307362011333618,18.462566554027372,16.34693033882981,10.093462921465498,False,0,True,10,316,5.75890177387728
horseshoe,1002,15,15,390,14.943999999999974,12.53554021407143,19.10003427382043,17.730476546917657,12.388131873227154,False,0,True,15,286,5.659482215759621
horseshoe,1002,15,16,391,15.272999999999978,14.913122122396848,19.9352351695822,19.494830978879175,14.71453663314065,False,0,True,9,94,4.553876891600541
horseshoe,1002,15,17,392,14.692999999999959,17.301998713221312,21.030962149671208,20.60434625236365,17.059698848623142,False,0,True,7,57,4.060443010546419
horseshoe,1002,15,18,393,14.948999999999952,19.664082618628786,22.286634210473757,22.05061000443836,19.41682313720484,False,0,True,7,25,3.258096538021482
horseshoe,1002,15,19,394,11.582999999999984,22.118023734003156,23.884607392717477,24.041711003771816,21.7820264469442,False,0,True,14,40,3.713572066704308
horseshoe,1002,15,20,395,11.73899999999998,24.500578987663378,25.653346754140944,25.97623868029516,24.152935452804986,True,1,True,10,38,3.6635616461296463
horseshoe,1002,16,8,408,8.102999999999989,4.833051561666385,22.196318385356896,21.68463566928776,4.788310653686523,False,0,True,4,15,2.772588722239781
horseshoe,1002,16,9,409,10.302999999999955,2.3980114645723667,21.118457458040808,20.150947078306395,2.3941553268432614,False,0,True,14,95,4.564348191467836
horseshoe,1002,16,10,410,8.964999999999984,0.0,20.313217881364615,19.556757886473452,0.0,False,0,True,10,125,4.836281906951478
horseshoe,1002,16,11,411,10.002999999999984,2.399285351196554,19.80951738585693,18.769851671062163,2.3941553268432614,False,0,True,8,186,5.231108616854587
horseshoe,1002,16,12,412,12.982000000000015,4.82499126728822,19.50446886421739,17.81374248835557,4.788310653686526,False,0,True,6,215,5.375278407684165
horseshoe,1002,16,13,413,6.590999999999993,7.232651856643492,19.487908612085352,17.572552248451455,7.182465980529788,False,0,True,10,272,5.60947179518496
horseshoe,1002,16,14,414,13.32899999999999,9.628561910431742,19.82408695396779,17.694501768656906,9.576621307373049,False,0,True,11,129,4.867534450455582
horseshoe,1002,16,15,415,14.460999999999995,12.083594531771553,20.38255311990134,18.90206327036034,11.97077663421631,False,0,True,5,89,4.499809670330265
horseshoe,1002,16,16,416,18.054999999999986,14.464993406797666,21.172648074558694,20.06444825630706,14.364931961059572,False,0,True,7,55,4.02535169073515
horseshoe,1002,16,17,417,9.979000000000003,16.859059482897543,22.204428891030773,21.803730549919827,16.759087287902833,False,0,True,5,34,3.5553480614894135
horseshoe,1002,16,18,418,10.122999999999983,19.94884542429408,23.588930587922892,23.934765798465303,19.153242614746095,False,0,True,9,31,3.4657359027997265
horseshoe,1002,16,19,419,10.231000000000005,22.082167415774933,25.036217601485156,25.258405351516735,21.547397941589356,False,0,True,7,29,3.4011973816621555
horseshoe,1002,16,20,420,10.553999999999975,24.468945426169896,26.7904709595843,27.305072623024394,23.941553268432617,False,0,True,11,35,3.58351893845611
horseshoe,1002,16,21,421,10.867999999999988,26.879194377532226,28.63316477940917,29.267597981439096,26.33570859527588,False,0,True,3,9,2.302585092994046
horseshoe,1002,17,8,433,7.684999999999999,5.859094115737158,24.176653538821316,23.667850602603693,5.752759077032099,False,0,True,5,93,4.543294782270004
horseshoe,1002,17,9,434,7.6849999999999925,4.040661346950733,22.85076727708172,22.44863000131334,3.987266960114323,False,0,True,2,37,3.6375861597263857
horseshoe,1002,17,10,435,6.355999999999997,3.2752724227744965,22.087779763632913,20.867183423518266,3.188466415405273,False,0,True,7,38,3.6635616461296463
horseshoe,1002,17,11,436,8.696999999999996,4.102376168131896,21.512081368154455,20.173608228522355,3.987266960114323,False,0,True,6,48,3.8918202981106265
horseshoe,1002,17,12,437,8.565999999999999,7.407344981125983,21.365101702186475,19.985569140168632,5.752759077032102,False,0,True,17,98,4.59511985013459
horseshoe,1002,17,13,438,10.966000000000019,8.469897163520875,21.22859315680032,19.53475453037085,7.85837996304805,False,0,True,14,137,4.927253685157205
horseshoe,1002,17,14,439,6.297999999999993,10.394510824709593,21.515845784582798,19.55960359544355,10.093462921465498,False,0,True,8,60,4.110873864173311
horseshoe,1002,17,15,440,8.74999999999999,12.604031605450514,22.05392932215196,20.19833574445213,12.388131873227154,False,0,True,11,51,3.9512437185814275
horseshoe,1002,17,16,441,8.97999999999998,15.01903501240065,22.884202374597365,21.821224179612898,14.71453663314065,False,0,True,11,40,3.713572066704308
horseshoe,1002,17,17,442,8.288999999999996,17.47003242964715,23.844810923291202,22.929698493270585,17.059698848623142,False,0,True,7,35,3.58351893845611
horseshoe,1002,17,18,443,6.919999999999996,19.556757886473452,25.019204418895278,24.707779752763766,19.41682313720484,False,0,True,8,36,3.6109179126442243
horseshoe,1002,17,19,444,7.210999999999996,22.50148409894131,26.619774737359617,26.925625487529658,21.7820264469442,True,1,True,3,24,3.2188758248682006
horseshoe,1002,17,20,445,7.7079999999999975,24.76332819743369,28.23475056161094,28.767073694987513,24.152935452804986,False,0,True,1,3,1.3862943611198906
horseshoe,1002,18,8,458,5.880999999999998,8.37420805090408,26.13442689582853,25.877459793437797,7.974533920228646,False,0,False,0,1,0.6931471805599453
horseshoe,1002,18,9,459,6.253999999999997,7.207106019329657,24.912107242600648,24.26008362861379,6.811552837475561,False,0,True,1,3,1.3862943611198906
horseshoe,1002,18,10,460,8.636999999999976,6.533778661122627,24.09924998613625,23.129475413176756,6.376932830810546,False,0,True,9,40,3.713572066704308
horseshoe,1002,18,11,461,7.865999999999994,6.8328310442670865,23.609864329081685,22.775481555955682,6.811552837475561,False,0,True,11,34,3.5553480614894135
horseshoe,1002,18,12,462,7.664999999999996,8.070758361742174,23.404261236502244,21.914715664529666,7.974533920228648,False,0,True,15,26,3.295836866004329
horseshoe,1002,18,13,463,5.922999999999995,9.957456700637893,23.360374351226945,22.02035384760206,9.604847208057873,False,0,True,7,18,2.9444389791664403
horseshoe,1002,18,14,464,5.703999999999994,12.206715976563947,23.57339909416809,22.477175131693834,11.5055181540642,False,0,True,4,15,2.772588722239781
horseshoe,1002,18,15,465,6.559999999999998,14.241026669644409,24.102838019397456,22.96297391920578,13.56336114519438,False,0,True,13,42,3.7612001156935624
horseshoe,1002,18,16,466,5.394999999999998,16.191222583607335,24.849350202921677,23.39022389880709,15.716759926096097,False,0,True,5,29,3.4011973816621555
horseshoe,1002,18,17,467,6.676999999999996,18.30512839053251,25.85999851804966,24.809857303607437,17.93132117419728,False,0,True,15,45,3.828641396489095
horseshoe,1002,18,18,468,7.300999999999997,20.48703968921149,27.02242937973926,26.679018749688396,20.186925842930993,False,0,True,11,35,3.58351893845611
horseshoe,1002,18,19,469,7.085999999999996,22.84057738067542,28.32485615090704,27.84113400284781,22.47121782151289,False,0,True,3,9,2.302585092994046
horseshoe,1002,19,8,483,5.9609999999999985,11.424450392023555,29.021080614392027,28.48072695434148,10.69695197968627,False,0,True,1,1,0.6931471805599453
horseshoe,1002,19,9,484,8.014999999999988,9.933829600612492,27.358096336207364,26.98680720989662,9.860468673879458,False,0,True,8,16,2.833213344056216
horseshoe,1002,19,10,485,7.894999999999991,9.6735432669565,26.470535742592286,25.707038870932674,9.565399246215819,False,0,True,13,21,3.091042453358316
horseshoe,1002,19,11,486,7.678999999999998,9.900937412600477,25.997026711665725,25.429352633762758,9.860468673879458,False,0,True,1,3,1.3862943611198906
horseshoe,1002,19,12,487,5.818999999999995,10.813411654321413,25.836266673420695,24.481389177315158,10.696951979686272,False,0,False,0,2,1.0986122886681098
horseshoe,1002,19,13,488,2.3559999999999985,12.059423522820783,25.79222644742186,24.653131380876523,11.96180088034297,False,0,True,1,1,0.6931471805599453
horseshoe,1002,19,15,490,4.433999999999992,17.05355805641176,26.881587657151893,26.166387627949163,15.32306614114177,False,0,False,0,2,1.0986122886681098
horseshoe,1002,19,16,491,2.883999999999998,18.068149536203713,27.31694771892769,26.22695418122637,17.2582772310963,False,0,True,1,2,1.0986122886681098
horseshoe,1002,19,17,492,7.065999999999996,19.984823935551088,28.19625844428451,27.25212436657478,19.296732092845478,False,0,True,12,27,3.332204510175204
horseshoe,1002,19,18,493,6.557999999999995,22.032739716607953,29.278023084800225,28.433091920664335,21.408959932673795,False,0,True,3,6,1.9459101490553132
horseshoe,1002,20,8,508,5.602999999999998,13.91619578487955,31.13796322507929,30.964234089647988,13.623105674951121,False,0,True,2,3,1.3862943611198906
horseshoe,1002,20,9,509,8.578999999999944,13.001120257144319,29.903273042714783,29.427975052378983,12.976635505543399,False,0,True,5,9,2.302585092994046
horseshoe,1002,20,10,510,5.886999999999996,12.826684922698046,29.25836277274053,28.772028168692906,12.753865661621091,False,0,True,8,18,2.9444389791664403
horseshoe,1002,21,9,534,5.815999999999996,16.168540952172535,32.93254848993888,32.47137420687436,16.121102064785642,False,0,True,3,6,1.9459101490553132
horseshoe,1002,21,10,535,5.360999999999997,16.38787724218887,33.1620153167088,32.690710496890695,15.942332077026371,False,0,True,1,1,0.6931471805599453
horseshoe,1003,2,6,56,11.42499999999999,20.99607382928786,38.22154715496384,33.06388187620796,20.677850331724844,False,0,True,2,3,1.3862943611198906
horseshoe,1003,2,7,57,11.432999999999979,19.924024664545186,37.607952929888235,32.12035277437883,19.512038297009813,False,0,False,0,2,1.0986122886681098
horseshoe,1003,3,4,79,3.959999999999997,21.23379784080968,37.547629957358645,32.32688989587838,20.98618296576276,False,0,True,2,7,2.0794415416798357
horseshoe,1003,3,5,80,3.9659999999999966,19.71192923638687,36.20378455165763,30.805021291455567,19.521056786932398,False,0,True,7,21,3.091042453358316
horseshoe,1003,3,6,81,10.713999999999976,18.28889973868692,35.12124149295062,29.82002814645573,18.10995917894642,True,1,True,9,34,3.5553480614894135
horseshoe,1003,3,7,82,11.988999999999981,17.06156773328257,34.32729906603512,28.87620309592807,16.76653707913086,False,0,True,18,77,4.356708826689592
horseshoe,1003,3,8,83,12.569999999999988,15.811533106708735,33.862555514841205,28.28995360801546,15.508387748793634,True,1,True,9,65,4.189654742026425
horseshoe,1003,3,9,84,11.009999999999946,15.098595470057491,33.70390517643023,27.889686690278474,14.357945406160765,False,0,True,8,62,4.143134726391533
horseshoe,1003,3,10,85,7.524999999999997,14.812259916983479,33.863657158143454,27.928239036552522,13.343098694979052,False,0,True,2,7,2.0794415416798357
horseshoe,1003,3,11,86,11.23799999999997,13.797801708453717,33.88614747266454,27.838360765719152,12.496925624324902,False,0,False,0,0,0.0
horseshoe,1003,3,12,87,7.973999999999996,12.014601492318079,33.8561405499183,27.275651370281345,11.855597754401215,False,0,True,2,2,1.0986122886681098
horseshoe,1003,4,6,106,5.400999999999997,16.410483803108704,32.052522857911804,26.50553100571994,16.02578273484504,False,0,True,1,5,1.791759469228055
horseshoe,1003,4,7,107,7.499999999999997,14.848259164656122,31.45835433547861,25.9397856253222,14.490405668138546,False,0,True,9,35,3.58351893845611
horseshoe,1003,4,8,108,7.767999999999997,13.1601204038257,30.850965798908152,24.844856504552617,13.01403785795493,True,1,True,13,94,4.553876891600541
horseshoe,1003,4,9,109,11.579999999999972,11.793779050298332,30.5925441554301,24.309127108956524,11.61919476933082,False,0,True,19,156,5.056245805348308
horseshoe,1003,4,10,110,15.48499999999997,10.534800433535342,30.43218860403945,23.972749217467562,10.338925165862422,False,0,True,8,56,4.04305126783455
horseshoe,1003,4,11,111,17.119999999999976,9.257992874557255,30.525539419383595,24.061246666036954,9.22107590583984,False,0,True,12,36,3.6109179126442243
horseshoe,1003,4,12,112,15.649999999999952,8.51124009007895,30.74856803053199,23.911011778955633,8.331283749549934,True,1,True,9,16,2.833213344056216
horseshoe,1003,4,13,113,14.379999999999963,7.910353502276047,31.25198700530333,24.138924741138307,7.748517132204567,False,0,True,7,8,2.1972245773362196
horseshoe,1003,4,14,114,7.649999999999997,7.889899829053195,31.7912140265567,25.05019180861845,7.54426453399658,False,0,True,2,9,2.302585092994046
horseshoe,1003,5,5,130,14.335999999999933,16.69973146449321,30.230298624080493,24.726318797326034,16.347470855175185,False,0,True,1,3,1.3862943611198906
horseshoe,1003,5,6,131,13.489999999999915,14.934623901098082,29.629704819587094,24.316833919358032,14.633481019404384,False,0,True,2,2,1.0986122886681098
horseshoe,1003,5,7,132,11.88200000000002,13.125004072296251,28.99095752803876,22.78609300774193,12.933866819634133,False,0,True,2,5,1.791759469228055
horseshoe,1003,5,8,133,14.75699999999996,11.48336605345165,28.36338193838203,21.865061303895537,11.255142640104353,True,1,True,9,21,3.091042453358316
horseshoe,1003,5,9,134,12.162999999999982,9.85287426410876,27.922184247813945,21.1056007901644,9.608264232859945,False,0,True,12,59,4.0943445622221
horseshoe,1003,5,10,135,9.412999999999933,8.344595133860324,27.835427738685194,20.592709090978627,8.01289136742252,False,0,True,15,114,4.74493212836325
horseshoe,1003,5,11,136,14.994999999999978,6.701021917630116,27.84712753281307,20.432574599176853,6.507018928977466,False,0,True,15,150,5.017279836814924
horseshoe,1003,5,12,137,17.85499999999998,5.308385532853064,28.156030472886354,20.83693626958563,5.169462582931212,False,0,True,7,211,5.356586274672012
horseshoe,1003,5,13,138,15.159999999999963,4.276331145652842,28.44844863560737,21.06923914739549,4.165641874774968,False,0,True,9,191,5.2574953720277815
horseshoe,1003,5,14,139,15.469999999999953,3.8483040316970563,28.985369676726783,21.83258495378396,3.772132266998291,False,0,True,8,124,4.8283137373023015
horseshoe,1003,5,15,140,15.029999999999974,4.165771239490814,29.72391833414797,22.76437712668079,4.165641874774968,False,0,True,3,14,2.70805020110221
horseshoe,1003,6,4,154,13.463999999999919,18.01741511027906,28.8780411124825,23.441960560813037,17.67368209838867,True,1,True,1,1,0.6931471805599453
horseshoe,1003,6,5,155,14.478999999999914,16.285587663116356,28.347483010549436,22.91126910757524,15.906313888549805,False,0,True,3,5,1.791759469228055
horseshoe,1003,6,6,156,14.439999999999925,14.462813683038497,28.06935661534374,21.865812762071233,14.138945678710938,False,0,True,8,20,3.044522437723423
horseshoe,1003,6,7,157,15.234999999999964,12.650622345188403,26.368228959066258,19.669411668177958,12.37157746887207,False,0,True,14,40,3.713572066704308
horseshoe,1003,6,8,158,14.184999999999912,10.924201302847857,26.05308867872531,19.580020197290672,10.604209259033203,False,0,True,13,33,3.5263605246161616
horseshoe,1003,6,9,159,15.924999999999944,9.146697906834499,25.841538503417475,18.272234120240192,8.836841049194335,False,0,True,12,59,4.0943445622221
horseshoe,1003,6,10,160,15.046999999999969,7.422430316049206,25.616421585013477,17.790880910518243,7.06947283935547,False,0,True,14,103,4.6443908991413725
horseshoe,1003,6,11,161,13.834999999999992,5.470562544201032,25.647379813901154,17.597138897413146,5.302104629516602,False,0,True,7,90,4.51085950651685
horseshoe,1003,6,12,162,17.439999999999973,3.6268112144337983,25.824465470506624,18.22830892923483,3.534736419677735,False,0,True,25,397,5.986452005284438
horseshoe,1003,6,13,163,15.669999999999979,1.7734389702876463,26.206992100302347,18.824313776220134,1.7673682098388674,False,0,True,23,537,6.2878585601617845
horseshoe,1003,6,14,164,15.51999999999996,0.0,26.837505478036743,19.666315556729412,0.0,False,0,True,10,198,5.293304824724492
horseshoe,1003,6,15,165,15.719999999999962,1.7844973220445621,27.5287386086263,19.881922970999682,1.7673682098388674,False,0,True,10,95,4.564348191467836
horseshoe,1003,6,16,166,15.124999999999943,3.537648704574236,28.308701782968882,20.56383265316139,3.534736419677735,False,0,True,7,98,4.59511985013459
horseshoe,1003,6,17,167,9.518999999999965,5.304384942677142,29.197391340805254,21.797805680600415,5.302104629516602,False,0,True,11,55,4.02535169073515
horseshoe,1003,6,18,168,4.738999999999998,7.074121138435064,30.268969955235917,23.022041718877194,7.06947283935547,False,0,True,10,29,3.4011973816621555
horseshoe,1003,6,19,169,5.819,8.942533344880431,31.464787365531432,24.294214021698295,8.836841049194337,False,0,False,0,3,1.3862943611198906
horseshoe,1003,7,3,178,15.037999999999924,21.309342217033805,28.012867217659835,22.650769002087106,19.803621358902106,False,0,True,2,3,1.3862943611198906
horseshoe,1003,7,4,179,18.024999999999924,19.8783896946785,27.22703791549332,21.648029730959845,18.071746477710278,False,0,True,9,26,3.295836866004329
horseshoe,1003,7,5,180,15.098999999999947,16.681143191814353,26.31542896206468,20.42000279815152,16.347470855175185,False,0,True,5,15,2.772588722239781
horseshoe,1003,7,6,181,15.361999999999965,14.926011306998918,25.33246148484147,19.222720908261067,14.633481019404384,False,0,True,7,17,2.8903717578961645
horseshoe,1003,7,7,182,13.780999999999935,13.100919825851733,24.657824434668367,18.21758231463779,12.933866819634133,False,0,True,9,13,2.6390573296152584
horseshoe,1003,7,8,183,16.94499999999993,11.408836709637459,24.27828008270034,16.921222142387514,11.255142640104353,False,0,True,2,5,1.791759469228055
horseshoe,1003,7,9,184,16.88399999999994,9.706297742674058,24.0719545918397,16.503486988407328,9.608264232859945,False,0,True,10,73,4.30406509320417
horseshoe,1003,7,10,185,13.919999999999904,8.078681985758415,23.90689371553041,16.18718649928585,8.01289136742252,False,0,True,32,522,6.259581464064923
horseshoe,1003,7,11,186,15.259999999999977,6.591839732713016,23.98700722116114,16.147898514527586,6.507018928977466,False,0,True,9,586,6.375024819828097
horseshoe,1003,7,12,187,17.524999999999967,5.250099498426809,24.235916261358597,16.291861518201628,5.169462582931212,False,0,True,8,379,5.940171252720432
horseshoe,1003,7,13,188,17.729999999999986,4.233747532250409,24.58336256252032,16.99542624670474,4.165641874774968,False,0,True,13,215,5.375278407684165
horseshoe,1003,7,14,189,16.30999999999997,3.9304739772100943,25.11353457461398,17.979027266910293,3.772132266998291,False,0,True,17,125,4.836281906951478
horseshoe,1003,7,15,190,14.858999999999948,4.243313161981433,25.840968446443764,18.754623250611388,4.165641874774968,False,0,True,15,128,4.859812404361672
horseshoe,1003,7,16,191,16.16499999999997,5.497555478969415,26.6682194259041,19.537242242208904,5.169462582931212,False,0,True,8,93,4.543294782270004
horseshoe,1003,7,17,192,10.342999999999966,6.747583348051552,27.659981415711258,20.306910011813166,6.507018928977466,False,0,True,22,196,5.2832037287379885
horseshoe,1003,7,18,193,9.560999999999945,8.21112617094108,28.726341088737698,21.824899889616653,8.01289136742252,False,0,True,16,137,4.927253685157205
horseshoe,1003,7,19,194,5.737,9.729473210124812,29.934581892045617,23.33576127208941,9.608264232859947,False,0,True,4,21,3.091042453358316
horseshoe,1003,7,20,195,2.2420000000000004,11.533338474756144,31.209598689841233,24.827233135575444,11.255142640104351,False,0,True,1,2,1.0986122886681098
horseshoe,1003,8,2,202,17.78999999999994,22.74692175657419,27.85917575779071,23.424539296708,22.51028528020871,False,0,True,3,7,2.0794415416798357
horseshoe,1003,8,3,203,20.964999999999947,21.11786011489221,26.753952608482013,22.23028225511091,20.85354560850391,False,0,True,16,51,3.9512437185814275
horseshoe,1003,8,4,204,17.939999999999966,19.632048451433647,25.867559300976303,21.23748957713381,19.21652846571989,True,1,True,12,40,3.713572066704308
horseshoe,1003,8,5,205,17.72999999999992,18.1449899565175,24.906559125332947,19.82923457074766,17.60473654673625,False,0,True,9,39,3.6888794541139363
horseshoe,1003,8,6,206,18.02499999999994,16.502565182916317,24.130203122240623,19.110946000686717,16.02578273484504,True,1,True,10,48,3.8918202981106265
horseshoe,1003,8,7,207,17.889999999999908,14.574270682334982,23.555280548853666,17.868068729169423,14.490405668138546,False,0,True,19,63,4.1588830833596715
horseshoe,1003,8,8,208,15.649999999999888,13.340891703493863,23.161336242470657,16.562841671558402,13.01403785795493,False,0,True,14,101,4.624972813284271
horseshoe,1003,8,9,209,15.23499999999994,11.768119272127908,22.9206086132489,16.23309549228767,11.619194769330822,False,0,True,12,228,5.43372200355424
horseshoe,1003,8,10,210,15.61499999999994,10.494713820488375,22.768775922489557,15.549579535277093,10.338925165862424,False,0,True,16,355,5.87493073085203
horseshoe,1003,8,11,211,21.889999999999954,9.371690956824997,22.908897610515165,15.599482946009076,9.221075905839841,False,0,True,13,125,4.836281906951478
horseshoe,1003,8,12,212,22.01999999999997,8.393591966558974,23.194420075842054,15.771403556560056,8.331283749549936,False,0,True,6,50,3.9318256327243257
horseshoe,1003,8,13,213,17.624999999999943,7.882304364911041,23.4850845232691,16.07196724927237,7.748517132204569,False,0,True,17,110,4.709530201312334
horseshoe,1003,8,14,214,19.42499999999995,7.891581806510664,24.124331121475034,16.416155357827048,7.544264533996582,False,0,True,5,89,4.499809670330265
horseshoe,1003,8,15,215,16.720000000000002,8.433157942070537,24.88227713495778,17.60547256034645,7.748517132204569,False,0,True,18,121,4.804021044733257
horseshoe,1003,8,16,216,12.43499999999997,8.481587299087089,25.645291794808344,18.595894737632776,8.331283749549936,False,0,True,4,94,4.553876891600541
horseshoe,1003,8,17,217,11.683000000000002,9.616321572756023,26.601208603071985,19.937725905046367,9.221075905839841,False,0,True,15,136,4.919980925828125
horseshoe,1003,8,18,218,8.234999999999967,10.67538711165625,27.665219888847176,21.41936296259409,10.338925165862424,False,0,True,27,142,4.962844630259907
horseshoe,1003,8,19,219,3.8149999999999973,12.014936166195804,28.93645702940998,22.991361783137375,11.619194769330822,False,0,True,5,25,3.258096538021482
horseshoe,1003,9,2,227,17.43499999999994,24.540478611143993,27.385622208265964,23.266634468733564,24.03867410226756,True,1,True,2,3,1.3862943611198906
horseshoe,1003,9,3,228,17.664999999999907,23.22516417816752,26.228818611478683,21.90631193761532,22.494783254003604,False,0,True,5,11,2.4849066497880004
horseshoe,1003,9,4,229,17.589999999999947,21.214994410450917,25.185180196468238,20.499759326551096,20.98618296576276,False,0,True,7,17,2.8903717578961645
horseshoe,1003,9,5,230,22.264999999999933,19.71736623999748,24.213620513978263,19.547822685185533,19.521056786932395,False,0,True,15,38,3.6635616461296463
horseshoe,1003,9,6,231,19.05999999999992,18.29016811335454,23.499178301818397,18.53159912899898,18.10995917894642,False,0,True,13,37,3.6375861597263857
horseshoe,1003,9,7,232,17.86999999999995,16.92787464158872,22.977764356395312,17.357901484481648,16.76653707913086,False,0,True,11,65,4.189654742026425
horseshoe,1003,9,8,233,19.75999999999996,15.663108140855439,22.613808379723817,16.59937016056514,15.508387748793632,False,0,True,16,120,4.795790545596741
horseshoe,1003,9,9,234,18.474999999999934,14.593880686100414,22.353021324038373,16.200431741145607,14.357945406160763,False,0,True,9,94,4.553876891600541
horseshoe,1003,9,10,235,21.929999999999964,13.736309234863336,22.290281514572886,15.933540935444933,13.34309869497905,False,0,True,6,35,3.58351893845611
horseshoe,1003,9,11,236,21.399999999999974,12.589287373601215,22.353882318695288,15.613727907485526,12.4969256243249,False,0,True,4,15,2.772588722239781
horseshoe,1003,9,12,237,17.719999999999963,12.031938418896935,22.6610037869043,15.688088211908845,11.855597754401213,False,0,True,10,25,3.258096538021482
horseshoe,1003,9,13,238,19.639999999999958,11.665018871839033,23.15879509480237,15.694615615258838,11.45357703718432,False,0,True,11,41,3.7376696182833684
horseshoe,1003,9,14,239,15.421999999999928,11.708293842714335,23.61357306554164,16.22804741512455,11.31639680099487,False,0,True,11,74,4.31748811353631
horseshoe,1003,9,15,240,18.369999999999962,11.929465960090951,24.31158011481231,17.64883535433296,11.45357703718432,False,0,True,10,84,4.442651256490317
horseshoe,1003,9,16,241,15.508000000000017,12.32773137889217,25.14644244865659,18.622748223856792,11.855597754401213,False,0,True,11,80,4.394449154672439
horseshoe,1003,9,17,242,9.143999999999972,12.724205600616425,26.0697608842547,20.03235239480274,12.4969256243249,False,0,True,12,66,4.204692619390966
horseshoe,1003,9,18,243,10.261999999999983,13.594953691879969,27.21197852433636,21.53864130286033,13.34309869497905,False,0,True,5,42,3.7612001156935624
horseshoe,1003,9,19,244,7.019999999999998,14.663116373598417,28.462440456916593,23.00522811317641,14.357945406160765,False,0,True,15,63,4.1588830833596715
horseshoe,1003,9,20,245,5.973999999999999,15.806622081584903,29.844605604922396,24.590745112525344,15.50838774879363,False,0,True,6,21,3.091042453358316
horseshoe,1003,10,3,253,19.934999999999928,24.939676835393517,26.104409447817016,21.564859854752026,24.609310159423583,False,0,True,3,3,1.3862943611198906
horseshoe,1003,10,4,254,19.07499999999995,23.732873822329438,25.114334267300446,20.51806369725627,23.23838953866164,False,0,True,8,12,2.5649493574615367
horseshoe,1003,10,5,255,19.03999999999994,22.128737795122113,24.13525910417054,19.564574901921848,21.92429088834453,False,0,True,3,4,1.6094379124341003
horseshoe,1003,10,6,256,18.784999999999933,20.883324053939198,23.464499688258996,18.65732641276155,20.677850331724844,True,2,True,4,9,2.302585092994046
horseshoe,1003,10,7,257,21.359999999999946,19.72265393165053,22.9472516144681,17.567066811440643,19.512038297009813,False,0,True,7,21,3.091042453358316
horseshoe,1003,10,8,258,22.35499999999997,18.657935195062688,22.667754771365715,17.135058711164113,18.44215181167968,False,0,True,15,41,3.7376696182833684
horseshoe,1003,10,9,259,22.379999999999974,17.90205872701679,22.491741700077387,16.2325044173333,17.485807649759863,False,0,True,18,39,3.6888794541139363
horseshoe,1003,10,10,260,20.909999999999947,17.397516803273547,22.796868539059904,16.84290370597613,16.66256749909987,False,0,True,6,13,2.6390573296152584
horseshoe,1003,10,11,261,19.70499999999993,16.225544318025467,22.436583581274046,15.941567861065911,15.992999185206505,False,0,True,5,8,2.1972245773362196
horseshoe,1003,10,12,262,19.339999999999932,15.836156925508398,23.277278222475044,16.404519255805184,15.497034264409134,True,1,True,10,18,2.9444389791664403
horseshoe,1003,10,13,263,14.487999999999914,15.473161135476285,23.23359712591474,16.406025379146907,15.191685220041375,False,0,True,10,50,3.9318256327243257
horseshoe,1003,10,14,264,14.494999999999981,15.652774857935666,23.75308579665866,17.01390309934493,15.08852906799316,False,0,True,15,63,4.1588830833596715
horseshoe,1003,10,15,265,16.87499999999996,15.641285528805309,24.45676744636136,18.13295218121016,15.191685220041375,False,0,True,15,43,3.784189633918261
horseshoe,1003,10,16,266,16.914999999999953,16.111389506355028,25.23492913145009,19.36628136964866,15.497034264409134,False,0,True,17,51,3.9512437185814275
horseshoe,1003,10,17,267,10.397999999999975,16.320101598694226,26.21882770810474,20.518032431266892,15.992999185206505,False,0,True,5,18,2.9444389791664403
horseshoe,1003,10,18,268,7.177999999999997,16.871308314822826,27.494524411083262,22.511928547344997,16.66256749909987,False,0,True,6,17,2.8903717578961645
horseshoe,1003,10,19,269,7.408999999999997,17.87849182090658,28.71059192369285,23.907423952436012,17.485807649759863,False,0,True,12,31,3.4657359027997265
horseshoe,1003,10,20,270,7.0509999999999975,18.942321019367903,29.996089097227966,25.283746232526802,18.44215181167968,False,0,True,12,27,3.332204510175204
horseshoe,1003,10,21,271,3.8419999999999974,19.85225241343468,31.321598559736206,26.965438191294503,19.512038297009813,False,0,True,5,28,3.367295829986474
horseshoe,1003,11,4,279,18.179999999999936,26.485927354286254,25.461777615275295,21.455598739411816,25.847312914656055,True,1,True,3,7,2.0794415416798357
horseshoe,1003,11,5,280,20.66999999999991,24.9182802103436,24.630214779810206,20.170944803059783,24.67256305117719,False,0,True,5,7,2.0794415416798357
horseshoe,1003,11,6,281,21.13999999999995,23.884397162025603,23.95906561511296,19.768708790730887,23.571897057699456,False,0,True,7,20,3.044522437723423
horseshoe,1003,11,7,282,21.739999999999934,23.04290425583525,23.465229902429744,18.979760584554768,22.556162684764104,False,0,True,12,39,3.6888794541139363
horseshoe,1003,11,8,283,20.649999999999935,22.042629186654295,23.178080475661375,17.85887475748112,21.637324233892855,False,0,True,10,27,3.332204510175204
horseshoe,1003,11,9,284,21.66499999999996,21.66892629859449,23.082067578671253,17.472167561870364,20.828209373874834,True,1,True,7,9,2.302585092994046
horseshoe,1003,11,10,285,23.014999999999972,21.286288132390876,22.994319696334557,17.096842172530355,20.142045383218314,False,0,True,1,3,1.3862943611198906
horseshoe,1003,11,11,286,19.66499999999994,20.444365837233626,23.476075030898354,17.02008277537175,19.591754885552824,False,0,False,0,1,0.6931471805599453
horseshoe,1003,11,12,287,19.039999999999942,19.66988734310514,23.73223746617571,17.15958865386397,19.189030917423572,False,0,True,7,13,2.6390573296152584
horseshoe,1003,11,13,288,19.75499999999996,19.25809910759729,24.123720654730477,18.41834938667996,18.943287369999712,False,0,True,6,27,3.332204510175204
horseshoe,1003,11,14,289,16.169999999999952,19.385857730623574,24.527678125504078,18.919831397704638,18.860661334991452,False,0,True,25,83,4.430816798843313
horseshoe,1003,11,15,290,13.149999999999899,19.39988257453627,25.22609232936436,19.614220690224155,18.943287369999712,False,0,True,9,15,2.772588722239781
horseshoe,1003,11,16,291,14.926999999999964,19.666315556729412,26.085570721976836,20.2920472309983,19.189030917423572,False,0,True,10,19,2.995732273553991
horseshoe,1003,11,17,292,10.819999999999968,20.428527789068653,27.168755225973328,21.86777028137435,19.591754885552824,False,0,True,13,28,3.367295829986474
horseshoe,1003,11,18,293,9.871999999999979,20.68351286185293,28.308799725073584,23.51731066990045,20.142045383218314,False,0,True,16,42,3.7612001156935624
horseshoe,1003,11,19,294,7.644999999999996,21.41905026204077,29.601396426481244,24.983424144915727,20.828209373874834,False,0,True,4,4,1.6094379124341003
horseshoe,1003,11,20,295,3.8789999999999973,22.04784476882974,30.773732425583063,26.131766678784263,21.637324233892855,False,0,True,6,9,2.302585092994046
horseshoe,1003,11,21,296,4.048999999999998,23.077892654556003,32.32114459703811,27.977093455427067,22.556162684764104,False,0,True,10,30,3.4339872044851463
horseshoe,1003,12,3,303,20.899999999999892,30.243655966874947,27.512921327482644,22.719542032168857,29.836182452138576,False,0,True,5,6,1.9459101490553132
horseshoe,1003,12,4,304,24.649999999999874,28.95338544322943,26.30028116855431,21.856439213662515,28.71589081232153,False,0,True,4,7,2.0794415416798357
horseshoe,1003,12,5,305,23.67499999999994,28.065861820452096,25.563908925986105,20.990501280853657,27.663227717519522,False,0,True,7,16,2.833213344056216
horseshoe,1003,12,6,306,24.154999999999973,27.14261935798101,24.99254530948833,20.347253127429436,26.6861973899581,False,0,True,13,37,3.6375861597263857
horseshoe,1003,12,7,307,22.13999999999997,26.21203216623371,24.57040802087782,19.621381962783055,25.793395962892728,False,0,True,10,24,3.2188758248682006
horseshoe,1003,12,8,308,21.699999999999942,25.568531806659802,24.406051451621728,19.736258187731252,24.993851248649804,False,0,True,4,8,2.1972245773362196
horseshoe,1003,12,9,309,22.10999999999996,25.437944347698778,24.443281043658253,19.610802385699557,24.296771513083666,False,0,True,7,9,2.302585092994046
horseshoe,1003,12,10,310,19.514999999999915,24.580423134008992,24.423611681483397,18.84444972450209,23.71119550880243,False,0,True,3,6,1.9459101490553132
horseshoe,1003,12,11,311,17.389999999999898,23.757318407279037,24.404482681572944,18.9826490738013,23.245551396613703,False,0,True,1,2,1.0986122886681098
horseshoe,1003,12,12,312,10.562999999999947,23.500890995365737,24.93080376031494,19.047940389925376,22.907154074368645,False,0,True,1,1,0.6931471805599453
horseshoe,1003,12,13,313,6.828999999999995,23.005924504589046,25.30221159603753,19.540645173136816,22.701694575943378,False,0,True,1,1,0.6931471805599453
horseshoe,1003,12,14,314,19.044999999999927,23.08501522965764,25.966722395023595,20.05047397225144,22.632793601989743,True,3,True,17,33,3.5263605246161616
horseshoe,1003,12,15,315,10.17399999999995,23.1953894635217,26.67553430354365,21.495320898012807,22.701694575943378,False,0,True,4,8,2.1972245773362196
horseshoe,1003,12,16,316,10.231999999999951,23.53301312090716,28.02776705134626,23.02194352893126,22.907154074368645,False,0,True,4,5,1.791759469228055
horseshoe,1003,12,17,317,11.11499999999998,23.81236056383299,29.549334257706974,24.43374736085191,23.245551396613703,False,0,False,0,1,0.6931471805599453
horseshoe,1003,12,18,318,7.501999999999996,24.26468380138517,30.25586731349374,25.164878725616685,23.71119550880243,False,0,True,2,3,1.3862943611198906
horseshoe,1003,12,19,319,7.709999999999996,24.836184603891734,31.516131061293898,26.867676239595713,24.296771513083666,False,0,True,1,4,1.6094379124341003
horseshoe,1003,13,3,328,22.059999999999942,33.113581227614745,28.593879965777905,24.04613274176665,32.789854333829965,False,0,True,3,4,1.6094379124341003
horseshoe,1003,13,4,329,21.389999999999937,32.41930677153476,27.680720380587093,23.194948048091,31.77387526037165,True,2,True,6,19,2.995732273553991
horseshoe,1003,13,5,330,21.87999999999994,31.346327519995,27.048626521614484,22.91359577894875,30.825815993543884,False,0,True,13,24,3.2188758248682006
horseshoe,1003,13,6,331,23.77999999999989,30.435076311037893,26.52180610258692,21.961863258617004,29.952126720022605,False,0,True,7,12,2.5649493574615367
horseshoe,1003,13,7,332,23.869999999999983,29.88375388519449,26.148604911876625,21.674367115641072,29.15949312342477,False,0,True,6,10,2.3978952727983707
horseshoe,1003,13,8,333,18.484999999999918,29.316566354579464,26.017510882900854,20.987655068171506,28.4546896689477,False,0,True,2,2,1.0986122886681098
horseshoe,1003,13,9,334,17.86999999999989,29.266346944264658,25.98785646148187,20.93743565785669,27.84438668520963,False,0,True,3,3,1.3862943611198906
horseshoe,1003,13,10,335,18.744999999999937,28.094088963779864,26.43381511900779,21.219968293544298,27.334914603362822,False,0,True,7,8,2.1972245773362196
horseshoe,1003,13,11,336,18.549999999999986,27.43531282435029,26.80971313700514,21.36051408296393,26.931996280429992,False,0,True,4,5,1.791759469228055
horseshoe,1003,13,12,337,17.659999999999897,27.1532215824874,27.19814096587654,21.76870365110908,26.64046680715917,False,0,True,4,4,1.6094379124341003
horseshoe,1003,13,14,339,16.75499999999999,27.053158296647137,28.503729897686732,22.941234164744422,26.404925868988034,True,2,True,6,20,3.044522437723423
horseshoe,1003,13,16,341,6.6919999999999975,30.611232120638384,31.91023679001977,26.49930798873567,26.64046680715917,False,0,True,1,1,0.6931471805599453
horseshoe,1003,13,17,342,10.428999999999956,29.98036452133173,32.09572401800555,27.10473576512869,26.931996280429992,False,0,True,1,1,0.6931471805599453
horseshoe,1003,14,3,353,21.64499999999992,36.49469976576414,30.280239926797332,27.060598835863317,35.89720427595626,False,0,True,2,5,1.791759469228055
horseshoe,1003,14,4,354,23.494999999999923,35.795227412882824,29.621215984864783,25.610451936669183,34.97161529951973,True,1,True,10,20,3.044522437723423
horseshoe,1003,14,5,355,24.72499999999992,34.61461935515881,29.018608725104766,25.098313997058277,34.11254401629657,False,0,True,9,14,2.70805020110221
horseshoe,1003,14,6,356,23.559999999999974,34.05141085493569,28.778686739809764,24.214367337809605,33.325134998199744,True,1,True,10,15,2.772588722239781
horseshoe,1003,14,7,357,24.334999999999958,33.67427249191608,28.74075683092297,24.228509420608397,32.614579053101416,False,0,True,3,4,1.6094379124341003
horseshoe,1003,14,9,359,19.51499999999995,32.46332566793512,28.668614433563697,24.32481587717111,31.444309460877406,False,0,True,3,3,1.3862943611198906
horseshoe,1003,14,10,360,22.15499999999995,31.52680878248586,29.08083590129398,24.14011387658475,30.99406852881827,False,0,True,7,8,2.1972245773362196
horseshoe,1003,15,2,377,23.699999999999957,40.61921758925755,33.353429951105696,30.445633341236142,40.02929608493715,False,0,True,4,7,2.0794415416798357
horseshoe,1003,15,3,378,24.879999999999857,39.868265310032704,32.520930508635246,29.232609572100383,39.121630412153536,True,1,True,9,12,2.5649493574615367
horseshoe,1003,15,4,379,24.364999999999963,38.77261891317178,31.85481823796698,28.14089752261064,38.274097872229554,True,1,True,5,9,2.302585092994046
horseshoe,1003,15,5,380,24.334999999999983,38.32062301601765,31.462704694391526,27.57691832472833,37.490776872974706,False,0,False,0,0,0.0
horseshoe,1003,15,6,381,21.649999999999892,37.64014313495287,31.118618122565042,27.476653341041512,36.77577074547373,True,1,True,3,5,1.791759469228055
horseshoe,1003,15,7,382,20.04499999999993,37.805102492665526,31.97420775420164,28.080392081074315,36.133135182079144,False,0,True,1,1,0.6931471805599453
horseshoe,1003,15,8,383,21.22999999999991,38.491305936183096,32.65148050909424,28.62268626009329,35.56679326320364,True,1,True,2,2,1.0986122886681098
horseshoe,1003,15,10,385,19.099999999999927,43.305681164370256,37.21949177554093,33.58097075277905,34.677441878611624,False,0,True,3,5,1.791759469228055
horseshoe,1003,15,11,386,18.999999999999936,44.952557831890005,38.811732724233,35.227847420298794,34.360731111552965,False,0,True,2,3,1.3862943611198906
horseshoe,1003,16,1,401,21.344999999999917,44.774075877766954,36.76330291833929,34.42338202740904,44.16769135622955,False,0,True,1,2,1.0986122886681098
horseshoe,1003,16,2,402,23.654999999999927,44.292516099280625,36.264374832779154,33.941822248922705,43.27464846778571,False,0,True,4,4,1.6094379124341003
horseshoe,1003,16,3,403,25.509999999999923,44.058962941838544,36.03448623684936,33.708269091480624,42.436453917121774,True,3,True,8,8,2.1972245773362196
horseshoe,1003,16,4,404,24.944999999999972,45.23076979661514,37.059941281479716,34.88007594625722,41.65641874774967,False,0,False,0,2,1.0986122886681098
horseshoe,1003,16,6,406,26.64499999999994,45.607755697859986,33.01415394330279,34.74935509639292,40.28409076643663,False,0,True,1,1,0.6931471805599453
horseshoe,1003,16,9,409,20.519999999999893,43.04501490171223,32.12937992388414,32.71788207278314,38.74258566102284,False,0,True,1,1,0.6931471805599453
horseshoe,1003,17,1,426,26.284999999999943,48.26869336492139,39.71991685567905,37.917999514563476,47.42988064894826,False,0,True,2,2,1.0986122886681098
horseshoe,1003,17,2,427,25.25499999999994,47.89465232281925,39.33174573700264,37.54395847246133,46.599397191860234,False,0,True,4,6,1.9459101490553132
horseshoe,1003,17,3,428,24.239999999999927,47.78468829677966,39.229307973575445,37.43399444642175,45.82206062252464,False,0,True,1,1,0.6931471805599453
horseshoe,1003,17,5,430,23.339999999999964,49.467347017895435,36.115810192393326,37.55726821391872,44.43779499624572,False,0,True,1,2,1.0986122886681098
horseshoe,1003,17,6,431,22.189999999999916,50.402613539703836,37.11234647856186,38.49253473572711,43.83624741595507,False,0,True,1,1,0.6931471805599453
horseshoe,1003,17,7,432,24.654999999999966,51.73525349283535,38.34087382410519,39.825174688858624,43.29853036392335,False,0,True,1,2,1.0986122886681098
horseshoe,1003,17,8,433,24.924999999999947,46.775930550507745,35.4743049738437,36.44879772157866,42.82704818939375,False,0,True,2,3,1.3862943611198906
horseshoe,1003,18,1,451,27.129999999999942,52.007656906587755,43.060730454879085,41.65696305622984,50.762783224398355,True,1,True,3,3,1.3862943611198906
horseshoe,1003,18,5,455,21.844999999999924,52.891283141526884,39.29254908521973,40.98120433755015,47.978997555619515,False,0,True,1,1,0.6931471805599453
horseshoe,1003,18,6,456,20.924999999999926,199.95080998919843,189.81684201542947,199.95080998919843,47.42239101760485,False,0,True,1,1,0.6931471805599453
horseshoe,1003,18,7,457,22.48499999999994,199.95080998919843,189.78187822011293,199.95080998919843,46.92578517179413,False,0,True,2,2,1.0986122886681098
horseshoe,1003,18,8,458,22.47999999999993,199.95080998919843,189.8218250551856,199.95080998919843,46.4911027932274,True,2,True,2,2,1.0986122886681098
horseshoe,1003,19,0,475,28.06999999999994,56.030145149417905,46.776456243260434,45.67945129905999,54.926511332757386,False,0,True,1,1,0.6931471805599453
horseshoe,1003,19,1,476,23.914999999999946,55.64773189633534,46.40368059354028,45.297038045977416,54.15334437207457,False,0,True,1,1,0.6931471805599453
horseshoe,1003,19,6,481,25.31499999999994,199.95080998919843,189.93254233083647,199.95080998919843,51.035357506535135,False,0,True,1,1,0.6931471805599453
horseshoe,1003,19,7,482,25.184999999999928,199.95080998919843,189.91191245734453,199.95080998919843,50.57424107174141,True,1,True,2,2,1.0986122886681098
horseshoe,1003,20,0,500,28.16499999999995,59.75116080944313,50.23513468709168,49.40046695908521,58.31898624684954,True,3,True,5,7,2.0794415416798357
horseshoe,1003,21,0,525,26.644999999999943,63.448198236481815,53.76657464535198,53.0975043861239,61.75552307455898,False,0,False,0,2,1.0986122886681098
horseshoe,1003,21,1,526,25.64499999999994,63.45513488611675,53.78273357699865,53.10444103575884,61.06887660425204,True,1,True,1,1,0.6931471805599453
horseshoe,1003,21,4,529,27.339999999999943,74.43672514615916,63.4620950775495,63.93710926170669,59.277988772006076,False,0,True,1,1,0.6931471805599453
horseshoe,1003,21,7,532,31.539999999999957,199.95080998919843,199.04648230931824,199.95080998919843,57.918708920412556,True,1,True,1,1,0.6931471805599453
horseshoe,1004,2,2,52,6.2839999999999945,33.26217621060539,39.67365657576133,39.36249705704627,33.05477176995192,False,0,True,6,23,3.1780538303479458
horseshoe,1004,2,3,53,4.229999999999997,32.38404985316544,38.64756491724009,38.35403765535574,31.675965657587767,False,0,False,0,2,1.0986122886681098
horseshoe,1004,2,5,55,3.7349999999999954,30.005387453272142,34.95044245896219,33.52430530866056,29.73827979406518,False,0,False,0,3,1.3862943611198906
horseshoe,1004,3,2,77,4.209999999999997,31.065244568527646,37.75028561593921,37.3339355363933,30.757396472223974,False,0,True,1,6,1.9459101490553132
horseshoe,1004,3,3,78,7.9629999999999965,29.74070049285381,36.076270263691654,35.72167510908791,29.27057056715234,False,0,True,12,34,3.5553480614894135
horseshoe,1004,3,4,79,4.128999999999997,29.756952465837674,34.46506260710025,34.131015153499106,28.059735401023946,False,0,False,0,1,0.6931471805599453
horseshoe,1004,3,5,80,4.350999999999997,27.55088656791866,32.55150697255977,31.438119042667502,27.16182589768351,False,0,True,4,14,2.70805020110221
horseshoe,1004,3,6,81,4.326999999999997,26.896543105646618,31.59985455952903,30.016556764319958,26.60854011945088,False,0,True,3,9,2.302585092994046
horseshoe,1004,4,2,102,4.1729999999999965,28.71954215724343,36.12188497077754,35.87426353183373,28.519798228995096,False,0,True,4,8,2.1972245773362196
horseshoe,1004,4,3,103,7.937999999999995,27.16054857045874,33.89013857750478,33.327474188719236,26.909621970582588,False,0,True,15,51,3.9512437185814275
horseshoe,1004,4,4,104,7.930999999999996,26.429163014723287,32.246745147252916,31.970714919828787,25.587305525367317,False,0,True,9,17,2.8903717578961645
horseshoe,1004,4,5,105,4.136999999999997,25.261996258388407,30.498632368082962,29.505935247474895,24.599313798744205,False,0,True,2,3,1.3862943611198906
horseshoe,1004,4,6,106,4.996999999999994,24.229879155978516,29.419867405138636,27.504039565157527,23.986993570713345,False,0,True,10,28,3.367295829986474
horseshoe,1004,4,7,107,2.948999999999996,23.84893335776628,29.23662140880779,26.993042792215657,23.779383247375492,False,0,True,2,3,1.3862943611198906
horseshoe,1004,5,2,127,3.930999999999997,26.52766892929499,34.536017586636746,34.54683088351468,26.35720578101289,False,0,True,2,2,1.0986122886681098
horseshoe,1004,5,3,128,8.080999999999994,24.828210872795005,32.42691668279272,32.03752169495254,24.60591717777918,True,1,True,13,44,3.8066624897703196
horseshoe,1004,5,4,129,7.714999999999996,24.320481616953284,30.421052303706688,29.72957043451907,23.152399651192965,False,0,True,4,12,2.5649493574615367
horseshoe,1004,5,5,130,8.080999999999992,22.515241321416255,28.641386021145824,27.55022052090893,22.055603481409303,True,1,True,4,8,2.1972245773362196
horseshoe,1004,5,6,131,3.902999999999996,21.577749475798772,27.412030648904338,25.247085127420796,21.370523300132607,False,0,True,3,7,2.0794415416798357
horseshoe,1004,5,7,132,7.395999999999997,21.212135397884563,26.55969143524266,24.061393935931722,21.13722955322266,False,0,True,3,8,2.1972245773362196
horseshoe,1004,6,2,152,3.885999999999997,25.02122267193847,33.54550454024809,33.132647101786894,24.289661472111487,False,0,True,1,1,0.6931471805599453
horseshoe,1004,6,3,153,7.340999999999998,22.531303521313713,31.045968155918953,30.53192005677507,22.37714275788682,False,0,True,9,32,3.4965075614664802
horseshoe,1004,6,4,154,7.832999999999996,21.044997013289112,29.03304888021734,27.950468278959498,20.76822013210757,False,0,True,15,32,3.4965075614664802
horseshoe,1004,6,5,155,8.491999999999999,19.892179295211925,27.219435280205257,25.61329658954555,19.538039890845557,False,0,True,4,11,2.4849066497880004
horseshoe,1004,6,6,156,10.385000000000002,18.943267720678353,25.731210406639594,23.64609599617657,18.761253262205823,False,0,True,10,19,2.995732273553991
horseshoe,1004,6,7,157,7.160999999999998,18.537035614935753,24.770278287744656,21.681145049385126,18.495075859069825,False,0,True,9,27,3.332204510175204
horseshoe,1004,6,8,158,7.0189999999999975,18.94117498832776,24.272473308944498,21.439904692749593,18.761253262205823,False,0,True,4,6,1.9459101490553132
horseshoe,1004,6,9,159,6.803999999999997,19.74665478887715,24.16294551667361,22.03871820659659,19.538039890845557,False,0,True,1,2,1.0986122886681098
horseshoe,1004,6,12,162,6.315999999999991,24.906184137593375,26.985106905803335,27.13109822682518,24.289661472111494,False,0,True,1,1,0.6931471805599453
horseshoe,1004,7,3,178,3.8389999999999973,20.472370638167874,29.960861675482917,29.03611509714787,20.24805739178491,False,0,True,7,22,3.1354942159291497
horseshoe,1004,7,4,179,13.685999999999964,18.600178730313985,27.77270745087716,26.406940260689343,18.454437883334382,False,0,True,12,36,3.6109179126442243
horseshoe,1004,7,5,180,15.197999999999958,17.35224789635923,25.933277727437197,23.94597050251849,17.058203683578213,False,0,True,13,24,3.2188758248682006
horseshoe,1004,7,6,181,15.62399999999998,16.43142270895933,24.44056413525211,22.086129459158975,16.162671007689223,False,0,True,8,25,3.258096538021482
horseshoe,1004,7,7,182,11.318999999999985,15.895047669899933,23.31189799713028,20.194512245390296,15.852922164916993,False,0,True,9,38,3.6635616461296463
horseshoe,1004,7,8,183,7.711999999999996,16.33236066424065,22.701729807944805,19.853911371260782,16.162671007689223,False,0,True,4,19,2.995732273553991
horseshoe,1004,7,9,184,15.141999999999967,17.159343993047326,22.413746959403127,20.24380954154271,17.058203683578213,False,0,True,4,17,2.8903717578961645
horseshoe,1004,7,10,185,10.373000000000026,18.810366667889053,22.740537981476646,21.573302891093654,18.454437883334386,False,0,True,1,6,1.9459101490553132
horseshoe,1004,7,11,186,5.398999999999988,20.447650214694157,23.128030412042072,22.595692386668695,20.24805739178491,False,0,True,1,1,0.6931471805599453
horseshoe,1004,7,12,187,6.333999999999991,22.447911732769725,24.477885506708514,24.513240437688857,22.34356651396429,True,1,True,1,5,1.791759469228055
horseshoe,1004,8,3,203,3.7669999999999977,18.895727420004533,29.379221441645157,27.897511565036435,18.25357747298418,False,0,True,2,2,1.0986122886681098
horseshoe,1004,8,4,204,6.363999999999997,16.351079338381666,26.949074359030934,25.152229805139317,16.2411680617826,True,1,True,12,45,3.828641396489095
horseshoe,1004,8,5,205,7.868999999999996,14.871285710346447,25.017980846733632,22.61116786305061,14.63528528357617,True,2,True,10,26,3.295836866004329
horseshoe,1004,8,6,206,14.930999999999948,13.907182700586741,23.363881635925647,20.51344408298197,13.580912948841755,False,0,True,15,53,3.9889840465642745
horseshoe,1004,8,7,207,15.68999999999998,13.25258862710672,22.199566146507745,19.1710184208044,13.210768470764162,False,0,True,3,29,3.4011973816621555
horseshoe,1004,8,8,208,10.690999999999962,13.831727036079036,21.375355687862278,18.715064262006607,13.580912948841755,False,0,True,12,95,4.564348191467836
horseshoe,1004,8,9,209,18.22499999999999,14.801268153471888,20.99935403815798,19.130258768355603,14.635285283576172,True,1,True,13,109,4.700480365792417
horseshoe,1004,8,10,210,15.063999999999936,16.696772860497116,21.102340712234835,19.82262695341843,16.241168061782602,False,0,True,8,43,3.784189633918261
horseshoe,1004,8,11,211,14.774999999999928,18.357303883806264,21.606243582497328,21.12096950433122,18.25357747298418,False,0,True,7,12,2.5649493574615367
horseshoe,1004,8,12,212,11.365999999999973,20.68288191900915,22.48400197719894,22.57102219942755,20.553448055865623,True,2,True,9,18,2.9444389791664403
horseshoe,1004,8,13,213,11.001999999999988,23.312420768712546,24.10244055821047,24.600895772347705,23.05491160858917,False,0,False,0,1,0.6931471805599453
horseshoe,1004,9,4,229,3.852999999999997,14.414897731296222,26.39310820915438,23.761104374034964,14.175568938118078,False,0,True,4,11,2.4849066497880004
horseshoe,1004,9,5,230,7.885999999999997,12.479921801388468,24.39989737523431,21.364862291168855,12.30295858888959,False,0,True,15,47,3.871201010907891
horseshoe,1004,9,6,231,14.069999999999965,11.477814488220892,22.675506690479757,19.28314384248624,11.027801740704652,False,0,True,9,47,3.871201010907891
horseshoe,1004,9,7,232,17.559999999999924,10.612080309320252,21.290064368411922,18.744623149071604,10.56861477661133,False,0,True,9,85,4.454347296253507
horseshoe,1004,9,8,233,18.529999999999937,11.176991662534203,20.390103792960435,17.661887625055964,11.027801740704653,False,0,True,9,157,5.062595033026967
horseshoe,1004,9,9,234,15.521999999999993,12.623082930306214,19.971887966624614,18.486882251990856,12.302958588889592,False,0,True,11,182,5.209486152841421
horseshoe,1004,9,10,235,19.744999999999933,14.317918414298376,19.919639620031063,19.095500404598603,14.17556893811808,False,0,True,14,167,5.123963979403259
horseshoe,1004,9,11,236,15.183999999999912,16.56839892287279,20.32361739336376,20.09200878185829,16.442758444692497,True,1,True,13,70,4.2626798770413155
horseshoe,1004,9,12,237,10.432999999999943,19.265439522989148,21.10045935238276,21.344207260448307,18.96352925205214,False,0,True,4,17,2.8903717578961645
horseshoe,1004,9,13,238,10.226999999999968,21.790663785790994,22.54457499872299,22.717433055115336,21.649484150624247,False,0,False,0,2,1.0986122886681098
horseshoe,1004,10,5,255,4.897999999999997,10.181586101762544,23.971758628329415,21.043430605608407,10.124028695892457,True,1,True,7,31,3.4657359027997265
horseshoe,1004,10,6,256,8.282999999999996,8.552765901279503,22.20766340227959,19.44547173008072,8.529101841789107,False,0,True,13,47,3.871201010907891
horseshoe,1004,10,7,257,18.569999999999954,7.972009931623552,20.746761326997564,18.67643113180049,7.9264610824584985,False,0,True,7,85,4.454347296253507
horseshoe,1004,10,8,258,15.862999999999948,8.601395297791246,19.77329372589352,17.11772266070554,8.529101841789108,False,0,True,3,227,5.429345628954441
horseshoe,1004,10,9,259,19.774999999999945,10.382738256110088,19.197581160879768,17.053546236156123,10.12402869589246,False,0,True,7,231,5.44673737166631
horseshoe,1004,10,10,260,19.56999999999995,12.481815858385444,19.107252622228327,17.959163745768173,12.332068833519376,False,0,True,11,176,5.176149732573829
horseshoe,1004,10,11,261,16.91999999999991,15.052463064327132,19.365431164732815,18.850923187757584,14.882791145004632,False,0,True,6,51,3.9512437185814275
horseshoe,1004,10,12,262,18.140999999999895,17.787420100766948,20.083824555060186,19.679734630767513,17.628063100884315,False,0,True,13,58,4.07753744390572
horseshoe,1004,10,13,263,17.794999999999945,20.746358111380154,21.4610658617916,21.410291166604438,20.489834820794734,False,0,True,5,18,2.9444389791664403
horseshoe,1004,11,5,280,2.1009999999999995,8.47424242983599,23.87393992425959,21.693587783800016,8.22137922234625,False,0,False,0,1,0.6931471805599453
horseshoe,1004,11,6,281,8.324999999999996,6.347918734170482,22.008748153809794,19.799424834297838,6.151479294444796,False,0,True,8,63,4.1588830833596715
horseshoe,1004,11,7,282,12.143999999999979,5.333686648129111,20.464283672202964,18.61876512387139,5.284307388305667,False,0,True,8,89,4.499809670330265
horseshoe,1004,11,8,283,15.763999999999939,6.54164115990078,19.390929661632494,17.18105919363647,6.151479294444798,False,0,True,12,162,5.093750200806762
horseshoe,1004,11,9,284,17.46499999999994,8.298053423184339,18.740505599525022,16.736801398148287,8.221379222346254,False,0,True,12,163,5.099866427824199
horseshoe,1004,11,10,285,19.679999999999932,10.909439325834882,18.572700841409127,16.824111663261007,10.824742075312125,False,0,True,5,105,4.663439094112067
horseshoe,1004,11,11,286,17.604999999999972,13.916205774112214,18.77619666433975,17.623025928871016,13.65988988052982,False,0,True,9,76,4.343805421853684
horseshoe,1004,11,12,287,19.364999999999938,17.066172456683354,19.43767433998072,18.938180767105155,16.608543824523924,False,0,True,7,62,4.143134726391533
horseshoe,1004,11,13,288,19.139999999999873,19.81859760233883,20.49256135345079,19.771087628838387,19.619593529577134,False,0,True,6,25,3.258096538021482
horseshoe,1004,12,6,306,5.750999999999998,4.158156321377694,21.967072863187255,20.492627619839645,4.110689611173122,False,0,True,4,30,3.4339872044851463
horseshoe,1004,12,7,307,10.383000000000003,2.6433473484824144,20.462467324932074,18.813744523062958,2.6421536941528316,False,0,True,9,94,4.553876891600541
horseshoe,1004,12,8,308,12.136000000000003,4.165806898122023,19.270863105945455,17.097334652339093,4.110689611173125,False,0,True,12,181,5.204006687076795
horseshoe,1004,12,9,309,18.425000000000008,6.999976088101462,18.580932952979047,16.573341272992042,6.829944940264912,False,0,True,13,311,5.7430031878094825
horseshoe,1004,12,10,310,22.389999999999976,9.928830772209817,18.325186659906425,16.633612055290556,9.809796764788567,False,0,True,22,427,6.059123195581797
horseshoe,1004,12,11,311,17.014999999999937,12.957659693900478,18.56254170282248,16.85962636119216,12.87049583806407,False,0,True,5,46,3.8501476017100584
horseshoe,1004,12,12,312,19.3929999999999,16.07506427656918,19.038166443445782,17.652659463854455,15.965613033659414,False,0,True,19,79,4.382026634673881
horseshoe,1004,12,13,313,18.824999999999868,19.223159257872133,20.00711185267937,19.118956230177673,19.078404593551543,True,1,True,9,35,3.58351893845611
horseshoe,1004,12,14,314,19.204999999999885,22.375195172066473,21.604225485784653,20.16934737386829,22.20143756610603,False,0,True,1,3,1.3862943611198906
horseshoe,1004,13,6,331,7.958,3.1510346874413244,22.385653187630506,21.36542034532788,3.149093986511228,False,0,True,5,140,4.948759890378168
horseshoe,1004,13,7,332,10.93499999999995,0.0,20.710780891177084,19.748146287924094,0.0,False,0,True,16,518,6.251903883165888
horseshoe,1004,13,8,333,13.05699999999998,3.194550656890778,19.481859801571748,18.52756474971479,3.1490939865112324,False,0,True,16,702,6.555356891810665
horseshoe,1004,13,9,334,18.84499999999994,6.361583626804956,18.68550307134515,16.98728744038309,6.298187973022465,False,0,True,13,486,6.18826412308259
horseshoe,1004,13,10,335,18.979999999999922,9.69901399279859,18.379882827370373,16.596270030466464,9.447281959533694,False,0,True,6,175,5.170483995038151
horseshoe,1004,13,11,336,22.449999999999967,12.795347227775778,18.48652972044679,16.406299538672847,12.596375946044923,True,2,True,8,49,3.912023005428146
horseshoe,1004,13,12,337,18.604999999999936,15.908277169533314,19.036365071002475,17.01972590726703,15.745469932556155,False,0,True,10,37,3.6375861597263857
horseshoe,1004,13,13,338,19.985000000000003,19.14997508866271,19.928516203221772,18.78736105245447,18.894563919067387,False,0,True,9,22,3.1354942159291497
horseshoe,1004,13,14,339,25.999999999999858,22.216905693471695,21.210286309717496,19.71748507235309,22.043657905578613,False,0,True,8,21,3.091042453358316
horseshoe,1004,13,15,340,18.63499999999989,25.369790028857363,23.07612984455416,21.466379039650096,25.192751892089845,False,0,True,2,6,1.9459101490553132
horseshoe,1004,13,16,341,21.48499999999993,28.50850726307542,25.29142297608986,23.533658953493045,28.341845878601077,False,0,False,0,3,1.3862943611198906
horseshoe,1004,14,6,356,2.234,4.132194297426027,23.18667269402338,22.616497836133483,4.110689611173122,False,0,True,10,48,3.8918202981106265
horseshoe,1004,14,7,357,5.3999999999999995,2.6746558933887083,21.395403962584997,20.928265955592387,2.6421536941528316,False,0,True,10,89,4.499809670330265
horseshoe,1004,14,8,358,15.505999999999966,4.389876002038636,20.018380708576302,19.332919201697855,4.110689611173125,False,0,True,9,161,5.087596335232384
horseshoe,1004,14,9,359,11.663999999999975,6.935035171981757,19.188148615596685,18.58419736770039,6.829944940264912,False,0,True,4,107,4.68213122712422
horseshoe,1004,14,10,360,19.149999999999935,9.941823328394033,18.784374813075406,17.4652774482928,9.809796764788567,False,0,True,11,103,4.6443908991413725
horseshoe,1004,14,11,361,19.05499999999998,12.954291055268783,18.784786759724934,16.727500159096735,12.87049583806407,False,0,True,12,49,3.912023005428146
horseshoe,1004,14,12,362,20.804999999999932,16.157060161753652,19.26177074765459,17.138609828349814,15.965613033659414,False,0,True,3,11,2.4849066497880004
horseshoe,1004,14,13,363,19.899999999999928,19.223250208556767,19.995523648524113,17.953405767675452,19.078404593551543,False,0,True,3,12,2.5649493574615367
horseshoe,1004,14,14,364,23.26499999999989,22.318873069927026,21.203192230889893,19.254215712770527,22.20143756610603,False,0,True,12,27,3.332204510175204
horseshoe,1004,14,15,365,25.359999999999868,25.562983046529386,22.82597611097578,20.976964529567148,25.330924263435826,False,0,True,11,27,3.332204510175204
horseshoe,1004,14,16,366,26.479999999999862,28.702594324117797,25.01934468491421,23.668556388493023,28.464736147554614,True,1,True,11,22,3.1354942159291497
horseshoe,1004,14,17,367,26.454999999999878,31.849559101983026,27.281318167203814,26.087087802344897,31.601586506560793,False,0,True,12,12,2.5649493574615367
horseshoe,1004,15,6,381,2.1910000000000007,6.173928506057999,24.10014014964988,24.289289808375123,6.151479294444792,False,0,True,1,15,2.772588722239781
horseshoe,1004,15,7,382,2.52,6.456621287028109,22.339410908892837,22.566147614220053,5.284307388305663,False,0,True,10,49,3.912023005428146
horseshoe,1004,15,8,383,10.262999999999996,6.344995856093287,20.835697648910926,20.84040069929594,6.151479294444794,False,0,True,7,95,4.564348191467836
horseshoe,1004,15,9,384,12.953999999999933,8.413615575813552,20.00515328821768,19.32079334463736,8.22137922234625,False,0,True,18,211,5.356586274672012
horseshoe,1004,15,10,385,16.18999999999994,11.675942361366241,19.461747427894355,18.816688217153196,10.824742075312123,False,0,True,7,19,2.995732273553991
horseshoe,1004,15,11,386,20.324999999999935,13.988090504955668,19.38379480337679,17.589367587428022,13.659889880529818,False,0,True,18,111,4.718498871295094
horseshoe,1004,15,12,387,26.91499999999999,16.88075037566832,19.83317561201261,17.62207432071247,16.608543824523924,False,0,True,9,25,3.258096538021482
horseshoe,1004,15,13,388,22.77499999999991,19.806152873918947,20.5663665242852,18.870254013349,19.619593529577134,False,0,True,6,14,2.70805020110221
horseshoe,1004,15,14,389,22.60999999999995,22.812904315567962,21.594480652246418,19.456236062430097,22.6681882476805,False,0,True,8,17,2.8903717578961645
horseshoe,1004,15,15,390,22.70499999999996,25.94891023080733,23.092959677733475,21.347589135870997,25.74099167612814,False,0,True,9,18,2.9444389791664403
horseshoe,1004,15,16,391,24.154999999999916,29.118231888047,25.013494639270075,23.244859516340547,28.830264174656442,True,1,True,4,11,2.4849066497880004
horseshoe,1004,15,17,392,26.75499999999988,32.24945172369781,27.36646254032704,25.99929254946987,31.93122606731883,False,0,True,11,20,3.044522437723423
horseshoe,1004,15,18,393,26.83999999999987,35.38671549466628,30.0093310092206,29.065827958128786,35.04077410411658,True,1,True,8,18,2.9444389791664403
horseshoe,1004,15,20,395,25.13999999999994,41.55111884532645,35.81559546765897,35.09005598582229,41.27786223556187,False,0,True,1,1,0.6931471805599453
horseshoe,1004,16,7,407,2.2349999999999994,8.451972107275173,23.31253106800283,23.532582700558315,7.926461082458495,False,0,True,2,7,2.0794415416798357
horseshoe,1004,16,8,408,6.944999999999999,8.978337256936598,21.939272027198562,22.074271238049064,8.529101841789105,True,1,True,8,81,4.406719247264253
horseshoe,1004,16,9,409,11.617999999999988,10.274002256757402,20.98233497554695,20.778583522835174,10.124028695892457,False,0,True,13,370,5.916202062607435
horseshoe,1004,16,10,410,11.946999999999985,12.549963687608589,20.490103075797126,19.692992675569144,12.332068833519374,False,0,True,2,75,4.330733340286331
horseshoe,1004,16,11,411,15.908,15.775560728048651,20.278363776449766,18.86995161153095,14.88279114500463,False,0,True,4,42,3.7612001156935624
horseshoe,1004,16,12,412,18.729999999999936,18.097504499619703,20.648951157742733,19.038867309348678,17.62806310088431,False,0,True,7,42,3.7612001156935624
horseshoe,1004,16,13,413,23.2899999999999,21.05550882148473,21.569544859073147,19.468758538392436,20.48983482079473,False,0,True,6,12,2.5649493574615367
horseshoe,1004,16,14,414,23.0999999999999,23.86511582183331,22.275723161113174,20.314222630847304,23.425448536792363,False,0,True,13,26,3.295836866004329
horseshoe,1004,16,15,415,21.654999999999948,26.645442552133627,23.683577781537824,21.87553350927287,26.41029218293742,False,0,True,8,10,2.3978952727983707
horseshoe,1004,16,16,416,23.44499999999995,29.649321085825797,25.550530745398873,24.15052444106301,29.4293902943657,False,0,True,5,8,2.1972245773362196
horseshoe,1004,16,17,417,26.064999999999863,32.76612656537242,27.67474034271754,26.692889549767926,32.47319015557062,False,0,True,3,3,1.3862943611198906
horseshoe,1004,16,18,418,26.20999999999987,35.92428305346192,30.17637753584588,29.442988970367978,35.53534480673227,False,0,True,4,6,1.9459101490553132
horseshoe,1004,17,8,433,6.204,11.627427390308066,23.42653674802166,23.690461043423092,11.027801740704648,False,0,True,5,33,3.5263605246161616
horseshoe,1004,17,9,434,11.473999999999988,12.485906747312393,22.3576453061779,22.26891986556541,12.302958588889588,False,0,True,23,314,5.752572638825633
horseshoe,1004,17,10,435,14.066999999999972,14.410227503477477,21.756242315382465,20.785259275893043,14.175568938118078,False,0,True,9,96,4.574710978503383
horseshoe,1004,17,11,436,17.21999999999997,16.64681648860344,21.56415874914796,19.912738247610108,16.442758444692497,False,0,True,14,112,4.727387818712341
horseshoe,1004,17,12,437,17.454999999999973,19.74963778697104,21.751893544394985,19.604482041041877,18.96352925205214,False,0,True,2,18,2.9444389791664403
horseshoe,1004,17,13,438,23.139999999999983,23.29003179880109,23.036800892315856,20.606309089528004,21.649484150624247,False,0,True,4,4,1.6094379124341003
horseshoe,1004,17,14,439,20.889999999999965,25.29880457452601,23.515575251835198,21.347142536264993,24.44623635970547,False,0,True,1,2,1.0986122886681098
horseshoe,1004,17,15,440,21.59499999999996,27.977062811792678,24.654157931393513,22.839927675892167,27.319779761059635,False,0,True,1,3,1.3862943611198906
horseshoe,1004,17,16,441,24.314999999999912,30.7603977909982,26.384022934319265,25.110143570495325,30.24823707429549,True,1,True,4,4,1.6094379124341003
horseshoe,1004,17,17,442,22.869999999999937,33.64491886833536,28.382307949573292,27.18394506329365,33.21708764904785,True,1,True,2,2,1.0986122886681098
horseshoe,1004,17,18,443,20.784999999999897,36.470307921064155,31.17913395801361,30.245640136899134,36.21639909679084,False,0,True,1,1,0.6931471805599453
horseshoe,1004,17,19,444,25.324999999999935,40.28153778297697,34.20345003015991,33.72541270387893,39.23918705915426,True,1,True,1,1,0.6931471805599453
horseshoe,1004,18,8,458,2.795999999999998,15.520465579565828,25.714879718907845,25.637339232642,13.580912948841753,False,0,True,4,12,2.5649493574615367
horseshoe,1004,18,9,459,10.353999999999978,15.108870428378012,24.202744420892188,23.906720455282894,14.63528528357617,False,0,True,4,54,4.007333185232471
horseshoe,1004,18,11,461,16.004999999999974,18.509379313011163,23.019833667773046,21.224050979965014,18.25357747298418,False,0,True,1,42,3.7612001156935624
horseshoe,1004,18,12,462,18.494999999999965,20.760840100938104,23.142081423300148,20.835376860402803,20.553448055865623,False,0,True,22,140,4.948759890378168
horseshoe,1004,18,13,463,18.694999999999965,23.63164275541914,23.910925058872923,21.743148440398095,23.054911608589165,False,0,True,1,15,2.772588722239781
horseshoe,1004,18,14,464,17.899999999999945,26.938287594332852,24.822871106109957,22.218568499731088,25.699168419353864,False,0,False,0,1,0.6931471805599453
horseshoe,1004,18,16,466,19.484999999999943,32.092813898484536,27.505714444090117,26.800922695289366,31.269547988330647,False,0,True,2,3,1.3862943611198906
horseshoe,1004,18,19,469,25.68499999999991,40.5099758745425,34.21846273034221,34.03710676110994,40.03176971300455,False,0,True,1,1,0.6931471805599453
horseshoe,1004,19,12,487,18.659999999999975,22.830751346662105,24.99800506010357,22.762039576459813,22.343566513964287,False,0,True,1,24,3.2188758248682006
horseshoe,1004,19,13,488,19.664999999999967,24.910002284693462,25.47551539147536,23.061659846304998,24.664137667038748,False,0,True,21,120,4.795790545596741
horseshoe,1004,19,14,489,23.244999999999948,27.48634147151942,26.793658215508188,24.419448371670207,27.15212689689511,True,1,True,8,37,3.6375861597263857
horseshoe,1004,19,15,490,22.88499999999997,30.545014726118435,28.067689824872375,26.595325776551114,29.76558229000926,False,0,True,5,8,2.1972245773362196
horseshoe,1004,19,16,491,19.314999999999948,33.6940368257859,28.94377490868916,27.56216080827192,32.47422622593636,False,0,True,2,7,2.0794415416798357
horseshoe,1004,19,20,495,21.679999999999954,44.61926974975704,37.70560339873387,38.146400636324486,43.90049142470775,False,0,True,1,1,0.6931471805599453
horseshoe,1004,20,13,513,16.884999999999945,26.856455106000023,27.33543814106332,24.73459317168883,26.4399768669428,False,0,True,1,2,1.0986122886681098
horseshoe,1004,20,14,514,21.499999999999982,29.011204003280696,28.169743200240813,25.90627762662023,28.774827278211866,False,0,True,3,16,2.833213344056216
horseshoe,1004,20,15,515,24.124999999999957,31.60983967511093,29.27310378945612,27.562503975477586,31.252881130051733,False,0,True,15,34,3.5553480614894135
horseshoe,1004,20,16,516,19.409999999999954,34.387029101070546,30.468030716703208,29.541421181354764,33.842695797455676,False,0,True,6,14,2.70805020110221
horseshoe,1004,20,17,517,22.069999999999947,37.533287959018345,32.166537231262424,31.46128904822688,36.52050279802931,True,1,True,5,5,1.791759469228055
horseshoe,1004,20,18,518,21.724999999999955,41.22822865260816,37.00284246594731,36.774226813524905,39.26830498346437,False,0,True,3,3,1.3862943611198906
horseshoe,1004,20,19,519,20.794999999999924,44.12416474717342,39.707947704556716,39.67016290809016,42.07239016028967,False,0,True,1,1,0.6931471805599453
horseshoe,1004,20,21,521,22.03999999999995,50.36914721910985,45.83620860293658,45.915145380026594,47.80961458185436,False,0,True,1,1,0.6931471805599453
horseshoe,1004,21,15,540,18.199999999999964,33.12195748701423,31.05647741509173,29.69157640670131,32.885516889384995,False,0,True,1,2,1.0986122886681098
horseshoe,1004,21,16,541,22.029999999999955,35.712052105742785,32.2820224173088,31.489976061180286,35.355942937390395,False,0,True,3,4,1.6094379124341003
horseshoe,1004,21,17,542,23.744999999999955,38.34770478871053,34.34987207394288,33.89370294962727,37.92705850410428,True,1,True,6,14,2.70805020110221
horseshoe,1004,21,18,543,25.72499999999994,41.380090872264816,37.128532436381796,36.926089033181555,40.57972915665227,False,0,True,7,11,2.4849066497880004
horseshoe,1004,21,19,544,25.669999999999956,44.188022791405444,39.77920811033144,39.73402095232218,43.298968301248486,False,0,True,1,2,1.0986122886681098
horseshoe,1004,21,20,545,21.814999999999948,47.288261206582625,42.8012994107049,42.83425936749937,46.072990779300966,False,0,True,1,1,0.6931471805599453
horseshoe,1004,22,17,567,21.514999999999947,40.61590683727569,36.5564990393074,36.161904998192426,39.46059250966312,False,0,True,1,1,0.6931471805599453
horseshoe,1005,3,10,85,3.163999999999998,25.149328487220266,33.172318831476225,31.458591002828616,24.87833478594491,False,0,True,1,1,0.6931471805599453
horseshoe,1005,3,11,86,4.045999999999998,24.12920317506859,32.74294592163755,30.911484157671826,23.830823857503777,True,1,True,4,6,1.9459101490553132
horseshoe,1005,3,12,87,2.731999999999998,23.144094274282853,32.62351750657635,31.165154802832557,22.983109400859874,False,0,True,1,1,0.6931471805599453
horseshoe,1005,4,9,109,3.894999999999997,23.65702280368035,30.63121274912905,28.8791929337162,23.140491619792904,False,0,True,2,5,1.791759469228055
horseshoe,1005,4,10,110,3.630999999999997,22.121406987363066,29.957832030604088,27.88406858447023,21.751332106627686,False,0,True,3,6,1.9459101490553132
horseshoe,1005,4,11,111,6.928999999999997,20.821837329389215,29.570905839032374,27.621059326137786,20.54500115401863,False,0,True,21,53,3.9889840465642745
horseshoe,1005,4,12,112,6.5109999999999975,19.776889100838225,29.43378473776209,27.868629515421812,19.555363060376795,False,0,True,14,40,3.713572066704308
horseshoe,1005,4,13,113,9.370000000000003,18.968240894862163,29.579682149940247,27.892977076137743,18.816639031091064,False,0,True,8,27,3.332204510175204
horseshoe,1005,4,15,115,7.363999999999997,18.33094663622329,30.314937170124878,28.949644631749294,18.204088783264158,False,0,False,0,1,0.6931471805599453
horseshoe,1005,4,16,116,3.6829999999999967,18.48665633530238,31.798631264787186,29.903347590380886,18.359142475298725,False,0,True,1,3,1.3862943611198906
horseshoe,1005,4,17,117,4.498999999999997,19.014338296458767,32.537027009904236,30.547549985073495,18.816639031091064,False,0,True,1,1,0.6931471805599453
horseshoe,1005,5,7,132,9.789999999999996,24.217253122766383,30.16525632396543,28.087380114241313,23.97752612245869,False,0,True,1,1,0.6931471805599453
horseshoe,1005,5,8,133,11.014999999999976,22.38290485655961,28.791791955678406,26.687291328872874,22.13329616127882,False,0,True,8,41,3.7376696182833684
horseshoe,1005,5,9,134,10.334999999999992,20.72330769283515,27.815161686652505,25.81573820085075,20.40054820271452,False,0,True,9,61,4.127134385045092
horseshoe,1005,5,10,135,7.536999999999996,19.334738416885678,27.1195569874598,24.956831373021604,18.81011597461285,False,0,True,9,85,4.454347296253507
horseshoe,1005,5,11,136,7.360999999999995,17.706896292339245,26.631886671190912,24.664793888088106,17.40106568530215,False,0,True,12,117,4.770684624465665
horseshoe,1005,5,12,137,6.911999999999996,16.524556860493803,26.52617883207569,24.63189046255129,16.2207348473712,False,0,True,9,59,4.0943445622221
horseshoe,1005,5,13,138,8.527000000000028,15.457068264747498,26.547917911158965,24.54288381424738,15.322072933906583,False,0,True,19,104,4.653960350157523
horseshoe,1005,5,14,139,7.251999999999995,15.067733312492159,26.889501701301466,25.26769533144747,14.756629933487215,False,0,True,8,25,3.258096538021482
horseshoe,1005,5,15,140,7.046999999999996,14.700380362816661,27.489083269331886,25.818103765529315,14.563271026611327,False,0,True,3,20,3.044522437723423
horseshoe,1005,5,16,141,9.588000000000005,14.947905919044535,28.497344672212712,26.55535220240974,14.756629933487215,True,1,True,15,72,4.290459441148391
horseshoe,1005,5,17,142,7.707999999999997,15.445747131478416,29.49689398589499,26.997123013667885,15.322072933906583,False,0,True,2,11,2.4849066497880004
horseshoe,1005,6,7,157,10.355999999999996,22.2921404135598,27.991962838140378,26.051976163855027,21.957524482351808,False,0,True,2,3,1.3862943611198906
horseshoe,1005,6,8,158,16.234999999999967,20.10662863957972,26.48145260992798,24.033272940118323,19.927215595831996,False,0,True,9,28,3.367295829986474
horseshoe,1005,6,9,159,17.919999999999952,18.386105547633882,25.42167834338715,22.601249365020262,17.98314459184402,False,0,True,14,59,4.0943445622221
horseshoe,1005,6,10,160,10.667999999999969,16.429110954937567,24.682979963816486,21.915458285810693,16.156471935985145,False,0,True,15,65,4.189654742026425
horseshoe,1005,6,11,161,8.103999999999996,14.81943738476094,24.156715864494014,21.978222716141783,14.491659995462564,False,0,True,7,35,3.58351893845611
horseshoe,1005,6,12,162,8.232000000000028,13.405038091543789,23.993839792406035,21.919974281998485,13.05079926397661,False,0,True,16,69,4.248495242049359
horseshoe,1005,6,13,163,8.983000000000013,12.227490701556796,23.986021419164413,22.18407150230357,11.915411928751887,False,0,True,5,95,4.564348191467836
horseshoe,1005,6,14,164,7.522999999999996,11.314796881887801,24.29401351254041,22.249018537766545,11.1789645957835,False,0,True,7,99,4.605170185988092
horseshoe,1005,6,15,165,10.323000000000004,11.074475977969898,24.925124369253854,22.662648421582926,10.922453269958496,False,0,True,16,120,4.795790545596741
horseshoe,1005,6,16,166,7.141999999999995,11.348231157965571,25.798781411546383,22.97327865880143,11.1789645957835,False,0,True,15,119,4.787491742782046
horseshoe,1005,6,17,167,7.085999999999995,11.974638692393835,27.017242515711086,24.52603658285791,11.915411928751887,False,0,True,6,69,4.248495242049359
horseshoe,1005,7,6,181,5.938999999999993,22.976995185487308,27.15379884590145,25.214125304770768,22.632556190061766,False,0,True,1,1,0.6931471805599453
horseshoe,1005,7,7,182,13.817999999999994,20.772108764062004,25.886504493887077,23.93735650225767,20.39252587854889,True,1,True,3,8,2.1972245773362196
horseshoe,1005,7,8,183,15.414999999999997,18.501677547514312,24.511537102584196,22.001130681545924,18.188352089097496,True,1,True,1,3,1.3862943611198906
horseshoe,1005,7,9,184,16.789999999999974,16.174754332022555,23.42467148446068,20.372142231178675,16.0348283347648,False,0,True,6,27,3.332204510175204
horseshoe,1005,7,10,185,19.089999999999932,14.103785198159677,22.748261671749017,19.49978246299218,13.955422449087047,False,0,True,8,36,3.6109179126442243
horseshoe,1005,7,11,186,14.66799999999998,12.098777245042367,22.07499504384492,18.762657365939816,11.988763061229347,False,0,True,12,54,4.007333185232471
horseshoe,1005,7,12,187,14.906999999999982,10.473135278622298,21.906922841788166,18.81351175507349,10.200274101357259,False,0,True,8,53,3.9889840465642745
horseshoe,1005,7,13,188,14.764999999999995,8.823363119896628,21.9627769244015,18.90263430246202,8.700532842651073,False,0,True,6,72,4.290459441148391
horseshoe,1005,7,14,189,7.677999999999996,7.772229839967088,22.22724658021387,19.0010926056624,7.66103646695329,False,0,True,11,128,4.859812404361672
horseshoe,1005,7,15,190,7.669999999999987,7.633343329720188,22.870293210891745,19.905395578285578,7.2816355133056625,False,0,True,4,103,4.6443908991413725
horseshoe,1005,7,16,191,7.957999999999993,7.930416709446729,23.750348999857867,21.03518127692594,7.66103646695329,False,0,True,9,75,4.330733340286331
horseshoe,1005,7,17,192,7.855999999999993,8.76054133331926,25.115960086221865,22.5715627721997,8.700532842651073,False,0,True,5,92,4.532599493153256
horseshoe,1005,8,2,202,5.689999999999993,31.854940873001745,34.99855848941656,33.80838761567668,31.166667608648414,False,0,True,1,1,0.6931471805599453
horseshoe,1005,8,3,203,2.6569999999999987,29.532412506305256,32.71554389171479,31.48585924898019,28.80329095509966,False,0,True,1,2,1.0986122886681098
horseshoe,1005,8,4,204,6.467999999999992,26.985195953498852,30.029258885138564,28.75526292906584,26.44308033983532,False,0,True,3,6,1.9459101490553132
horseshoe,1005,8,5,205,8.36900000000002,24.696086123637077,27.91080308057101,26.466153099204067,24.086966473023384,True,1,True,3,9,2.302585092994046
horseshoe,1005,8,7,207,15.472999999999995,19.65697994864576,24.28526963717714,22.200140886144567,19.393000023096235,False,0,True,4,9,2.302585092994046
horseshoe,1005,8,8,208,14.501000000000012,17.276414050289098,23.009037594798528,20.63578809147114,17.060172622382854,True,1,True,6,15,2.772588722239781
horseshoe,1005,8,9,209,18.614999999999934,14.92384651476675,22.019413459256,19.223900226623062,14.742762899602651,False,0,True,8,32,3.4965075614664802
horseshoe,1005,8,10,210,18.53999999999992,12.714419181141112,21.18505308143515,18.380497715539907,12.449383676351493,False,0,True,17,68,4.23410650459726
horseshoe,1005,8,11,211,23.204999999999973,10.513357204119306,20.670462540573872,17.71153872839495,10.196262939274447,False,0,True,8,57,4.060443010546419
horseshoe,1005,8,12,212,15.379999999999972,8.157868759451766,20.369759113997873,17.147514855748206,8.017414167382396,False,0,True,7,98,4.59511985013459
horseshoe,1005,8,13,213,22.33499999999998,6.095091184611778,20.33950780418203,17.550797146394963,5.994381530614671,False,0,True,12,104,4.653960350157523
horseshoe,1005,8,14,214,7.090999999999997,4.394669197105415,20.573456542477942,17.660977499377353,4.350266421325535,False,0,True,20,167,5.123963979403259
horseshoe,1005,8,15,215,7.6759999999999975,3.652517831145678,21.147466227766802,18.592198135142166,3.640817756652829,False,0,True,16,185,5.225746673713202
horseshoe,1005,8,16,216,8.281999999999993,4.383968218930326,22.07317885750335,19.615265595451426,4.350266421325535,False,0,True,11,76,4.343805421853684
horseshoe,1005,8,17,217,8.157999999999989,6.525199630326865,23.07738030783155,20.83941833286015,5.994381530614671,False,0,True,2,13,2.6390573296152584
horseshoe,1005,8,18,218,1.11,8.783187933612737,24.367801062785485,22.9476927686465,8.017414167382396,False,0,True,1,1,0.6931471805599453
horseshoe,1005,8,19,219,2.7039999999999993,10.95977426454344,27.031213211004783,25.916700445681645,10.196262939274444,False,0,True,2,12,2.5649493574615367
horseshoe,1005,8,20,220,2.131999999999999,12.808952657464843,28.46073421722424,27.590628216978793,12.44938367635149,False,0,False,0,4,1.6094379124341003
horseshoe,1005,9,3,228,5.958999999999989,31.527105331759923,34.67280710106927,33.48055207443486,28.57225955200196,False,0,True,1,1,0.6931471805599453
horseshoe,1005,9,4,229,2.339999999999999,27.10762290560152,29.073623471243305,27.594939649890044,26.191237922668464,False,0,True,1,1,0.6931471805599453
horseshoe,1005,9,5,230,6.54299999999999,24.863996825033485,26.840695069000066,25.29027640346432,23.810216293334967,False,0,True,7,10,2.3978952727983707
horseshoe,1005,9,6,231,7.090999999999997,22.01097833793881,25.01928801003639,23.387213987383696,21.429194664001468,False,0,True,7,22,3.1354942159291497
horseshoe,1005,9,7,232,9.382999999999987,19.443683591990357,23.422066291290708,21.897608222664285,19.048173034667972,False,0,True,12,30,3.4339872044851463
horseshoe,1005,9,8,233,11.627000000000006,17.23890218027591,22.082431709134042,20.107299214466735,16.667151405334476,False,0,True,6,21,3.091042453358316
horseshoe,1005,9,9,234,15.694999999999983,14.889578138489883,21.044452453636758,18.92563238535301,14.28612977600098,False,0,True,4,19,2.995732273553991
horseshoe,1005,9,10,235,14.23799999999998,11.954535324144933,20.17234013973709,18.19540641024801,11.905108146667484,False,0,True,4,33,3.5263605246161616
horseshoe,1005,9,11,236,19.005000000000003,9.564126922214541,19.684073806963116,17.2940539743115,9.524086517333988,True,1,True,6,50,3.9318256327243257
horseshoe,1005,9,12,237,17.07999999999994,7.209213062788106,19.432942321535158,16.87044470831773,7.143064888000488,False,0,True,10,127,4.852030263919617
horseshoe,1005,9,13,238,14.487999999999968,4.796320839136598,19.30069677676385,16.792618632357357,4.762043258666992,False,0,True,4,175,5.170483995038151
horseshoe,1005,9,14,239,13.955,2.4076371549069444,19.564036852561337,17.221733416154827,2.381021629333496,False,0,True,27,570,6.3473892096560105
horseshoe,1005,9,15,240,9.996000000000013,0.0,20.14717973967422,18.33094663622329,0.0,False,0,True,23,699,6.551080335043404
horseshoe,1005,9,16,241,6.883999999999995,2.388159932760664,20.942619352530006,18.793230811087533,2.381021629333496,False,0,True,12,425,6.054439346269371
horseshoe,1005,9,17,242,4.971999999999999,4.786710565140122,22.136515592551792,20.288861031552653,4.762043258666992,False,0,True,9,249,5.521460917862246
horseshoe,1005,9,18,243,14.011999999999919,7.167821744191948,23.44941852852586,22.182599275355713,7.143064888000488,False,0,True,6,145,4.983606621708336
horseshoe,1005,9,19,244,11.039999999999978,9.655588932497492,24.9892797196934,24.326689369958412,9.524086517333984,True,1,True,14,115,4.7535901911063645
horseshoe,1005,9,20,245,7.442999999999999,12.0144527206376,26.71621567722172,26.221761652975868,11.90510814666748,False,0,True,2,12,2.5649493574615367
horseshoe,1005,10,6,256,9.30099999999999,22.087638298995078,24.72414493440842,23.518753294170672,21.736281602077838,False,0,True,7,16,2.833213344056216
horseshoe,1005,10,7,257,6.992999999999997,19.774086879895577,23.25147355409345,22.04358200348875,19.39300002309624,False,0,True,13,54,4.007333185232471
horseshoe,1005,10,8,258,9.748999999999958,17.403062762101356,21.694202411144214,19.71128401298282,17.060172622382858,False,0,True,16,93,4.543294782270004
horseshoe,1005,10,9,259,22.50499999999995,15.08897028821075,20.65998540105112,19.22758570863243,14.742762899602653,False,0,True,11,74,4.31748811353631
horseshoe,1005,10,10,260,17.53999999999991,12.926812039741854,19.761272701881737,18.303235807385455,12.449383676351497,False,0,True,8,67,4.219507705176107
horseshoe,1005,10,11,261,15.294999999999956,10.24532583039342,19.156435388049463,17.185937720751994,10.19626293927445,False,0,True,10,105,4.663439094112067
horseshoe,1005,10,12,262,19.24999999999994,8.05850456706823,18.95015664693492,17.000039719957446,8.0174141673824,False,0,True,3,145,4.983606621708336
horseshoe,1005,10,13,263,18.754999999999935,6.023994426239351,18.764259863101838,16.56376941837616,5.9943815306146755,False,0,True,4,262,5.572154032177765
horseshoe,1005,10,14,264,21.604999999999993,4.43636798277762,19.026186246133538,16.658500003126495,4.350266421325541,False,0,True,23,633,6.452048954437226
horseshoe,1005,10,15,265,16.327999999999985,3.763890896124145,19.492954846252665,17.565055297791588,3.6408177566528366,False,0,True,15,160,5.081404364984463
horseshoe,1005,10,16,266,16.282999999999998,4.400377720468102,20.519895160889913,18.543794854436772,4.350266421325541,False,0,True,10,101,4.624972813284271
horseshoe,1005,10,17,267,15.362999999999937,6.009297798759075,22.011991630050527,20.466075005359702,5.9943815306146755,False,0,True,8,69,4.248495242049359
horseshoe,1005,10,18,268,14.693999999999967,8.255625647263171,22.770815405505466,22.003783936835212,8.0174141673824,False,0,True,8,57,4.060443010546419
horseshoe,1005,10,19,269,10.51799999999998,10.383989336336544,24.2938100945923,22.949976933177346,10.196262939274447,False,0,True,7,50,3.9318256327243257
horseshoe,1005,10,20,270,7.2129999999999965,12.59338694509161,25.98715314925097,24.8495409160775,12.449383676351493,False,0,True,13,34,3.5553480614894135
horseshoe,1005,10,21,271,2.190999999999999,14.943741705786886,28.109440083397136,27.01735721710815,14.74276289960265,False,0,True,1,5,1.791759469228055
horseshoe,1005,11,6,281,-1.6589999999999978,22.93089604003237,25.015320041431504,23.508472731286552,22.63255619006177,False,0,True,2,2,1.0986122886681098
horseshoe,1005,11,7,282,6.446999999999994,20.491798506202276,23.27378160663378,22.319845154855813,20.392525878548895,False,0,True,3,21,3.091042453358316
horseshoe,1005,11,8,283,13.473999999999922,18.263667336401827,22.200853250878833,20.551997956969455,18.188352089097496,True,1,True,11,48,3.8918202981106265
horseshoe,1005,11,9,284,16.599999999999923,16.131045894171635,20.640095615255756,19.176506491863073,16.0348283347648,False,0,True,6,19,2.995732273553991
horseshoe,1005,11,10,285,16.459999999999916,14.373856742848275,19.82832929195814,18.422629021098505,13.955422449087049,False,0,True,1,61,4.127134385045092
horseshoe,1005,11,11,286,16.34999999999994,12.443111017973402,19.215510770451562,17.406491523827633,11.98876306122935,False,0,True,15,255,5.545177444479562
horseshoe,1005,11,12,287,15.319999999999986,10.884050392133547,18.87554149394939,16.411590960601828,10.200274101357262,False,0,True,9,121,4.804021044733257
horseshoe,1005,11,13,288,16.934999999999945,8.95075271208604,18.847732487671387,16.946402796518925,8.700532842651077,False,0,True,15,266,5.58724865840025
horseshoe,1005,11,14,289,24.579999999999995,8.197760733180191,19.054760980784756,16.524336474170052,7.661036466953294,False,0,True,11,67,4.219507705176107
horseshoe,1005,11,15,290,17.909999999999993,7.842131412015636,19.467794652903002,17.18017116579217,7.281635513305666,False,0,True,12,85,4.454347296253507
horseshoe,1005,11,16,291,16.400999999999982,8.4876416144349,20.405938972653516,18.54675080093169,7.661036466953294,False,0,True,7,57,4.060443010546419
horseshoe,1005,11,17,292,16.067999999999934,9.140159268621783,21.317360739074406,19.54801139328935,8.700532842651077,False,0,True,2,8,2.1972245773362196
horseshoe,1005,11,18,293,11.401,13.234584094601228,23.143331999166872,22.08957463167767,10.200274101357262,False,0,True,2,2,1.0986122886681098
horseshoe,1005,11,19,294,10.356000000000034,12.829133401943862,24.308631398548254,23.530385241576013,11.988763061229347,False,0,True,7,32,3.4965075614664802
horseshoe,1005,11,20,295,11.252999999999984,14.584236628387256,26.924001049314978,26.364749034690195,13.955422449087045,True,1,True,16,57,4.060443010546419
horseshoe,1005,11,21,296,4.140999999999997,16.43423248285523,28.706461748003143,28.41045639350976,16.034828334764796,False,0,False,0,1,0.6931471805599453
horseshoe,1005,12,7,307,13.474999999999921,22.87403997509368,24.005356718833173,23.144747792765898,21.957524482351808,False,0,True,2,3,1.3862943611198906
horseshoe,1005,12,8,308,16.044999999999927,20.70366880642653,22.691285593736577,21.83639596099895,19.927215595831996,False,0,True,2,4,1.6094379124341003
horseshoe,1005,12,9,309,16.62999999999991,18.37048137287628,21.563584908542204,20.650189675552085,17.98314459184402,False,0,True,9,36,3.6109179126442243
horseshoe,1005,12,10,310,18.484999999999943,16.75931146765088,20.459597845537875,19.21106397851385,16.156471935985145,False,0,True,5,79,4.382026634673881
horseshoe,1005,12,11,311,17.799999999999944,15.255952209987733,19.794693636730422,18.656078240942527,14.491659995462564,False,0,True,23,200,5.303304908059076
horseshoe,1005,12,12,312,18.004999999999967,13.36358666877583,19.47178709649993,17.641614876270868,13.05079926397661,False,0,True,8,53,3.9889840465642745
horseshoe,1005,12,13,313,20.999999999999943,12.54462600606378,19.37261993423256,17.149592877745196,11.915411928751887,False,0,True,9,28,3.367295829986474
horseshoe,1005,12,14,314,19.30199999999999,11.656416608699134,19.558281552928566,17.294387870556456,11.1789645957835,False,0,True,13,57,4.060443010546419
horseshoe,1005,12,15,315,24.509999999999984,11.563919689553984,20.078532653996376,17.961015966189336,10.922453269958496,False,0,True,11,51,3.9512437185814275
horseshoe,1005,12,16,316,19.24999999999992,11.727513208771672,20.838609006789287,19.039631196129623,11.1789645957835,True,1,True,14,69,4.248495242049359
horseshoe,1005,12,17,317,19.759999999999927,12.912614853305477,21.937628345201656,20.268604880778575,11.915411928751887,False,0,True,9,33,3.5263605246161616
horseshoe,1005,12,18,318,16.174999999999947,14.478058650962607,23.303402392596585,22.081842527268055,13.05079926397661,False,0,True,2,15,2.772588722239781
horseshoe,1005,12,19,319,10.904999999999978,16.7015206736814,25.037799864813312,23.777068571800946,14.491659995462562,False,0,True,4,6,1.9459101490553132
horseshoe,1005,12,20,320,10.062,18.522680025056317,26.864252339849823,26.054326467626932,16.15647193598514,False,0,True,9,18,2.9444389791664403
horseshoe,1005,12,21,321,6.658999999999998,18.991633214521194,28.847307630414747,28.00115485624911,17.983144591844017,False,0,True,3,7,2.0794415416798357
horseshoe,1005,13,6,331,12.74999999999988,26.336699951097188,27.467258591771348,27.208090463950132,25.909443200157856,False,0,True,2,2,1.0986122886681098
horseshoe,1005,13,7,332,16.004999999999917,24.425051597144794,25.513249567234087,25.26702017398743,23.977526122458695,False,0,True,8,14,2.70805020110221
horseshoe,1005,13,8,333,16.41999999999993,22.664447206705624,24.134158651284153,23.35497561641538,22.133296161278828,False,0,True,6,15,2.772588722239781
horseshoe,1005,13,9,334,16.809999999999963,21.04775081744288,23.07813955818793,22.67209849127984,20.400548202714525,False,0,True,3,13,2.6390573296152584
horseshoe,1005,13,10,335,18.264999999999976,19.233495236244735,21.604623984701018,19.971933964272132,18.810115974612852,False,0,True,9,49,3.912023005428146
horseshoe,1005,13,11,336,19.719999999999953,17.787182827219613,20.963129568609407,18.82494675189006,17.401065685302154,False,0,True,6,37,3.6375861597263857
horseshoe,1005,13,12,337,17.404999999999948,16.762844936436785,20.522030787160165,18.45641253384952,16.220734847371205,False,0,True,2,5,1.791759469228055
horseshoe,1005,13,13,338,22.07499999999996,15.781376462038754,20.496787909265745,18.11691715078332,15.322072933906588,False,0,True,6,10,2.3978952727983707
horseshoe,1005,13,14,339,21.349999999999994,15.392865688265887,20.800571990841924,18.30815390191945,14.75662993348722,False,0,True,3,5,1.791759469228055
horseshoe,1005,13,15,340,20.584999999999994,15.200528066151712,21.392545169603032,18.87499080539904,14.563271026611332,False,0,True,4,9,2.302585092994046
horseshoe,1005,13,16,341,19.479999999999983,15.284073557765403,22.07642970931054,19.90796539265512,14.75662993348722,False,0,True,8,18,2.9444389791664403
horseshoe,1005,13,17,342,18.170000000000012,16.005230168795208,22.99446084682576,20.695678485375574,15.322072933906588,False,0,True,9,27,3.332204510175204
horseshoe,1005,13,18,343,20.664999999999928,17.245664286628333,24.331274571110463,22.12818906070888,16.220734847371205,False,0,True,17,47,3.871201010907891
horseshoe,1005,13,19,344,14.906999999999982,18.71642889070717,25.837737377490456,23.567083838916485,17.401065685302154,False,0,True,1,1,0.6931471805599453
horseshoe,1005,14,7,357,13.759999999999918,26.92638070173807,27.223820979105952,26.961029187208787,26.348088059432627,False,0,True,2,3,1.3862943611198906
horseshoe,1005,14,8,358,15.869999999999898,25.64714107947395,25.972047429845226,25.76052558668151,24.681628479444118,False,0,True,6,12,2.5649493574615367
horseshoe,1005,14,9,359,18.234999999999918,24.197501055017124,24.91394300722104,23.693904242947553,23.14049161979291,True,1,True,16,41,3.7376696182833684
horseshoe,1005,14,10,360,17.469999999999942,22.205281555478056,23.732865694101598,21.841387991728556,21.75133210662769,False,0,True,2,5,1.791759469228055
horseshoe,1005,14,11,361,20.9299999999999,20.965165408701296,22.813466168569565,20.086440588587223,20.54500115401864,False,0,True,2,4,1.6094379124341003
horseshoe,1005,14,12,362,18.989999999999892,20.110453435060258,22.291803591207785,19.272133024329754,19.5553630603768,False,0,True,6,9,2.302585092994046
horseshoe,1005,14,13,363,26.644999999999882,19.37727303008186,22.294769503982042,19.350265563168946,18.816639031091068,False,0,True,5,11,2.4849066497880004
horseshoe,1005,14,14,364,25.899999999999885,18.99712082490906,22.649279259144798,19.72848392137559,18.359142475298732,True,1,True,10,19,2.995732273553991
horseshoe,1005,14,15,365,18.749999999999908,18.835678328926047,23.071138257312036,20.53665361152269,18.20408878326416,False,0,True,2,3,1.3862943611198906
horseshoe,1005,14,16,366,22.814999999999994,18.91004569691392,23.668466835326875,20.99687221703405,18.359142475298732,False,0,True,12,19,2.995732273553991
horseshoe,1005,14,17,367,19.909999999999968,19.403096662306286,24.590937549361854,22.929055977250197,18.816639031091068,False,0,True,4,6,1.9459101490553132
horseshoe,1005,14,18,368,20.07999999999996,20.397954748427043,25.808747157258686,23.69718236214711,19.5553630603768,True,1,True,12,28,3.367295829986474
horseshoe,1005,14,19,369,20.54499999999994,21.734793271513954,27.475610149242456,25.28246122671258,20.545001154018635,False,0,True,3,6,1.9459101490553132
horseshoe,1005,15,8,383,18.00499999999993,28.158952735572957,28.308411456517653,27.655355923503393,27.477151921297292,False,0,True,6,9,2.302585092994046
horseshoe,1005,15,9,384,19.624999999999876,26.851907692143207,27.66281319442842,27.01470389022297,26.101598527953232,False,0,True,4,11,2.4849066497880004
horseshoe,1005,15,10,385,17.47999999999993,26.72742094714531,27.856164072903947,27.154420508616628,24.87833478594492,False,0,True,1,2,1.0986122886681098
horseshoe,1005,15,11,386,20.98999999999991,24.544117006776283,25.272732392795916,22.610222328157505,23.830823857503784,False,0,True,3,5,1.791759469228055
horseshoe,1005,15,12,387,28.15499999999987,24.075987968143075,24.4789800029559,22.063825473498163,22.98310940085988,False,0,True,6,7,2.0794415416798357
horseshoe,1005,15,13,388,22.53499999999995,23.0128331184437,24.701190291493134,22.40999915828226,22.35792919156701,True,1,True,6,9,2.302585092994046
horseshoe,1005,15,14,389,21.554999999999968,22.60654097413023,24.999497337029624,22.775926632476313,21.974285101842618,False,0,True,3,4,1.6094379124341003
horseshoe,1005,15,15,390,21.304999999999968,22.98759531298213,25.16891609731584,23.426093354854196,21.844906539916998,False,0,True,1,1,0.6931471805599453
horseshoe,1005,15,16,391,21.474999999999984,22.816296078041372,27.04725709114997,26.342255392985283,21.974285101842618,False,0,True,5,5,1.791759469228055
horseshoe,1005,15,17,392,23.49999999999998,22.943225586723216,27.075968289188015,26.3239545990039,22.35792919156701,False,0,True,4,4,1.6094379124341003
horseshoe,1005,15,18,393,21.45499999999998,23.684042536848803,27.975557086565164,26.677699541966664,22.98310940085988,False,0,True,4,8,2.1972245773362196
horseshoe,1005,16,8,408,20.774999999999903,31.149451423612522,31.396287590125258,30.930639812001367,30.451864949278765,True,1,True,9,17,2.8903717578961645
horseshoe,1005,16,9,409,23.79499999999993,30.961459663106744,31.239677834054824,30.8750769832008,29.21670150611652,True,1,True,8,19,2.995732273553991
horseshoe,1005,16,10,410,23.544999999999927,31.897848220867235,32.17278822689922,31.753920307830146,28.129232888662607,False,0,True,2,2,1.0986122886681098
horseshoe,1005,16,12,412,17.34999999999995,29.808102401478614,30.725660463451547,29.57598593989704,26.46782044133886,False,0,True,1,1,0.6931471805599453
horseshoe,1005,16,13,413,20.98999999999992,27.527357016204057,28.511825935720147,27.295240554622488,25.926804641493817,False,0,True,3,3,1.3862943611198906
horseshoe,1005,16,14,414,24.60499999999997,27.37287676364645,28.11635479668534,27.0509917014481,25.596706954608898,False,0,True,12,15,2.772588722239781
horseshoe,1005,16,15,415,21.509999999999923,28.3838296052065,29.02600852316178,28.268323064300915,25.485724296569828,False,0,True,1,1,0.6931471805599453
horseshoe,1005,16,16,416,24.264999999999972,26.73911839990659,29.37201545013133,27.912338796973295,25.596706954608898,False,0,True,3,3,1.3862943611198906
horseshoe,1005,16,17,417,23.46999999999996,26.58009691099156,29.79233391258037,29.33865072777019,25.926804641493817,False,0,True,7,7,2.0794415416798357
horseshoe,1005,16,18,418,21.194999999999958,27.098463053077268,30.743279754963325,30.264836070600047,26.46782044133886,False,0,True,3,3,1.3862943611198906
horseshoe,1005,17,8,433,24.01499999999993,34.75458961402056,34.848404018094996,34.52073564431205,33.558149352228746,True,1,True,5,11,2.4849066497880004
horseshoe,1005,17,9,434,18.804999999999886,34.504648486727206,34.692034630058274,34.4791218504372,32.4414696947424,False,0,True,3,4,1.6094379124341003
horseshoe,1005,17,13,438,25.069999999999986,30.573496110396988,31.044309015245606,30.25161104819864,29.513259866974433,False,0,True,3,3,1.3862943611198906
horseshoe,1005,17,14,439,25.584999999999976,30.526382731055314,30.602118517711002,29.923548770893873,29.223701271014626,False,0,False,0,0,0.0
horseshoe,1005,17,15,440,24.359999999999975,31.534008623676378,31.106479651194707,30.45317889072038,29.126542053222657,False,0,False,0,1,0.6931471805599453
horseshoe,1005,17,16,441,23.01499999999996,31.58972459294222,32.09498254850808,31.425473012306014,29.223701271014626,True,2,True,6,7,2.0794415416798357
horseshoe,1005,17,18,443,25.32499999999991,30.87923026578985,33.7500002631956,33.67106969991402,29.989645345891194,False,0,True,1,1,0.6931471805599453
horseshoe,1005,18,8,458,18.67499999999991,38.477638412804026,38.48425921979942,38.243784443095514,36.76266863107446,False,0,True,1,2,1.0986122886681098
horseshoe,1005,18,12,462,22.909999999999915,35.285706670786475,35.57318952319564,34.9264651707502,33.5368937873505,False,0,True,1,1,0.6931471805599453
horseshoe,1005,18,13,463,25.58999999999996,34.835680663697715,34.782009272098456,34.232846703536275,33.11158294173293,False,0,False,0,0,0.0
horseshoe,1005,18,15,465,22.52499999999994,34.75988557184403,34.23663565457859,33.77937231300774,32.76735980987549,False,0,True,2,2,1.0986122886681098
horseshoe,1005,18,16,466,26.56999999999997,34.78812696281891,34.70207260257485,34.24146882567856,32.85375371109361,False,0,True,2,2,1.0986122886681098
horseshoe,1005,18,17,467,25.414999999999925,35.09573244613818,35.80768075647768,35.03853660545061,33.11158294173293,True,1,True,7,7,2.0794415416798357
horseshoe,1005,18,18,468,25.88999999999991,36.87270351471348,37.571859697100365,36.81550767402591,33.5368937873505,False,0,True,3,3,1.3862943611198906
horseshoe,1005,20,17,517,26.484999999999932,208.8127882236258,208.8127882236258,208.8127882236258,40.33111804046104,False,0,False,0,0,0.0
horseshoe,1005,21,16,541,29.07999999999992,208.8127882236258,208.8127882236258,208.8127882236258,43.75464582133178,False,0,False,0,0,0.0
open_robustness,1001,1,4,29,31.684999999999942,130.30143394643468,125.09911151365063,130.30143394643468,31.04422995336312,False,0,True,2,2,1.0986122886681098
open_robustness,1001,2,3,53,23.774999999999956,130.30143394643468,125.09306526147381,130.30143394643468,31.32851554168528,False,0,True,1,1,0.6931471805599453
open_robustness,1001,2,5,55,28.344999999999942,130.30143394643468,125.07963674749553,130.30143394643468,28.423558287976366,False,0,True,3,4,1.6094379124341003
open_robustness,1001,3,3,78,27.929999999999925,130.30143394643468,125.07520028693743,130.30143394643468,30.210799888744436,False,0,True,1,2,1.0986122886681098
open_robustness,1001,3,5,80,29.689999999999955,28.34005368490685,25.618154858576975,25.494243912668196,27.18667338278324,True,1,True,2,3,1.3862943611198906
open_robustness,1001,3,6,81,31.504999999999928,26.668149706508732,24.030235104533844,23.78052914189434,25.822303689490802,False,0,True,6,6,1.9459101490553132
open_robustness,1001,3,7,82,28.23499999999992,24.989391052802265,25.096881113318073,23.080137576715757,24.578663611916713,False,0,True,2,2,1.0986122886681098
open_robustness,1001,4,4,104,28.43499999999993,130.30143394643468,125.03022914449468,130.30143394643468,27.520789323958745,False,0,True,2,4,1.6094379124341003
open_robustness,1001,4,5,105,25.62999999999994,27.84220676147104,24.78889184261272,24.52347142073242,25.98897505325219,True,1,True,2,2,1.0986122886681098
open_robustness,1001,4,6,106,25.72999999999996,25.75035307141148,23.022897766832095,22.62039513755832,24.55815511248189,False,0,True,3,3,1.3862943611198906
open_robustness,1001,4,7,107,30.179999999999925,23.766080707456247,23.78301517830782,21.416069762247428,23.246985173225983,False,0,True,1,1,0.6931471805599453
open_robustness,1001,4,10,110,29.079999999999995,20.582573962791294,21.803287488920187,19.91123274840673,20.254367539433787,False,0,True,1,1,0.6931471805599453
open_robustness,1001,4,11,111,27.78999999999993,20.86881414014872,20.554645675933376,18.57256558294451,19.650227916214806,False,0,True,2,2,1.0986122886681098
open_robustness,1001,4,12,112,27.704999999999938,19.946058426454417,20.265585304633777,18.58863944926405,19.278658895297124,False,0,True,1,1,0.6931471805599453
open_robustness,1001,4,13,113,27.694999999999965,19.67500017321868,20.781651466392706,19.275617470735597,19.153200759887696,False,0,True,1,2,1.0986122886681098
open_robustness,1001,4,14,114,28.64999999999996,20.070226967380968,20.668481704063193,18.93643958742276,19.278658895297124,False,0,True,4,8,2.1972245773362196
open_robustness,1001,4,16,116,27.74499999999997,20.620586127692125,21.6504300989879,19.704266272902426,20.254367539433787,False,0,True,1,1,0.6931471805599453
open_robustness,1001,5,5,130,27.569999999999922,26.976590998291094,23.87846935863071,23.546931997158055,24.83613314989434,True,1,True,6,8,2.1972245773362196
open_robustness,1001,5,6,131,26.364999999999938,25.052579419795723,22.153014155191155,21.640854375345054,23.334730940155197,False,0,True,5,6,1.9459101490553132
open_robustness,1001,5,8,133,24.68999999999994,21.073108060752038,21.56601286813155,19.349045474212954,20.707281839625534,False,0,True,1,1,0.6931471805599453
open_robustness,1001,5,9,134,29.1099999999999,20.100504500368267,20.676305550571467,18.544455335900604,19.631536264688478,False,0,True,1,3,1.3862943611198906
open_robustness,1001,5,10,135,26.36999999999995,19.005418745922398,20.266732802190862,18.135338861498948,18.75222893266784,False,0,True,3,4,1.6094379124341003
open_robustness,1001,5,11,136,29.03999999999998,19.43919006351466,19.57577079572463,17.324396492366304,18.098014882298653,False,0,True,2,3,1.3862943611198906
open_robustness,1001,5,12,137,26.14999999999991,18.68933440722591,19.405202430674596,17.453997540302005,17.693879572381366,False,0,True,6,8,2.1972245773362196
open_robustness,1001,5,13,138,30.804999999999954,18.191165568050575,19.51518074575132,17.81461707960406,17.557100696563722,False,0,True,9,16,2.833213344056216
open_robustness,1001,5,14,139,28.864999999999952,18.601433224458873,19.420642692731086,17.65474165737522,17.693879572381366,True,1,True,4,8,2.1972245773362196
open_robustness,1001,5,15,140,27.749999999999964,18.405858966844328,19.76087108911965,17.614571834289354,18.098014882298653,False,0,True,8,15,2.772588722239781
open_robustness,1001,5,16,141,28.329999999999973,19.028827818472564,20.491342448683056,18.493788719717102,18.75222893266784,False,0,True,3,5,1.791759469228055
open_robustness,1001,5,17,142,26.884999999999934,19.710688699112936,21.886176620165035,19.609917254443992,19.631536264688478,False,0,False,0,0,0.0
open_robustness,1001,6,5,155,25.909999999999958,26.35859757849148,23.476427427731878,22.845674336540625,23.734684876447837,False,0,True,4,10,2.3978952727983707
open_robustness,1001,6,6,156,26.569999999999965,24.48987724952642,23.841079534538853,21.06790944550588,22.158777592512575,False,0,True,9,15,2.772588722239781
open_robustness,1001,6,7,157,28.294999999999924,22.31140311285597,22.04592149722181,19.50827048514016,20.696153302242077,False,0,True,8,13,2.6390573296152584
open_robustness,1001,6,8,158,25.999999999999947,20.226363677842443,20.66008500096115,17.887342369240127,19.372487644354987,False,0,True,2,3,1.3862943611198906
open_robustness,1001,6,9,159,24.504999999999956,18.40702245453436,19.589659127782614,17.270053831572653,18.21809464397361,False,0,False,0,0,0.0
open_robustness,1001,6,10,160,27.054999999999943,17.48058458423626,19.045356972157176,16.75950860516159,17.26695822338683,False,0,True,2,6,1.9459101490553132
open_robustness,1001,6,11,161,26.489999999999938,16.800193000824386,18.284959615536195,15.92098199829134,16.554150507498253,False,0,True,1,1,0.6931471805599453
open_robustness,1001,6,12,162,27.439999999999937,16.375036863397384,18.12628766094346,16.134571091666263,16.11133547124309,False,0,True,2,3,1.3862943611198906
open_robustness,1001,6,13,163,28.459999999999972,16.722185091477172,18.21540559866007,16.64084118540955,15.961000633239745,False,0,True,5,13,2.6390573296152584
open_robustness,1001,6,14,164,27.789999999999953,16.639489394659257,18.34210556485617,16.68029953401134,16.11133547124309,False,0,True,11,26,3.295836866004329
open_robustness,1001,6,15,165,30.05999999999996,16.98847311568509,18.890947841808362,16.74045764785768,16.554150507498253,False,0,True,11,20,3.044522437723423
open_robustness,1001,6,16,166,27.90499999999997,17.445761878573755,19.594870322795703,17.33874014176626,17.26695822338683,True,1,True,5,6,1.9459101490553132
open_robustness,1001,6,17,167,27.70999999999997,18.336255142011062,20.664525167341832,18.25081673919464,18.218094643973615,False,0,True,7,8,2.1972245773362196
open_robustness,1001,6,20,170,10.630999999999974,22.71884624400512,24.980288583408246,22.585840595584916,22.158777592512575,False,0,True,1,1,0.6931471805599453
open_robustness,1001,7,6,181,23.219999999999917,23.86568976599623,23.660254596357085,21.058269602512876,21.038256856586866,False,0,True,3,3,1.3862943611198906
open_robustness,1001,7,7,182,23.25499999999992,21.777786381870683,21.63914933524468,18.64881579858676,19.491731289939143,False,0,True,4,7,2.0794415416798357
open_robustness,1001,7,8,183,25.90499999999998,19.964008602718582,20.112128611577887,17.30149121372022,18.080102452695712,False,0,True,3,4,1.6094379124341003
open_robustness,1001,7,9,184,29.209999999999983,17.375611230294325,18.79011299655341,16.221961257677428,16.837333507003624,False,0,True,5,11,2.4849066497880004
open_robustness,1001,7,10,185,27.48999999999995,15.955575415644551,18.083456418154128,15.506652950491894,15.803312104032907,False,0,True,11,21,3.091042453358316
open_robustness,1001,7,11,186,29.404999999999987,15.247209527006811,17.505148465235553,14.822313596281234,15.021209212117098,False,0,True,4,8,2.1972245773362196
open_robustness,1001,7,12,187,28.385000000000005,14.88586954298706,17.3670439707896,15.006267246669793,14.531756873696406,False,0,False,0,4,1.6094379124341003
open_robustness,1001,7,13,188,26.304999999999957,14.62196014420332,17.202764809895296,15.257145831824394,14.364900569915772,True,1,True,3,5,1.791759469228055
open_robustness,1001,7,14,189,28.70999999999996,15.09152703264359,17.737950609621596,15.688410188962436,14.531756873696407,False,0,True,5,13,2.6390573296152584
open_robustness,1001,7,15,190,29.14499999999997,15.35362678073193,18.19400235850712,15.8410735414664,15.0212092121171,True,1,True,9,28,3.367295829986474
open_robustness,1001,7,16,191,29.184999999999985,15.887311571987532,18.84311678399881,16.27625081706223,15.803312104032909,False,0,True,16,37,3.6375861597263857
open_robustness,1001,7,17,192,27.754999999999963,17.03874551963718,19.650436130277754,16.852101133508604,16.837333507003628,False,0,True,8,10,2.3978952727983707
open_robustness,1001,7,18,193,21.53499999999998,18.384251624676075,20.567788439683298,18.17397685127759,18.080102452695716,False,0,False,0,1,0.6931471805599453
open_robustness,1001,7,19,194,17.27999999999996,19.979746993076166,22.595953288018915,19.843190068998084,19.491731289939143,False,0,True,1,1,0.6931471805599453
open_robustness,1001,7,20,195,14.679999999999941,21.469151852577774,23.72041653483702,21.35941038012684,21.038256856586866,False,0,True,5,5,1.791759469228055
open_robustness,1001,7,21,196,10.518999999999988,23.14861676607408,25.230756996055113,22.585439595526957,22.69211522431456,False,0,True,2,2,1.0986122886681098
open_robustness,1001,8,6,206,22.549999999999976,23.13338256616406,22.702083522312012,20.425969516307497,19.98249607925138,False,0,True,3,7,2.0794415416798357
open_robustness,1001,8,7,207,24.11499999999994,19.76151798963442,20.906111862722145,18.02686770339319,18.347192882639163,False,0,True,4,8,2.1972245773362196
open_robustness,1001,8,8,208,25.824999999999964,19.355046697404756,19.637505594683958,16.295509997443975,16.83989319127488,True,1,True,3,8,2.1972245773362196
open_robustness,1001,8,9,209,25.99499999999997,17.12515613896237,18.473272820347404,15.483119176965685,15.49799011548399,False,0,True,4,5,1.791759469228055
open_robustness,1001,8,10,210,27.759999999999998,14.490414694641695,17.27823550110545,14.482717139519005,14.367900732224088,False,0,True,8,18,2.9444389791664403
open_robustness,1001,8,11,211,28.709999999999987,13.760990198383572,16.75491535624143,14.117685664896696,13.502911692955857,False,0,True,10,20,3.044522437723423
open_robustness,1001,8,12,212,26.879999999999992,13.289672475087718,16.516313227338113,14.171201531178673,12.956228456993,False,0,True,3,4,1.6094379124341003
open_robustness,1001,8,13,213,25.609999999999978,13.034349901130403,16.514680609681644,14.317543471002674,12.768800506591797,False,0,True,7,10,2.3978952727983707
open_robustness,1001,8,14,214,25.96999999999996,13.172795430996366,16.705341697119508,14.520263330563001,12.956228456993001,False,0,True,10,26,3.295836866004329
open_robustness,1001,8,15,215,26.119999999999965,13.752925374070522,17.2229517067228,14.613484633451616,13.502911692955859,False,0,True,6,32,3.4965075614664802
open_robustness,1001,8,16,216,26.304999999999964,14.436102539485882,17.842945136548487,14.835813263558933,14.367900732224088,False,0,True,7,48,3.8918202981106265
open_robustness,1001,8,17,217,25.33499999999997,15.736915545937425,18.762986786672766,15.833553925458991,15.497990115483992,False,0,True,7,29,3.4011973816621555
open_robustness,1001,8,18,218,21.714999999999982,17.362485765703163,19.821397793896544,16.864580259429793,16.839893191274882,False,0,True,1,3,1.3862943611198906
open_robustness,1001,8,19,219,18.47000000000001,18.73037972883347,21.350812916623937,18.58863944926405,18.347192882639163,False,0,True,11,19,2.995732273553991
open_robustness,1001,8,20,220,14.289999999999957,20.430375995714382,22.742856850278667,20.08399122729356,19.98249607925138,False,0,True,4,6,1.9459101490553132
open_robustness,1001,8,21,221,11.58899999999999,21.89932596442668,24.36621901408645,21.725191999274152,21.71690565773911,True,1,True,5,6,1.9459101490553132
open_robustness,1001,8,22,222,10.02899999999998,23.74008187338038,26.28228041132627,23.740081873380376,23.52851487115789,False,0,False,0,0,0.0
open_robustness,1001,9,2,227,20.97499999999995,27.31192444687986,29.348797881601122,27.873461423189365,26.612808175132653,True,2,True,2,3,1.3862943611198906
open_robustness,1001,9,3,228,17.673,25.185863043592363,27.39671401649073,25.792168914374614,24.637130118190008,False,0,True,1,2,1.0986122886681098
open_robustness,1001,9,4,229,19.42999999999995,23.194299554682978,25.579624359043287,23.755836530992482,22.701937821696102,False,0,True,3,5,1.791759469228055
open_robustness,1001,9,6,231,20.267000000000003,19.687131950110714,21.775014477383344,19.640873768682702,19.002292450521722,False,0,True,4,6,1.9459101490553132
open_robustness,1001,9,7,232,26.584999999999994,18.516101211653723,20.287757520931756,17.568388295334454,17.27444515724378,False,0,True,1,2,1.0986122886681098
open_robustness,1001,9,8,233,12.418000000000005,17.746881312134818,19.365627918565792,16.099759726206273,15.66425777084264,False,0,True,1,1,0.6931471805599453
open_robustness,1001,9,9,234,24.314999999999973,17.85652125904803,18.752158572724973,15.325376236632472,14.211779143988183,False,0,True,7,10,2.3978952727983707
open_robustness,1001,9,10,235,25.46499999999998,13.265320852769705,16.811618766845363,13.732658567257811,12.970101783290042,False,0,True,6,11,2.4849066497880004
open_robustness,1001,9,11,236,27.179999999999982,12.150489479355103,16.436744985302536,13.603421284032887,12.004815409060736,False,0,True,10,34,3.5553480614894135
open_robustness,1001,9,12,237,26.429999999999943,11.723822827117644,16.07143702871798,13.444796547661742,11.386431602905857,False,0,True,7,10,2.3978952727983707
open_robustness,1001,9,13,238,24.639999999999986,11.73023681232987,15.972717864153669,13.636787144919815,11.172700443267821,False,0,True,8,15,2.772588722239781
open_robustness,1001,9,14,239,24.52499999999997,11.657062249190544,16.149871159286835,13.638185046267813,11.386431602905857,False,0,True,8,33,3.5263605246161616
open_robustness,1001,9,15,240,26.53499999999998,12.346761601091004,16.59483355134052,13.74140899795017,12.004815409060736,False,0,True,8,64,4.174387269895637
open_robustness,1001,9,16,241,25.784999999999975,13.182309932403633,17.217006400437338,13.944542429978556,12.970101783290042,False,0,True,10,73,4.30406509320417
open_robustness,1001,9,17,242,24.919999999999927,14.3751629390805,18.106257291456167,14.834333067514073,14.211779143988185,False,0,True,12,47,3.871201010907891
open_robustness,1001,9,18,243,21.679999999999975,15.979011275943213,19.170052905723438,15.979011275943215,15.664257770842644,False,0,True,10,39,3.6888794541139363
open_robustness,1001,9,19,244,19.53499999999999,17.617094686015644,20.52432709258192,17.659584844149123,17.27444515724378,False,0,True,5,18,2.9444389791664403
open_robustness,1001,9,20,245,16.86999999999997,19.184297671591853,22.112677609360112,19.243172899950892,19.002292450521722,False,0,True,12,46,3.8501476017100584
open_robustness,1001,9,21,246,13.794999999999945,21.027648715965395,23.858924795276142,21.027648715965398,20.81852444735215,False,0,True,5,16,2.833213344056216
open_robustness,1001,9,22,247,10.155999999999976,23.038457332435748,25.869043546405898,23.189768985740407,22.701937821696102,False,0,True,1,1,0.6931471805599453
open_robustness,1001,10,2,252,7.455999999999995,26.510154335495333,28.905914573165116,27.334914647680684,25.983140660985367,False,0,True,2,2,1.0986122886681098
open_robustness,1001,10,3,253,20.42000000000001,24.447389581797214,26.877674192236807,25.2070420318348,23.95558849418584,False,0,True,5,5,1.791759469228055
open_robustness,1001,10,4,254,25.58499999999995,22.470759495541287,24.96294091950548,23.13306186393655,21.96041940633875,False,0,True,8,9,2.302585092994046
open_robustness,1001,10,5,255,22.44499999999994,20.525415516672854,23.138158161391647,21.086952492982356,20.007323654280768,True,1,True,6,11,2.4849066497880004
open_robustness,1001,10,6,256,21.12500000000001,18.466783681292757,21.50359111847465,19.02832065760226,18.109918774453366,False,0,True,5,7,2.0794415416798357
open_robustness,1001,10,7,257,23.33500000000002,16.738321467221898,19.922549944909054,17.03422164784499,16.287679243304332,False,0,True,6,18,2.9444389791664403
open_robustness,1001,10,8,258,20.22999999999999,16.123273944432455,19.159249900736445,15.443081578998983,14.568836986992054,False,0,True,4,5,1.791759469228055
open_robustness,1001,10,9,259,24.240000000000013,13.177803863574479,17.46229345558947,13.922372596157981,12.994487526626095,True,2,True,11,19,2.995732273553991
open_robustness,1001,10,10,260,20.585000000000008,11.773096018041223,16.549053379336133,13.439121096481786,11.623492586612992,False,0,True,5,9,2.302585092994046
open_robustness,1001,10,11,261,23.499999999999996,10.62638118121701,16.072060089757603,13.66733296695025,10.535541402688605,False,0,True,9,18,2.9444389791664403
open_robustness,1001,10,12,262,24.41499999999993,10.122510632714267,15.711086236382087,13.25862096844218,9.825113958107403,False,0,True,7,20,3.044522437723423
open_robustness,1001,10,13,263,26.36499999999997,9.700647608749748,15.600234719312667,13.11682877401694,9.576600379943848,False,0,True,7,21,3.091042453358316
open_robustness,1001,10,14,264,24.104999999999944,10.260181796085785,15.779262178663384,13.075892106300941,9.825113958107403,False,0,True,7,26,3.295836866004329
open_robustness,1001,10,15,265,25.064999999999973,10.602713132661194,16.127527735557734,13.190568896195227,10.535541402688605,False,0,True,7,61,4.127134385045092
open_robustness,1001,10,16,266,25.15499999999996,11.833346515688806,16.77555665390377,13.338134777431332,11.623492586612993,False,0,True,8,87,4.477336814478207
open_robustness,1001,10,17,267,24.874999999999968,13.231833330492853,17.64251727233323,13.677877025313931,12.994487526626097,False,0,True,8,49,3.912023005428146
open_robustness,1001,10,18,268,19.699999999999985,14.798002971280226,18.841686967488645,15.668168940875349,14.568836986992057,False,0,True,14,68,4.23410650459726
open_robustness,1001,10,19,269,16.964999999999932,16.471771218604214,20.19388782822893,17.002273186431538,16.287679243304332,False,0,True,7,72,4.290459441148391
open_robustness,1001,10,20,270,15.077999999999973,18.365758439159915,21.701728705638757,18.517070092464575,18.109918774453366,False,0,True,20,79,4.382026634673881
open_robustness,1001,10,21,271,10.24399999999995,20.298204157612503,23.44055298413323,20.298204157612496,20.007323654280768,False,0,False,0,1,0.6931471805599453
open_robustness,1001,11,2,277,3.187999999999999,26.109517502258605,28.693112086366874,27.06623692227713,25.438174248066236,False,0,True,1,1,0.6931471805599453
open_robustness,1001,11,3,278,3.1139999999999985,23.97170913578899,26.60165608062512,24.835657120453373,23.36337583846132,False,0,True,3,3,1.3862943611198906
open_robustness,1001,11,4,279,19.78999999999996,21.802971546882347,24.610081688011736,22.66691953154673,21.31283958013875,False,0,True,6,6,1.9459101490553132
open_robustness,1001,11,5,280,19.549999999999926,19.874349440530086,22.767810391085952,20.542055238466816,19.29430253400138,True,2,True,8,11,2.4849066497880004
open_robustness,1001,11,6,281,16.924999999999994,17.803999175797465,21.05914166858869,18.46656302250023,17.318956910961113,True,1,True,5,8,2.1972245773362196
open_robustness,1001,11,7,282,19.57999999999994,15.755854852130977,19.542260806812443,16.33774715227898,15.403428371605981,False,0,True,4,4,1.6094379124341003
open_robustness,1001,11,8,283,20.053999999999995,14.02392450589263,18.272666949114434,15.019827738569536,13.573066036086946,False,0,True,6,12,2.5649493574615367
open_robustness,1001,11,9,284,21.61999999999994,12.106189565077315,17.170410043600125,14.023634970657895,11.867342438223918,False,0,True,4,11,2.4849066497880004
open_robustness,1001,11,10,285,20.48999999999998,10.39974323312516,16.613886495323563,13.889178822431777,10.348076651121042,True,1,True,8,17,2.8903717578961645
open_robustness,1001,11,11,286,20.204999999999977,9.695746409683771,15.945472860972696,13.424006380921206,9.109047321986807,False,0,True,7,19,2.995732273553991
open_robustness,1001,11,12,287,23.594999999999967,8.526535704719302,15.533228950262227,13.075830323623936,8.277075253749128,False,0,True,8,26,3.295836866004329
open_robustness,1001,11,13,288,24.62999999999998,8.082039239965264,15.4682529165967,13.083655408610717,7.9805003166198745,False,0,True,9,37,3.6375861597263857
open_robustness,1001,11,14,289,21.929999999999964,8.390616139057803,15.586646491341913,12.917272690859102,8.277075253749128,False,0,True,5,22,3.1354942159291497
open_robustness,1001,11,15,290,23.064999999999984,9.233390483802431,15.957866908997937,12.817644691949996,9.109047321986807,False,0,True,5,81,4.406719247264253
open_robustness,1001,11,16,291,24.459999999999958,10.517631197461355,16.58598943393544,12.866791727658534,10.348076651121042,False,0,True,6,126,4.844187086458591
open_robustness,1001,11,17,292,22.689999999999962,12.086569180337682,17.442975916585866,13.454573152639583,11.86734243822392,False,0,True,10,86,4.465908118654584
open_robustness,1001,11,18,293,24.779999999999966,13.731516217298793,18.559453434279053,14.722930689434872,13.573066036086948,False,0,True,6,90,4.51085950651685
open_robustness,1001,11,19,294,15.128999999999966,15.675028932346573,19.910332379863345,16.36220725750809,15.403428371605981,False,0,True,5,69,4.248495242049359
open_robustness,1001,11,20,295,10.565999999999962,17.54435800911147,21.546347860843287,18.247626593859014,17.318956910961113,False,0,True,4,15,2.772588722239781
open_robustness,1001,11,21,296,7.483999999999996,19.387142240622172,23.281508005007254,20.162473175686767,19.29430253400138,False,0,True,2,7,2.0794415416798357
open_robustness,1001,12,2,302,16.67499999999998,26.11181728584821,28.749108039447858,27.068536705866734,24.983452330806784,True,1,True,2,2,1.0986122886681098
open_robustness,1001,12,3,303,17.438,24.03867257839328,26.77951929120386,24.96390973968848,22.86743343403262,False,0,True,3,3,1.3862943611198906
open_robustness,1001,12,4,304,6.6649999999999965,21.513537983796358,24.581238924241415,22.736623162015732,20.767987679586188,True,1,True,2,5,1.791759469228055
open_robustness,1001,12,5,305,15.656000000000018,19.329596510495826,22.72019223897993,20.77588731889107,18.690700670769058,True,1,True,8,12,2.5649493574615367
open_robustness,1001,12,6,306,18.56499999999995,17.199340452112295,20.988521000857638,18.716372079778033,16.643871237619045,True,2,True,9,20,3.044522437723423
open_robustness,1001,12,7,307,20.799999999999986,15.089305805842027,19.47234833825593,16.60727975029852,14.640279604225832,True,1,True,5,12,2.5649493574615367
open_robustness,1001,12,8,308,19.974999999999923,13.100649415280849,18.233038485071038,15.265212022747576,12.700405619927727,False,0,True,7,18,2.9444389791664403
open_robustness,1001,12,9,309,17.310999999999968,11.152294708555564,17.292987945109605,14.694985658107985,10.858452828869554,False,0,True,3,9,2.302585092994046
open_robustness,1001,12,10,310,20.504999999999946,9.198525438370872,16.52646419755805,13.876338221136534,9.17359644131958,False,0,True,8,26,3.295836866004329
open_robustness,1001,12,11,311,18.28899999999996,7.794572931528826,15.916108760581007,13.422441326379714,7.748995057741993,False,0,True,12,20,3.044522437723423
open_robustness,1001,12,12,312,22.534999999999926,6.92174494838922,15.530364830504025,13.317211160510219,6.751455846477928,False,0,True,3,14,2.70805020110221
open_robustness,1001,12,13,313,22.55499999999996,6.49370864753223,15.405386556134015,13.145721727721622,6.384400253295897,False,0,True,10,58,4.07753744390572
open_robustness,1001,12,14,314,23.080000000000027,6.8979973764008164,15.535159851249848,12.840581362423384,6.751455846477929,False,0,True,5,43,3.784189633918261
open_robustness,1001,12,15,315,22.454999999999973,7.841146388656873,15.918086066319296,12.775044150876258,7.748995057741994,False,0,True,2,55,4.02535169073515
open_robustness,1001,12,16,316,22.96499999999997,9.610040293833285,16.5488201722425,12.490570353723648,9.173596441319582,False,0,True,6,174,5.1647859739235145
open_robustness,1001,12,17,317,21.399999999999956,11.05378097791594,17.435111404418038,13.193693278792612,10.858452828869556,False,0,True,10,112,4.727387818712341
open_robustness,1001,12,18,318,17.86800000000001,12.7733618562739,18.538291434373768,14.39471395400116,12.70040561992773,False,0,True,6,123,4.820281565605037
open_robustness,1001,12,19,319,15.535999999999968,14.775408984982723,19.872306345742636,15.992775490755054,14.640279604225832,False,0,True,8,81,4.406719247264253
open_robustness,1001,12,20,320,10.742999999999961,16.794089347373685,21.408478382855666,18.11750897654412,16.643871237619045,False,0,True,15,62,4.143134726391533
open_robustness,1001,12,21,321,10.273999999999946,18.802190389149988,23.1636408417607,20.225538157167044,18.690700670769058,False,0,True,2,14,2.70805020110221
open_robustness,1001,12,22,322,1.639000000000001,20.93746217149681,25.097624668988672,22.208624241031245,20.767987679586188,False,0,True,1,2,1.0986122886681098
open_robustness,1001,13,5,330,5.694999999999994,18.85448660052399,22.880021798387247,20.893383671781645,18.207403540298856,False,0,True,2,2,1.0986122886681098
open_robustness,1001,13,6,331,5.745999999999996,17.25859295665164,21.321317861922516,19.069251198228887,16.099245382608558,False,0,True,3,4,1.6094379124341003
open_robustness,1001,13,7,332,7.2179999999999955,14.484922882653848,19.706590496473286,17.319671037007854,14.01802550307679,False,0,True,5,7,2.0794415416798357
open_robustness,1001,13,8,333,13.615999999999971,12.367092136196469,18.49798735986928,15.912532432728684,11.97779424709292,False,0,True,8,23,3.1780538303479458
open_robustness,1001,13,9,334,13.03,10.07343213401343,17.386162133609645,14.753425032424188,10.003661827140384,False,0,True,9,16,2.833213344056216
open_robustness,1001,13,10,335,19.97499999999996,8.435336395177378,16.677603716454023,14.492970212798443,8.143839621652166,False,0,True,7,27,3.332204510175204
open_robustness,1001,13,11,336,17.467999999999993,6.506712742227087,16.075911852629684,13.739224529911617,6.497243763313047,False,0,True,12,42,3.7612001156935624
open_robustness,1001,13,12,337,19.529999999999976,5.336478989287667,15.688832493539067,13.54042419098784,5.267770701344301,False,0,True,13,76,4.343805421853684
open_robustness,1001,13,13,338,20.079999999999952,4.919763396927061,15.54886156094363,13.22581637927025,4.788300189971924,False,0,True,9,65,4.189654742026425
open_robustness,1001,13,14,339,22.94999999999998,5.305607877048253,15.649920695556442,12.94749625959593,5.267770701344303,False,0,True,12,83,4.430816798843313
open_robustness,1001,13,15,340,23.85499999999998,6.931830251454437,16.020312297458155,12.750176771165142,6.4972437633130475,False,0,True,10,75,4.330733340286331
open_robustness,1001,13,16,341,24.389999999999972,8.247378331292818,16.67874318117439,12.85515240389524,8.143839621652168,False,0,True,11,329,5.799092654460526
open_robustness,1001,13,17,342,18.679999999999982,10.125269596448197,17.512452953105004,13.167301673512572,10.003661827140386,False,0,True,12,234,5.459585514144159
open_robustness,1001,13,18,343,17.05299999999999,12.046656869473763,18.627592251625448,14.480045263865097,11.977794247092923,False,0,True,7,144,4.976733742420574
open_robustness,1001,13,19,344,15.868999999999966,14.089465077686155,19.955193959193476,16.103956653852705,14.01802550307679,True,1,True,12,97,4.584967478670572
open_robustness,1001,13,20,345,12.210000000000003,16.349355883362797,21.484926066920895,18.15304715084926,16.099245382608558,False,0,True,13,36,3.6109179126442243
open_robustness,1001,13,21,346,3.2109999999999994,18.694402617350786,23.247244845983506,20.199507379685343,18.207403540298856,False,0,True,6,11,2.4849066497880004
open_robustness,1001,14,4,354,7.923999999999997,21.834918269188798,25.798491398861234,24.23988432653157,20.01846366017458,True,1,True,6,7,2.0794415416798357
open_robustness,1001,14,5,355,3.3299999999999987,18.243671838587133,23.242741039990854,21.571831501844645,17.854183448664724,False,0,True,1,1,0.6931471805599453
open_robustness,1001,14,6,356,6.525999999999995,16.12976284773814,21.802568666868076,20.02421688978478,15.698663154190202,False,0,True,4,6,1.9459101490553132
open_robustness,1001,14,7,357,9.746999999999993,13.819408135920044,20.20468933113672,18.000923500435608,13.556082101558596,False,0,True,8,12,2.5649493574615367
open_robustness,1001,14,8,358,13.014999999999992,11.640361237937418,18.871769693577296,16.30611060808652,11.433716717016312,False,0,True,8,21,3.091042453358316
open_robustness,1001,14,9,359,11.725999999999964,9.499328777930145,17.801710672773098,15.649693712891612,9.345350335384527,False,0,True,8,21,3.091042453358316
open_robustness,1001,14,10,360,17.194999999999958,7.385137219536411,17.123872968322832,14.875878708899455,7.320139802112917,False,0,True,5,27,3.332204510175204
open_robustness,1001,14,11,361,14.850999999999999,5.536253074796807,16.421522322002595,13.995609643826045,5.429226414434778,False,0,True,12,39,3.6888794541139363
open_robustness,1001,14,12,362,15.404000000000003,3.8991395998265137,16.03196140131479,13.778212198063917,3.8744975288709975,False,0,True,15,55,4.02535169073515
open_robustness,1001,14,13,363,20.499999999999993,3.193605700123162,15.925794127436625,13.440740291368776,3.1922001266479505,False,0,True,8,77,4.356708826689592
open_robustness,1001,14,14,364,19.844999999999963,3.952090157750548,16.008991326510408,13.241045125532283,3.8744975288709997,False,0,True,12,128,4.859812404361672
open_robustness,1001,14,15,365,21.689999999999962,5.561673376059712,16.33909934750508,13.181651528688116,5.429226414434778,False,0,True,6,191,5.2574953720277815
open_robustness,1001,14,16,366,24.349999999999994,7.393796820193516,16.91635980875809,13.111391856774617,7.320139802112918,False,0,True,17,828,6.720220155135295
open_robustness,1001,14,17,367,19.004999999999978,9.37469520132898,17.7659169896635,13.56575719302261,9.34535033538453,False,0,True,10,308,5.733341276897746
open_robustness,1001,14,18,368,13.85099999999997,11.52269693968162,18.877479775199976,14.765087629746745,11.433716717016315,False,0,True,9,85,4.454347296253507
open_robustness,1001,14,19,369,14.473999999999917,13.666206782627727,20.19536518219208,16.279427288820777,13.556082101558596,False,0,True,2,18,2.9444389791664403
open_robustness,1001,14,20,370,6.373,15.923483188903354,21.727719176455683,18.303611732990067,15.698663154190202,False,0,True,10,33,3.5263605246161616
open_robustness,1001,14,21,371,6.643999999999999,18.172643193444554,23.51347062283478,20.160176288538427,17.854183448664724,False,0,True,14,44,3.8066624897703196
open_robustness,1001,14,22,372,-0.04199999999999925,20.369255038642212,25.467817346407312,22.357525023037773,20.01846366017458,False,0,True,1,1,0.6931471805599453
open_robustness,1001,15,2,377,3.949999999999997,130.30143394643468,130.3014339464347,130.30143394643468,24.20660775869996,False,0,True,2,2,1.0986122886681098
open_robustness,1001,15,3,378,6.020999999999997,23.112024162872416,29.142428952155587,27.891993369250297,22.01605052405565,False,0,True,2,2,1.0986122886681098
open_robustness,1001,15,4,379,6.650999999999998,20.96927091402846,27.05670717944955,25.749240120406345,19.82665582182991,True,1,True,5,7,2.0794415416798357
open_robustness,1001,15,5,380,11.595999999999995,18.087544806272305,24.141728551676124,22.443022924489465,17.638856549735443,False,0,True,4,8,2.1972245773362196
open_robustness,1001,15,6,381,9.139999999999995,15.897085134571373,22.19270027195275,20.57653356342453,15.453330339842626,False,0,True,5,12,2.5649493574615367
open_robustness,1001,15,7,382,7.632999999999997,13.70515168077701,20.702990945318625,18.74699389083419,13.271200236141754,True,1,True,3,9,2.302585092994046
open_robustness,1001,15,8,383,11.18199999999998,11.506653043859833,19.374136933731723,17.221874859656182,11.09447032212669,False,0,True,8,17,2.8903717578961645
open_robustness,1001,15,9,384,10.857999999999993,9.25707344559485,18.316066106437535,15.975953983520965,8.92709172433236,False,0,True,10,21,3.091042453358316
open_robustness,1001,15,10,385,15.182999999999982,7.10568856816678,17.563736780295155,15.529254328471534,6.778041050779298,False,0,True,13,33,3.5263605246161616
open_robustness,1001,15,11,386,17.58999999999997,4.9759839354522635,16.953935219207484,14.709174171229854,4.672675167692263,False,0,True,6,30,3.4339872044851463
open_robustness,1001,15,12,387,19.084999999999958,2.7204141376651108,16.553785615609623,14.551179906795083,2.7146132072173863,False,0,True,17,65,4.189654742026425
open_robustness,1001,15,13,388,13.94199999999997,1.6025375045474808,16.409423120576175,13.952045621346603,1.5961000633239735,False,0,True,10,54,4.007333185232471
open_robustness,1001,15,14,389,22.095,2.765832694680358,16.482410800507687,13.665929752776616,2.7146132072173894,False,0,True,4,76,4.343805421853684
open_robustness,1001,15,15,390,20.53499999999999,4.67912715646304,16.829730958715576,13.511616939346808,4.6726751676922635,False,0,True,12,242,5.493061443340548
open_robustness,1001,15,16,391,23.074999999999953,6.824559730545779,17.370912826931228,13.734480723007174,6.7780410507793,False,0,True,4,522,6.259581464064923
open_robustness,1001,15,17,392,19.034999999999965,9.021065910698514,18.196150131614793,14.450443225852123,8.927091724332362,False,0,True,7,115,4.7535901911063645
open_robustness,1001,15,18,393,18.329999999999956,11.171345682223087,19.293637990041255,15.534470759593,11.094470322126693,False,0,True,11,62,4.143134726391533
open_robustness,1001,15,19,394,7.582999999999997,13.404810018094592,20.604260438668483,17.07457275543053,13.271200236141754,False,0,False,0,0,0.0
open_robustness,1001,15,21,396,6.261,18.10942729884751,23.80992022241191,20.322571290470464,17.638856549735443,False,0,True,3,5,1.791759469228055
open_robustness,1001,16,5,405,6.935999999999996,18.45285504587327,24.628049336766928,23.132303474726427,17.566494384765623,False,0,True,2,3,1.3862943611198906
open_robustness,1001,16,6,406,8.72399999999999,16.24941203454718,22.88650143832427,21.261232437355382,15.370682586669918,True,1,True,4,4,1.6094379124341003
open_robustness,1001,16,9,409,8.363999999999981,9.442242717578672,19.135266260407956,16.875773361643603,8.78324719238281,False,0,True,2,3,1.3862943611198906
open_robustness,1001,16,10,410,8.764999999999999,7.265732645852314,18.31636098172929,16.150200703118752,6.587435394287108,False,0,True,1,11,2.4849066497880004
open_robustness,1001,16,11,411,10.64599999999995,5.104091427042432,17.753798999404495,15.819743401301343,4.391623596191404,True,1,True,7,33,3.5263605246161616
open_robustness,1001,16,12,412,9.601999999999956,2.2535232148676236,17.21654716533441,15.00301226689962,2.1958117980957006,False,0,True,6,17,2.8903717578961645
open_robustness,1001,16,13,413,15.346999999999987,0.0,17.040055916704535,14.798002971280226,0.0,True,1,True,16,75,4.330733340286331
open_robustness,1001,16,14,414,15.496999999999975,2.196377517098574,17.084529147035934,14.553783768758475,2.195811798095704,False,0,True,5,85,4.454347296253507
open_robustness,1001,16,15,415,25.329999999999956,4.420746446184831,17.418887648616945,14.647051044426473,4.391623596191405,False,0,True,5,187,5.236441962829949
open_robustness,1001,16,16,416,23.304999999999968,6.61681114726243,17.980291532022523,14.75586165830256,6.587435394287109,False,0,True,11,338,5.82600010738045
open_robustness,1001,16,17,417,20.444999999999972,8.801947664412731,18.764203353620633,15.62970459734694,8.783247192382813,False,0,True,10,99,4.605170185988092
open_robustness,1001,16,18,418,15.519999999999953,11.02042206598014,19.873137509561744,16.5002676390871,10.979058990478517,False,0,True,10,85,4.454347296253507
open_robustness,1001,16,19,419,11.450000000000012,13.244770885985833,21.145146197681505,17.67715117140199,13.174870788574214,False,0,True,16,62,4.143134726391533
open_robustness,1001,16,20,420,3.114999999999998,15.517502392328979,22.65007016860413,19.476064970190098,15.370682586669918,False,0,False,0,1,0.6931471805599453
open_robustness,1001,17,8,433,8.448999999999991,12.213693909051475,21.090284580679253,19.031258397496728,11.09447032212669,False,0,True,1,4,1.6094379124341003
open_robustness,1001,17,9,434,8.66599999999999,10.325428722213434,20.144950056884785,18.277697577082108,8.92709172433236,False,0,True,3,11,2.4849066497880004
open_robustness,1001,17,10,435,9.923999999999985,7.788921786155895,19.40003932480111,17.36573790549552,6.778041050779298,False,0,True,4,7,2.0794415416798357
open_robustness,1001,17,12,437,5.658999999999992,2.715062989351245,18.142584280455445,16.016905451427135,2.7146132072173867,False,0,True,4,14,2.70805020110221
open_robustness,1001,17,13,438,6.830999999999996,1.6073243941311284,18.00273152864279,15.771848108832781,1.596100063323974,False,0,True,3,30,3.4339872044851463
open_robustness,1001,17,14,439,16.495000000000008,2.7546878667527555,17.908682772662697,15.794902683416812,2.71461320721739,False,0,True,7,83,4.430816798843313
open_robustness,1001,17,15,440,23.354999999999958,4.682158693092745,18.19468409729244,15.783156768659538,4.6726751676922635,False,0,True,9,115,4.7535901911063645
open_robustness,1001,17,16,441,16.636000000000006,6.846225712649327,18.725672871765646,15.93858869307773,6.7780410507793,False,0,True,9,95,4.564348191467836
open_robustness,1001,17,17,442,19.49999999999999,9.028455179027448,19.49543114432684,16.610715678926304,8.927091724332362,False,0,True,7,41,3.7376696182833684
open_robustness,1001,17,18,443,18.93,11.403693988051259,20.561754770910568,17.457814788661775,11.094470322126693,False,0,True,9,59,4.0943445622221
open_robustness,1001,17,19,444,14.644999999999987,13.427545054712756,21.789196084443034,18.34510633114787,13.271200236141754,False,0,True,20,58,4.07753744390572
open_robustness,1001,17,20,445,11.479999999999979,15.580870471288785,23.338551396718408,20.332675057611493,15.453330339842626,False,0,True,2,6,1.9459101490553132
open_robustness,1001,18,13,463,9.726999999999993,3.723591239420246,19.393836333551064,17.361510053856566,3.192200126647951,False,0,True,8,38,3.6635616461296463
open_robustness,1001,18,14,464,16.41099999999996,4.072604984934669,18.910399471065787,16.70585364035491,3.8744975288709997,False,0,True,12,56,4.04305126783455
open_robustness,1001,18,15,465,16.58099999999999,5.655716099524658,19.16657480093841,16.896559087578236,5.429226414434778,False,0,True,6,57,4.060443010546419
open_robustness,1001,18,16,466,14.099999999999971,7.362802917733,19.58681883627656,16.96610115444302,7.320139802112918,False,0,True,7,45,3.828641396489095
open_robustness,1001,18,17,467,8.65099999999998,9.402675958020968,20.370470718624688,17.815141462403748,9.34535033538453,False,0,True,18,68,4.23410650459726
open_robustness,1001,18,18,468,20.439999999999955,11.483994900272108,21.365055118572716,18.509635531773103,11.433716717016315,False,0,True,10,50,3.9318256327243257
open_robustness,1001,18,19,469,13.461000000000006,13.645229764120714,22.587273946741114,19.66700020564007,13.556082101558596,False,0,True,11,35,3.58351893845611
open_robustness,1001,18,20,470,11.499999999999982,15.80760607193775,24.051105718500793,21.048548219662575,15.698663154190202,False,0,True,5,16,2.833213344056216
open_robustness,1001,19,13,488,2.9629999999999987,5.189971345696231,20.55414741849819,18.65994698896198,4.788300189971924,False,0,True,8,19,2.995732273553991
open_robustness,1001,19,14,489,11.141999999999973,5.368807961073621,20.012357036904504,18.20540073347202,5.267770701344303,False,0,True,4,29,3.4011973816621555
open_robustness,1001,19,15,490,14.734999999999989,6.703552605063475,20.20169457121355,18.24330740480163,6.4972437633130475,False,0,True,6,40,3.713572066704308
open_robustness,1001,19,16,491,13.176999999999998,8.338017768074948,20.679717237827237,18.43288395319965,8.143839621652168,True,1,True,12,44,3.8066624897703196
open_robustness,1001,19,17,492,7.944999999999997,10.144827747597464,21.376055319905838,19.231786927961753,10.003661827140386,False,0,True,8,22,3.1354942159291497
open_robustness,1001,19,18,493,8.520999999999995,12.178355541589918,22.35625783233521,19.79329128068438,11.977794247092923,False,0,True,10,29,3.4011973816621555
open_robustness,1001,19,20,495,11.47899999999997,16.592307566730145,25.057879644960487,22.219801629773244,16.099245382608558,False,0,True,2,2,1.0986122886681098
open_robustness,1001,20,13,513,7.462999999999998,6.745723535903188,21.817377665059457,19.94168555527711,6.384400253295897,True,1,True,8,21,3.091042453358316
open_robustness,1001,20,14,514,6.386000000000001,6.957398386699127,21.339987805163545,19.497213286212975,6.751455846477929,False,0,True,10,33,3.5263605246161616
open_robustness,1001,20,15,515,6.839,8.02083507101836,21.3907347965005,19.635696846442183,7.748995057741994,False,0,True,3,30,3.4339872044851463
open_robustness,1001,20,16,516,6.756999999999998,9.44873979855877,21.86423140624483,19.719983645761864,9.173596441319582,False,0,True,9,37,3.6375861597263857
open_robustness,1001,20,17,517,4.379999999999997,11.06823867345401,22.583040024781088,20.438919467161575,10.858452828869556,True,2,True,11,21,3.091042453358316
open_robustness,1001,20,18,518,6.3729999999999976,12.924709797540181,23.51048270479667,21.34363686977392,12.70040561992773,False,0,True,6,14,2.70805020110221
open_robustness,1001,20,19,519,4.001999999999997,15.093857416411922,24.61062917234984,22.18616684295258,14.640279604225832,False,0,True,2,3,1.3862943611198906
open_robustness,1001,21,13,538,2.737999999999999,8.317246677881595,23.12684308026481,21.431501782723004,7.980500316619871,False,0,True,10,26,3.295836866004329
open_robustness,1001,21,14,539,6.216000000000001,8.695237308405982,22.80935552203925,21.068496999038874,8.277075253749125,False,0,True,15,87,4.477336814478207
open_robustness,1001,21,17,542,2.9739999999999984,12.148539593241095,23.76613436619744,21.58129447646712,11.867342438223918,False,0,False,0,1,0.6931471805599453
open_robustness,1001,22,13,563,2.070000000000001,10.1927842278305,24.700482701504843,23.115282700223318,9.576600379943844,False,0,True,1,1,0.6931471805599453
open_robustness,1002,2,3,53,31.33499999999992,64.71875146421237,46.690722818657754,50.135664193703875,63.08409074638751,False,0,True,1,1,0.6931471805599453
open_robustness,1002,3,3,78,32.079999999999956,61.5525316524634,43.538149901821264,46.969444381954894,60.02113268735871,True,1,True,8,17,2.8903717578961645
open_robustness,1002,3,4,79,31.299999999999923,59.667549560704614,41.69276514081989,45.05281485517892,58.82484490398274,True,1,True,6,17,2.8903717578961645
open_robustness,1002,4,2,102,27.559999999999913,62.396656670324255,44.372375695264836,47.81356939981575,58.3714233931524,False,0,True,1,1,0.6931471805599453
open_robustness,1002,4,3,103,32.27999999999995,59.60682812554713,41.63257663219109,45.02374085503862,56.99405868994704,False,0,True,8,21,3.091042453358316
open_robustness,1002,4,4,104,29.16499999999997,57.084969962656835,39.23516762117767,42.50188269214833,55.732833544125775,False,0,True,7,13,2.6390573296152584
open_robustness,1002,4,5,105,28.94999999999995,55.39362159587331,37.62329293295201,40.647080506188814,54.59579741752079,False,0,True,6,8,2.1972245773362196
open_robustness,1002,4,7,107,27.50999999999994,53.87879358633193,36.77527519312642,39.16227079975046,52.72556185505614,False,0,True,1,1,0.6931471805599453
open_robustness,1002,4,8,108,30.87499999999994,52.67652832904441,35.90943984289114,38.78218432252523,52.0068869421156,False,0,True,3,5,1.791759469228055
open_robustness,1002,5,3,128,25.91999999999996,55.44003903671815,38.85674466039066,41.38300301507633,54.008902747021956,False,0,True,3,4,1.6094379124341003
open_robustness,1002,5,4,129,28.78999999999995,54.13030633114151,37.19019665586756,39.503814266469085,52.67625257021782,True,1,True,4,6,1.9459101490553132
open_robustness,1002,5,5,130,29.044999999999952,52.38573436171266,35.11297581538187,38.04844784358113,51.47173929098489,False,0,True,7,15,2.772588722239781
open_robustness,1002,5,6,131,28.01499999999996,51.02897281830633,33.8772808087177,36.23571753831583,50.40454997647029,False,0,True,3,3,1.3862943611198906
open_robustness,1002,5,7,132,30.23499999999992,50.12717531624867,33.1089529376288,35.62460844045598,49.4835702321033,False,0,True,1,1,0.6931471805599453
open_robustness,1002,5,8,133,33.72999999999993,49.238543312024454,32.72415291961582,35.12653940824983,48.7170928873444,True,1,True,6,8,2.1972245773362196
open_robustness,1002,6,3,153,24.389999999999933,52.443334760410515,36.5816779293324,38.87019388345085,51.07301556620645,False,0,False,0,1,0.6931471805599453
open_robustness,1002,6,4,154,28.39499999999994,50.80757468301841,34.80488752455926,37.23443380605875,49.66164443441306,False,0,True,9,28,3.367295829986474
open_robustness,1002,6,5,155,26.864999999999984,50.64717922041957,33.63340928032176,36.06409194991106,48.382138116538506,False,0,True,7,17,2.8903717578961645
open_robustness,1002,6,6,156,28.244999999999955,48.06679500928783,31.555335285607025,33.94061148968518,47.24521141257791,True,1,True,6,17,2.8903717578961645
open_robustness,1002,6,7,157,26.264999999999965,47.1224170627161,30.524905923659347,32.40589427613463,46.261377692457344,False,0,True,1,4,1.6094379124341003
open_robustness,1002,6,8,158,29.014999999999958,46.167135300083764,29.901287046711843,31.77897877089167,45.44058188979134,True,3,True,14,20,3.044522437723423
open_robustness,1002,6,9,159,28.54999999999997,45.139160183257374,29.715971824661715,31.244816176738198,44.79178776131972,True,1,True,3,4,1.6094379124341003
open_robustness,1002,6,11,161,29.969999999999935,47.74124252566262,32.82769440336292,33.846898519143444,44.0386062822221,False,0,False,0,0,0.0
open_robustness,1002,7,4,179,26.359999999999953,47.56109455291354,32.65953294888315,33.98795367595388,46.69713871452192,False,0,True,3,7,2.0794415416798357
open_robustness,1002,7,5,180,26.529999999999955,46.1932507950452,30.96969179890459,32.43779757254628,45.334039362503766,False,0,True,8,21,3.091042453358316
open_robustness,1002,7,6,181,25.199999999999953,44.885563126371,29.540059434921027,31.074406032006625,44.118633677987056,False,0,True,1,3,1.3862943611198906
open_robustness,1002,7,7,182,27.51999999999995,43.59845909248249,28.330896170714784,29.42016761587821,43.06342882536668,False,0,True,5,8,2.1972245773362196
open_robustness,1002,7,8,183,27.389999999999922,42.75619696602572,27.468153353502547,28.372130457812045,42.180449484044914,False,0,True,3,4,1.6094379124341003
open_robustness,1002,7,9,184,28.87499999999996,41.79210562025688,27.037943897376913,27.897761613737703,41.48069535396367,False,0,True,4,8,2.1972245773362196
open_robustness,1002,7,10,185,28.86999999999993,41.911116991449425,26.837875065316354,27.199519050146797,40.97355497530396,False,0,True,1,1,0.6931471805599453
open_robustness,1002,7,11,186,29.53999999999993,41.78477504120373,27.243549771515422,27.18115816592325,40.66623512785273,False,0,True,1,6,1.9459101490553132
open_robustness,1002,8,4,204,24.054999999999943,44.603062033823576,31.16751804565182,31.30204742530129,43.79291145175295,False,0,True,4,9,2.302585092994046
open_robustness,1002,8,5,205,25.389999999999954,43.68273476390977,29.356223535029745,30.048588028480385,42.33640814026165,False,0,True,11,30,3.4339872044851463
open_robustness,1002,8,6,206,25.299999999999937,41.88925824086527,27.668260244622388,28.046616590628112,41.03230638058488,False,0,True,2,7,2.0794415416798357
open_robustness,1002,8,7,207,26.39499999999998,40.73902032269977,26.540733443804676,26.927863228335397,39.89555403168622,False,0,True,13,29,3.4011973816621555
open_robustness,1002,8,8,208,28.390000000000015,39.377136345388024,25.80130170114502,25.66526330624209,38.94080954440775,True,2,True,12,21,3.091042453358316
open_robustness,1002,8,9,209,29.17499999999997,38.43812956403971,24.87481938873931,25.111977291664658,38.18172882867034,False,0,True,5,10,2.3978952727983707
open_robustness,1002,8,10,210,29.519999999999914,38.46492463338129,24.65270429944729,24.545885390412433,37.6301546184975,False,0,True,4,5,1.791759469228055
open_robustness,1002,8,11,211,25.969999999999914,38.344485832990244,24.972804937334978,25.038049872780952,37.29529472697026,False,0,True,6,14,2.70805020110221
open_robustness,1002,8,12,212,25.62999999999989,38.10049601422298,25.728878124243085,25.574620164048618,37.18300462341308,True,1,True,5,10,2.3978952727983707
open_robustness,1002,9,5,230,23.934999999999924,40.27459349268325,28.07547409253309,27.41173572790289,39.40076492431496,False,0,True,3,11,2.4849066497880004
open_robustness,1002,9,6,231,23.689999999999895,38.78421780845072,26.338100034988113,25.626477135742878,37.996039126631366,True,1,True,15,31,3.4657359027997265
open_robustness,1002,9,7,232,23.915,37.49317064538556,24.963399882957162,24.53085710609335,36.76552806498921,False,0,True,6,25,3.258096538021482
open_robustness,1002,9,8,233,25.04999999999994,36.284878753420415,23.895603589520398,23.62090403879797,35.72723709407366,False,0,True,4,15,2.772588722239781
open_robustness,1002,9,9,234,28.314999999999937,35.085229829660506,23.23580950144783,23.56465125548048,34.898327162608105,False,0,True,6,17,2.8903717578961645
open_robustness,1002,9,10,235,27.48499999999997,35.30338049933928,23.029871588598517,23.446454365190245,34.29398429775029,True,1,True,4,8,2.1972245773362196
open_robustness,1002,9,11,236,26.87499999999992,35.138468022486734,23.175753953075567,23.171221123408674,33.92621156530583,False,0,True,12,21,3.091042453358316
open_robustness,1002,9,12,237,27.62499999999993,34.748489382147966,23.526736842205104,23.618087914952245,33.80273147583008,True,1,True,14,32,3.4965075614664802
open_robustness,1002,9,13,238,23.189999999999902,34.33184533938608,24.302248569170114,24.31270671948772,33.92621156530583,False,0,True,1,4,1.6094379124341003
open_robustness,1002,9,14,239,22.379999999999878,34.8615063554205,25.128785376943323,24.86999686325747,34.293984297750285,False,0,True,1,1,0.6931471805599453
open_robustness,1002,9,21,246,24.379999999999942,43.80782333900383,41.4557194560737,43.49633201455776,42.66194916924549,False,0,True,1,4,1.6094379124341003
open_robustness,1002,9,22,247,26.174999999999955,44.99731344166387,42.61444200398085,44.685822117217796,44.4853037520125,False,0,False,0,1,0.6931471805599453
open_robustness,1002,10,5,255,23.94999999999994,37.15636347548664,27.00138808335701,26.34211256027185,36.54205237979914,False,0,True,1,9,2.302585092994046
open_robustness,1002,10,6,256,24.384999999999952,35.3555750809588,25.1742825253096,24.48397235688298,35.02285403589144,False,0,True,14,44,3.8066624897703196
open_robustness,1002,10,7,257,25.394999999999953,34.759610856183286,23.82872931251471,22.827820218136473,33.683903713856644,False,0,True,5,23,3.1780538303479458
open_robustness,1002,10,8,258,26.064999999999976,33.16102926159296,22.742752752968766,22.220661274782856,32.54745436870614,False,0,True,9,40,3.713572066704308
open_robustness,1002,10,9,259,27.035000000000004,31.825225984548712,21.985703838746392,21.93830957061634,31.635337113033685,False,0,True,7,37,3.6375861597263857
open_robustness,1002,10,10,260,26.639999999999983,32.01198508888786,21.75406253897538,21.663638961744763,30.96738081467658,False,0,True,7,16,2.833213344056216
open_robustness,1002,10,11,261,28.434999999999945,31.297267808571622,21.576140597820935,21.611420060557748,30.55959991035136,False,0,True,8,12,2.5649493574615367
open_robustness,1002,10,12,262,27.904999999999944,31.503079205083644,21.802130099878312,21.37464990367859,30.422458328247068,False,0,True,9,19,2.995732273553991
open_robustness,1002,10,13,263,26.80999999999992,30.934728938193622,22.379923556611267,22.56416259027186,30.55959991035136,False,0,True,8,23,3.1780538303479458
open_robustness,1002,10,14,264,29.68499999999999,31.674710603599195,23.502266674885444,23.65598564426717,30.96738081467658,False,0,True,4,14,2.70805020110221
open_robustness,1002,10,20,270,26.93999999999993,40.4998421392719,38.22380982597807,40.18835081482583,38.220010875590354,False,0,False,0,2,1.0986122886681098
open_robustness,1002,10,21,271,27.744999999999937,40.590837811001144,38.254406543228946,40.27934648655508,40.03677337681125,False,0,True,9,28,3.367295829986474
open_robustness,1002,10,22,272,23.02999999999995,42.29410552146767,40.035229619963,42.12662393738922,41.97432030915656,False,0,False,0,0,0.0
open_robustness,1002,11,5,280,14.98099999999996,34.19391705114406,26.469302314474277,25.002519070491182,33.779807588844875,False,0,False,0,1,0.6931471805599453
open_robustness,1002,11,6,281,23.50999999999999,32.69412421359344,24.662019382885813,24.048634454216874,32.13026787051043,False,0,True,7,34,3.5553480614894135
open_robustness,1002,11,7,282,23.419999999999927,30.937168181077027,23.287480247833138,22.440255948084435,30.66527642164282,False,0,True,9,30,3.4339872044851463
open_robustness,1002,11,8,283,25.764999999999972,30.035442522222453,21.785099446021793,21.087577320321824,29.41242245199137,False,0,True,6,28,3.367295829986474
open_robustness,1002,11,9,284,25.299999999999976,28.62986437186269,21.04250614947953,20.971213081165857,28.399795120153314,False,0,True,11,41,3.7376696182833684
open_robustness,1002,11,10,285,26.94999999999998,28.014527734721938,20.572806422080888,20.672210900815546,27.653796902642444,False,0,True,8,22,3.1354942159291497
open_robustness,1002,11,11,286,25.51499999999995,27.691720107044258,20.555356114917338,20.667517410174757,27.196377613427575,False,0,True,2,4,1.6094379124341003
open_robustness,1002,11,12,287,25.455000000000005,28.442736508924707,20.840193001701234,20.915126304691917,27.042185180664063,False,0,True,8,18,2.9444389791664403
open_robustness,1002,11,13,288,28.73999999999995,27.55445683967519,21.192117888726575,21.076956699355403,27.196377613427575,True,1,True,18,56,4.04305126783455
open_robustness,1002,11,14,289,27.98499999999995,28.260713297568604,22.20524023651882,22.35225442709116,27.65379690264244,False,0,True,3,11,2.4849066497880004
open_robustness,1002,11,17,292,27.204999999999988,31.44938276334876,27.331852011842116,28.152660946352455,30.665276421642815,False,0,True,7,16,2.833213344056216
open_robustness,1002,11,18,293,23.58999999999995,32.63185764524726,28.750855455166004,29.97034457092466,32.13026787051042,False,0,False,0,0,0.0
open_robustness,1002,11,20,295,21.569999999999943,36.08627646935084,33.70416763350662,35.62846864084383,35.58824300160999,False,0,True,2,23,3.1780538303479458
open_robustness,1002,11,21,296,24.824999999999974,37.845398800643466,35.822506619327186,37.81186955609097,37.53261289915131,False,0,True,13,64,4.174387269895637
open_robustness,1002,12,6,306,13.061000000000002,29.738246564305133,24.31061731159593,23.86485418124431,29.342126970393497,False,0,True,2,12,2.5649493574615367
open_robustness,1002,12,7,307,22.619999999999955,28.35395637439325,22.687734692610295,22.330093518545294,27.730226824382484,True,2,True,10,46,3.8501476017100584
open_robustness,1002,12,8,308,23.424999999999958,26.703681385610466,21.496226770226635,21.002115983532835,26.33812628510891,False,0,True,9,34,3.5553480614894135
open_robustness,1002,12,9,309,23.79,25.61745493218037,20.50655526822943,20.32668599908767,25.202274988235146,False,0,True,13,24,3.2188758248682006
open_robustness,1002,12,10,310,26.62499999999995,24.63253019712502,19.963903101457383,19.29417649917498,24.3585464436722,False,0,True,14,41,3.7376696182833684
open_robustness,1002,12,11,311,26.434999999999963,24.399021012414124,19.93812192212553,19.50566897224816,23.837979297920437,False,0,True,8,30,3.4339872044851463
open_robustness,1002,12,12,312,25.424999999999965,23.999611733294003,20.060053981018545,19.579530080842687,23.66191203308105,False,0,True,5,21,3.091042453358316
open_robustness,1002,12,13,313,26.789999999999985,24.17444514216249,20.6232597751583,20.51140810707543,23.837979297920437,False,0,True,16,50,3.9318256327243257
open_robustness,1002,12,14,314,25.39,24.480583358047337,21.262663366685093,20.994192237948504,24.3585464436722,False,0,True,2,4,1.6094379124341003
open_robustness,1002,12,15,315,29.619999999999983,25.753467852353374,22.55486785248687,22.304915542210544,25.202274988235143,False,0,False,0,2,1.0986122886681098
open_robustness,1002,12,16,316,25.119999999999948,27.33234420973825,24.000858132395066,24.067142756252917,26.338126285108906,True,1,True,4,10,2.3978952727983707
open_robustness,1002,12,17,317,25.194999999999997,28.3619465554216,25.76119558750135,26.110061088438623,27.73022682438248,False,0,True,8,28,3.367295829986474
open_robustness,1002,12,18,318,24.354999999999965,30.112032814327428,27.708517644890588,28.429163934015964,29.342126970393494,False,0,True,2,6,1.9459101490553132
open_robustness,1002,12,19,319,25.489999999999952,31.701098524319967,29.832150354659575,31.215317428372337,31.13971262640874,False,0,True,8,44,3.8066624897703196
open_robustness,1002,12,20,320,24.05499999999993,33.41109578319581,32.178721372937204,33.50477628261432,33.09273850344787,False,0,True,15,110,4.709530201312334
open_robustness,1002,12,21,321,21.44499999999997,35.974615630101496,34.6108474220003,36.15295045709153,35.17532278108444,False,0,True,4,47,3.871201010907891
open_robustness,1002,12,22,322,15.874999999999963,38.85010256239074,37.39619427492468,39.02843738938076,37.365808913270016,False,0,False,0,0,0.0
open_robustness,1002,13,6,331,7.516999999999997,27.29680324631961,24.24929661762612,24.18894486535835,26.691182251207493,False,0,False,0,0,0.0
open_robustness,1002,13,7,332,13.933000000000007,25.290139175236266,22.668104807918905,22.670568445759322,24.908317376976353,False,0,True,5,19,2.995732273553991
open_robustness,1002,13,8,333,24.334999999999937,23.491429108253882,21.381829782976776,21.152318047947624,23.348569357260953,True,2,True,14,58,4.07753744390572
open_robustness,1002,13,9,334,23.92999999999999,22.407497613116643,20.27713011586621,19.984073326912416,22.059316838993524,True,1,True,8,28,3.367295829986474
open_robustness,1002,13,10,335,23.63499999999995,21.23880879648504,19.724611398127877,18.57739535155191,21.090224742022453,False,0,True,11,40,3.713572066704308
open_robustness,1002,13,11,336,24.01999999999995,21.151330888841347,19.465790137470826,18.14792420213103,20.486777487651974,False,0,True,6,21,3.091042453358316
open_robustness,1002,13,12,337,23.994999999999976,20.607203592847355,19.67400971637877,18.462048214950418,20.28163888549804,False,0,True,6,22,3.1354942159291497
open_robustness,1002,13,13,338,26.390000000000004,20.79855869455946,20.423970345566644,19.576359589150773,20.48677748765197,False,0,True,16,56,4.04305126783455
open_robustness,1002,13,14,339,26.95000000000001,21.245192652451525,20.897298803069773,20.724424947593,21.09022474202245,False,0,True,1,6,1.9459101490553132
open_robustness,1002,13,15,340,28.92999999999998,22.58649100826034,22.325323937484544,21.549397103285497,22.05931683899352,True,1,True,5,18,2.9444389791664403
open_robustness,1002,13,16,341,28.71499999999996,24.126999222517355,23.50282697299871,22.8204418721068,23.348569357260953,False,0,True,9,33,3.5263605246161616
open_robustness,1002,13,17,342,23.594999999999978,25.28743867572399,25.235521510290578,25.045051810381107,24.90831737697635,False,0,True,9,31,3.4657359027997265
open_robustness,1002,13,18,343,21.199999999999964,27.323951822570823,27.26216752196168,27.552531034952825,26.691182251207486,False,0,True,2,11,2.4849066497880004
open_robustness,1002,13,19,344,21.67499999999994,28.91898274258379,29.35186048532483,30.15795672437152,28.65554915327571,False,0,True,9,60,4.110873864173311
open_robustness,1002,13,20,345,20.644999999999968,31.363117432414665,31.695540156171596,32.743307555978284,30.766672496031507,False,0,True,1,7,2.0794415416798357
open_robustness,1002,13,21,346,13.489999999999927,36.110030096268034,35.08770296722383,36.31172729339913,32.99639567549702,False,0,True,1,1,0.6931471805599453
open_robustness,1002,14,7,357,6.5499999999999945,22.56172969069905,23.001405096460424,22.945481503190425,22.24265187600625,False,0,True,3,5,1.791759469228055
open_robustness,1002,14,8,358,13.902999999999961,20.63231099064918,21.577432843298006,21.220053855385714,20.480893021444338,False,0,True,3,21,3.091042453358316
open_robustness,1002,14,9,359,23.939999999999994,19.11725742723902,20.651424760340888,20.41219600584839,18.99801956331568,False,0,True,4,31,3.4657359027997265
open_robustness,1002,14,10,360,22.359999999999943,18.05274116143182,19.903592238268327,18.392653818377962,17.863618547036825,False,0,True,7,45,3.828641396489095
open_robustness,1002,14,11,361,25.45499999999996,17.393284688618564,19.644989546697428,18.19903403826922,17.146992148875142,False,0,True,8,39,3.6888794541139363
open_robustness,1002,14,12,362,23.849999999999962,17.161355981709104,19.731624174446154,18.09410380940892,16.901365737915036,False,0,True,7,28,3.367295829986474
open_robustness,1002,14,13,363,25.459999999999976,17.373768010464403,20.32163909357994,18.534830401174737,17.14699214887514,False,0,True,10,52,3.970291913552122
open_robustness,1002,14,14,364,26.434999999999995,18.058873434647833,21.023017795717873,20.03096773609123,17.863618547036825,False,0,True,8,18,2.9444389791664403
open_robustness,1002,14,15,365,26.009999999999966,20.213244298808696,22.36567097492605,21.412466805262216,18.998019563315676,False,0,True,8,23,3.1780538303479458
open_robustness,1002,14,16,366,23.424999999999947,20.927461147093965,23.71253855896063,22.615744917790114,20.48089302144433,False,0,True,12,56,4.04305126783455
open_robustness,1002,14,17,367,21.09499999999995,22.520142648762846,25.21757831372249,24.529193233504078,22.242651876006246,False,0,True,13,61,4.127134385045092
open_robustness,1002,14,18,368,20.284999999999965,24.463380085877272,27.354227764740305,27.201294241907423,24.22252046943496,False,0,True,8,29,3.4011973816621555
open_robustness,1002,15,6,381,7.046999999999995,22.482765996434875,25.534744613467325,25.5753544188194,21.99759711699802,False,0,True,2,3,1.3862943611198906
open_robustness,1002,15,7,382,15.44399999999998,19.883106769401177,23.816268361375965,23.59299874144936,19.796447749704182,False,0,True,8,28,3.367295829986474
open_robustness,1002,15,8,383,15.476999999999979,18.061068706323518,22.607917538829128,22.00109007578,17.794121500805,False,0,True,10,30,3.4339872044851463
open_robustness,1002,15,9,384,18.849999999999962,16.163663304095607,21.30572014231462,20.614594714983816,16.065133935255215,False,0,True,9,36,3.6109179126442243
open_robustness,1002,15,10,385,23.98999999999996,14.934188795413586,20.599410635897893,19.275225843055388,14.706211225995686,False,0,True,4,17,2.8903717578961645
open_robustness,1002,15,11,386,24.394999999999936,13.961655959643542,20.280033535997934,18.05844924142445,13.826898451321222,False,0,True,10,54,4.007333185232471
open_robustness,1002,15,12,387,24.639999999999944,13.729121764205685,20.36730054485312,17.952703110786157,13.521092590332032,False,0,True,6,43,3.784189633918261
open_robustness,1002,15,13,388,23.71499999999998,13.991086006723773,20.711943120729963,18.373782542778898,13.82689845132122,False,0,True,5,50,3.9318256327243257
open_robustness,1002,15,14,389,25.974999999999977,14.915683945021584,21.679307982617953,20.208719926658517,14.706211225995684,False,0,True,4,49,3.912023005428146
open_robustness,1002,15,15,390,21.51499999999995,16.35460582041695,22.68348891877211,21.08464426765197,16.06513393525521,False,0,True,3,54,4.007333185232471
open_robustness,1002,15,16,391,22.25999999999996,17.979023064378975,24.13363463934027,22.677136948377264,17.794121500804994,False,0,True,11,206,5.332718793265369
open_robustness,1002,15,17,392,21.144999999999968,20.06408097308067,25.87749960299334,24.604838690974095,19.796447749704175,False,0,True,13,215,5.375278407684165
open_robustness,1002,15,18,393,18.624999999999982,22.55576428912955,27.86933990821745,27.006794166508097,21.997597116998012,False,0,True,6,77,4.356708826689592
open_robustness,1002,16,6,406,12.266999999999985,20.192236187361917,26.43593362302396,25.863054311957185,20.097526043169204,False,0,True,3,12,2.5649493574615367
open_robustness,1002,16,7,407,15.354999999999967,18.10829753447467,24.78077441545481,24.316925743020683,17.66113296594736,False,0,True,8,19,2.995732273553991
open_robustness,1002,16,8,408,15.597999999999969,15.42108384598992,23.553539383718327,22.286190756389402,15.383336248015759,False,0,True,4,15,2.772588722239781
open_robustness,1002,16,9,409,17.205,13.47122419069791,22.362703608245198,20.97180098156014,13.345591125603748,False,0,True,4,27,3.332204510175204
open_robustness,1002,16,10,410,19.31999999999997,11.757123914800244,21.63696403743086,19.673571833965255,11.67428467863048,False,0,True,6,56,4.04305126783455
open_robustness,1002,16,11,411,25.329999999999956,10.670518267637767,21.304524952251818,18.19771110102314,10.545112371011227,False,0,True,14,105,4.663439094112067
open_robustness,1002,16,12,412,24.90499999999993,10.34170469176577,21.431811185609405,18.21298062328587,10.14081944274902,False,0,True,4,122,4.812184355372417
open_robustness,1002,16,13,413,22.204999999999984,10.588390298787973,21.85122129067917,19.02062481620735,10.545112371011225,False,0,True,2,99,4.605170185988092
open_robustness,1002,16,14,414,26.685,11.850521705712676,22.539180600689434,20.461756602020753,11.674284678630476,False,0,True,6,84,4.442651256490317
open_robustness,1002,16,15,415,21.37499999999995,13.541351518715233,23.66478926738301,21.88595027834027,13.345591125603743,False,0,True,9,162,5.093750200806762
open_robustness,1002,16,16,416,18.139999999999986,15.859891990120943,25.17000947802982,23.50777245261455,15.383336248015754,False,0,True,8,208,5.342334251964811
open_robustness,1002,16,17,417,16.294999999999913,18.719493615176148,27.008298167621867,25.324182041835613,17.661132965947353,False,0,True,2,74,4.31748811353631
open_robustness,1002,16,18,418,8.45299999999999,21.61383689174207,29.095770743498257,27.44006807239578,20.097526043169196,False,0,True,1,9,2.302585092994046
open_robustness,1002,17,6,431,12.289999999999983,18.710901658630995,28.019151135957806,27.1715095502714,18.622011714487524,False,0,True,3,10,2.3978952727983707
open_robustness,1002,17,7,432,12.249999999999984,16.00900229572695,26.470491469907692,25.769938873664508,15.961966823656752,False,0,True,9,23,3.1780538303479458
open_robustness,1002,17,8,433,18.629999999999967,13.525683595085528,25.025404694110826,24.234064866801035,13.398350695446133,True,1,True,12,25,3.258096538021482
open_robustness,1002,17,9,434,15.434999999999983,11.053440358435218,23.884374437303947,22.286870352806854,10.998798558499008,False,0,True,7,32,3.4965075614664802
open_robustness,1002,17,10,435,19.13499999999996,8.922839791538662,23.116488793569264,20.925170746844977,8.897060750402497,False,0,True,7,55,4.02535169073515
open_robustness,1002,17,11,436,22.72499999999995,7.391949771950451,22.816995842398022,20.448098176912588,7.353105612997837,False,0,True,8,238,5.476463551931511
open_robustness,1002,17,12,437,22.81499999999997,6.898471713726912,22.82385478663742,20.11350256216539,6.760546295166009,False,0,True,4,569,6.345636360828596
open_robustness,1002,17,13,438,22.744999999999955,7.458261435108328,23.259540592848037,20.743395579488155,7.353105612997836,False,0,True,10,979,6.887552571664617
open_robustness,1002,17,14,439,21.878999999999973,9.043464078613656,23.971106543767696,21.40661187916748,8.897060750402492,False,0,True,4,212,5.3612921657094255
open_robustness,1002,17,15,440,19.359999999999985,11.085378789448145,25.088243601243555,22.79416777827286,10.998798558499002,False,0,True,11,62,4.143134726391533
open_robustness,1002,17,16,441,16.45999999999992,13.567431121587955,26.509775443269255,24.59337158261031,13.398350695446128,False,0,True,4,8,2.1972245773362196
open_robustness,1002,17,17,442,13.82999999999993,19.374362635261406,28.872582150394813,26.83642088984959,15.961966823656747,False,0,True,3,7,2.0794415416798357
open_robustness,1002,18,7,457,7.795999999999997,14.901513011133636,28.174739885022785,27.163258597577602,14.849432488236939,False,0,True,4,9,2.302585092994046
open_robustness,1002,18,8,458,12.974999999999985,12.091063669212563,26.8232992637699,26.67026135774548,12.051434010164508,True,1,True,6,21,3.091042453358316
open_robustness,1002,18,9,459,10.891999999999971,9.340872003211034,25.723168445052668,24.621984193506233,9.311005857243766,False,0,True,9,49,3.912023005428146
open_robustness,1002,18,10,460,12.507999999999976,6.748397001233927,24.901725706677574,24.011217526230972,6.69917534772307,False,0,True,5,89,4.499809670330265
open_robustness,1002,18,11,461,20.429999999999968,4.487129638891663,24.674951394173537,22.76548445738414,4.448530375201249,False,0,True,13,299,5.703782474656201
open_robustness,1002,18,12,462,23.609999999999985,3.4768153735101808,24.65221310694599,22.331761775776638,3.3802731475830043,False,0,True,9,390,5.968707559985366
open_robustness,1002,18,13,463,21.974999999999955,4.520982032670409,25.02783723752046,22.644783355730446,4.448530375201246,False,0,True,7,398,5.988961416889864
open_robustness,1002,18,14,464,19.599999999999945,6.804278736677214,25.829234505157757,23.60560948161385,6.699175347723064,False,0,True,12,472,6.159095388491933
open_robustness,1002,18,15,465,13.059999999999935,9.445467018434488,27.321687122977504,25.046831987237837,9.311005857243758,False,0,True,5,44,3.8066624897703196
open_robustness,1002,18,16,466,10.921999999999978,12.141437629884257,29.57736782233798,27.329869395775894,12.0514340101645,False,0,True,2,7,2.0794415416798357
open_robustness,1002,19,8,483,3.3499999999999845,11.699869330585997,29.162874348945078,28.885110611554673,11.56766247558594,False,0,True,4,10,2.3978952727983707
open_robustness,1002,19,9,484,11.636999999999995,8.907333556409112,27.88843198712288,27.53605455830777,8.675746856689457,False,0,True,5,29,3.4011973816621555
open_robustness,1002,19,10,485,13.04300000000001,5.805919176425148,27.107725025076913,26.531468948186024,5.783831237792974,True,1,True,6,56,4.04305126783455
open_robustness,1002,19,11,486,13.133000000000017,2.8936498986690724,26.79136833043252,25.398045318218355,2.8919156188964874,False,0,True,13,189,5.247024072160486
open_robustness,1002,19,12,487,15.285000000000005,0.0,26.85037476616802,25.28743867572399,0.0,False,0,True,1,192,5.262690188904886
open_robustness,1002,19,13,488,17.694999999999954,2.967511546498038,27.293097615172034,25.225507634805396,2.8919156188964834,False,0,True,17,238,5.476463551931511
open_robustness,1002,19,14,489,18.97499999999997,5.8978542837828885,28.09058942367386,25.702512395271693,5.783831237792967,False,0,True,10,128,4.859812404361672
open_robustness,1002,19,15,490,13.274999999999938,8.872223739645875,29.473844507777734,27.15806488416019,8.67574685668945,False,0,True,10,74,4.31748811353631
open_robustness,1002,19,16,491,1.4840000000000015,11.779104142720984,31.43833181651514,29.680691120850252,11.567662475585934,False,0,True,2,2,1.0986122886681098
open_robustness,1002,20,8,508,1.4610000000000003,12.088804497199916,31.645707214216124,31.487757056661795,12.051434010164508,False,0,True,2,3,1.3862943611198906
open_robustness,1002,20,9,509,7.921999999999997,9.318928578214585,30.34917143343705,30.617208870728636,9.311005857243767,False,0,True,11,38,3.6635616461296463
open_robustness,1002,20,10,510,11.47299999999993,6.758749522043772,29.62285869737664,28.955677115460595,6.699175347723074,False,0,True,12,69,4.248495242049359
open_robustness,1002,20,11,511,11.542999999999967,4.699090630407863,29.346530643907077,28.582020852346442,4.448530375201254,False,0,True,7,59,4.0943445622221
open_robustness,1002,20,12,512,7.345000000000001,3.4861614242532513,29.55697949164157,28.10940349877025,3.3802731475830115,False,0,True,18,235,5.4638318050256105
open_robustness,1002,20,13,513,12.894999999999946,4.462042021286349,29.832153350944488,28.172087560480666,4.448530375201252,False,0,True,7,103,4.6443908991413725
open_robustness,1002,20,14,514,12.81499999999992,6.857622959032325,30.724995813652406,28.797848028722957,6.6991753477230676,False,0,True,1,26,3.295836866004329
open_robustness,1002,21,9,534,7.230999999999996,11.120930629564368,33.0941059740657,33.3549372848258,10.998798558499017,False,0,True,10,78,4.3694478524670215
open_robustness,1002,21,10,535,6.699999999999999,9.108025998944077,32.418573561116396,32.00487893049879,8.897060750402508,False,0,True,12,50,3.9318256327243257
open_robustness,1002,21,11,536,1.5620000000000007,7.6976744892344,32.12526978529199,31.568136176043236,7.353105612997851,False,0,True,3,16,2.833213344056216
open_robustness,1002,21,12,537,2.0780000000000007,6.88450123092736,32.285799889354635,31.339151558485874,6.760546295166023,False,0,False,0,0,0.0
open_robustness,1002,21,13,538,6.441999999999998,7.385277561670339,32.73982302428871,31.482261365721364,7.353105612997848,False,0,True,1,21,3.091042453358316
open_robustness,1002,22,8,558,0.22799999999998813,15.537033828143706,37.1094549988084,37.771040483405145,15.38333624801576,False,0,True,2,6,1.9459101490553132
open_robustness,1002,22,9,559,1.0589999999999884,13.634171308425184,36.04097368104006,36.00752875287575,13.34559112560375,False,0,True,5,7,2.0794415416798357
open_robustness,1002,22,10,560,-2.146999999999998,12.207690680065419,35.50527045093542,35.34467647906917,11.67428467863048,False,0,True,1,1,0.6931471805599453
open_robustness,1003,3,8,83,28.09499999999994,29.605032679398864,27.01385905155659,27.73821918455781,29.024307857975778,False,0,True,1,1,0.6931471805599453
open_robustness,1003,3,9,84,28.554999999999964,27.61485448072364,25.87219853388188,26.44417937258297,27.134819408791667,False,0,True,2,7,2.0794415416798357
open_robustness,1003,3,10,85,28.019999999999957,26.1247851840479,25.274700313823836,25.368948242192147,25.350940207195087,True,1,True,4,12,2.5649493574615367
open_robustness,1003,3,11,86,27.51499999999995,24.820783942469554,24.904791391044615,24.820783942469554,23.696533116844005,False,0,False,0,0,0.0
open_robustness,1003,4,8,108,27.444999999999943,28.269558675594254,25.200856957156066,25.94952001904908,27.63093842754911,False,0,False,0,1,0.6931471805599453
open_robustness,1003,4,9,109,28.999999999999957,26.245227134308927,24.053651198994714,24.50554090192448,25.6389690919934,True,1,True,8,21,3.091042453358316
open_robustness,1003,4,10,110,28.059999999999935,24.25587957082047,23.355147187168935,23.31957557258464,23.74296698269271,True,1,True,13,26,3.295836866004329
open_robustness,1003,4,11,111,25.58499999999994,22.82315981061301,22.909531158662332,22.823159810613006,21.96779446166912,True,1,True,7,15,2.772588722239781
open_robustness,1003,4,12,112,23.994999999999944,22.26506714601488,23.075529454733477,22.683223217016643,20.345104403932304,False,0,False,0,1,0.6931471805599453
open_robustness,1003,5,5,130,30.294999999999877,33.366738275944776,28.597359450523648,29.846236365549924,32.989260364550304,False,0,True,1,1,0.6931471805599453
open_robustness,1003,5,6,131,30.734999999999896,31.242890027007043,26.633905886959763,27.772521837901916,30.73642749458189,False,0,True,3,5,1.791759469228055
open_robustness,1003,5,7,132,30.429999999999886,29.0984373151325,24.93803023199845,25.903972311602157,28.524523101835555,False,0,True,3,4,1.6094379124341003
open_robustness,1003,5,8,133,31.09999999999996,26.72974561963226,23.457957742480463,24.05878138135638,26.363850791803387,False,0,True,3,3,1.3862943611198906
open_robustness,1003,5,9,134,30.724999999999934,24.79863418201411,22.454440588113076,22.513600904081354,24.26809853049172,False,0,True,5,9,2.302585092994046
open_robustness,1003,5,10,135,28.639999999999983,22.579564305082194,21.478349235175884,21.408889196941526,22.255613928325992,True,1,True,14,45,3.828641396489095
open_robustness,1003,5,11,136,26.049999999999947,20.79981721526765,21.037598465320364,20.79981721526765,20.351114556593753,False,0,True,8,35,3.58351893845611
open_robustness,1003,5,12,137,24.77499999999994,19.524316944894537,20.979196649798183,20.418984368140777,18.58782244891443,False,0,True,9,13,2.6390573296152584
open_robustness,1003,5,13,138,20.79499999999991,18.410657809727176,21.22215105750554,20.85424122720923,17.009708710527445,False,0,True,2,6,1.9459101490553132
open_robustness,1003,6,5,155,32.96499999999989,32.717556055755715,27.750234177918447,29.003346214663427,32.09985557628814,False,0,True,2,2,1.0986122886681098
open_robustness,1003,6,7,157,27.52499999999991,27.874199476790817,23.63743125543157,24.428816057514535,27.491050303791923,True,1,True,4,5,1.791759469228055
open_robustness,1003,6,8,158,28.594999999999953,25.57863406162192,22.00946050880296,22.44547314459869,25.24206919392583,False,0,True,8,8,2.1972245773362196
open_robustness,1003,6,9,159,31.029999999999944,23.57883869844391,20.855971606755194,20.6056694397582,23.044522882978548,False,0,True,3,7,2.0794415416798357
open_robustness,1003,6,10,160,25.354999999999958,21.213777545001374,20.058192490915406,19.45462916082239,20.914630762821645,False,0,True,7,30,3.4339872044851463
open_robustness,1003,6,11,161,28.084999999999937,19.19253321963912,19.418584582392434,18.831280143957766,18.875309065392006,False,0,True,5,33,3.5263605246161616
open_robustness,1003,6,12,162,24.189999999999937,17.491307986674318,19.26008041850104,18.805548175624185,16.959262130494793,False,0,True,5,32,3.4965075614664802
open_robustness,1003,6,13,163,22.25999999999993,16.286791456653287,19.50138115267774,19.15621878160206,15.213139683689912,False,0,True,6,27,3.332204510175204
open_robustness,1003,6,17,167,6.420999999999997,11.895320544252614,25.178569887478353,26.089161752726643,11.470374031066893,False,0,False,0,0,0.0
open_robustness,1003,7,5,180,25.355,32.58206467815952,26.24959706727134,27.23388540006549,31.353400374919953,False,0,True,1,1,0.6931471805599453
open_robustness,1003,7,6,181,30.779999999999895,29.48194145935383,23.995595508610243,24.63008990263377,28.97364993920563,True,1,True,6,7,2.0794415416798357
open_robustness,1003,7,7,182,28.659999999999954,27.02715603304773,22.546595041033264,22.72861382275356,26.615650167844695,True,2,True,6,8,2.1972245773362196
open_robustness,1003,7,8,183,27.92499999999993,24.5756767104318,20.91336873014674,21.172723232057322,24.285737465483994,False,0,True,5,13,2.6390573296152584
open_robustness,1003,7,9,184,27.26999999999996,22.357168418946806,19.71110779132853,19.050619708609176,21.992840243033537,False,0,True,10,22,3.1354942159291497
open_robustness,1003,7,10,185,26.13499999999996,20.18863157730683,18.669346420059227,17.579427561676454,19.749854860141095,False,0,True,4,9,2.302585092994046
open_robustness,1003,7,11,186,24.984999999999907,17.828199493617564,18.062707777051425,17.234772445040022,17.575900527868924,False,0,True,9,42,3.7612001156935624
open_robustness,1003,7,12,187,25.51999999999996,15.701516279634177,17.824167878139598,17.150052280415654,15.500050292250933,False,0,True,6,52,3.970291913552122
open_robustness,1003,7,13,188,24.20499999999994,14.051948668209118,17.91747860769751,17.214738438404407,13.567409704395834,False,0,True,3,23,3.1780538303479458
open_robustness,1003,7,14,189,18.97499999999991,13.599459817566192,18.61947506970945,18.456476454325646,11.848266558422006,False,0,True,3,11,2.4849066497880004
open_robustness,1003,7,17,192,9.427999999999946,9.530818300441506,22.115566091766446,22.730909044522186,9.176299224853516,False,0,False,0,2,1.0986122886681098
open_robustness,1003,7,18,193,14.100999999999958,10.300022536918332,23.591369839572167,24.49386374539236,9.510328655097975,False,0,False,0,0,0.0
open_robustness,1003,8,4,204,30.62499999999994,33.57762042984481,27.696460510663123,28.23011021950686,33.20005048419009,False,0,True,1,2,1.0986122886681098
open_robustness,1003,8,5,205,27.17000000000001,31.23568604032261,25.34526446334195,25.888175829984654,30.76030332351276,True,1,True,5,5,1.791759469228055
open_robustness,1003,8,6,206,28.894999999999964,29.01102940369101,23.203918429471706,23.662850125596986,28.33077719167107,False,0,True,5,13,2.6390573296152584
open_robustness,1003,8,7,207,25.60999999999996,26.86490331245315,21.496106266298074,21.500207542448955,25.914346978875827,False,0,True,2,2,1.0986122886681098
open_robustness,1003,8,9,209,24.574999999999946,21.50223998020165,18.627458015121196,17.45617406827021,21.138721991645443,False,0,True,5,9,2.302585092994046
open_robustness,1003,8,10,210,26.49499999999999,19.007354058282473,17.619245660125596,15.91840274013123,18.794076526424973,False,0,True,8,32,3.4965075614664802
open_robustness,1003,8,11,211,24.334999999999955,16.73930041286766,16.95790429481181,15.765773818251144,16.494630182275152,False,0,True,4,26,3.295836866004329
open_robustness,1003,8,12,212,25.03499999999995,14.465323726626513,16.61200233333112,15.755587859373945,14.262261550917776,False,0,True,10,84,4.442651256490317
open_robustness,1003,8,13,213,25.43999999999995,12.364839944525867,16.62112558326983,15.977771176351247,12.134049265245858,False,0,True,11,74,4.31748811353631
open_robustness,1003,8,14,214,21.319999999999936,10.818305792434872,17.04447343417939,16.879285223255796,10.175557278296878,False,0,True,4,29,3.4011973816621555
open_robustness,1003,8,16,216,17.519999999999936,7.414348064872517,19.35505508455188,19.642191985195232,7.3216730746774665,True,1,True,8,21,3.091042453358316
open_robustness,1003,8,17,217,15.083999999999975,7.194419824222346,20.242928006928114,21.097905744747393,6.882224418640135,False,0,True,5,10,2.3978952727983707
open_robustness,1003,8,18,218,10.63399999999999,7.380121836556912,21.615142031306355,22.479270047124498,7.3216730746774665,False,0,False,0,0,0.0
open_robustness,1003,9,5,230,21.39500000000001,30.673072358705447,25.09388037430715,25.325562148367492,30.329562549960972,False,0,True,1,1,0.6931471805599453
open_robustness,1003,9,6,231,26.644999999999982,28.160172865656925,22.647462293841112,22.545880395092855,27.862502403797023,False,0,True,3,4,1.6094379124341003
open_robustness,1003,9,7,232,30.664999999999992,25.700904127895697,20.765898302108027,20.323497635882756,25.401564582896384,True,1,True,13,18,2.9444389791664403
open_robustness,1003,9,8,233,24.784999999999997,23.351383335907247,19.13026806980392,17.786910459861417,22.94871878001858,False,0,True,7,19,2.995732273553991
open_robustness,1003,9,9,234,26.500000000000018,20.885699492740546,17.844124799505572,16.030139282734215,20.506868882341838,True,1,True,4,16,2.833213344056216
open_robustness,1003,9,10,235,23.70499999999998,18.397537974080404,16.78609863214379,15.14328616621936,18.080470580120515,True,1,True,6,14,2.70805020110221
open_robustness,1003,9,11,236,23.65999999999994,15.918224956553006,16.056660376644277,15.117913053254785,15.676700187459975,False,0,True,8,33,3.5263605246161616
open_robustness,1003,9,12,237,22.999999999999964,13.490492094412518,15.649917997825899,15.03238978128941,13.307825083922344,False,0,True,7,44,3.8066624897703196
open_robustness,1003,9,13,238,22.40999999999994,11.146248494048548,15.611159610437795,15.402454277158107,10.996420121516763,False,0,True,18,125,4.836281906951478
open_robustness,1003,9,14,239,19.90499999999999,8.92546885864966,15.855251071739584,15.80697168774578,8.787950263934462,False,0,True,9,121,4.804021044733257
open_robustness,1003,9,15,240,21.144999999999968,6.797996172689891,16.560731285612672,16.959933924525068,6.783704852197917,False,0,False,0,78,4.3694478524670215
open_robustness,1003,9,16,241,18.719999999999953,5.303332054199977,17.580372668131258,17.885960804408633,5.224270334691939,False,0,True,11,119,4.787491742782046
open_robustness,1003,9,17,242,6.825999999999996,4.61374747466958,18.781875519979145,19.517412474004374,4.588149612426754,False,0,True,1,1,0.6931471805599453
open_robustness,1003,10,4,254,26.974999999999994,35.72847236404195,28.88075346145278,28.983983586246534,32.55980832899277,False,0,True,2,2,1.0986122886681098
open_robustness,1003,10,6,256,26.389999999999958,27.764289387531594,22.382803516965243,21.756243103357427,27.577721126882224,True,1,True,2,3,1.3862943611198906
open_robustness,1003,10,7,257,26.114999999999984,25.30592994717169,20.5332257664658,19.994403202273542,25.088864972524107,False,0,True,5,11,2.4849066497880004
open_robustness,1003,10,8,258,21.174999999999994,22.87998765196776,18.819208851908925,17.728022772631814,22.602109547448634,False,0,True,6,10,2.3978952727983707
open_robustness,1003,10,9,259,23.059999999999956,20.3935767876908,17.402546457549956,15.918770878370516,20.11823386155085,False,0,True,15,48,3.8918202981106265
open_robustness,1003,10,10,260,23.689999999999987,17.916772187981685,16.235409821039106,15.25499437334854,17.638454545370312,True,1,True,17,58,4.07753744390572
open_robustness,1003,10,11,261,26.189999999999998,15.374924001022928,15.487604505171216,14.868984955903228,15.164781274980486,False,0,True,6,39,3.6888794541139363
open_robustness,1003,10,12,262,23.489999999999963,12.87402738595685,15.03505166957811,14.873818198953447,12.700782291448188,False,0,True,9,56,4.04305126783455
open_robustness,1003,10,13,263,25.904999999999983,10.428597032535857,14.93934589106615,14.842306126874483,10.253434441170917,False,0,True,11,91,4.5217885770490405
open_robustness,1003,10,14,264,22.084999999999983,8.047914123714225,15.10738464273382,15.265726104380969,7.838350093729991,False,0,True,10,337,5.823045895483019
open_robustness,1003,10,15,265,21.589999999999986,5.6171939189810915,15.669364298794505,15.82858354301787,5.498210060758385,False,0,True,13,301,5.71042701737487
open_robustness,1003,10,16,266,15.419999999999918,3.3959746698907516,16.571410930814448,16.869888833474104,3.3918524260989584,False,0,True,7,81,4.406719247264253
open_robustness,1003,10,17,267,9.013999999999974,2.3428968021134544,17.803892874820203,18.476136848410487,2.294074806213377,False,0,True,10,48,3.8918202981106265
open_robustness,1003,10,18,268,7.297000000000001,3.396849133457285,19.37868295006261,20.35774858595334,3.391852426098959,False,0,True,5,31,3.4657359027997265
open_robustness,1003,11,7,282,24.43,25.24937912778304,20.53298987211331,20.328945674346013,24.983762054443364,False,0,True,5,5,1.791759469228055
open_robustness,1003,11,8,283,19.45899999999999,22.764068538900993,18.700794198027683,18.16917082046425,22.485385848999027,False,0,True,2,3,1.3862943611198906
open_robustness,1003,11,9,284,21.049999999999983,20.278958448969313,17.216346270456516,16.563384775728984,19.98700964355469,False,0,True,7,12,2.5649493574615367
open_robustness,1003,11,10,285,22.36999999999996,17.869721353858257,16.088267218194325,15.756315862751118,17.488633438110355,False,0,True,5,6,1.9459101490553132
open_robustness,1003,11,11,286,23.174999999999958,15.2000686337661,15.207526634552009,14.789462678149432,14.990257232666018,False,0,True,5,25,3.258096538021482
open_robustness,1003,11,12,287,21.094999999999946,12.723516120219681,14.68906431071947,14.836777191778337,12.49188102722168,False,0,True,10,48,3.8918202981106265
open_robustness,1003,11,13,288,21.90999999999998,10.244581042946646,14.457895656545444,14.211489760751359,9.993504821777343,False,0,True,5,148,5.003946305945459
open_robustness,1003,11,14,289,22.939999999999927,7.600574586722513,14.668015858671433,14.588706880142967,7.495128616333012,False,0,True,11,290,5.673323267171493
open_robustness,1003,11,15,290,23.094999999999985,5.135521324771174,15.159220116445264,15.260727792164413,4.996752410888675,False,0,True,12,670,6.508769136971682
open_robustness,1003,11,16,291,20.089999999999993,2.553913302961154,16.024231003336904,15.913851047704263,2.4983762054443375,False,0,True,13,296,5.6937321388027
open_robustness,1003,11,17,292,17.389999999999986,0.0,17.213395817078776,17.828199493617564,0.0,False,0,True,5,165,5.111987788356544
open_robustness,1003,11,18,293,3.4179999999999984,2.5023282965850684,18.670151720109722,19.020335184318228,2.4983762054443384,False,0,True,8,88,4.48863636973214
open_robustness,1003,12,6,306,11.330999999999984,28.21962039401537,23.52276326642363,23.303696680191617,27.577721126882224,False,0,True,1,1,0.6931471805599453
open_robustness,1003,12,7,307,22.98999999999997,25.950564793563228,21.76367149247462,21.355667075126487,25.088864972524107,False,0,True,3,4,1.6094379124341003
open_robustness,1003,12,8,308,22.109999999999992,23.045346391518628,18.70648339566671,18.275752554039492,22.602109547448634,True,1,True,3,5,1.791759469228055
open_robustness,1003,12,9,309,20.029999999999987,20.46546204923588,17.40308793107796,17.172256817374173,20.11823386155085,False,0,True,3,4,1.6094379124341003
open_robustness,1003,12,10,310,19.114999999999977,18.093793043106917,16.107546998713552,15.944508196022099,17.638454545370312,False,0,True,1,4,1.6094379124341003
open_robustness,1003,12,11,311,23.725000000000005,15.408340573787118,15.301320911967938,15.257691308857774,15.164781274980488,False,0,True,6,27,3.332204510175204
open_robustness,1003,12,12,312,22.43999999999996,12.897150371033444,14.725378173070249,14.82799136121634,12.70078229144819,False,0,True,14,108,4.6913478822291435
open_robustness,1003,12,13,313,21.964999999999936,10.354733925771436,14.312592136561229,14.161094637583812,10.253434441170917,False,0,True,6,173,5.159055299214529
open_robustness,1003,12,14,314,20.879999999999992,7.902733726179403,14.472580104287454,14.033631184269518,7.838350093729992,False,0,True,4,278,5.631211781821365
open_robustness,1003,12,15,315,23.20999999999992,5.526390830095457,14.934721773752221,14.47005959585223,5.498210060758387,False,0,True,1,333,5.811140992976701
open_robustness,1003,12,16,316,20.54999999999996,3.4096717928765603,15.748395271389105,15.423676360779476,3.3918524260989606,False,0,True,7,252,5.53338948872752
open_robustness,1003,12,17,317,19.81499999999998,2.3111020597747576,16.883187248809676,16.759601394341736,2.2940748062133807,False,0,True,7,195,5.278114659230517
open_robustness,1003,12,18,318,13.987999999999957,3.682941197822646,18.418375379417718,18.90006429037358,3.3918524260989615,False,0,True,4,131,4.882801922586371
open_robustness,1003,12,19,319,7.008,5.695748486286021,20.012232529567278,20.13162692064476,5.498210060758382,False,0,True,5,96,4.574710978503383
open_robustness,1003,12,20,320,-1.9909999999999979,8.078326843225886,22.01790533455021,21.952960139566454,7.838350093729987,False,0,False,0,1,0.6931471805599453
open_robustness,1003,13,6,331,16.10200000000001,29.714661874900294,25.169287159917882,24.871895731065198,27.862502403797027,False,0,True,1,1,0.6931471805599453
open_robustness,1003,13,7,332,22.464999999999957,26.549958063216053,20.927751557235997,21.06486469591381,25.401564582896384,False,0,True,1,1,0.6931471805599453
open_robustness,1003,13,9,334,15.444,20.895125318042567,17.653378559557066,17.839318734163193,20.506868882341838,False,0,True,2,3,1.3862943611198906
open_robustness,1003,13,10,335,15.416000000000004,18.225445801426993,16.33911441575742,16.627548587572157,18.080470580120515,False,0,True,5,7,2.0794415416798357
open_robustness,1003,13,11,336,19.069999999999943,15.887168737992875,15.64187136341326,15.887168737992873,15.676700187459979,False,0,True,13,70,4.2626798770413155
open_robustness,1003,13,12,337,18.42999999999997,13.740283259039693,14.744145572556521,15.01634896211625,13.307825083922348,False,0,True,7,61,4.127134385045092
open_robustness,1003,13,13,338,20.309999999999974,11.141208370123826,14.436274469790025,14.244404638664331,10.996420121516767,False,0,True,8,62,4.143134726391533
open_robustness,1003,13,14,339,22.414999999999964,8.84626503654495,14.56670449287817,14.09449405440073,8.787950263934466,False,0,True,7,182,5.209486152841421
open_robustness,1003,13,15,340,18.368000000000002,6.823195692615349,14.971759064950277,14.200108760738642,6.783704852197921,False,0,True,12,192,5.262690188904886
open_robustness,1003,13,16,341,20.349999999999987,5.371297326388795,15.725936233673256,14.96156218511127,5.224270334691945,False,0,True,10,152,5.030437921392435
open_robustness,1003,13,17,342,18.259999999999955,4.630821115553804,16.803231808945586,16.46602950599792,4.588149612426761,False,0,True,22,272,5.60947179518496
open_robustness,1003,13,18,343,11.563999999999963,5.454256279096944,18.24796006989598,17.748843574524102,5.224270334691945,False,0,True,8,116,4.762173934797756
open_robustness,1003,13,19,344,11.528999999999966,7.10250878072797,19.89653819642508,19.180982479969906,6.783704852197917,False,0,True,4,86,4.465908118654584
open_robustness,1003,13,20,345,3.264999999999983,8.985705920600894,21.932298200100533,21.263062316184204,8.78795026393446,False,0,True,10,64,4.174387269895637
open_robustness,1003,13,21,346,1.2479999999999865,11.18250473629237,24.13555951720151,23.66401730581055,10.996420121516767,False,0,True,2,24,3.2188758248682006
open_robustness,1003,14,9,359,14.676999999999994,21.39835211856658,18.702083191634205,19.11678347047694,21.138721991645443,True,2,True,3,4,1.6094379124341003
open_robustness,1003,14,10,360,19.842999999999993,19.17449642099625,17.354284999647295,18.009589659053386,18.794076526424973,False,0,True,5,11,2.4849066497880004
open_robustness,1003,14,11,361,15.933999999999994,17.19539665444075,16.16322359008023,16.759601394341733,16.494630182275152,False,0,True,6,24,3.2188758248682006
open_robustness,1003,14,12,362,16.929999999999996,14.31067170121356,15.136001569638891,15.389599991354453,14.262261550917776,False,0,True,3,8,2.1972245773362196
open_robustness,1003,14,13,363,17.63099999999999,12.256793648022366,15.310154795370158,14.88622372000384,12.134049265245858,False,0,True,8,68,4.23410650459726
open_robustness,1003,14,14,364,20.449999999999996,10.33161549710339,14.954070325841219,14.009043633601499,10.175557278296878,False,0,True,5,78,4.3694478524670215
open_robustness,1003,14,15,365,15.90899999999997,8.682529368779369,15.384109776375745,14.077304574718154,8.504854355263724,False,0,True,18,148,5.003946305945459
open_robustness,1003,14,16,366,19.594999999999978,7.377519241996255,16.01597626444927,14.726880077895375,7.3216730746774665,False,0,True,6,89,4.499809670330265
open_robustness,1003,14,17,367,13.399999999999933,6.961518495566912,17.02556904126801,15.894433522946997,6.882224418640135,False,0,True,14,148,5.003946305945459
open_robustness,1003,14,18,368,14.349999999999982,7.485679212891102,18.37520705115629,17.099142487938888,7.3216730746774665,False,0,True,8,39,3.6888794541139363
open_robustness,1003,14,19,369,5.477999999999982,8.831372145143254,20.010229869537163,18.978655063806137,8.50485435526372,False,0,True,7,41,3.7376696182833684
open_robustness,1003,14,20,370,4.278999999999985,10.413657289954758,22.095483443421646,20.963809235357864,10.175557278296873,False,0,True,2,7,2.0794415416798357
open_robustness,1003,14,21,371,2.4689999999999817,12.306658406392529,24.40673692747665,23.49921718124193,12.134049265245858,False,0,True,1,1,0.6931471805599453
open_robustness,1003,15,9,384,6.549999999999995,22.492179072919154,19.5250101350733,20.34241864767474,21.992840243033537,False,0,True,1,1,0.6931471805599453
open_robustness,1003,15,10,385,15.099999999999989,20.57002923471963,17.902482266777522,18.64848807383897,19.749854860141095,False,0,True,1,6,1.9459101490553132
open_robustness,1003,15,11,386,8.087999999999994,17.901516043119095,16.57216075589195,17.092630052571465,17.575900527868924,False,0,True,3,5,1.791759469228055
open_robustness,1003,15,12,387,16.370999999999974,15.718466584464949,16.34880106065273,16.31493527889345,15.500050292250933,False,0,True,8,30,3.4339872044851463
open_robustness,1003,15,13,388,17.56199999999996,13.809293839784935,15.979752205834256,15.606535354580245,13.567409704395834,False,0,True,10,45,3.828641396489095
open_robustness,1003,15,14,389,18.489999999999966,12.009126707118307,15.688063758184082,14.49822255069078,11.848266558422006,False,0,True,13,47,3.871201010907891
open_robustness,1003,15,15,390,16.62499999999997,10.619241338879787,15.886809539284704,14.144641581076739,10.448540669383883,False,0,True,14,63,4.1588830833596715
open_robustness,1003,15,16,391,20.309999999999974,9.551163800422504,16.529258331048464,14.45823746435862,9.510328655097975,False,0,True,11,65,4.189654742026425
open_robustness,1003,15,17,392,16.598999999999993,9.401509795834775,17.543348235108006,15.689162487066238,9.176299224853516,False,0,True,13,69,4.248495242049359
open_robustness,1003,15,18,393,8.299,9.924563443050651,18.832901265643972,17.202479959178344,9.510328655097975,False,0,True,12,87,4.477336814478207
open_robustness,1003,15,19,394,1.7929999999999995,10.704233376792288,20.52646680605613,19.160653396245788,10.448540669383881,False,0,False,0,0,0.0
open_robustness,1003,15,20,395,2.6409999999999814,12.207942546730957,22.307729658225345,21.059558999453856,11.848266558422003,False,0,False,0,1,0.6931471805599453
open_robustness,1003,16,11,411,18.264999999999937,19.10205983818259,17.632406149066664,18.095545019170984,18.875309065392006,False,0,True,2,3,1.3862943611198906
open_robustness,1003,16,12,412,19.99499999999994,17.175616188530114,16.85552417025708,16.978519626048488,16.959262130494793,False,0,True,10,21,3.091042453358316
open_robustness,1003,16,13,413,18.944999999999993,15.376967046157874,16.605038826401838,16.076366636450743,15.213139683689914,True,1,True,11,43,3.784189633918261
open_robustness,1003,16,14,414,15.50699999999997,13.902338845976947,16.54360456012732,14.913727345355257,13.702059457904417,False,0,True,4,33,3.5263605246161616
open_robustness,1003,16,15,415,19.324999999999974,12.845717012775749,16.77578704169176,14.76835125700419,12.511475335398924,False,0,True,17,64,4.174387269895637
open_robustness,1003,16,16,416,15.656999999999982,11.830813130786684,17.310696413840837,14.87288074937043,11.739308500780798,False,0,True,3,47,3.871201010907891
open_robustness,1003,16,17,417,14.019999999999962,11.655360656147508,18.351667763736813,15.994739906443337,11.470374031066896,False,0,True,9,48,3.8918202981106265
open_robustness,1003,16,18,418,11.946999999999992,11.87375912641759,19.567196951372782,17.86195742739989,11.739308500780798,False,0,True,9,69,4.248495242049359
open_robustness,1003,16,19,419,6.246999999999989,13.325730996795725,21.20009042736945,20.0046975813687,12.511475335398922,False,0,True,4,33,3.5263605246161616
open_robustness,1003,17,11,436,15.117999999999986,20.623523220245993,18.89989318132364,19.213712584283602,20.351114556593757,False,0,True,2,3,1.3862943611198906
open_robustness,1003,17,12,437,18.44499999999995,18.78140284501719,17.959387579657758,17.942474253404512,18.587822448914434,False,0,True,9,17,2.8903717578961645
open_robustness,1003,17,13,438,15.654999999999953,17.24121610733084,17.604024278345616,16.920811826701478,17.00970871052745,False,0,True,8,22,3.1354942159291497
open_robustness,1003,17,14,439,19.074999999999953,15.886109743974028,17.541092631373566,16.204153180697492,15.672811004075829,False,0,True,9,47,3.871201010907891
open_robustness,1003,17,15,440,18.615000000000034,15.069702595920527,17.826517967148057,16.083550971655,14.64334614935494,False,0,True,11,74,4.31748811353631
open_robustness,1003,17,16,441,17.712999999999962,14.239374656050593,18.43311475929658,16.30508090198982,13.989350787582561,False,0,True,10,50,3.9318256327243257
open_robustness,1003,17,17,442,14.521999999999956,14.001073267102614,19.26787633560553,17.36179457880893,13.764448837280277,False,0,True,10,50,3.9318256327243257
open_robustness,1003,17,18,443,9.154999999999976,14.156390701599353,20.552666114403223,18.84733894645551,13.989350787582561,False,0,True,7,33,3.5263605246161616
open_robustness,1003,17,19,444,9.149999999999988,15.068714021948276,22.10801233920137,20.674309607604783,14.643346149354938,False,0,True,16,68,4.23410650459726
open_robustness,1003,18,11,461,8.617999999999995,22.121515079298025,20.516972941075405,21.054710275755028,21.967794461669126,False,0,False,0,1,0.6931471805599453
open_robustness,1003,18,12,462,16.26099999999994,20.600373291814375,19.33143159574666,19.0124512022057,20.345104403932307,True,1,True,7,17,2.8903717578961645
open_robustness,1003,18,13,463,15.569999999999938,19.250824799401496,18.865141305517042,18.264740273012343,18.914183044253637,True,1,True,4,14,2.70805020110221
open_robustness,1003,18,14,464,15.699999999999985,18.036400456693322,18.886816227089827,17.945805043768107,17.72154436227325,False,0,True,8,51,3.9512437185814275
open_robustness,1003,18,15,465,20.364999999999927,17.434457642070353,19.0906956931307,17.978458309709403,16.81795814789556,False,0,True,3,30,3.4339872044851463
open_robustness,1003,18,16,466,18.709999999999976,16.539989016451567,19.629166136345205,18.047701305615405,16.25170961076327,False,0,True,9,44,3.8066624897703196
open_robustness,1003,18,17,467,12.256999999999953,16.49952190176192,20.52841574867674,19.116610221796304,16.058523643493658,False,0,True,7,37,3.6375861597263857
open_robustness,1003,18,18,468,12.207999999999943,16.326942876628095,21.684708092109883,20.80042560137434,16.25170961076327,False,0,True,11,51,3.9512437185814275
open_robustness,1003,18,19,469,10.360999999999992,17.06929271170293,23.221912482764374,22.24763452176076,16.817958147895556,False,0,True,8,57,4.060443010546419
open_robustness,1003,19,11,486,12.63399999999999,24.27036315363914,22.61513564877924,23.050086697481937,23.69653311684401,False,0,False,0,0,0.0
open_robustness,1003,19,12,487,12.903999999999996,22.881877459032182,20.9619059362909,20.833922071941032,22.200562187801683,False,0,True,1,4,1.6094379124341003
open_robustness,1003,19,13,488,13.133999999999983,21.15249636019746,21.190710389540147,20.830790192082027,20.897081338767762,True,1,True,6,10,2.3978952727983707
open_robustness,1003,19,14,489,12.678999999999967,20.188459271021102,20.56798011723841,19.812097764123124,19.82409702436817,False,0,True,7,19,2.995732273553991
open_robustness,1003,19,15,490,16.88499999999994,19.487209032392194,20.629476621956936,19.487209032392194,19.02065731019595,False,0,True,19,64,4.174387269895637
open_robustness,1003,19,16,491,15.056999999999993,18.833890722625295,21.112670259043753,20.053250873515548,18.521872300610415,False,0,True,15,50,3.9318256327243257
open_robustness,1003,19,17,492,12.296999999999954,18.80490771796298,21.947016483380775,21.154704942861095,18.35259844970703,False,0,True,15,53,3.9889840465642745
open_robustness,1003,19,18,493,12.373999999999958,18.611388134601807,23.029888819952433,22.224703477946044,18.521872300610415,False,0,True,8,40,3.713572066704308
open_robustness,1003,19,19,494,8.797000000000002,19.2833406435917,24.60943198045517,23.880470579567664,19.02065731019595,False,0,True,7,64,4.174387269895637
open_robustness,1003,20,12,512,8.945,24.479092098477164,23.04300133889165,23.22549701862927,24.131560416496075,False,0,True,1,1,0.6931471805599453
open_robustness,1003,20,13,513,12.552000000000008,23.187331502969492,23.02445835445818,22.51379161390927,22.938074355961668,False,0,True,1,3,1.3862943611198906
open_robustness,1003,20,14,514,14.35899999999997,22.366405523248858,22.350394651227916,21.952458338633818,21.965019224032407,False,0,True,4,6,1.9459101490553132
open_robustness,1003,20,15,515,13.238999999999988,21.76447110425911,22.420367046895066,21.764471104259105,21.242708188751756,False,0,True,12,22,3.1354942159291497
open_robustness,1003,20,16,516,14.72999999999997,21.134146726255334,22.830747759703275,22.009273010444453,20.79728348127874,False,0,True,12,36,3.6109179126442243
open_robustness,1003,20,17,517,12.95399999999998,21.122827548923166,23.569534211414943,23.291113474470002,20.646673255920412,False,0,True,12,35,3.58351893845611
open_robustness,1003,20,18,518,12.439999999999959,21.045814174463885,24.679016783263933,23.875768235411634,20.79728348127874,False,0,True,16,63,4.1588830833596715
open_robustness,1003,20,19,519,9.863999999999994,21.574077317569365,25.917883580349233,25.463217124596916,21.242708188751756,False,0,True,13,68,4.23410650459726
open_robustness,1003,20,20,520,4.147999999999997,22.361062685443063,27.55629566459336,26.95819262141903,21.965019224032403,False,0,True,1,1,0.6931471805599453
open_robustness,1003,21,13,538,8.668999999999993,25.388300219306224,25.27856406477462,24.749762958966706,25.022950670797847,True,1,True,2,2,1.0986122886681098
open_robustness,1003,21,15,540,12.448999999999964,24.01783810890566,24.518212288143438,24.004761668101583,23.478617001561595,True,1,True,2,5,1.791759469228055
open_robustness,1003,21,16,541,11.885999999999978,23.42775765846823,24.717434759789636,24.08695652994334,23.076390647461007,False,0,True,4,22,3.1354942159291497
open_robustness,1003,21,17,542,8.672000000000002,23.372697593996282,25.36556761657938,25.091939794809267,22.940748062133792,False,0,True,4,15,2.772588722239781
open_robustness,1003,21,18,543,8.918999999999997,23.268079669434165,26.356360322193428,26.098033730381907,23.076390647461007,False,0,True,5,23,3.1780538303479458
open_robustness,1003,21,19,544,8.084999999999988,23.72269416006724,27.638815599574237,26.83544113696882,23.47861700156159,True,1,True,10,64,4.174387269895637
open_robustness,1003,22,19,569,4.280999999999997,25.870878229311245,29.40741592943326,28.700832290258987,25.72477055004726,False,0,False,0,2,1.0986122886681098
