evaluation,filled_cells,coverage,qd_score,raw_qd_score,qd_score_fitness_floor,max_fitness,mean_fitness,occupancy_entropy,mean_pairwise_descriptor_euclidean,mean_pairwise_descriptor_knn_geodesic,pairwise_geodesic_k,pairwise_geodesic_finite_fraction,pairwise_geodesic_disconnected_pairs
1,1,0.0016,6.296000000000001,1.296000000000001,-5.0,1.296000000000001,1.296000000000001,0.0,nan,nan,5,nan,-1
25,11,0.0176,74.83100000000002,19.83100000000001,-5.0,6.776999999999995,1.8028181818181828,0.37247402560124454,nan,nan,5,nan,-1
50,24,0.0384,191.75699999999986,71.75699999999985,-5.0,12.969999999999906,2.989874999999994,0.4936589671765412,nan,nan,5,nan,-1
75,37,0.0592,286.22899999999987,101.22899999999984,-5.0,12.969999999999906,2.7359189189189146,0.5608973612382323,nan,nan,5,nan,-1
100,52,0.0832,390.3269999999998,130.32699999999983,-5.0,12.969999999999906,2.506288461538458,0.6137614393284672,nan,nan,5,nan,-1
125,62,0.0992,477.0999999999998,167.09999999999974,-5.0,12.969999999999906,2.6951612903225763,0.6410831932626789,nan,nan,5,nan,-1
150,72,0.1152,551.1619999999998,191.16199999999975,-5.0,12.969999999999906,2.655027777777774,0.6643105157980375,nan,nan,5,nan,-1
175,82,0.1312,672.3709999999996,262.3709999999997,-5.0,19.27499999999997,3.199646341463411,0.6845121537803792,nan,nan,5,nan,-1
200,89,0.1424,716.3899999999996,271.3899999999997,-5.0,19.27499999999997,3.049325842696626,0.6972366462623532,nan,nan,5,nan,-1
225,95,0.152,767.5499999999996,292.5499999999996,-5.0,19.27499999999997,3.079473684210522,0.7073707001087877,nan,nan,5,nan,-1
250,104,0.1664,868.6469999999996,348.6469999999996,-5.0,19.27499999999997,3.352374999999996,0.7214305788468154,nan,nan,5,nan,-1
275,111,0.1776,943.5979999999995,388.59799999999956,-5.0,19.27499999999997,3.500882882882879,0.7315489098597286,nan,nan,5,nan,-1
300,118,0.1888,1020.2269999999992,430.22699999999935,-5.0,19.27499999999997,3.645991525423723,0.7410482547367301,nan,nan,5,nan,-1
325,133,0.2128,1156.990999999999,491.9909999999993,-5.0,19.27499999999997,3.6991804511278144,0.7596361888893296,nan,nan,5,nan,-1
350,145,0.232,1278.3769999999993,553.3769999999993,-5.0,19.27499999999997,3.816393103448271,0.7730546335418749,nan,nan,5,nan,-1
375,157,0.2512,1420.451999999999,635.4519999999991,-5.0,19.27499999999997,4.047464968152861,0.7854055391458507,nan,nan,5,nan,-1
400,172,0.2752,1562.907999999999,702.907999999999,-5.0,19.27499999999997,4.0866744186046455,0.7995795359742125,nan,nan,5,nan,-1
425,190,0.304,1750.3949999999988,800.3949999999988,-5.0,19.27499999999997,4.212605263157888,0.8150398396271359,nan,nan,5,nan,-1
450,204,0.3264,1901.197999999999,881.1979999999987,-5.0,19.27499999999997,4.31959803921568,0.8260834345888398,nan,nan,5,nan,-1
475,218,0.3488,2115.3389999999986,1025.3389999999986,-5.0,19.27499999999997,4.703389908256875,0.8363937218686529,nan,nan,5,nan,-1
500,227,0.3632,2221.6519999999987,1086.6519999999985,-5.0,19.27499999999997,4.787013215859024,0.8426777410252432,nan,nan,5,nan,-1
525,243,0.3888,2395.8009999999986,1180.8009999999983,-5.0,19.27499999999997,4.8592633744855895,0.8532577431074816,nan,nan,5,nan,-1
550,257,0.4112,2548.877999999998,1263.877999999998,-5.0,19.27499999999997,4.917813229571977,0.8619587065186697,nan,nan,5,nan,-1
575,269,0.4304,2670.9519999999984,1325.951999999998,-5.0,19.27499999999997,4.929189591078059,0.8690474072312061,nan,nan,5,nan,-1
600,279,0.4464,2818.004999999998,1423.0049999999978,-5.0,19.27499999999997,5.100376344086014,0.8747171509873233,nan,nan,5,nan,-1
625,290,0.464,2969.4569999999976,1519.4569999999976,-5.0,19.27499999999997,5.239506896551716,0.8807237730602232,nan,nan,5,nan,-1
650,299,0.4784,3056.4479999999976,1561.4479999999976,-5.0,19.27499999999997,5.222234113712367,0.8854711836583656,nan,nan,5,nan,-1
675,307,0.4912,3172.7329999999974,1637.7329999999972,-5.0,19.27499999999997,5.334635179153086,0.8895726426199878,nan,nan,5,nan,-1
700,314,0.5024,3288.688999999997,1718.6889999999971,-5.0,19.27499999999997,5.473531847133748,0.893074678664199,nan,nan,5,nan,-1
725,324,0.5184,3394.8749999999973,1774.874999999997,-5.0,19.27499999999997,5.47800925925925,0.8979444735226818,nan,nan,5,nan,-1
750,338,0.5408,3554.3179999999966,1864.317999999997,-5.0,20.045,5.515733727810642,0.9045154601018894,nan,nan,5,nan,-1
775,344,0.5504,3630.555999999997,1910.5559999999964,-5.0,20.045,5.553941860465105,0.9072486754925608,nan,nan,5,nan,-1
800,352,0.5632,3738.4689999999964,1978.4689999999966,-5.0,20.045,5.620650568181809,0.9108197231929859,nan,nan,5,nan,-1
825,357,0.5712,3831.2919999999963,2046.2919999999965,-5.0,20.045,5.731910364145649,0.9130106443326852,nan,nan,5,nan,-1
850,362,0.5792,3935.572999999996,2125.5729999999962,-5.0,20.045,5.87174861878452,0.9151710927008204,nan,nan,5,nan,-1
875,371,0.5936,4028.4119999999957,2173.411999999996,-5.0,20.045,5.8582533692722265,0.9189857553529078,nan,nan,5,nan,-1
900,376,0.6016,4102.454999999996,2222.4549999999963,-5.0,20.045,5.910784574468075,0.9210652205933862,nan,nan,5,nan,-1
925,382,0.6112,4178.688999999996,2268.688999999996,-5.0,20.045,5.938976439790566,0.9235243811944835,nan,nan,5,nan,-1
950,392,0.6272,4317.733999999996,2357.733999999996,-5.0,20.045,6.014627551020397,0.9275383961161285,nan,nan,5,nan,-1
975,400,0.64,4400.261999999995,2400.2619999999956,-5.0,20.045,6.000654999999989,0.9306765580733931,nan,nan,5,nan,-1
1000,402,0.6432,4444.423999999995,2434.4239999999954,-5.0,20.045,6.055781094527352,0.9314512915179868,1.0422315351859408,1.1543862660568125,5,1.0,0
1025,406,0.6496,4519.497999999994,2489.4979999999955,-5.0,20.045,6.131768472906393,0.9329892618407651,nan,nan,5,nan,-1
1050,411,0.6576,4618.167999999995,2563.167999999995,-5.0,20.045,6.236418491484173,0.9348905552674854,nan,nan,5,nan,-1
1075,417,0.6672,4710.434999999996,2625.4349999999954,-5.0,21.24499999999994,6.296007194244593,0.9371418082034636,nan,nan,5,nan,-1
1100,420,0.672,4780.682999999995,2680.682999999995,-5.0,21.24499999999994,6.382578571428559,0.9382553164387347,nan,nan,5,nan,-1
1125,428,0.6848,4879.292999999995,2739.292999999995,-5.0,21.24499999999994,6.400217289719615,0.9411862285538605,nan,nan,5,nan,-1
1150,434,0.6944,4960.148999999995,2790.148999999995,-5.0,21.24499999999994,6.428914746543767,0.9433486820432209,nan,nan,5,nan,-1
1175,438,0.7008,5043.720999999995,2853.720999999995,-5.0,21.24499999999994,6.515344748858436,0.9447737721639957,nan,nan,5,nan,-1
1200,441,0.7056,5103.008999999995,2898.0089999999946,-5.0,21.24499999999994,6.571448979591825,0.9458340748040764,nan,nan,5,nan,-1
1225,444,0.7104,5193.912999999994,2973.912999999994,-5.0,21.24499999999994,6.698002252252239,0.9468871888964252,nan,nan,5,nan,-1
1250,454,0.7264,5312.855999999994,3042.8559999999943,-5.0,21.24499999999994,6.702325991189415,0.9503468805435914,nan,nan,5,nan,-1
1275,457,0.7312,5359.0929999999935,3074.092999999994,-5.0,21.24499999999994,6.726680525164101,0.9513699384698981,nan,nan,5,nan,-1
1300,459,0.7344,5448.357999999994,3153.357999999994,-5.0,23.044999999999987,6.870061002178636,0.952048252795136,nan,nan,5,nan,-1
1325,460,0.736,5506.8429999999935,3206.842999999994,-5.0,23.044999999999987,6.971397826086943,0.9523863024032915,nan,nan,5,nan,-1
1350,464,0.7424,5588.042999999994,3268.0429999999938,-5.0,23.044999999999987,7.043196120689641,0.953731191615268,nan,nan,5,nan,-1
1375,470,0.752,5663.152999999993,3313.152999999993,-5.0,23.044999999999987,7.0492617021276445,0.9557269415566897,nan,nan,5,nan,-1
1400,470,0.752,5692.836999999993,3342.836999999993,-5.0,23.044999999999987,7.112419148936156,0.9557269415566897,nan,nan,5,nan,-1
1425,476,0.7616,5790.956999999993,3410.956999999993,-5.0,23.044999999999987,7.165876050420153,0.9576973747478855,nan,nan,5,nan,-1
1450,479,0.7664,5853.633999999993,3458.633999999993,-5.0,23.044999999999987,7.220530271398733,0.958673296703457,nan,nan,5,nan,-1
1475,488,0.7808,6011.968999999993,3571.968999999993,-5.0,23.044999999999987,7.319608606557362,0.9615648043997806,nan,nan,5,nan,-1
1500,492,0.7872,6061.842999999993,3601.8429999999926,-5.0,23.044999999999987,7.320819105691042,0.9628328419202238,nan,nan,5,nan,-1
1525,496,0.7936,6142.994999999993,3662.9949999999926,-5.0,23.044999999999987,7.3850705645161145,0.9640906118177238,nan,nan,5,nan,-1
1550,498,0.7968,6186.097999999993,3696.0979999999927,-5.0,23.044999999999987,7.421883534136532,0.9647156981085082,nan,nan,5,nan,-1
1575,503,0.8048,6256.144999999992,3741.1449999999923,-5.0,23.044999999999987,7.4376640159045575,0.9662674965652716,nan,nan,5,nan,-1
1600,505,0.808,6296.754999999992,3771.754999999992,-5.0,23.044999999999987,7.4688217821782015,0.9668839010790715,nan,nan,5,nan,-1
1625,508,0.8128,6372.175999999992,3832.175999999992,-5.0,23.044999999999987,7.543653543307071,0.967803945626513,nan,nan,5,nan,-1
1650,511,0.8176,6441.177999999992,3886.1779999999917,-5.0,23.044999999999987,7.605045009784719,0.968718572804693,nan,nan,5,nan,-1
1675,513,0.8208,6482.065999999992,3917.0659999999916,-5.0,23.044999999999987,7.635606237816748,0.9693253459732766,nan,nan,5,nan,-1
1700,518,0.8288,6584.055999999991,3994.0559999999914,-5.0,23.044999999999987,7.710532818532802,0.9708319895371225,nan,nan,5,nan,-1
1725,521,0.8336,6627.458999999992,4022.4589999999916,-5.0,23.044999999999987,7.7206506717850125,0.9717290107035294,nan,nan,5,nan,-1
1750,523,0.8368,6687.224999999991,4072.2249999999913,-5.0,23.044999999999987,7.786281070745681,0.9723241598363346,nan,nan,5,nan,-1
1775,524,0.8384,6757.193999999992,4137.19399999999,-5.0,23.044999999999987,7.8954083969465465,0.9726208814807921,nan,nan,5,nan,-1
1800,526,0.8416,6831.718999999991,4201.718999999991,-5.0,23.044999999999987,7.9880589353612,0.9732126297531605,nan,nan,5,nan,-1
1825,528,0.8448,6874.4399999999905,4234.439999999991,-5.0,23.044999999999987,8.019772727272711,0.9738021322961339,nan,nan,5,nan,-1
1850,529,0.8464,6919.302999999991,4274.302999999991,-5.0,23.044999999999987,8.079967863894122,0.9740960467331898,nan,nan,5,nan,-1
1875,531,0.8496,6995.95799999999,4340.9579999999905,-5.0,23.044999999999987,8.175062146892637,0.9746822124613744,nan,nan,5,nan,-1
1900,535,0.856,7092.12699999999,4417.12699999999,-5.0,23.044999999999987,8.256312149532693,0.9758479495171639,nan,nan,5,nan,-1
1925,535,0.856,7121.10699999999,4446.10699999999,-5.0,23.044999999999987,8.310480373831757,0.9758479495171639,nan,nan,5,nan,-1
1950,537,0.8592,7169.812999999989,4484.812999999989,-5.0,23.044999999999987,8.351607076350072,0.9764275536733776,nan,nan,5,nan,-1
1975,540,0.864,7235.7789999999895,4535.7789999999895,-5.0,23.044999999999987,8.399590740740722,0.9772929249011856,nan,nan,5,nan,-1
2000,541,0.8656,7278.94199999999,4573.94199999999,-5.0,23.044999999999987,8.454606284658022,0.9775803139445695,1.0380282742734175,1.1390780722150735,5,1.0,0
2025,543,0.8688,7342.02999999999,4627.02999999999,-5.0,23.044999999999987,8.521233885819502,0.9781535018039683,nan,nan,5,nan,-1
2050,546,0.8736,7420.214999999989,4690.214999999989,-5.0,23.044999999999987,8.590137362637343,0.9790093372121571,nan,nan,5,nan,-1
2075,549,0.8784,7457.96699999999,4712.96699999999,-5.0,23.044999999999987,8.584639344262277,0.9798604830877284,nan,nan,5,nan,-1
2100,550,0.88,7522.188999999989,4772.188999999989,-5.0,23.044999999999987,8.676707272727253,0.9801431651195928,nan,nan,5,nan,-1
2125,553,0.8848,7554.452999999989,4789.452999999989,-5.0,23.044999999999987,8.660855334538859,0.9809881376491003,nan,nan,5,nan,-1
2150,557,0.8912,7653.509999999989,4868.509999999989,-5.0,23.044999999999987,8.740592459605008,0.982107664899774,nan,nan,5,nan,-1
2175,558,0.8928,7695.98499999999,4905.98499999999,-5.0,23.044999999999987,8.792087813620054,0.9823862905056716,nan,nan,5,nan,-1
2200,558,0.8928,7723.743999999989,4933.743999999989,-5.0,23.044999999999987,8.841835125448009,0.9823862905056716,nan,nan,5,nan,-1
2225,559,0.8944,7772.817999999988,4977.817999999988,-5.0,23.044999999999987,8.904862254025025,0.9826644172292867,nan,nan,5,nan,-1
2250,561,0.8976,7821.812999999987,5016.812999999988,-5.0,23.044999999999987,8.942625668449177,0.9832191811533878,nan,nan,5,nan,-1
2275,562,0.8992,7901.316999999988,5091.316999999988,-5.0,23.044999999999987,9.059282918149446,0.9834958218919394,nan,nan,5,nan,-1
2300,564,0.9024,7947.516999999988,5127.516999999988,-5.0,23.044999999999987,9.09134219858154,0.9840476296965344,nan,nan,5,nan,-1
2325,567,0.9072,7991.906999999987,5156.906999999988,-5.0,23.044999999999987,9.095074074074054,0.9848716832665272,nan,nan,5,nan,-1
2350,567,0.9072,8022.386999999988,5187.386999999988,-5.0,23.044999999999987,9.148830687830667,0.9848716832665272,nan,nan,5,nan,-1
2375,568,0.9088,8057.573999999987,5217.573999999988,-5.0,23.044999999999987,9.185869718309837,0.9851453991675548,nan,nan,5,nan,-1
2400,568,0.9088,8099.050999999988,5259.050999999988,-5.0,23.33999999999997,9.25889260563378,0.9851453991675548,nan,nan,5,nan,-1
2425,569,0.9104,8152.147999999988,5307.147999999987,-5.0,23.33999999999997,9.327149384885743,0.9854186335979714,nan,nan,5,nan,-1
2450,570,0.912,8194.573999999988,5344.573999999988,-5.0,23.33999999999997,9.376445614035067,0.9856913882486323,nan,nan,5,nan,-1
2475,571,0.9136,8224.934999999987,5369.934999999988,-5.0,23.33999999999997,9.404439579684741,0.9859636648015009,nan,nan,5,nan,-1
2500,571,0.9136,8241.100999999988,5386.100999999987,-5.0,23.33999999999997,9.432751313485092,0.9859636648015009,nan,nan,5,nan,-1
2525,576,0.9216,8324.051999999987,5444.051999999987,-5.0,23.33999999999997,9.451479166666644,0.9873179343530823,nan,nan,5,nan,-1
2550,576,0.9216,8340.321999999986,5460.321999999987,-5.0,23.33999999999997,9.479725694444422,0.9873179343530823,nan,nan,5,nan,-1
2575,577,0.9232,8377.582999999988,5492.582999999987,-5.0,23.33999999999997,9.51920797227034,0.9875873771502861,nan,nan,5,nan,-1
2600,578,0.9248,8411.085999999987,5521.085999999987,-5.0,23.33999999999997,9.552051903114164,0.9878563533796424,nan,nan,5,nan,-1
2625,580,0.928,8478.556999999986,5578.556999999986,-5.0,23.33999999999997,9.618201724137908,0.9883929125785714,nan,nan,5,nan,-1
2650,581,0.9296,8510.339999999986,5605.339999999986,-5.0,23.33999999999997,9.647745266781387,0.9886604987492055,nan,nan,5,nan,-1
2675,581,0.9296,8549.332999999986,5644.332999999986,-5.0,25.06499999999994,9.714858864027514,0.9886604987492055,nan,nan,5,nan,-1
2700,583,0.9328,8636.274999999987,5721.274999999987,-5.0,25.06499999999994,9.813507718696375,0.9891942921736104,nan,nan,5,nan,-1
2725,583,0.9328,8680.068999999985,5765.068999999986,-5.0,25.06499999999994,9.888626072041141,0.9891942921736104,nan,nan,5,nan,-1
2750,586,0.9376,8715.219999999987,5785.219999999987,-5.0,25.06499999999994,9.872389078498271,0.989991558596078,nan,nan,5,nan,-1
2775,587,0.9392,8746.461999999985,5811.461999999986,-5.0,25.06499999999994,9.900275979557046,0.990256407310948,nan,nan,5,nan,-1
2800,589,0.9424,8793.209999999985,5848.2099999999855,-5.0,25.06499999999994,9.929049235993185,0.9907847538531183,nan,nan,5,nan,-1
2825,591,0.9456,8839.923999999985,5884.923999999985,-5.0,25.06499999999994,9.957570219966135,0.9913113093866253,nan,nan,5,nan,-1
2850,591,0.9456,8860.663999999986,5905.663999999986,-5.0,25.06499999999994,9.992663282571888,0.9913113093866253,nan,nan,5,nan,-1
2875,593,0.9488,8908.461999999985,5943.461999999985,-5.0,25.06499999999994,10.022701517706551,0.9918360860129131,nan,nan,5,nan,-1
2900,593,0.9488,8930.205999999984,5965.205999999986,-5.0,25.06499999999994,10.059369308600314,0.9918360860129131,nan,nan,5,nan,-1
2925,594,0.9504,8975.008999999984,6005.008999999985,-5.0,25.06499999999994,10.109442760942734,0.9920978109840819,nan,nan,5,nan,-1
2950,595,0.952,9030.598999999986,6055.598999999984,-5.0,25.06499999999994,10.177477310924342,0.992359095711189,nan,nan,5,nan,-1
2975,596,0.9536,9072.660999999984,6092.660999999984,-5.0,25.06499999999994,10.222585570469771,0.9926199416728049,nan,nan,5,nan,-1
3000,597,0.9552,9125.737999999983,6140.737999999985,-5.0,25.06499999999994,10.285993299832471,0.9928803503400639,1.0461785313535623,1.162589041514017,5,1.0,0
3025,598,0.9568,9186.245999999985,6196.245999999985,-5.0,25.06499999999994,10.361615384615359,0.9931403231767137,nan,nan,5,nan,-1
3050,600,0.96,9240.837999999983,6240.837999999984,-5.0,25.06499999999994,10.40139666666664,0.9936589671765411,nan,nan,5,nan,-1
3075,600,0.96,9247.349999999984,6247.349999999984,-5.0,25.06499999999994,10.412249999999974,0.9936589671765411,nan,nan,5,nan,-1
3100,601,0.9616,9302.422999999984,6297.422999999983,-5.0,25.06499999999994,10.47824126455904,0.9939176412307242,nan,nan,5,nan,-1
3125,601,0.9616,9336.270999999982,6331.270999999983,-5.0,25.06499999999994,10.534560732113118,0.9939176412307242,nan,nan,5,nan,-1
3150,602,0.9632,9381.606999999984,6371.606999999984,-5.0,25.06499999999994,10.58406478405313,0.9941758852364062,nan,nan,5,nan,-1
3175,602,0.9632,9402.843999999985,6392.843999999983,-5.0,25.06499999999994,10.619342192691,0.9941758852364062,nan,nan,5,nan,-1
3200,602,0.9632,9435.648999999983,6425.648999999983,-5.0,25.06499999999994,10.673835548172729,0.9941758852364062,nan,nan,5,nan,-1
3225,602,0.9632,9461.887999999984,6451.887999999983,-5.0,25.06499999999994,10.71742192691027,0.9941758852364062,nan,nan,5,nan,-1
3250,604,0.9664,9537.942999999983,6517.942999999983,-5.0,25.06499999999994,10.791296357615865,0.9946910888053618,nan,nan,5,nan,-1
3275,604,0.9664,9560.793999999983,6540.7939999999835,-5.0,25.06499999999994,10.82912913907282,0.9946910888053618,nan,nan,5,nan,-1
3300,607,0.9712,9617.753999999983,6582.753999999983,-5.0,25.06499999999994,10.844734761120234,0.9954607042540855,nan,nan,5,nan,-1
3325,607,0.9712,9638.253999999983,6603.253999999983,-5.0,25.06499999999994,10.878507413509032,0.9954607042540855,nan,nan,5,nan,-1
3350,608,0.9728,9681.018999999982,6641.018999999983,-5.0,25.06499999999994,10.922728618421024,0.995716397700529,nan,nan,5,nan,-1
3375,608,0.9728,9705.113999999983,6665.113999999983,-5.0,25.06499999999994,10.962358552631551,0.995716397700529,nan,nan,5,nan,-1
3400,608,0.9728,9716.034999999982,6676.034999999982,-5.0,25.06499999999994,10.98032072368418,0.995716397700529,nan,nan,5,nan,-1
3425,608,0.9728,9745.512999999983,6705.512999999983,-5.0,25.06499999999994,11.02880427631576,0.995716397700529,nan,nan,5,nan,-1
3450,608,0.9728,9778.530999999984,6738.530999999983,-5.0,25.12999999999995,11.083110197368393,0.995716397700529,nan,nan,5,nan,-1
3475,608,0.9728,9802.752999999982,6762.752999999982,-5.0,25.12999999999995,11.122949013157866,0.995716397700529,nan,nan,5,nan,-1
3500,608,0.9728,9840.767999999982,6800.767999999983,-5.0,25.12999999999995,11.185473684210498,0.995716397700529,nan,nan,5,nan,-1
3525,608,0.9728,9885.767999999982,6845.767999999982,-5.0,25.12999999999995,11.259486842105233,0.995716397700529,nan,nan,5,nan,-1
3550,609,0.9744,9938.733999999984,6893.733999999982,-5.0,25.12999999999995,11.319760262725751,0.9959716709439131,nan,nan,5,nan,-1
3575,610,0.976,9981.775999999983,6931.775999999982,-5.0,25.12999999999995,11.363567213114724,0.9962265253630841,nan,nan,5,nan,-1
3600,610,0.976,9996.499999999982,6946.499999999982,-5.0,25.12999999999995,11.387704918032757,0.9962265253630841,nan,nan,5,nan,-1
3625,610,0.976,10034.578999999982,6984.5789999999815,-5.0,25.12999999999995,11.45012950819669,0.9962265253630841,nan,nan,5,nan,-1
3650,610,0.976,10054.420999999982,7004.420999999982,-5.0,25.12999999999995,11.48265737704915,0.9962265253630841,nan,nan,5,nan,-1
3675,610,0.976,10068.989999999982,7018.989999999982,-5.0,25.12999999999995,11.506540983606527,0.9962265253630841,nan,nan,5,nan,-1
3700,611,0.9776,10107.45599999998,7052.455999999981,-5.0,25.12999999999995,11.542481178396041,0.9964809623301121,nan,nan,5,nan,-1
3725,611,0.9776,10122.854999999981,7067.854999999981,-5.0,25.12999999999995,11.567684124386222,0.9964809623301121,nan,nan,5,nan,-1
3750,611,0.9776,10131.337999999982,7076.337999999982,-5.0,25.12999999999995,11.581567921440232,0.9964809623301121,nan,nan,5,nan,-1
3775,611,0.9776,10156.220999999981,7101.220999999981,-5.0,25.12999999999995,11.622292962356761,0.9964809623301121,nan,nan,5,nan,-1
3800,612,0.9792,10195.142999999982,7135.14299999998,-5.0,25.12999999999995,11.65873039215683,0.9967349832103363,nan,nan,5,nan,-1
3825,612,0.9792,10243.65299999998,7183.652999999981,-5.0,26.555000000000007,11.737995098039185,0.9967349832103363,nan,nan,5,nan,-1
3850,612,0.9792,10251.26099999998,7191.26099999998,-5.0,26.555000000000007,11.750426470588204,0.9967349832103363,nan,nan,5,nan,-1
3875,612,0.9792,10280.139999999981,7220.139999999981,-5.0,26.555000000000007,11.797614379084937,0.9967349832103363,nan,nan,5,nan,-1
3900,612,0.9792,10283.17999999998,7223.17999999998,-5.0,26.555000000000007,11.802581699346373,0.9967349832103363,nan,nan,5,nan,-1
3925,612,0.9792,10311.25299999998,7251.252999999981,-5.0,26.555000000000007,11.848452614379053,0.9967349832103363,nan,nan,5,nan,-1
3950,612,0.9792,10333.07699999998,7273.07699999998,-5.0,26.555000000000007,11.884112745098006,0.9967349832103363,nan,nan,5,nan,-1
3975,612,0.9792,10359.65599999998,7299.655999999981,-5.0,26.555000000000007,11.9275424836601,0.9967349832103363,nan,nan,5,nan,-1
4000,612,0.9792,10379.52399999998,7319.523999999979,-5.0,26.555000000000007,11.960006535947679,0.9967349832103363,1.0461031959747151,1.1526884806141073,5,1.0,0
4025,612,0.9792,10403.62199999998,7343.621999999979,-5.0,26.555000000000007,11.999382352941144,0.9967349832103363,nan,nan,5,nan,-1
4050,612,0.9792,10438.84599999998,7378.8459999999795,-5.0,26.555000000000007,12.056937908496698,0.9967349832103363,nan,nan,5,nan,-1
4075,612,0.9792,10465.29499999998,7405.294999999979,-5.0,26.555000000000007,12.100155228758135,0.9967349832103363,nan,nan,5,nan,-1
4100,612,0.9792,10487.75899999998,7427.75899999998,-5.0,26.555000000000007,12.13686111111108,0.9967349832103363,nan,nan,5,nan,-1
4125,612,0.9792,10510.89999999998,7450.899999999979,-5.0,26.555000000000007,12.174673202614345,0.9967349832103363,nan,nan,5,nan,-1
4150,612,0.9792,10559.675999999978,7499.6759999999795,-5.0,26.555000000000007,12.254372549019575,0.9967349832103363,nan,nan,5,nan,-1
4175,612,0.9792,10611.318999999978,7551.318999999979,-5.0,26.555000000000007,12.338756535947677,0.9967349832103363,nan,nan,5,nan,-1
4200,612,0.9792,10646.68499999998,7586.684999999979,-5.0,26.555000000000007,12.396544117647023,0.9967349832103363,nan,nan,5,nan,-1
4225,612,0.9792,10677.729999999978,7617.729999999979,-5.0,26.555000000000007,12.44727124183003,0.9967349832103363,nan,nan,5,nan,-1
4250,612,0.9792,10694.199999999979,7634.199999999979,-5.0,26.555000000000007,12.474183006535913,0.9967349832103363,nan,nan,5,nan,-1
4275,612,0.9792,10717.22099999998,7657.220999999979,-5.0,26.555000000000007,12.511799019607809,0.9967349832103363,nan,nan,5,nan,-1
4300,612,0.9792,10728.75799999998,7668.757999999979,-5.0,26.555000000000007,12.530650326797351,0.9967349832103363,nan,nan,5,nan,-1
4325,612,0.9792,10746.299999999977,7686.299999999978,-5.0,26.555000000000007,12.55931372549016,0.9967349832103363,nan,nan,5,nan,-1
4350,612,0.9792,10772.224999999979,7712.2249999999785,-5.0,26.555000000000007,12.601674836601273,0.9967349832103363,nan,nan,5,nan,-1
4375,612,0.9792,10801.50499999998,7741.504999999977,-5.0,26.555000000000007,12.649517973856172,0.9967349832103363,nan,nan,5,nan,-1
4400,612,0.9792,10836.241999999978,7776.241999999977,-5.0,26.555000000000007,12.706277777777741,0.9967349832103363,nan,nan,5,nan,-1
4425,612,0.9792,10855.610999999977,7795.610999999977,-5.0,26.555000000000007,12.737926470588198,0.9967349832103363,nan,nan,5,nan,-1
4450,613,0.9808,10874.547999999977,7809.547999999978,-5.0,26.555000000000007,12.739882544861302,0.9969885893624083,nan,nan,5,nan,-1
4475,614,0.9824,10908.411999999978,7838.411999999978,-5.0,26.555000000000007,12.766143322475536,0.9972417821383361,nan,nan,5,nan,-1
4500,614,0.9824,10931.058999999977,7861.0589999999775,-5.0,26.555000000000007,12.80302768729638,0.9972417821383361,nan,nan,5,nan,-1
4525,614,0.9824,10938.411999999978,7868.4119999999775,-5.0,26.555000000000007,12.815003257328954,0.9972417821383361,nan,nan,5,nan,-1
4550,614,0.9824,10976.771999999979,7906.771999999977,-5.0,26.555000000000007,12.877478827361527,0.9972417821383361,nan,nan,5,nan,-1
4575,614,0.9824,11006.525999999976,7936.525999999978,-5.0,26.555000000000007,12.92593811074915,0.9972417821383361,nan,nan,5,nan,-1
4600,614,0.9824,11034.874999999978,7964.874999999977,-5.0,26.555000000000007,12.972109120521136,0.9972417821383361,nan,nan,5,nan,-1
4625,614,0.9824,11091.858999999979,8021.858999999977,-5.0,27.569999999999933,13.064916938110711,0.9972417821383361,nan,nan,5,nan,-1
4650,614,0.9824,11103.897999999977,8033.897999999977,-5.0,27.569999999999933,13.08452442996739,0.9972417821383361,nan,nan,5,nan,-1
4675,615,0.984,11145.314999999977,8070.314999999977,-5.0,27.569999999999933,13.122463414634108,0.9974945628835272,nan,nan,5,nan,-1
4700,615,0.984,11167.487999999978,8092.487999999977,-5.0,27.569999999999933,13.158517073170694,0.9974945628835272,nan,nan,5,nan,-1
4725,615,0.984,11203.030999999977,8128.030999999976,-5.0,27.569999999999933,13.216310569105653,0.9974945628835272,nan,nan,5,nan,-1
4750,615,0.984,11221.245999999977,8146.245999999976,-5.0,27.569999999999933,13.245928455284515,0.9974945628835272,nan,nan,5,nan,-1
4775,615,0.984,11239.179999999975,8164.179999999977,-5.0,27.569999999999933,13.27508943089427,0.9974945628835272,nan,nan,5,nan,-1
4800,615,0.984,11251.014999999978,8176.014999999977,-5.0,27.569999999999933,13.294333333333295,0.9974945628835272,nan,nan,5,nan,-1
4825,615,0.984,11257.438999999977,8182.438999999977,-5.0,27.569999999999933,13.30477886178858,0.9974945628835272,nan,nan,5,nan,-1
4850,615,0.984,11291.529999999975,8216.529999999977,-5.0,27.569999999999933,13.360211382113784,0.9974945628835272,nan,nan,5,nan,-1
4875,615,0.984,11318.161999999975,8243.161999999977,-5.0,27.569999999999933,13.403515447154433,0.9974945628835272,nan,nan,5,nan,-1
4900,615,0.984,11328.777999999977,8253.777999999977,-5.0,27.569999999999933,13.42077723577232,0.9974945628835272,nan,nan,5,nan,-1
4925,615,0.984,11378.119999999975,8303.119999999977,-5.0,27.569999999999933,13.501008130081264,0.9974945628835272,nan,nan,5,nan,-1
4950,615,0.984,11401.290999999976,8326.290999999976,-5.0,27.569999999999933,13.538684552845488,0.9974945628835272,nan,nan,5,nan,-1
4975,615,0.984,11420.366999999977,8345.366999999977,-5.0,27.569999999999933,13.569702439024352,0.9974945628835272,nan,nan,5,nan,-1
5000,615,0.984,11432.277999999977,8357.277999999975,-5.0,27.569999999999933,13.589069918699145,0.9974945628835272,1.0467541236940379,1.158049530260141,5,1.0,0
5025,615,0.984,11443.050999999978,8368.050999999976,-5.0,27.569999999999933,13.606586991869879,0.9974945628835272,nan,nan,5,nan,-1
5050,615,0.984,11464.409999999976,8389.409999999974,-5.0,27.569999999999933,13.64131707317069,0.9974945628835272,nan,nan,5,nan,-1
5075,615,0.984,11476.916999999976,8401.916999999976,-5.0,27.569999999999933,13.661653658536546,0.9974945628835272,nan,nan,5,nan,-1
5100,615,0.984,11483.373999999974,8408.373999999974,-5.0,27.569999999999933,13.672152845528414,0.9974945628835272,nan,nan,5,nan,-1
5125,615,0.984,11512.488999999976,8437.488999999976,-5.0,27.569999999999933,13.71949430894305,0.9974945628835272,nan,nan,5,nan,-1
5150,615,0.984,11552.306999999975,8477.306999999975,-5.0,27.569999999999933,13.784239024390203,0.9974945628835272,nan,nan,5,nan,-1
5175,615,0.984,11558.738999999974,8483.738999999976,-5.0,27.569999999999933,13.794697560975571,0.9974945628835272,nan,nan,5,nan,-1
5200,615,0.984,11568.080999999975,8493.080999999975,-5.0,27.569999999999933,13.809887804878008,0.9974945628835272,nan,nan,5,nan,-1
5225,616,0.9856,11617.532999999976,8537.532999999976,-5.0,27.569999999999933,13.859631493506454,0.9977469329368311,nan,nan,5,nan,-1
5250,616,0.9856,11642.903999999975,8562.903999999975,-5.0,27.569999999999933,13.900818181818142,0.9977469329368311,nan,nan,5,nan,-1
5275,616,0.9856,11674.357999999977,8594.357999999977,-5.0,27.569999999999933,13.951879870129831,0.9977469329368311,nan,nan,5,nan,-1
5300,616,0.9856,11691.303999999976,8611.303999999976,-5.0,27.569999999999933,13.979389610389573,0.9977469329368311,nan,nan,5,nan,-1
5325,616,0.9856,11706.591999999975,8626.591999999975,-5.0,27.569999999999933,14.004207792207751,0.9977469329368311,nan,nan,5,nan,-1
5350,616,0.9856,11733.468999999975,8653.468999999975,-5.0,27.569999999999933,14.047839285714247,0.9977469329368311,nan,nan,5,nan,-1
5375,616,0.9856,11735.440999999975,8655.440999999973,-5.0,27.569999999999933,14.051040584415542,0.9977469329368311,nan,nan,5,nan,-1
5400,616,0.9856,11738.767999999975,8658.767999999975,-5.0,27.569999999999933,14.056441558441517,0.9977469329368311,nan,nan,5,nan,-1
5425,616,0.9856,11749.944999999976,8669.944999999974,-5.0,27.569999999999933,14.074586038960998,0.9977469329368311,nan,nan,5,nan,-1
5450,616,0.9856,11764.174999999976,8684.174999999976,-5.0,27.569999999999933,14.097686688311649,0.9977469329368311,nan,nan,5,nan,-1
5475,616,0.9856,11794.650999999976,8714.650999999976,-5.0,27.569999999999933,14.147160714285675,0.9977469329368311,nan,nan,5,nan,-1
5500,616,0.9856,11800.366999999977,8720.366999999977,-5.0,27.569999999999933,14.156439935064897,0.9977469329368311,nan,nan,5,nan,-1
5525,616,0.9856,11857.687999999975,8777.687999999975,-5.0,27.569999999999933,14.249493506493465,0.9977469329368311,nan,nan,5,nan,-1
5550,616,0.9856,11894.803999999975,8814.803999999975,-5.0,27.569999999999933,14.309746753246712,0.9977469329368311,nan,nan,5,nan,-1
5575,616,0.9856,11941.887999999974,8861.887999999974,-5.0,27.569999999999933,14.386181818181775,0.9977469329368311,nan,nan,5,nan,-1
5600,616,0.9856,11978.994999999974,8898.994999999975,-5.0,27.569999999999933,14.446420454545414,0.9977469329368311,nan,nan,5,nan,-1
5625,616,0.9856,12019.690999999973,8939.690999999973,-5.0,27.569999999999933,14.512485389610346,0.9977469329368311,nan,nan,5,nan,-1
5650,616,0.9856,12031.899999999972,8951.899999999972,-5.0,27.569999999999933,14.53230519480515,0.9977469329368311,nan,nan,5,nan,-1
5675,616,0.9856,12054.393999999975,8974.393999999975,-5.0,27.569999999999933,14.568821428571388,0.9977469329368311,nan,nan,5,nan,-1
5700,616,0.9856,12072.777999999973,8992.777999999973,-5.0,27.569999999999933,14.59866558441554,0.9977469329368311,nan,nan,5,nan,-1
5725,616,0.9856,12097.384999999973,9017.384999999973,-5.0,27.569999999999933,14.63861201298697,0.9977469329368311,nan,nan,5,nan,-1
5750,616,0.9856,12109.089999999975,9029.089999999975,-5.0,27.569999999999933,14.657613636363596,0.9977469329368311,nan,nan,5,nan,-1
5775,616,0.9856,12127.214999999975,9047.214999999975,-5.0,27.569999999999933,14.687037337662296,0.9977469329368311,nan,nan,5,nan,-1
5800,616,0.9856,12135.426999999974,9055.426999999974,-5.0,27.569999999999933,14.700368506493465,0.9977469329368311,nan,nan,5,nan,-1
5825,616,0.9856,12162.230999999972,9082.230999999974,-5.0,27.569999999999933,14.743881493506452,0.9977469329368311,nan,nan,5,nan,-1
5850,616,0.9856,12175.839999999973,9095.839999999975,-5.0,27.569999999999933,14.765974025973986,0.9977469329368311,nan,nan,5,nan,-1
5875,616,0.9856,12188.874999999975,9108.874999999975,-5.0,27.569999999999933,14.787134740259699,0.9977469329368311,nan,nan,5,nan,-1
5900,616,0.9856,12205.714999999973,9125.714999999973,-5.0,27.569999999999933,14.814472402597358,0.9977469329368311,nan,nan,5,nan,-1
5925,616,0.9856,12229.289999999972,9149.289999999972,-5.0,27.569999999999933,14.85274350649346,0.9977469329368311,nan,nan,5,nan,-1
5950,616,0.9856,12236.644999999971,9156.644999999971,-5.0,27.569999999999933,14.864683441558395,0.9977469329368311,nan,nan,5,nan,-1
5975,616,0.9856,12280.226999999973,9200.226999999972,-5.0,27.569999999999933,14.935433441558395,0.9977469329368311,nan,nan,5,nan,-1
6000,616,0.9856,12306.611999999972,9226.611999999972,-5.0,27.569999999999933,14.978266233766188,0.9977469329368311,1.0456662491876458,1.1482207382813194,5,1.0,0
6025,617,0.9872,12350.295999999973,9265.295999999973,-5.0,27.569999999999933,15.016687196110167,0.9979988936305829,nan,nan,5,nan,-1
6050,617,0.9872,12384.585999999974,9299.585999999974,-5.0,27.569999999999933,15.072262560777915,0.9979988936305829,nan,nan,5,nan,-1
6075,617,0.9872,12399.978999999974,9314.978999999972,-5.0,27.569999999999933,15.097210696920538,0.9979988936305829,nan,nan,5,nan,-1
6100,617,0.9872,12417.283999999972,9332.28399999997,-5.0,27.569999999999933,15.125257698541281,0.9979988936305829,nan,nan,5,nan,-1
6125,617,0.9872,12434.223999999973,9349.223999999973,-5.0,27.569999999999933,15.152713128038855,0.9979988936305829,nan,nan,5,nan,-1
6150,617,0.9872,12463.062999999973,9378.062999999973,-5.0,27.569999999999933,15.199453808751981,0.9979988936305829,nan,nan,5,nan,-1
6175,617,0.9872,12468.87399999997,9383.87399999997,-5.0,27.569999999999933,15.208871961102059,0.9979988936305829,nan,nan,5,nan,-1
6200,617,0.9872,12499.665999999972,9414.665999999972,-5.0,27.569999999999933,15.25877795786057,0.9979988936305829,nan,nan,5,nan,-1
6225,617,0.9872,12516.143999999973,9431.143999999971,-5.0,27.569999999999933,15.285484602917295,0.9979988936305829,nan,nan,5,nan,-1
6250,617,0.9872,12540.297999999972,9455.297999999972,-5.0,27.569999999999933,15.324632090761705,0.9979988936305829,nan,nan,5,nan,-1
6275,617,0.9872,12607.03099999997,9522.030999999972,-5.0,27.569999999999933,15.432789303079371,0.9979988936305829,nan,nan,5,nan,-1
6300,617,0.9872,12613.54399999997,9528.543999999973,-5.0,27.569999999999933,15.443345218800603,0.9979988936305829,nan,nan,5,nan,-1
6325,617,0.9872,12643.360999999972,9558.360999999972,-5.0,27.569999999999933,15.491670988654736,0.9979988936305829,nan,nan,5,nan,-1
6350,617,0.9872,12660.21099999997,9575.210999999972,-5.0,27.569999999999933,15.518980551053438,0.9979988936305829,nan,nan,5,nan,-1
6375,617,0.9872,12676.358999999971,9591.358999999971,-5.0,27.569999999999933,15.54515235008099,0.9979988936305829,nan,nan,5,nan,-1
6400,617,0.9872,12695.738999999972,9610.73899999997,-5.0,27.569999999999933,15.576562398703356,0.9979988936305829,nan,nan,5,nan,-1
6425,617,0.9872,12721.500999999971,9636.500999999971,-5.0,27.569999999999933,15.618316045380828,0.9979988936305829,nan,nan,5,nan,-1
6450,617,0.9872,12738.12299999997,9653.12299999997,-5.0,27.569999999999933,15.645256077795738,0.9979988936305829,nan,nan,5,nan,-1
6475,617,0.9872,12784.94199999997,9699.94199999997,-5.0,27.569999999999933,15.721137763371102,0.9979988936305829,nan,nan,5,nan,-1
6500,617,0.9872,12814.50499999997,9729.504999999972,-5.0,27.569999999999933,15.769051863857328,0.9979988936305829,nan,nan,5,nan,-1
6525,617,0.9872,12846.876999999971,9761.876999999971,-5.0,27.569999999999933,15.821518638573698,0.9979988936305829,nan,nan,5,nan,-1
6550,617,0.9872,12890.33299999997,9805.33299999997,-5.0,27.569999999999933,15.891949756888119,0.9979988936305829,nan,nan,5,nan,-1
6575,617,0.9872,12911.05999999997,9826.059999999972,-5.0,27.569999999999933,15.925542949756844,0.9979988936305829,nan,nan,5,nan,-1
6600,617,0.9872,12916.543999999969,9831.54399999997,-5.0,27.569999999999933,15.934431118314377,0.9979988936305829,nan,nan,5,nan,-1
6625,617,0.9872,12934.37799999997,9849.37799999997,-5.0,27.569999999999933,15.96333549432734,0.9979988936305829,nan,nan,5,nan,-1
6650,617,0.9872,12938.74999999997,9853.74999999997,-5.0,27.569999999999933,15.97042139384112,0.9979988936305829,nan,nan,5,nan,-1
6675,617,0.9872,12962.88899999997,9877.88899999997,-5.0,27.634999999999938,16.00954457050238,0.9979988936305829,nan,nan,5,nan,-1
6700,617,0.9872,12970.627999999972,9885.62799999997,-5.0,27.634999999999938,16.02208752025927,0.9979988936305829,nan,nan,5,nan,-1
6725,617,0.9872,12994.88599999997,9909.88599999997,-5.0,28.284999999999936,16.061403565640145,0.9979988936305829,nan,nan,5,nan,-1
6750,617,0.9872,13028.395999999972,9943.395999999972,-5.0,28.284999999999936,16.115714748784395,0.9979988936305829,nan,nan,5,nan,-1
6775,617,0.9872,13041.06899999997,9956.06899999997,-5.0,28.284999999999936,16.136254457050196,0.9979988936305829,nan,nan,5,nan,-1
6800,617,0.9872,13060.08799999997,9975.08799999997,-5.0,28.284999999999936,16.167079416531557,0.9979988936305829,nan,nan,5,nan,-1
6825,617,0.9872,13094.65999999997,10009.65999999997,-5.0,28.284999999999936,16.223111831442417,0.9979988936305829,nan,nan,5,nan,-1
6850,617,0.9872,13121.921999999971,10036.921999999971,-5.0,28.284999999999936,16.267296596434313,0.9979988936305829,nan,nan,5,nan,-1
6875,617,0.9872,13137.46999999997,10052.46999999997,-5.0,28.284999999999936,16.292495948136093,0.9979988936305829,nan,nan,5,nan,-1
6900,617,0.9872,13162.73199999997,10077.73199999997,-5.0,28.284999999999936,16.33343922204209,0.9979988936305829,nan,nan,5,nan,-1
6925,617,0.9872,13172.126999999971,10087.126999999971,-5.0,28.284999999999936,16.348666126418106,0.9979988936305829,nan,nan,5,nan,-1
6950,617,0.9872,13202.81799999997,10117.81799999997,-5.0,28.284999999999936,16.398408427876774,0.9979988936305829,nan,nan,5,nan,-1
6975,617,0.9872,13215.01199999997,10130.01199999997,-5.0,28.284999999999936,16.418171799027505,0.9979988936305829,nan,nan,5,nan,-1
7000,617,0.9872,13241.49799999997,10156.49799999997,-5.0,28.284999999999936,16.46109886547807,0.9979988936305829,1.046634346925252,1.1499141705005793,5,1.0,0
7025,617,0.9872,13265.942999999968,10180.942999999968,-5.0,28.284999999999936,16.500717990275476,0.9979988936305829,nan,nan,5,nan,-1
7050,617,0.9872,13300.86999999997,10215.86999999997,-5.0,28.284999999999936,16.557325769854085,0.9979988936305829,nan,nan,5,nan,-1
7075,617,0.9872,13320.07599999997,10235.07599999997,-5.0,28.284999999999936,16.58845380875198,0.9979988936305829,nan,nan,5,nan,-1
7100,617,0.9872,13327.84099999997,10242.84099999997,-5.0,28.284999999999936,16.60103889789298,0.9979988936305829,nan,nan,5,nan,-1
7125,617,0.9872,13356.84999999997,10271.84999999997,-5.0,28.284999999999936,16.648055105348412,0.9979988936305829,nan,nan,5,nan,-1
7150,617,0.9872,13366.12299999997,10281.12299999997,-5.0,28.284999999999936,16.663084278768185,0.9979988936305829,nan,nan,5,nan,-1
7175,617,0.9872,13380.10799999997,10295.10799999997,-5.0,28.284999999999936,16.685750405186337,0.9979988936305829,nan,nan,5,nan,-1
7200,617,0.9872,13409.76099999997,10324.76099999997,-5.0,28.284999999999936,16.733810372771426,0.9979988936305829,nan,nan,5,nan,-1
7225,617,0.9872,13419.32499999997,10334.32499999997,-5.0,28.284999999999936,16.749311183144197,0.9979988936305829,nan,nan,5,nan,-1
7250,617,0.9872,13428.829999999969,10343.829999999969,-5.0,28.284999999999936,16.764716369529932,0.9979988936305829,nan,nan,5,nan,-1
7275,617,0.9872,13432.72899999997,10347.72899999997,-5.0,28.284999999999936,16.771035656401896,0.9979988936305829,nan,nan,5,nan,-1
7300,617,0.9872,13451.35499999997,10366.35499999997,-5.0,28.284999999999936,16.80122366288488,0.9979988936305829,nan,nan,5,nan,-1
7325,617,0.9872,13454.739999999969,10369.739999999969,-5.0,28.284999999999936,16.80670988654776,0.9979988936305829,nan,nan,5,nan,-1
7350,617,0.9872,13483.552999999969,10398.552999999969,-5.0,28.284999999999936,16.853408427876772,0.9979988936305829,nan,nan,5,nan,-1
7375,617,0.9872,13508.31699999997,10423.31699999997,-5.0,28.284999999999936,16.89354457050238,0.9979988936305829,nan,nan,5,nan,-1
7400,617,0.9872,13526.79499999997,10441.79499999997,-5.0,28.284999999999936,16.923492706645007,0.9979988936305829,nan,nan,5,nan,-1
7425,617,0.9872,13539.82399999997,10454.82399999997,-5.0,28.284999999999936,16.9446094003241,0.9979988936305829,nan,nan,5,nan,-1
7450,617,0.9872,13561.595999999969,10476.595999999969,-5.0,28.284999999999936,16.9798962722852,0.9979988936305829,nan,nan,5,nan,-1
7475,617,0.9872,13573.556999999968,10488.556999999968,-5.0,28.284999999999936,16.99928200972442,0.9979988936305829,nan,nan,5,nan,-1
7500,617,0.9872,13589.502999999968,10504.502999999968,-5.0,28.284999999999936,17.025126418152297,0.9979988936305829,nan,nan,5,nan,-1
7525,617,0.9872,13606.83399999997,10521.83399999997,-5.0,28.284999999999936,17.053215559157163,0.9979988936305829,nan,nan,5,nan,-1
7550,617,0.9872,13638.773999999969,10553.77399999997,-5.0,28.284999999999936,17.10498217179898,0.9979988936305829,nan,nan,5,nan,-1
7575,617,0.9872,13657.70699999997,10572.70699999997,-5.0,28.284999999999936,17.135667747163644,0.9979988936305829,nan,nan,5,nan,-1
7600,617,0.9872,13676.177999999969,10591.177999999969,-5.0,28.284999999999936,17.16560453808747,0.9979988936305829,nan,nan,5,nan,-1
7625,617,0.9872,13693.961999999967,10608.96199999997,-5.0,28.284999999999936,17.19442787682329,0.9979988936305829,nan,nan,5,nan,-1
7650,617,0.9872,13701.150999999967,10616.150999999969,-5.0,28.284999999999936,17.206079416531555,0.9979988936305829,nan,nan,5,nan,-1
7675,617,0.9872,13710.995999999966,10625.995999999968,-5.0,28.284999999999936,17.222035656401893,0.9979988936305829,nan,nan,5,nan,-1
7700,617,0.9872,13719.229999999967,10634.229999999969,-5.0,28.284999999999936,17.23538087520254,0.9979988936305829,nan,nan,5,nan,-1
7725,617,0.9872,13731.121999999968,10646.121999999968,-5.0,28.284999999999936,17.2546547811993,0.9979988936305829,nan,nan,5,nan,-1
7750,617,0.9872,13744.410999999967,10659.410999999967,-5.0,28.284999999999936,17.27619286871956,0.9979988936305829,nan,nan,5,nan,-1
7775,617,0.9872,13759.565999999968,10674.565999999968,-5.0,28.284999999999936,17.300755267422964,0.9979988936305829,nan,nan,5,nan,-1
7800,617,0.9872,13768.257999999969,10683.257999999969,-5.0,28.284999999999936,17.314842787682284,0.9979988936305829,nan,nan,5,nan,-1
7825,617,0.9872,13794.785999999967,10709.785999999967,-5.0,28.284999999999936,17.35783792544565,0.9979988936305829,nan,nan,5,nan,-1
7850,617,0.9872,13820.640999999967,10735.640999999967,-5.0,28.284999999999936,17.399742301458616,0.9979988936305829,nan,nan,5,nan,-1
7875,617,0.9872,13848.680999999968,10763.680999999968,-5.0,28.284999999999936,17.44518800648293,0.9979988936305829,nan,nan,5,nan,-1
7900,617,0.9872,13869.452999999969,10784.452999999969,-5.0,28.284999999999936,17.478854132901084,0.9979988936305829,nan,nan,5,nan,-1
7925,617,0.9872,13883.763999999968,10798.763999999968,-5.0,28.284999999999936,17.50204862236624,0.9979988936305829,nan,nan,5,nan,-1
7950,617,0.9872,13895.90399999997,10810.90399999997,-5.0,28.284999999999936,17.52172447325765,0.9979988936305829,nan,nan,5,nan,-1
7975,617,0.9872,13926.470999999969,10841.470999999969,-5.0,28.284999999999936,17.571265802268993,0.9979988936305829,nan,nan,5,nan,-1
8000,617,0.9872,13941.035999999967,10856.035999999967,-5.0,28.284999999999936,17.594871961102054,0.9979988936305829,1.0473651661277694,1.1470892742219623,5,1.0,0
8025,617,0.9872,13956.70599999997,10871.70599999997,-5.0,28.284999999999936,17.62026904376008,0.9979988936305829,nan,nan,5,nan,-1
8050,617,0.9872,13963.335999999967,10878.335999999967,-5.0,28.284999999999936,17.63101458670983,0.9979988936305829,nan,nan,5,nan,-1
8075,617,0.9872,13988.398999999969,10903.398999999969,-5.0,28.284999999999936,17.671635332252784,0.9979988936305829,nan,nan,5,nan,-1
8100,617,0.9872,14001.733999999968,10916.733999999968,-5.0,28.284999999999936,17.69324797406802,0.9979988936305829,nan,nan,5,nan,-1
8125,617,0.9872,14028.875999999967,10943.875999999967,-5.0,28.284999999999936,17.73723824959476,0.9979988936305829,nan,nan,5,nan,-1
8150,617,0.9872,14052.639999999967,10967.639999999967,-5.0,28.284999999999936,17.77575364667742,0.9979988936305829,nan,nan,5,nan,-1
8175,617,0.9872,14075.212999999967,10990.212999999967,-5.0,28.284999999999936,17.81233873581842,0.9979988936305829,nan,nan,5,nan,-1
8200,617,0.9872,14095.658999999967,11010.658999999967,-5.0,28.284999999999936,17.845476499189573,0.9979988936305829,nan,nan,5,nan,-1
8225,617,0.9872,14117.148999999967,11032.148999999967,-5.0,28.284999999999936,17.880306320907565,0.9979988936305829,nan,nan,5,nan,-1
8250,617,0.9872,14133.092999999968,11048.092999999968,-5.0,28.284999999999936,17.906147487844358,0.9979988936305829,nan,nan,5,nan,-1
8275,617,0.9872,14152.485999999968,11067.485999999968,-5.0,28.284999999999936,17.93757860615878,0.9979988936305829,nan,nan,5,nan,-1
8300,617,0.9872,14178.473999999967,11093.473999999967,-5.0,28.284999999999936,17.979698541328958,0.9979988936305829,nan,nan,5,nan,-1
8325,617,0.9872,14199.915999999967,11114.915999999968,-5.0,28.284999999999936,18.014450567260887,0.9979988936305829,nan,nan,5,nan,-1
8350,617,0.9872,14211.962999999967,11126.962999999969,-5.0,28.284999999999936,18.033975688816806,0.9979988936305829,nan,nan,5,nan,-1
8375,617,0.9872,14227.364999999967,11142.364999999967,-5.0,28.284999999999936,18.058938411669313,0.9979988936305829,nan,nan,5,nan,-1
8400,617,0.9872,14246.369999999966,11161.369999999966,-5.0,28.284999999999936,18.089740680713074,0.9979988936305829,nan,nan,5,nan,-1
8425,617,0.9872,14261.216999999968,11176.216999999968,-5.0,28.284999999999936,18.11380388978925,0.9979988936305829,nan,nan,5,nan,-1
8450,617,0.9872,14287.030999999968,11202.030999999968,-5.0,28.284999999999936,18.155641815234958,0.9979988936305829,nan,nan,5,nan,-1
8475,617,0.9872,14300.412999999968,11215.412999999968,-5.0,28.284999999999936,18.177330632090708,0.9979988936305829,nan,nan,5,nan,-1
8500,617,0.9872,14312.960999999968,11227.960999999967,-5.0,28.284999999999936,18.197667747163642,0.9979988936305829,nan,nan,5,nan,-1
8525,617,0.9872,14328.730999999967,11243.730999999967,-5.0,28.284999999999936,18.22322690437596,0.9979988936305829,nan,nan,5,nan,-1
8550,617,0.9872,14355.685999999969,11270.685999999967,-5.0,28.284999999999936,18.26691410048617,0.9979988936305829,nan,nan,5,nan,-1
8575,617,0.9872,14360.31299999997,11275.31299999997,-5.0,28.284999999999936,18.2744132901134,0.9979988936305829,nan,nan,5,nan,-1
8600,617,0.9872,14377.039999999966,11292.039999999968,-5.0,28.284999999999936,18.301523500810323,0.9979988936305829,nan,nan,5,nan,-1
8625,617,0.9872,14402.961999999967,11317.961999999967,-5.0,28.284999999999936,18.343536466774662,0.9979988936305829,nan,nan,5,nan,-1
8650,617,0.9872,14422.250999999967,11337.250999999967,-5.0,28.284999999999936,18.374799027552623,0.9979988936305829,nan,nan,5,nan,-1
8675,617,0.9872,14448.978999999967,11363.978999999967,-5.0,28.284999999999936,18.418118314424582,0.9979988936305829,nan,nan,5,nan,-1
8700,617,0.9872,14469.200999999966,11384.200999999966,-5.0,28.284999999999936,18.45089303079411,0.9979988936305829,nan,nan,5,nan,-1
8725,617,0.9872,14480.425999999967,11395.425999999967,-5.0,28.284999999999936,18.469085899513722,0.9979988936305829,nan,nan,5,nan,-1
8750,617,0.9872,14504.523999999967,11419.523999999967,-5.0,28.284999999999936,18.508142625607725,0.9979988936305829,nan,nan,5,nan,-1
8775,617,0.9872,14513.712999999967,11428.712999999967,-5.0,28.284999999999936,18.52303565640189,0.9979988936305829,nan,nan,5,nan,-1
8800,617,0.9872,14545.691999999966,11460.691999999966,-5.0,28.284999999999936,18.574865478119882,0.9979988936305829,nan,nan,5,nan,-1
8825,617,0.9872,14556.126999999968,11471.126999999968,-5.0,28.284999999999936,18.591777957860565,0.9979988936305829,nan,nan,5,nan,-1
8850,617,0.9872,14567.449999999968,11482.449999999968,-5.0,28.284999999999936,18.610129659643384,0.9979988936305829,nan,nan,5,nan,-1
8875,617,0.9872,14584.511999999966,11499.511999999966,-5.0,28.284999999999936,18.63778282009719,0.9979988936305829,nan,nan,5,nan,-1
8900,617,0.9872,14590.496999999967,11505.496999999967,-5.0,28.284999999999936,18.647482982171745,0.9979988936305829,nan,nan,5,nan,-1
8925,617,0.9872,14592.186999999967,11507.186999999967,-5.0,28.284999999999936,18.65022204213933,0.9979988936305829,nan,nan,5,nan,-1
8950,617,0.9872,14630.509999999967,11545.509999999967,-5.0,28.284999999999936,18.712333873581795,0.9979988936305829,nan,nan,5,nan,-1
8975,617,0.9872,14645.759999999966,11560.759999999966,-5.0,28.284999999999936,18.737050243111774,0.9979988936305829,nan,nan,5,nan,-1
9000,617,0.9872,14662.728999999967,11577.728999999967,-5.0,28.284999999999936,18.764552674230092,0.9979988936305829,1.0471029258411688,1.1469104947158892,5,1.0,0
9025,617,0.9872,14664.048999999966,11579.048999999966,-5.0,28.284999999999936,18.766692058346784,0.9979988936305829,nan,nan,5,nan,-1
9050,617,0.9872,14674.631999999969,11589.631999999965,-5.0,28.284999999999936,18.78384440842782,0.9979988936305829,nan,nan,5,nan,-1
9075,617,0.9872,14690.959999999966,11605.959999999966,-5.0,28.284999999999936,18.810307941653107,0.9979988936305829,nan,nan,5,nan,-1
9100,617,0.9872,14700.684999999967,11615.684999999967,-5.0,28.284999999999936,18.826069692058294,0.9979988936305829,nan,nan,5,nan,-1
9125,617,0.9872,14721.698999999968,11636.698999999968,-5.0,28.284999999999936,18.86012803889784,0.9979988936305829,nan,nan,5,nan,-1
9150,617,0.9872,14734.715999999968,11649.715999999968,-5.0,28.284999999999936,18.881225283630418,0.9979988936305829,nan,nan,5,nan,-1
9175,617,0.9872,14739.245999999966,11654.245999999966,-5.0,28.284999999999936,18.88856726093998,0.9979988936305829,nan,nan,5,nan,-1
9200,617,0.9872,14744.430999999966,11659.430999999966,-5.0,28.284999999999936,18.896970826580173,0.9979988936305829,nan,nan,5,nan,-1
9225,617,0.9872,14750.105999999967,11665.105999999967,-5.0,28.284999999999936,18.906168557536414,0.9979988936305829,nan,nan,5,nan,-1
9250,617,0.9872,14777.666999999969,11692.666999999967,-5.0,28.284999999999936,18.95083792544565,0.9979988936305829,nan,nan,5,nan,-1
9275,617,0.9872,14779.767999999967,11694.767999999967,-5.0,28.284999999999936,18.95424311183139,0.9979988936305829,nan,nan,5,nan,-1
9300,617,0.9872,14786.952999999969,11701.952999999967,-5.0,28.284999999999936,18.965888168557484,0.9979988936305829,nan,nan,5,nan,-1
9325,617,0.9872,14786.952999999969,11701.952999999967,-5.0,28.284999999999936,18.965888168557484,0.9979988936305829,nan,nan,5,nan,-1
9350,617,0.9872,14788.992999999966,11703.992999999966,-5.0,28.284999999999936,18.9691944894651,0.9979988936305829,nan,nan,5,nan,-1
9375,617,0.9872,14801.214999999967,11716.214999999967,-5.0,28.284999999999936,18.989003241491034,0.9979988936305829,nan,nan,5,nan,-1
9400,617,0.9872,14812.089999999967,11727.089999999967,-5.0,28.284999999999936,19.006628849270612,0.9979988936305829,nan,nan,5,nan,-1
9425,617,0.9872,14836.302999999967,11751.302999999967,-5.0,28.284999999999936,19.045871961102055,0.9979988936305829,nan,nan,5,nan,-1
9450,617,0.9872,14854.699999999966,11769.699999999966,-5.0,28.284999999999936,19.0756888168557,0.9979988936305829,nan,nan,5,nan,-1
9475,617,0.9872,14887.341999999966,11802.341999999966,-5.0,28.284999999999936,19.128593192868664,0.9979988936305829,nan,nan,5,nan,-1
9500,617,0.9872,14906.353999999965,11821.353999999967,-5.0,28.284999999999936,19.159406807131226,0.9979988936305829,nan,nan,5,nan,-1
9525,617,0.9872,14916.300999999965,11831.300999999967,-5.0,28.284999999999936,19.175528363046947,0.9979988936305829,nan,nan,5,nan,-1
9550,617,0.9872,14920.485999999964,11835.485999999964,-5.0,28.284999999999936,19.18231118314419,0.9979988936305829,nan,nan,5,nan,-1
9575,617,0.9872,14936.625999999964,11851.625999999966,-5.0,28.284999999999936,19.2084700162074,0.9979988936305829,nan,nan,5,nan,-1
9600,617,0.9872,14949.110999999964,11864.110999999966,-5.0,28.284999999999936,19.22870502431113,0.9979988936305829,nan,nan,5,nan,-1
9625,617,0.9872,14973.724999999966,11888.724999999966,-5.0,28.284999999999936,19.268598055105294,0.9979988936305829,nan,nan,5,nan,-1
9650,617,0.9872,14990.422999999966,11905.422999999966,-5.0,28.284999999999936,19.29566126418147,0.9979988936305829,nan,nan,5,nan,-1
9675,617,0.9872,14996.690999999966,11911.690999999966,-5.0,28.284999999999936,19.305820097244677,0.9979988936305829,nan,nan,5,nan,-1
9700,617,0.9872,15011.515999999967,11926.515999999967,-5.0,28.284999999999936,19.32984764991891,0.9979988936305829,nan,nan,5,nan,-1
9725,617,0.9872,15035.630999999965,11950.630999999965,-5.0,28.284999999999936,19.36893192868714,0.9979988936305829,nan,nan,5,nan,-1
9750,617,0.9872,15042.140999999967,11957.140999999965,-5.0,28.284999999999936,19.37948298217174,0.9979988936305829,nan,nan,5,nan,-1
9775,617,0.9872,15053.936999999965,11968.936999999965,-5.0,28.284999999999936,19.39860129659638,0.9979988936305829,nan,nan,5,nan,-1
9800,617,0.9872,15065.983999999964,11980.983999999964,-5.0,28.284999999999936,19.41812641815229,0.9979988936305829,nan,nan,5,nan,-1
9825,617,0.9872,15074.500999999964,11989.500999999966,-5.0,28.284999999999936,19.4319303079416,0.9979988936305829,nan,nan,5,nan,-1
9850,617,0.9872,15092.784999999965,12007.784999999967,-5.0,28.284999999999936,19.461564019448893,0.9979988936305829,nan,nan,5,nan,-1
9875,617,0.9872,15123.881999999965,12038.881999999965,-5.0,28.284999999999936,19.511964343598,0.9979988936305829,nan,nan,5,nan,-1
9900,617,0.9872,15132.405999999966,12047.405999999966,-5.0,28.284999999999936,19.525779578606105,0.9979988936305829,nan,nan,5,nan,-1
9925,617,0.9872,15144.792999999965,12059.792999999965,-5.0,28.284999999999936,19.54585575364662,0.9979988936305829,nan,nan,5,nan,-1
9950,617,0.9872,15161.542999999965,12076.542999999965,-5.0,28.284999999999936,19.57300324149103,0.9979988936305829,nan,nan,5,nan,-1
9975,617,0.9872,15180.512999999966,12095.512999999966,-5.0,28.284999999999936,19.60374878444079,0.9979988936305829,nan,nan,5,nan,-1
10000,617,0.9872,15182.197999999966,12097.197999999964,-5.0,28.284999999999936,19.606479740680655,0.9979988936305829,1.0460728685177232,1.1427483026480594,5,1.0,0
10025,617,0.9872,15198.765999999965,12113.765999999965,-5.0,28.284999999999936,19.633332252836247,0.9979988936305829,nan,nan,5,nan,-1
10050,617,0.9872,15214.379999999965,12129.379999999965,-5.0,28.284999999999936,19.658638573743865,0.9979988936305829,nan,nan,5,nan,-1
10075,617,0.9872,15228.916999999965,12143.916999999965,-5.0,28.284999999999936,19.682199351701726,0.9979988936305829,nan,nan,5,nan,-1
10100,617,0.9872,15232.376999999964,12147.376999999964,-5.0,28.284999999999936,19.68780713128033,0.9979988936305829,nan,nan,5,nan,-1
10125,617,0.9872,15236.421999999964,12151.421999999966,-5.0,28.284999999999936,19.694363047001566,0.9979988936305829,nan,nan,5,nan,-1
10150,617,0.9872,15245.819999999963,12160.819999999967,-5.0,28.284999999999936,19.70959481361421,0.9979988936305829,nan,nan,5,nan,-1
10175,617,0.9872,15253.519999999964,12168.519999999964,-5.0,28.284999999999936,19.722074554294917,0.9979988936305829,nan,nan,5,nan,-1
10200,617,0.9872,15260.439999999964,12175.439999999964,-5.0,28.284999999999936,19.73329011345213,0.9979988936305829,nan,nan,5,nan,-1
10225,617,0.9872,15260.634999999966,12175.634999999966,-5.0,28.284999999999936,19.73360615883301,0.9979988936305829,nan,nan,5,nan,-1
10250,617,0.9872,15267.304999999966,12182.304999999964,-5.0,28.284999999999936,19.74441653160448,0.9979988936305829,nan,nan,5,nan,-1
10275,617,0.9872,15293.701999999965,12208.701999999965,-5.0,28.284999999999936,19.787199351701727,0.9979988936305829,nan,nan,5,nan,-1
10300,617,0.9872,15318.277999999966,12233.277999999966,-5.0,28.284999999999936,19.82703079416526,0.9979988936305829,nan,nan,5,nan,-1
10325,617,0.9872,15327.494999999966,12242.494999999966,-5.0,28.284999999999936,19.84196920583463,0.9979988936305829,nan,nan,5,nan,-1
10350,617,0.9872,15347.644999999964,12262.644999999964,-5.0,28.284999999999936,19.874627228525064,0.9979988936305829,nan,nan,5,nan,-1
10375,617,0.9872,15355.699999999964,12270.699999999964,-5.0,28.284999999999936,19.887682333873524,0.9979988936305829,nan,nan,5,nan,-1
10400,617,0.9872,15369.717999999964,12284.717999999964,-5.0,28.284999999999936,19.910401944894595,0.9979988936305829,nan,nan,5,nan,-1
10425,617,0.9872,15370.702999999965,12285.702999999965,-5.0,28.284999999999936,19.9119983792544,0.9979988936305829,nan,nan,5,nan,-1
10450,617,0.9872,15382.032999999965,12297.032999999965,-5.0,28.284999999999936,19.93036142625602,0.9979988936305829,nan,nan,5,nan,-1
10475,617,0.9872,15384.417999999965,12299.417999999965,-5.0,28.284999999999936,19.934226904375958,0.9979988936305829,nan,nan,5,nan,-1
10500,617,0.9872,15388.777999999966,12303.777999999966,-5.0,28.284999999999936,19.94129335494322,0.9979988936305829,nan,nan,5,nan,-1
10525,617,0.9872,15390.852999999965,12305.852999999965,-5.0,28.284999999999936,19.944656401944837,0.9979988936305829,nan,nan,5,nan,-1
10550,617,0.9872,15399.797999999966,12314.797999999966,-5.0,28.284999999999936,19.959153970826524,0.9979988936305829,nan,nan,5,nan,-1
10575,617,0.9872,15400.762999999964,12315.762999999964,-5.0,28.284999999999936,19.96071799027547,0.9979988936305829,nan,nan,5,nan,-1
10600,617,0.9872,15402.482999999964,12317.482999999964,-5.0,28.284999999999936,19.96350567260934,0.9979988936305829,nan,nan,5,nan,-1
10625,617,0.9872,15411.666999999965,12326.666999999965,-5.0,28.284999999999936,19.978390599675794,0.9979988936305829,nan,nan,5,nan,-1
10650,617,0.9872,15440.245999999965,12355.245999999965,-5.0,28.284999999999936,20.024709886547754,0.9979988936305829,nan,nan,5,nan,-1
10675,617,0.9872,15441.275999999965,12356.275999999965,-5.0,28.284999999999936,20.026379254456995,0.9979988936305829,nan,nan,5,nan,-1
10700,617,0.9872,15451.740999999965,12366.740999999965,-5.0,28.284999999999936,20.043340356563963,0.9979988936305829,nan,nan,5,nan,-1
10725,617,0.9872,15461.980999999965,12376.980999999965,-5.0,28.284999999999936,20.059936790923768,0.9979988936305829,nan,nan,5,nan,-1
10750,617,0.9872,15482.990999999965,12397.990999999965,-5.0,28.284999999999936,20.093988654781143,0.9979988936305829,nan,nan,5,nan,-1
10775,617,0.9872,15495.072999999964,12410.072999999964,-5.0,28.284999999999936,20.11357050243106,0.9979988936305829,nan,nan,5,nan,-1
10800,617,0.9872,15495.312999999966,12410.312999999966,-5.0,28.284999999999936,20.11395948136137,0.9979988936305829,nan,nan,5,nan,-1
10825,617,0.9872,15511.926999999965,12426.926999999965,-5.0,28.284999999999936,20.140886547811938,0.9979988936305829,nan,nan,5,nan,-1
10850,617,0.9872,15517.086999999965,12432.086999999965,-5.0,28.284999999999936,20.149249594813558,0.9979988936305829,nan,nan,5,nan,-1
10875,617,0.9872,15529.486999999965,12444.486999999965,-5.0,28.284999999999936,20.169346839546133,0.9979988936305829,nan,nan,5,nan,-1
10900,617,0.9872,15545.097999999965,12460.097999999965,-5.0,28.284999999999936,20.194648298217125,0.9979988936305829,nan,nan,5,nan,-1
10925,617,0.9872,15549.232999999964,12464.232999999964,-5.0,28.284999999999936,20.20135008103722,0.9979988936305829,nan,nan,5,nan,-1
10950,617,0.9872,15563.227999999966,12478.227999999966,-5.0,28.284999999999936,20.224032414910805,0.9979988936305829,nan,nan,5,nan,-1
10975,617,0.9872,15572.767999999965,12487.767999999965,-5.0,28.284999999999936,20.239494327390545,0.9979988936305829,nan,nan,5,nan,-1
11000,617,0.9872,15590.225999999966,12505.225999999966,-5.0,28.284999999999936,20.26778930307936,0.9979988936305829,1.0457333231316062,1.1442593048247744,5,1.0,0
11025,617,0.9872,15604.000999999966,12519.000999999966,-5.0,28.284999999999936,20.290115072933492,0.9979988936305829,nan,nan,5,nan,-1
11050,617,0.9872,15622.330999999966,12537.330999999966,-5.0,28.284999999999936,20.319823338735763,0.9979988936305829,nan,nan,5,nan,-1
11075,617,0.9872,15638.224999999966,12553.224999999966,-5.0,28.284999999999936,20.345583468395407,0.9979988936305829,nan,nan,5,nan,-1
11100,617,0.9872,15662.416999999967,12577.416999999965,-5.0,28.284999999999936,20.384792544570445,0.9979988936305829,nan,nan,5,nan,-1
11125,617,0.9872,15674.626999999968,12589.626999999966,-5.0,28.284999999999936,20.404581847649865,0.9979988936305829,nan,nan,5,nan,-1
11150,617,0.9872,15686.354999999967,12601.354999999965,-5.0,28.284999999999936,20.423589951377576,0.9979988936305829,nan,nan,5,nan,-1
11175,617,0.9872,15689.289999999966,12604.289999999964,-5.0,28.284999999999936,20.428346839546133,0.9979988936305829,nan,nan,5,nan,-1
11200,617,0.9872,15694.699999999966,12609.699999999964,-5.0,28.284999999999936,20.43711507293349,0.9979988936305829,nan,nan,5,nan,-1
11225,617,0.9872,15714.724999999966,12629.724999999966,-5.0,28.284999999999936,20.46957050243106,0.9979988936305829,nan,nan,5,nan,-1
11250,617,0.9872,15729.019999999966,12644.019999999966,-5.0,28.284999999999936,20.49273905996753,0.9979988936305829,nan,nan,5,nan,-1
11275,617,0.9872,15733.759999999966,12648.759999999966,-5.0,28.284999999999936,20.500421393841112,0.9979988936305829,nan,nan,5,nan,-1
11300,617,0.9872,15751.421999999966,12666.421999999966,-5.0,28.284999999999936,20.52904700162069,0.9979988936305829,nan,nan,5,nan,-1
11325,617,0.9872,15758.198999999966,12673.198999999966,-5.0,28.284999999999936,20.54003079416526,0.9979988936305829,nan,nan,5,nan,-1
11350,617,0.9872,15758.198999999966,12673.198999999966,-5.0,28.284999999999936,20.54003079416526,0.9979988936305829,nan,nan,5,nan,-1
11375,617,0.9872,15760.978999999967,12675.978999999967,-5.0,28.284999999999936,20.544536466774662,0.9979988936305829,nan,nan,5,nan,-1
11400,617,0.9872,15763.963999999965,12678.963999999965,-5.0,28.284999999999936,20.549374392220365,0.9979988936305829,nan,nan,5,nan,-1
11425,617,0.9872,15765.103999999967,12680.103999999967,-5.0,28.284999999999936,20.55122204213933,0.9979988936305829,nan,nan,5,nan,-1
11450,617,0.9872,15768.558999999965,12683.558999999965,-5.0,28.284999999999936,20.556821717990218,0.9979988936305829,nan,nan,5,nan,-1
11475,617,0.9872,15778.821999999967,12693.821999999967,-5.0,28.284999999999936,20.573455429497518,0.9979988936305829,nan,nan,5,nan,-1
11500,617,0.9872,15785.006999999965,12700.006999999965,-5.0,28.284999999999936,20.583479740680655,0.9979988936305829,nan,nan,5,nan,-1
11525,617,0.9872,15807.661999999966,12722.661999999966,-5.0,28.284999999999936,20.620197730956185,0.9979988936305829,nan,nan,5,nan,-1
11550,617,0.9872,15826.666999999965,12741.666999999965,-5.0,28.284999999999936,20.650999999999943,0.9979988936305829,nan,nan,5,nan,-1
11575,617,0.9872,15835.750999999966,12750.750999999966,-5.0,28.284999999999936,20.6657228525121,0.9979988936305829,nan,nan,5,nan,-1
11600,617,0.9872,15838.370999999965,12753.370999999965,-5.0,28.284999999999936,20.669969205834626,0.9979988936305829,nan,nan,5,nan,-1
11625,617,0.9872,15846.086999999965,12761.086999999965,-5.0,28.284999999999936,20.682474878444026,0.9979988936305829,nan,nan,5,nan,-1
11650,617,0.9872,15852.348999999966,12767.348999999966,-5.0,28.284999999999936,20.69262398703398,0.9979988936305829,nan,nan,5,nan,-1
11675,617,0.9872,15871.568999999965,12786.568999999965,-5.0,28.284999999999936,20.723774716369473,0.9979988936305829,nan,nan,5,nan,-1
11700,617,0.9872,15871.578999999965,12786.578999999965,-5.0,28.284999999999936,20.723790923824904,0.9979988936305829,nan,nan,5,nan,-1
11725,617,0.9872,15882.233999999964,12797.233999999964,-5.0,28.284999999999936,20.74105996758503,0.9979988936305829,nan,nan,5,nan,-1
11750,617,0.9872,15889.392999999965,12804.392999999965,-5.0,28.284999999999936,20.75266288492701,0.9979988936305829,nan,nan,5,nan,-1
11775,617,0.9872,15899.143999999964,12814.143999999964,-5.0,28.284999999999936,20.768466774716313,0.9979988936305829,nan,nan,5,nan,-1
11800,617,0.9872,15904.303999999966,12819.303999999966,-5.0,28.284999999999936,20.776829821717936,0.9979988936305829,nan,nan,5,nan,-1
11825,617,0.9872,15927.984999999964,12842.984999999964,-5.0,28.284999999999936,20.815210696920527,0.9979988936305829,nan,nan,5,nan,-1
11850,617,0.9872,15937.929999999964,12852.929999999964,-5.0,28.284999999999936,20.83132901134516,0.9979988936305829,nan,nan,5,nan,-1
11875,617,0.9872,15938.589999999964,12853.589999999964,-5.0,28.284999999999936,20.832398703403506,0.9979988936305829,nan,nan,5,nan,-1
11900,617,0.9872,15938.899999999965,12853.899999999965,-5.0,28.284999999999936,20.832901134521823,0.9979988936305829,nan,nan,5,nan,-1
11925,617,0.9872,15941.094999999965,12856.094999999965,-5.0,28.284999999999936,20.8364586709886,0.9979988936305829,nan,nan,5,nan,-1
11950,617,0.9872,15948.394999999964,12863.394999999964,-5.0,28.284999999999936,20.84829011345213,0.9979988936305829,nan,nan,5,nan,-1
11975,617,0.9872,15953.235999999964,12868.235999999964,-5.0,28.284999999999936,20.85613614262555,0.9979988936305829,nan,nan,5,nan,-1
12000,617,0.9872,15967.985999999964,12882.985999999964,-5.0,28.284999999999936,20.88004213938406,0.9979988936305829,1.0458205396916433,1.1472620411538368,5,1.0,0
12025,617,0.9872,15976.105999999965,12891.105999999965,-5.0,28.284999999999936,20.89320259319281,0.9979988936305829,nan,nan,5,nan,-1
12050,617,0.9872,15991.645999999964,12906.645999999964,-5.0,28.284999999999936,20.91838897893025,0.9979988936305829,nan,nan,5,nan,-1
12075,617,0.9872,15994.345999999965,12909.345999999965,-5.0,28.284999999999936,20.922764991896216,0.9979988936305829,nan,nan,5,nan,-1
12100,617,0.9872,15996.775999999965,12911.775999999965,-5.0,28.284999999999936,20.926703403565583,0.9979988936305829,nan,nan,5,nan,-1
12125,617,0.9872,16011.277999999966,12926.277999999966,-5.0,28.284999999999936,20.950207455429442,0.9979988936305829,nan,nan,5,nan,-1
12150,617,0.9872,16028.384999999964,12943.384999999966,-5.0,28.284999999999936,20.977933549432684,0.9979988936305829,nan,nan,5,nan,-1
12175,617,0.9872,16032.594999999965,12947.594999999965,-5.0,28.284999999999936,20.9847568881685,0.9979988936305829,nan,nan,5,nan,-1
12200,617,0.9872,16035.534999999965,12950.534999999965,-5.0,28.284999999999936,20.989521880064775,0.9979988936305829,nan,nan,5,nan,-1
12225,617,0.9872,16039.739999999965,12954.739999999965,-5.0,28.284999999999936,20.996337115072876,0.9979988936305829,nan,nan,5,nan,-1
12250,617,0.9872,16056.743999999966,12971.743999999966,-5.0,28.284999999999936,21.023896272285196,0.9979988936305829,nan,nan,5,nan,-1
12275,617,0.9872,16059.059999999965,12974.059999999965,-5.0,28.284999999999936,21.027649918962666,0.9979988936305829,nan,nan,5,nan,-1
12300,617,0.9872,16064.299999999965,12979.299999999965,-5.0,28.284999999999936,21.036142625607724,0.9979988936305829,nan,nan,5,nan,-1
12325,617,0.9872,16065.989999999965,12980.989999999965,-5.0,28.284999999999936,21.03888168557531,0.9979988936305829,nan,nan,5,nan,-1
12350,617,0.9872,16069.359999999964,12984.359999999966,-5.0,28.284999999999936,21.04434359805505,0.9979988936305829,nan,nan,5,nan,-1
12375,617,0.9872,16074.639999999967,12989.639999999967,-5.0,28.284999999999936,21.052901134521825,0.9979988936305829,nan,nan,5,nan,-1
12400,617,0.9872,16080.569999999967,12995.569999999963,-5.0,28.284999999999936,21.062512155591513,0.9979988936305829,nan,nan,5,nan,-1
12425,617,0.9872,16087.309999999965,13002.309999999965,-5.0,28.284999999999936,21.073435980550997,0.9979988936305829,nan,nan,5,nan,-1
12450,617,0.9872,16096.801999999967,13011.801999999965,-5.0,28.284999999999936,21.088820097244675,0.9979988936305829,nan,nan,5,nan,-1
12475,617,0.9872,16100.771999999966,13015.771999999964,-5.0,28.284999999999936,21.095254457050185,0.9979988936305829,nan,nan,5,nan,-1
12500,617,0.9872,16107.501999999966,13022.501999999966,-5.0,28.284999999999936,21.10616207455424,0.9979988936305829,nan,nan,5,nan,-1
12525,617,0.9872,16119.093999999965,13034.093999999965,-5.0,28.284999999999936,21.12494975688811,0.9979988936305829,nan,nan,5,nan,-1
12550,617,0.9872,16130.664999999966,13045.664999999964,-5.0,28.284999999999936,21.14370340356558,0.9979988936305829,nan,nan,5,nan,-1
12575,617,0.9872,16135.684999999967,13050.684999999965,-5.0,28.284999999999936,21.15183954619119,0.9979988936305829,nan,nan,5,nan,-1
12600,617,0.9872,16138.089999999966,13053.089999999966,-5.0,28.284999999999936,21.155737439221987,0.9979988936305829,nan,nan,5,nan,-1
12625,617,0.9872,16147.050999999963,13062.050999999967,-5.0,28.284999999999936,21.17026094003236,0.9979988936305829,nan,nan,5,nan,-1
12650,617,0.9872,16152.180999999964,13067.180999999966,-5.0,28.284999999999936,21.17857536466769,0.9979988936305829,nan,nan,5,nan,-1
12675,617,0.9872,16158.570999999965,13073.570999999965,-5.0,28.284999999999936,21.18893192868714,0.9979988936305829,nan,nan,5,nan,-1
12700,617,0.9872,16162.829999999965,13077.829999999965,-5.0,28.284999999999936,21.195834683954562,0.9979988936305829,nan,nan,5,nan,-1
12725,617,0.9872,16171.999999999965,13086.999999999965,-5.0,28.284999999999936,21.210696920583413,0.9979988936305829,nan,nan,5,nan,-1
12750,617,0.9872,16178.449999999964,13093.449999999964,-5.0,28.284999999999936,21.221150729335438,0.9979988936305829,nan,nan,5,nan,-1
12775,617,0.9872,16179.594999999965,13094.594999999965,-5.0,28.284999999999936,21.223006482982115,0.9979988936305829,nan,nan,5,nan,-1
12800,617,0.9872,16205.612999999965,13120.612999999965,-5.0,28.284999999999936,21.26517504051858,0.9979988936305829,nan,nan,5,nan,-1
12825,617,0.9872,16210.957999999966,13125.957999999966,-5.0,28.284999999999936,21.27383792544565,0.9979988936305829,nan,nan,5,nan,-1
12850,617,0.9872,16213.202999999965,13128.202999999965,-5.0,28.284999999999936,21.27747649918957,0.9979988936305829,nan,nan,5,nan,-1
12875,617,0.9872,16219.667999999965,13134.667999999965,-5.0,28.284999999999936,21.28795461912474,0.9979988936305829,nan,nan,5,nan,-1
12900,617,0.9872,16225.512999999966,13140.512999999966,-5.0,28.284999999999936,21.297427876823285,0.9979988936305829,nan,nan,5,nan,-1
12925,617,0.9872,16232.957999999966,13147.957999999966,-5.0,28.284999999999936,21.309494327390546,0.9979988936305829,nan,nan,5,nan,-1
12950,617,0.9872,16236.437999999966,13151.437999999966,-5.0,28.284999999999936,21.315134521880008,0.9979988936305829,nan,nan,5,nan,-1
12975,617,0.9872,16242.627999999964,13157.627999999964,-5.0,28.284999999999936,21.325166936790865,0.9979988936305829,nan,nan,5,nan,-1
13000,617,0.9872,16243.322999999964,13158.322999999966,-5.0,28.284999999999936,21.326293354943218,0.9979988936305829,1.04654159828838,1.1457711822757348,5,1.0,0
13025,617,0.9872,16262.557999999966,13177.557999999965,-5.0,28.284999999999936,21.357468395461854,0.9979988936305829,nan,nan,5,nan,-1
13050,617,0.9872,16264.452999999965,13179.452999999965,-5.0,28.284999999999936,21.360539708265744,0.9979988936305829,nan,nan,5,nan,-1
13075,617,0.9872,16271.802999999964,13186.802999999965,-5.0,28.284999999999936,21.372452188006427,0.9979988936305829,nan,nan,5,nan,-1
13100,617,0.9872,16277.622999999963,13192.622999999965,-5.0,28.284999999999936,21.381884927066395,0.9979988936305829,nan,nan,5,nan,-1
13125,617,0.9872,16283.887999999964,13198.887999999964,-5.0,28.284999999999936,21.392038897892974,0.9979988936305829,nan,nan,5,nan,-1
13150,617,0.9872,16288.517999999965,13203.517999999964,-5.0,28.284999999999936,21.399542949756828,0.9979988936305829,nan,nan,5,nan,-1
13175,617,0.9872,16315.193999999963,13230.193999999965,-5.0,28.284999999999936,21.44277795786056,0.9979988936305829,nan,nan,5,nan,-1
13200,617,0.9872,16315.193999999963,13230.193999999965,-5.0,28.284999999999936,21.44277795786056,0.9979988936305829,nan,nan,5,nan,-1
13225,617,0.9872,16320.513999999966,13235.513999999965,-5.0,28.284999999999936,21.451400324149052,0.9979988936305829,nan,nan,5,nan,-1
13250,617,0.9872,16324.213999999964,13239.213999999964,-5.0,28.284999999999936,21.457397082657963,0.9979988936305829,nan,nan,5,nan,-1
13275,617,0.9872,16337.333999999966,13252.333999999964,-5.0,30.309999999999945,21.478661264181465,0.9979988936305829,nan,nan,5,nan,-1
13300,617,0.9872,16342.873999999963,13257.873999999965,-5.0,30.309999999999945,21.48764019448941,0.9979988936305829,nan,nan,5,nan,-1
13325,617,0.9872,16350.028999999966,13265.028999999966,-5.0,30.309999999999945,21.499236628849214,0.9979988936305829,nan,nan,5,nan,-1
13350,617,0.9872,16353.918999999965,13268.918999999965,-5.0,30.309999999999945,21.50554132901129,0.9979988936305829,nan,nan,5,nan,-1
13375,617,0.9872,16357.323999999964,13272.323999999964,-5.0,30.309999999999945,21.51105996758503,0.9979988936305829,nan,nan,5,nan,-1
13400,617,0.9872,16365.092999999964,13280.092999999964,-5.0,30.309999999999945,21.523651539708208,0.9979988936305829,nan,nan,5,nan,-1
13425,617,0.9872,16375.237999999965,13290.237999999965,-5.0,30.309999999999945,21.540094003241435,0.9979988936305829,nan,nan,5,nan,-1
13450,617,0.9872,16376.322999999966,13291.322999999966,-5.0,30.309999999999945,21.541852512155536,0.9979988936305829,nan,nan,5,nan,-1
13475,617,0.9872,16377.447999999966,13292.447999999966,-5.0,30.309999999999945,21.543675850891354,0.9979988936305829,nan,nan,5,nan,-1
13500,617,0.9872,16388.042999999965,13303.042999999965,-5.0,30.309999999999945,21.560847649918905,0.9979988936305829,nan,nan,5,nan,-1
13525,617,0.9872,16390.362999999965,13305.362999999965,-5.0,30.309999999999945,21.564607779578548,0.9979988936305829,nan,nan,5,nan,-1
13550,617,0.9872,16390.362999999965,13305.362999999965,-5.0,30.309999999999945,21.564607779578548,0.9979988936305829,nan,nan,5,nan,-1
13575,617,0.9872,16391.807999999965,13306.807999999965,-5.0,30.309999999999945,21.56694975688811,0.9979988936305829,nan,nan,5,nan,-1
13600,617,0.9872,16401.432999999965,13316.432999999965,-5.0,30.309999999999945,21.582549432739004,0.9979988936305829,nan,nan,5,nan,-1
13625,617,0.9872,16404.205999999966,13319.205999999966,-5.0,30.309999999999945,21.587043760129603,0.9979988936305829,nan,nan,5,nan,-1
13650,617,0.9872,16405.285999999964,13320.285999999965,-5.0,30.309999999999945,21.58879416531599,0.9979988936305829,nan,nan,5,nan,-1
13675,617,0.9872,16411.235999999964,13326.235999999964,-5.0,30.309999999999945,21.59843760129654,0.9979988936305829,nan,nan,5,nan,-1
13700,617,0.9872,16415.855999999963,13330.855999999965,-5.0,30.309999999999945,21.60592544570497,0.9979988936305829,nan,nan,5,nan,-1
13725,617,0.9872,16425.158999999963,13340.158999999965,-5.0,30.309999999999945,21.621003241491028,0.9979988936305829,nan,nan,5,nan,-1
13750,617,0.9872,16429.488999999965,13344.488999999965,-5.0,30.309999999999945,21.628021069692,0.9979988936305829,nan,nan,5,nan,-1
13775,617,0.9872,16438.168999999965,13353.168999999965,-5.0,30.309999999999945,21.642089141004806,0.9979988936305829,nan,nan,5,nan,-1
13800,617,0.9872,16442.348999999966,13357.348999999966,-5.0,30.309999999999945,21.648863857374337,0.9979988936305829,nan,nan,5,nan,-1
13825,617,0.9872,16447.733999999968,13362.733999999966,-5.0,30.309999999999945,21.65759157212312,0.9979988936305829,nan,nan,5,nan,-1
13850,617,0.9872,16448.873999999967,13363.873999999965,-5.0,30.309999999999945,21.65943922204208,0.9979988936305829,nan,nan,5,nan,-1
13875,617,0.9872,16453.108999999968,13368.108999999964,-5.0,30.309999999999945,21.666303079416473,0.9979988936305829,nan,nan,5,nan,-1
13900,617,0.9872,16462.658999999963,13377.658999999965,-5.0,30.309999999999945,21.681781199351644,0.9979988936305829,nan,nan,5,nan,-1
13925,617,0.9872,16467.582999999966,13382.582999999966,-5.0,30.309999999999945,21.689761750405133,0.9979988936305829,nan,nan,5,nan,-1
13950,617,0.9872,16469.742999999966,13384.742999999966,-5.0,30.309999999999945,21.693262560777903,0.9979988936305829,nan,nan,5,nan,-1
13975,617,0.9872,16486.947999999964,13401.947999999964,-5.0,30.309999999999945,21.72114748784435,0.9979988936305829,nan,nan,5,nan,-1
14000,617,0.9872,16488.087999999963,13403.087999999965,-5.0,30.309999999999945,21.722995137763316,0.9979988936305829,1.0459721801850863,1.1456589786562037,5,1.0,0
14025,617,0.9872,16488.357999999964,13403.357999999964,-5.0,30.309999999999945,21.72343273905991,0.9979988936305829,nan,nan,5,nan,-1
14050,617,0.9872,16491.782999999963,13406.782999999965,-5.0,30.309999999999945,21.728983792544515,0.9979988936305829,nan,nan,5,nan,-1
14075,617,0.9872,16491.837999999963,13406.837999999965,-5.0,30.309999999999945,21.729072933549375,0.9979988936305829,nan,nan,5,nan,-1
14100,617,0.9872,16500.552999999964,13415.552999999964,-5.0,30.309999999999945,21.74319773095618,0.9979988936305829,nan,nan,5,nan,-1
14125,617,0.9872,16508.712999999963,13423.712999999965,-5.0,30.309999999999945,21.75642301458665,0.9979988936305829,nan,nan,5,nan,-1
14150,617,0.9872,16512.30799999996,13427.307999999965,-5.0,30.309999999999945,21.762249594813557,0.9979988936305829,nan,nan,5,nan,-1
14175,617,0.9872,16514.392999999964,13429.392999999965,-5.0,30.309999999999945,21.76562884927061,0.9979988936305829,nan,nan,5,nan,-1
14200,617,0.9872,16515.639999999963,13430.639999999965,-5.0,30.309999999999945,21.767649918962665,0.9979988936305829,nan,nan,5,nan,-1
14225,617,0.9872,16531.504999999965,13446.504999999965,-5.0,30.309999999999945,21.793363047001563,0.9979988936305829,nan,nan,5,nan,-1
14250,617,0.9872,16538.814999999966,13453.814999999966,-5.0,30.309999999999945,21.80521069692053,0.9979988936305829,nan,nan,5,nan,-1
14275,617,0.9872,16539.439999999966,13454.439999999966,-5.0,30.309999999999945,21.80622366288487,0.9979988936305829,nan,nan,5,nan,-1
14300,617,0.9872,16539.439999999966,13454.439999999966,-5.0,30.309999999999945,21.80622366288487,0.9979988936305829,nan,nan,5,nan,-1
14325,617,0.9872,16542.119999999963,13457.119999999966,-5.0,30.309999999999945,21.810567260939976,0.9979988936305829,nan,nan,5,nan,-1
14350,617,0.9872,16544.939999999966,13459.939999999964,-5.0,30.309999999999945,21.815137763371094,0.9979988936305829,nan,nan,5,nan,-1
14375,617,0.9872,16545.034999999967,13460.034999999963,-5.0,30.309999999999945,21.81529173419767,0.9979988936305829,nan,nan,5,nan,-1
14400,617,0.9872,16545.129999999965,13460.129999999965,-5.0,30.309999999999945,21.815445705024253,0.9979988936305829,nan,nan,5,nan,-1
14425,617,0.9872,16545.129999999965,13460.129999999965,-5.0,30.309999999999945,21.815445705024253,0.9979988936305829,nan,nan,5,nan,-1
14450,617,0.9872,16545.129999999965,13460.129999999965,-5.0,30.309999999999945,21.815445705024253,0.9979988936305829,nan,nan,5,nan,-1
14475,617,0.9872,16552.563999999962,13467.563999999966,-5.0,30.309999999999945,21.827494327390543,0.9979988936305829,nan,nan,5,nan,-1
14500,617,0.9872,16558.388999999966,13473.388999999963,-5.0,30.309999999999945,21.836935170178222,0.9979988936305829,nan,nan,5,nan,-1
14525,617,0.9872,16559.633999999965,13474.633999999964,-5.0,30.309999999999945,21.838952998379195,0.9979988936305829,nan,nan,5,nan,-1
14550,617,0.9872,16570.559999999965,13485.559999999965,-5.0,30.309999999999945,21.856661264181465,0.9979988936305829,nan,nan,5,nan,-1
14575,617,0.9872,16570.559999999965,13485.559999999965,-5.0,30.309999999999945,21.856661264181465,0.9979988936305829,nan,nan,5,nan,-1
14600,617,0.9872,16571.364999999965,13486.364999999965,-5.0,30.309999999999945,21.857965964343542,0.9979988936305829,nan,nan,5,nan,-1
14625,617,0.9872,16574.759999999966,13489.759999999966,-5.0,30.309999999999945,21.863468395461858,0.9979988936305829,nan,nan,5,nan,-1
14650,617,0.9872,16580.179999999964,13495.179999999964,-5.0,30.309999999999945,21.872252836304643,0.9979988936305829,nan,nan,5,nan,-1
14675,617,0.9872,16582.279999999966,13497.279999999966,-5.0,30.309999999999945,21.87565640194484,0.9979988936305829,nan,nan,5,nan,-1
14700,617,0.9872,16584.329999999965,13499.329999999965,-5.0,30.309999999999945,21.878978930307884,0.9979988936305829,nan,nan,5,nan,-1
14725,617,0.9872,16592.429999999964,13507.429999999964,-5.0,30.309999999999945,21.892106969205777,0.9979988936305829,nan,nan,5,nan,-1
14750,617,0.9872,16595.219999999965,13510.219999999965,-5.0,30.309999999999945,21.89662884927061,0.9979988936305829,nan,nan,5,nan,-1
14775,617,0.9872,16602.857999999964,13517.857999999966,-5.0,30.309999999999945,21.909008103727658,0.9979988936305829,nan,nan,5,nan,-1
14800,617,0.9872,16603.117999999962,13518.117999999966,-5.0,30.309999999999945,21.909429497568826,0.9979988936305829,nan,nan,5,nan,-1
14825,617,0.9872,16616.827999999965,13531.827999999965,-5.0,30.309999999999945,21.931649918962666,0.9979988936305829,nan,nan,5,nan,-1
14850,617,0.9872,16618.932999999965,13533.932999999965,-5.0,30.309999999999945,21.935061588330573,0.9979988936305829,nan,nan,5,nan,-1
14875,617,0.9872,16626.492999999966,13541.492999999966,-5.0,30.309999999999945,21.947314424635277,0.9979988936305829,nan,nan,5,nan,-1
14900,617,0.9872,16627.107999999964,13542.107999999966,-5.0,30.309999999999945,21.94831118314419,0.9979988936305829,nan,nan,5,nan,-1
14925,617,0.9872,16628.212999999967,13543.212999999965,-5.0,30.309999999999945,21.95010210696915,0.9979988936305829,nan,nan,5,nan,-1
14950,617,0.9872,16628.887999999963,13543.887999999964,-5.0,30.309999999999945,21.95119611021064,0.9979988936305829,nan,nan,5,nan,-1
14975,617,0.9872,16639.832999999966,13554.832999999966,-5.0,30.309999999999945,21.968935170178227,0.9979988936305829,nan,nan,5,nan,-1
15000,617,0.9872,16646.29299999996,13561.292999999965,-5.0,30.309999999999945,21.97940518638568,0.9979988936305829,1.0467794784457418,1.150485313541772,5,1.0,0
15025,617,0.9872,16650.522999999965,13565.522999999965,-5.0,30.309999999999945,21.98626094003236,0.9979988936305829,nan,nan,5,nan,-1
15050,617,0.9872,16652.197999999964,13567.197999999964,-5.0,30.309999999999945,21.988975688816797,0.9979988936305829,nan,nan,5,nan,-1
15075,617,0.9872,16657.492999999962,13572.492999999964,-5.0,30.309999999999945,21.997557536466715,0.9979988936305829,nan,nan,5,nan,-1
15100,617,0.9872,16659.242999999966,13574.242999999964,-5.0,30.309999999999945,22.00039384116688,0.9979988936305829,nan,nan,5,nan,-1
15125,617,0.9872,16669.502999999964,13584.502999999964,-5.0,30.309999999999945,22.017022690437543,0.9979988936305829,nan,nan,5,nan,-1
15150,617,0.9872,16669.502999999964,13584.502999999964,-5.0,30.309999999999945,22.017022690437543,0.9979988936305829,nan,nan,5,nan,-1
15175,617,0.9872,16669.727999999963,13584.727999999963,-5.0,30.309999999999945,22.017387358184706,0.9979988936305829,nan,nan,5,nan,-1
15200,617,0.9872,16674.402999999962,13589.402999999964,-5.0,30.309999999999945,22.024964343597997,0.9979988936305829,nan,nan,5,nan,-1
15225,617,0.9872,16674.402999999962,13589.402999999964,-5.0,30.309999999999945,22.024964343597997,0.9979988936305829,nan,nan,5,nan,-1
15250,617,0.9872,16674.882999999965,13589.882999999963,-5.0,30.309999999999945,22.02574230145861,0.9979988936305829,nan,nan,5,nan,-1
15275,617,0.9872,16674.942999999963,13589.942999999963,-5.0,30.309999999999945,22.02583954619119,0.9979988936305829,nan,nan,5,nan,-1
15300,617,0.9872,16676.347999999965,13591.347999999965,-5.0,30.309999999999945,22.028116693679035,0.9979988936305829,nan,nan,5,nan,-1
15325,617,0.9872,16679.527999999962,13594.527999999964,-5.0,30.309999999999945,22.033270664505615,0.9979988936305829,nan,nan,5,nan,-1
15350,617,0.9872,16683.532999999963,13598.532999999963,-5.0,30.309999999999945,22.039761750405127,0.9979988936305829,nan,nan,5,nan,-1
15375,617,0.9872,16685.797999999962,13600.797999999964,-5.0,30.309999999999945,22.04343273905991,0.9979988936305829,nan,nan,5,nan,-1
15400,617,0.9872,16686.84799999996,13601.847999999964,-5.0,30.309999999999945,22.045134521880005,0.9979988936305829,nan,nan,5,nan,-1
15425,617,0.9872,16699.532999999963,13614.532999999963,-5.0,31.414999999999967,22.065693679092323,0.9979988936305829,nan,nan,5,nan,-1
15450,617,0.9872,16701.132999999965,13616.132999999965,-5.0,31.414999999999967,22.068286871961046,0.9979988936305829,nan,nan,5,nan,-1
15475,617,0.9872,16709.172999999966,13624.172999999964,-5.0,31.414999999999967,22.08131766612636,0.9979988936305829,nan,nan,5,nan,-1
15500,617,0.9872,16709.172999999966,13624.172999999964,-5.0,31.414999999999967,22.08131766612636,0.9979988936305829,nan,nan,5,nan,-1
15525,617,0.9872,16714.492999999966,13629.492999999964,-5.0,31.414999999999967,22.08994003241485,0.9979988936305829,nan,nan,5,nan,-1
15550,617,0.9872,16716.152999999962,13631.152999999964,-5.0,31.414999999999967,22.09263047001615,0.9979988936305829,nan,nan,5,nan,-1
15575,617,0.9872,16721.367999999966,13636.367999999964,-5.0,31.414999999999967,22.101082658022634,0.9979988936305829,nan,nan,5,nan,-1
15600,617,0.9872,16728.583999999963,13643.583999999964,-5.0,31.414999999999967,22.11277795786056,0.9979988936305829,nan,nan,5,nan,-1
15625,617,0.9872,16731.313999999962,13646.313999999964,-5.0,31.414999999999967,22.11720259319281,0.9979988936305829,nan,nan,5,nan,-1
15650,617,0.9872,16739.448999999964,13654.448999999964,-5.0,31.414999999999967,22.130387358184706,0.9979988936305829,nan,nan,5,nan,-1
15675,617,0.9872,16744.092999999964,13659.092999999964,-5.0,31.414999999999967,22.137914100486167,0.9979988936305829,nan,nan,5,nan,-1
15700,617,0.9872,16744.437999999966,13659.437999999964,-5.0,31.414999999999967,22.138473257698482,0.9979988936305829,nan,nan,5,nan,-1
15725,617,0.9872,16748.097999999965,13663.097999999964,-5.0,31.414999999999967,22.14440518638568,0.9979988936305829,nan,nan,5,nan,-1
15750,617,0.9872,16769.314999999966,13684.314999999964,-5.0,31.414999999999967,22.178792544570445,0.9979988936305829,nan,nan,5,nan,-1
15775,617,0.9872,16772.374999999964,13687.374999999964,-5.0,31.414999999999967,22.18375202593187,0.9979988936305829,nan,nan,5,nan,-1
15800,617,0.9872,16782.857999999964,13697.857999999964,-5.0,31.414999999999967,22.20074230145861,0.9979988936305829,nan,nan,5,nan,-1
15825,617,0.9872,16782.857999999964,13697.857999999964,-5.0,31.414999999999967,22.20074230145861,0.9979988936305829,nan,nan,5,nan,-1
15850,617,0.9872,16783.23799999996,13698.237999999965,-5.0,31.414999999999967,22.201358184764935,0.9979988936305829,nan,nan,5,nan,-1
15875,617,0.9872,16793.662999999964,13708.662999999964,-5.0,31.414999999999967,22.218254457050186,0.9979988936305829,nan,nan,5,nan,-1
15900,617,0.9872,16794.897999999965,13709.897999999965,-5.0,31.414999999999967,22.220256077795728,0.9979988936305829,nan,nan,5,nan,-1
15925,617,0.9872,16797.822999999964,13712.822999999964,-5.0,31.414999999999967,22.224996758508855,0.9979988936305829,nan,nan,5,nan,-1
15950,617,0.9872,16809.257999999965,13724.257999999963,-5.0,31.414999999999967,22.243529983792484,0.9979988936305829,nan,nan,5,nan,-1
15975,617,0.9872,16810.192999999963,13725.192999999963,-5.0,31.414999999999967,22.245045380875144,0.9979988936305829,nan,nan,5,nan,-1
16000,617,0.9872,16810.192999999963,13725.192999999963,-5.0,31.414999999999967,22.245045380875144,0.9979988936305829,1.046854456316339,1.1478302253295338,5,1.0,0
16025,617,0.9872,16812.652999999962,13727.652999999964,-5.0,31.414999999999967,22.2490324149108,0.9979988936305829,nan,nan,5,nan,-1
16050,617,0.9872,16812.652999999962,13727.652999999964,-5.0,31.414999999999967,22.2490324149108,0.9979988936305829,nan,nan,5,nan,-1
16075,617,0.9872,16814.562999999966,13729.562999999966,-5.0,31.414999999999967,22.252128038897837,0.9979988936305829,nan,nan,5,nan,-1
16100,617,0.9872,16820.168999999965,13735.168999999965,-5.0,31.414999999999967,22.261213938411615,0.9979988936305829,nan,nan,5,nan,-1
16125,617,0.9872,16820.833999999966,13735.833999999964,-5.0,31.414999999999967,22.262291734197674,0.9979988936305829,nan,nan,5,nan,-1
16150,617,0.9872,16829.848999999966,13744.848999999966,-5.0,31.414999999999967,22.27690275526737,0.9979988936305829,nan,nan,5,nan,-1
16175,617,0.9872,16832.958999999966,13747.958999999964,-5.0,31.414999999999967,22.281943273905938,0.9979988936305829,nan,nan,5,nan,-1
16200,617,0.9872,16841.753999999964,13756.753999999964,-5.0,31.414999999999967,22.296197730956184,0.9979988936305829,nan,nan,5,nan,-1
16225,617,0.9872,16845.063999999962,13760.063999999964,-5.0,31.414999999999967,22.301562398703346,0.9979988936305829,nan,nan,5,nan,-1
16250,617,0.9872,16853.198999999964,13768.198999999964,-5.0,31.414999999999967,22.31474716369524,0.9979988936305829,nan,nan,5,nan,-1
16275,617,0.9872,16854.098999999966,13769.098999999964,-5.0,31.414999999999967,22.316205834683895,0.9979988936305829,nan,nan,5,nan,-1
16300,617,0.9872,16856.473999999966,13771.473999999964,-5.0,31.414999999999967,22.320055105348402,0.9979988936305829,nan,nan,5,nan,-1
16325,617,0.9872,16858.488999999965,13773.488999999965,-5.0,31.414999999999967,22.323320907617447,0.9979988936305829,nan,nan,5,nan,-1
16350,617,0.9872,16867.837999999967,13782.837999999963,-5.0,31.414999999999967,22.33847325769848,0.9979988936305829,nan,nan,5,nan,-1
16375,617,0.9872,16869.29299999996,13784.292999999965,-5.0,31.414999999999967,22.340831442463475,0.9979988936305829,nan,nan,5,nan,-1
16400,617,0.9872,16870.41799999996,13785.417999999965,-5.0,31.414999999999967,22.342654781199297,0.9979988936305829,nan,nan,5,nan,-1
16425,617,0.9872,16877.567999999963,13792.567999999963,-5.0,31.414999999999967,22.354243111831384,0.9979988936305829,nan,nan,5,nan,-1
16450,617,0.9872,16877.567999999963,13792.567999999963,-5.0,31.414999999999967,22.354243111831384,0.9979988936305829,nan,nan,5,nan,-1
16475,617,0.9872,16878.527999999962,13793.527999999964,-5.0,31.414999999999967,22.355799027552617,0.9979988936305829,nan,nan,5,nan,-1
16500,617,0.9872,16890.605999999963,13805.605999999963,-5.0,31.414999999999967,22.375374392220362,0.9979988936305829,nan,nan,5,nan,-1
16525,617,0.9872,16894.266999999963,13809.266999999963,-5.0,31.414999999999967,22.381307941653102,0.9979988936305829,nan,nan,5,nan,-1
16550,617,0.9872,16894.341999999964,13809.341999999964,-5.0,31.414999999999967,22.381429497568824,0.9979988936305829,nan,nan,5,nan,-1
16575,617,0.9872,16894.341999999964,13809.341999999964,-5.0,31.414999999999967,22.381429497568824,0.9979988936305829,nan,nan,5,nan,-1
16600,617,0.9872,16899.166999999965,13814.166999999965,-5.0,31.414999999999967,22.389249594813556,0.9979988936305829,nan,nan,5,nan,-1
16625,617,0.9872,16902.291999999965,13817.291999999965,-5.0,31.414999999999967,22.394314424635276,0.9979988936305829,nan,nan,5,nan,-1
16650,617,0.9872,16902.906999999963,13817.906999999963,-5.0,31.414999999999967,22.395311183144187,0.9979988936305829,nan,nan,5,nan,-1
16675,617,0.9872,16913.531999999963,13828.531999999965,-5.0,31.414999999999967,22.41253160453803,0.9979988936305829,nan,nan,5,nan,-1
16700,617,0.9872,16916.401999999965,13831.401999999964,-5.0,31.414999999999967,22.417183144246295,0.9979988936305829,nan,nan,5,nan,-1
16725,617,0.9872,16917.386999999966,13832.386999999962,-5.0,31.414999999999967,22.4187795786061,0.9979988936305829,nan,nan,5,nan,-1
16750,617,0.9872,16917.596999999965,13832.596999999965,-5.0,31.414999999999967,22.419119935170123,0.9979988936305829,nan,nan,5,nan,-1
16775,617,0.9872,16918.261999999966,13833.261999999962,-5.0,31.414999999999967,22.42019773095618,0.9979988936305829,nan,nan,5,nan,-1
16800,617,0.9872,16918.396999999964,13833.396999999964,-5.0,31.414999999999967,22.42041653160448,0.9979988936305829,nan,nan,5,nan,-1
16825,617,0.9872,16920.00699999996,13835.006999999963,-5.0,31.414999999999967,22.423025931928628,0.9979988936305829,nan,nan,5,nan,-1
16850,617,0.9872,16924.966999999964,13839.966999999964,-5.0,31.414999999999967,22.43106482982166,0.9979988936305829,nan,nan,5,nan,-1
16875,617,0.9872,16927.426999999967,13842.426999999963,-5.0,31.414999999999967,22.435051863857314,0.9979988936305829,nan,nan,5,nan,-1
16900,617,0.9872,16930.076999999965,13845.076999999965,-5.0,31.414999999999967,22.439346839546133,0.9979988936305829,nan,nan,5,nan,-1
16925,617,0.9872,16930.076999999965,13845.076999999965,-5.0,31.414999999999967,22.439346839546133,0.9979988936305829,nan,nan,5,nan,-1
16950,617,0.9872,16939.146999999964,13854.146999999964,-5.0,31.414999999999967,22.454047001620687,0.9979988936305829,nan,nan,5,nan,-1
16975,617,0.9872,16952.082999999962,13867.082999999962,-5.0,31.414999999999967,22.475012965964282,0.9979988936305829,nan,nan,5,nan,-1
17000,617,0.9872,16956.112999999965,13871.112999999965,-5.0,31.414999999999967,22.481544570502376,0.9979988936305829,1.0462284923108116,1.1491045691223458,5,1.0,0
17025,617,0.9872,16960.027999999962,13875.027999999964,-5.0,31.414999999999967,22.487889789303022,0.9979988936305829,nan,nan,5,nan,-1
17050,617,0.9872,16962.342999999964,13877.342999999964,-5.0,31.414999999999967,22.49164181523495,0.9979988936305829,nan,nan,5,nan,-1
17075,617,0.9872,16962.342999999964,13877.342999999964,-5.0,31.414999999999967,22.49164181523495,0.9979988936305829,nan,nan,5,nan,-1
17100,617,0.9872,16963.712999999963,13878.712999999963,-5.0,31.414999999999967,22.49386223662879,0.9979988936305829,nan,nan,5,nan,-1
17125,617,0.9872,16964.467999999964,13879.467999999964,-5.0,31.414999999999967,22.495085899513718,0.9979988936305829,nan,nan,5,nan,-1
17150,617,0.9872,16964.467999999964,13879.467999999964,-5.0,31.414999999999967,22.495085899513718,0.9979988936305829,nan,nan,5,nan,-1
17175,617,0.9872,16975.457999999962,13890.457999999964,-5.0,31.414999999999967,22.512897893030736,0.9979988936305829,nan,nan,5,nan,-1
17200,617,0.9872,16975.522999999965,13890.522999999965,-5.0,31.414999999999967,22.513003241491027,0.9979988936305829,nan,nan,5,nan,-1
17225,617,0.9872,16975.522999999965,13890.522999999965,-5.0,31.414999999999967,22.513003241491027,0.9979988936305829,nan,nan,5,nan,-1
17250,617,0.9872,16975.607999999964,13890.607999999964,-5.0,31.414999999999967,22.513141004862177,0.9979988936305829,nan,nan,5,nan,-1
17275,617,0.9872,16975.607999999964,13890.607999999964,-5.0,31.414999999999967,22.513141004862177,0.9979988936305829,nan,nan,5,nan,-1
17300,617,0.9872,16979.682999999965,13894.682999999965,-5.0,31.414999999999967,22.5197455429497,0.9979988936305829,nan,nan,5,nan,-1
17325,617,0.9872,16981.302999999964,13896.302999999964,-5.0,31.414999999999967,22.522371150729278,0.9979988936305829,nan,nan,5,nan,-1
17350,617,0.9872,16983.097999999965,13898.097999999964,-5.0,31.414999999999967,22.52528038897887,0.9979988936305829,nan,nan,5,nan,-1
17375,617,0.9872,16983.097999999965,13898.097999999964,-5.0,31.414999999999967,22.52528038897887,0.9979988936305829,nan,nan,5,nan,-1
17400,617,0.9872,16988.612999999965,13903.612999999965,-5.0,31.414999999999967,22.53421880064824,0.9979988936305829,nan,nan,5,nan,-1
17425,617,0.9872,16988.812999999966,13903.812999999964,-5.0,31.414999999999967,22.53454294975683,0.9979988936305829,nan,nan,5,nan,-1
17450,617,0.9872,16989.542999999965,13904.542999999963,-5.0,31.414999999999967,22.53572609400318,0.9979988936305829,nan,nan,5,nan,-1
17475,617,0.9872,16991.707999999966,13906.707999999964,-5.0,31.414999999999967,22.53923500810367,0.9979988936305829,nan,nan,5,nan,-1
17500,617,0.9872,16999.037999999964,13914.037999999964,-5.0,31.414999999999967,22.55111507293349,0.9979988936305829,nan,nan,5,nan,-1
17525,617,0.9872,17000.397999999965,13915.397999999965,-5.0,31.414999999999967,22.553319286871904,0.9979988936305829,nan,nan,5,nan,-1
17550,617,0.9872,17000.397999999965,13915.397999999965,-5.0,31.414999999999967,22.553319286871904,0.9979988936305829,nan,nan,5,nan,-1
17575,617,0.9872,17006.942999999967,13921.942999999963,-5.0,31.414999999999967,22.563927066450507,0.9979988936305829,nan,nan,5,nan,-1
17600,617,0.9872,17013.859999999964,13928.859999999964,-5.0,31.414999999999967,22.575137763371092,0.9979988936305829,nan,nan,5,nan,-1
17625,617,0.9872,17013.859999999964,13928.859999999964,-5.0,31.414999999999967,22.575137763371092,0.9979988936305829,nan,nan,5,nan,-1
17650,617,0.9872,17013.859999999964,13928.859999999964,-5.0,31.414999999999967,22.575137763371092,0.9979988936305829,nan,nan,5,nan,-1
17675,617,0.9872,17027.57899999996,13942.578999999963,-5.0,31.414999999999967,22.59737277147482,0.9979988936305829,nan,nan,5,nan,-1
17700,617,0.9872,17031.118999999962,13946.118999999964,-5.0,31.414999999999967,22.60311021069686,0.9979988936305829,nan,nan,5,nan,-1
17725,617,0.9872,17034.653999999962,13949.653999999964,-5.0,31.414999999999967,22.60883954619119,0.9979988936305829,nan,nan,5,nan,-1
17750,617,0.9872,17036.808999999965,13951.808999999965,-5.0,31.414999999999967,22.612332252836246,0.9979988936305829,nan,nan,5,nan,-1
17775,617,0.9872,17045.32899999996,13960.328999999965,-5.0,31.414999999999967,22.62614100486218,0.9979988936305829,nan,nan,5,nan,-1
17800,617,0.9872,17045.338999999964,13960.338999999965,-5.0,31.414999999999967,22.62615721231761,0.9979988936305829,nan,nan,5,nan,-1
17825,617,0.9872,17046.523999999965,13961.523999999965,-5.0,31.414999999999967,22.628077795786005,0.9979988936305829,nan,nan,5,nan,-1
17850,617,0.9872,17049.509999999966,13964.509999999964,-5.0,31.414999999999967,22.63291734197725,0.9979988936305829,nan,nan,5,nan,-1
17875,617,0.9872,17059.109999999964,13974.109999999964,-5.0,31.414999999999967,22.64847649918957,0.9979988936305829,nan,nan,5,nan,-1
17900,617,0.9872,17070.294999999962,13985.294999999966,-5.0,31.414999999999967,22.666604538087466,0.9979988936305829,nan,nan,5,nan,-1
17925,617,0.9872,17070.909999999963,13985.909999999963,-5.0,31.414999999999967,22.667601296596374,0.9979988936305829,nan,nan,5,nan,-1
17950,617,0.9872,17075.109999999964,13990.109999999964,-5.0,31.414999999999967,22.674408427876767,0.9979988936305829,nan,nan,5,nan,-1
17975,617,0.9872,17077.859999999964,13992.859999999964,-5.0,31.414999999999967,22.678865478119878,0.9979988936305829,nan,nan,5,nan,-1
18000,617,0.9872,17083.93699999996,13998.936999999965,-5.0,31.414999999999967,22.688714748784385,0.9979988936305829,1.045910703810239,1.1495576673509573,5,1.0,0
18025,617,0.9872,17083.93699999996,13998.936999999965,-5.0,31.414999999999967,22.688714748784385,0.9979988936305829,nan,nan,5,nan,-1
18050,617,0.9872,17093.781999999963,14008.781999999965,-5.0,31.414999999999967,22.704670988654723,0.9979988936305829,nan,nan,5,nan,-1
18075,617,0.9872,17094.366999999966,14009.366999999964,-5.0,31.414999999999967,22.705619124797348,0.9979988936305829,nan,nan,5,nan,-1
18100,617,0.9872,17096.763999999966,14011.763999999963,-5.0,31.414999999999967,22.709504051863796,0.9979988936305829,nan,nan,5,nan,-1
18125,617,0.9872,17099.783999999963,14014.783999999963,-5.0,31.414999999999967,22.714398703403507,0.9979988936305829,nan,nan,5,nan,-1
18150,617,0.9872,17103.153999999962,14018.153999999964,-5.0,31.414999999999967,22.71986061588325,0.9979988936305829,nan,nan,5,nan,-1
18175,617,0.9872,17104.001999999964,14019.001999999964,-5.0,31.414999999999967,22.72123500810367,0.9979988936305829,nan,nan,5,nan,-1
18200,617,0.9872,17106.431999999964,14021.431999999964,-5.0,31.414999999999967,22.72517341977304,0.9979988936305829,nan,nan,5,nan,-1
18225,617,0.9872,17109.496999999967,14024.496999999963,-5.0,31.414999999999967,22.730141004862176,0.9979988936305829,nan,nan,5,nan,-1
18250,617,0.9872,17109.496999999967,14024.496999999963,-5.0,31.414999999999967,22.730141004862176,0.9979988936305829,nan,nan,5,nan,-1
18275,617,0.9872,17113.721999999965,14028.721999999963,-5.0,31.414999999999967,22.73698865478114,0.9979988936305829,nan,nan,5,nan,-1
18300,617,0.9872,17117.56199999996,14032.561999999965,-5.0,31.414999999999967,22.74321231766607,0.9979988936305829,nan,nan,5,nan,-1
18325,617,0.9872,17119.046999999962,14034.046999999964,-5.0,31.414999999999967,22.745619124797347,0.9979988936305829,nan,nan,5,nan,-1
18350,617,0.9872,17124.536999999964,14039.536999999964,-5.0,31.414999999999967,22.754517017828142,0.9979988936305829,nan,nan,5,nan,-1
18375,617,0.9872,17128.566999999966,14043.566999999963,-5.0,31.414999999999967,22.76104862236623,0.9979988936305829,nan,nan,5,nan,-1
18400,617,0.9872,17128.851999999963,14043.851999999963,-5.0,31.414999999999967,22.761510534845968,0.9979988936305829,nan,nan,5,nan,-1
18425,617,0.9872,17133.111999999965,14048.111999999965,-5.0,31.414999999999967,22.768414910858937,0.9979988936305829,nan,nan,5,nan,-1
18450,617,0.9872,17133.111999999965,14048.111999999965,-5.0,31.414999999999967,22.768414910858937,0.9979988936305829,nan,nan,5,nan,-1
18475,617,0.9872,17133.111999999965,14048.111999999965,-5.0,31.414999999999967,22.768414910858937,0.9979988936305829,nan,nan,5,nan,-1
18500,617,0.9872,17135.941999999966,14050.941999999963,-5.0,31.414999999999967,22.773001620745482,0.9979988936305829,nan,nan,5,nan,-1
18525,617,0.9872,17137.931999999964,14052.931999999964,-5.0,31.414999999999967,22.776226904375957,0.9979988936305829,nan,nan,5,nan,-1
18550,617,0.9872,17147.011999999966,14062.011999999964,-5.0,31.414999999999967,22.79094327390594,0.9979988936305829,nan,nan,5,nan,-1
18575,617,0.9872,17153.536999999964,14068.536999999964,-5.0,31.414999999999967,22.801518638573686,0.9979988936305829,nan,nan,5,nan,-1
18600,617,0.9872,17155.266999999963,14070.266999999965,-5.0,31.414999999999967,22.80432252836299,0.9979988936305829,nan,nan,5,nan,-1
18625,617,0.9872,17160.609999999964,14075.609999999964,-5.0,31.414999999999967,22.812982171798968,0.9979988936305829,nan,nan,5,nan,-1
18650,617,0.9872,17160.609999999964,14075.609999999964,-5.0,31.414999999999967,22.812982171798968,0.9979988936305829,nan,nan,5,nan,-1
18675,617,0.9872,17170.185999999965,14085.185999999965,-5.0,31.414999999999967,22.82850243111826,0.9979988936305829,nan,nan,5,nan,-1
18700,617,0.9872,17170.185999999965,14085.185999999965,-5.0,31.414999999999967,22.82850243111826,0.9979988936305829,nan,nan,5,nan,-1
18725,617,0.9872,17170.185999999965,14085.185999999965,-5.0,31.414999999999967,22.82850243111826,0.9979988936305829,nan,nan,5,nan,-1
18750,617,0.9872,17171.035999999964,14086.035999999964,-5.0,31.414999999999967,22.829880064829762,0.9979988936305829,nan,nan,5,nan,-1
18775,617,0.9872,17171.835999999967,14086.835999999965,-5.0,31.414999999999967,22.831176661264124,0.9979988936305829,nan,nan,5,nan,-1
18800,617,0.9872,17178.495999999963,14093.495999999965,-5.0,31.414999999999967,22.84197082658017,0.9979988936305829,nan,nan,5,nan,-1
18825,617,0.9872,17181.440999999963,14096.440999999964,-5.0,31.414999999999967,22.846743922204155,0.9979988936305829,nan,nan,5,nan,-1
18850,617,0.9872,17183.245999999963,14098.245999999963,-5.0,31.414999999999967,22.84966936790918,0.9979988936305829,nan,nan,5,nan,-1
18875,617,0.9872,17184.095999999965,14099.095999999965,-5.0,31.414999999999967,22.85104700162069,0.9979988936305829,nan,nan,5,nan,-1
18900,617,0.9872,17194.251999999964,14109.251999999964,-5.0,31.414999999999967,22.867507293354883,0.9979988936305829,nan,nan,5,nan,-1
18925,617,0.9872,17194.466999999964,14109.466999999964,-5.0,31.414999999999967,22.86785575364662,0.9979988936305829,nan,nan,5,nan,-1
18950,617,0.9872,17194.621999999963,14109.621999999965,-5.0,31.414999999999967,22.868106969205776,0.9979988936305829,nan,nan,5,nan,-1
18975,617,0.9872,17198.741999999962,14113.741999999964,-5.0,31.414999999999967,22.874784440842728,0.9979988936305829,nan,nan,5,nan,-1
19000,617,0.9872,17199.581999999966,14114.581999999964,-5.0,31.414999999999967,22.876145867098806,0.9979988936305829,1.0451591908010591,1.1481262435787236,5,1.0,0
19025,617,0.9872,17200.346999999965,14115.346999999963,-5.0,31.414999999999967,22.877385737439162,0.9979988936305829,nan,nan,5,nan,-1
19050,617,0.9872,17204.88199999996,14119.881999999963,-5.0,31.414999999999967,22.88473581847644,0.9979988936305829,nan,nan,5,nan,-1
19075,617,0.9872,17204.966999999964,14119.966999999964,-5.0,31.414999999999967,22.884873581847593,0.9979988936305829,nan,nan,5,nan,-1
19100,617,0.9872,17207.351999999966,14122.351999999964,-5.0,31.414999999999967,22.888739059967527,0.9979988936305829,nan,nan,5,nan,-1
19125,617,0.9872,17210.391999999963,14125.391999999963,-5.0,31.414999999999967,22.893666126418093,0.9979988936305829,nan,nan,5,nan,-1
19150,617,0.9872,17213.201999999965,14128.201999999965,-5.0,31.414999999999967,22.898220421393784,0.9979988936305829,nan,nan,5,nan,-1
19175,617,0.9872,17213.201999999965,14128.201999999965,-5.0,31.414999999999967,22.898220421393784,0.9979988936305829,nan,nan,5,nan,-1
19200,617,0.9872,17216.751999999964,14131.751999999964,-5.0,31.414999999999967,22.903974068071253,0.9979988936305829,nan,nan,5,nan,-1
19225,617,0.9872,17223.358999999968,14138.358999999964,-5.0,31.414999999999967,22.914682333873525,0.9979988936305829,nan,nan,5,nan,-1
19250,617,0.9872,17226.673999999966,14141.673999999965,-5.0,31.414999999999967,22.920055105348403,0.9979988936305829,nan,nan,5,nan,-1
19275,617,0.9872,17226.673999999966,14141.673999999965,-5.0,31.414999999999967,22.920055105348403,0.9979988936305829,nan,nan,5,nan,-1
19300,617,0.9872,17229.433999999965,14144.433999999965,-5.0,31.414999999999967,22.924528363046946,0.9979988936305829,nan,nan,5,nan,-1
19325,617,0.9872,17231.778999999966,14146.778999999966,-5.0,31.414999999999967,22.928329011345163,0.9979988936305829,nan,nan,5,nan,-1
19350,617,0.9872,17235.398999999965,14150.398999999965,-5.0,31.414999999999967,22.93419611021064,0.9979988936305829,nan,nan,5,nan,-1
19375,617,0.9872,17237.963999999964,14152.963999999964,-5.0,31.414999999999967,22.938353322528304,0.9979988936305829,nan,nan,5,nan,-1
19400,617,0.9872,17238.818999999963,14153.818999999965,-5.0,31.414999999999967,22.93973905996753,0.9979988936305829,nan,nan,5,nan,-1
19425,617,0.9872,17240.063999999962,14155.063999999964,-5.0,31.414999999999967,22.9417568881685,0.9979988936305829,nan,nan,5,nan,-1
19450,617,0.9872,17242.318999999967,14157.318999999963,-5.0,31.414999999999967,22.94541166936785,0.9979988936305829,nan,nan,5,nan,-1
19475,617,0.9872,17249.673999999966,14164.673999999966,-5.0,31.414999999999967,22.95733225283625,0.9979988936305829,nan,nan,5,nan,-1
19500,617,0.9872,17261.776999999965,14176.776999999965,-5.0,31.414999999999967,22.97694813614257,0.9979988936305829,nan,nan,5,nan,-1
19525,617,0.9872,17271.888999999966,14186.888999999965,-5.0,31.414999999999967,22.993337115072876,0.9979988936305829,nan,nan,5,nan,-1
19550,617,0.9872,17281.956999999966,14196.956999999964,-5.0,31.414999999999967,23.009654781199295,0.9979988936305829,nan,nan,5,nan,-1
19575,617,0.9872,17283.991999999966,14198.991999999964,-5.0,31.414999999999967,23.012952998379195,0.9979988936305829,nan,nan,5,nan,-1
19600,617,0.9872,17287.206999999966,14202.206999999964,-5.0,31.414999999999967,23.01816369529978,0.9979988936305829,nan,nan,5,nan,-1
19625,617,0.9872,17290.241999999966,14205.241999999966,-5.0,31.414999999999967,23.023082658022634,0.9979988936305829,nan,nan,5,nan,-1
19650,617,0.9872,17293.886999999966,14208.886999999962,-5.0,31.414999999999967,23.02899027552668,0.9979988936305829,nan,nan,5,nan,-1
19675,617,0.9872,17294.361999999965,14209.361999999965,-5.0,31.414999999999967,23.029760129659586,0.9979988936305829,nan,nan,5,nan,-1
19700,617,0.9872,17300.446999999964,14215.446999999964,-5.0,31.414999999999967,23.039622366288434,0.9979988936305829,nan,nan,5,nan,-1
19725,617,0.9872,17301.811999999965,14216.811999999964,-5.0,31.414999999999967,23.04183468395456,0.9979988936305829,nan,nan,5,nan,-1
19750,617,0.9872,17304.836999999963,14219.836999999963,-5.0,31.414999999999967,23.04673743922198,0.9979988936305829,nan,nan,5,nan,-1
19775,617,0.9872,17308.656999999967,14223.656999999963,-5.0,31.414999999999967,23.05292868719605,0.9979988936305829,nan,nan,5,nan,-1
19800,617,0.9872,17308.656999999967,14223.656999999963,-5.0,31.414999999999967,23.05292868719605,0.9979988936305829,nan,nan,5,nan,-1
19825,617,0.9872,17312.986999999965,14227.986999999965,-5.0,31.414999999999967,23.059946515397026,0.9979988936305829,nan,nan,5,nan,-1
19850,617,0.9872,17312.986999999965,14227.986999999965,-5.0,31.414999999999967,23.059946515397026,0.9979988936305829,nan,nan,5,nan,-1
19875,617,0.9872,17315.421999999966,14230.421999999964,-5.0,31.414999999999967,23.06389303079411,0.9979988936305829,nan,nan,5,nan,-1
19900,617,0.9872,17320.136999999966,14235.136999999964,-5.0,31.414999999999967,23.071534846029117,0.9979988936305829,nan,nan,5,nan,-1
19925,617,0.9872,17320.136999999966,14235.136999999964,-5.0,31.414999999999967,23.071534846029117,0.9979988936305829,nan,nan,5,nan,-1
19950,617,0.9872,17320.136999999966,14235.136999999964,-5.0,31.414999999999967,23.071534846029117,0.9979988936305829,nan,nan,5,nan,-1
19975,617,0.9872,17323.746999999967,14238.746999999965,-5.0,31.414999999999967,23.077385737439165,0.9979988936305829,nan,nan,5,nan,-1
20000,617,0.9872,17323.746999999967,14238.746999999965,-5.0,31.414999999999967,23.077385737439165,0.9979988936305829,1.0450003904216163,1.149206403169167,5,1.0,0
