map,seed,centroid_index,cell_x,cell_y,centroid_x,centroid_y,reachable_refresh_fraction,never_reachable,unreachable_more_than_half,unreachable_at_least_90_percent,assignment_count_rebuild_plus_post,real_assignment_count,penalty_assignment_count,only_ever_assigned_via_penalty,final_occupied
horseshoe,1001,0,0,0,-61.467041458129884,-16.58709627151489,0.0,True,True,True,0,0,0,False,False
horseshoe,1001,1,0,1,-61.467041458129884,-14.942380599975587,0.0,True,True,True,0,0,0,False,False
horseshoe,1001,2,0,2,-61.467041458129884,-13.29766492843628,0.0,True,True,True,0,0,0,False,False
horseshoe,1001,3,0,3,-61.467041458129884,-11.652949256896973,0.0,True,True,True,0,0,0,False,False
horseshoe,1001,4,0,4,-61.467041458129884,-10.008233585357667,0.0,True,True,True,0,0,0,False,False
horseshoe,1001,5,0,5,-61.467041458129884,-8.363517913818361,0.0,True,True,True,0,0,0,False,False
horseshoe,1001,6,0,6,-61.467041458129884,-6.718802242279054,0.0,True,True,True,0,0,0,False,False
horseshoe,1001,7,0,7,-61.467041458129884,-5.0740865707397464,0.0,True,True,True,0,0,0,False,False
horseshoe,1001,8,0,8,-61.467041458129884,-3.4293708992004404,0.0,True,True,True,0,0,0,False,False
horseshoe,1001,9,0,9,-61.467041458129884,-1.7846552276611347,0.0,True,True,True,0,0,0,False,False
horseshoe,1001,10,0,10,-61.467041458129884,-0.13993955612182907,0.0,True,True,True,0,0,0,False,False
horseshoe,1001,11,0,11,-61.467041458129884,1.5047761154174801,0.0,True,True,True,0,0,0,False,False
horseshoe,1001,12,0,12,-61.467041458129884,3.1494917869567858,0.0,True,True,True,0,0,0,False,False
horseshoe,1001,13,0,13,-61.467041458129884,4.794207458496091,0.0,True,True,True,0,0,0,False,False
horseshoe,1001,14,0,14,-61.467041458129884,6.4389231300354,0.0,True,True,True,0,0,0,False,False
horseshoe,1001,15,0,15,-61.467041458129884,8.083638801574706,0.0,True,True,True,0,0,0,False,False
horseshoe,1001,16,0,16,-61.467041458129884,9.728354473114011,0.0975609756097561,False,True,True,0,0,0,False,False
horseshoe,1001,17,0,17,-61.467041458129884,11.373070144653317,0.0975609756097561,False,True,True,0,0,0,False,False
horseshoe,1001,18,0,18,-61.467041458129884,13.017785816192623,0.0975609756097561,False,True,True,0,0,0,False,False
horseshoe,1001,19,0,19,-61.467041458129884,14.662501487731932,0.0975609756097561,False,True,True,0,0,0,False,False
horseshoe,1001,20,0,20,-61.467041458129884,16.307217159271236,0.0975609756097561,False,True,True,0,0,0,False,False
horseshoe,1001,21,0,21,-61.467041458129884,17.951932830810545,0.0975609756097561,False,True,True,0,0,0,False,False
horseshoe,1001,22,0,22,-61.467041458129884,19.596648502349854,0.0,True,True,True,0,0,0,False,False
horseshoe,1001,23,0,23,-61.467041458129884,21.241364173889156,0.0,True,True,True,0,0,0,False,False
horseshoe,1001,24,0,24,-61.467041458129884,22.886079845428466,0.0,True,True,True,0,0,0,False,False
horseshoe,1001,25,1,0,-57.85626467895508,-16.58709627151489,0.0,True,True,True,0,0,0,False,False
horseshoe,1001,26,1,1,-57.85626467895508,-14.942380599975587,0.0,True,True,True,0,0,0,False,False
horseshoe,1001,27,1,2,-57.85626467895508,-13.29766492843628,0.0,True,True,True,0,0,0,False,False
horseshoe,1001,28,1,3,-57.85626467895508,-11.652949256896973,0.0,True,True,True,0,0,0,False,False
horseshoe,1001,29,1,4,-57.85626467895508,-10.008233585357667,0.0,True,True,True,0,0,0,False,False
horseshoe,1001,30,1,5,-57.85626467895508,-8.363517913818361,0.0,True,True,True,0,0,0,False,False
horseshoe,1001,31,1,6,-57.85626467895508,-6.718802242279054,0.0,True,True,True,0,0,0,False,False
horseshoe,1001,32,1,7,-57.85626467895508,-5.0740865707397464,0.0,True,True,True,0,0,0,False,False
horseshoe,1001,33,1,8,-57.85626467895508,-3.4293708992004404,0.0,True,True,True,0,0,0,False,False
horseshoe,1001,34,1,9,-57.85626467895508,-1.7846552276611347,0.0,True,True,True,0,0,0,False,False
horseshoe,1001,35,1,10,-57.85626467895508,-0.13993955612182907,0.0,True,True,True,0,0,0,False,False
horseshoe,1001,36,1,11,-57.85626467895508,1.5047761154174801,0.0,True,True,True,0,0,0,False,False
horseshoe,1001,37,1,12,-57.85626467895508,3.1494917869567858,0.0,True,True,True,0,0,0,False,False
horseshoe,1001,38,1,13,-57.85626467895508,4.794207458496091,0.0,True,True,True,0,0,0,False,False
horseshoe,1001,39,1,14,-57.85626467895508,6.4389231300354,0.0,True,True,True,0,0,0,False,False
horseshoe,1001,40,1,15,-57.85626467895508,8.083638801574706,0.0975609756097561,False,True,True,0,0,0,False,False
horseshoe,1001,41,1,16,-57.85626467895508,9.728354473114011,0.2926829268292683,False,True,False,0,0,0,False,False
horseshoe,1001,42,1,17,-57.85626467895508,11.373070144653317,0.4146341463414634,False,True,False,0,0,0,False,False
horseshoe,1001,43,1,18,-57.85626467895508,13.017785816192623,0.4146341463414634,False,True,False,0,0,0,False,False
horseshoe,1001,44,1,19,-57.85626467895508,14.662501487731932,0.4146341463414634,False,True,False,0,0,0,False,False
horseshoe,1001,45,1,20,-57.85626467895508,16.307217159271236,0.1951219512195122,False,True,False,0,0,0,False,False
horseshoe,1001,46,1,21,-57.85626467895508,17.951932830810545,0.0975609756097561,False,True,True,0,0,0,False,False
horseshoe,1001,47,1,22,-57.85626467895508,19.596648502349854,0.0975609756097561,False,True,True,0,0,0,False,False
horseshoe,1001,48,1,23,-57.85626467895508,21.241364173889156,0.0,True,True,True,0,0,0,False,False
horseshoe,1001,49,1,24,-57.85626467895508,22.886079845428466,0.0,True,True,True,0,0,0,False,False
horseshoe,1001,50,2,0,-54.24548789978027,-16.58709627151489,0.0,True,True,True,0,0,0,False,False
horseshoe,1001,51,2,1,-54.24548789978027,-14.942380599975587,0.0,True,True,True,0,0,0,False,False
horseshoe,1001,52,2,2,-54.24548789978027,-13.29766492843628,0.0,True,True,True,0,0,0,False,False
horseshoe,1001,53,2,3,-54.24548789978027,-11.652949256896973,0.0,True,True,True,0,0,0,False,False
horseshoe,1001,54,2,4,-54.24548789978027,-10.008233585357667,0.0,True,True,True,0,0,0,False,False
horseshoe,1001,55,2,5,-54.24548789978027,-8.363517913818361,0.0,True,True,True,0,0,0,False,False
horseshoe,1001,56,2,6,-54.24548789978027,-6.718802242279054,0.0,True,True,True,0,0,0,False,False
horseshoe,1001,57,2,7,-54.24548789978027,-5.0740865707397464,0.0,True,True,True,0,0,0,False,False
horseshoe,1001,58,2,8,-54.24548789978027,-3.4293708992004404,0.0,True,True,True,0,0,0,False,False
horseshoe,1001,59,2,9,-54.24548789978027,-1.7846552276611347,0.0,True,True,True,0,0,0,False,False
horseshoe,1001,60,2,10,-54.24548789978027,-0.13993955612182907,0.0,True,True,True,0,0,0,False,False
horseshoe,1001,61,2,11,-54.24548789978027,1.5047761154174801,0.0,True,True,True,0,0,0,False,False
horseshoe,1001,62,2,12,-54.24548789978027,3.1494917869567858,0.0,True,True,True,0,0,0,False,False
horseshoe,1001,63,2,13,-54.24548789978027,4.794207458496091,0.0,True,True,True,0,0,0,False,False
horseshoe,1001,64,2,14,-54.24548789978027,6.4389231300354,0.0,True,True,True,0,0,0,False,False
horseshoe,1001,65,2,15,-54.24548789978027,8.083638801574706,0.4878048780487805,False,True,False,0,0,0,False,False
horseshoe,1001,66,2,16,-54.24548789978027,9.728354473114011,0.4878048780487805,False,True,False,0,0,0,False,False
horseshoe,1001,67,2,17,-54.24548789978027,11.373070144653317,0.4878048780487805,False,True,False,0,0,0,False,False
horseshoe,1001,68,2,18,-54.24548789978027,13.017785816192623,0.4878048780487805,False,True,False,3,3,0,False,True
horseshoe,1001,69,2,19,-54.24548789978027,14.662501487731932,0.4878048780487805,False,True,False,0,0,0,False,False
horseshoe,1001,70,2,20,-54.24548789978027,16.307217159271236,0.4146341463414634,False,True,False,0,0,0,False,False
horseshoe,1001,71,2,21,-54.24548789978027,17.951932830810545,0.4146341463414634,False,True,False,0,0,0,False,False
horseshoe,1001,72,2,22,-54.24548789978027,19.596648502349854,0.4146341463414634,False,True,False,0,0,0,False,False
horseshoe,1001,73,2,23,-54.24548789978027,21.241364173889156,0.0,True,True,True,0,0,0,False,False
horseshoe,1001,74,2,24,-54.24548789978027,22.886079845428466,0.0,True,True,True,0,0,0,False,False
horseshoe,1001,75,3,0,-50.634711120605466,-16.58709627151489,0.0,True,True,True,0,0,0,False,False
horseshoe,1001,76,3,1,-50.634711120605466,-14.942380599975587,0.0,True,True,True,0,0,0,False,False
horseshoe,1001,77,3,2,-50.634711120605466,-13.29766492843628,0.0,True,True,True,0,0,0,False,False
horseshoe,1001,78,3,3,-50.634711120605466,-11.652949256896973,0.0,True,True,True,0,0,0,False,False
horseshoe,1001,79,3,4,-50.634711120605466,-10.008233585357667,0.0,True,True,True,0,0,0,False,False
horseshoe,1001,80,3,5,-50.634711120605466,-8.363517913818361,0.0,True,True,True,0,0,0,False,False
horseshoe,1001,81,3,6,-50.634711120605466,-6.718802242279054,0.0,True,True,True,0,0,0,False,False
horseshoe,1001,82,3,7,-50.634711120605466,-5.0740865707397464,0.0,True,True,True,0,0,0,False,False
horseshoe,1001,83,3,8,-50.634711120605466,-3.4293708992004404,0.0,True,True,True,0,0,0,False,False
horseshoe,1001,84,3,9,-50.634711120605466,-1.7846552276611347,0.0,True,True,True,0,0,0,False,False
horseshoe,1001,85,3,10,-50.634711120605466,-0.13993955612182907,0.0,True,True,True,0,0,0,False,False
horseshoe,1001,86,3,11,-50.634711120605466,1.5047761154174801,0.0,True,True,True,0,0,0,False,False
horseshoe,1001,87,3,12,-50.634711120605466,3.1494917869567858,0.0,True,True,True,0,0,0,False,False
horseshoe,1001,88,3,13,-50.634711120605466,4.794207458496091,0.04878048780487805,False,True,True,0,0,0,False,False
horseshoe,1001,89,3,14,-50.634711120605466,6.4389231300354,0.4634146341463415,False,True,False,0,0,0,False,False
horseshoe,1001,90,3,15,-50.634711120605466,8.083638801574706,0.8048780487804879,False,False,False,0,0,0,False,False
horseshoe,1001,91,3,16,-50.634711120605466,9.728354473114011,0.8048780487804879,False,False,False,0,0,0,False,False
horseshoe,1001,92,3,17,-50.634711120605466,11.373070144653317,0.8048780487804879,False,False,False,2,2,0,False,True
horseshoe,1001,93,3,18,-50.634711120605466,13.017785816192623,0.8048780487804879,False,False,False,0,0,0,False,False
horseshoe,1001,94,3,19,-50.634711120605466,14.662501487731932,0.6829268292682927,False,False,False,0,0,0,False,False
horseshoe,1001,95,3,20,-50.634711120605466,16.307217159271236,0.4878048780487805,False,True,False,0,0,0,False,False
horseshoe,1001,96,3,21,-50.634711120605466,17.951932830810545,0.43902439024390244,False,True,False,0,0,0,False,False
horseshoe,1001,97,3,22,-50.634711120605466,19.596648502349854,0.43902439024390244,False,True,False,0,0,0,False,False
horseshoe,1001,98,3,23,-50.634711120605466,21.241364173889156,0.0,True,True,True,0,0,0,False,False
horseshoe,1001,99,3,24,-50.634711120605466,22.886079845428466,0.0,True,True,True,0,0,0,False,False
horseshoe,1001,100,4,0,-47.02393434143067,-16.58709627151489,0.0,True,True,True,0,0,0,False,False
horseshoe,1001,101,4,1,-47.02393434143067,-14.942380599975587,0.0,True,True,True,0,0,0,False,False
horseshoe,1001,102,4,2,-47.02393434143067,-13.29766492843628,0.0,True,True,True,0,0,0,False,False
horseshoe,1001,103,4,3,-47.02393434143067,-11.652949256896973,0.0,True,True,True,0,0,0,False,False
horseshoe,1001,104,4,4,-47.02393434143067,-10.008233585357667,0.0,True,True,True,0,0,0,False,False
horseshoe,1001,105,4,5,-47.02393434143067,-8.363517913818361,0.0,True,True,True,0,0,0,False,False
horseshoe,1001,106,4,6,-47.02393434143067,-6.718802242279054,0.0,True,True,True,0,0,0,False,False
horseshoe,1001,107,4,7,-47.02393434143067,-5.0740865707397464,0.0,True,True,True,0,0,0,False,False
horseshoe,1001,108,4,8,-47.02393434143067,-3.4293708992004404,0.0,True,True,True,0,0,0,False,False
horseshoe,1001,109,4,9,-47.02393434143067,-1.7846552276611347,0.0,True,True,True,0,0,0,False,False
horseshoe,1001,110,4,10,-47.02393434143067,-0.13993955612182907,0.0,True,True,True,0,0,0,False,False
horseshoe,1001,111,4,11,-47.02393434143067,1.5047761154174801,0.0,True,True,True,0,0,0,False,False
horseshoe,1001,112,4,12,-47.02393434143067,3.1494917869567858,0.0975609756097561,False,True,True,0,0,0,False,False
horseshoe,1001,113,4,13,-47.02393434143067,4.794207458496091,0.4634146341463415,False,True,False,0,0,0,False,False
horseshoe,1001,114,4,14,-47.02393434143067,6.4389231300354,0.7317073170731707,False,False,False,0,0,0,False,False
horseshoe,1001,115,4,15,-47.02393434143067,8.083638801574706,0.7560975609756098,False,False,False,0,0,0,False,False
horseshoe,1001,116,4,16,-47.02393434143067,9.728354473114011,0.8048780487804879,False,False,False,8,8,0,False,True
horseshoe,1001,117,4,17,-47.02393434143067,11.373070144653317,0.9024390243902439,False,False,False,1,1,0,False,True
horseshoe,1001,118,4,18,-47.02393434143067,13.017785816192623,0.8780487804878049,False,False,False,2,2,0,False,True
horseshoe,1001,119,4,19,-47.02393434143067,14.662501487731932,0.8780487804878049,False,False,False,0,0,0,False,False
horseshoe,1001,120,4,20,-47.02393434143067,16.307217159271236,0.5853658536585366,False,False,False,0,0,0,False,False
horseshoe,1001,121,4,21,-47.02393434143067,17.951932830810545,0.12195121951219512,False,True,False,0,0,0,False,False
horseshoe,1001,122,4,22,-47.02393434143067,19.596648502349854,0.0975609756097561,False,True,True,0,0,0,False,False
horseshoe,1001,123,4,23,-47.02393434143067,21.241364173889156,0.0,True,True,True,0,0,0,False,False
horseshoe,1001,124,4,24,-47.02393434143067,22.886079845428466,0.0,True,True,True,0,0,0,False,False
horseshoe,1001,125,5,0,-43.41315756225586,-16.58709627151489,0.0,True,True,True,0,0,0,False,False
horseshoe,1001,126,5,1,-43.41315756225586,-14.942380599975587,0.0,True,True,True,0,0,0,False,False
horseshoe,1001,127,5,2,-43.41315756225586,-13.29766492843628,0.0,True,True,True,0,0,0,False,False
horseshoe,1001,128,5,3,-43.41315756225586,-11.652949256896973,0.0,True,True,True,0,0,0,False,False
horseshoe,1001,129,5,4,-43.41315756225586,-10.008233585357667,0.0,True,True,True,0,0,0,False,False
horseshoe,1001,130,5,5,-43.41315756225586,-8.363517913818361,0.0,True,True,True,0,0,0,False,False
horseshoe,1001,131,5,6,-43.41315756225586,-6.718802242279054,0.0,True,True,True,0,0,0,False,False
horseshoe,1001,132,5,7,-43.41315756225586,-5.0740865707397464,0.0,True,True,True,0,0,0,False,False
horseshoe,1001,133,5,8,-43.41315756225586,-3.4293708992004404,0.0,True,True,True,0,0,0,False,False
horseshoe,1001,134,5,9,-43.41315756225586,-1.7846552276611347,0.0,True,True,True,0,0,0,False,False
horseshoe,1001,135,5,10,-43.41315756225586,-0.13993955612182907,0.0,True,True,True,0,0,0,False,False
horseshoe,1001,136,5,11,-43.41315756225586,1.5047761154174801,0.0975609756097561,False,True,True,0,0,0,False,False
horseshoe,1001,137,5,12,-43.41315756225586,3.1494917869567858,0.5853658536585366,False,False,False,0,0,0,False,False
horseshoe,1001,138,5,13,-43.41315756225586,4.794207458496091,0.7073170731707317,False,False,False,0,0,0,False,False
horseshoe,1001,139,5,14,-43.41315756225586,6.4389231300354,0.8780487804878049,False,False,False,0,0,0,False,False
horseshoe,1001,140,5,15,-43.41315756225586,8.083638801574706,0.8780487804878049,False,False,False,6,6,0,False,True
horseshoe,1001,141,5,16,-43.41315756225586,9.728354473114011,0.8292682926829268,False,False,False,1,1,0,False,True
horseshoe,1001,142,5,17,-43.41315756225586,11.373070144653317,0.8292682926829268,False,False,False,4,4,0,False,True
horseshoe,1001,143,5,18,-43.41315756225586,13.017785816192623,0.7804878048780488,False,False,False,0,0,0,False,False
horseshoe,1001,144,5,19,-43.41315756225586,14.662501487731932,0.7560975609756098,False,False,False,0,0,0,False,False
horseshoe,1001,145,5,20,-43.41315756225586,16.307217159271236,0.5853658536585366,False,False,False,0,0,0,False,False
horseshoe,1001,146,5,21,-43.41315756225586,17.951932830810545,0.0,True,True,True,0,0,0,False,False
horseshoe,1001,147,5,22,-43.41315756225586,19.596648502349854,0.0,True,True,True,0,0,0,False,False
horseshoe,1001,148,5,23,-43.41315756225586,21.241364173889156,0.0,True,True,True,0,0,0,False,False
horseshoe,1001,149,5,24,-43.41315756225586,22.886079845428466,0.0,True,True,True,0,0,0,False,False
horseshoe,1001,150,6,0,-39.802380783081055,-16.58709627151489,0.0,True,True,True,0,0,0,False,False
horseshoe,1001,151,6,1,-39.802380783081055,-14.942380599975587,0.0,True,True,True,0,0,0,False,False
horseshoe,1001,152,6,2,-39.802380783081055,-13.29766492843628,0.0,True,True,True,0,0,0,False,False
horseshoe,1001,153,6,3,-39.802380783081055,-11.652949256896973,0.0,True,True,True,0,0,0,False,False
horseshoe,1001,154,6,4,-39.802380783081055,-10.008233585357667,0.0,True,True,True,0,0,0,False,False
horseshoe,1001,155,6,5,-39.802380783081055,-8.363517913818361,0.0,True,True,True,0,0,0,False,False
horseshoe,1001,156,6,6,-39.802380783081055,-6.718802242279054,0.0,True,True,True,0,0,0,False,False
horseshoe,1001,157,6,7,-39.802380783081055,-5.0740865707397464,0.0,True,True,True,0,0,0,False,False
horseshoe,1001,158,6,8,-39.802380783081055,-3.4293708992004404,0.0,True,True,True,0,0,0,False,False
horseshoe,1001,159,6,9,-39.802380783081055,-1.7846552276611347,0.0,True,True,True,0,0,0,False,False
horseshoe,1001,160,6,10,-39.802380783081055,-0.13993955612182907,0.0975609756097561,False,True,True,0,0,0,False,False
horseshoe,1001,161,6,11,-39.802380783081055,1.5047761154174801,0.7804878048780488,False,False,False,0,0,0,False,False
horseshoe,1001,162,6,12,-39.802380783081055,3.1494917869567858,0.975609756097561,False,False,False,0,0,0,False,False
horseshoe,1001,163,6,13,-39.802380783081055,4.794207458496091,0.975609756097561,False,False,False,1,1,0,False,True
horseshoe,1001,164,6,14,-39.802380783081055,6.4389231300354,1.0,False,False,False,12,12,0,False,True
horseshoe,1001,165,6,15,-39.802380783081055,8.083638801574706,1.0,False,False,False,3,3,0,False,True
horseshoe,1001,166,6,16,-39.802380783081055,9.728354473114011,1.0,False,False,False,9,9,0,False,True
horseshoe,1001,167,6,17,-39.802380783081055,11.373070144653317,0.8048780487804879,False,False,False,6,6,0,False,True
horseshoe,1001,168,6,18,-39.802380783081055,13.017785816192623,0.6341463414634146,False,False,False,0,0,0,False,False
horseshoe,1001,169,6,19,-39.802380783081055,14.662501487731932,0.6341463414634146,False,False,False,0,0,0,False,False
horseshoe,1001,170,6,20,-39.802380783081055,16.307217159271236,0.4634146341463415,False,True,False,0,0,0,False,False
horseshoe,1001,171,6,21,-39.802380783081055,17.951932830810545,0.04878048780487805,False,True,True,0,0,0,False,False
horseshoe,1001,172,6,22,-39.802380783081055,19.596648502349854,0.0,True,True,True,0,0,0,False,False
horseshoe,1001,173,6,23,-39.802380783081055,21.241364173889156,0.0,True,True,True,0,0,0,False,False
horseshoe,1001,174,6,24,-39.802380783081055,22.886079845428466,0.0,True,True,True,0,0,0,False,False
horseshoe,1001,175,7,0,-36.19160400390626,-16.58709627151489,0.0,True,True,True,0,0,0,False,False
horseshoe,1001,176,7,1,-36.19160400390626,-14.942380599975587,0.0,True,True,True,0,0,0,False,False
horseshoe,1001,177,7,2,-36.19160400390626,-13.29766492843628,0.0,True,True,True,0,0,0,False,False
horseshoe,1001,178,7,3,-36.19160400390626,-11.652949256896973,0.0,True,True,True,0,0,0,False,False
horseshoe,1001,179,7,4,-36.19160400390626,-10.008233585357667,0.0,True,True,True,0,0,0,False,False
horseshoe,1001,180,7,5,-36.19160400390626,-8.363517913818361,0.0,True,True,True,0,0,0,False,False
horseshoe,1001,181,7,6,-36.19160400390626,-6.718802242279054,0.0,True,True,True,0,0,0,False,False
horseshoe,1001,182,7,7,-36.19160400390626,-5.0740865707397464,0.0,True,True,True,0,0,0,False,False
horseshoe,1001,183,7,8,-36.19160400390626,-3.4293708992004404,0.1951219512195122,False,True,False,0,0,0,False,False
horseshoe,1001,184,7,9,-36.19160400390626,-1.7846552276611347,0.36585365853658536,False,True,False,0,0,0,False,False
horseshoe,1001,185,7,10,-36.19160400390626,-0.13993955612182907,0.9024390243902439,False,False,False,0,0,0,False,False
horseshoe,1001,186,7,11,-36.19160400390626,1.5047761154174801,1.0,False,False,False,0,0,0,False,False
horseshoe,1001,187,7,12,-36.19160400390626,3.1494917869567858,1.0,False,False,False,0,0,0,False,False
horseshoe,1001,188,7,13,-36.19160400390626,4.794207458496091,1.0,False,False,False,7,7,0,False,True
horseshoe,1001,189,7,14,-36.19160400390626,6.4389231300354,1.0,False,False,False,6,6,0,False,True
horseshoe,1001,190,7,15,-36.19160400390626,8.083638801574706,1.0,False,False,False,9,9,0,False,True
horseshoe,1001,191,7,16,-36.19160400390626,9.728354473114011,1.0,False,False,False,0,0,0,False,False
horseshoe,1001,192,7,17,-36.19160400390626,11.373070144653317,0.975609756097561,False,False,False,0,0,0,False,False
horseshoe,1001,193,7,18,-36.19160400390626,13.017785816192623,0.8780487804878049,False,False,False,0,0,0,False,False
horseshoe,1001,194,7,19,-36.19160400390626,14.662501487731932,0.5121951219512195,False,False,False,0,0,0,False,False
horseshoe,1001,195,7,20,-36.19160400390626,16.307217159271236,0.24390243902439024,False,True,False,0,0,0,False,False
horseshoe,1001,196,7,21,-36.19160400390626,17.951932830810545,0.0,True,True,True,0,0,0,False,False
horseshoe,1001,197,7,22,-36.19160400390626,19.596648502349854,0.0,True,True,True,0,0,0,False,False
horseshoe,1001,198,7,23,-36.19160400390626,21.241364173889156,0.0,True,True,True,0,0,0,False,False
horseshoe,1001,199,7,24,-36.19160400390626,22.886079845428466,0.0,True,True,True,0,0,0,False,False
horseshoe,1001,200,8,0,-32.58082722473144,-16.58709627151489,0.0,True,True,True,0,0,0,False,False
horseshoe,1001,201,8,1,-32.58082722473144,-14.942380599975587,0.0,True,True,True,0,0,0,False,False
horseshoe,1001,202,8,2,-32.58082722473144,-13.29766492843628,0.0,True,True,True,0,0,0,False,False
horseshoe,1001,203,8,3,-32.58082722473144,-11.652949256896973,0.0,True,True,True,0,0,0,False,False
horseshoe,1001,204,8,4,-32.58082722473144,-10.008233585357667,0.0,True,True,True,0,0,0,False,False
horseshoe,1001,205,8,5,-32.58082722473144,-8.363517913818361,0.0,True,True,True,0,0,0,False,False
horseshoe,1001,206,8,6,-32.58082722473144,-6.718802242279054,0.0,True,True,True,0,0,0,False,False
horseshoe,1001,207,8,7,-32.58082722473144,-5.0740865707397464,0.1951219512195122,False,True,False,0,0,0,False,False
horseshoe,1001,208,8,8,-32.58082722473144,-3.4293708992004404,0.7073170731707317,False,False,False,0,0,0,False,False
horseshoe,1001,209,8,9,-32.58082722473144,-1.7846552276611347,1.0,False,False,False,0,0,0,False,False
horseshoe,1001,210,8,10,-32.58082722473144,-0.13993955612182907,1.0,False,False,False,0,0,0,False,False
horseshoe,1001,211,8,11,-32.58082722473144,1.5047761154174801,1.0,False,False,False,0,0,0,False,False
horseshoe,1001,212,8,12,-32.58082722473144,3.1494917869567858,1.0,False,False,False,14,14,0,False,True
horseshoe,1001,213,8,13,-32.58082722473144,4.794207458496091,1.0,False,False,False,9,9,0,False,True
horseshoe,1001,214,8,14,-32.58082722473144,6.4389231300354,1.0,False,False,False,2,2,0,False,True
horseshoe,1001,215,8,15,-32.58082722473144,8.083638801574706,1.0,False,False,False,4,4,0,False,True
horseshoe,1001,216,8,16,-32.58082722473144,9.728354473114011,0.975609756097561,False,False,False,1,1,0,False,True
horseshoe,1001,217,8,17,-32.58082722473144,11.373070144653317,0.9512195121951219,False,False,False,0,0,0,False,False
horseshoe,1001,218,8,18,-32.58082722473144,13.017785816192623,0.8536585365853658,False,False,False,0,0,0,False,False
horseshoe,1001,219,8,19,-32.58082722473144,14.662501487731932,0.4634146341463415,False,True,False,0,0,0,False,False
horseshoe,1001,220,8,20,-32.58082722473144,16.307217159271236,0.1951219512195122,False,True,False,0,0,0,False,False
horseshoe,1001,221,8,21,-32.58082722473144,17.951932830810545,0.0,True,True,True,0,0,0,False,False
horseshoe,1001,222,8,22,-32.58082722473144,19.596648502349854,0.0,True,True,True,0,0,0,False,False
horseshoe,1001,223,8,23,-32.58082722473144,21.241364173889156,0.0,True,True,True,0,0,0,False,False
horseshoe,1001,224,8,24,-32.58082722473144,22.886079845428466,0.0,True,True,True,0,0,0,False,False
horseshoe,1001,225,9,0,-28.97005044555664,-16.58709627151489,0.0,True,True,True,0,0,0,False,False
horseshoe,1001,226,9,1,-28.97005044555664,-14.942380599975587,0.0,True,True,True,0,0,0,False,False
horseshoe,1001,227,9,2,-28.97005044555664,-13.29766492843628,0.0,True,True,True,0,0,0,False,False
horseshoe,1001,228,9,3,-28.97005044555664,-11.652949256896973,0.0,True,True,True,0,0,0,False,False
horseshoe,1001,229,9,4,-28.97005044555664,-10.008233585357667,0.0,True,True,True,0,0,0,False,False
horseshoe,1001,230,9,5,-28.97005044555664,-8.363517913818361,0.0,True,True,True,0,0,0,False,False
horseshoe,1001,231,9,6,-28.97005044555664,-6.718802242279054,0.0,True,True,True,0,0,0,False,False
horseshoe,1001,232,9,7,-28.97005044555664,-5.0740865707397464,0.6829268292682927,False,False,False,0,0,0,False,False
horseshoe,1001,233,9,8,-28.97005044555664,-3.4293708992004404,0.975609756097561,False,False,False,0,0,0,False,False
horseshoe,1001,234,9,9,-28.97005044555664,-1.7846552276611347,1.0,False,False,False,0,0,0,False,False
horseshoe,1001,235,9,10,-28.97005044555664,-0.13993955612182907,1.0,False,False,False,0,0,0,False,False
horseshoe,1001,236,9,11,-28.97005044555664,1.5047761154174801,1.0,False,False,False,13,13,0,False,True
horseshoe,1001,237,9,12,-28.97005044555664,3.1494917869567858,1.0,False,False,False,41,41,0,False,True
horseshoe,1001,238,9,13,-28.97005044555664,4.794207458496091,1.0,False,False,False,8,8,0,False,True
horseshoe,1001,239,9,14,-28.97005044555664,6.4389231300354,1.0,False,False,False,4,4,0,False,True
horseshoe,1001,240,9,15,-28.97005044555664,8.083638801574706,1.0,False,False,False,5,5,0,False,True
horseshoe,1001,241,9,16,-28.97005044555664,9.728354473114011,1.0,False,False,False,2,2,0,False,True
horseshoe,1001,242,9,17,-28.97005044555664,11.373070144653317,1.0,False,False,False,1,1,0,False,True
horseshoe,1001,243,9,18,-28.97005044555664,13.017785816192623,1.0,False,False,False,0,0,0,False,False
horseshoe,1001,244,9,19,-28.97005044555664,14.662501487731932,0.975609756097561,False,False,False,0,0,0,False,False
horseshoe,1001,245,9,20,-28.97005044555664,16.307217159271236,0.6341463414634146,False,False,False,0,0,0,False,False
horseshoe,1001,246,9,21,-28.97005044555664,17.951932830810545,0.0975609756097561,False,True,True,0,0,0,False,False
horseshoe,1001,247,9,22,-28.97005044555664,19.596648502349854,0.0,True,True,True,0,0,0,False,False
horseshoe,1001,248,9,23,-28.97005044555664,21.241364173889156,0.0,True,True,True,0,0,0,False,False
horseshoe,1001,249,9,24,-28.97005044555664,22.886079845428466,0.0,True,True,True,0,0,0,False,False
horseshoe,1001,250,10,0,-25.359273666381835,-16.58709627151489,0.0,True,True,True,0,0,0,False,False
horseshoe,1001,251,10,1,-25.359273666381835,-14.942380599975587,0.0,True,True,True,0,0,0,False,False
horseshoe,1001,252,10,2,-25.359273666381835,-13.29766492843628,0.04878048780487805,False,True,True,0,0,0,False,False
horseshoe,1001,253,10,3,-25.359273666381835,-11.652949256896973,0.0,True,True,True,0,0,0,False,False
horseshoe,1001,254,10,4,-25.359273666381835,-10.008233585357667,0.0,True,True,True,0,0,0,False,False
horseshoe,1001,255,10,5,-25.359273666381835,-8.363517913818361,0.0,True,True,True,0,0,0,False,False
horseshoe,1001,256,10,6,-25.359273666381835,-6.718802242279054,0.7073170731707317,False,False,False,0,0,0,False,False
horseshoe,1001,257,10,7,-25.359273666381835,-5.0740865707397464,0.975609756097561,False,False,False,0,0,0,False,False
horseshoe,1001,258,10,8,-25.359273666381835,-3.4293708992004404,1.0,False,False,False,0,0,0,False,False
horseshoe,1001,259,10,9,-25.359273666381835,-1.7846552276611347,1.0,False,False,False,4,4,0,False,True
horseshoe,1001,260,10,10,-25.359273666381835,-0.13993955612182907,1.0,False,False,False,20,20,0,False,True
horseshoe,1001,261,10,11,-25.359273666381835,1.5047761154174801,1.0,False,False,False,12,12,0,False,True
horseshoe,1001,262,10,12,-25.359273666381835,3.1494917869567858,1.0,False,False,False,18,18,0,False,True
horseshoe,1001,263,10,13,-25.359273666381835,4.794207458496091,1.0,False,False,False,8,8,0,False,True
horseshoe,1001,264,10,14,-25.359273666381835,6.4389231300354,1.0,False,False,False,4,4,0,False,True
horseshoe,1001,265,10,15,-25.359273666381835,8.083638801574706,1.0,False,False,False,14,14,0,False,True
horseshoe,1001,266,10,16,-25.359273666381835,9.728354473114011,1.0,False,False,False,19,19,0,False,True
horseshoe,1001,267,10,17,-25.359273666381835,11.373070144653317,1.0,False,False,False,21,21,0,False,True
horseshoe,1001,268,10,18,-25.359273666381835,13.017785816192623,1.0,False,False,False,0,0,0,False,False
horseshoe,1001,269,10,19,-25.359273666381835,14.662501487731932,1.0,False,False,False,0,0,0,False,False
horseshoe,1001,270,10,20,-25.359273666381835,16.307217159271236,0.9024390243902439,False,False,False,0,0,0,False,False
horseshoe,1001,271,10,21,-25.359273666381835,17.951932830810545,0.1951219512195122,False,True,False,0,0,0,False,False
horseshoe,1001,272,10,22,-25.359273666381835,19.596648502349854,0.0,True,True,True,0,0,0,False,False
horseshoe,1001,273,10,23,-25.359273666381835,21.241364173889156,0.0,True,True,True,0,0,0,False,False
horseshoe,1001,274,10,24,-25.359273666381835,22.886079845428466,0.0,True,True,True,0,0,0,False,False
horseshoe,1001,275,11,0,-21.74849688720703,-16.58709627151489,0.36585365853658536,False,True,False,0,0,0,False,False
horseshoe,1001,276,11,1,-21.74849688720703,-14.942380599975587,0.5609756097560976,False,False,False,0,0,0,False,False
horseshoe,1001,277,11,2,-21.74849688720703,-13.29766492843628,0.7317073170731707,False,False,False,0,0,0,False,False
horseshoe,1001,278,11,3,-21.74849688720703,-11.652949256896973,0.7560975609756098,False,False,False,0,0,0,False,False
horseshoe,1001,279,11,4,-21.74849688720703,-10.008233585357667,0.8780487804878049,False,False,False,0,0,0,False,False
horseshoe,1001,280,11,5,-21.74849688720703,-8.363517913818361,0.975609756097561,False,False,False,0,0,0,False,False
horseshoe,1001,281,11,6,-21.74849688720703,-6.718802242279054,1.0,False,False,False,0,0,0,False,False
horseshoe,1001,282,11,7,-21.74849688720703,-5.0740865707397464,1.0,False,False,False,0,0,0,False,False
horseshoe,1001,283,11,8,-21.74849688720703,-3.4293708992004404,1.0,False,False,False,0,0,0,False,False
horseshoe,1001,284,11,9,-21.74849688720703,-1.7846552276611347,1.0,False,False,False,26,26,0,False,True
horseshoe,1001,285,11,10,-21.74849688720703,-0.13993955612182907,1.0,False,False,False,89,89,0,False,True
horseshoe,1001,286,11,11,-21.74849688720703,1.5047761154174801,1.0,False,False,False,11,11,0,False,True
horseshoe,1001,287,11,12,-21.74849688720703,3.1494917869567858,1.0,False,False,False,7,7,0,False,True
horseshoe,1001,288,11,13,-21.74849688720703,4.794207458496091,1.0,False,False,False,6,6,0,False,True
horseshoe,1001,289,11,14,-21.74849688720703,6.4389231300354,1.0,False,False,False,10,10,0,False,True
horseshoe,1001,290,11,15,-21.74849688720703,8.083638801574706,1.0,False,False,False,21,21,0,False,True
horseshoe,1001,291,11,16,-21.74849688720703,9.728354473114011,1.0,False,False,False,46,46,0,False,True
horseshoe,1001,292,11,17,-21.74849688720703,11.373070144653317,1.0,False,False,False,6,6,0,False,True
horseshoe,1001,293,11,18,-21.74849688720703,13.017785816192623,1.0,False,False,False,0,0,0,False,False
horseshoe,1001,294,11,19,-21.74849688720703,14.662501487731932,1.0,False,False,False,0,0,0,False,False
horseshoe,1001,295,11,20,-21.74849688720703,16.307217159271236,0.8536585365853658,False,False,False,0,0,0,False,False
horseshoe,1001,296,11,21,-21.74849688720703,17.951932830810545,0.04878048780487805,False,True,True,0,0,0,False,False
horseshoe,1001,297,11,22,-21.74849688720703,19.596648502349854,0.0,True,True,True,0,0,0,False,False
horseshoe,1001,298,11,23,-21.74849688720703,21.241364173889156,0.0,True,True,True,0,0,0,False,False
horseshoe,1001,299,11,24,-21.74849688720703,22.886079845428466,0.0,True,True,True,0,0,0,False,False
horseshoe,1001,300,12,0,-18.137720108032223,-16.58709627151489,1.0,False,False,False,0,0,0,False,False
horseshoe,1001,301,12,1,-18.137720108032223,-14.942380599975587,1.0,False,False,False,0,0,0,False,False
horseshoe,1001,302,12,2,-18.137720108032223,-13.29766492843628,1.0,False,False,False,2,2,0,False,True
horseshoe,1001,303,12,3,-18.137720108032223,-11.652949256896973,1.0,False,False,False,0,0,0,False,False
horseshoe,1001,304,12,4,-18.137720108032223,-10.008233585357667,1.0,False,False,False,0,0,0,False,False
horseshoe,1001,305,12,5,-18.137720108032223,-8.363517913818361,1.0,False,False,False,11,11,0,False,True
horseshoe,1001,306,12,6,-18.137720108032223,-6.718802242279054,1.0,False,False,False,56,56,0,False,True
horseshoe,1001,307,12,7,-18.137720108032223,-5.0740865707397464,1.0,False,False,False,12,12,0,False,True
horseshoe,1001,308,12,8,-18.137720108032223,-3.4293708992004404,1.0,False,False,False,4,4,0,False,True
horseshoe,1001,309,12,9,-18.137720108032223,-1.7846552276611347,1.0,False,False,False,18,18,0,False,True
horseshoe,1001,310,12,10,-18.137720108032223,-0.13993955612182907,1.0,False,False,False,73,73,0,False,True
horseshoe,1001,311,12,11,-18.137720108032223,1.5047761154174801,1.0,False,False,False,7,7,0,False,True
horseshoe,1001,312,12,12,-18.137720108032223,3.1494917869567858,1.0,False,False,False,7,7,0,False,True
horseshoe,1001,313,12,13,-18.137720108032223,4.794207458496091,1.0,False,False,False,9,9,0,False,True
horseshoe,1001,314,12,14,-18.137720108032223,6.4389231300354,1.0,False,False,False,18,18,0,False,True
horseshoe,1001,315,12,15,-18.137720108032223,8.083638801574706,1.0,False,False,False,56,56,0,False,True
horseshoe,1001,316,12,16,-18.137720108032223,9.728354473114011,1.0,False,False,False,63,63,0,False,True
horseshoe,1001,317,12,17,-18.137720108032223,11.373070144653317,1.0,False,False,False,2,2,0,False,True
horseshoe,1001,318,12,18,-18.137720108032223,13.017785816192623,1.0,False,False,False,0,0,0,False,False
horseshoe,1001,319,12,19,-18.137720108032223,14.662501487731932,1.0,False,False,False,0,0,0,False,False
horseshoe,1001,320,12,20,-18.137720108032223,16.307217159271236,0.6829268292682927,False,False,False,0,0,0,False,False
horseshoe,1001,321,12,21,-18.137720108032223,17.951932830810545,0.024390243902439025,False,True,True,0,0,0,False,False
horseshoe,1001,322,12,22,-18.137720108032223,19.596648502349854,0.024390243902439025,False,True,True,0,0,0,False,False
horseshoe,1001,323,12,23,-18.137720108032223,21.241364173889156,0.0,True,True,True,0,0,0,False,False
horseshoe,1001,324,12,24,-18.137720108032223,22.886079845428466,0.0,True,True,True,0,0,0,False,False
horseshoe,1001,325,13,0,-14.526943328857417,-16.58709627151489,1.0,False,False,False,0,0,0,False,False
horseshoe,1001,326,13,1,-14.526943328857417,-14.942380599975587,1.0,False,False,False,0,0,0,False,False
horseshoe,1001,327,13,2,-14.526943328857417,-13.29766492843628,1.0,False,False,False,3,3,0,False,True
horseshoe,1001,328,13,3,-14.526943328857417,-11.652949256896973,1.0,False,False,False,15,15,0,False,True
horseshoe,1001,329,13,4,-14.526943328857417,-10.008233585357667,1.0,False,False,False,29,29,0,False,True
horseshoe,1001,330,13,5,-14.526943328857417,-8.363517913818361,1.0,False,False,False,41,41,0,False,True
horseshoe,1001,331,13,6,-14.526943328857417,-6.718802242279054,1.0,False,False,False,65,65,0,False,True
horseshoe,1001,332,13,7,-14.526943328857417,-5.0740865707397464,1.0,False,False,False,147,147,0,False,True
horseshoe,1001,333,13,8,-14.526943328857417,-3.4293708992004404,1.0,False,False,False,72,72,0,False,True
horseshoe,1001,334,13,9,-14.526943328857417,-1.7846552276611347,1.0,False,False,False,22,22,0,False,True
horseshoe,1001,335,13,10,-14.526943328857417,-0.13993955612182907,1.0,False,False,False,24,24,0,False,True
horseshoe,1001,336,13,11,-14.526943328857417,1.5047761154174801,1.0,False,False,False,30,30,0,False,True
horseshoe,1001,337,13,12,-14.526943328857417,3.1494917869567858,1.0,False,False,False,12,12,0,False,True
horseshoe,1001,338,13,13,-14.526943328857417,4.794207458496091,1.0,False,False,False,37,37,0,False,True
horseshoe,1001,339,13,14,-14.526943328857417,6.4389231300354,1.0,False,False,False,38,38,0,False,True
horseshoe,1001,340,13,15,-14.526943328857417,8.083638801574706,1.0,False,False,False,86,86,0,False,True
horseshoe,1001,341,13,16,-14.526943328857417,9.728354473114011,1.0,False,False,False,12,12,0,False,True
horseshoe,1001,342,13,17,-14.526943328857417,11.373070144653317,1.0,False,False,False,4,4,0,False,True
horseshoe,1001,343,13,18,-14.526943328857417,13.017785816192623,1.0,False,False,False,0,0,0,False,False
horseshoe,1001,344,13,19,-14.526943328857417,14.662501487731932,1.0,False,False,False,0,0,0,False,False
horseshoe,1001,345,13,20,-14.526943328857417,16.307217159271236,0.5853658536585366,False,False,False,0,0,0,False,False
horseshoe,1001,346,13,21,-14.526943328857417,17.951932830810545,0.1951219512195122,False,True,False,0,0,0,False,False
horseshoe,1001,347,13,22,-14.526943328857417,19.596648502349854,0.1951219512195122,False,True,False,0,0,0,False,False
horseshoe,1001,348,13,23,-14.526943328857417,21.241364173889156,0.0,True,True,True,0,0,0,False,False
horseshoe,1001,349,13,24,-14.526943328857417,22.886079845428466,0.0,True,True,True,0,0,0,False,False
horseshoe,1001,350,14,0,-10.916166549682618,-16.58709627151489,1.0,False,False,False,0,0,0,False,False
horseshoe,1001,351,14,1,-10.916166549682618,-14.942380599975587,1.0,False,False,False,0,0,0,False,False
horseshoe,1001,352,14,2,-10.916166549682618,-13.29766492843628,1.0,False,False,False,0,0,0,False,False
horseshoe,1001,353,14,3,-10.916166549682618,-11.652949256896973,1.0,False,False,False,22,22,0,False,True
horseshoe,1001,354,14,4,-10.916166549682618,-10.008233585357667,1.0,False,False,False,136,136,0,False,True
horseshoe,1001,355,14,5,-10.916166549682618,-8.363517913818361,1.0,False,False,False,102,102,0,False,True
horseshoe,1001,356,14,6,-10.916166549682618,-6.718802242279054,1.0,False,False,False,96,96,0,False,True
horseshoe,1001,357,14,7,-10.916166549682618,-5.0740865707397464,1.0,False,False,False,136,136,0,False,True
horseshoe,1001,358,14,8,-10.916166549682618,-3.4293708992004404,1.0,False,False,False,194,194,0,False,True
horseshoe,1001,359,14,9,-10.916166549682618,-1.7846552276611347,1.0,False,False,False,73,73,0,False,True
horseshoe,1001,360,14,10,-10.916166549682618,-0.13993955612182907,1.0,False,False,False,51,51,0,False,True
horseshoe,1001,361,14,11,-10.916166549682618,1.5047761154174801,1.0,False,False,False,35,35,0,False,True
horseshoe,1001,362,14,12,-10.916166549682618,3.1494917869567858,1.0,False,False,False,15,15,0,False,True
horseshoe,1001,363,14,13,-10.916166549682618,4.794207458496091,1.0,False,False,False,46,46,0,False,True
horseshoe,1001,364,14,14,-10.916166549682618,6.4389231300354,1.0,False,False,False,88,88,0,False,True
horseshoe,1001,365,14,15,-10.916166549682618,8.083638801574706,1.0,False,False,False,38,38,0,False,True
horseshoe,1001,366,14,16,-10.916166549682618,9.728354473114011,1.0,False,False,False,3,3,0,False,True
horseshoe,1001,367,14,17,-10.916166549682618,11.373070144653317,1.0,False,False,False,0,0,0,False,False
horseshoe,1001,368,14,18,-10.916166549682618,13.017785816192623,1.0,False,False,False,1,1,0,False,True
horseshoe,1001,369,14,19,-10.916166549682618,14.662501487731932,1.0,False,False,False,5,5,0,False,True
horseshoe,1001,370,14,20,-10.916166549682618,16.307217159271236,0.8536585365853658,False,False,False,0,0,0,False,False
horseshoe,1001,371,14,21,-10.916166549682618,17.951932830810545,0.5853658536585366,False,False,False,0,0,0,False,False
horseshoe,1001,372,14,22,-10.916166549682618,19.596648502349854,0.5121951219512195,False,False,False,0,0,0,False,False
horseshoe,1001,373,14,23,-10.916166549682618,21.241364173889156,0.17073170731707318,False,True,False,0,0,0,False,False
horseshoe,1001,374,14,24,-10.916166549682618,22.886079845428466,0.0,True,True,True,0,0,0,False,False
horseshoe,1001,375,15,0,-7.305389770507813,-16.58709627151489,1.0,False,False,False,0,0,0,False,False
horseshoe,1001,376,15,1,-7.305389770507813,-14.942380599975587,1.0,False,False,False,0,0,0,False,False
horseshoe,1001,377,15,2,-7.305389770507813,-13.29766492843628,1.0,False,False,False,8,8,0,False,True
horseshoe,1001,378,15,3,-7.305389770507813,-11.652949256896973,1.0,False,False,False,7,7,0,False,True
horseshoe,1001,379,15,4,-7.305389770507813,-10.008233585357667,1.0,False,False,False,84,84,0,False,True
horseshoe,1001,380,15,5,-7.305389770507813,-8.363517913818361,1.0,False,False,False,133,133,0,False,True
horseshoe,1001,381,15,6,-7.305389770507813,-6.718802242279054,1.0,False,False,False,198,198,0,False,True
horseshoe,1001,382,15,7,-7.305389770507813,-5.0740865707397464,1.0,False,False,False,120,120,0,False,True
horseshoe,1001,383,15,8,-7.305389770507813,-3.4293708992004404,1.0,False,False,False,222,222,0,False,True
horseshoe,1001,384,15,9,-7.305389770507813,-1.7846552276611347,1.0,False,False,False,144,144,0,False,True
horseshoe,1001,385,15,10,-7.305389770507813,-0.13993955612182907,1.0,False,False,False,49,49,0,False,True
horseshoe,1001,386,15,11,-7.305389770507813,1.5047761154174801,1.0,False,False,False,26,26,0,False,True
horseshoe,1001,387,15,12,-7.305389770507813,3.1494917869567858,1.0,False,False,False,8,8,0,False,True
horseshoe,1001,388,15,13,-7.305389770507813,4.794207458496091,1.0,False,False,False,11,11,0,False,True
horseshoe,1001,389,15,14,-7.305389770507813,6.4389231300354,1.0,False,False,False,97,97,0,False,True
horseshoe,1001,390,15,15,-7.305389770507813,8.083638801574706,1.0,False,False,False,142,142,0,False,True
horseshoe,1001,391,15,16,-7.305389770507813,9.728354473114011,1.0,False,False,False,42,42,0,False,True
horseshoe,1001,392,15,17,-7.305389770507813,11.373070144653317,1.0,False,False,False,33,33,0,False,True
horseshoe,1001,393,15,18,-7.305389770507813,13.017785816192623,1.0,False,False,False,8,8,0,False,True
horseshoe,1001,394,15,19,-7.305389770507813,14.662501487731932,1.0,False,False,False,0,0,0,False,False
horseshoe,1001,395,15,20,-7.305389770507813,16.307217159271236,1.0,False,False,False,0,0,0,False,False
horseshoe,1001,396,15,21,-7.305389770507813,17.951932830810545,0.9024390243902439,False,False,False,0,0,0,False,False
horseshoe,1001,397,15,22,-7.305389770507813,19.596648502349854,0.8292682926829268,False,False,False,0,0,0,False,False
horseshoe,1001,398,15,23,-7.305389770507813,21.241364173889156,0.2926829268292683,False,True,False,0,0,0,False,False
horseshoe,1001,399,15,24,-7.305389770507813,22.886079845428466,0.0,True,True,True,0,0,0,False,False
horseshoe,1001,400,16,0,-3.694612991333007,-16.58709627151489,1.0,False,False,False,0,0,0,False,False
horseshoe,1001,401,16,1,-3.694612991333007,-14.942380599975587,1.0,False,False,False,0,0,0,False,False
horseshoe,1001,402,16,2,-3.694612991333007,-13.29766492843628,1.0,False,False,False,0,0,0,False,False
horseshoe,1001,403,16,3,-3.694612991333007,-11.652949256896973,1.0,False,False,False,11,11,0,False,True
horseshoe,1001,404,16,4,-3.694612991333007,-10.008233585357667,1.0,False,False,False,147,147,0,False,True
horseshoe,1001,405,16,5,-3.694612991333007,-8.363517913818361,1.0,False,False,False,317,317,0,False,True
horseshoe,1001,406,16,6,-3.694612991333007,-6.718802242279054,1.0,False,False,False,533,533,0,False,True
horseshoe,1001,407,16,7,-3.694612991333007,-5.0740865707397464,1.0,False,False,False,262,262,0,False,True
horseshoe,1001,408,16,8,-3.694612991333007,-3.4293708992004404,1.0,False,False,False,186,186,0,False,True
horseshoe,1001,409,16,9,-3.694612991333007,-1.7846552276611347,1.0,False,False,False,166,166,0,False,True
horseshoe,1001,410,16,10,-3.694612991333007,-0.13993955612182907,1.0,False,False,False,49,49,0,False,True
horseshoe,1001,411,16,11,-3.694612991333007,1.5047761154174801,1.0,False,False,False,232,232,0,False,True
horseshoe,1001,412,16,12,-3.694612991333007,3.1494917869567858,1.0,False,False,False,397,397,0,False,True
horseshoe,1001,413,16,13,-3.694612991333007,4.794207458496091,1.0,False,False,False,351,351,0,False,True
horseshoe,1001,414,16,14,-3.694612991333007,6.4389231300354,1.0,False,False,False,208,208,0,False,True
horseshoe,1001,415,16,15,-3.694612991333007,8.083638801574706,1.0,False,False,False,168,168,0,False,True
horseshoe,1001,416,16,16,-3.694612991333007,9.728354473114011,1.0,False,False,False,239,239,0,False,True
horseshoe,1001,417,16,17,-3.694612991333007,11.373070144653317,1.0,False,False,False,184,184,0,False,True
horseshoe,1001,418,16,18,-3.694612991333007,13.017785816192623,1.0,False,False,False,67,67,0,False,True
horseshoe,1001,419,16,19,-3.694612991333007,14.662501487731932,1.0,False,False,False,2,2,0,False,True
horseshoe,1001,420,16,20,-3.694612991333007,16.307217159271236,1.0,False,False,False,0,0,0,False,False
horseshoe,1001,421,16,21,-3.694612991333007,17.951932830810545,1.0,False,False,False,0,0,0,False,False
horseshoe,1001,422,16,22,-3.694612991333007,19.596648502349854,1.0,False,False,False,0,0,0,False,False
horseshoe,1001,423,16,23,-3.694612991333007,21.241364173889156,1.0,False,False,False,0,0,0,False,False
horseshoe,1001,424,16,24,-3.694612991333007,22.886079845428466,0.8048780487804879,False,False,False,0,0,0,False,False
horseshoe,1001,425,17,0,-0.0838362121582008,-16.58709627151489,1.0,False,False,False,0,0,0,False,False
horseshoe,1001,426,17,1,-0.0838362121582008,-14.942380599975587,1.0,False,False,False,0,0,0,False,False
horseshoe,1001,427,17,2,-0.0838362121582008,-13.29766492843628,1.0,False,False,False,0,0,0,False,False
horseshoe,1001,428,17,3,-0.0838362121582008,-11.652949256896973,1.0,False,False,False,0,0,0,False,False
horseshoe,1001,429,17,4,-0.0838362121582008,-10.008233585357667,1.0,False,False,False,0,0,0,False,False
horseshoe,1001,430,17,5,-0.0838362121582008,-8.363517913818361,1.0,False,False,False,14,14,0,False,True
horseshoe,1001,431,17,6,-0.0838362121582008,-6.718802242279054,1.0,False,False,False,15,15,0,False,True
horseshoe,1001,432,17,7,-0.0838362121582008,-5.0740865707397464,1.0,False,False,False,1546,1546,0,False,True
horseshoe,1001,433,17,8,-0.0838362121582008,-3.4293708992004404,1.0,False,False,False,747,747,0,False,True
horseshoe,1001,434,17,9,-0.0838362121582008,-1.7846552276611347,1.0,False,False,False,1448,1448,0,False,True
horseshoe,1001,435,17,10,-0.0838362121582008,-0.13993955612182907,1.0,False,False,False,1005,1005,0,False,True
horseshoe,1001,436,17,11,-0.0838362121582008,1.5047761154174801,1.0,False,False,False,993,993,0,False,True
horseshoe,1001,437,17,12,-0.0838362121582008,3.1494917869567858,1.0,False,False,False,590,590,0,False,True
horseshoe,1001,438,17,13,-0.0838362121582008,4.794207458496091,1.0,False,False,False,331,331,0,False,True
horseshoe,1001,439,17,14,-0.0838362121582008,6.4389231300354,1.0,False,False,False,186,186,0,False,True
horseshoe,1001,440,17,15,-0.0838362121582008,8.083638801574706,1.0,False,False,False,193,193,0,False,True
horseshoe,1001,441,17,16,-0.0838362121582008,9.728354473114011,1.0,False,False,False,217,217,0,False,True
horseshoe,1001,442,17,17,-0.0838362121582008,11.373070144653317,1.0,False,False,False,143,143,0,False,True
horseshoe,1001,443,17,18,-0.0838362121582008,13.017785816192623,1.0,False,False,False,106,106,0,False,True
horseshoe,1001,444,17,19,-0.0838362121582008,14.662501487731932,1.0,False,False,False,80,80,0,False,True
horseshoe,1001,445,17,20,-0.0838362121582008,16.307217159271236,1.0,False,False,False,23,23,0,False,True
horseshoe,1001,446,17,21,-0.0838362121582008,17.951932830810545,1.0,False,False,False,10,10,0,False,True
horseshoe,1001,447,17,22,-0.0838362121582008,19.596648502349854,1.0,False,False,False,0,0,0,False,False
horseshoe,1001,448,17,23,-0.0838362121582008,21.241364173889156,1.0,False,False,False,0,0,0,False,False
horseshoe,1001,449,17,24,-0.0838362121582008,22.886079845428466,1.0,False,False,False,0,0,0,False,False
horseshoe,1001,450,18,0,3.526940567016598,-16.58709627151489,0.24390243902439024,False,True,False,0,0,0,False,False
horseshoe,1001,451,18,1,3.526940567016598,-14.942380599975587,0.975609756097561,False,False,False,0,0,0,False,False
horseshoe,1001,452,18,2,3.526940567016598,-13.29766492843628,1.0,False,False,False,0,0,0,False,False
horseshoe,1001,453,18,3,3.526940567016598,-11.652949256896973,1.0,False,False,False,0,0,0,False,False
horseshoe,1001,454,18,4,3.526940567016598,-10.008233585357667,1.0,False,False,False,0,0,0,False,False
horseshoe,1001,455,18,5,3.526940567016598,-8.363517913818361,1.0,False,False,False,7,7,0,False,True
horseshoe,1001,456,18,6,3.526940567016598,-6.718802242279054,1.0,False,False,False,79,79,0,False,True
horseshoe,1001,457,18,7,3.526940567016598,-5.0740865707397464,1.0,False,False,False,301,301,0,False,True
horseshoe,1001,458,18,8,3.526940567016598,-3.4293708992004404,1.0,False,False,False,470,470,0,False,True
horseshoe,1001,459,18,9,3.526940567016598,-1.7846552276611347,1.0,False,False,False,436,436,0,False,True
horseshoe,1001,460,18,10,3.526940567016598,-0.13993955612182907,1.0,False,False,False,329,329,0,False,True
horseshoe,1001,461,18,11,3.526940567016598,1.5047761154174801,1.0,False,False,False,208,208,0,False,True
horseshoe,1001,462,18,12,3.526940567016598,3.1494917869567858,1.0,False,False,False,122,122,0,False,True
horseshoe,1001,463,18,13,3.526940567016598,4.794207458496091,1.0,False,False,False,248,248,0,False,True
horseshoe,1001,464,18,14,3.526940567016598,6.4389231300354,1.0,False,False,False,8,8,0,False,True
horseshoe,1001,465,18,15,3.526940567016598,8.083638801574706,1.0,False,False,False,14,14,0,False,True
horseshoe,1001,466,18,16,3.526940567016598,9.728354473114011,1.0,False,False,False,51,51,0,False,True
horseshoe,1001,467,18,17,3.526940567016598,11.373070144653317,1.0,False,False,False,72,72,0,False,True
horseshoe,1001,468,18,18,3.526940567016598,13.017785816192623,1.0,False,False,False,66,66,0,False,True
horseshoe,1001,469,18,19,3.526940567016598,14.662501487731932,1.0,False,False,False,94,94,0,False,True
horseshoe,1001,470,18,20,3.526940567016598,16.307217159271236,1.0,False,False,False,39,39,0,False,True
horseshoe,1001,471,18,21,3.526940567016598,17.951932830810545,1.0,False,False,False,17,17,0,False,True
horseshoe,1001,472,18,22,3.526940567016598,19.596648502349854,1.0,False,False,False,0,0,0,False,False
horseshoe,1001,473,18,23,3.526940567016598,21.241364173889156,1.0,False,False,False,0,0,0,False,False
horseshoe,1001,474,18,24,3.526940567016598,22.886079845428466,1.0,False,False,False,0,0,0,False,False
horseshoe,1001,475,19,0,7.137717346191411,-16.58709627151489,0.9512195121951219,False,False,False,0,0,0,False,False
horseshoe,1001,476,19,1,7.137717346191411,-14.942380599975587,1.0,False,False,False,0,0,0,False,False
horseshoe,1001,477,19,2,7.137717346191411,-13.29766492843628,1.0,False,False,False,0,0,0,False,False
horseshoe,1001,478,19,3,7.137717346191411,-11.652949256896973,1.0,False,False,False,0,0,0,False,False
horseshoe,1001,479,19,4,7.137717346191411,-10.008233585357667,1.0,False,False,False,25,25,0,False,True
horseshoe,1001,480,19,5,7.137717346191411,-8.363517913818361,1.0,False,False,False,195,195,0,False,True
horseshoe,1001,481,19,6,7.137717346191411,-6.718802242279054,1.0,False,False,False,277,277,0,False,True
horseshoe,1001,482,19,7,7.137717346191411,-5.0740865707397464,1.0,False,False,False,144,144,0,False,True
horseshoe,1001,483,19,8,7.137717346191411,-3.4293708992004404,1.0,False,False,False,149,149,0,False,True
horseshoe,1001,484,19,9,7.137717346191411,-1.7846552276611347,1.0,False,False,False,179,179,0,False,True
horseshoe,1001,485,19,10,7.137717346191411,-0.13993955612182907,1.0,False,False,False,182,182,0,False,True
horseshoe,1001,486,19,11,7.137717346191411,1.5047761154174801,1.0,False,False,False,151,151,0,False,True
horseshoe,1001,487,19,12,7.137717346191411,3.1494917869567858,1.0,False,False,False,112,112,0,False,True
horseshoe,1001,488,19,13,7.137717346191411,4.794207458496091,1.0,False,False,False,86,86,0,False,True
horseshoe,1001,489,19,14,7.137717346191411,6.4389231300354,1.0,False,False,False,213,213,0,False,True
horseshoe,1001,490,19,15,7.137717346191411,8.083638801574706,1.0,False,False,False,12,12,0,False,True
horseshoe,1001,491,19,16,7.137717346191411,9.728354473114011,1.0,False,False,False,6,6,0,False,True
horseshoe,1001,492,19,17,7.137717346191411,11.373070144653317,1.0,False,False,False,37,37,0,False,True
horseshoe,1001,493,19,18,7.137717346191411,13.017785816192623,1.0,False,False,False,37,37,0,False,True
horseshoe,1001,494,19,19,7.137717346191411,14.662501487731932,1.0,False,False,False,4,4,0,False,True
horseshoe,1001,495,19,20,7.137717346191411,16.307217159271236,1.0,False,False,False,1,1,0,False,True
horseshoe,1001,496,19,21,7.137717346191411,17.951932830810545,1.0,False,False,False,0,0,0,False,False
horseshoe,1001,497,19,22,7.137717346191411,19.596648502349854,1.0,False,False,False,0,0,0,False,False
horseshoe,1001,498,19,23,7.137717346191411,21.241364173889156,1.0,False,False,False,0,0,0,False,False
horseshoe,1001,499,19,24,7.137717346191411,22.886079845428466,0.9512195121951219,False,False,False,0,0,0,False,False
horseshoe,1001,500,20,0,10.74849412536621,-16.58709627151489,0.8292682926829268,False,False,False,0,0,0,False,False
horseshoe,1001,501,20,1,10.74849412536621,-14.942380599975587,1.0,False,False,False,0,0,0,False,False
horseshoe,1001,502,20,2,10.74849412536621,-13.29766492843628,1.0,False,False,False,0,0,0,False,False
horseshoe,1001,503,20,3,10.74849412536621,-11.652949256896973,1.0,False,False,False,0,0,0,False,False
horseshoe,1001,504,20,4,10.74849412536621,-10.008233585357667,1.0,False,False,False,1,1,0,False,True
horseshoe,1001,505,20,5,10.74849412536621,-8.363517913818361,1.0,False,False,False,111,111,0,False,True
horseshoe,1001,506,20,6,10.74849412536621,-6.718802242279054,1.0,False,False,False,20,20,0,False,True
horseshoe,1001,507,20,7,10.74849412536621,-5.0740865707397464,1.0,False,False,False,80,80,0,False,True
horseshoe,1001,508,20,8,10.74849412536621,-3.4293708992004404,1.0,False,False,False,18,18,0,False,True
horseshoe,1001,509,20,9,10.74849412536621,-1.7846552276611347,1.0,False,False,False,20,20,0,False,True
horseshoe,1001,510,20,10,10.74849412536621,-0.13993955612182907,1.0,False,False,False,13,13,0,False,True
horseshoe,1001,511,20,11,10.74849412536621,1.5047761154174801,1.0,False,False,False,20,20,0,False,True
horseshoe,1001,512,20,12,10.74849412536621,3.1494917869567858,1.0,False,False,False,37,37,0,False,True
horseshoe,1001,513,20,13,10.74849412536621,4.794207458496091,1.0,False,False,False,66,66,0,False,True
horseshoe,1001,514,20,14,10.74849412536621,6.4389231300354,1.0,False,False,False,143,143,0,False,True
horseshoe,1001,515,20,15,10.74849412536621,8.083638801574706,1.0,False,False,False,7,7,0,False,True
horseshoe,1001,516,20,16,10.74849412536621,9.728354473114011,1.0,False,False,False,0,0,0,False,False
horseshoe,1001,517,20,17,10.74849412536621,11.373070144653317,1.0,False,False,False,0,0,0,False,False
horseshoe,1001,518,20,18,10.74849412536621,13.017785816192623,1.0,False,False,False,0,0,0,False,False
horseshoe,1001,519,20,19,10.74849412536621,14.662501487731932,1.0,False,False,False,0,0,0,False,False
horseshoe,1001,520,20,20,10.74849412536621,16.307217159271236,0.975609756097561,False,False,False,0,0,0,False,False
horseshoe,1001,521,20,21,10.74849412536621,17.951932830810545,0.7804878048780488,False,False,False,0,0,0,False,False
horseshoe,1001,522,20,22,10.74849412536621,19.596648502349854,0.7804878048780488,False,False,False,0,0,0,False,False
horseshoe,1001,523,20,23,10.74849412536621,21.241364173889156,0.2926829268292683,False,True,False,0,0,0,False,False
horseshoe,1001,524,20,24,10.74849412536621,22.886079845428466,0.0975609756097561,False,True,True,0,0,0,False,False
horseshoe,1001,525,21,0,14.359270904541024,-16.58709627151489,0.0975609756097561,False,True,True,0,0,0,False,False
horseshoe,1001,526,21,1,14.359270904541024,-14.942380599975587,0.6097560975609756,False,False,False,0,0,0,False,False
horseshoe,1001,527,21,2,14.359270904541024,-13.29766492843628,0.975609756097561,False,False,False,0,0,0,False,False
horseshoe,1001,528,21,3,14.359270904541024,-11.652949256896973,1.0,False,False,False,0,0,0,False,False
horseshoe,1001,529,21,4,14.359270904541024,-10.008233585357667,1.0,False,False,False,0,0,0,False,False
horseshoe,1001,530,21,5,14.359270904541024,-8.363517913818361,1.0,False,False,False,0,0,0,False,False
horseshoe,1001,531,21,6,14.359270904541024,-6.718802242279054,1.0,False,False,False,0,0,0,False,False
horseshoe,1001,532,21,7,14.359270904541024,-5.0740865707397464,1.0,False,False,False,42,42,0,False,True
horseshoe,1001,533,21,8,14.359270904541024,-3.4293708992004404,1.0,False,False,False,10,10,0,False,True
horseshoe,1001,534,21,9,14.359270904541024,-1.7846552276611347,1.0,False,False,False,1,1,0,False,True
horseshoe,1001,535,21,10,14.359270904541024,-0.13993955612182907,1.0,False,False,False,0,0,0,False,False
horseshoe,1001,536,21,11,14.359270904541024,1.5047761154174801,1.0,False,False,False,0,0,0,False,False
horseshoe,1001,537,21,12,14.359270904541024,3.1494917869567858,1.0,False,False,False,0,0,0,False,False
horseshoe,1001,538,21,13,14.359270904541024,4.794207458496091,1.0,False,False,False,0,0,0,False,False
horseshoe,1001,539,21,14,14.359270904541024,6.4389231300354,1.0,False,False,False,0,0,0,False,False
horseshoe,1001,540,21,15,14.359270904541024,8.083638801574706,1.0,False,False,False,0,0,0,False,False
horseshoe,1001,541,21,16,14.359270904541024,9.728354473114011,1.0,False,False,False,0,0,0,False,False
horseshoe,1001,542,21,17,14.359270904541024,11.373070144653317,1.0,False,False,False,0,0,0,False,False
horseshoe,1001,543,21,18,14.359270904541024,13.017785816192623,0.21951219512195122,False,True,False,0,0,0,False,False
horseshoe,1001,544,21,19,14.359270904541024,14.662501487731932,0.0,True,True,True,0,0,0,False,False
horseshoe,1001,545,21,20,14.359270904541024,16.307217159271236,0.0,True,True,True,0,0,0,False,False
horseshoe,1001,546,21,21,14.359270904541024,17.951932830810545,0.0,True,True,True,0,0,0,False,False
horseshoe,1001,547,21,22,14.359270904541024,19.596648502349854,0.0,True,True,True,0,0,0,False,False
horseshoe,1001,548,21,23,14.359270904541024,21.241364173889156,0.0,True,True,True,0,0,0,False,False
horseshoe,1001,549,21,24,14.359270904541024,22.886079845428466,0.0,True,True,True,0,0,0,False,False
horseshoe,1001,550,22,0,17.970047683715823,-16.58709627151489,0.0,True,True,True,0,0,0,False,False
horseshoe,1001,551,22,1,17.970047683715823,-14.942380599975587,0.0,True,True,True,0,0,0,False,False
horseshoe,1001,552,22,2,17.970047683715823,-13.29766492843628,0.0,True,True,True,0,0,0,False,False
horseshoe,1001,553,22,3,17.970047683715823,-11.652949256896973,0.0,True,True,True,0,0,0,False,False
horseshoe,1001,554,22,4,17.970047683715823,-10.008233585357667,0.43902439024390244,False,True,False,0,0,0,False,False
horseshoe,1001,555,22,5,17.970047683715823,-8.363517913818361,0.9024390243902439,False,False,False,0,0,0,False,False
horseshoe,1001,556,22,6,17.970047683715823,-6.718802242279054,0.9512195121951219,False,False,False,0,0,0,False,False
horseshoe,1001,557,22,7,17.970047683715823,-5.0740865707397464,1.0,False,False,False,0,0,0,False,False
horseshoe,1001,558,22,8,17.970047683715823,-3.4293708992004404,0.9024390243902439,False,False,False,0,0,0,False,False
horseshoe,1001,559,22,9,17.970047683715823,-1.7846552276611347,0.8536585365853658,False,False,False,0,0,0,False,False
horseshoe,1001,560,22,10,17.970047683715823,-0.13993955612182907,0.6829268292682927,False,False,False,0,0,0,False,False
horseshoe,1001,561,22,11,17.970047683715823,1.5047761154174801,0.4878048780487805,False,True,False,0,0,0,False,False
horseshoe,1001,562,22,12,17.970047683715823,3.1494917869567858,0.1951219512195122,False,True,False,0,0,0,False,False
horseshoe,1001,563,22,13,17.970047683715823,4.794207458496091,0.0,True,True,True,0,0,0,False,False
horseshoe,1001,564,22,14,17.970047683715823,6.4389231300354,0.0,True,True,True,0,0,0,False,False
horseshoe,1001,565,22,15,17.970047683715823,8.083638801574706,0.0,True,True,True,0,0,0,False,False
horseshoe,1001,566,22,16,17.970047683715823,9.728354473114011,0.0,True,True,True,0,0,0,False,False
horseshoe,1001,567,22,17,17.970047683715823,11.373070144653317,0.0,True,True,True,0,0,0,False,False
horseshoe,1001,568,22,18,17.970047683715823,13.017785816192623,0.0,True,True,True,0,0,0,False,False
horseshoe,1001,569,22,19,17.970047683715823,14.662501487731932,0.0,True,True,True,0,0,0,False,False
horseshoe,1001,570,22,20,17.970047683715823,16.307217159271236,0.0,True,True,True,0,0,0,False,False
horseshoe,1001,571,22,21,17.970047683715823,17.951932830810545,0.0,True,True,True,0,0,0,False,False
horseshoe,1001,572,22,22,17.970047683715823,19.596648502349854,0.0,True,True,True,0,0,0,False,False
horseshoe,1001,573,22,23,17.970047683715823,21.241364173889156,0.0,True,True,True,0,0,0,False,False
horseshoe,1001,574,22,24,17.970047683715823,22.886079845428466,0.0,True,True,True,0,0,0,False,False
horseshoe,1001,575,23,0,21.58082446289062,-16.58709627151489,0.0,True,True,True,0,0,0,False,False
horseshoe,1001,576,23,1,21.58082446289062,-14.942380599975587,0.0,True,True,True,0,0,0,False,False
horseshoe,1001,577,23,2,21.58082446289062,-13.29766492843628,0.0,True,True,True,0,0,0,False,False
horseshoe,1001,578,23,3,21.58082446289062,-11.652949256896973,0.0,True,True,True,0,0,0,False,False
horseshoe,1001,579,23,4,21.58082446289062,-10.008233585357667,0.0,True,True,True,0,0,0,False,False
horseshoe,1001,580,23,5,21.58082446289062,-8.363517913818361,0.1951219512195122,False,True,False,0,0,0,False,False
horseshoe,1001,581,23,6,21.58082446289062,-6.718802242279054,0.21951219512195122,False,True,False,0,0,0,False,False
horseshoe,1001,582,23,7,21.58082446289062,-5.0740865707397464,0.21951219512195122,False,True,False,0,0,0,False,False
horseshoe,1001,583,23,8,21.58082446289062,-3.4293708992004404,0.21951219512195122,False,True,False,0,0,0,False,False
horseshoe,1001,584,23,9,21.58082446289062,-1.7846552276611347,0.21951219512195122,False,True,False,0,0,0,False,False
horseshoe,1001,585,23,10,21.58082446289062,-0.13993955612182907,0.1951219512195122,False,True,False,0,0,0,False,False
horseshoe,1001,586,23,11,21.58082446289062,1.5047761154174801,0.0975609756097561,False,True,True,0,0,0,False,False
horseshoe,1001,587,23,12,21.58082446289062,3.1494917869567858,0.0,True,True,True,0,0,0,False,False
horseshoe,1001,588,23,13,21.58082446289062,4.794207458496091,0.0,True,True,True,0,0,0,False,False
horseshoe,1001,589,23,14,21.58082446289062,6.4389231300354,0.0,True,True,True,0,0,0,False,False
horseshoe,1001,590,23,15,21.58082446289062,8.083638801574706,0.0,True,True,True,0,0,0,False,False
horseshoe,1001,591,23,16,21.58082446289062,9.728354473114011,0.0,True,True,True,0,0,0,False,False
horseshoe,1001,592,23,17,21.58082446289062,11.373070144653317,0.0,True,True,True,0,0,0,False,False
horseshoe,1001,593,23,18,21.58082446289062,13.017785816192623,0.0,True,True,True,0,0,0,False,False
horseshoe,1001,594,23,19,21.58082446289062,14.662501487731932,0.0,True,True,True,0,0,0,False,False
horseshoe,1001,595,23,20,21.58082446289062,16.307217159271236,0.0,True,True,True,0,0,0,False,False
horseshoe,1001,596,23,21,21.58082446289062,17.951932830810545,0.0,True,True,True,0,0,0,False,False
horseshoe,1001,597,23,22,21.58082446289062,19.596648502349854,0.0,True,True,True,0,0,0,False,False
horseshoe,1001,598,23,23,21.58082446289062,21.241364173889156,0.0,True,True,True,0,0,0,False,False
horseshoe,1001,599,23,24,21.58082446289062,22.886079845428466,0.0,True,True,True,0,0,0,False,False
horseshoe,1001,600,24,0,25.191601242065435,-16.58709627151489,0.0,True,True,True,0,0,0,False,False
horseshoe,1001,601,24,1,25.191601242065435,-14.942380599975587,0.0,True,True,True,0,0,0,False,False
horseshoe,1001,602,24,2,25.191601242065435,-13.29766492843628,0.0,True,True,True,0,0,0,False,False
horseshoe,1001,603,24,3,25.191601242065435,-11.652949256896973,0.0,True,True,True,0,0,0,False,False
horseshoe,1001,604,24,4,25.191601242065435,-10.008233585357667,0.0,True,True,True,0,0,0,False,False
horseshoe,1001,605,24,5,25.191601242065435,-8.363517913818361,0.0,True,True,True,0,0,0,False,False
horseshoe,1001,606,24,6,25.191601242065435,-6.718802242279054,0.1951219512195122,False,True,False,0,0,0,False,False
horseshoe,1001,607,24,7,25.191601242065435,-5.0740865707397464,0.1951219512195122,False,True,False,0,0,0,False,False
horseshoe,1001,608,24,8,25.191601242065435,-3.4293708992004404,0.1951219512195122,False,True,False,0,0,0,False,False
horseshoe,1001,609,24,9,25.191601242065435,-1.7846552276611347,0.1951219512195122,False,True,False,0,0,0,False,False
horseshoe,1001,610,24,10,25.191601242065435,-0.13993955612182907,0.0975609756097561,False,True,True,0,0,0,False,False
horseshoe,1001,611,24,11,25.191601242065435,1.5047761154174801,0.0,True,True,True,0,0,0,False,False
horseshoe,1001,612,24,12,25.191601242065435,3.1494917869567858,0.0,True,True,True,0,0,0,False,False
horseshoe,1001,613,24,13,25.191601242065435,4.794207458496091,0.0,True,True,True,0,0,0,False,False
horseshoe,1001,614,24,14,25.191601242065435,6.4389231300354,0.0,True,True,True,0,0,0,False,False
horseshoe,1001,615,24,15,25.191601242065435,8.083638801574706,0.0,True,True,True,0,0,0,False,False
horseshoe,1001,616,24,16,25.191601242065435,9.728354473114011,0.0,True,True,True,0,0,0,False,False
horseshoe,1001,617,24,17,25.191601242065435,11.373070144653317,0.0,True,True,True,0,0,0,False,False
horseshoe,1001,618,24,18,25.191601242065435,13.017785816192623,0.0,True,True,True,0,0,0,False,False
horseshoe,1001,619,24,19,25.191601242065435,14.662501487731932,0.0,True,True,True,0,0,0,False,False
horseshoe,1001,620,24,20,25.191601242065435,16.307217159271236,0.0,True,True,True,0,0,0,False,False
horseshoe,1001,621,24,21,25.191601242065435,17.951932830810545,0.0,True,True,True,0,0,0,False,False
horseshoe,1001,622,24,22,25.191601242065435,19.596648502349854,0.0,True,True,True,0,0,0,False,False
horseshoe,1001,623,24,23,25.191601242065435,21.241364173889156,0.0,True,True,True,0,0,0,False,False
horseshoe,1001,624,24,24,25.191601242065435,22.886079845428466,0.0,True,True,True,0,0,0,False,False
horseshoe,1002,0,0,0,-45.026830978393555,-31.242611686706546,0.0,True,True,True,0,0,0,False,False
horseshoe,1002,1,0,1,-45.026830978393555,-28.848456359863285,0.0,True,True,True,0,0,0,False,False
horseshoe,1002,2,0,2,-45.026830978393555,-26.454301033020023,0.0,True,True,True,0,0,0,False,False
horseshoe,1002,3,0,3,-45.026830978393555,-24.060145706176762,0.0,True,True,True,0,0,0,False,False
horseshoe,1002,4,0,4,-45.026830978393555,-21.6659903793335,0.0,True,True,True,0,0,0,False,False
horseshoe,1002,5,0,5,-45.026830978393555,-19.27183505249024,0.2682926829268293,False,True,False,0,0,0,False,False
horseshoe,1002,6,0,6,-45.026830978393555,-16.877679725646974,0.5609756097560976,False,False,False,0,0,0,False,False
horseshoe,1002,7,0,7,-45.026830978393555,-14.483524398803713,0.7073170731707317,False,False,False,0,0,0,False,False
horseshoe,1002,8,0,8,-45.026830978393555,-12.089369071960451,0.7804878048780488,False,False,False,0,0,0,False,False
horseshoe,1002,9,0,9,-45.026830978393555,-9.69521374511719,0.8292682926829268,False,False,False,0,0,0,False,False
horseshoe,1002,10,0,10,-45.026830978393555,-7.301058418273929,0.7560975609756098,False,False,False,0,0,0,False,False
horseshoe,1002,11,0,11,-45.026830978393555,-4.906903091430667,0.5365853658536586,False,False,False,0,0,0,False,False
horseshoe,1002,12,0,12,-45.026830978393555,-2.5127477645874023,0.24390243902439024,False,True,False,0,0,0,False,False
horseshoe,1002,13,0,13,-45.026830978393555,-0.11859243774414074,0.0975609756097561,False,True,True,0,0,0,False,False
horseshoe,1002,14,0,14,-45.026830978393555,2.2755628890991204,0.14634146341463414,False,True,False,0,0,0,False,False
horseshoe,1002,15,0,15,-45.026830978393555,4.669718215942382,0.0975609756097561,False,True,True,0,0,0,False,False
horseshoe,1002,16,0,16,-45.026830978393555,7.063873542785643,0.0,True,True,True,0,0,0,False,False
horseshoe,1002,17,0,17,-45.026830978393555,9.458028869628905,0.0,True,True,True,0,0,0,False,False
horseshoe,1002,18,0,18,-45.026830978393555,11.852184196472166,0.0,True,True,True,0,0,0,False,False
horseshoe,1002,19,0,19,-45.026830978393555,14.246339523315427,0.0,True,True,True,0,0,0,False,False
horseshoe,1002,20,0,20,-45.026830978393555,16.64049485015869,0.0,True,True,True,0,0,0,False,False
horseshoe,1002,21,0,21,-45.026830978393555,19.03465017700195,0.0,True,True,True,0,0,0,False,False
horseshoe,1002,22,0,22,-45.026830978393555,21.42880550384521,0.0,True,True,True,0,0,0,False,False
horseshoe,1002,23,0,23,-45.026830978393555,23.822960830688473,0.0,True,True,True,0,0,0,False,False
horseshoe,1002,24,0,24,-45.026830978393555,26.21711615753174,0.0,True,True,True,0,0,0,False,False
horseshoe,1002,25,1,0,-41.83836456298828,-31.242611686706546,0.0,True,True,True,0,0,0,False,False
horseshoe,1002,26,1,1,-41.83836456298828,-28.848456359863285,0.0,True,True,True,0,0,0,False,False
horseshoe,1002,27,1,2,-41.83836456298828,-26.454301033020023,0.0,True,True,True,0,0,0,False,False
horseshoe,1002,28,1,3,-41.83836456298828,-24.060145706176762,0.0,True,True,True,0,0,0,False,False
horseshoe,1002,29,1,4,-41.83836456298828,-21.6659903793335,0.0,True,True,True,0,0,0,False,False
horseshoe,1002,30,1,5,-41.83836456298828,-19.27183505249024,0.2682926829268293,False,True,False,0,0,0,False,False
horseshoe,1002,31,1,6,-41.83836456298828,-16.877679725646974,0.6829268292682927,False,False,False,0,0,0,False,False
horseshoe,1002,32,1,7,-41.83836456298828,-14.483524398803713,0.9512195121951219,False,False,False,0,0,0,False,False
horseshoe,1002,33,1,8,-41.83836456298828,-12.089369071960451,1.0,False,False,False,0,0,0,False,False
horseshoe,1002,34,1,9,-41.83836456298828,-9.69521374511719,1.0,False,False,False,0,0,0,False,False
horseshoe,1002,35,1,10,-41.83836456298828,-7.301058418273929,0.975609756097561,False,False,False,0,0,0,False,False
horseshoe,1002,36,1,11,-41.83836456298828,-4.906903091430667,0.5853658536585366,False,False,False,0,0,0,False,False
horseshoe,1002,37,1,12,-41.83836456298828,-2.5127477645874023,0.24390243902439024,False,True,False,0,0,0,False,False
horseshoe,1002,38,1,13,-41.83836456298828,-0.11859243774414074,0.14634146341463414,False,True,False,0,0,0,False,False
horseshoe,1002,39,1,14,-41.83836456298828,2.2755628890991204,0.14634146341463414,False,True,False,0,0,0,False,False
horseshoe,1002,40,1,15,-41.83836456298828,4.669718215942382,0.0975609756097561,False,True,True,0,0,0,False,False
horseshoe,1002,41,1,16,-41.83836456298828,7.063873542785643,0.0975609756097561,False,True,True,0,0,0,False,False
horseshoe,1002,42,1,17,-41.83836456298828,9.458028869628905,0.0,True,True,True,0,0,0,False,False
horseshoe,1002,43,1,18,-41.83836456298828,11.852184196472166,0.0,True,True,True,0,0,0,False,False
horseshoe,1002,44,1,19,-41.83836456298828,14.246339523315427,0.0,True,True,True,0,0,0,False,False
horseshoe,1002,45,1,20,-41.83836456298828,16.64049485015869,0.0,True,True,True,0,0,0,False,False
horseshoe,1002,46,1,21,-41.83836456298828,19.03465017700195,0.0,True,True,True,0,0,0,False,False
horseshoe,1002,47,1,22,-41.83836456298828,21.42880550384521,0.0,True,True,True,0,0,0,False,False
horseshoe,1002,48,1,23,-41.83836456298828,23.822960830688473,0.0,True,True,True,0,0,0,False,False
horseshoe,1002,49,1,24,-41.83836456298828,26.21711615753174,0.0,True,True,True,0,0,0,False,False
horseshoe,1002,50,2,0,-38.64989814758301,-31.242611686706546,0.0,True,True,True,0,0,0,False,False
horseshoe,1002,51,2,1,-38.64989814758301,-28.848456359863285,0.0,True,True,True,0,0,0,False,False
horseshoe,1002,52,2,2,-38.64989814758301,-26.454301033020023,0.0,True,True,True,0,0,0,False,False
horseshoe,1002,53,2,3,-38.64989814758301,-24.060145706176762,0.0,True,True,True,0,0,0,False,False
horseshoe,1002,54,2,4,-38.64989814758301,-21.6659903793335,0.0,True,True,True,0,0,0,False,False
horseshoe,1002,55,2,5,-38.64989814758301,-19.27183505249024,0.5365853658536586,False,False,False,0,0,0,False,False
horseshoe,1002,56,2,6,-38.64989814758301,-16.877679725646974,0.9024390243902439,False,False,False,0,0,0,False,False
horseshoe,1002,57,2,7,-38.64989814758301,-14.483524398803713,1.0,False,False,False,0,0,0,False,False
horseshoe,1002,58,2,8,-38.64989814758301,-12.089369071960451,1.0,False,False,False,3,3,0,False,True
horseshoe,1002,59,2,9,-38.64989814758301,-9.69521374511719,1.0,False,False,False,1,1,0,False,True
horseshoe,1002,60,2,10,-38.64989814758301,-7.301058418273929,1.0,False,False,False,0,0,0,False,False
horseshoe,1002,61,2,11,-38.64989814758301,-4.906903091430667,0.9512195121951219,False,False,False,0,0,0,False,False
horseshoe,1002,62,2,12,-38.64989814758301,-2.5127477645874023,0.5853658536585366,False,False,False,0,0,0,False,False
horseshoe,1002,63,2,13,-38.64989814758301,-0.11859243774414074,0.14634146341463414,False,True,False,0,0,0,False,False
horseshoe,1002,64,2,14,-38.64989814758301,2.2755628890991204,0.14634146341463414,False,True,False,0,0,0,False,False
horseshoe,1002,65,2,15,-38.64989814758301,4.669718215942382,0.1951219512195122,False,True,False,0,0,0,False,False
horseshoe,1002,66,2,16,-38.64989814758301,7.063873542785643,0.0975609756097561,False,True,True,0,0,0,False,False
horseshoe,1002,67,2,17,-38.64989814758301,9.458028869628905,0.04878048780487805,False,True,True,0,0,0,False,False
horseshoe,1002,68,2,18,-38.64989814758301,11.852184196472166,0.1951219512195122,False,True,False,0,0,0,False,False
horseshoe,1002,69,2,19,-38.64989814758301,14.246339523315427,0.1951219512195122,False,True,False,0,0,0,False,False
horseshoe,1002,70,2,20,-38.64989814758301,16.64049485015869,0.1951219512195122,False,True,False,0,0,0,False,False
horseshoe,1002,71,2,21,-38.64989814758301,19.03465017700195,0.1951219512195122,False,True,False,0,0,0,False,False
horseshoe,1002,72,2,22,-38.64989814758301,21.42880550384521,0.0,True,True,True,0,0,0,False,False
horseshoe,1002,73,2,23,-38.64989814758301,23.822960830688473,0.0,True,True,True,0,0,0,False,False
horseshoe,1002,74,2,24,-38.64989814758301,26.21711615753174,0.0,True,True,True,0,0,0,False,False
horseshoe,1002,75,3,0,-35.461431732177736,-31.242611686706546,0.0,True,True,True,0,0,0,False,False
horseshoe,1002,76,3,1,-35.461431732177736,-28.848456359863285,0.0,True,True,True,0,0,0,False,False
horseshoe,1002,77,3,2,-35.461431732177736,-26.454301033020023,0.0,True,True,True,0,0,0,False,False
horseshoe,1002,78,3,3,-35.461431732177736,-24.060145706176762,0.0,True,True,True,0,0,0,False,False
horseshoe,1002,79,3,4,-35.461431732177736,-21.6659903793335,0.0,True,True,True,0,0,0,False,False
horseshoe,1002,80,3,5,-35.461431732177736,-19.27183505249024,0.8048780487804879,False,False,False,0,0,0,False,False
horseshoe,1002,81,3,6,-35.461431732177736,-16.877679725646974,1.0,False,False,False,0,0,0,False,False
horseshoe,1002,82,3,7,-35.461431732177736,-14.483524398803713,1.0,False,False,False,3,3,0,False,True
horseshoe,1002,83,3,8,-35.461431732177736,-12.089369071960451,1.0,False,False,False,20,20,0,False,True
horseshoe,1002,84,3,9,-35.461431732177736,-9.69521374511719,1.0,False,False,False,10,10,0,False,True
horseshoe,1002,85,3,10,-35.461431732177736,-7.301058418273929,1.0,False,False,False,8,8,0,False,True
horseshoe,1002,86,3,11,-35.461431732177736,-4.906903091430667,1.0,False,False,False,0,0,0,False,False
horseshoe,1002,87,3,12,-35.461431732177736,-2.5127477645874023,0.7317073170731707,False,False,False,0,0,0,False,False
horseshoe,1002,88,3,13,-35.461431732177736,-0.11859243774414074,0.4146341463414634,False,True,False,0,0,0,False,False
horseshoe,1002,89,3,14,-35.461431732177736,2.2755628890991204,0.5121951219512195,False,False,False,0,0,0,False,False
horseshoe,1002,90,3,15,-35.461431732177736,4.669718215942382,0.6097560975609756,False,False,False,0,0,0,False,False
horseshoe,1002,91,3,16,-35.461431732177736,7.063873542785643,0.6097560975609756,False,False,False,0,0,0,False,False
horseshoe,1002,92,3,17,-35.461431732177736,9.458028869628905,0.5121951219512195,False,False,False,0,0,0,False,False
horseshoe,1002,93,3,18,-35.461431732177736,11.852184196472166,0.2926829268292683,False,True,False,0,0,0,False,False
horseshoe,1002,94,3,19,-35.461431732177736,14.246339523315427,0.1951219512195122,False,True,False,0,0,0,False,False
horseshoe,1002,95,3,20,-35.461431732177736,16.64049485015869,0.1951219512195122,False,True,False,0,0,0,False,False
horseshoe,1002,96,3,21,-35.461431732177736,19.03465017700195,0.1951219512195122,False,True,False,0,0,0,False,False
horseshoe,1002,97,3,22,-35.461431732177736,21.42880550384521,0.1951219512195122,False,True,False,0,0,0,False,False
horseshoe,1002,98,3,23,-35.461431732177736,23.822960830688473,0.0,True,True,True,0,0,0,False,False
horseshoe,1002,99,3,24,-35.461431732177736,26.21711615753174,0.0,True,True,True,0,0,0,False,False
horseshoe,1002,100,4,0,-32.27296531677246,-31.242611686706546,0.0,True,True,True,0,0,0,False,False
horseshoe,1002,101,4,1,-32.27296531677246,-28.848456359863285,0.0,True,True,True,0,0,0,False,False
horseshoe,1002,102,4,2,-32.27296531677246,-26.454301033020023,0.0,True,True,True,0,0,0,False,False
horseshoe,1002,103,4,3,-32.27296531677246,-24.060145706176762,0.0,True,True,True,0,0,0,False,False
horseshoe,1002,104,4,4,-32.27296531677246,-21.6659903793335,0.0,True,True,True,0,0,0,False,False
horseshoe,1002,105,4,5,-32.27296531677246,-19.27183505249024,0.7804878048780488,False,False,False,0,0,0,False,False
horseshoe,1002,106,4,6,-32.27296531677246,-16.877679725646974,1.0,False,False,False,0,0,0,False,False
horseshoe,1002,107,4,7,-32.27296531677246,-14.483524398803713,1.0,False,False,False,3,3,0,False,True
horseshoe,1002,108,4,8,-32.27296531677246,-12.089369071960451,1.0,False,False,False,25,25,0,False,True
horseshoe,1002,109,4,9,-32.27296531677246,-9.69521374511719,1.0,False,False,False,11,11,0,False,True
horseshoe,1002,110,4,10,-32.27296531677246,-7.301058418273929,1.0,False,False,False,4,4,0,False,True
horseshoe,1002,111,4,11,-32.27296531677246,-4.906903091430667,1.0,False,False,False,0,0,0,False,False
horseshoe,1002,112,4,12,-32.27296531677246,-2.5127477645874023,0.926829268292683,False,False,False,0,0,0,False,False
horseshoe,1002,113,4,13,-32.27296531677246,-0.11859243774414074,0.7804878048780488,False,False,False,0,0,0,False,False
horseshoe,1002,114,4,14,-32.27296531677246,2.2755628890991204,0.7560975609756098,False,False,False,0,0,0,False,False
horseshoe,1002,115,4,15,-32.27296531677246,4.669718215942382,0.7560975609756098,False,False,False,2,2,0,False,True
horseshoe,1002,116,4,16,-32.27296531677246,7.063873542785643,0.7560975609756098,False,False,False,4,4,0,False,True
horseshoe,1002,117,4,17,-32.27296531677246,9.458028869628905,0.8048780487804879,False,False,False,0,0,0,False,False
horseshoe,1002,118,4,18,-32.27296531677246,11.852184196472166,0.8048780487804879,False,False,False,0,0,0,False,False
horseshoe,1002,119,4,19,-32.27296531677246,14.246339523315427,0.4634146341463415,False,True,False,0,0,0,False,False
horseshoe,1002,120,4,20,-32.27296531677246,16.64049485015869,0.36585365853658536,False,True,False,0,0,0,False,False
horseshoe,1002,121,4,21,-32.27296531677246,19.03465017700195,0.1951219512195122,False,True,False,0,0,0,False,False
horseshoe,1002,122,4,22,-32.27296531677246,21.42880550384521,0.1951219512195122,False,True,False,0,0,0,False,False
horseshoe,1002,123,4,23,-32.27296531677246,23.822960830688473,0.0975609756097561,False,True,True,0,0,0,False,False
horseshoe,1002,124,4,24,-32.27296531677246,26.21711615753174,0.0,True,True,True,0,0,0,False,False
horseshoe,1002,125,5,0,-29.08449890136719,-31.242611686706546,0.0,True,True,True,0,0,0,False,False
horseshoe,1002,126,5,1,-29.08449890136719,-28.848456359863285,0.0,True,True,True,0,0,0,False,False
horseshoe,1002,127,5,2,-29.08449890136719,-26.454301033020023,0.0,True,True,True,0,0,0,False,False
horseshoe,1002,128,5,3,-29.08449890136719,-24.060145706176762,0.0,True,True,True,0,0,0,False,False
horseshoe,1002,129,5,4,-29.08449890136719,-21.6659903793335,0.0,True,True,True,0,0,0,False,False
horseshoe,1002,130,5,5,-29.08449890136719,-19.27183505249024,0.5853658536585366,False,False,False,0,0,0,False,False
horseshoe,1002,131,5,6,-29.08449890136719,-16.877679725646974,1.0,False,False,False,0,0,0,False,False
horseshoe,1002,132,5,7,-29.08449890136719,-14.483524398803713,1.0,False,False,False,2,2,0,False,True
horseshoe,1002,133,5,8,-29.08449890136719,-12.089369071960451,1.0,False,False,False,26,26,0,False,True
horseshoe,1002,134,5,9,-29.08449890136719,-9.69521374511719,1.0,False,False,False,20,20,0,False,True
horseshoe,1002,135,5,10,-29.08449890136719,-7.301058418273929,1.0,False,False,False,12,12,0,False,True
horseshoe,1002,136,5,11,-29.08449890136719,-4.906903091430667,1.0,False,False,False,0,0,0,False,False
horseshoe,1002,137,5,12,-29.08449890136719,-2.5127477645874023,0.926829268292683,False,False,False,1,1,0,False,True
horseshoe,1002,138,5,13,-29.08449890136719,-0.11859243774414074,0.9024390243902439,False,False,False,1,1,0,False,True
horseshoe,1002,139,5,14,-29.08449890136719,2.2755628890991204,0.926829268292683,False,False,False,0,0,0,False,False
horseshoe,1002,140,5,15,-29.08449890136719,4.669718215942382,0.9512195121951219,False,False,False,4,4,0,False,True
horseshoe,1002,141,5,16,-29.08449890136719,7.063873542785643,0.975609756097561,False,False,False,2,2,0,False,True
horseshoe,1002,142,5,17,-29.08449890136719,9.458028869628905,0.9512195121951219,False,False,False,0,0,0,False,False
horseshoe,1002,143,5,18,-29.08449890136719,11.852184196472166,0.9024390243902439,False,False,False,16,16,0,False,True
horseshoe,1002,144,5,19,-29.08449890136719,14.246339523315427,0.5365853658536586,False,False,False,0,0,0,False,False
horseshoe,1002,145,5,20,-29.08449890136719,16.64049485015869,0.5365853658536586,False,False,False,0,0,0,False,False
horseshoe,1002,146,5,21,-29.08449890136719,19.03465017700195,0.3170731707317073,False,True,False,0,0,0,False,False
horseshoe,1002,147,5,22,-29.08449890136719,21.42880550384521,0.0,True,True,True,0,0,0,False,False
horseshoe,1002,148,5,23,-29.08449890136719,23.822960830688473,0.0,True,True,True,0,0,0,False,False
horseshoe,1002,149,5,24,-29.08449890136719,26.21711615753174,0.0,True,True,True,0,0,0,False,False
horseshoe,1002,150,6,0,-25.896032485961914,-31.242611686706546,0.0,True,True,True,0,0,0,False,False
horseshoe,1002,151,6,1,-25.896032485961914,-28.848456359863285,0.0,True,True,True,0,0,0,False,False
horseshoe,1002,152,6,2,-25.896032485961914,-26.454301033020023,0.0,True,True,True,0,0,0,False,False
horseshoe,1002,153,6,3,-25.896032485961914,-24.060145706176762,0.0,True,True,True,0,0,0,False,False
horseshoe,1002,154,6,4,-25.896032485961914,-21.6659903793335,0.0,True,True,True,0,0,0,False,False
horseshoe,1002,155,6,5,-25.896032485961914,-19.27183505249024,0.2682926829268293,False,True,False,0,0,0,False,False
horseshoe,1002,156,6,6,-25.896032485961914,-16.877679725646974,1.0,False,False,False,0,0,0,False,False
horseshoe,1002,157,6,7,-25.896032485961914,-14.483524398803713,1.0,False,False,False,0,0,0,False,False
horseshoe,1002,158,6,8,-25.896032485961914,-12.089369071960451,1.0,False,False,False,45,45,0,False,True
horseshoe,1002,159,6,9,-25.896032485961914,-9.69521374511719,1.0,False,False,False,23,23,0,False,True
horseshoe,1002,160,6,10,-25.896032485961914,-7.301058418273929,1.0,False,False,False,18,18,0,False,True
horseshoe,1002,161,6,11,-25.896032485961914,-4.906903091430667,1.0,False,False,False,0,0,0,False,False
horseshoe,1002,162,6,12,-25.896032485961914,-2.5127477645874023,1.0,False,False,False,5,5,0,False,True
horseshoe,1002,163,6,13,-25.896032485961914,-0.11859243774414074,1.0,False,False,False,1,1,0,False,True
horseshoe,1002,164,6,14,-25.896032485961914,2.2755628890991204,1.0,False,False,False,4,4,0,False,True
horseshoe,1002,165,6,15,-25.896032485961914,4.669718215942382,1.0,False,False,False,16,16,0,False,True
horseshoe,1002,166,6,16,-25.896032485961914,7.063873542785643,1.0,False,False,False,0,0,0,False,False
horseshoe,1002,167,6,17,-25.896032485961914,9.458028869628905,1.0,False,False,False,0,0,0,False,False
horseshoe,1002,168,6,18,-25.896032485961914,11.852184196472166,0.9024390243902439,False,False,False,1,1,0,False,True
horseshoe,1002,169,6,19,-25.896032485961914,14.246339523315427,0.8780487804878049,False,False,False,0,0,0,False,False
horseshoe,1002,170,6,20,-25.896032485961914,16.64049485015869,0.7804878048780488,False,False,False,0,0,0,False,False
horseshoe,1002,171,6,21,-25.896032485961914,19.03465017700195,0.3902439024390244,False,True,False,0,0,0,False,False
horseshoe,1002,172,6,22,-25.896032485961914,21.42880550384521,0.024390243902439025,False,True,True,0,0,0,False,False
horseshoe,1002,173,6,23,-25.896032485961914,23.822960830688473,0.0,True,True,True,0,0,0,False,False
horseshoe,1002,174,6,24,-25.896032485961914,26.21711615753174,0.0,True,True,True,0,0,0,False,False
horseshoe,1002,175,7,0,-22.70756607055664,-31.242611686706546,0.0,True,True,True,0,0,0,False,False
horseshoe,1002,176,7,1,-22.70756607055664,-28.848456359863285,0.0,True,True,True,0,0,0,False,False
horseshoe,1002,177,7,2,-22.70756607055664,-26.454301033020023,0.0,True,True,True,0,0,0,False,False
horseshoe,1002,178,7,3,-22.70756607055664,-24.060145706176762,0.0,True,True,True,0,0,0,False,False
horseshoe,1002,179,7,4,-22.70756607055664,-21.6659903793335,0.0,True,True,True,0,0,0,False,False
horseshoe,1002,180,7,5,-22.70756607055664,-19.27183505249024,0.0975609756097561,False,True,True,0,0,0,False,False
horseshoe,1002,181,7,6,-22.70756607055664,-16.877679725646974,0.975609756097561,False,False,False,0,0,0,False,False
horseshoe,1002,182,7,7,-22.70756607055664,-14.483524398803713,1.0,False,False,False,0,0,0,False,False
horseshoe,1002,183,7,8,-22.70756607055664,-12.089369071960451,1.0,False,False,False,1,1,0,False,True
horseshoe,1002,184,7,9,-22.70756607055664,-9.69521374511719,1.0,False,False,False,39,39,0,False,True
horseshoe,1002,185,7,10,-22.70756607055664,-7.301058418273929,1.0,False,False,False,23,23,0,False,True
horseshoe,1002,186,7,11,-22.70756607055664,-4.906903091430667,1.0,False,False,False,3,3,0,False,True
horseshoe,1002,187,7,12,-22.70756607055664,-2.5127477645874023,1.0,False,False,False,10,10,0,False,True
horseshoe,1002,188,7,13,-22.70756607055664,-0.11859243774414074,1.0,False,False,False,1,1,0,False,True
horseshoe,1002,189,7,14,-22.70756607055664,2.2755628890991204,1.0,False,False,False,10,10,0,False,True
horseshoe,1002,190,7,15,-22.70756607055664,4.669718215942382,1.0,False,False,False,10,10,0,False,True
horseshoe,1002,191,7,16,-22.70756607055664,7.063873542785643,1.0,False,False,False,0,0,0,False,False
horseshoe,1002,192,7,17,-22.70756607055664,9.458028869628905,1.0,False,False,False,2,2,0,False,True
horseshoe,1002,193,7,18,-22.70756607055664,11.852184196472166,0.975609756097561,False,False,False,1,1,0,False,True
horseshoe,1002,194,7,19,-22.70756607055664,14.246339523315427,0.9024390243902439,False,False,False,0,0,0,False,False
horseshoe,1002,195,7,20,-22.70756607055664,16.64049485015869,0.8292682926829268,False,False,False,0,0,0,False,False
horseshoe,1002,196,7,21,-22.70756607055664,19.03465017700195,0.36585365853658536,False,True,False,0,0,0,False,False
horseshoe,1002,197,7,22,-22.70756607055664,21.42880550384521,0.0,True,True,True,0,0,0,False,False
horseshoe,1002,198,7,23,-22.70756607055664,23.822960830688473,0.0,True,True,True,0,0,0,False,False
horseshoe,1002,199,7,24,-22.70756607055664,26.21711615753174,0.0,True,True,True,0,0,0,False,False
horseshoe,1002,200,8,0,-19.51909965515137,-31.242611686706546,0.0,True,True,True,0,0,0,False,False
horseshoe,1002,201,8,1,-19.51909965515137,-28.848456359863285,0.0,True,True,True,0,0,0,False,False
horseshoe,1002,202,8,2,-19.51909965515137,-26.454301033020023,0.0,True,True,True,0,0,0,False,False
horseshoe,1002,203,8,3,-19.51909965515137,-24.060145706176762,0.0,True,True,True,0,0,0,False,False
horseshoe,1002,204,8,4,-19.51909965515137,-21.6659903793335,0.0975609756097561,False,True,True,0,0,0,False,False
horseshoe,1002,205,8,5,-19.51909965515137,-19.27183505249024,0.2926829268292683,False,True,False,0,0,0,False,False
horseshoe,1002,206,8,6,-19.51909965515137,-16.877679725646974,1.0,False,False,False,0,0,0,False,False
horseshoe,1002,207,8,7,-19.51909965515137,-14.483524398803713,1.0,False,False,False,0,0,0,False,False
horseshoe,1002,208,8,8,-19.51909965515137,-12.089369071960451,1.0,False,False,False,20,20,0,False,True
horseshoe,1002,209,8,9,-19.51909965515137,-9.69521374511719,1.0,False,False,False,28,28,0,False,True
horseshoe,1002,210,8,10,-19.51909965515137,-7.301058418273929,1.0,False,False,False,28,28,0,False,True
horseshoe,1002,211,8,11,-19.51909965515137,-4.906903091430667,1.0,False,False,False,20,20,0,False,True
horseshoe,1002,212,8,12,-19.51909965515137,-2.5127477645874023,1.0,False,False,False,17,17,0,False,True
horseshoe,1002,213,8,13,-19.51909965515137,-0.11859243774414074,1.0,False,False,False,5,5,0,False,True
horseshoe,1002,214,8,14,-19.51909965515137,2.2755628890991204,1.0,False,False,False,62,62,0,False,True
horseshoe,1002,215,8,15,-19.51909965515137,4.669718215942382,1.0,False,False,False,11,11,0,False,True
horseshoe,1002,216,8,16,-19.51909965515137,7.063873542785643,1.0,False,False,False,2,2,0,False,True
horseshoe,1002,217,8,17,-19.51909965515137,9.458028869628905,1.0,False,False,False,1,1,0,False,True
horseshoe,1002,218,8,18,-19.51909965515137,11.852184196472166,1.0,False,False,False,3,3,0,False,True
horseshoe,1002,219,8,19,-19.51909965515137,14.246339523315427,1.0,False,False,False,0,0,0,False,False
horseshoe,1002,220,8,20,-19.51909965515137,16.64049485015869,0.9512195121951219,False,False,False,0,0,0,False,False
horseshoe,1002,221,8,21,-19.51909965515137,19.03465017700195,0.4634146341463415,False,True,False,0,0,0,False,False
horseshoe,1002,222,8,22,-19.51909965515137,21.42880550384521,0.0,True,True,True,0,0,0,False,False
horseshoe,1002,223,8,23,-19.51909965515137,23.822960830688473,0.0,True,True,True,0,0,0,False,False
horseshoe,1002,224,8,24,-19.51909965515137,26.21711615753174,0.0,True,True,True,0,0,0,False,False
horseshoe,1002,225,9,0,-16.330633239746096,-31.242611686706546,0.2682926829268293,False,True,False,0,0,0,False,False
horseshoe,1002,226,9,1,-16.330633239746096,-28.848456359863285,0.3170731707317073,False,True,False,0,0,0,False,False
horseshoe,1002,227,9,2,-16.330633239746096,-26.454301033020023,0.3170731707317073,False,True,False,0,0,0,False,False
horseshoe,1002,228,9,3,-16.330633239746096,-24.060145706176762,0.7073170731707317,False,False,False,0,0,0,False,False
horseshoe,1002,229,9,4,-16.330633239746096,-21.6659903793335,0.926829268292683,False,False,False,0,0,0,False,False
horseshoe,1002,230,9,5,-16.330633239746096,-19.27183505249024,1.0,False,False,False,0,0,0,False,False
horseshoe,1002,231,9,6,-16.330633239746096,-16.877679725646974,1.0,False,False,False,0,0,0,False,False
horseshoe,1002,232,9,7,-16.330633239746096,-14.483524398803713,1.0,False,False,False,0,0,0,False,False
horseshoe,1002,233,9,8,-16.330633239746096,-12.089369071960451,1.0,False,False,False,24,24,0,False,True
horseshoe,1002,234,9,9,-16.330633239746096,-9.69521374511719,1.0,False,False,False,82,82,0,False,True
horseshoe,1002,235,9,10,-16.330633239746096,-7.301058418273929,1.0,False,False,False,44,44,0,False,True
horseshoe,1002,236,9,11,-16.330633239746096,-4.906903091430667,1.0,False,False,False,34,34,0,False,True
horseshoe,1002,237,9,12,-16.330633239746096,-2.5127477645874023,1.0,False,False,False,23,23,0,False,True
horseshoe,1002,238,9,13,-16.330633239746096,-0.11859243774414074,1.0,False,False,False,24,24,0,False,True
horseshoe,1002,239,9,14,-16.330633239746096,2.2755628890991204,1.0,False,False,False,31,31,0,False,True
horseshoe,1002,240,9,15,-16.330633239746096,4.669718215942382,1.0,False,False,False,27,27,0,False,True
horseshoe,1002,241,9,16,-16.330633239746096,7.063873542785643,1.0,False,False,False,6,6,0,False,True
horseshoe,1002,242,9,17,-16.330633239746096,9.458028869628905,1.0,False,False,False,3,3,0,False,True
horseshoe,1002,243,9,18,-16.330633239746096,11.852184196472166,1.0,False,False,False,10,10,0,False,True
horseshoe,1002,244,9,19,-16.330633239746096,14.246339523315427,1.0,False,False,False,0,0,0,False,False
horseshoe,1002,245,9,20,-16.330633239746096,16.64049485015869,1.0,False,False,False,0,0,0,False,False
horseshoe,1002,246,9,21,-16.330633239746096,19.03465017700195,0.3902439024390244,False,True,False,0,0,0,False,False
horseshoe,1002,247,9,22,-16.330633239746096,21.42880550384521,0.0,True,True,True,0,0,0,False,False
horseshoe,1002,248,9,23,-16.330633239746096,23.822960830688473,0.0,True,True,True,0,0,0,False,False
horseshoe,1002,249,9,24,-16.330633239746096,26.21711615753174,0.0,True,True,True,0,0,0,False,False
horseshoe,1002,250,10,0,-13.142166824340823,-31.242611686706546,0.4634146341463415,False,True,False,0,0,0,False,False
horseshoe,1002,251,10,1,-13.142166824340823,-28.848456359863285,0.5609756097560976,False,False,False,0,0,0,False,False
horseshoe,1002,252,10,2,-13.142166824340823,-26.454301033020023,1.0,False,False,False,0,0,0,False,False
horseshoe,1002,253,10,3,-13.142166824340823,-24.060145706176762,1.0,False,False,False,0,0,0,False,False
horseshoe,1002,254,10,4,-13.142166824340823,-21.6659903793335,1.0,False,False,False,6,6,0,False,True
horseshoe,1002,255,10,5,-13.142166824340823,-19.27183505249024,1.0,False,False,False,0,0,0,False,False
horseshoe,1002,256,10,6,-13.142166824340823,-16.877679725646974,1.0,False,False,False,0,0,0,False,False
horseshoe,1002,257,10,7,-13.142166824340823,-14.483524398803713,1.0,False,False,False,18,18,0,False,True
horseshoe,1002,258,10,8,-13.142166824340823,-12.089369071960451,1.0,False,False,False,91,91,0,False,True
horseshoe,1002,259,10,9,-13.142166824340823,-9.69521374511719,1.0,False,False,False,184,184,0,False,True
horseshoe,1002,260,10,10,-13.142166824340823,-7.301058418273929,1.0,False,False,False,155,155,0,False,True
horseshoe,1002,261,10,11,-13.142166824340823,-4.906903091430667,1.0,False,False,False,78,78,0,False,True
horseshoe,1002,262,10,12,-13.142166824340823,-2.5127477645874023,1.0,False,False,False,58,58,0,False,True
horseshoe,1002,263,10,13,-13.142166824340823,-0.11859243774414074,1.0,False,False,False,39,39,0,False,True
horseshoe,1002,264,10,14,-13.142166824340823,2.2755628890991204,1.0,False,False,False,54,54,0,False,True
horseshoe,1002,265,10,15,-13.142166824340823,4.669718215942382,1.0,False,False,False,12,12,0,False,True
horseshoe,1002,266,10,16,-13.142166824340823,7.063873542785643,1.0,False,False,False,6,6,0,False,True
horseshoe,1002,267,10,17,-13.142166824340823,9.458028869628905,1.0,False,False,False,18,18,0,False,True
horseshoe,1002,268,10,18,-13.142166824340823,11.852184196472166,1.0,False,False,False,44,44,0,False,True
horseshoe,1002,269,10,19,-13.142166824340823,14.246339523315427,1.0,False,False,False,0,0,0,False,False
horseshoe,1002,270,10,20,-13.142166824340823,16.64049485015869,1.0,False,False,False,0,0,0,False,False
horseshoe,1002,271,10,21,-13.142166824340823,19.03465017700195,0.5853658536585366,False,False,False,0,0,0,False,False
horseshoe,1002,272,10,22,-13.142166824340823,21.42880550384521,0.0,True,True,True,0,0,0,False,False
horseshoe,1002,273,10,23,-13.142166824340823,23.822960830688473,0.0,True,True,True,0,0,0,False,False
horseshoe,1002,274,10,24,-13.142166824340823,26.21711615753174,0.0,True,True,True,0,0,0,False,False
horseshoe,1002,275,11,0,-9.953700408935546,-31.242611686706546,0.7560975609756098,False,False,False,0,0,0,False,False
horseshoe,1002,276,11,1,-9.953700408935546,-28.848456359863285,0.9512195121951219,False,False,False,0,0,0,False,False
horseshoe,1002,277,11,2,-9.953700408935546,-26.454301033020023,1.0,False,False,False,0,0,0,False,False
horseshoe,1002,278,11,3,-9.953700408935546,-24.060145706176762,1.0,False,False,False,4,4,0,False,True
horseshoe,1002,279,11,4,-9.953700408935546,-21.6659903793335,1.0,False,False,False,32,32,0,False,True
horseshoe,1002,280,11,5,-9.953700408935546,-19.27183505249024,1.0,False,False,False,74,74,0,False,True
horseshoe,1002,281,11,6,-9.953700408935546,-16.877679725646974,1.0,False,False,False,57,57,0,False,True
horseshoe,1002,282,11,7,-9.953700408935546,-14.483524398803713,1.0,False,False,False,125,125,0,False,True
horseshoe,1002,283,11,8,-9.953700408935546,-12.089369071960451,1.0,False,False,False,336,336,0,False,True
horseshoe,1002,284,11,9,-9.953700408935546,-9.69521374511719,1.0,False,False,False,283,283,0,False,True
horseshoe,1002,285,11,10,-9.953700408935546,-7.301058418273929,1.0,False,False,False,262,262,0,False,True
horseshoe,1002,286,11,11,-9.953700408935546,-4.906903091430667,1.0,False,False,False,197,197,0,False,True
horseshoe,1002,287,11,12,-9.953700408935546,-2.5127477645874023,1.0,False,False,False,113,113,0,False,True
horseshoe,1002,288,11,13,-9.953700408935546,-0.11859243774414074,1.0,False,False,False,61,61,0,False,True
horseshoe,1002,289,11,14,-9.953700408935546,2.2755628890991204,1.0,False,False,False,71,71,0,False,True
horseshoe,1002,290,11,15,-9.953700408935546,4.669718215942382,1.0,False,False,False,33,33,0,False,True
horseshoe,1002,291,11,16,-9.953700408935546,7.063873542785643,1.0,False,False,False,24,24,0,False,True
horseshoe,1002,292,11,17,-9.953700408935546,9.458028869628905,1.0,False,False,False,37,37,0,False,True
horseshoe,1002,293,11,18,-9.953700408935546,11.852184196472166,1.0,False,False,False,36,36,0,False,True
horseshoe,1002,294,11,19,-9.953700408935546,14.246339523315427,1.0,False,False,False,0,0,0,False,False
horseshoe,1002,295,11,20,-9.953700408935546,16.64049485015869,1.0,False,False,False,0,0,0,False,False
horseshoe,1002,296,11,21,-9.953700408935546,19.03465017700195,0.2926829268292683,False,True,False,0,0,0,False,False
horseshoe,1002,297,11,22,-9.953700408935546,21.42880550384521,0.0,True,True,True,0,0,0,False,False
horseshoe,1002,298,11,23,-9.953700408935546,23.822960830688473,0.0,True,True,True,0,0,0,False,False
horseshoe,1002,299,11,24,-9.953700408935546,26.21711615753174,0.0,True,True,True,0,0,0,False,False
horseshoe,1002,300,12,0,-6.765233993530273,-31.242611686706546,0.7073170731707317,False,False,False,0,0,0,False,False
horseshoe,1002,301,12,1,-6.765233993530273,-28.848456359863285,0.8292682926829268,False,False,False,0,0,0,False,False
horseshoe,1002,302,12,2,-6.765233993530273,-26.454301033020023,1.0,False,False,False,0,0,0,False,False
horseshoe,1002,303,12,3,-6.765233993530273,-24.060145706176762,1.0,False,False,False,1,1,0,False,True
horseshoe,1002,304,12,4,-6.765233993530273,-21.6659903793335,1.0,False,False,False,0,0,0,False,False
horseshoe,1002,305,12,5,-6.765233993530273,-19.27183505249024,1.0,False,False,False,24,24,0,False,True
horseshoe,1002,306,12,6,-6.765233993530273,-16.877679725646974,1.0,False,False,False,51,51,0,False,True
horseshoe,1002,307,12,7,-6.765233993530273,-14.483524398803713,1.0,False,False,False,85,85,0,False,True
horseshoe,1002,308,12,8,-6.765233993530273,-12.089369071960451,1.0,False,False,False,222,222,0,False,True
horseshoe,1002,309,12,9,-6.765233993530273,-9.69521374511719,1.0,False,False,False,251,251,0,False,True
horseshoe,1002,310,12,10,-6.765233993530273,-7.301058418273929,1.0,False,False,False,93,93,0,False,True
horseshoe,1002,311,12,11,-6.765233993530273,-4.906903091430667,1.0,False,False,False,164,164,0,False,True
horseshoe,1002,312,12,12,-6.765233993530273,-2.5127477645874023,1.0,False,False,False,76,76,0,False,True
horseshoe,1002,313,12,13,-6.765233993530273,-0.11859243774414074,1.0,False,False,False,110,110,0,False,True
horseshoe,1002,314,12,14,-6.765233993530273,2.2755628890991204,1.0,False,False,False,47,47,0,False,True
horseshoe,1002,315,12,15,-6.765233993530273,4.669718215942382,1.0,False,False,False,57,57,0,False,True
horseshoe,1002,316,12,16,-6.765233993530273,7.063873542785643,1.0,False,False,False,31,31,0,False,True
horseshoe,1002,317,12,17,-6.765233993530273,9.458028869628905,1.0,False,False,False,67,67,0,False,True
horseshoe,1002,318,12,18,-6.765233993530273,11.852184196472166,1.0,False,False,False,19,19,0,False,True
horseshoe,1002,319,12,19,-6.765233993530273,14.246339523315427,1.0,False,False,False,6,6,0,False,True
horseshoe,1002,320,12,20,-6.765233993530273,16.64049485015869,1.0,False,False,False,0,0,0,False,False
horseshoe,1002,321,12,21,-6.765233993530273,19.03465017700195,0.7560975609756098,False,False,False,0,0,0,False,False
horseshoe,1002,322,12,22,-6.765233993530273,21.42880550384521,0.0975609756097561,False,True,True,0,0,0,False,False
horseshoe,1002,323,12,23,-6.765233993530273,23.822960830688473,0.0,True,True,True,0,0,0,False,False
horseshoe,1002,324,12,24,-6.765233993530273,26.21711615753174,0.0,True,True,True,0,0,0,False,False
horseshoe,1002,325,13,0,-3.5767675781250006,-31.242611686706546,0.5609756097560976,False,False,False,0,0,0,False,False
horseshoe,1002,326,13,1,-3.5767675781250006,-28.848456359863285,0.6341463414634146,False,False,False,0,0,0,False,False
horseshoe,1002,327,13,2,-3.5767675781250006,-26.454301033020023,0.7560975609756098,False,False,False,0,0,0,False,False
horseshoe,1002,328,13,3,-3.5767675781250006,-24.060145706176762,1.0,False,False,False,0,0,0,False,False
horseshoe,1002,329,13,4,-3.5767675781250006,-21.6659903793335,1.0,False,False,False,2,2,0,False,True
horseshoe,1002,330,13,5,-3.5767675781250006,-19.27183505249024,1.0,False,False,False,32,32,0,False,True
horseshoe,1002,331,13,6,-3.5767675781250006,-16.877679725646974,1.0,False,False,False,33,33,0,False,True
horseshoe,1002,332,13,7,-3.5767675781250006,-14.483524398803713,1.0,False,False,False,53,53,0,False,True
horseshoe,1002,333,13,8,-3.5767675781250006,-12.089369071960451,1.0,False,False,False,52,52,0,False,True
horseshoe,1002,334,13,9,-3.5767675781250006,-9.69521374511719,1.0,False,False,False,154,154,0,False,True
horseshoe,1002,335,13,10,-3.5767675781250006,-7.301058418273929,1.0,False,False,False,153,153,0,False,True
horseshoe,1002,336,13,11,-3.5767675781250006,-4.906903091430667,1.0,False,False,False,190,190,0,False,True
horseshoe,1002,337,13,12,-3.5767675781250006,-2.5127477645874023,1.0,False,False,False,222,222,0,False,True
horseshoe,1002,338,13,13,-3.5767675781250006,-0.11859243774414074,1.0,False,False,False,323,323,0,False,True
horseshoe,1002,339,13,14,-3.5767675781250006,2.2755628890991204,1.0,False,False,False,241,241,0,False,True
horseshoe,1002,340,13,15,-3.5767675781250006,4.669718215942382,1.0,False,False,False,77,77,0,False,True
horseshoe,1002,341,13,16,-3.5767675781250006,7.063873542785643,1.0,False,False,False,111,111,0,False,True
horseshoe,1002,342,13,17,-3.5767675781250006,9.458028869628905,1.0,False,False,False,105,105,0,False,True
horseshoe,1002,343,13,18,-3.5767675781250006,11.852184196472166,1.0,False,False,False,56,56,0,False,True
horseshoe,1002,344,13,19,-3.5767675781250006,14.246339523315427,1.0,False,False,False,6,6,0,False,True
horseshoe,1002,345,13,20,-3.5767675781250006,16.64049485015869,1.0,False,False,False,1,1,0,False,True
horseshoe,1002,346,13,21,-3.5767675781250006,19.03465017700195,1.0,False,False,False,0,0,0,False,False
horseshoe,1002,347,13,22,-3.5767675781250006,21.42880550384521,0.8292682926829268,False,False,False,0,0,0,False,False
horseshoe,1002,348,13,23,-3.5767675781250006,23.822960830688473,0.3170731707317073,False,True,False,0,0,0,False,False
horseshoe,1002,349,13,24,-3.5767675781250006,26.21711615753174,0.2682926829268293,False,True,False,0,0,0,False,False
horseshoe,1002,350,14,0,-0.3883011627197275,-31.242611686706546,0.1951219512195122,False,True,False,0,0,0,False,False
horseshoe,1002,351,14,1,-0.3883011627197275,-28.848456359863285,0.24390243902439024,False,True,False,0,0,0,False,False
horseshoe,1002,352,14,2,-0.3883011627197275,-26.454301033020023,0.43902439024390244,False,True,False,0,0,0,False,False
horseshoe,1002,353,14,3,-0.3883011627197275,-24.060145706176762,0.975609756097561,False,False,False,0,0,0,False,False
horseshoe,1002,354,14,4,-0.3883011627197275,-21.6659903793335,1.0,False,False,False,0,0,0,False,False
horseshoe,1002,355,14,5,-0.3883011627197275,-19.27183505249024,1.0,False,False,False,11,11,0,False,True
horseshoe,1002,356,14,6,-0.3883011627197275,-16.877679725646974,1.0,False,False,False,45,45,0,False,True
horseshoe,1002,357,14,7,-0.3883011627197275,-14.483524398803713,1.0,False,False,False,198,198,0,False,True
horseshoe,1002,358,14,8,-0.3883011627197275,-12.089369071960451,1.0,False,False,False,121,121,0,False,True
horseshoe,1002,359,14,9,-0.3883011627197275,-9.69521374511719,1.0,False,False,False,43,43,0,False,True
horseshoe,1002,360,14,10,-0.3883011627197275,-7.301058418273929,1.0,False,False,False,125,125,0,False,True
horseshoe,1002,361,14,11,-0.3883011627197275,-4.906903091430667,1.0,False,False,False,166,166,0,False,True
horseshoe,1002,362,14,12,-0.3883011627197275,-2.5127477645874023,1.0,False,False,False,253,253,0,False,True
horseshoe,1002,363,14,13,-0.3883011627197275,-0.11859243774414074,1.0,False,False,False,604,604,0,False,True
horseshoe,1002,364,14,14,-0.3883011627197275,2.2755628890991204,1.0,False,False,False,688,688,0,False,True
horseshoe,1002,365,14,15,-0.3883011627197275,4.669718215942382,1.0,False,False,False,281,281,0,False,True
horseshoe,1002,366,14,16,-0.3883011627197275,7.063873542785643,1.0,False,False,False,213,213,0,False,True
horseshoe,1002,367,14,17,-0.3883011627197275,9.458028869628905,1.0,False,False,False,143,143,0,False,True
horseshoe,1002,368,14,18,-0.3883011627197275,11.852184196472166,1.0,False,False,False,105,105,0,False,True
horseshoe,1002,369,14,19,-0.3883011627197275,14.246339523315427,1.0,False,False,False,111,111,0,False,True
horseshoe,1002,370,14,20,-0.3883011627197275,16.64049485015869,1.0,False,False,False,26,26,0,False,True
horseshoe,1002,371,14,21,-0.3883011627197275,19.03465017700195,1.0,False,False,False,0,0,0,False,False
horseshoe,1002,372,14,22,-0.3883011627197275,21.42880550384521,1.0,False,False,False,0,0,0,False,False
horseshoe,1002,373,14,23,-0.3883011627197275,23.822960830688473,1.0,False,False,False,0,0,0,False,False
horseshoe,1002,374,14,24,-0.3883011627197275,26.21711615753174,0.6829268292682927,False,False,False,0,0,0,False,False
horseshoe,1002,375,15,0,2.800165252685545,-31.242611686706546,0.0,True,True,True,0,0,0,False,False
horseshoe,1002,376,15,1,2.800165252685545,-28.848456359863285,0.0,True,True,True,0,0,0,False,False
horseshoe,1002,377,15,2,2.800165252685545,-26.454301033020023,0.0975609756097561,False,True,True,0,0,0,False,False
horseshoe,1002,378,15,3,2.800165252685545,-24.060145706176762,0.7073170731707317,False,False,False,0,0,0,False,False
horseshoe,1002,379,15,4,2.800165252685545,-21.6659903793335,1.0,False,False,False,0,0,0,False,False
horseshoe,1002,380,15,5,2.800165252685545,-19.27183505249024,1.0,False,False,False,0,0,0,False,False
horseshoe,1002,381,15,6,2.800165252685545,-16.877679725646974,1.0,False,False,False,3,3,0,False,True
horseshoe,1002,382,15,7,2.800165252685545,-14.483524398803713,1.0,False,False,False,66,66,0,False,True
horseshoe,1002,383,15,8,2.800165252685545,-12.089369071960451,1.0,False,False,False,114,114,0,False,True
horseshoe,1002,384,15,9,2.800165252685545,-9.69521374511719,1.0,False,False,False,155,155,0,False,True
horseshoe,1002,385,15,10,2.800165252685545,-7.301058418273929,1.0,False,False,False,480,480,0,False,True
horseshoe,1002,386,15,11,2.800165252685545,-4.906903091430667,1.0,False,False,False,680,680,0,False,True
horseshoe,1002,387,15,12,2.800165252685545,-2.5127477645874023,1.0,False,False,False,819,819,0,False,True
horseshoe,1002,388,15,13,2.800165252685545,-0.11859243774414074,1.0,False,False,False,706,706,0,False,True
horseshoe,1002,389,15,14,2.800165252685545,2.2755628890991204,1.0,False,False,False,674,674,0,False,True
horseshoe,1002,390,15,15,2.800165252685545,4.669718215942382,1.0,False,False,False,581,581,0,False,True
horseshoe,1002,391,15,16,2.800165252685545,7.063873542785643,1.0,False,False,False,183,183,0,False,True
horseshoe,1002,392,15,17,2.800165252685545,9.458028869628905,1.0,False,False,False,104,104,0,False,True
horseshoe,1002,393,15,18,2.800165252685545,11.852184196472166,1.0,False,False,False,59,59,0,False,True
horseshoe,1002,394,15,19,2.800165252685545,14.246339523315427,1.0,False,False,False,40,40,0,False,True
horseshoe,1002,395,15,20,2.800165252685545,16.64049485015869,1.0,False,False,False,84,84,0,False,True
horseshoe,1002,396,15,21,2.800165252685545,19.03465017700195,1.0,False,False,False,0,0,0,False,False
horseshoe,1002,397,15,22,2.800165252685545,21.42880550384521,1.0,False,False,False,0,0,0,False,False
horseshoe,1002,398,15,23,2.800165252685545,23.822960830688473,1.0,False,False,False,0,0,0,False,False
horseshoe,1002,399,15,24,2.800165252685545,26.21711615753174,0.975609756097561,False,False,False,0,0,0,False,False
horseshoe,1002,400,16,0,5.988631668090818,-31.242611686706546,0.0,True,True,True,0,0,0,False,False
horseshoe,1002,401,16,1,5.988631668090818,-28.848456359863285,0.0,True,True,True,0,0,0,False,False
horseshoe,1002,402,16,2,5.988631668090818,-26.454301033020023,0.0,True,True,True,0,0,0,False,False
horseshoe,1002,403,16,3,5.988631668090818,-24.060145706176762,0.1951219512195122,False,True,False,0,0,0,False,False
horseshoe,1002,404,16,4,5.988631668090818,-21.6659903793335,0.6097560975609756,False,False,False,0,0,0,False,False
horseshoe,1002,405,16,5,5.988631668090818,-19.27183505249024,1.0,False,False,False,0,0,0,False,False
horseshoe,1002,406,16,6,5.988631668090818,-16.877679725646974,1.0,False,False,False,0,0,0,False,False
horseshoe,1002,407,16,7,5.988631668090818,-14.483524398803713,1.0,False,False,False,0,0,0,False,False
horseshoe,1002,408,16,8,5.988631668090818,-12.089369071960451,1.0,False,False,False,15,15,0,False,True
horseshoe,1002,409,16,9,5.988631668090818,-9.69521374511719,1.0,False,False,False,1361,1361,0,False,True
horseshoe,1002,410,16,10,5.988631668090818,-7.301058418273929,1.0,False,False,False,237,237,0,False,True
horseshoe,1002,411,16,11,5.988631668090818,-4.906903091430667,1.0,False,False,False,449,449,0,False,True
horseshoe,1002,412,16,12,5.988631668090818,-2.5127477645874023,1.0,False,False,False,414,414,0,False,True
horseshoe,1002,413,16,13,5.988631668090818,-0.11859243774414074,1.0,False,False,False,395,395,0,False,True
horseshoe,1002,414,16,14,5.988631668090818,2.2755628890991204,1.0,False,False,False,226,226,0,False,True
horseshoe,1002,415,16,15,5.988631668090818,4.669718215942382,1.0,False,False,False,197,197,0,False,True
horseshoe,1002,416,16,16,5.988631668090818,7.063873542785643,1.0,False,False,False,123,123,0,False,True
horseshoe,1002,417,16,17,5.988631668090818,9.458028869628905,1.0,False,False,False,34,34,0,False,True
horseshoe,1002,418,16,18,5.988631668090818,11.852184196472166,1.0,False,False,False,69,69,0,False,True
horseshoe,1002,419,16,19,5.988631668090818,14.246339523315427,1.0,False,False,False,39,39,0,False,True
horseshoe,1002,420,16,20,5.988631668090818,16.64049485015869,1.0,False,False,False,72,72,0,False,True
horseshoe,1002,421,16,21,5.988631668090818,19.03465017700195,1.0,False,False,False,9,9,0,False,True
horseshoe,1002,422,16,22,5.988631668090818,21.42880550384521,1.0,False,False,False,0,0,0,False,False
horseshoe,1002,423,16,23,5.988631668090818,23.822960830688473,1.0,False,False,False,0,0,0,False,False
horseshoe,1002,424,16,24,5.988631668090818,26.21711615753174,0.9512195121951219,False,False,False,0,0,0,False,False
horseshoe,1002,425,17,0,9.177098083496091,-31.242611686706546,0.0,True,True,True,0,0,0,False,False
horseshoe,1002,426,17,1,9.177098083496091,-28.848456359863285,0.0,True,True,True,0,0,0,False,False
horseshoe,1002,427,17,2,9.177098083496091,-26.454301033020023,0.0,True,True,True,0,0,0,False,False
horseshoe,1002,428,17,3,9.177098083496091,-24.060145706176762,0.0,True,True,True,0,0,0,False,False
horseshoe,1002,429,17,4,9.177098083496091,-21.6659903793335,0.1951219512195122,False,True,False,0,0,0,False,False
horseshoe,1002,430,17,5,9.177098083496091,-19.27183505249024,0.7073170731707317,False,False,False,0,0,0,False,False
horseshoe,1002,431,17,6,9.177098083496091,-16.877679725646974,1.0,False,False,False,0,0,0,False,False
horseshoe,1002,432,17,7,9.177098083496091,-14.483524398803713,1.0,False,False,False,0,0,0,False,False
horseshoe,1002,433,17,8,9.177098083496091,-12.089369071960451,1.0,False,False,False,219,219,0,False,True
horseshoe,1002,434,17,9,9.177098083496091,-9.69521374511719,1.0,False,False,False,61,61,0,False,True
horseshoe,1002,435,17,10,9.177098083496091,-7.301058418273929,1.0,False,False,False,78,78,0,False,True
horseshoe,1002,436,17,11,9.177098083496091,-4.906903091430667,1.0,False,False,False,111,111,0,False,True
horseshoe,1002,437,17,12,9.177098083496091,-2.5127477645874023,1.0,False,False,False,174,174,0,False,True
horseshoe,1002,438,17,13,9.177098083496091,-0.11859243774414074,1.0,False,False,False,186,186,0,False,True
horseshoe,1002,439,17,14,9.177098083496091,2.2755628890991204,1.0,False,False,False,119,119,0,False,True
horseshoe,1002,440,17,15,9.177098083496091,4.669718215942382,1.0,False,False,False,75,75,0,False,True
horseshoe,1002,441,17,16,9.177098083496091,7.063873542785643,1.0,False,False,False,40,40,0,False,True
horseshoe,1002,442,17,17,9.177098083496091,9.458028869628905,1.0,False,False,False,86,86,0,False,True
horseshoe,1002,443,17,18,9.177098083496091,11.852184196472166,1.0,False,False,False,65,65,0,False,True
horseshoe,1002,444,17,19,9.177098083496091,14.246339523315427,1.0,False,False,False,28,28,0,False,True
horseshoe,1002,445,17,20,9.177098083496091,16.64049485015869,1.0,False,False,False,7,7,0,False,True
horseshoe,1002,446,17,21,9.177098083496091,19.03465017700195,1.0,False,False,False,0,0,0,False,False
horseshoe,1002,447,17,22,9.177098083496091,21.42880550384521,1.0,False,False,False,0,0,0,False,False
horseshoe,1002,448,17,23,9.177098083496091,23.822960830688473,0.9512195121951219,False,False,False,0,0,0,False,False
horseshoe,1002,449,17,24,9.177098083496091,26.21711615753174,0.8780487804878049,False,False,False,0,0,0,False,False
horseshoe,1002,450,18,0,12.365564498901364,-31.242611686706546,0.0,True,True,True,0,0,0,False,False
horseshoe,1002,451,18,1,12.365564498901364,-28.848456359863285,0.0,True,True,True,0,0,0,False,False
horseshoe,1002,452,18,2,12.365564498901364,-26.454301033020023,0.0,True,True,True,0,0,0,False,False
horseshoe,1002,453,18,3,12.365564498901364,-24.060145706176762,0.0,True,True,True,0,0,0,False,False
horseshoe,1002,454,18,4,12.365564498901364,-21.6659903793335,0.0,True,True,True,0,0,0,False,False
horseshoe,1002,455,18,5,12.365564498901364,-19.27183505249024,0.1951219512195122,False,True,False,0,0,0,False,False
horseshoe,1002,456,18,6,12.365564498901364,-16.877679725646974,1.0,False,False,False,0,0,0,False,False
horseshoe,1002,457,18,7,12.365564498901364,-14.483524398803713,1.0,False,False,False,0,0,0,False,False
horseshoe,1002,458,18,8,12.365564498901364,-12.089369071960451,1.0,False,False,False,1,1,0,False,True
horseshoe,1002,459,18,9,12.365564498901364,-9.69521374511719,1.0,False,False,False,23,23,0,False,True
horseshoe,1002,460,18,10,12.365564498901364,-7.301058418273929,1.0,False,False,False,77,77,0,False,True
horseshoe,1002,461,18,11,12.365564498901364,-4.906903091430667,1.0,False,False,False,41,41,0,False,True
horseshoe,1002,462,18,12,12.365564498901364,-2.5127477645874023,1.0,False,False,False,26,26,0,False,True
horseshoe,1002,463,18,13,12.365564498901364,-0.11859243774414074,1.0,False,False,False,49,49,0,False,True
horseshoe,1002,464,18,14,12.365564498901364,2.2755628890991204,1.0,False,False,False,18,18,0,False,True
horseshoe,1002,465,18,15,12.365564498901364,4.669718215942382,1.0,False,False,False,50,50,0,False,True
horseshoe,1002,466,18,16,12.365564498901364,7.063873542785643,1.0,False,False,False,29,29,0,False,True
horseshoe,1002,467,18,17,12.365564498901364,9.458028869628905,1.0,False,False,False,94,94,0,False,True
horseshoe,1002,468,18,18,12.365564498901364,11.852184196472166,1.0,False,False,False,50,50,0,False,True
horseshoe,1002,469,18,19,12.365564498901364,14.246339523315427,1.0,False,False,False,9,9,0,False,True
horseshoe,1002,470,18,20,12.365564498901364,16.64049485015869,1.0,False,False,False,0,0,0,False,False
horseshoe,1002,471,18,21,12.365564498901364,19.03465017700195,1.0,False,False,False,0,0,0,False,False
horseshoe,1002,472,18,22,12.365564498901364,21.42880550384521,0.4878048780487805,False,True,False,0,0,0,False,False
horseshoe,1002,473,18,23,12.365564498901364,23.822960830688473,0.2926829268292683,False,True,False,0,0,0,False,False
horseshoe,1002,474,18,24,12.365564498901364,26.21711615753174,0.2926829268292683,False,True,False,0,0,0,False,False
horseshoe,1002,475,19,0,15.554030914306637,-31.242611686706546,0.0,True,True,True,0,0,0,False,False
horseshoe,1002,476,19,1,15.554030914306637,-28.848456359863285,0.0,True,True,True,0,0,0,False,False
horseshoe,1002,477,19,2,15.554030914306637,-26.454301033020023,0.0,True,True,True,0,0,0,False,False
horseshoe,1002,478,19,3,15.554030914306637,-24.060145706176762,0.0,True,True,True,0,0,0,False,False
horseshoe,1002,479,19,4,15.554030914306637,-21.6659903793335,0.0,True,True,True,0,0,0,False,False
horseshoe,1002,480,19,5,15.554030914306637,-19.27183505249024,0.0975609756097561,False,True,True,0,0,0,False,False
horseshoe,1002,481,19,6,15.554030914306637,-16.877679725646974,0.926829268292683,False,False,False,0,0,0,False,False
horseshoe,1002,482,19,7,15.554030914306637,-14.483524398803713,1.0,False,False,False,0,0,0,False,False
horseshoe,1002,483,19,8,15.554030914306637,-12.089369071960451,1.0,False,False,False,10,10,0,False,True
horseshoe,1002,484,19,9,15.554030914306637,-9.69521374511719,1.0,False,False,False,21,21,0,False,True
horseshoe,1002,485,19,10,15.554030914306637,-7.301058418273929,1.0,False,False,False,56,56,0,False,True
horseshoe,1002,486,19,11,15.554030914306637,-4.906903091430667,1.0,False,False,False,12,12,0,False,True
horseshoe,1002,487,19,12,15.554030914306637,-2.5127477645874023,1.0,False,False,False,9,9,0,False,True
horseshoe,1002,488,19,13,15.554030914306637,-0.11859243774414074,1.0,False,False,False,1,1,0,False,True
horseshoe,1002,489,19,14,15.554030914306637,2.2755628890991204,1.0,False,False,False,0,0,0,False,False
horseshoe,1002,490,19,15,15.554030914306637,4.669718215942382,1.0,False,False,False,2,2,0,False,True
horseshoe,1002,491,19,16,15.554030914306637,7.063873542785643,1.0,False,False,False,2,2,0,False,True
horseshoe,1002,492,19,17,15.554030914306637,9.458028869628905,1.0,False,False,False,38,38,0,False,True
horseshoe,1002,493,19,18,15.554030914306637,11.852184196472166,1.0,False,False,False,6,6,0,False,True
horseshoe,1002,494,19,19,15.554030914306637,14.246339523315427,1.0,False,False,False,0,0,0,False,False
horseshoe,1002,495,19,20,15.554030914306637,16.64049485015869,1.0,False,False,False,0,0,0,False,False
horseshoe,1002,496,19,21,15.554030914306637,19.03465017700195,0.6829268292682927,False,False,False,0,0,0,False,False
horseshoe,1002,497,19,22,15.554030914306637,21.42880550384521,0.0,True,True,True,0,0,0,False,False
horseshoe,1002,498,19,23,15.554030914306637,23.822960830688473,0.0,True,True,True,0,0,0,False,False
horseshoe,1002,499,19,24,15.554030914306637,26.21711615753174,0.0,True,True,True,0,0,0,False,False
horseshoe,1002,500,20,0,18.74249732971191,-31.242611686706546,0.0,True,True,True,0,0,0,False,False
horseshoe,1002,501,20,1,18.74249732971191,-28.848456359863285,0.0,True,True,True,0,0,0,False,False
horseshoe,1002,502,20,2,18.74249732971191,-26.454301033020023,0.0,True,True,True,0,0,0,False,False
horseshoe,1002,503,20,3,18.74249732971191,-24.060145706176762,0.0,True,True,True,0,0,0,False,False
horseshoe,1002,504,20,4,18.74249732971191,-21.6659903793335,0.0,True,True,True,0,0,0,False,False
horseshoe,1002,505,20,5,18.74249732971191,-19.27183505249024,0.0975609756097561,False,True,True,0,0,0,False,False
horseshoe,1002,506,20,6,18.74249732971191,-16.877679725646974,0.7317073170731707,False,False,False,0,0,0,False,False
horseshoe,1002,507,20,7,18.74249732971191,-14.483524398803713,1.0,False,False,False,0,0,0,False,False
horseshoe,1002,508,20,8,18.74249732971191,-12.089369071960451,1.0,False,False,False,12,12,0,False,True
horseshoe,1002,509,20,9,18.74249732971191,-9.69521374511719,1.0,False,False,False,50,50,0,False,True
horseshoe,1002,510,20,10,18.74249732971191,-7.301058418273929,1.0,False,False,False,18,18,0,False,True
horseshoe,1002,511,20,11,18.74249732971191,-4.906903091430667,1.0,False,False,False,0,0,0,False,False
horseshoe,1002,512,20,12,18.74249732971191,-2.5127477645874023,1.0,False,False,False,0,0,0,False,False
horseshoe,1002,513,20,13,18.74249732971191,-0.11859243774414074,1.0,False,False,False,0,0,0,False,False
horseshoe,1002,514,20,14,18.74249732971191,2.2755628890991204,0.975609756097561,False,False,False,0,0,0,False,False
horseshoe,1002,515,20,15,18.74249732971191,4.669718215942382,1.0,False,False,False,0,0,0,False,False
horseshoe,1002,516,20,16,18.74249732971191,7.063873542785643,1.0,False,False,False,0,0,0,False,False
horseshoe,1002,517,20,17,18.74249732971191,9.458028869628905,1.0,False,False,False,0,0,0,False,False
horseshoe,1002,518,20,18,18.74249732971191,11.852184196472166,1.0,False,False,False,0,0,0,False,False
horseshoe,1002,519,20,19,18.74249732971191,14.246339523315427,0.975609756097561,False,False,False,0,0,0,False,False
horseshoe,1002,520,20,20,18.74249732971191,16.64049485015869,0.7073170731707317,False,False,False,0,0,0,False,False
horseshoe,1002,521,20,21,18.74249732971191,19.03465017700195,0.0,True,True,True,0,0,0,False,False
horseshoe,1002,522,20,22,18.74249732971191,21.42880550384521,0.0,True,True,True,0,0,0,False,False
horseshoe,1002,523,20,23,18.74249732971191,23.822960830688473,0.0,True,True,True,0,0,0,False,False
horseshoe,1002,524,20,24,18.74249732971191,26.21711615753174,0.0,True,True,True,0,0,0,False,False
horseshoe,1002,525,21,0,21.93096374511719,-31.242611686706546,0.0,True,True,True,0,0,0,False,False
horseshoe,1002,526,21,1,21.93096374511719,-28.848456359863285,0.0,True,True,True,0,0,0,False,False
horseshoe,1002,527,21,2,21.93096374511719,-26.454301033020023,0.0,True,True,True,0,0,0,False,False
horseshoe,1002,528,21,3,21.93096374511719,-24.060145706176762,0.0,True,True,True,0,0,0,False,False
horseshoe,1002,529,21,4,21.93096374511719,-21.6659903793335,0.0,True,True,True,0,0,0,False,False
horseshoe,1002,530,21,5,21.93096374511719,-19.27183505249024,0.0975609756097561,False,True,True,0,0,0,False,False
horseshoe,1002,531,21,6,21.93096374511719,-16.877679725646974,0.4634146341463415,False,True,False,0,0,0,False,False
horseshoe,1002,532,21,7,21.93096374511719,-14.483524398803713,0.8536585365853658,False,False,False,0,0,0,False,False
horseshoe,1002,533,21,8,21.93096374511719,-12.089369071960451,1.0,False,False,False,0,0,0,False,False
horseshoe,1002,534,21,9,21.93096374511719,-9.69521374511719,1.0,False,False,False,6,6,0,False,True
horseshoe,1002,535,21,10,21.93096374511719,-7.301058418273929,1.0,False,False,False,1,1,0,False,True
horseshoe,1002,536,21,11,21.93096374511719,-4.906903091430667,1.0,False,False,False,0,0,0,False,False
horseshoe,1002,537,21,12,21.93096374511719,-2.5127477645874023,0.8536585365853658,False,False,False,0,0,0,False,False
horseshoe,1002,538,21,13,21.93096374511719,-0.11859243774414074,0.1951219512195122,False,True,False,0,0,0,False,False
horseshoe,1002,539,21,14,21.93096374511719,2.2755628890991204,0.0,True,True,True,0,0,0,False,False
horseshoe,1002,540,21,15,21.93096374511719,4.669718215942382,0.0975609756097561,False,True,True,0,0,0,False,False
horseshoe,1002,541,21,16,21.93096374511719,7.063873542785643,0.4634146341463415,False,True,False,0,0,0,False,False
horseshoe,1002,542,21,17,21.93096374511719,9.458028869628905,0.6097560975609756,False,False,False,0,0,0,False,False
horseshoe,1002,543,21,18,21.93096374511719,11.852184196472166,0.5853658536585366,False,False,False,0,0,0,False,False
horseshoe,1002,544,21,19,21.93096374511719,14.246339523315427,0.4146341463414634,False,True,False,0,0,0,False,False
horseshoe,1002,545,21,20,21.93096374511719,16.64049485015869,0.0,True,True,True,0,0,0,False,False
horseshoe,1002,546,21,21,21.93096374511719,19.03465017700195,0.0,True,True,True,0,0,0,False,False
horseshoe,1002,547,21,22,21.93096374511719,21.42880550384521,0.0,True,True,True,0,0,0,False,False
horseshoe,1002,548,21,23,21.93096374511719,23.822960830688473,0.0,True,True,True,0,0,0,False,False
horseshoe,1002,549,21,24,21.93096374511719,26.21711615753174,0.0,True,True,True,0,0,0,False,False
horseshoe,1002,550,22,0,25.119430160522462,-31.242611686706546,0.0,True,True,True,0,0,0,False,False
horseshoe,1002,551,22,1,25.119430160522462,-28.848456359863285,0.0,True,True,True,0,0,0,False,False
horseshoe,1002,552,22,2,25.119430160522462,-26.454301033020023,0.0,True,True,True,0,0,0,False,False
horseshoe,1002,553,22,3,25.119430160522462,-24.060145706176762,0.0,True,True,True,0,0,0,False,False
horseshoe,1002,554,22,4,25.119430160522462,-21.6659903793335,0.0,True,True,True,0,0,0,False,False
horseshoe,1002,555,22,5,25.119430160522462,-19.27183505249024,0.0,True,True,True,0,0,0,False,False
horseshoe,1002,556,22,6,25.119430160522462,-16.877679725646974,0.0975609756097561,False,True,True,0,0,0,False,False
horseshoe,1002,557,22,7,25.119430160522462,-14.483524398803713,0.6341463414634146,False,False,False,0,0,0,False,False
horseshoe,1002,558,22,8,25.119430160522462,-12.089369071960451,0.7560975609756098,False,False,False,0,0,0,False,False
horseshoe,1002,559,22,9,25.119430160522462,-9.69521374511719,0.8780487804878049,False,False,False,0,0,0,False,False
horseshoe,1002,560,22,10,25.119430160522462,-7.301058418273929,0.8536585365853658,False,False,False,0,0,0,False,False
horseshoe,1002,561,22,11,25.119430160522462,-4.906903091430667,0.6829268292682927,False,False,False,0,0,0,False,False
horseshoe,1002,562,22,12,25.119430160522462,-2.5127477645874023,0.0,True,True,True,0,0,0,False,False
horseshoe,1002,563,22,13,25.119430160522462,-0.11859243774414074,0.0,True,True,True,0,0,0,False,False
horseshoe,1002,564,22,14,25.119430160522462,2.2755628890991204,0.0,True,True,True,0,0,0,False,False
horseshoe,1002,565,22,15,25.119430160522462,4.669718215942382,0.0,True,True,True,0,0,0,False,False
horseshoe,1002,566,22,16,25.119430160522462,7.063873542785643,0.0,True,True,True,0,0,0,False,False
horseshoe,1002,567,22,17,25.119430160522462,9.458028869628905,0.0,True,True,True,0,0,0,False,False
horseshoe,1002,568,22,18,25.119430160522462,11.852184196472166,0.0,True,True,True,0,0,0,False,False
horseshoe,1002,569,22,19,25.119430160522462,14.246339523315427,0.0,True,True,True,0,0,0,False,False
horseshoe,1002,570,22,20,25.119430160522462,16.64049485015869,0.0,True,True,True,0,0,0,False,False
horseshoe,1002,571,22,21,25.119430160522462,19.03465017700195,0.0,True,True,True,0,0,0,False,False
horseshoe,1002,572,22,22,25.119430160522462,21.42880550384521,0.0,True,True,True,0,0,0,False,False
horseshoe,1002,573,22,23,25.119430160522462,23.822960830688473,0.0,True,True,True,0,0,0,False,False
horseshoe,1002,574,22,24,25.119430160522462,26.21711615753174,0.0,True,True,True,0,0,0,False,False
horseshoe,1002,575,23,0,28.307896575927735,-31.242611686706546,0.0,True,True,True,0,0,0,False,False
horseshoe,1002,576,23,1,28.307896575927735,-28.848456359863285,0.0,True,True,True,0,0,0,False,False
horseshoe,1002,577,23,2,28.307896575927735,-26.454301033020023,0.0,True,True,True,0,0,0,False,False
horseshoe,1002,578,23,3,28.307896575927735,-24.060145706176762,0.0,True,True,True,0,0,0,False,False
horseshoe,1002,579,23,4,28.307896575927735,-21.6659903793335,0.0,True,True,True,0,0,0,False,False
horseshoe,1002,580,23,5,28.307896575927735,-19.27183505249024,0.0,True,True,True,0,0,0,False,False
horseshoe,1002,581,23,6,28.307896575927735,-16.877679725646974,0.0,True,True,True,0,0,0,False,False
horseshoe,1002,582,23,7,28.307896575927735,-14.483524398803713,0.24390243902439024,False,True,False,0,0,0,False,False
horseshoe,1002,583,23,8,28.307896575927735,-12.089369071960451,0.4634146341463415,False,True,False,0,0,0,False,False
horseshoe,1002,584,23,9,28.307896575927735,-9.69521374511719,0.5609756097560976,False,False,False,0,0,0,False,False
horseshoe,1002,585,23,10,28.307896575927735,-7.301058418273929,0.6097560975609756,False,False,False,0,0,0,False,False
horseshoe,1002,586,23,11,28.307896575927735,-4.906903091430667,0.17073170731707318,False,True,False,0,0,0,False,False
horseshoe,1002,587,23,12,28.307896575927735,-2.5127477645874023,0.0,True,True,True,0,0,0,False,False
horseshoe,1002,588,23,13,28.307896575927735,-0.11859243774414074,0.0,True,True,True,0,0,0,False,False
horseshoe,1002,589,23,14,28.307896575927735,2.2755628890991204,0.0,True,True,True,0,0,0,False,False
horseshoe,1002,590,23,15,28.307896575927735,4.669718215942382,0.0,True,True,True,0,0,0,False,False
horseshoe,1002,591,23,16,28.307896575927735,7.063873542785643,0.0,True,True,True,0,0,0,False,False
horseshoe,1002,592,23,17,28.307896575927735,9.458028869628905,0.0,True,True,True,0,0,0,False,False
horseshoe,1002,593,23,18,28.307896575927735,11.852184196472166,0.0,True,True,True,0,0,0,False,False
horseshoe,1002,594,23,19,28.307896575927735,14.246339523315427,0.0,True,True,True,0,0,0,False,False
horseshoe,1002,595,23,20,28.307896575927735,16.64049485015869,0.0,True,True,True,0,0,0,False,False
horseshoe,1002,596,23,21,28.307896575927735,19.03465017700195,0.0,True,True,True,0,0,0,False,False
horseshoe,1002,597,23,22,28.307896575927735,21.42880550384521,0.0,True,True,True,0,0,0,False,False
horseshoe,1002,598,23,23,28.307896575927735,23.822960830688473,0.0,True,True,True,0,0,0,False,False
horseshoe,1002,599,23,24,28.307896575927735,26.21711615753174,0.0,True,True,True,0,0,0,False,False
horseshoe,1002,600,24,0,31.496362991333008,-31.242611686706546,0.0,True,True,True,0,0,0,False,False
horseshoe,1002,601,24,1,31.496362991333008,-28.848456359863285,0.0,True,True,True,0,0,0,False,False
horseshoe,1002,602,24,2,31.496362991333008,-26.454301033020023,0.0,True,True,True,0,0,0,False,False
horseshoe,1002,603,24,3,31.496362991333008,-24.060145706176762,0.0,True,True,True,0,0,0,False,False
horseshoe,1002,604,24,4,31.496362991333008,-21.6659903793335,0.0,True,True,True,0,0,0,False,False
horseshoe,1002,605,24,5,31.496362991333008,-19.27183505249024,0.0,True,True,True,0,0,0,False,False
horseshoe,1002,606,24,6,31.496362991333008,-16.877679725646974,0.0,True,True,True,0,0,0,False,False
horseshoe,1002,607,24,7,31.496362991333008,-14.483524398803713,0.0975609756097561,False,True,True,0,0,0,False,False
horseshoe,1002,608,24,8,31.496362991333008,-12.089369071960451,0.1951219512195122,False,True,False,0,0,0,False,False
horseshoe,1002,609,24,9,31.496362991333008,-9.69521374511719,0.24390243902439024,False,True,False,0,0,0,False,False
horseshoe,1002,610,24,10,31.496362991333008,-7.301058418273929,0.0975609756097561,False,True,True,0,0,0,False,False
horseshoe,1002,611,24,11,31.496362991333008,-4.906903091430667,0.0,True,True,True,0,0,0,False,False
horseshoe,1002,612,24,12,31.496362991333008,-2.5127477645874023,0.0,True,True,True,0,0,0,False,False
horseshoe,1002,613,24,13,31.496362991333008,-0.11859243774414074,0.0,True,True,True,0,0,0,False,False
horseshoe,1002,614,24,14,31.496362991333008,2.2755628890991204,0.0,True,True,True,0,0,0,False,False
horseshoe,1002,615,24,15,31.496362991333008,4.669718215942382,0.0,True,True,True,0,0,0,False,False
horseshoe,1002,616,24,16,31.496362991333008,7.063873542785643,0.0,True,True,True,0,0,0,False,False
horseshoe,1002,617,24,17,31.496362991333008,9.458028869628905,0.0,True,True,True,0,0,0,False,False
horseshoe,1002,618,24,18,31.496362991333008,11.852184196472166,0.0,True,True,True,0,0,0,False,False
horseshoe,1002,619,24,19,31.496362991333008,14.246339523315427,0.0,True,True,True,0,0,0,False,False
horseshoe,1002,620,24,20,31.496362991333008,16.64049485015869,0.0,True,True,True,0,0,0,False,False
horseshoe,1002,621,24,21,31.496362991333008,19.03465017700195,0.0,True,True,True,0,0,0,False,False
horseshoe,1002,622,24,22,31.496362991333008,21.42880550384521,0.0,True,True,True,0,0,0,False,False
horseshoe,1002,623,24,23,31.496362991333008,23.822960830688473,0.0,True,True,True,0,0,0,False,False
horseshoe,1002,624,24,24,31.496362991333008,26.21711615753174,0.0,True,True,True,0,0,0,False,False
horseshoe,1003,0,0,0,-24.642180316925046,-21.100832611083987,0.0,True,True,True,0,0,0,False,False
horseshoe,1003,1,0,1,-24.642180316925046,-19.33346440124512,0.0,True,True,True,0,0,0,False,False
horseshoe,1003,2,0,2,-24.642180316925046,-17.566096191406253,0.0,True,True,True,0,0,0,False,False
horseshoe,1003,3,0,3,-24.642180316925046,-15.798727981567383,0.0,True,True,True,0,0,0,False,False
horseshoe,1003,4,0,4,-24.642180316925046,-14.031359771728516,0.0,True,True,True,0,0,0,False,False
horseshoe,1003,5,0,5,-24.642180316925046,-12.26399156188965,0.0,True,True,True,0,0,0,False,False
horseshoe,1003,6,0,6,-24.642180316925046,-10.496623352050783,0.0,True,True,True,0,0,0,False,False
horseshoe,1003,7,0,7,-24.642180316925046,-8.729255142211915,0.0,True,True,True,0,0,0,False,False
horseshoe,1003,8,0,8,-24.642180316925046,-6.961886932373048,0.0,True,True,True,0,0,0,False,False
horseshoe,1003,9,0,9,-24.642180316925046,-5.1945187225341805,0.0,True,True,True,0,0,0,False,False
horseshoe,1003,10,0,10,-24.642180316925046,-3.427150512695315,0.0,True,True,True,0,0,0,False,False
horseshoe,1003,11,0,11,-24.642180316925046,-1.6597823028564473,0.0,True,True,True,0,0,0,False,False
horseshoe,1003,12,0,12,-24.642180316925046,0.10758590698241999,0.0,True,True,True,0,0,0,False,False
horseshoe,1003,13,0,13,-24.642180316925046,1.8749541168212875,0.0,True,True,True,0,0,0,False,False
horseshoe,1003,14,0,14,-24.642180316925046,3.642322326660155,0.0,True,True,True,0,0,0,False,False
horseshoe,1003,15,0,15,-24.642180316925046,5.409690536499022,0.0,True,True,True,0,0,0,False,False
horseshoe,1003,16,0,16,-24.642180316925046,7.17705874633789,0.0,True,True,True,0,0,0,False,False
horseshoe,1003,17,0,17,-24.642180316925046,8.944426956176757,0.0,True,True,True,0,0,0,False,False
horseshoe,1003,18,0,18,-24.642180316925046,10.711795166015625,0.0,True,True,True,0,0,0,False,False
horseshoe,1003,19,0,19,-24.642180316925046,12.479163375854492,0.0,True,True,True,0,0,0,False,False
horseshoe,1003,20,0,20,-24.642180316925046,14.246531585693356,0.0,True,True,True,0,0,0,False,False
horseshoe,1003,21,0,21,-24.642180316925046,16.013899795532225,0.0,True,True,True,0,0,0,False,False
horseshoe,1003,22,0,22,-24.642180316925046,17.78126800537109,0.0,True,True,True,0,0,0,False,False
horseshoe,1003,23,0,23,-24.642180316925046,19.54863621520996,0.0,True,True,True,0,0,0,False,False
horseshoe,1003,24,0,24,-24.642180316925046,21.316004425048824,0.0,True,True,True,0,0,0,False,False
horseshoe,1003,25,1,0,-20.870048049926755,-21.100832611083987,0.0,True,True,True,0,0,0,False,False
horseshoe,1003,26,1,1,-20.870048049926755,-19.33346440124512,0.0,True,True,True,0,0,0,False,False
horseshoe,1003,27,1,2,-20.870048049926755,-17.566096191406253,0.0975609756097561,False,True,True,0,0,0,False,False
horseshoe,1003,28,1,3,-20.870048049926755,-15.798727981567383,0.0,True,True,True,0,0,0,False,False
horseshoe,1003,29,1,4,-20.870048049926755,-14.031359771728516,0.24390243902439024,False,True,False,0,0,0,False,False
horseshoe,1003,30,1,5,-20.870048049926755,-12.26399156188965,0.6585365853658537,False,False,False,0,0,0,False,False
horseshoe,1003,31,1,6,-20.870048049926755,-10.496623352050783,0.8048780487804879,False,False,False,0,0,0,False,False
horseshoe,1003,32,1,7,-20.870048049926755,-8.729255142211915,0.6585365853658537,False,False,False,0,0,0,False,False
horseshoe,1003,33,1,8,-20.870048049926755,-6.961886932373048,0.6585365853658537,False,False,False,0,0,0,False,False
horseshoe,1003,34,1,9,-20.870048049926755,-5.1945187225341805,0.5609756097560976,False,False,False,0,0,0,False,False
horseshoe,1003,35,1,10,-20.870048049926755,-3.427150512695315,0.04878048780487805,False,True,True,0,0,0,False,False
horseshoe,1003,36,1,11,-20.870048049926755,-1.6597823028564473,0.0,True,True,True,0,0,0,False,False
horseshoe,1003,37,1,12,-20.870048049926755,0.10758590698241999,0.0,True,True,True,0,0,0,False,False
horseshoe,1003,38,1,13,-20.870048049926755,1.8749541168212875,0.0,True,True,True,0,0,0,False,False
horseshoe,1003,39,1,14,-20.870048049926755,3.642322326660155,0.0,True,True,True,0,0,0,False,False
horseshoe,1003,40,1,15,-20.870048049926755,5.409690536499022,0.0,True,True,True,0,0,0,False,False
horseshoe,1003,41,1,16,-20.870048049926755,7.17705874633789,0.0,True,True,True,0,0,0,False,False
horseshoe,1003,42,1,17,-20.870048049926755,8.944426956176757,0.0,True,True,True,0,0,0,False,False
horseshoe,1003,43,1,18,-20.870048049926755,10.711795166015625,0.0,True,True,True,0,0,0,False,False
horseshoe,1003,44,1,19,-20.870048049926755,12.479163375854492,0.0,True,True,True,0,0,0,False,False
horseshoe,1003,45,1,20,-20.870048049926755,14.246531585693356,0.0,True,True,True,0,0,0,False,False
horseshoe,1003,46,1,21,-20.870048049926755,16.013899795532225,0.0,True,True,True,0,0,0,False,False
horseshoe,1003,47,1,22,-20.870048049926755,17.78126800537109,0.0,True,True,True,0,0,0,False,False
horseshoe,1003,48,1,23,-20.870048049926755,19.54863621520996,0.0,True,True,True,0,0,0,False,False
horseshoe,1003,49,1,24,-20.870048049926755,21.316004425048824,0.0,True,True,True,0,0,0,False,False
horseshoe,1003,50,2,0,-17.097915782928464,-21.100832611083987,0.4878048780487805,False,True,False,0,0,0,False,False
horseshoe,1003,51,2,1,-17.097915782928464,-19.33346440124512,0.6585365853658537,False,False,False,0,0,0,False,False
horseshoe,1003,52,2,2,-17.097915782928464,-17.566096191406253,1.0,False,False,False,0,0,0,False,False
horseshoe,1003,53,2,3,-17.097915782928464,-15.798727981567383,1.0,False,False,False,0,0,0,False,False
horseshoe,1003,54,2,4,-17.097915782928464,-14.031359771728516,1.0,False,False,False,0,0,0,False,False
horseshoe,1003,55,2,5,-17.097915782928464,-12.26399156188965,1.0,False,False,False,0,0,0,False,False
horseshoe,1003,56,2,6,-17.097915782928464,-10.496623352050783,1.0,False,False,False,16,16,0,False,True
horseshoe,1003,57,2,7,-17.097915782928464,-8.729255142211915,1.0,False,False,False,2,2,0,False,True
horseshoe,1003,58,2,8,-17.097915782928464,-6.961886932373048,1.0,False,False,False,0,0,0,False,False
horseshoe,1003,59,2,9,-17.097915782928464,-5.1945187225341805,1.0,False,False,False,0,0,0,False,False
horseshoe,1003,60,2,10,-17.097915782928464,-3.427150512695315,1.0,False,False,False,0,0,0,False,False
horseshoe,1003,61,2,11,-17.097915782928464,-1.6597823028564473,1.0,False,False,False,0,0,0,False,False
horseshoe,1003,62,2,12,-17.097915782928464,0.10758590698241999,0.975609756097561,False,False,False,0,0,0,False,False
horseshoe,1003,63,2,13,-17.097915782928464,1.8749541168212875,0.8048780487804879,False,False,False,0,0,0,False,False
horseshoe,1003,64,2,14,-17.097915782928464,3.642322326660155,0.5609756097560976,False,False,False,0,0,0,False,False
horseshoe,1003,65,2,15,-17.097915782928464,5.409690536499022,0.0975609756097561,False,True,True,0,0,0,False,False
horseshoe,1003,66,2,16,-17.097915782928464,7.17705874633789,0.0,True,True,True,0,0,0,False,False
horseshoe,1003,67,2,17,-17.097915782928464,8.944426956176757,0.0,True,True,True,0,0,0,False,False
horseshoe,1003,68,2,18,-17.097915782928464,10.711795166015625,0.0,True,True,True,0,0,0,False,False
horseshoe,1003,69,2,19,-17.097915782928464,12.479163375854492,0.0,True,True,True,0,0,0,False,False
horseshoe,1003,70,2,20,-17.097915782928464,14.246531585693356,0.0,True,True,True,0,0,0,False,False
horseshoe,1003,71,2,21,-17.097915782928464,16.013899795532225,0.0,True,True,True,0,0,0,False,False
horseshoe,1003,72,2,22,-17.097915782928464,17.78126800537109,0.0,True,True,True,0,0,0,False,False
horseshoe,1003,73,2,23,-17.097915782928464,19.54863621520996,0.0,True,True,True,0,0,0,False,False
horseshoe,1003,74,2,24,-17.097915782928464,21.316004425048824,0.0,True,True,True,0,0,0,False,False
horseshoe,1003,75,3,0,-13.325783515930175,-21.100832611083987,0.6585365853658537,False,False,False,0,0,0,False,False
horseshoe,1003,76,3,1,-13.325783515930175,-19.33346440124512,0.7804878048780488,False,False,False,0,0,0,False,False
horseshoe,1003,77,3,2,-13.325783515930175,-17.566096191406253,1.0,False,False,False,0,0,0,False,False
horseshoe,1003,78,3,3,-13.325783515930175,-15.798727981567383,1.0,False,False,False,0,0,0,False,False
horseshoe,1003,79,3,4,-13.325783515930175,-14.031359771728516,1.0,False,False,False,7,7,0,False,True
horseshoe,1003,80,3,5,-13.325783515930175,-12.26399156188965,1.0,False,False,False,21,21,0,False,True
horseshoe,1003,81,3,6,-13.325783515930175,-10.496623352050783,1.0,False,False,False,42,42,0,False,True
horseshoe,1003,82,3,7,-13.325783515930175,-8.729255142211915,1.0,False,False,False,100,100,0,False,True
horseshoe,1003,83,3,8,-13.325783515930175,-6.961886932373048,1.0,False,False,False,85,85,0,False,True
horseshoe,1003,84,3,9,-13.325783515930175,-5.1945187225341805,1.0,False,False,False,87,87,0,False,True
horseshoe,1003,85,3,10,-13.325783515930175,-3.427150512695315,1.0,False,False,False,7,7,0,False,True
horseshoe,1003,86,3,11,-13.325783515930175,-1.6597823028564473,1.0,False,False,False,14,14,0,False,True
horseshoe,1003,87,3,12,-13.325783515930175,0.10758590698241999,1.0,False,False,False,2,2,0,False,True
horseshoe,1003,88,3,13,-13.325783515930175,1.8749541168212875,1.0,False,False,False,0,0,0,False,False
horseshoe,1003,89,3,14,-13.325783515930175,3.642322326660155,1.0,False,False,False,0,0,0,False,False
horseshoe,1003,90,3,15,-13.325783515930175,5.409690536499022,0.926829268292683,False,False,False,0,0,0,False,False
horseshoe,1003,91,3,16,-13.325783515930175,7.17705874633789,0.8536585365853658,False,False,False,0,0,0,False,False
horseshoe,1003,92,3,17,-13.325783515930175,8.944426956176757,0.0975609756097561,False,True,True,0,0,0,False,False
horseshoe,1003,93,3,18,-13.325783515930175,10.711795166015625,0.0,True,True,True,0,0,0,False,False
horseshoe,1003,94,3,19,-13.325783515930175,12.479163375854492,0.0,True,True,True,0,0,0,False,False
horseshoe,1003,95,3,20,-13.325783515930175,14.246531585693356,0.0,True,True,True,0,0,0,False,False
horseshoe,1003,96,3,21,-13.325783515930175,16.013899795532225,0.0,True,True,True,0,0,0,False,False
horseshoe,1003,97,3,22,-13.325783515930175,17.78126800537109,0.0,True,True,True,0,0,0,False,False
horseshoe,1003,98,3,23,-13.325783515930175,19.54863621520996,0.0,True,True,True,0,0,0,False,False
horseshoe,1003,99,3,24,-13.325783515930175,21.316004425048824,0.0,True,True,True,0,0,0,False,False
horseshoe,1003,100,4,0,-9.553651248931883,-21.100832611083987,0.0,True,True,True,0,0,0,False,False
horseshoe,1003,101,4,1,-9.553651248931883,-19.33346440124512,0.8048780487804879,False,False,False,0,0,0,False,False
horseshoe,1003,102,4,2,-9.553651248931883,-17.566096191406253,0.9024390243902439,False,False,False,0,0,0,False,False
horseshoe,1003,103,4,3,-9.553651248931883,-15.798727981567383,0.9024390243902439,False,False,False,0,0,0,False,False
horseshoe,1003,104,4,4,-9.553651248931883,-14.031359771728516,1.0,False,False,False,0,0,0,False,False
horseshoe,1003,105,4,5,-9.553651248931883,-12.26399156188965,1.0,False,False,False,0,0,0,False,False
horseshoe,1003,106,4,6,-9.553651248931883,-10.496623352050783,1.0,False,False,False,5,5,0,False,True
horseshoe,1003,107,4,7,-9.553651248931883,-8.729255142211915,1.0,False,False,False,53,53,0,False,True
horseshoe,1003,108,4,8,-9.553651248931883,-6.961886932373048,1.0,False,False,False,144,144,0,False,True
horseshoe,1003,109,4,9,-9.553651248931883,-5.1945187225341805,1.0,False,False,False,208,208,0,False,True
horseshoe,1003,110,4,10,-9.553651248931883,-3.427150512695315,1.0,False,False,False,157,157,0,False,True
horseshoe,1003,111,4,11,-9.553651248931883,-1.6597823028564473,1.0,False,False,False,65,65,0,False,True
horseshoe,1003,112,4,12,-9.553651248931883,0.10758590698241999,1.0,False,False,False,36,36,0,False,True
horseshoe,1003,113,4,13,-9.553651248931883,1.8749541168212875,1.0,False,False,False,37,37,0,False,True
horseshoe,1003,114,4,14,-9.553651248931883,3.642322326660155,1.0,False,False,False,9,9,0,False,True
horseshoe,1003,115,4,15,-9.553651248931883,5.409690536499022,1.0,False,False,False,0,0,0,False,False
horseshoe,1003,116,4,16,-9.553651248931883,7.17705874633789,1.0,False,False,False,0,0,0,False,False
horseshoe,1003,117,4,17,-9.553651248931883,8.944426956176757,1.0,False,False,False,0,0,0,False,False
horseshoe,1003,118,4,18,-9.553651248931883,10.711795166015625,0.0,True,True,True,0,0,0,False,False
horseshoe,1003,119,4,19,-9.553651248931883,12.479163375854492,0.0,True,True,True,0,0,0,False,False
horseshoe,1003,120,4,20,-9.553651248931883,14.246531585693356,0.0,True,True,True,0,0,0,False,False
horseshoe,1003,121,4,21,-9.553651248931883,16.013899795532225,0.0,True,True,True,0,0,0,False,False
horseshoe,1003,122,4,22,-9.553651248931883,17.78126800537109,0.0,True,True,True,0,0,0,False,False
horseshoe,1003,123,4,23,-9.553651248931883,19.54863621520996,0.0,True,True,True,0,0,0,False,False
horseshoe,1003,124,4,24,-9.553651248931883,21.316004425048824,0.0,True,True,True,0,0,0,False,False
horseshoe,1003,125,5,0,-5.781518981933594,-21.100832611083987,0.24390243902439024,False,True,False,0,0,0,False,False
horseshoe,1003,126,5,1,-5.781518981933594,-19.33346440124512,0.6097560975609756,False,False,False,0,0,0,False,False
horseshoe,1003,127,5,2,-5.781518981933594,-17.566096191406253,0.9024390243902439,False,False,False,0,0,0,False,False
horseshoe,1003,128,5,3,-5.781518981933594,-15.798727981567383,0.975609756097561,False,False,False,0,0,0,False,False
horseshoe,1003,129,5,4,-5.781518981933594,-14.031359771728516,1.0,False,False,False,0,0,0,False,False
horseshoe,1003,130,5,5,-5.781518981933594,-12.26399156188965,1.0,False,False,False,5,5,0,False,True
horseshoe,1003,131,5,6,-5.781518981933594,-10.496623352050783,1.0,False,False,False,2,2,0,False,True
horseshoe,1003,132,5,7,-5.781518981933594,-8.729255142211915,1.0,False,False,False,10,10,0,False,True
horseshoe,1003,133,5,8,-5.781518981933594,-6.961886932373048,1.0,False,False,False,43,43,0,False,True
horseshoe,1003,134,5,9,-5.781518981933594,-5.1945187225341805,1.0,False,False,False,101,101,0,False,True
horseshoe,1003,135,5,10,-5.781518981933594,-3.427150512695315,1.0,False,False,False,214,214,0,False,True
horseshoe,1003,136,5,11,-5.781518981933594,-1.6597823028564473,1.0,False,False,False,293,293,0,False,True
horseshoe,1003,137,5,12,-5.781518981933594,0.10758590698241999,1.0,False,False,False,452,452,0,False,True
horseshoe,1003,138,5,13,-5.781518981933594,1.8749541168212875,1.0,False,False,False,509,509,0,False,True
horseshoe,1003,139,5,14,-5.781518981933594,3.642322326660155,1.0,False,False,False,1640,1640,0,False,True
horseshoe,1003,140,5,15,-5.781518981933594,5.409690536499022,1.0,False,False,False,14,14,0,False,True
horseshoe,1003,141,5,16,-5.781518981933594,7.17705874633789,1.0,False,False,False,0,0,0,False,False
horseshoe,1003,142,5,17,-5.781518981933594,8.944426956176757,1.0,False,False,False,0,0,0,False,False
horseshoe,1003,143,5,18,-5.781518981933594,10.711795166015625,1.0,False,False,False,0,0,0,False,False
horseshoe,1003,144,5,19,-5.781518981933594,12.479163375854492,1.0,False,False,False,0,0,0,False,False
horseshoe,1003,145,5,20,-5.781518981933594,14.246531585693356,1.0,False,False,False,0,0,0,False,False
horseshoe,1003,146,5,21,-5.781518981933594,16.013899795532225,0.6829268292682927,False,False,False,0,0,0,False,False
horseshoe,1003,147,5,22,-5.781518981933594,17.78126800537109,0.6097560975609756,False,False,False,0,0,0,False,False
horseshoe,1003,148,5,23,-5.781518981933594,19.54863621520996,0.0,True,True,True,0,0,0,False,False
horseshoe,1003,149,5,24,-5.781518981933594,21.316004425048824,0.0,True,True,True,0,0,0,False,False
horseshoe,1003,150,6,0,-2.009386714935303,-21.100832611083987,0.8780487804878049,False,False,False,0,0,0,False,False
horseshoe,1003,151,6,1,-2.009386714935303,-19.33346440124512,1.0,False,False,False,0,0,0,False,False
horseshoe,1003,152,6,2,-2.009386714935303,-17.566096191406253,1.0,False,False,False,0,0,0,False,False
horseshoe,1003,153,6,3,-2.009386714935303,-15.798727981567383,1.0,False,False,False,0,0,0,False,False
horseshoe,1003,154,6,4,-2.009386714935303,-14.031359771728516,1.0,False,False,False,1,1,0,False,True
horseshoe,1003,155,6,5,-2.009386714935303,-12.26399156188965,1.0,False,False,False,30,30,0,False,True
horseshoe,1003,156,6,6,-2.009386714935303,-10.496623352050783,1.0,False,False,False,36,36,0,False,True
horseshoe,1003,157,6,7,-2.009386714935303,-8.729255142211915,1.0,False,False,False,76,76,0,False,True
horseshoe,1003,158,6,8,-2.009386714935303,-6.961886932373048,1.0,False,False,False,70,70,0,False,True
horseshoe,1003,159,6,9,-2.009386714935303,-5.1945187225341805,1.0,False,False,False,125,125,0,False,True
horseshoe,1003,160,6,10,-2.009386714935303,-3.427150512695315,1.0,False,False,False,221,221,0,False,True
horseshoe,1003,161,6,11,-2.009386714935303,-1.6597823028564473,1.0,False,False,False,204,204,0,False,True
horseshoe,1003,162,6,12,-2.009386714935303,0.10758590698241999,1.0,False,False,False,843,843,0,False,True
horseshoe,1003,163,6,13,-2.009386714935303,1.8749541168212875,1.0,False,False,False,1047,1047,0,False,True
horseshoe,1003,164,6,14,-2.009386714935303,3.642322326660155,1.0,False,False,False,549,549,0,False,True
horseshoe,1003,165,6,15,-2.009386714935303,5.409690536499022,1.0,False,False,False,158,158,0,False,True
horseshoe,1003,166,6,16,-2.009386714935303,7.17705874633789,1.0,False,False,False,154,154,0,False,True
horseshoe,1003,167,6,17,-2.009386714935303,8.944426956176757,1.0,False,False,False,81,81,0,False,True
horseshoe,1003,168,6,18,-2.009386714935303,10.711795166015625,1.0,False,False,False,45,45,0,False,True
horseshoe,1003,169,6,19,-2.009386714935303,12.479163375854492,1.0,False,False,False,7,7,0,False,True
horseshoe,1003,170,6,20,-2.009386714935303,14.246531585693356,1.0,False,False,False,0,0,0,False,False
horseshoe,1003,171,6,21,-2.009386714935303,16.013899795532225,1.0,False,False,False,0,0,0,False,False
horseshoe,1003,172,6,22,-2.009386714935303,17.78126800537109,1.0,False,False,False,0,0,0,False,False
horseshoe,1003,173,6,23,-2.009386714935303,19.54863621520996,0.7317073170731707,False,False,False,0,0,0,False,False
horseshoe,1003,174,6,24,-2.009386714935303,21.316004425048824,0.12195121951219512,False,True,False,0,0,0,False,False
horseshoe,1003,175,7,0,1.7627455520629878,-21.100832611083987,1.0,False,False,False,0,0,0,False,False
horseshoe,1003,176,7,1,1.7627455520629878,-19.33346440124512,1.0,False,False,False,0,0,0,False,False
horseshoe,1003,177,7,2,1.7627455520629878,-17.566096191406253,1.0,False,False,False,0,0,0,False,False
horseshoe,1003,178,7,3,1.7627455520629878,-15.798727981567383,1.0,False,False,False,3,3,0,False,True
horseshoe,1003,179,7,4,1.7627455520629878,-14.031359771728516,1.0,False,False,False,32,32,0,False,True
horseshoe,1003,180,7,5,1.7627455520629878,-12.26399156188965,1.0,False,False,False,21,21,0,False,True
horseshoe,1003,181,7,6,1.7627455520629878,-10.496623352050783,1.0,False,False,False,34,34,0,False,True
horseshoe,1003,182,7,7,1.7627455520629878,-8.729255142211915,1.0,False,False,False,26,26,0,False,True
horseshoe,1003,183,7,8,1.7627455520629878,-6.961886932373048,1.0,False,False,False,46,46,0,False,True
horseshoe,1003,184,7,9,1.7627455520629878,-5.1945187225341805,1.0,False,False,False,201,201,0,False,True
horseshoe,1003,185,7,10,1.7627455520629878,-3.427150512695315,1.0,False,False,False,1380,1380,0,False,True
horseshoe,1003,186,7,11,1.7627455520629878,-1.6597823028564473,1.0,False,False,False,1464,1464,0,False,True
horseshoe,1003,187,7,12,1.7627455520629878,0.10758590698241999,1.0,False,False,False,874,874,0,False,True
horseshoe,1003,188,7,13,1.7627455520629878,1.8749541168212875,1.0,False,False,False,351,351,0,False,True
horseshoe,1003,189,7,14,1.7627455520629878,3.642322326660155,1.0,False,False,False,259,259,0,False,True
horseshoe,1003,190,7,15,1.7627455520629878,5.409690536499022,1.0,False,False,False,185,185,0,False,True
horseshoe,1003,191,7,16,1.7627455520629878,7.17705874633789,1.0,False,False,False,152,152,0,False,True
horseshoe,1003,192,7,17,1.7627455520629878,8.944426956176757,1.0,False,False,False,233,233,0,False,True
horseshoe,1003,193,7,18,1.7627455520629878,10.711795166015625,1.0,False,False,False,183,183,0,False,True
horseshoe,1003,194,7,19,1.7627455520629878,12.479163375854492,1.0,False,False,False,82,82,0,False,True
horseshoe,1003,195,7,20,1.7627455520629878,14.246531585693356,1.0,False,False,False,2,2,0,False,True
horseshoe,1003,196,7,21,1.7627455520629878,16.013899795532225,1.0,False,False,False,0,0,0,False,False
horseshoe,1003,197,7,22,1.7627455520629878,17.78126800537109,1.0,False,False,False,0,0,0,False,False
horseshoe,1003,198,7,23,1.7627455520629878,19.54863621520996,1.0,False,False,False,0,0,0,False,False
horseshoe,1003,199,7,24,1.7627455520629878,21.316004425048824,0.4146341463414634,False,True,False,0,0,0,False,False
horseshoe,1003,200,8,0,5.534877819061279,-21.100832611083987,1.0,False,False,False,0,0,0,False,False
horseshoe,1003,201,8,1,5.534877819061279,-19.33346440124512,1.0,False,False,False,0,0,0,False,False
horseshoe,1003,202,8,2,5.534877819061279,-17.566096191406253,1.0,False,False,False,7,7,0,False,True
horseshoe,1003,203,8,3,5.534877819061279,-15.798727981567383,1.0,False,False,False,51,51,0,False,True
horseshoe,1003,204,8,4,5.534877819061279,-14.031359771728516,1.0,False,False,False,62,62,0,False,True
horseshoe,1003,205,8,5,5.534877819061279,-12.26399156188965,1.0,False,False,False,50,50,0,False,True
horseshoe,1003,206,8,6,5.534877819061279,-10.496623352050783,1.0,False,False,False,81,81,0,False,True
horseshoe,1003,207,8,7,5.534877819061279,-8.729255142211915,1.0,False,False,False,87,87,0,False,True
horseshoe,1003,208,8,8,5.534877819061279,-6.961886932373048,1.0,False,False,False,155,155,0,False,True
horseshoe,1003,209,8,9,5.534877819061279,-5.1945187225341805,1.0,False,False,False,353,353,0,False,True
horseshoe,1003,210,8,10,5.534877819061279,-3.427150512695315,1.0,False,False,False,652,652,0,False,True
horseshoe,1003,211,8,11,5.534877819061279,-1.6597823028564473,1.0,False,False,False,286,286,0,False,True
horseshoe,1003,212,8,12,5.534877819061279,0.10758590698241999,1.0,False,False,False,67,67,0,False,True
horseshoe,1003,213,8,13,5.534877819061279,1.8749541168212875,1.0,False,False,False,219,219,0,False,True
horseshoe,1003,214,8,14,5.534877819061279,3.642322326660155,1.0,False,False,False,167,167,0,False,True
horseshoe,1003,215,8,15,5.534877819061279,5.409690536499022,1.0,False,False,False,175,175,0,False,True
horseshoe,1003,216,8,16,5.534877819061279,7.17705874633789,1.0,False,False,False,130,130,0,False,True
horseshoe,1003,217,8,17,5.534877819061279,8.944426956176757,1.0,False,False,False,234,234,0,False,True
horseshoe,1003,218,8,18,5.534877819061279,10.711795166015625,1.0,False,False,False,189,189,0,False,True
horseshoe,1003,219,8,19,5.534877819061279,12.479163375854492,1.0,False,False,False,38,38,0,False,True
horseshoe,1003,220,8,20,5.534877819061279,14.246531585693356,1.0,False,False,False,0,0,0,False,False
horseshoe,1003,221,8,21,5.534877819061279,16.013899795532225,1.0,False,False,False,0,0,0,False,False
horseshoe,1003,222,8,22,5.534877819061279,17.78126800537109,1.0,False,False,False,0,0,0,False,False
horseshoe,1003,223,8,23,5.534877819061279,19.54863621520996,1.0,False,False,False,0,0,0,False,False
horseshoe,1003,224,8,24,5.534877819061279,21.316004425048824,0.9024390243902439,False,False,False,0,0,0,False,False
horseshoe,1003,225,9,0,9.307010086059567,-21.100832611083987,1.0,False,False,False,0,0,0,False,False
horseshoe,1003,226,9,1,9.307010086059567,-19.33346440124512,1.0,False,False,False,0,0,0,False,False
horseshoe,1003,227,9,2,9.307010086059567,-17.566096191406253,1.0,False,False,False,3,3,0,False,True
horseshoe,1003,228,9,3,9.307010086059567,-15.798727981567383,1.0,False,False,False,11,11,0,False,True
horseshoe,1003,229,9,4,9.307010086059567,-14.031359771728516,1.0,False,False,False,19,19,0,False,True
horseshoe,1003,230,9,5,9.307010086059567,-12.26399156188965,1.0,False,False,False,51,51,0,False,True
horseshoe,1003,231,9,6,9.307010086059567,-10.496623352050783,1.0,False,False,False,51,51,0,False,True
horseshoe,1003,232,9,7,9.307010086059567,-8.729255142211915,1.0,False,False,False,97,97,0,False,True
horseshoe,1003,233,9,8,9.307010086059567,-6.961886932373048,1.0,False,False,False,173,173,0,False,True
horseshoe,1003,234,9,9,9.307010086059567,-5.1945187225341805,1.0,False,False,False,145,145,0,False,True
horseshoe,1003,235,9,10,9.307010086059567,-3.427150512695315,1.0,False,False,False,58,58,0,False,True
horseshoe,1003,236,9,11,9.307010086059567,-1.6597823028564473,1.0,False,False,False,29,29,0,False,True
horseshoe,1003,237,9,12,9.307010086059567,0.10758590698241999,1.0,False,False,False,46,46,0,False,True
horseshoe,1003,238,9,13,9.307010086059567,1.8749541168212875,1.0,False,False,False,63,63,0,False,True
horseshoe,1003,239,9,14,9.307010086059567,3.642322326660155,1.0,False,False,False,123,123,0,False,True
horseshoe,1003,240,9,15,9.307010086059567,5.409690536499022,1.0,False,False,False,124,124,0,False,True
horseshoe,1003,241,9,16,9.307010086059567,7.17705874633789,1.0,False,False,False,122,122,0,False,True
horseshoe,1003,242,9,17,9.307010086059567,8.944426956176757,1.0,False,False,False,101,101,0,False,True
horseshoe,1003,243,9,18,9.307010086059567,10.711795166015625,1.0,False,False,False,80,80,0,False,True
horseshoe,1003,244,9,19,9.307010086059567,12.479163375854492,1.0,False,False,False,96,96,0,False,True
horseshoe,1003,245,9,20,9.307010086059567,14.246531585693356,1.0,False,False,False,28,28,0,False,True
horseshoe,1003,246,9,21,9.307010086059567,16.013899795532225,1.0,False,False,False,0,0,0,False,False
horseshoe,1003,247,9,22,9.307010086059567,17.78126800537109,1.0,False,False,False,0,0,0,False,False
horseshoe,1003,248,9,23,9.307010086059567,19.54863621520996,1.0,False,False,False,0,0,0,False,False
horseshoe,1003,249,9,24,9.307010086059567,21.316004425048824,1.0,False,False,False,0,0,0,False,False
horseshoe,1003,250,10,0,13.079142353057858,-21.100832611083987,0.975609756097561,False,False,False,0,0,0,False,False
horseshoe,1003,251,10,1,13.079142353057858,-19.33346440124512,1.0,False,False,False,0,0,0,False,False
horseshoe,1003,252,10,2,13.079142353057858,-17.566096191406253,1.0,False,False,False,0,0,0,False,False
horseshoe,1003,253,10,3,13.079142353057858,-15.798727981567383,1.0,False,False,False,3,3,0,False,True
horseshoe,1003,254,10,4,13.079142353057858,-14.031359771728516,1.0,False,False,False,12,12,0,False,True
horseshoe,1003,255,10,5,13.079142353057858,-12.26399156188965,1.0,False,False,False,4,4,0,False,True
horseshoe,1003,256,10,6,13.079142353057858,-10.496623352050783,1.0,False,False,False,9,9,0,False,True
horseshoe,1003,257,10,7,13.079142353057858,-8.729255142211915,1.0,False,False,False,35,35,0,False,True
horseshoe,1003,258,10,8,13.079142353057858,-6.961886932373048,1.0,False,False,False,60,60,0,False,True
horseshoe,1003,259,10,9,13.079142353057858,-5.1945187225341805,1.0,False,False,False,67,67,0,False,True
horseshoe,1003,260,10,10,13.079142353057858,-3.427150512695315,1.0,False,False,False,13,13,0,False,True
horseshoe,1003,261,10,11,13.079142353057858,-1.6597823028564473,1.0,False,False,False,11,11,0,False,True
horseshoe,1003,262,10,12,13.079142353057858,0.10758590698241999,1.0,False,False,False,35,35,0,False,True
horseshoe,1003,263,10,13,13.079142353057858,1.8749541168212875,1.0,False,False,False,104,104,0,False,True
horseshoe,1003,264,10,14,13.079142353057858,3.642322326660155,1.0,False,False,False,86,86,0,False,True
horseshoe,1003,265,10,15,13.079142353057858,5.409690536499022,1.0,False,False,False,63,63,0,False,True
horseshoe,1003,266,10,16,13.079142353057858,7.17705874633789,1.0,False,False,False,87,87,0,False,True
horseshoe,1003,267,10,17,13.079142353057858,8.944426956176757,1.0,False,False,False,48,48,0,False,True
horseshoe,1003,268,10,18,13.079142353057858,10.711795166015625,1.0,False,False,False,25,25,0,False,True
horseshoe,1003,269,10,19,13.079142353057858,12.479163375854492,1.0,False,False,False,48,48,0,False,True
horseshoe,1003,270,10,20,13.079142353057858,14.246531585693356,1.0,False,False,False,56,56,0,False,True
horseshoe,1003,271,10,21,13.079142353057858,16.013899795532225,1.0,False,False,False,28,28,0,False,True
horseshoe,1003,272,10,22,13.079142353057858,17.78126800537109,1.0,False,False,False,0,0,0,False,False
horseshoe,1003,273,10,23,13.079142353057858,19.54863621520996,1.0,False,False,False,0,0,0,False,False
horseshoe,1003,274,10,24,13.079142353057858,21.316004425048824,1.0,False,False,False,0,0,0,False,False
horseshoe,1003,275,11,0,16.85127462005615,-21.100832611083987,0.975609756097561,False,False,False,0,0,0,False,False
horseshoe,1003,276,11,1,16.85127462005615,-19.33346440124512,1.0,False,False,False,0,0,0,False,False
horseshoe,1003,277,11,2,16.85127462005615,-17.566096191406253,1.0,False,False,False,0,0,0,False,False
horseshoe,1003,278,11,3,16.85127462005615,-15.798727981567383,1.0,False,False,False,0,0,0,False,False
horseshoe,1003,279,11,4,16.85127462005615,-14.031359771728516,1.0,False,False,False,7,7,0,False,True
horseshoe,1003,280,11,5,16.85127462005615,-12.26399156188965,1.0,False,False,False,12,12,0,False,True
horseshoe,1003,281,11,6,16.85127462005615,-10.496623352050783,1.0,False,False,False,22,22,0,False,True
horseshoe,1003,282,11,7,16.85127462005615,-8.729255142211915,1.0,False,False,False,55,55,0,False,True
horseshoe,1003,283,11,8,16.85127462005615,-6.961886932373048,1.0,False,False,False,51,51,0,False,True
horseshoe,1003,284,11,9,16.85127462005615,-5.1945187225341805,1.0,False,False,False,15,15,0,False,True
horseshoe,1003,285,11,10,16.85127462005615,-3.427150512695315,1.0,False,False,False,3,3,0,False,True
horseshoe,1003,286,11,11,16.85127462005615,-1.6597823028564473,1.0,False,False,False,10,10,0,False,True
horseshoe,1003,287,11,12,16.85127462005615,0.10758590698241999,1.0,False,False,False,32,32,0,False,True
horseshoe,1003,288,11,13,16.85127462005615,1.8749541168212875,1.0,False,False,False,27,27,0,False,True
horseshoe,1003,289,11,14,16.85127462005615,3.642322326660155,1.0,False,False,False,137,137,0,False,True
horseshoe,1003,290,11,15,16.85127462005615,5.409690536499022,1.0,False,False,False,40,40,0,False,True
horseshoe,1003,291,11,16,16.85127462005615,7.17705874633789,1.0,False,False,False,31,31,0,False,True
horseshoe,1003,292,11,17,16.85127462005615,8.944426956176757,1.0,False,False,False,46,46,0,False,True
horseshoe,1003,293,11,18,16.85127462005615,10.711795166015625,1.0,False,False,False,78,78,0,False,True
horseshoe,1003,294,11,19,16.85127462005615,12.479163375854492,1.0,False,False,False,10,10,0,False,True
horseshoe,1003,295,11,20,16.85127462005615,14.246531585693356,1.0,False,False,False,9,9,0,False,True
horseshoe,1003,296,11,21,16.85127462005615,16.013899795532225,1.0,False,False,False,50,50,0,False,True
horseshoe,1003,297,11,22,16.85127462005615,17.78126800537109,1.0,False,False,False,0,0,0,False,False
horseshoe,1003,298,11,23,16.85127462005615,19.54863621520996,1.0,False,False,False,0,0,0,False,False
horseshoe,1003,299,11,24,16.85127462005615,21.316004425048824,1.0,False,False,False,0,0,0,False,False
horseshoe,1003,300,12,0,20.62340688705444,-21.100832611083987,1.0,False,False,False,0,0,0,False,False
horseshoe,1003,301,12,1,20.62340688705444,-19.33346440124512,1.0,False,False,False,0,0,0,False,False
horseshoe,1003,302,12,2,20.62340688705444,-17.566096191406253,1.0,False,False,False,0,0,0,False,False
horseshoe,1003,303,12,3,20.62340688705444,-15.798727981567383,1.0,False,False,False,6,6,0,False,True
horseshoe,1003,304,12,4,20.62340688705444,-14.031359771728516,1.0,False,False,False,13,13,0,False,True
horseshoe,1003,305,12,5,20.62340688705444,-12.26399156188965,1.0,False,False,False,16,16,0,False,True
horseshoe,1003,306,12,6,20.62340688705444,-10.496623352050783,1.0,False,False,False,54,54,0,False,True
horseshoe,1003,307,12,7,20.62340688705444,-8.729255142211915,1.0,False,False,False,24,24,0,False,True
horseshoe,1003,308,12,8,20.62340688705444,-6.961886932373048,1.0,False,False,False,8,8,0,False,True
horseshoe,1003,309,12,9,20.62340688705444,-5.1945187225341805,1.0,False,False,False,27,27,0,False,True
horseshoe,1003,310,12,10,20.62340688705444,-3.427150512695315,1.0,False,False,False,6,6,0,False,True
horseshoe,1003,311,12,11,20.62340688705444,-1.6597823028564473,1.0,False,False,False,2,2,0,False,True
horseshoe,1003,312,12,12,20.62340688705444,0.10758590698241999,1.0,False,False,False,1,1,0,False,True
horseshoe,1003,313,12,13,20.62340688705444,1.8749541168212875,1.0,False,False,False,1,1,0,False,True
horseshoe,1003,314,12,14,20.62340688705444,3.642322326660155,1.0,False,False,False,50,50,0,False,True
horseshoe,1003,315,12,15,20.62340688705444,5.409690536499022,1.0,False,False,False,8,8,0,False,True
horseshoe,1003,316,12,16,20.62340688705444,7.17705874633789,1.0,False,False,False,5,5,0,False,True
horseshoe,1003,317,12,17,20.62340688705444,8.944426956176757,1.0,False,False,False,1,1,0,False,True
horseshoe,1003,318,12,18,20.62340688705444,10.711795166015625,1.0,False,False,False,3,3,0,False,True
horseshoe,1003,319,12,19,20.62340688705444,12.479163375854492,1.0,False,False,False,4,4,0,False,True
horseshoe,1003,320,12,20,20.62340688705444,14.246531585693356,1.0,False,False,False,0,0,0,False,False
horseshoe,1003,321,12,21,20.62340688705444,16.013899795532225,1.0,False,False,False,0,0,0,False,False
horseshoe,1003,322,12,22,20.62340688705444,17.78126800537109,1.0,False,False,False,0,0,0,False,False
horseshoe,1003,323,12,23,20.62340688705444,19.54863621520996,1.0,False,False,False,0,0,0,False,False
horseshoe,1003,324,12,24,20.62340688705444,21.316004425048824,1.0,False,False,False,0,0,0,False,False
horseshoe,1003,325,13,0,24.39553915405273,-21.100832611083987,1.0,False,False,False,0,0,0,False,False
horseshoe,1003,326,13,1,24.39553915405273,-19.33346440124512,1.0,False,False,False,0,0,0,False,False
horseshoe,1003,327,13,2,24.39553915405273,-17.566096191406253,1.0,False,False,False,0,0,0,False,False
horseshoe,1003,328,13,3,24.39553915405273,-15.798727981567383,1.0,False,False,False,4,4,0,False,True
horseshoe,1003,329,13,4,24.39553915405273,-14.031359771728516,1.0,False,False,False,22,22,0,False,True
horseshoe,1003,330,13,5,24.39553915405273,-12.26399156188965,1.0,False,False,False,24,24,0,False,True
horseshoe,1003,331,13,6,24.39553915405273,-10.496623352050783,1.0,False,False,False,12,12,0,False,True
horseshoe,1003,332,13,7,24.39553915405273,-8.729255142211915,1.0,False,False,False,10,10,0,False,True
horseshoe,1003,333,13,8,24.39553915405273,-6.961886932373048,1.0,False,False,False,2,2,0,False,True
horseshoe,1003,334,13,9,24.39553915405273,-5.1945187225341805,1.0,False,False,False,3,3,0,False,True
horseshoe,1003,335,13,10,24.39553915405273,-3.427150512695315,1.0,False,False,False,8,8,0,False,True
horseshoe,1003,336,13,11,24.39553915405273,-1.6597823028564473,1.0,False,False,False,19,19,0,False,True
horseshoe,1003,337,13,12,24.39553915405273,0.10758590698241999,1.0,False,False,False,4,4,0,False,True
horseshoe,1003,338,13,13,24.39553915405273,1.8749541168212875,1.0,False,False,False,0,0,0,False,False
horseshoe,1003,339,13,14,24.39553915405273,3.642322326660155,1.0,False,False,False,20,20,0,False,True
horseshoe,1003,340,13,15,24.39553915405273,5.409690536499022,1.0,False,False,False,0,0,0,False,False
horseshoe,1003,341,13,16,24.39553915405273,7.17705874633789,1.0,False,False,False,1,1,0,False,True
horseshoe,1003,342,13,17,24.39553915405273,8.944426956176757,1.0,False,False,False,11,11,0,False,True
horseshoe,1003,343,13,18,24.39553915405273,10.711795166015625,1.0,False,False,False,0,0,0,False,False
horseshoe,1003,344,13,19,24.39553915405273,12.479163375854492,1.0,False,False,False,0,0,0,False,False
horseshoe,1003,345,13,20,24.39553915405273,14.246531585693356,0.7560975609756098,False,False,False,0,0,0,False,False
horseshoe,1003,346,13,21,24.39553915405273,16.013899795532225,0.6585365853658537,False,False,False,0,0,0,False,False
horseshoe,1003,347,13,22,24.39553915405273,17.78126800537109,0.6341463414634146,False,False,False,0,0,0,False,False
horseshoe,1003,348,13,23,24.39553915405273,19.54863621520996,0.1951219512195122,False,True,False,0,0,0,False,False
horseshoe,1003,349,13,24,24.39553915405273,21.316004425048824,0.0975609756097561,False,True,True,0,0,0,False,False
horseshoe,1003,350,14,0,28.167671421051022,-21.100832611083987,1.0,False,False,False,0,0,0,False,False
horseshoe,1003,351,14,1,28.167671421051022,-19.33346440124512,1.0,False,False,False,0,0,0,False,False
horseshoe,1003,352,14,2,28.167671421051022,-17.566096191406253,1.0,False,False,False,0,0,0,False,False
horseshoe,1003,353,14,3,28.167671421051022,-15.798727981567383,1.0,False,False,False,9,9,0,False,True
horseshoe,1003,354,14,4,28.167671421051022,-14.031359771728516,1.0,False,False,False,31,31,0,False,True
horseshoe,1003,355,14,5,28.167671421051022,-12.26399156188965,1.0,False,False,False,14,14,0,False,True
horseshoe,1003,356,14,6,28.167671421051022,-10.496623352050783,1.0,False,False,False,15,15,0,False,True
horseshoe,1003,357,14,7,28.167671421051022,-8.729255142211915,1.0,False,False,False,4,4,0,False,True
horseshoe,1003,358,14,8,28.167671421051022,-6.961886932373048,1.0,False,False,False,0,0,0,False,False
horseshoe,1003,359,14,9,28.167671421051022,-5.1945187225341805,1.0,False,False,False,3,3,0,False,True
horseshoe,1003,360,14,10,28.167671421051022,-3.427150512695315,1.0,False,False,False,16,16,0,False,True
horseshoe,1003,361,14,11,28.167671421051022,-1.6597823028564473,0.975609756097561,False,False,False,0,0,0,False,False
horseshoe,1003,362,14,12,28.167671421051022,0.10758590698241999,1.0,False,False,False,0,0,0,False,False
horseshoe,1003,363,14,13,28.167671421051022,1.8749541168212875,0.975609756097561,False,False,False,0,0,0,False,False
horseshoe,1003,364,14,14,28.167671421051022,3.642322326660155,0.9512195121951219,False,False,False,0,0,0,False,False
horseshoe,1003,365,14,15,28.167671421051022,5.409690536499022,0.9512195121951219,False,False,False,0,0,0,False,False
horseshoe,1003,366,14,16,28.167671421051022,7.17705874633789,0.9024390243902439,False,False,False,0,0,0,False,False
horseshoe,1003,367,14,17,28.167671421051022,8.944426956176757,0.8048780487804879,False,False,False,0,0,0,False,False
horseshoe,1003,368,14,18,28.167671421051022,10.711795166015625,0.21951219512195122,False,True,False,0,0,0,False,False
horseshoe,1003,369,14,19,28.167671421051022,12.479163375854492,0.0975609756097561,False,True,True,0,0,0,False,False
horseshoe,1003,370,14,20,28.167671421051022,14.246531585693356,0.0,True,True,True,0,0,0,False,False
horseshoe,1003,371,14,21,28.167671421051022,16.013899795532225,0.0,True,True,True,0,0,0,False,False
horseshoe,1003,372,14,22,28.167671421051022,17.78126800537109,0.0,True,True,True,0,0,0,False,False
horseshoe,1003,373,14,23,28.167671421051022,19.54863621520996,0.0,True,True,True,0,0,0,False,False
horseshoe,1003,374,14,24,28.167671421051022,21.316004425048824,0.0,True,True,True,0,0,0,False,False
horseshoe,1003,375,15,0,31.939803688049313,-21.100832611083987,0.975609756097561,False,False,False,0,0,0,False,False
horseshoe,1003,376,15,1,31.939803688049313,-19.33346440124512,1.0,False,False,False,0,0,0,False,False
horseshoe,1003,377,15,2,31.939803688049313,-17.566096191406253,1.0,False,False,False,7,7,0,False,True
horseshoe,1003,378,15,3,31.939803688049313,-15.798727981567383,1.0,False,False,False,12,12,0,False,True
horseshoe,1003,379,15,4,31.939803688049313,-14.031359771728516,1.0,False,False,False,9,9,0,False,True
horseshoe,1003,380,15,5,31.939803688049313,-12.26399156188965,1.0,False,False,False,12,12,0,False,True
horseshoe,1003,381,15,6,31.939803688049313,-10.496623352050783,1.0,False,False,False,5,5,0,False,True
horseshoe,1003,382,15,7,31.939803688049313,-8.729255142211915,1.0,False,False,False,1,1,0,False,True
horseshoe,1003,383,15,8,31.939803688049313,-6.961886932373048,1.0,False,False,False,2,2,0,False,True
horseshoe,1003,384,15,9,31.939803688049313,-5.1945187225341805,1.0,False,False,False,0,0,0,False,False
horseshoe,1003,385,15,10,31.939803688049313,-3.427150512695315,0.975609756097561,False,False,False,11,11,0,False,True
horseshoe,1003,386,15,11,31.939803688049313,-1.6597823028564473,0.975609756097561,False,False,False,3,3,0,False,True
horseshoe,1003,387,15,12,31.939803688049313,0.10758590698241999,0.9024390243902439,False,False,False,0,0,0,False,False
horseshoe,1003,388,15,13,31.939803688049313,1.8749541168212875,0.8292682926829268,False,False,False,0,0,0,False,False
horseshoe,1003,389,15,14,31.939803688049313,3.642322326660155,0.5365853658536586,False,False,False,0,0,0,False,False
horseshoe,1003,390,15,15,31.939803688049313,5.409690536499022,0.1951219512195122,False,True,False,0,0,0,False,False
horseshoe,1003,391,15,16,31.939803688049313,7.17705874633789,0.0975609756097561,False,True,True,0,0,0,False,False
horseshoe,1003,392,15,17,31.939803688049313,8.944426956176757,0.0,True,True,True,0,0,0,False,False
horseshoe,1003,393,15,18,31.939803688049313,10.711795166015625,0.0,True,True,True,0,0,0,False,False
horseshoe,1003,394,15,19,31.939803688049313,12.479163375854492,0.0,True,True,True,0,0,0,False,False
horseshoe,1003,395,15,20,31.939803688049313,14.246531585693356,0.0,True,True,True,0,0,0,False,False
horseshoe,1003,396,15,21,31.939803688049313,16.013899795532225,0.0,True,True,True,0,0,0,False,False
horseshoe,1003,397,15,22,31.939803688049313,17.78126800537109,0.0,True,True,True,0,0,0,False,False
horseshoe,1003,398,15,23,31.939803688049313,19.54863621520996,0.0,True,True,True,0,0,0,False,False
horseshoe,1003,399,15,24,31.939803688049313,21.316004425048824,0.0,True,True,True,0,0,0,False,False
horseshoe,1003,400,16,0,35.7119359550476,-21.100832611083987,0.926829268292683,False,False,False,0,0,0,False,False
horseshoe,1003,401,16,1,35.7119359550476,-19.33346440124512,0.926829268292683,False,False,False,2,2,0,False,True
horseshoe,1003,402,16,2,35.7119359550476,-17.566096191406253,1.0,False,False,False,4,4,0,False,True
horseshoe,1003,403,16,3,35.7119359550476,-15.798727981567383,1.0,False,False,False,11,11,0,False,True
horseshoe,1003,404,16,4,35.7119359550476,-14.031359771728516,1.0,False,False,False,2,2,0,False,True
horseshoe,1003,405,16,5,35.7119359550476,-12.26399156188965,1.0,False,False,False,0,0,0,False,False
horseshoe,1003,406,16,6,35.7119359550476,-10.496623352050783,1.0,False,False,False,1,1,0,False,True
horseshoe,1003,407,16,7,35.7119359550476,-8.729255142211915,1.0,False,False,False,0,0,0,False,False
horseshoe,1003,408,16,8,35.7119359550476,-6.961886932373048,0.9512195121951219,False,False,False,0,0,0,False,False
horseshoe,1003,409,16,9,35.7119359550476,-5.1945187225341805,0.975609756097561,False,False,False,5,5,0,False,True
horseshoe,1003,410,16,10,35.7119359550476,-3.427150512695315,0.9512195121951219,False,False,False,0,0,0,False,False
horseshoe,1003,411,16,11,35.7119359550476,-1.6597823028564473,0.7804878048780488,False,False,False,0,0,0,False,False
horseshoe,1003,412,16,12,35.7119359550476,0.10758590698241999,0.6829268292682927,False,False,False,0,0,0,False,False
horseshoe,1003,413,16,13,35.7119359550476,1.8749541168212875,0.5121951219512195,False,False,False,0,0,0,False,False
horseshoe,1003,414,16,14,35.7119359550476,3.642322326660155,0.0975609756097561,False,True,True,0,0,0,False,False
horseshoe,1003,415,16,15,35.7119359550476,5.409690536499022,0.0975609756097561,False,True,True,0,0,0,False,False
horseshoe,1003,416,16,16,35.7119359550476,7.17705874633789,0.0,True,True,True,0,0,0,False,False
horseshoe,1003,417,16,17,35.7119359550476,8.944426956176757,0.0,True,True,True,0,0,0,False,False
horseshoe,1003,418,16,18,35.7119359550476,10.711795166015625,0.0,True,True,True,0,0,0,False,False
horseshoe,1003,419,16,19,35.7119359550476,12.479163375854492,0.0,True,True,True,0,0,0,False,False
horseshoe,1003,420,16,20,35.7119359550476,14.246531585693356,0.0,True,True,True,0,0,0,False,False
horseshoe,1003,421,16,21,35.7119359550476,16.013899795532225,0.0,True,True,True,0,0,0,False,False
horseshoe,1003,422,16,22,35.7119359550476,17.78126800537109,0.0,True,True,True,0,0,0,False,False
horseshoe,1003,423,16,23,35.7119359550476,19.54863621520996,0.0,True,True,True,0,0,0,False,False
horseshoe,1003,424,16,24,35.7119359550476,21.316004425048824,0.0,True,True,True,0,0,0,False,False
horseshoe,1003,425,17,0,39.48406822204589,-21.100832611083987,0.8536585365853658,False,False,False,0,0,0,False,False
horseshoe,1003,426,17,1,39.48406822204589,-19.33346440124512,0.8780487804878049,False,False,False,2,2,0,False,True
horseshoe,1003,427,17,2,39.48406822204589,-17.566096191406253,1.0,False,False,False,6,6,0,False,True
horseshoe,1003,428,17,3,39.48406822204589,-15.798727981567383,1.0,False,False,False,1,1,0,False,True
horseshoe,1003,429,17,4,39.48406822204589,-14.031359771728516,1.0,False,False,False,0,0,0,False,False
horseshoe,1003,430,17,5,39.48406822204589,-12.26399156188965,0.926829268292683,False,False,False,2,2,0,False,True
horseshoe,1003,431,17,6,39.48406822204589,-10.496623352050783,0.7804878048780488,False,False,False,1,1,0,False,True
horseshoe,1003,432,17,7,39.48406822204589,-8.729255142211915,0.8292682926829268,False,False,False,2,2,0,False,True
horseshoe,1003,433,17,8,39.48406822204589,-6.961886932373048,0.8292682926829268,False,False,False,3,3,0,False,True
horseshoe,1003,434,17,9,39.48406822204589,-5.1945187225341805,0.8048780487804879,False,False,False,0,0,0,False,False
horseshoe,1003,435,17,10,39.48406822204589,-3.427150512695315,0.6829268292682927,False,False,False,0,0,0,False,False
horseshoe,1003,436,17,11,39.48406822204589,-1.6597823028564473,0.6341463414634146,False,False,False,0,0,0,False,False
horseshoe,1003,437,17,12,39.48406822204589,0.10758590698241999,0.43902439024390244,False,True,False,0,0,0,False,False
horseshoe,1003,438,17,13,39.48406822204589,1.8749541168212875,0.0975609756097561,False,True,True,0,0,0,False,False
horseshoe,1003,439,17,14,39.48406822204589,3.642322326660155,0.0975609756097561,False,True,True,0,0,0,False,False
horseshoe,1003,440,17,15,39.48406822204589,5.409690536499022,0.0,True,True,True,0,0,0,False,False
horseshoe,1003,441,17,16,39.48406822204589,7.17705874633789,0.0,True,True,True,0,0,0,False,False
horseshoe,1003,442,17,17,39.48406822204589,8.944426956176757,0.0,True,True,True,0,0,0,False,False
horseshoe,1003,443,17,18,39.48406822204589,10.711795166015625,0.0,True,True,True,0,0,0,False,False
horseshoe,1003,444,17,19,39.48406822204589,12.479163375854492,0.0,True,True,True,0,0,0,False,False
horseshoe,1003,445,17,20,39.48406822204589,14.246531585693356,0.0,True,True,True,0,0,0,False,False
horseshoe,1003,446,17,21,39.48406822204589,16.013899795532225,0.0,True,True,True,0,0,0,False,False
horseshoe,1003,447,17,22,39.48406822204589,17.78126800537109,0.0,True,True,True,0,0,0,False,False
horseshoe,1003,448,17,23,39.48406822204589,19.54863621520996,0.0,True,True,True,0,0,0,False,False
horseshoe,1003,449,17,24,39.48406822204589,21.316004425048824,0.0,True,True,True,0,0,0,False,False
horseshoe,1003,450,18,0,43.256200489044176,-21.100832611083987,0.6585365853658537,False,False,False,0,0,0,False,False
horseshoe,1003,451,18,1,43.256200489044176,-19.33346440124512,0.6585365853658537,False,False,False,3,3,0,False,True
horseshoe,1003,452,18,2,43.256200489044176,-17.566096191406253,0.7560975609756098,False,False,False,0,0,0,False,False
horseshoe,1003,453,18,3,43.256200489044176,-15.798727981567383,0.7317073170731707,False,False,False,0,0,0,False,False
horseshoe,1003,454,18,4,43.256200489044176,-14.031359771728516,0.7804878048780488,False,False,False,0,0,0,False,False
horseshoe,1003,455,18,5,43.256200489044176,-12.26399156188965,0.8536585365853658,False,False,False,1,1,0,False,True
horseshoe,1003,456,18,6,43.256200489044176,-10.496623352050783,0.8292682926829268,False,False,False,1,1,0,False,True
horseshoe,1003,457,18,7,43.256200489044176,-8.729255142211915,0.8292682926829268,False,False,False,2,2,0,False,True
horseshoe,1003,458,18,8,43.256200489044176,-6.961886932373048,0.8292682926829268,False,False,False,2,2,0,False,True
horseshoe,1003,459,18,9,43.256200489044176,-5.1945187225341805,0.7560975609756098,False,False,False,0,0,0,False,False
horseshoe,1003,460,18,10,43.256200489044176,-3.427150512695315,0.6341463414634146,False,False,False,0,0,0,False,False
horseshoe,1003,461,18,11,43.256200489044176,-1.6597823028564473,0.4634146341463415,False,True,False,0,0,0,False,False
horseshoe,1003,462,18,12,43.256200489044176,0.10758590698241999,0.1951219512195122,False,True,False,0,0,0,False,False
horseshoe,1003,463,18,13,43.256200489044176,1.8749541168212875,0.0,True,True,True,0,0,0,False,False
horseshoe,1003,464,18,14,43.256200489044176,3.642322326660155,0.0,True,True,True,0,0,0,False,False
horseshoe,1003,465,18,15,43.256200489044176,5.409690536499022,0.0,True,True,True,0,0,0,False,False
horseshoe,1003,466,18,16,43.256200489044176,7.17705874633789,0.0,True,True,True,0,0,0,False,False
horseshoe,1003,467,18,17,43.256200489044176,8.944426956176757,0.0,True,True,True,0,0,0,False,False
horseshoe,1003,468,18,18,43.256200489044176,10.711795166015625,0.0,True,True,True,0,0,0,False,False
horseshoe,1003,469,18,19,43.256200489044176,12.479163375854492,0.0,True,True,True,0,0,0,False,False
horseshoe,1003,470,18,20,43.256200489044176,14.246531585693356,0.0,True,True,True,0,0,0,False,False
horseshoe,1003,471,18,21,43.256200489044176,16.013899795532225,0.0,True,True,True,0,0,0,False,False
horseshoe,1003,472,18,22,43.256200489044176,17.78126800537109,0.0,True,True,True,0,0,0,False,False
horseshoe,1003,473,18,23,43.256200489044176,19.54863621520996,0.0,True,True,True,0,0,0,False,False
horseshoe,1003,474,18,24,43.256200489044176,21.316004425048824,0.0,True,True,True,0,0,0,False,False
horseshoe,1003,475,19,0,47.028332756042474,-21.100832611083987,0.5609756097560976,False,False,False,1,1,0,False,True
horseshoe,1003,476,19,1,47.028332756042474,-19.33346440124512,0.4878048780487805,False,True,False,1,1,0,False,True
horseshoe,1003,477,19,2,47.028332756042474,-17.566096191406253,0.4878048780487805,False,True,False,0,0,0,False,False
horseshoe,1003,478,19,3,47.028332756042474,-15.798727981567383,0.3902439024390244,False,True,False,0,0,0,False,False
horseshoe,1003,479,19,4,47.028332756042474,-14.031359771728516,0.5609756097560976,False,False,False,0,0,0,False,False
horseshoe,1003,480,19,5,47.028332756042474,-12.26399156188965,0.5121951219512195,False,False,False,0,0,0,False,False
horseshoe,1003,481,19,6,47.028332756042474,-10.496623352050783,0.6829268292682927,False,False,False,1,1,0,False,True
horseshoe,1003,482,19,7,47.028332756042474,-8.729255142211915,0.6341463414634146,False,False,False,4,4,0,False,True
horseshoe,1003,483,19,8,47.028332756042474,-6.961886932373048,0.6341463414634146,False,False,False,0,0,0,False,False
horseshoe,1003,484,19,9,47.028332756042474,-5.1945187225341805,0.43902439024390244,False,True,False,0,0,0,False,False
horseshoe,1003,485,19,10,47.028332756042474,-3.427150512695315,0.3170731707317073,False,True,False,0,0,0,False,False
horseshoe,1003,486,19,11,47.028332756042474,-1.6597823028564473,0.24390243902439024,False,True,False,0,0,0,False,False
horseshoe,1003,487,19,12,47.028332756042474,0.10758590698241999,0.024390243902439025,False,True,True,0,0,0,False,False
horseshoe,1003,488,19,13,47.028332756042474,1.8749541168212875,0.0,True,True,True,0,0,0,False,False
horseshoe,1003,489,19,14,47.028332756042474,3.642322326660155,0.0,True,True,True,0,0,0,False,False
horseshoe,1003,490,19,15,47.028332756042474,5.409690536499022,0.0,True,True,True,0,0,0,False,False
horseshoe,1003,491,19,16,47.028332756042474,7.17705874633789,0.0,True,True,True,0,0,0,False,False
horseshoe,1003,492,19,17,47.028332756042474,8.944426956176757,0.0,True,True,True,0,0,0,False,False
horseshoe,1003,493,19,18,47.028332756042474,10.711795166015625,0.0,True,True,True,0,0,0,False,False
horseshoe,1003,494,19,19,47.028332756042474,12.479163375854492,0.0,True,True,True,0,0,0,False,False
horseshoe,1003,495,19,20,47.028332756042474,14.246531585693356,0.0,True,True,True,0,0,0,False,False
horseshoe,1003,496,19,21,47.028332756042474,16.013899795532225,0.0,True,True,True,0,0,0,False,False
horseshoe,1003,497,19,22,47.028332756042474,17.78126800537109,0.0,True,True,True,0,0,0,False,False
horseshoe,1003,498,19,23,47.028332756042474,19.54863621520996,0.0,True,True,True,0,0,0,False,False
horseshoe,1003,499,19,24,47.028332756042474,21.316004425048824,0.0,True,True,True,0,0,0,False,False
horseshoe,1003,500,20,0,50.80046502304076,-21.100832611083987,0.43902439024390244,False,True,False,7,7,0,False,True
horseshoe,1003,501,20,1,50.80046502304076,-19.33346440124512,0.4634146341463415,False,True,False,0,0,0,False,False
horseshoe,1003,502,20,2,50.80046502304076,-17.566096191406253,0.4878048780487805,False,True,False,0,0,0,False,False
horseshoe,1003,503,20,3,50.80046502304076,-15.798727981567383,0.4878048780487805,False,True,False,0,0,0,False,False
horseshoe,1003,504,20,4,50.80046502304076,-14.031359771728516,0.4878048780487805,False,True,False,0,0,0,False,False
horseshoe,1003,505,20,5,50.80046502304076,-12.26399156188965,0.2926829268292683,False,True,False,0,0,0,False,False
horseshoe,1003,506,20,6,50.80046502304076,-10.496623352050783,0.36585365853658536,False,True,False,0,0,0,False,False
horseshoe,1003,507,20,7,50.80046502304076,-8.729255142211915,0.36585365853658536,False,True,False,0,0,0,False,False
horseshoe,1003,508,20,8,50.80046502304076,-6.961886932373048,0.2682926829268293,False,True,False,0,0,0,False,False
horseshoe,1003,509,20,9,50.80046502304076,-5.1945187225341805,0.2682926829268293,False,True,False,0,0,0,False,False
horseshoe,1003,510,20,10,50.80046502304076,-3.427150512695315,0.21951219512195122,False,True,False,0,0,0,False,False
horseshoe,1003,511,20,11,50.80046502304076,-1.6597823028564473,0.0,True,True,True,0,0,0,False,False
horseshoe,1003,512,20,12,50.80046502304076,0.10758590698241999,0.0,True,True,True,0,0,0,False,False
horseshoe,1003,513,20,13,50.80046502304076,1.8749541168212875,0.0,True,True,True,0,0,0,False,False
horseshoe,1003,514,20,14,50.80046502304076,3.642322326660155,0.0,True,True,True,0,0,0,False,False
horseshoe,1003,515,20,15,50.80046502304076,5.409690536499022,0.0,True,True,True,0,0,0,False,False
horseshoe,1003,516,20,16,50.80046502304076,7.17705874633789,0.0,True,True,True,0,0,0,False,False
horseshoe,1003,517,20,17,50.80046502304076,8.944426956176757,0.0,True,True,True,0,0,0,False,False
horseshoe,1003,518,20,18,50.80046502304076,10.711795166015625,0.0,True,True,True,0,0,0,False,False
horseshoe,1003,519,20,19,50.80046502304076,12.479163375854492,0.0,True,True,True,0,0,0,False,False
horseshoe,1003,520,20,20,50.80046502304076,14.246531585693356,0.0,True,True,True,0,0,0,False,False
horseshoe,1003,521,20,21,50.80046502304076,16.013899795532225,0.0,True,True,True,0,0,0,False,False
horseshoe,1003,522,20,22,50.80046502304076,17.78126800537109,0.0,True,True,True,0,0,0,False,False
horseshoe,1003,523,20,23,50.80046502304076,19.54863621520996,0.0,True,True,True,0,0,0,False,False
horseshoe,1003,524,20,24,50.80046502304076,21.316004425048824,0.0,True,True,True,0,0,0,False,False
horseshoe,1003,525,21,0,54.572597290039056,-21.100832611083987,0.4634146341463415,False,True,False,2,2,0,False,True
horseshoe,1003,526,21,1,54.572597290039056,-19.33346440124512,0.4634146341463415,False,True,False,1,1,0,False,True
horseshoe,1003,527,21,2,54.572597290039056,-17.566096191406253,0.4634146341463415,False,True,False,0,0,0,False,False
horseshoe,1003,528,21,3,54.572597290039056,-15.798727981567383,0.4634146341463415,False,True,False,0,0,0,False,False
horseshoe,1003,529,21,4,54.572597290039056,-14.031359771728516,0.36585365853658536,False,True,False,1,1,0,False,True
horseshoe,1003,530,21,5,54.572597290039056,-12.26399156188965,0.2926829268292683,False,True,False,0,0,0,False,False
horseshoe,1003,531,21,6,54.572597290039056,-10.496623352050783,0.2682926829268293,False,True,False,0,0,0,False,False
horseshoe,1003,532,21,7,54.572597290039056,-8.729255142211915,0.2682926829268293,False,True,False,1,1,0,False,True
horseshoe,1003,533,21,8,54.572597290039056,-6.961886932373048,0.2682926829268293,False,True,False,0,0,0,False,False
horseshoe,1003,534,21,9,54.572597290039056,-5.1945187225341805,0.0975609756097561,False,True,True,0,0,0,False,False
horseshoe,1003,535,21,10,54.572597290039056,-3.427150512695315,0.0975609756097561,False,True,True,0,0,0,False,False
horseshoe,1003,536,21,11,54.572597290039056,-1.6597823028564473,0.0,True,True,True,0,0,0,False,False
horseshoe,1003,537,21,12,54.572597290039056,0.10758590698241999,0.0,True,True,True,0,0,0,False,False
horseshoe,1003,538,21,13,54.572597290039056,1.8749541168212875,0.0,True,True,True,0,0,0,False,False
horseshoe,1003,539,21,14,54.572597290039056,3.642322326660155,0.0,True,True,True,0,0,0,False,False
horseshoe,1003,540,21,15,54.572597290039056,5.409690536499022,0.0,True,True,True,0,0,0,False,False
horseshoe,1003,541,21,16,54.572597290039056,7.17705874633789,0.0,True,True,True,0,0,0,False,False
horseshoe,1003,542,21,17,54.572597290039056,8.944426956176757,0.0,True,True,True,0,0,0,False,False
horseshoe,1003,543,21,18,54.572597290039056,10.711795166015625,0.0,True,True,True,0,0,0,False,False
horseshoe,1003,544,21,19,54.572597290039056,12.479163375854492,0.0,True,True,True,0,0,0,False,False
horseshoe,1003,545,21,20,54.572597290039056,14.246531585693356,0.0,True,True,True,0,0,0,False,False
horseshoe,1003,546,21,21,54.572597290039056,16.013899795532225,0.0,True,True,True,0,0,0,False,False
horseshoe,1003,547,21,22,54.572597290039056,17.78126800537109,0.0,True,True,True,0,0,0,False,False
horseshoe,1003,548,21,23,54.572597290039056,19.54863621520996,0.0,True,True,True,0,0,0,False,False
horseshoe,1003,549,21,24,54.572597290039056,21.316004425048824,0.0,True,True,True,0,0,0,False,False
horseshoe,1003,550,22,0,58.34472955703734,-21.100832611083987,0.43902439024390244,False,True,False,0,0,0,False,False
horseshoe,1003,551,22,1,58.34472955703734,-19.33346440124512,0.36585365853658536,False,True,False,0,0,0,False,False
horseshoe,1003,552,22,2,58.34472955703734,-17.566096191406253,0.36585365853658536,False,True,False,0,0,0,False,False
horseshoe,1003,553,22,3,58.34472955703734,-15.798727981567383,0.36585365853658536,False,True,False,0,0,0,False,False
horseshoe,1003,554,22,4,58.34472955703734,-14.031359771728516,0.1951219512195122,False,True,False,0,0,0,False,False
horseshoe,1003,555,22,5,58.34472955703734,-12.26399156188965,0.2682926829268293,False,True,False,0,0,0,False,False
horseshoe,1003,556,22,6,58.34472955703734,-10.496623352050783,0.24390243902439024,False,True,False,0,0,0,False,False
horseshoe,1003,557,22,7,58.34472955703734,-8.729255142211915,0.24390243902439024,False,True,False,0,0,0,False,False
horseshoe,1003,558,22,8,58.34472955703734,-6.961886932373048,0.14634146341463414,False,True,False,0,0,0,False,False
horseshoe,1003,559,22,9,58.34472955703734,-5.1945187225341805,0.0975609756097561,False,True,True,0,0,0,False,False
horseshoe,1003,560,22,10,58.34472955703734,-3.427150512695315,0.0,True,True,True,0,0,0,False,False
horseshoe,1003,561,22,11,58.34472955703734,-1.6597823028564473,0.0,True,True,True,0,0,0,False,False
horseshoe,1003,562,22,12,58.34472955703734,0.10758590698241999,0.0,True,True,True,0,0,0,False,False
horseshoe,1003,563,22,13,58.34472955703734,1.8749541168212875,0.0,True,True,True,0,0,0,False,False
horseshoe,1003,564,22,14,58.34472955703734,3.642322326660155,0.0,True,True,True,0,0,0,False,False
horseshoe,1003,565,22,15,58.34472955703734,5.409690536499022,0.0,True,True,True,0,0,0,False,False
horseshoe,1003,566,22,16,58.34472955703734,7.17705874633789,0.0,True,True,True,0,0,0,False,False
horseshoe,1003,567,22,17,58.34472955703734,8.944426956176757,0.0,True,True,True,0,0,0,False,False
horseshoe,1003,568,22,18,58.34472955703734,10.711795166015625,0.0,True,True,True,0,0,0,False,False
horseshoe,1003,569,22,19,58.34472955703734,12.479163375854492,0.0,True,True,True,0,0,0,False,False
horseshoe,1003,570,22,20,58.34472955703734,14.246531585693356,0.0,True,True,True,0,0,0,False,False
horseshoe,1003,571,22,21,58.34472955703734,16.013899795532225,0.0,True,True,True,0,0,0,False,False
horseshoe,1003,572,22,22,58.34472955703734,17.78126800537109,0.0,True,True,True,0,0,0,False,False
horseshoe,1003,573,22,23,58.34472955703734,19.54863621520996,0.0,True,True,True,0,0,0,False,False
horseshoe,1003,574,22,24,58.34472955703734,21.316004425048824,0.0,True,True,True,0,0,0,False,False
horseshoe,1003,575,23,0,62.11686182403564,-21.100832611083987,0.3170731707317073,False,True,False,0,0,0,False,False
horseshoe,1003,576,23,1,62.11686182403564,-19.33346440124512,0.3170731707317073,False,True,False,0,0,0,False,False
horseshoe,1003,577,23,2,62.11686182403564,-17.566096191406253,0.34146341463414637,False,True,False,0,0,0,False,False
horseshoe,1003,578,23,3,62.11686182403564,-15.798727981567383,0.14634146341463414,False,True,False,0,0,0,False,False
horseshoe,1003,579,23,4,62.11686182403564,-14.031359771728516,0.04878048780487805,False,True,True,0,0,0,False,False
horseshoe,1003,580,23,5,62.11686182403564,-12.26399156188965,0.04878048780487805,False,True,True,0,0,0,False,False
horseshoe,1003,581,23,6,62.11686182403564,-10.496623352050783,0.04878048780487805,False,True,True,0,0,0,False,False
horseshoe,1003,582,23,7,62.11686182403564,-8.729255142211915,0.04878048780487805,False,True,True,0,0,0,False,False
horseshoe,1003,583,23,8,62.11686182403564,-6.961886932373048,0.04878048780487805,False,True,True,0,0,0,False,False
horseshoe,1003,584,23,9,62.11686182403564,-5.1945187225341805,0.0,True,True,True,0,0,0,False,False
horseshoe,1003,585,23,10,62.11686182403564,-3.427150512695315,0.0,True,True,True,0,0,0,False,False
horseshoe,1003,586,23,11,62.11686182403564,-1.6597823028564473,0.0,True,True,True,0,0,0,False,False
horseshoe,1003,587,23,12,62.11686182403564,0.10758590698241999,0.0,True,True,True,0,0,0,False,False
horseshoe,1003,588,23,13,62.11686182403564,1.8749541168212875,0.0,True,True,True,0,0,0,False,False
horseshoe,1003,589,23,14,62.11686182403564,3.642322326660155,0.0,True,True,True,0,0,0,False,False
horseshoe,1003,590,23,15,62.11686182403564,5.409690536499022,0.0,True,True,True,0,0,0,False,False
horseshoe,1003,591,23,16,62.11686182403564,7.17705874633789,0.0,True,True,True,0,0,0,False,False
horseshoe,1003,592,23,17,62.11686182403564,8.944426956176757,0.0,True,True,True,0,0,0,False,False
horseshoe,1003,593,23,18,62.11686182403564,10.711795166015625,0.0,True,True,True,0,0,0,False,False
horseshoe,1003,594,23,19,62.11686182403564,12.479163375854492,0.0,True,True,True,0,0,0,False,False
horseshoe,1003,595,23,20,62.11686182403564,14.246531585693356,0.0,True,True,True,0,0,0,False,False
horseshoe,1003,596,23,21,62.11686182403564,16.013899795532225,0.0,True,True,True,0,0,0,False,False
horseshoe,1003,597,23,22,62.11686182403564,17.78126800537109,0.0,True,True,True,0,0,0,False,False
horseshoe,1003,598,23,23,62.11686182403564,19.54863621520996,0.0,True,True,True,0,0,0,False,False
horseshoe,1003,599,23,24,62.11686182403564,21.316004425048824,0.0,True,True,True,0,0,0,False,False
horseshoe,1003,600,24,0,65.88899409103392,-21.100832611083987,0.3170731707317073,False,True,False,0,0,0,False,False
horseshoe,1003,601,24,1,65.88899409103392,-19.33346440124512,0.14634146341463414,False,True,False,0,0,0,False,False
horseshoe,1003,602,24,2,65.88899409103392,-17.566096191406253,0.0,True,True,True,0,0,0,False,False
horseshoe,1003,603,24,3,65.88899409103392,-15.798727981567383,0.0,True,True,True,0,0,0,False,False
horseshoe,1003,604,24,4,65.88899409103392,-14.031359771728516,0.04878048780487805,False,True,True,0,0,0,False,False
horseshoe,1003,605,24,5,65.88899409103392,-12.26399156188965,0.04878048780487805,False,True,True,0,0,0,False,False
horseshoe,1003,606,24,6,65.88899409103392,-10.496623352050783,0.04878048780487805,False,True,True,0,0,0,False,False
horseshoe,1003,607,24,7,65.88899409103392,-8.729255142211915,0.0,True,True,True,0,0,0,False,False
horseshoe,1003,608,24,8,65.88899409103392,-6.961886932373048,0.0,True,True,True,0,0,0,False,False
horseshoe,1003,609,24,9,65.88899409103392,-5.1945187225341805,0.0,True,True,True,0,0,0,False,False
horseshoe,1003,610,24,10,65.88899409103392,-3.427150512695315,0.0,True,True,True,0,0,0,False,False
horseshoe,1003,611,24,11,65.88899409103392,-1.6597823028564473,0.0,True,True,True,0,0,0,False,False
horseshoe,1003,612,24,12,65.88899409103392,0.10758590698241999,0.0,True,True,True,0,0,0,False,False
horseshoe,1003,613,24,13,65.88899409103392,1.8749541168212875,0.0,True,True,True,0,0,0,False,False
horseshoe,1003,614,24,14,65.88899409103392,3.642322326660155,0.0,True,True,True,0,0,0,False,False
horseshoe,1003,615,24,15,65.88899409103392,5.409690536499022,0.0,True,True,True,0,0,0,False,False
horseshoe,1003,616,24,16,65.88899409103392,7.17705874633789,0.0,True,True,True,0,0,0,False,False
horseshoe,1003,617,24,17,65.88899409103392,8.944426956176757,0.0,True,True,True,0,0,0,False,False
horseshoe,1003,618,24,18,65.88899409103392,10.711795166015625,0.0,True,True,True,0,0,0,False,False
horseshoe,1003,619,24,19,65.88899409103392,12.479163375854492,0.0,True,True,True,0,0,0,False,False
horseshoe,1003,620,24,20,65.88899409103392,14.246531585693356,0.0,True,True,True,0,0,0,False,False
horseshoe,1003,621,24,21,65.88899409103392,16.013899795532225,0.0,True,True,True,0,0,0,False,False
horseshoe,1003,622,24,22,65.88899409103392,17.78126800537109,0.0,True,True,True,0,0,0,False,False
horseshoe,1003,623,24,23,65.88899409103392,19.54863621520996,0.0,True,True,True,0,0,0,False,False
horseshoe,1003,624,24,24,65.88899409103392,21.316004425048824,0.0,True,True,True,0,0,0,False,False
horseshoe,1004,0,0,0,-33.00287287139892,-29.026484977722166,0.926829268292683,False,False,False,0,0,0,False,False
horseshoe,1004,1,0,1,-33.00287287139892,-25.877390991210937,0.926829268292683,False,False,False,0,0,0,False,False
horseshoe,1004,2,0,2,-33.00287287139892,-22.728297004699705,0.926829268292683,False,False,False,0,0,0,False,False
horseshoe,1004,3,0,3,-33.00287287139892,-19.579203018188473,0.926829268292683,False,False,False,0,0,0,False,False
horseshoe,1004,4,0,4,-33.00287287139892,-16.430109031677244,0.926829268292683,False,False,False,0,0,0,False,False
horseshoe,1004,5,0,5,-33.00287287139892,-13.281015045166015,0.8292682926829268,False,False,False,0,0,0,False,False
horseshoe,1004,6,0,6,-33.00287287139892,-10.131921058654783,0.8048780487804879,False,False,False,0,0,0,False,False
horseshoe,1004,7,0,7,-33.00287287139892,-6.982827072143555,0.6341463414634146,False,False,False,0,0,0,False,False
horseshoe,1004,8,0,8,-33.00287287139892,-3.833733085632322,0.0,True,True,True,0,0,0,False,False
horseshoe,1004,9,0,9,-33.00287287139892,-0.6846390991210898,0.0,True,True,True,0,0,0,False,False
horseshoe,1004,10,0,10,-33.00287287139892,2.464454887390139,0.0,True,True,True,0,0,0,False,False
horseshoe,1004,11,0,11,-33.00287287139892,5.613548873901368,0.0,True,True,True,0,0,0,False,False
horseshoe,1004,12,0,12,-33.00287287139892,8.762642860412601,0.0,True,True,True,0,0,0,False,False
horseshoe,1004,13,0,13,-33.00287287139892,11.911736846923834,0.0,True,True,True,0,0,0,False,False
horseshoe,1004,14,0,14,-33.00287287139892,15.060830833435059,0.0,True,True,True,0,0,0,False,False
horseshoe,1004,15,0,15,-33.00287287139892,18.20992481994629,0.0,True,True,True,0,0,0,False,False
horseshoe,1004,16,0,16,-33.00287287139892,21.359018806457524,0.0,True,True,True,0,0,0,False,False
horseshoe,1004,17,0,17,-33.00287287139892,24.508112792968756,0.0,True,True,True,0,0,0,False,False
horseshoe,1004,18,0,18,-33.00287287139892,27.65720677947999,0.0,True,True,True,0,0,0,False,False
horseshoe,1004,19,0,19,-33.00287287139892,30.806300765991214,0.0,True,True,True,0,0,0,False,False
horseshoe,1004,20,0,20,-33.00287287139892,33.95539475250245,0.0,True,True,True,0,0,0,False,False
horseshoe,1004,21,0,21,-33.00287287139892,37.10448873901367,0.0,True,True,True,0,0,0,False,False
horseshoe,1004,22,0,22,-33.00287287139892,40.2535827255249,0.0,True,True,True,0,0,0,False,False
horseshoe,1004,23,0,23,-33.00287287139892,43.40267671203613,0.0,True,True,True,0,0,0,False,False
horseshoe,1004,24,0,24,-33.00287287139892,46.551770698547365,0.0,True,True,True,0,0,0,False,False
horseshoe,1004,25,1,0,-30.360719177246093,-29.026484977722166,0.926829268292683,False,False,False,0,0,0,False,False
horseshoe,1004,26,1,1,-30.360719177246093,-25.877390991210937,0.926829268292683,False,False,False,0,0,0,False,False
horseshoe,1004,27,1,2,-30.360719177246093,-22.728297004699705,0.926829268292683,False,False,False,0,0,0,False,False
horseshoe,1004,28,1,3,-30.360719177246093,-19.579203018188473,0.9512195121951219,False,False,False,0,0,0,False,False
horseshoe,1004,29,1,4,-30.360719177246093,-16.430109031677244,0.9512195121951219,False,False,False,0,0,0,False,False
horseshoe,1004,30,1,5,-30.360719177246093,-13.281015045166015,0.8536585365853658,False,False,False,0,0,0,False,False
horseshoe,1004,31,1,6,-30.360719177246093,-10.131921058654783,0.8536585365853658,False,False,False,0,0,0,False,False
horseshoe,1004,32,1,7,-30.360719177246093,-6.982827072143555,0.8536585365853658,False,False,False,0,0,0,False,False
horseshoe,1004,33,1,8,-30.360719177246093,-3.833733085632322,0.0,True,True,True,0,0,0,False,False
horseshoe,1004,34,1,9,-30.360719177246093,-0.6846390991210898,0.0,True,True,True,0,0,0,False,False
horseshoe,1004,35,1,10,-30.360719177246093,2.464454887390139,0.0,True,True,True,0,0,0,False,False
horseshoe,1004,36,1,11,-30.360719177246093,5.613548873901368,0.0,True,True,True,0,0,0,False,False
horseshoe,1004,37,1,12,-30.360719177246093,8.762642860412601,0.0,True,True,True,0,0,0,False,False
horseshoe,1004,38,1,13,-30.360719177246093,11.911736846923834,0.0,True,True,True,0,0,0,False,False
horseshoe,1004,39,1,14,-30.360719177246093,15.060830833435059,0.0,True,True,True,0,0,0,False,False
horseshoe,1004,40,1,15,-30.360719177246093,18.20992481994629,0.0,True,True,True,0,0,0,False,False
horseshoe,1004,41,1,16,-30.360719177246093,21.359018806457524,0.0,True,True,True,0,0,0,False,False
horseshoe,1004,42,1,17,-30.360719177246093,24.508112792968756,0.0,True,True,True,0,0,0,False,False
horseshoe,1004,43,1,18,-30.360719177246093,27.65720677947999,0.0,True,True,True,0,0,0,False,False
horseshoe,1004,44,1,19,-30.360719177246093,30.806300765991214,0.0,True,True,True,0,0,0,False,False
horseshoe,1004,45,1,20,-30.360719177246093,33.95539475250245,0.0,True,True,True,0,0,0,False,False
horseshoe,1004,46,1,21,-30.360719177246093,37.10448873901367,0.0,True,True,True,0,0,0,False,False
horseshoe,1004,47,1,22,-30.360719177246093,40.2535827255249,0.0,True,True,True,0,0,0,False,False
horseshoe,1004,48,1,23,-30.360719177246093,43.40267671203613,0.0,True,True,True,0,0,0,False,False
horseshoe,1004,49,1,24,-30.360719177246093,46.551770698547365,0.0,True,True,True,0,0,0,False,False
horseshoe,1004,50,2,0,-27.71856548309326,-29.026484977722166,0.926829268292683,False,False,False,0,0,0,False,False
horseshoe,1004,51,2,1,-27.71856548309326,-25.877390991210937,0.975609756097561,False,False,False,0,0,0,False,False
horseshoe,1004,52,2,2,-27.71856548309326,-22.728297004699705,0.975609756097561,False,False,False,23,23,0,False,True
horseshoe,1004,53,2,3,-27.71856548309326,-19.579203018188473,1.0,False,False,False,2,2,0,False,True
horseshoe,1004,54,2,4,-27.71856548309326,-16.430109031677244,0.9512195121951219,False,False,False,0,0,0,False,False
horseshoe,1004,55,2,5,-27.71856548309326,-13.281015045166015,0.9024390243902439,False,False,False,3,3,0,False,True
horseshoe,1004,56,2,6,-27.71856548309326,-10.131921058654783,0.8780487804878049,False,False,False,0,0,0,False,False
horseshoe,1004,57,2,7,-27.71856548309326,-6.982827072143555,0.8780487804878049,False,False,False,0,0,0,False,False
horseshoe,1004,58,2,8,-27.71856548309326,-3.833733085632322,0.12195121951219512,False,True,False,0,0,0,False,False
horseshoe,1004,59,2,9,-27.71856548309326,-0.6846390991210898,0.0,True,True,True,0,0,0,False,False
horseshoe,1004,60,2,10,-27.71856548309326,2.464454887390139,0.0,True,True,True,0,0,0,False,False
horseshoe,1004,61,2,11,-27.71856548309326,5.613548873901368,0.0,True,True,True,0,0,0,False,False
horseshoe,1004,62,2,12,-27.71856548309326,8.762642860412601,0.0,True,True,True,0,0,0,False,False
horseshoe,1004,63,2,13,-27.71856548309326,11.911736846923834,0.0,True,True,True,0,0,0,False,False
horseshoe,1004,64,2,14,-27.71856548309326,15.060830833435059,0.0,True,True,True,0,0,0,False,False
horseshoe,1004,65,2,15,-27.71856548309326,18.20992481994629,0.0,True,True,True,0,0,0,False,False
horseshoe,1004,66,2,16,-27.71856548309326,21.359018806457524,0.0,True,True,True,0,0,0,False,False
horseshoe,1004,67,2,17,-27.71856548309326,24.508112792968756,0.0,True,True,True,0,0,0,False,False
horseshoe,1004,68,2,18,-27.71856548309326,27.65720677947999,0.0,True,True,True,0,0,0,False,False
horseshoe,1004,69,2,19,-27.71856548309326,30.806300765991214,0.0,True,True,True,0,0,0,False,False
horseshoe,1004,70,2,20,-27.71856548309326,33.95539475250245,0.0,True,True,True,0,0,0,False,False
horseshoe,1004,71,2,21,-27.71856548309326,37.10448873901367,0.0,True,True,True,0,0,0,False,False
horseshoe,1004,72,2,22,-27.71856548309326,40.2535827255249,0.0,True,True,True,0,0,0,False,False
horseshoe,1004,73,2,23,-27.71856548309326,43.40267671203613,0.0,True,True,True,0,0,0,False,False
horseshoe,1004,74,2,24,-27.71856548309326,46.551770698547365,0.0,True,True,True,0,0,0,False,False
horseshoe,1004,75,3,0,-25.07641178894043,-29.026484977722166,0.975609756097561,False,False,False,0,0,0,False,False
horseshoe,1004,76,3,1,-25.07641178894043,-25.877390991210937,0.975609756097561,False,False,False,0,0,0,False,False
horseshoe,1004,77,3,2,-25.07641178894043,-22.728297004699705,1.0,False,False,False,6,6,0,False,True
horseshoe,1004,78,3,3,-25.07641178894043,-19.579203018188473,1.0,False,False,False,34,34,0,False,True
horseshoe,1004,79,3,4,-25.07641178894043,-16.430109031677244,1.0,False,False,False,1,1,0,False,True
horseshoe,1004,80,3,5,-25.07641178894043,-13.281015045166015,0.975609756097561,False,False,False,14,14,0,False,True
horseshoe,1004,81,3,6,-25.07641178894043,-10.131921058654783,0.9512195121951219,False,False,False,9,9,0,False,True
horseshoe,1004,82,3,7,-25.07641178894043,-6.982827072143555,0.926829268292683,False,False,False,0,0,0,False,False
horseshoe,1004,83,3,8,-25.07641178894043,-3.833733085632322,0.9024390243902439,False,False,False,0,0,0,False,False
horseshoe,1004,84,3,9,-25.07641178894043,-0.6846390991210898,0.0,True,True,True,0,0,0,False,False
horseshoe,1004,85,3,10,-25.07641178894043,2.464454887390139,0.0,True,True,True,0,0,0,False,False
horseshoe,1004,86,3,11,-25.07641178894043,5.613548873901368,0.0,True,True,True,0,0,0,False,False
horseshoe,1004,87,3,12,-25.07641178894043,8.762642860412601,0.0,True,True,True,0,0,0,False,False
horseshoe,1004,88,3,13,-25.07641178894043,11.911736846923834,0.0,True,True,True,0,0,0,False,False
horseshoe,1004,89,3,14,-25.07641178894043,15.060830833435059,0.0,True,True,True,0,0,0,False,False
horseshoe,1004,90,3,15,-25.07641178894043,18.20992481994629,0.0,True,True,True,0,0,0,False,False
horseshoe,1004,91,3,16,-25.07641178894043,21.359018806457524,0.0,True,True,True,0,0,0,False,False
horseshoe,1004,92,3,17,-25.07641178894043,24.508112792968756,0.0,True,True,True,0,0,0,False,False
horseshoe,1004,93,3,18,-25.07641178894043,27.65720677947999,0.0,True,True,True,0,0,0,False,False
horseshoe,1004,94,3,19,-25.07641178894043,30.806300765991214,0.0,True,True,True,0,0,0,False,False
horseshoe,1004,95,3,20,-25.07641178894043,33.95539475250245,0.0,True,True,True,0,0,0,False,False
horseshoe,1004,96,3,21,-25.07641178894043,37.10448873901367,0.0,True,True,True,0,0,0,False,False
horseshoe,1004,97,3,22,-25.07641178894043,40.2535827255249,0.0,True,True,True,0,0,0,False,False
horseshoe,1004,98,3,23,-25.07641178894043,43.40267671203613,0.0,True,True,True,0,0,0,False,False
horseshoe,1004,99,3,24,-25.07641178894043,46.551770698547365,0.0,True,True,True,0,0,0,False,False
horseshoe,1004,100,4,0,-22.434258094787598,-29.026484977722166,1.0,False,False,False,0,0,0,False,False
horseshoe,1004,101,4,1,-22.434258094787598,-25.877390991210937,1.0,False,False,False,0,0,0,False,False
horseshoe,1004,102,4,2,-22.434258094787598,-22.728297004699705,1.0,False,False,False,8,8,0,False,True
horseshoe,1004,103,4,3,-22.434258094787598,-19.579203018188473,1.0,False,False,False,67,67,0,False,True
horseshoe,1004,104,4,4,-22.434258094787598,-16.430109031677244,1.0,False,False,False,17,17,0,False,True
horseshoe,1004,105,4,5,-22.434258094787598,-13.281015045166015,1.0,False,False,False,3,3,0,False,True
horseshoe,1004,106,4,6,-22.434258094787598,-10.131921058654783,1.0,False,False,False,28,28,0,False,True
horseshoe,1004,107,4,7,-22.434258094787598,-6.982827072143555,1.0,False,False,False,3,3,0,False,True
horseshoe,1004,108,4,8,-22.434258094787598,-3.833733085632322,1.0,False,False,False,0,0,0,False,False
horseshoe,1004,109,4,9,-22.434258094787598,-0.6846390991210898,0.3902439024390244,False,True,False,0,0,0,False,False
horseshoe,1004,110,4,10,-22.434258094787598,2.464454887390139,0.12195121951219512,False,True,False,0,0,0,False,False
horseshoe,1004,111,4,11,-22.434258094787598,5.613548873901368,0.0,True,True,True,0,0,0,False,False
horseshoe,1004,112,4,12,-22.434258094787598,8.762642860412601,0.07317073170731707,False,True,True,0,0,0,False,False
horseshoe,1004,113,4,13,-22.434258094787598,11.911736846923834,0.0,True,True,True,0,0,0,False,False
horseshoe,1004,114,4,14,-22.434258094787598,15.060830833435059,0.0,True,True,True,0,0,0,False,False
horseshoe,1004,115,4,15,-22.434258094787598,18.20992481994629,0.0,True,True,True,0,0,0,False,False
horseshoe,1004,116,4,16,-22.434258094787598,21.359018806457524,0.0,True,True,True,0,0,0,False,False
horseshoe,1004,117,4,17,-22.434258094787598,24.508112792968756,0.0,True,True,True,0,0,0,False,False
horseshoe,1004,118,4,18,-22.434258094787598,27.65720677947999,0.0,True,True,True,0,0,0,False,False
horseshoe,1004,119,4,19,-22.434258094787598,30.806300765991214,0.0,True,True,True,0,0,0,False,False
horseshoe,1004,120,4,20,-22.434258094787598,33.95539475250245,0.0,True,True,True,0,0,0,False,False
horseshoe,1004,121,4,21,-22.434258094787598,37.10448873901367,0.0,True,True,True,0,0,0,False,False
horseshoe,1004,122,4,22,-22.434258094787598,40.2535827255249,0.0,True,True,True,0,0,0,False,False
horseshoe,1004,123,4,23,-22.434258094787598,43.40267671203613,0.0,True,True,True,0,0,0,False,False
horseshoe,1004,124,4,24,-22.434258094787598,46.551770698547365,0.0,True,True,True,0,0,0,False,False
horseshoe,1004,125,5,0,-19.792104400634766,-29.026484977722166,1.0,False,False,False,0,0,0,False,False
horseshoe,1004,126,5,1,-19.792104400634766,-25.877390991210937,1.0,False,False,False,0,0,0,False,False
horseshoe,1004,127,5,2,-19.792104400634766,-22.728297004699705,1.0,False,False,False,2,2,0,False,True
horseshoe,1004,128,5,3,-19.792104400634766,-19.579203018188473,1.0,False,False,False,57,57,0,False,True
horseshoe,1004,129,5,4,-19.792104400634766,-16.430109031677244,1.0,False,False,False,12,12,0,False,True
horseshoe,1004,130,5,5,-19.792104400634766,-13.281015045166015,1.0,False,False,False,8,8,0,False,True
horseshoe,1004,131,5,6,-19.792104400634766,-10.131921058654783,1.0,False,False,False,7,7,0,False,True
horseshoe,1004,132,5,7,-19.792104400634766,-6.982827072143555,1.0,False,False,False,8,8,0,False,True
horseshoe,1004,133,5,8,-19.792104400634766,-3.833733085632322,1.0,False,False,False,0,0,0,False,False
horseshoe,1004,134,5,9,-19.792104400634766,-0.6846390991210898,0.975609756097561,False,False,False,0,0,0,False,False
horseshoe,1004,135,5,10,-19.792104400634766,2.464454887390139,0.975609756097561,False,False,False,0,0,0,False,False
horseshoe,1004,136,5,11,-19.792104400634766,5.613548873901368,0.6585365853658537,False,False,False,0,0,0,False,False
horseshoe,1004,137,5,12,-19.792104400634766,8.762642860412601,0.4878048780487805,False,True,False,0,0,0,False,False
horseshoe,1004,138,5,13,-19.792104400634766,11.911736846923834,0.4878048780487805,False,True,False,0,0,0,False,False
horseshoe,1004,139,5,14,-19.792104400634766,15.060830833435059,0.024390243902439025,False,True,True,0,0,0,False,False
horseshoe,1004,140,5,15,-19.792104400634766,18.20992481994629,0.0,True,True,True,0,0,0,False,False
horseshoe,1004,141,5,16,-19.792104400634766,21.359018806457524,0.0,True,True,True,0,0,0,False,False
horseshoe,1004,142,5,17,-19.792104400634766,24.508112792968756,0.0,True,True,True,0,0,0,False,False
horseshoe,1004,143,5,18,-19.792104400634766,27.65720677947999,0.0,True,True,True,0,0,0,False,False
horseshoe,1004,144,5,19,-19.792104400634766,30.806300765991214,0.0,True,True,True,0,0,0,False,False
horseshoe,1004,145,5,20,-19.792104400634766,33.95539475250245,0.0,True,True,True,0,0,0,False,False
horseshoe,1004,146,5,21,-19.792104400634766,37.10448873901367,0.0,True,True,True,0,0,0,False,False
horseshoe,1004,147,5,22,-19.792104400634766,40.2535827255249,0.0,True,True,True,0,0,0,False,False
horseshoe,1004,148,5,23,-19.792104400634766,43.40267671203613,0.0,True,True,True,0,0,0,False,False
horseshoe,1004,149,5,24,-19.792104400634766,46.551770698547365,0.0,True,True,True,0,0,0,False,False
horseshoe,1004,150,6,0,-17.14995070648193,-29.026484977722166,1.0,False,False,False,0,0,0,False,False
horseshoe,1004,151,6,1,-17.14995070648193,-25.877390991210937,1.0,False,False,False,0,0,0,False,False
horseshoe,1004,152,6,2,-17.14995070648193,-22.728297004699705,1.0,False,False,False,1,1,0,False,True
horseshoe,1004,153,6,3,-17.14995070648193,-19.579203018188473,1.0,False,False,False,42,42,0,False,True
horseshoe,1004,154,6,4,-17.14995070648193,-16.430109031677244,1.0,False,False,False,32,32,0,False,True
horseshoe,1004,155,6,5,-17.14995070648193,-13.281015045166015,1.0,False,False,False,11,11,0,False,True
horseshoe,1004,156,6,6,-17.14995070648193,-10.131921058654783,1.0,False,False,False,40,40,0,False,True
horseshoe,1004,157,6,7,-17.14995070648193,-6.982827072143555,1.0,False,False,False,27,27,0,False,True
horseshoe,1004,158,6,8,-17.14995070648193,-3.833733085632322,1.0,False,False,False,7,7,0,False,True
horseshoe,1004,159,6,9,-17.14995070648193,-0.6846390991210898,1.0,False,False,False,2,2,0,False,True
horseshoe,1004,160,6,10,-17.14995070648193,2.464454887390139,1.0,False,False,False,0,0,0,False,False
horseshoe,1004,161,6,11,-17.14995070648193,5.613548873901368,1.0,False,False,False,0,0,0,False,False
horseshoe,1004,162,6,12,-17.14995070648193,8.762642860412601,0.7317073170731707,False,False,False,1,1,0,False,True
horseshoe,1004,163,6,13,-17.14995070648193,11.911736846923834,0.6097560975609756,False,False,False,0,0,0,False,False
horseshoe,1004,164,6,14,-17.14995070648193,15.060830833435059,0.2926829268292683,False,True,False,0,0,0,False,False
horseshoe,1004,165,6,15,-17.14995070648193,18.20992481994629,0.0,True,True,True,0,0,0,False,False
horseshoe,1004,166,6,16,-17.14995070648193,21.359018806457524,0.0,True,True,True,0,0,0,False,False
horseshoe,1004,167,6,17,-17.14995070648193,24.508112792968756,0.0,True,True,True,0,0,0,False,False
horseshoe,1004,168,6,18,-17.14995070648193,27.65720677947999,0.0,True,True,True,0,0,0,False,False
horseshoe,1004,169,6,19,-17.14995070648193,30.806300765991214,0.0,True,True,True,0,0,0,False,False
horseshoe,1004,170,6,20,-17.14995070648193,33.95539475250245,0.0,True,True,True,0,0,0,False,False
horseshoe,1004,171,6,21,-17.14995070648193,37.10448873901367,0.0,True,True,True,0,0,0,False,False
horseshoe,1004,172,6,22,-17.14995070648193,40.2535827255249,0.0,True,True,True,0,0,0,False,False
horseshoe,1004,173,6,23,-17.14995070648193,43.40267671203613,0.0,True,True,True,0,0,0,False,False
horseshoe,1004,174,6,24,-17.14995070648193,46.551770698547365,0.0,True,True,True,0,0,0,False,False
horseshoe,1004,175,7,0,-14.5077970123291,-29.026484977722166,0.9512195121951219,False,False,False,0,0,0,False,False
horseshoe,1004,176,7,1,-14.5077970123291,-25.877390991210937,1.0,False,False,False,0,0,0,False,False
horseshoe,1004,177,7,2,-14.5077970123291,-22.728297004699705,1.0,False,False,False,0,0,0,False,False
horseshoe,1004,178,7,3,-14.5077970123291,-19.579203018188473,1.0,False,False,False,22,22,0,False,True
horseshoe,1004,179,7,4,-14.5077970123291,-16.430109031677244,1.0,False,False,False,55,55,0,False,True
horseshoe,1004,180,7,5,-14.5077970123291,-13.281015045166015,1.0,False,False,False,42,42,0,False,True
horseshoe,1004,181,7,6,-14.5077970123291,-10.131921058654783,1.0,False,False,False,25,25,0,False,True
horseshoe,1004,182,7,7,-14.5077970123291,-6.982827072143555,1.0,False,False,False,50,50,0,False,True
horseshoe,1004,183,7,8,-14.5077970123291,-3.833733085632322,1.0,False,False,False,35,35,0,False,True
horseshoe,1004,184,7,9,-14.5077970123291,-0.6846390991210898,1.0,False,False,False,45,45,0,False,True
horseshoe,1004,185,7,10,-14.5077970123291,2.464454887390139,1.0,False,False,False,6,6,0,False,True
horseshoe,1004,186,7,11,-14.5077970123291,5.613548873901368,1.0,False,False,False,1,1,0,False,True
horseshoe,1004,187,7,12,-14.5077970123291,8.762642860412601,1.0,False,False,False,5,5,0,False,True
horseshoe,1004,188,7,13,-14.5077970123291,11.911736846923834,0.9024390243902439,False,False,False,0,0,0,False,False
horseshoe,1004,189,7,14,-14.5077970123291,15.060830833435059,0.5853658536585366,False,False,False,0,0,0,False,False
horseshoe,1004,190,7,15,-14.5077970123291,18.20992481994629,0.0,True,True,True,0,0,0,False,False
horseshoe,1004,191,7,16,-14.5077970123291,21.359018806457524,0.0,True,True,True,0,0,0,False,False
horseshoe,1004,192,7,17,-14.5077970123291,24.508112792968756,0.0,True,True,True,0,0,0,False,False
horseshoe,1004,193,7,18,-14.5077970123291,27.65720677947999,0.0,True,True,True,0,0,0,False,False
horseshoe,1004,194,7,19,-14.5077970123291,30.806300765991214,0.0,True,True,True,0,0,0,False,False
horseshoe,1004,195,7,20,-14.5077970123291,33.95539475250245,0.0,True,True,True,0,0,0,False,False
horseshoe,1004,196,7,21,-14.5077970123291,37.10448873901367,0.0,True,True,True,0,0,0,False,False
horseshoe,1004,197,7,22,-14.5077970123291,40.2535827255249,0.0,True,True,True,0,0,0,False,False
horseshoe,1004,198,7,23,-14.5077970123291,43.40267671203613,0.0,True,True,True,0,0,0,False,False
horseshoe,1004,199,7,24,-14.5077970123291,46.551770698547365,0.0,True,True,True,0,0,0,False,False
horseshoe,1004,200,8,0,-11.865643318176268,-29.026484977722166,0.43902439024390244,False,True,False,0,0,0,False,False
horseshoe,1004,201,8,1,-11.865643318176268,-25.877390991210937,1.0,False,False,False,0,0,0,False,False
horseshoe,1004,202,8,2,-11.865643318176268,-22.728297004699705,1.0,False,False,False,0,0,0,False,False
horseshoe,1004,203,8,3,-11.865643318176268,-19.579203018188473,1.0,False,False,False,2,2,0,False,True
horseshoe,1004,204,8,4,-11.865643318176268,-16.430109031677244,1.0,False,False,False,45,45,0,False,True
horseshoe,1004,205,8,5,-11.865643318176268,-13.281015045166015,1.0,False,False,False,26,26,0,False,True
horseshoe,1004,206,8,6,-11.865643318176268,-10.131921058654783,1.0,False,False,False,53,53,0,False,True
horseshoe,1004,207,8,7,-11.865643318176268,-6.982827072143555,1.0,False,False,False,52,52,0,False,True
horseshoe,1004,208,8,8,-11.865643318176268,-3.833733085632322,1.0,False,False,False,137,137,0,False,True
horseshoe,1004,209,8,9,-11.865643318176268,-0.6846390991210898,1.0,False,False,False,169,169,0,False,True
horseshoe,1004,210,8,10,-11.865643318176268,2.464454887390139,1.0,False,False,False,75,75,0,False,True
horseshoe,1004,211,8,11,-11.865643318176268,5.613548873901368,1.0,False,False,False,12,12,0,False,True
horseshoe,1004,212,8,12,-11.865643318176268,8.762642860412601,1.0,False,False,False,18,18,0,False,True
horseshoe,1004,213,8,13,-11.865643318176268,11.911736846923834,1.0,False,False,False,1,1,0,False,True
horseshoe,1004,214,8,14,-11.865643318176268,15.060830833435059,1.0,False,False,False,0,0,0,False,False
horseshoe,1004,215,8,15,-11.865643318176268,18.20992481994629,0.1951219512195122,False,True,False,0,0,0,False,False
horseshoe,1004,216,8,16,-11.865643318176268,21.359018806457524,0.0,True,True,True,0,0,0,False,False
horseshoe,1004,217,8,17,-11.865643318176268,24.508112792968756,0.0,True,True,True,0,0,0,False,False
horseshoe,1004,218,8,18,-11.865643318176268,27.65720677947999,0.0,True,True,True,0,0,0,False,False
horseshoe,1004,219,8,19,-11.865643318176268,30.806300765991214,0.0,True,True,True,0,0,0,False,False
horseshoe,1004,220,8,20,-11.865643318176268,33.95539475250245,0.0,True,True,True,0,0,0,False,False
horseshoe,1004,221,8,21,-11.865643318176268,37.10448873901367,0.0,True,True,True,0,0,0,False,False
horseshoe,1004,222,8,22,-11.865643318176268,40.2535827255249,0.0,True,True,True,0,0,0,False,False
horseshoe,1004,223,8,23,-11.865643318176268,43.40267671203613,0.0,True,True,True,0,0,0,False,False
horseshoe,1004,224,8,24,-11.865643318176268,46.551770698547365,0.0,True,True,True,0,0,0,False,False
horseshoe,1004,225,9,0,-9.223489624023436,-29.026484977722166,0.0,True,True,True,0,0,0,False,False
horseshoe,1004,226,9,1,-9.223489624023436,-25.877390991210937,0.21951219512195122,False,True,False,0,0,0,False,False
horseshoe,1004,227,9,2,-9.223489624023436,-22.728297004699705,0.975609756097561,False,False,False,0,0,0,False,False
horseshoe,1004,228,9,3,-9.223489624023436,-19.579203018188473,1.0,False,False,False,0,0,0,False,False
horseshoe,1004,229,9,4,-9.223489624023436,-16.430109031677244,1.0,False,False,False,11,11,0,False,True
horseshoe,1004,230,9,5,-9.223489624023436,-13.281015045166015,1.0,False,False,False,47,47,0,False,True
horseshoe,1004,231,9,6,-9.223489624023436,-10.131921058654783,1.0,False,False,False,71,71,0,False,True
horseshoe,1004,232,9,7,-9.223489624023436,-6.982827072143555,1.0,False,False,False,151,151,0,False,True
horseshoe,1004,233,9,8,-9.223489624023436,-3.833733085632322,1.0,False,False,False,254,254,0,False,True
horseshoe,1004,234,9,9,-9.223489624023436,-0.6846390991210898,1.0,False,False,False,250,250,0,False,True
horseshoe,1004,235,9,10,-9.223489624023436,2.464454887390139,1.0,False,False,False,252,252,0,False,True
horseshoe,1004,236,9,11,-9.223489624023436,5.613548873901368,1.0,False,False,False,134,134,0,False,True
horseshoe,1004,237,9,12,-9.223489624023436,8.762642860412601,1.0,False,False,False,17,17,0,False,True
horseshoe,1004,238,9,13,-9.223489624023436,11.911736846923834,1.0,False,False,False,2,2,0,False,True
horseshoe,1004,239,9,14,-9.223489624023436,15.060830833435059,1.0,False,False,False,0,0,0,False,False
horseshoe,1004,240,9,15,-9.223489624023436,18.20992481994629,0.4634146341463415,False,True,False,0,0,0,False,False
horseshoe,1004,241,9,16,-9.223489624023436,21.359018806457524,0.0,True,True,True,0,0,0,False,False
horseshoe,1004,242,9,17,-9.223489624023436,24.508112792968756,0.0,True,True,True,0,0,0,False,False
horseshoe,1004,243,9,18,-9.223489624023436,27.65720677947999,0.0,True,True,True,0,0,0,False,False
horseshoe,1004,244,9,19,-9.223489624023436,30.806300765991214,0.0,True,True,True,0,0,0,False,False
horseshoe,1004,245,9,20,-9.223489624023436,33.95539475250245,0.0,True,True,True,0,0,0,False,False
horseshoe,1004,246,9,21,-9.223489624023436,37.10448873901367,0.0,True,True,True,0,0,0,False,False
horseshoe,1004,247,9,22,-9.223489624023436,40.2535827255249,0.0,True,True,True,0,0,0,False,False
horseshoe,1004,248,9,23,-9.223489624023436,43.40267671203613,0.0,True,True,True,0,0,0,False,False
horseshoe,1004,249,9,24,-9.223489624023436,46.551770698547365,0.0,True,True,True,0,0,0,False,False
horseshoe,1004,250,10,0,-6.581335929870605,-29.026484977722166,0.0,True,True,True,0,0,0,False,False
horseshoe,1004,251,10,1,-6.581335929870605,-25.877390991210937,0.0,True,True,True,0,0,0,False,False
horseshoe,1004,252,10,2,-6.581335929870605,-22.728297004699705,0.2926829268292683,False,True,False,0,0,0,False,False
horseshoe,1004,253,10,3,-6.581335929870605,-19.579203018188473,0.975609756097561,False,False,False,0,0,0,False,False
horseshoe,1004,254,10,4,-6.581335929870605,-16.430109031677244,1.0,False,False,False,0,0,0,False,False
horseshoe,1004,255,10,5,-6.581335929870605,-13.281015045166015,1.0,False,False,False,42,42,0,False,True
horseshoe,1004,256,10,6,-6.581335929870605,-10.131921058654783,1.0,False,False,False,53,53,0,False,True
horseshoe,1004,257,10,7,-6.581335929870605,-6.982827072143555,1.0,False,False,False,151,151,0,False,True
horseshoe,1004,258,10,8,-6.581335929870605,-3.833733085632322,1.0,False,False,False,367,367,0,False,True
horseshoe,1004,259,10,9,-6.581335929870605,-0.6846390991210898,1.0,False,False,False,410,410,0,False,True
horseshoe,1004,260,10,10,-6.581335929870605,2.464454887390139,1.0,False,False,False,273,273,0,False,True
horseshoe,1004,261,10,11,-6.581335929870605,5.613548873901368,1.0,False,False,False,94,94,0,False,True
horseshoe,1004,262,10,12,-6.581335929870605,8.762642860412601,1.0,False,False,False,148,148,0,False,True
horseshoe,1004,263,10,13,-6.581335929870605,11.911736846923834,1.0,False,False,False,51,51,0,False,True
horseshoe,1004,264,10,14,-6.581335929870605,15.060830833435059,1.0,False,False,False,0,0,0,False,False
horseshoe,1004,265,10,15,-6.581335929870605,18.20992481994629,0.926829268292683,False,False,False,0,0,0,False,False
horseshoe,1004,266,10,16,-6.581335929870605,21.359018806457524,0.0975609756097561,False,True,True,0,0,0,False,False
horseshoe,1004,267,10,17,-6.581335929870605,24.508112792968756,0.0,True,True,True,0,0,0,False,False
horseshoe,1004,268,10,18,-6.581335929870605,27.65720677947999,0.0,True,True,True,0,0,0,False,False
horseshoe,1004,269,10,19,-6.581335929870605,30.806300765991214,0.0,True,True,True,0,0,0,False,False
horseshoe,1004,270,10,20,-6.581335929870605,33.95539475250245,0.0,True,True,True,0,0,0,False,False
horseshoe,1004,271,10,21,-6.581335929870605,37.10448873901367,0.0,True,True,True,0,0,0,False,False
horseshoe,1004,272,10,22,-6.581335929870605,40.2535827255249,0.0,True,True,True,0,0,0,False,False
horseshoe,1004,273,10,23,-6.581335929870605,43.40267671203613,0.0,True,True,True,0,0,0,False,False
horseshoe,1004,274,10,24,-6.581335929870605,46.551770698547365,0.0,True,True,True,0,0,0,False,False
horseshoe,1004,275,11,0,-3.939182235717773,-29.026484977722166,0.0,True,True,True,0,0,0,False,False
horseshoe,1004,276,11,1,-3.939182235717773,-25.877390991210937,0.0,True,True,True,0,0,0,False,False
horseshoe,1004,277,11,2,-3.939182235717773,-22.728297004699705,0.0,True,True,True,0,0,0,False,False
horseshoe,1004,278,11,3,-3.939182235717773,-19.579203018188473,0.8780487804878049,False,False,False,0,0,0,False,False
horseshoe,1004,279,11,4,-3.939182235717773,-16.430109031677244,1.0,False,False,False,0,0,0,False,False
horseshoe,1004,280,11,5,-3.939182235717773,-13.281015045166015,1.0,False,False,False,1,1,0,False,True
horseshoe,1004,281,11,6,-3.939182235717773,-10.131921058654783,1.0,False,False,False,86,86,0,False,True
horseshoe,1004,282,11,7,-3.939182235717773,-6.982827072143555,1.0,False,False,False,105,105,0,False,True
horseshoe,1004,283,11,8,-3.939182235717773,-3.833733085632322,1.0,False,False,False,306,306,0,False,True
horseshoe,1004,284,11,9,-3.939182235717773,-0.6846390991210898,1.0,False,False,False,303,303,0,False,True
horseshoe,1004,285,11,10,-3.939182235717773,2.464454887390139,1.0,False,False,False,199,199,0,False,True
horseshoe,1004,286,11,11,-3.939182235717773,5.613548873901368,1.0,False,False,False,208,208,0,False,True
horseshoe,1004,287,11,12,-3.939182235717773,8.762642860412601,1.0,False,False,False,150,150,0,False,True
horseshoe,1004,288,11,13,-3.939182235717773,11.911736846923834,1.0,False,False,False,36,36,0,False,True
horseshoe,1004,289,11,14,-3.939182235717773,15.060830833435059,1.0,False,False,False,0,0,0,False,False
horseshoe,1004,290,11,15,-3.939182235717773,18.20992481994629,1.0,False,False,False,0,0,0,False,False
horseshoe,1004,291,11,16,-3.939182235717773,21.359018806457524,0.6097560975609756,False,False,False,0,0,0,False,False
horseshoe,1004,292,11,17,-3.939182235717773,24.508112792968756,0.0975609756097561,False,True,True,0,0,0,False,False
horseshoe,1004,293,11,18,-3.939182235717773,27.65720677947999,0.0,True,True,True,0,0,0,False,False
horseshoe,1004,294,11,19,-3.939182235717773,30.806300765991214,0.0,True,True,True,0,0,0,False,False
horseshoe,1004,295,11,20,-3.939182235717773,33.95539475250245,0.0,True,True,True,0,0,0,False,False
horseshoe,1004,296,11,21,-3.939182235717773,37.10448873901367,0.0,True,True,True,0,0,0,False,False
horseshoe,1004,297,11,22,-3.939182235717773,40.2535827255249,0.0,True,True,True,0,0,0,False,False
horseshoe,1004,298,11,23,-3.939182235717773,43.40267671203613,0.0,True,True,True,0,0,0,False,False
horseshoe,1004,299,11,24,-3.939182235717773,46.551770698547365,0.0,True,True,True,0,0,0,False,False
horseshoe,1004,300,12,0,-1.2970285415649376,-29.026484977722166,0.0,True,True,True,0,0,0,False,False
horseshoe,1004,301,12,1,-1.2970285415649376,-25.877390991210937,0.0,True,True,True,0,0,0,False,False
horseshoe,1004,302,12,2,-1.2970285415649376,-22.728297004699705,0.0,True,True,True,0,0,0,False,False
horseshoe,1004,303,12,3,-1.2970285415649376,-19.579203018188473,0.0,True,True,True,0,0,0,False,False
horseshoe,1004,304,12,4,-1.2970285415649376,-16.430109031677244,1.0,False,False,False,0,0,0,False,False
horseshoe,1004,305,12,5,-1.2970285415649376,-13.281015045166015,1.0,False,False,False,0,0,0,False,False
horseshoe,1004,306,12,6,-1.2970285415649376,-10.131921058654783,1.0,False,False,False,44,44,0,False,True
horseshoe,1004,307,12,7,-1.2970285415649376,-6.982827072143555,1.0,False,False,False,146,146,0,False,True
horseshoe,1004,308,12,8,-1.2970285415649376,-3.833733085632322,1.0,False,False,False,386,386,0,False,True
horseshoe,1004,309,12,9,-1.2970285415649376,-0.6846390991210898,1.0,False,False,False,807,807,0,False,True
horseshoe,1004,310,12,10,-1.2970285415649376,2.464454887390139,1.0,False,False,False,1610,1610,0,False,True
horseshoe,1004,311,12,11,-1.2970285415649376,5.613548873901368,1.0,False,False,False,134,134,0,False,True
horseshoe,1004,312,12,12,-1.2970285415649376,8.762642860412601,1.0,False,False,False,149,149,0,False,True
horseshoe,1004,313,12,13,-1.2970285415649376,11.911736846923834,1.0,False,False,False,87,87,0,False,True
horseshoe,1004,314,12,14,-1.2970285415649376,15.060830833435059,1.0,False,False,False,3,3,0,False,True
horseshoe,1004,315,12,15,-1.2970285415649376,18.20992481994629,1.0,False,False,False,0,0,0,False,False
horseshoe,1004,316,12,16,-1.2970285415649376,21.359018806457524,1.0,False,False,False,0,0,0,False,False
horseshoe,1004,317,12,17,-1.2970285415649376,24.508112792968756,0.8780487804878049,False,False,False,0,0,0,False,False
horseshoe,1004,318,12,18,-1.2970285415649376,27.65720677947999,0.4146341463414634,False,True,False,0,0,0,False,False
horseshoe,1004,319,12,19,-1.2970285415649376,30.806300765991214,0.0,True,True,True,0,0,0,False,False
horseshoe,1004,320,12,20,-1.2970285415649376,33.95539475250245,0.0,True,True,True,0,0,0,False,False
horseshoe,1004,321,12,21,-1.2970285415649376,37.10448873901367,0.0,True,True,True,0,0,0,False,False
horseshoe,1004,322,12,22,-1.2970285415649376,40.2535827255249,0.0,True,True,True,0,0,0,False,False
horseshoe,1004,323,12,23,-1.2970285415649376,43.40267671203613,0.0,True,True,True,0,0,0,False,False
horseshoe,1004,324,12,24,-1.2970285415649376,46.551770698547365,0.0,True,True,True,0,0,0,False,False
horseshoe,1004,325,13,0,1.345125152587894,-29.026484977722166,0.0,True,True,True,0,0,0,False,False
horseshoe,1004,326,13,1,1.345125152587894,-25.877390991210937,0.0,True,True,True,0,0,0,False,False
horseshoe,1004,327,13,2,1.345125152587894,-22.728297004699705,0.0,True,True,True,0,0,0,False,False
horseshoe,1004,328,13,3,1.345125152587894,-19.579203018188473,0.0,True,True,True,0,0,0,False,False
horseshoe,1004,329,13,4,1.345125152587894,-16.430109031677244,1.0,False,False,False,0,0,0,False,False
horseshoe,1004,330,13,5,1.345125152587894,-13.281015045166015,1.0,False,False,False,0,0,0,False,False
horseshoe,1004,331,13,6,1.345125152587894,-10.131921058654783,1.0,False,False,False,1506,1506,0,False,True
horseshoe,1004,332,13,7,1.345125152587894,-6.982827072143555,1.0,False,False,False,1054,1054,0,False,True
horseshoe,1004,333,13,8,1.345125152587894,-3.833733085632322,1.0,False,False,False,1273,1273,0,False,True
horseshoe,1004,334,13,9,1.345125152587894,-0.6846390991210898,1.0,False,False,False,1320,1320,0,False,True
horseshoe,1004,335,13,10,1.345125152587894,2.464454887390139,1.0,False,False,False,634,634,0,False,True
horseshoe,1004,336,13,11,1.345125152587894,5.613548873901368,1.0,False,False,False,80,80,0,False,True
horseshoe,1004,337,13,12,1.345125152587894,8.762642860412601,1.0,False,False,False,53,53,0,False,True
horseshoe,1004,338,13,13,1.345125152587894,11.911736846923834,1.0,False,False,False,32,32,0,False,True
horseshoe,1004,339,13,14,1.345125152587894,15.060830833435059,1.0,False,False,False,37,37,0,False,True
horseshoe,1004,340,13,15,1.345125152587894,18.20992481994629,1.0,False,False,False,6,6,0,False,True
horseshoe,1004,341,13,16,1.345125152587894,21.359018806457524,1.0,False,False,False,11,11,0,False,True
horseshoe,1004,342,13,17,1.345125152587894,24.508112792968756,1.0,False,False,False,0,0,0,False,False
horseshoe,1004,343,13,18,1.345125152587894,27.65720677947999,1.0,False,False,False,0,0,0,False,False
horseshoe,1004,344,13,19,1.345125152587894,30.806300765991214,0.7560975609756098,False,False,False,0,0,0,False,False
horseshoe,1004,345,13,20,1.345125152587894,33.95539475250245,0.24390243902439024,False,True,False,0,0,0,False,False
horseshoe,1004,346,13,21,1.345125152587894,37.10448873901367,0.07317073170731707,False,True,True,0,0,0,False,False
horseshoe,1004,347,13,22,1.345125152587894,40.2535827255249,0.0,True,True,True,0,0,0,False,False
horseshoe,1004,348,13,23,1.345125152587894,43.40267671203613,0.0,True,True,True,0,0,0,False,False
horseshoe,1004,349,13,24,1.345125152587894,46.551770698547365,0.0,True,True,True,0,0,0,False,False
horseshoe,1004,350,14,0,3.9872788467407254,-29.026484977722166,0.0,True,True,True,0,0,0,False,False
horseshoe,1004,351,14,1,3.9872788467407254,-25.877390991210937,0.0,True,True,True,0,0,0,False,False
horseshoe,1004,352,14,2,3.9872788467407254,-22.728297004699705,0.0,True,True,True,0,0,0,False,False
horseshoe,1004,353,14,3,3.9872788467407254,-19.579203018188473,0.0,True,True,True,0,0,0,False,False
horseshoe,1004,354,14,4,3.9872788467407254,-16.430109031677244,0.9512195121951219,False,False,False,0,0,0,False,False
horseshoe,1004,355,14,5,3.9872788467407254,-13.281015045166015,1.0,False,False,False,0,0,0,False,False
horseshoe,1004,356,14,6,3.9872788467407254,-10.131921058654783,1.0,False,False,False,149,149,0,False,True
horseshoe,1004,357,14,7,3.9872788467407254,-6.982827072143555,1.0,False,False,False,275,275,0,False,True
horseshoe,1004,358,14,8,3.9872788467407254,-3.833733085632322,1.0,False,False,False,328,328,0,False,True
horseshoe,1004,359,14,9,3.9872788467407254,-0.6846390991210898,1.0,False,False,False,203,203,0,False,True
horseshoe,1004,360,14,10,3.9872788467407254,2.464454887390139,1.0,False,False,False,128,128,0,False,True
horseshoe,1004,361,14,11,3.9872788467407254,5.613548873901368,1.0,False,False,False,68,68,0,False,True
horseshoe,1004,362,14,12,3.9872788467407254,8.762642860412601,1.0,False,False,False,17,17,0,False,True
horseshoe,1004,363,14,13,3.9872788467407254,11.911736846923834,1.0,False,False,False,12,12,0,False,True
horseshoe,1004,364,14,14,3.9872788467407254,15.060830833435059,1.0,False,False,False,46,46,0,False,True
horseshoe,1004,365,14,15,3.9872788467407254,18.20992481994629,1.0,False,False,False,40,40,0,False,True
horseshoe,1004,366,14,16,3.9872788467407254,21.359018806457524,1.0,False,False,False,35,35,0,False,True
horseshoe,1004,367,14,17,3.9872788467407254,24.508112792968756,1.0,False,False,False,12,12,0,False,True
horseshoe,1004,368,14,18,3.9872788467407254,27.65720677947999,1.0,False,False,False,0,0,0,False,False
horseshoe,1004,369,14,19,3.9872788467407254,30.806300765991214,1.0,False,False,False,0,0,0,False,False
horseshoe,1004,370,14,20,3.9872788467407254,33.95539475250245,0.8292682926829268,False,False,False,0,0,0,False,False
horseshoe,1004,371,14,21,3.9872788467407254,37.10448873901367,0.4634146341463415,False,True,False,0,0,0,False,False
horseshoe,1004,372,14,22,3.9872788467407254,40.2535827255249,0.0,True,True,True,0,0,0,False,False
horseshoe,1004,373,14,23,3.9872788467407254,43.40267671203613,0.0,True,True,True,0,0,0,False,False
horseshoe,1004,374,14,24,3.9872788467407254,46.551770698547365,0.0,True,True,True,0,0,0,False,False
horseshoe,1004,375,15,0,6.629432540893557,-29.026484977722166,0.0,True,True,True,0,0,0,False,False
horseshoe,1004,376,15,1,6.629432540893557,-25.877390991210937,0.0,True,True,True,0,0,0,False,False
horseshoe,1004,377,15,2,6.629432540893557,-22.728297004699705,0.0,True,True,True,0,0,0,False,False
horseshoe,1004,378,15,3,6.629432540893557,-19.579203018188473,0.0,True,True,True,0,0,0,False,False
horseshoe,1004,379,15,4,6.629432540893557,-16.430109031677244,0.1951219512195122,False,True,False,0,0,0,False,False
horseshoe,1004,380,15,5,6.629432540893557,-13.281015045166015,1.0,False,False,False,0,0,0,False,False
horseshoe,1004,381,15,6,6.629432540893557,-10.131921058654783,1.0,False,False,False,15,15,0,False,True
horseshoe,1004,382,15,7,6.629432540893557,-6.982827072143555,1.0,False,False,False,194,194,0,False,True
horseshoe,1004,383,15,8,6.629432540893557,-3.833733085632322,1.0,False,False,False,230,230,0,False,True
horseshoe,1004,384,15,9,6.629432540893557,-0.6846390991210898,1.0,False,False,False,437,437,0,False,True
horseshoe,1004,385,15,10,6.629432540893557,2.464454887390139,1.0,False,False,False,31,31,0,False,True
horseshoe,1004,386,15,11,6.629432540893557,5.613548873901368,1.0,False,False,False,118,118,0,False,True
horseshoe,1004,387,15,12,6.629432540893557,8.762642860412601,1.0,False,False,False,25,25,0,False,True
horseshoe,1004,388,15,13,6.629432540893557,11.911736846923834,1.0,False,False,False,23,23,0,False,True
horseshoe,1004,389,15,14,6.629432540893557,15.060830833435059,1.0,False,False,False,26,26,0,False,True
horseshoe,1004,390,15,15,6.629432540893557,18.20992481994629,1.0,False,False,False,18,18,0,False,True
horseshoe,1004,391,15,16,6.629432540893557,21.359018806457524,1.0,False,False,False,15,15,0,False,True
horseshoe,1004,392,15,17,6.629432540893557,24.508112792968756,1.0,False,False,False,20,20,0,False,True
horseshoe,1004,393,15,18,6.629432540893557,27.65720677947999,1.0,False,False,False,18,18,0,False,True
horseshoe,1004,394,15,19,6.629432540893557,30.806300765991214,1.0,False,False,False,0,0,0,False,False
horseshoe,1004,395,15,20,6.629432540893557,33.95539475250245,0.8292682926829268,False,False,False,1,1,0,False,True
horseshoe,1004,396,15,21,6.629432540893557,37.10448873901367,0.5365853658536586,False,False,False,0,0,0,False,False
horseshoe,1004,397,15,22,6.629432540893557,40.2535827255249,0.0975609756097561,False,True,True,0,0,0,False,False
horseshoe,1004,398,15,23,6.629432540893557,43.40267671203613,0.0,True,True,True,0,0,0,False,False
horseshoe,1004,399,15,24,6.629432540893557,46.551770698547365,0.0,True,True,True,0,0,0,False,False
horseshoe,1004,400,16,0,9.271586235046389,-29.026484977722166,0.0,True,True,True,0,0,0,False,False
horseshoe,1004,401,16,1,9.271586235046389,-25.877390991210937,0.0,True,True,True,0,0,0,False,False
horseshoe,1004,402,16,2,9.271586235046389,-22.728297004699705,0.0,True,True,True,0,0,0,False,False
horseshoe,1004,403,16,3,9.271586235046389,-19.579203018188473,0.0,True,True,True,0,0,0,False,False
horseshoe,1004,404,16,4,9.271586235046389,-16.430109031677244,0.0,True,True,True,0,0,0,False,False
horseshoe,1004,405,16,5,9.271586235046389,-13.281015045166015,1.0,False,False,False,0,0,0,False,False
horseshoe,1004,406,16,6,9.271586235046389,-10.131921058654783,1.0,False,False,False,0,0,0,False,False
horseshoe,1004,407,16,7,9.271586235046389,-6.982827072143555,1.0,False,False,False,20,20,0,False,True
horseshoe,1004,408,16,8,9.271586235046389,-3.833733085632322,1.0,False,False,False,248,248,0,False,True
horseshoe,1004,409,16,9,9.271586235046389,-0.6846390991210898,1.0,False,False,False,532,532,0,False,True
horseshoe,1004,410,16,10,9.271586235046389,2.464454887390139,1.0,False,False,False,89,89,0,False,True
horseshoe,1004,411,16,11,9.271586235046389,5.613548873901368,1.0,False,False,False,67,67,0,False,True
horseshoe,1004,412,16,12,9.271586235046389,8.762642860412601,1.0,False,False,False,42,42,0,False,True
horseshoe,1004,413,16,13,9.271586235046389,11.911736846923834,1.0,False,False,False,13,13,0,False,True
horseshoe,1004,414,16,14,9.271586235046389,15.060830833435059,1.0,False,False,False,38,38,0,False,True
horseshoe,1004,415,16,15,9.271586235046389,18.20992481994629,1.0,False,False,False,10,10,0,False,True
horseshoe,1004,416,16,16,9.271586235046389,21.359018806457524,1.0,False,False,False,8,8,0,False,True
horseshoe,1004,417,16,17,9.271586235046389,24.508112792968756,1.0,False,False,False,19,19,0,False,True
horseshoe,1004,418,16,18,9.271586235046389,27.65720677947999,1.0,False,False,False,6,6,0,False,True
horseshoe,1004,419,16,19,9.271586235046389,30.806300765991214,1.0,False,False,False,0,0,0,False,False
horseshoe,1004,420,16,20,9.271586235046389,33.95539475250245,0.8536585365853658,False,False,False,0,0,0,False,False
horseshoe,1004,421,16,21,9.271586235046389,37.10448873901367,0.5853658536585366,False,False,False,0,0,0,False,False
horseshoe,1004,422,16,22,9.271586235046389,40.2535827255249,0.2926829268292683,False,True,False,0,0,0,False,False
horseshoe,1004,423,16,23,9.271586235046389,43.40267671203613,0.0975609756097561,False,True,True,0,0,0,False,False
horseshoe,1004,424,16,24,9.271586235046389,46.551770698547365,0.0,True,True,True,0,0,0,False,False
horseshoe,1004,425,17,0,11.91373992919922,-29.026484977722166,0.0,True,True,True,0,0,0,False,False
horseshoe,1004,426,17,1,11.91373992919922,-25.877390991210937,0.0,True,True,True,0,0,0,False,False
horseshoe,1004,427,17,2,11.91373992919922,-22.728297004699705,0.0,True,True,True,0,0,0,False,False
horseshoe,1004,428,17,3,11.91373992919922,-19.579203018188473,0.0,True,True,True,0,0,0,False,False
horseshoe,1004,429,17,4,11.91373992919922,-16.430109031677244,0.0,True,True,True,0,0,0,False,False
horseshoe,1004,430,17,5,11.91373992919922,-13.281015045166015,0.0,True,True,True,0,0,0,False,False
horseshoe,1004,431,17,6,11.91373992919922,-10.131921058654783,1.0,False,False,False,0,0,0,False,False
horseshoe,1004,432,17,7,11.91373992919922,-6.982827072143555,1.0,False,False,False,0,0,0,False,False
horseshoe,1004,433,17,8,11.91373992919922,-3.833733085632322,1.0,False,False,False,77,77,0,False,True
horseshoe,1004,434,17,9,11.91373992919922,-0.6846390991210898,1.0,False,False,False,431,431,0,False,True
horseshoe,1004,435,17,10,11.91373992919922,2.464454887390139,1.0,False,False,False,130,130,0,False,True
horseshoe,1004,436,17,11,11.91373992919922,5.613548873901368,1.0,False,False,False,141,141,0,False,True
horseshoe,1004,437,17,12,11.91373992919922,8.762642860412601,1.0,False,False,False,18,18,0,False,True
horseshoe,1004,438,17,13,11.91373992919922,11.911736846923834,1.0,False,False,False,4,4,0,False,True
horseshoe,1004,439,17,14,11.91373992919922,15.060830833435059,1.0,False,False,False,2,2,0,False,True
horseshoe,1004,440,17,15,11.91373992919922,18.20992481994629,1.0,False,False,False,3,3,0,False,True
horseshoe,1004,441,17,16,11.91373992919922,21.359018806457524,1.0,False,False,False,4,4,0,False,True
horseshoe,1004,442,17,17,11.91373992919922,24.508112792968756,1.0,False,False,False,2,2,0,False,True
horseshoe,1004,443,17,18,11.91373992919922,27.65720677947999,1.0,False,False,False,1,1,0,False,True
horseshoe,1004,444,17,19,11.91373992919922,30.806300765991214,0.975609756097561,False,False,False,1,1,0,False,True
horseshoe,1004,445,17,20,11.91373992919922,33.95539475250245,0.6585365853658537,False,False,False,0,0,0,False,False
horseshoe,1004,446,17,21,11.91373992919922,37.10448873901367,0.5609756097560976,False,False,False,0,0,0,False,False
horseshoe,1004,447,17,22,11.91373992919922,40.2535827255249,0.0975609756097561,False,True,True,0,0,0,False,False
horseshoe,1004,448,17,23,11.91373992919922,43.40267671203613,0.0,True,True,True,0,0,0,False,False
horseshoe,1004,449,17,24,11.91373992919922,46.551770698547365,0.0,True,True,True,0,0,0,False,False
horseshoe,1004,450,18,0,14.555893623352052,-29.026484977722166,0.0,True,True,True,0,0,0,False,False
horseshoe,1004,451,18,1,14.555893623352052,-25.877390991210937,0.0,True,True,True,0,0,0,False,False
horseshoe,1004,452,18,2,14.555893623352052,-22.728297004699705,0.0,True,True,True,0,0,0,False,False
horseshoe,1004,453,18,3,14.555893623352052,-19.579203018188473,0.0,True,True,True,0,0,0,False,False
horseshoe,1004,454,18,4,14.555893623352052,-16.430109031677244,0.0,True,True,True,0,0,0,False,False
horseshoe,1004,455,18,5,14.555893623352052,-13.281015045166015,0.0,True,True,True,0,0,0,False,False
horseshoe,1004,456,18,6,14.555893623352052,-10.131921058654783,0.4878048780487805,False,True,False,0,0,0,False,False
horseshoe,1004,457,18,7,14.555893623352052,-6.982827072143555,1.0,False,False,False,0,0,0,False,False
horseshoe,1004,458,18,8,14.555893623352052,-3.833733085632322,1.0,False,False,False,48,48,0,False,True
horseshoe,1004,459,18,9,14.555893623352052,-0.6846390991210898,1.0,False,False,False,85,85,0,False,True
horseshoe,1004,460,18,10,14.555893623352052,2.464454887390139,1.0,False,False,False,0,0,0,False,False
horseshoe,1004,461,18,11,14.555893623352052,5.613548873901368,1.0,False,False,False,52,52,0,False,True
horseshoe,1004,462,18,12,14.555893623352052,8.762642860412601,1.0,False,False,False,173,173,0,False,True
horseshoe,1004,463,18,13,14.555893623352052,11.911736846923834,1.0,False,False,False,17,17,0,False,True
horseshoe,1004,464,18,14,14.555893623352052,15.060830833435059,1.0,False,False,False,1,1,0,False,True
horseshoe,1004,465,18,15,14.555893623352052,18.20992481994629,1.0,False,False,False,0,0,0,False,False
horseshoe,1004,466,18,16,14.555893623352052,21.359018806457524,1.0,False,False,False,3,3,0,False,True
horseshoe,1004,467,18,17,14.555893623352052,24.508112792968756,1.0,False,False,False,0,0,0,False,False
horseshoe,1004,468,18,18,14.555893623352052,27.65720677947999,0.8780487804878049,False,False,False,0,0,0,False,False
horseshoe,1004,469,18,19,14.555893623352052,30.806300765991214,0.7560975609756098,False,False,False,1,1,0,False,True
horseshoe,1004,470,18,20,14.555893623352052,33.95539475250245,0.5853658536585366,False,False,False,0,0,0,False,False
horseshoe,1004,471,18,21,14.555893623352052,37.10448873901367,0.4878048780487805,False,True,False,0,0,0,False,False
horseshoe,1004,472,18,22,14.555893623352052,40.2535827255249,0.1951219512195122,False,True,False,0,0,0,False,False
horseshoe,1004,473,18,23,14.555893623352052,43.40267671203613,0.0975609756097561,False,True,True,0,0,0,False,False
horseshoe,1004,474,18,24,14.555893623352052,46.551770698547365,0.0,True,True,True,0,0,0,False,False
horseshoe,1004,475,19,0,17.198047317504884,-29.026484977722166,0.0,True,True,True,0,0,0,False,False
horseshoe,1004,476,19,1,17.198047317504884,-25.877390991210937,0.0,True,True,True,0,0,0,False,False
horseshoe,1004,477,19,2,17.198047317504884,-22.728297004699705,0.0,True,True,True,0,0,0,False,False
horseshoe,1004,478,19,3,17.198047317504884,-19.579203018188473,0.0,True,True,True,0,0,0,False,False
horseshoe,1004,479,19,4,17.198047317504884,-16.430109031677244,0.0,True,True,True,0,0,0,False,False
horseshoe,1004,480,19,5,17.198047317504884,-13.281015045166015,0.0,True,True,True,0,0,0,False,False
horseshoe,1004,481,19,6,17.198047317504884,-10.131921058654783,0.024390243902439025,False,True,True,0,0,0,False,False
horseshoe,1004,482,19,7,17.198047317504884,-6.982827072143555,1.0,False,False,False,0,0,0,False,False
horseshoe,1004,483,19,8,17.198047317504884,-3.833733085632322,1.0,False,False,False,0,0,0,False,False
horseshoe,1004,484,19,9,17.198047317504884,-0.6846390991210898,1.0,False,False,False,0,0,0,False,False
horseshoe,1004,485,19,10,17.198047317504884,2.464454887390139,1.0,False,False,False,0,0,0,False,False
horseshoe,1004,486,19,11,17.198047317504884,5.613548873901368,1.0,False,False,False,0,0,0,False,False
horseshoe,1004,487,19,12,17.198047317504884,8.762642860412601,1.0,False,False,False,24,24,0,False,True
horseshoe,1004,488,19,13,17.198047317504884,11.911736846923834,1.0,False,False,False,142,142,0,False,True
horseshoe,1004,489,19,14,17.198047317504884,15.060830833435059,1.0,False,False,False,37,37,0,False,True
horseshoe,1004,490,19,15,17.198047317504884,18.20992481994629,1.0,False,False,False,8,8,0,False,True
horseshoe,1004,491,19,16,17.198047317504884,21.359018806457524,1.0,False,False,False,7,7,0,False,True
horseshoe,1004,492,19,17,17.198047317504884,24.508112792968756,1.0,False,False,False,0,0,0,False,False
horseshoe,1004,493,19,18,17.198047317504884,27.65720677947999,1.0,False,False,False,0,0,0,False,False
horseshoe,1004,494,19,19,17.198047317504884,30.806300765991214,0.7317073170731707,False,False,False,0,0,0,False,False
horseshoe,1004,495,19,20,17.198047317504884,33.95539475250245,0.5121951219512195,False,False,False,1,1,0,False,True
horseshoe,1004,496,19,21,17.198047317504884,37.10448873901367,0.24390243902439024,False,True,False,0,0,0,False,False
horseshoe,1004,497,19,22,17.198047317504884,40.2535827255249,0.17073170731707318,False,True,False,0,0,0,False,False
horseshoe,1004,498,19,23,17.198047317504884,43.40267671203613,0.0975609756097561,False,True,True,0,0,0,False,False
horseshoe,1004,499,19,24,17.198047317504884,46.551770698547365,0.0975609756097561,False,True,True,0,0,0,False,False
horseshoe,1004,500,20,0,19.840201011657715,-29.026484977722166,0.0,True,True,True,0,0,0,False,False
horseshoe,1004,501,20,1,19.840201011657715,-25.877390991210937,0.0,True,True,True,0,0,0,False,False
horseshoe,1004,502,20,2,19.840201011657715,-22.728297004699705,0.0,True,True,True,0,0,0,False,False
horseshoe,1004,503,20,3,19.840201011657715,-19.579203018188473,0.0,True,True,True,0,0,0,False,False
horseshoe,1004,504,20,4,19.840201011657715,-16.430109031677244,0.0,True,True,True,0,0,0,False,False
horseshoe,1004,505,20,5,19.840201011657715,-13.281015045166015,0.0,True,True,True,0,0,0,False,False
horseshoe,1004,506,20,6,19.840201011657715,-10.131921058654783,0.0,True,True,True,0,0,0,False,False
horseshoe,1004,507,20,7,19.840201011657715,-6.982827072143555,0.024390243902439025,False,True,True,0,0,0,False,False
horseshoe,1004,508,20,8,19.840201011657715,-3.833733085632322,1.0,False,False,False,0,0,0,False,False
horseshoe,1004,509,20,9,19.840201011657715,-0.6846390991210898,1.0,False,False,False,0,0,0,False,False
horseshoe,1004,510,20,10,19.840201011657715,2.464454887390139,0.9512195121951219,False,False,False,0,0,0,False,False
horseshoe,1004,511,20,11,19.840201011657715,5.613548873901368,1.0,False,False,False,0,0,0,False,False
horseshoe,1004,512,20,12,19.840201011657715,8.762642860412601,1.0,False,False,False,0,0,0,False,False
horseshoe,1004,513,20,13,19.840201011657715,11.911736846923834,1.0,False,False,False,2,2,0,False,True
horseshoe,1004,514,20,14,19.840201011657715,15.060830833435059,1.0,False,False,False,16,16,0,False,True
horseshoe,1004,515,20,15,19.840201011657715,18.20992481994629,1.0,False,False,False,38,38,0,False,True
horseshoe,1004,516,20,16,19.840201011657715,21.359018806457524,1.0,False,False,False,14,14,0,False,True
horseshoe,1004,517,20,17,19.840201011657715,24.508112792968756,1.0,False,False,False,5,5,0,False,True
horseshoe,1004,518,20,18,19.840201011657715,27.65720677947999,1.0,False,False,False,3,3,0,False,True
horseshoe,1004,519,20,19,19.840201011657715,30.806300765991214,0.9024390243902439,False,False,False,1,1,0,False,True
horseshoe,1004,520,20,20,19.840201011657715,33.95539475250245,0.5853658536585366,False,False,False,0,0,0,False,False
horseshoe,1004,521,20,21,19.840201011657715,37.10448873901367,0.34146341463414637,False,True,False,1,1,0,False,True
horseshoe,1004,522,20,22,19.840201011657715,40.2535827255249,0.24390243902439024,False,True,False,0,0,0,False,False
horseshoe,1004,523,20,23,19.840201011657715,43.40267671203613,0.0975609756097561,False,True,True,0,0,0,False,False
horseshoe,1004,524,20,24,19.840201011657715,46.551770698547365,0.0975609756097561,False,True,True,0,0,0,False,False
horseshoe,1004,525,21,0,22.482354705810547,-29.026484977722166,0.0,True,True,True,0,0,0,False,False
horseshoe,1004,526,21,1,22.482354705810547,-25.877390991210937,0.0,True,True,True,0,0,0,False,False
horseshoe,1004,527,21,2,22.482354705810547,-22.728297004699705,0.0,True,True,True,0,0,0,False,False
horseshoe,1004,528,21,3,22.482354705810547,-19.579203018188473,0.0,True,True,True,0,0,0,False,False
horseshoe,1004,529,21,4,22.482354705810547,-16.430109031677244,0.0,True,True,True,0,0,0,False,False
horseshoe,1004,530,21,5,22.482354705810547,-13.281015045166015,0.0,True,True,True,0,0,0,False,False
horseshoe,1004,531,21,6,22.482354705810547,-10.131921058654783,0.0,True,True,True,0,0,0,False,False
horseshoe,1004,532,21,7,22.482354705810547,-6.982827072143555,0.0,True,True,True,0,0,0,False,False
horseshoe,1004,533,21,8,22.482354705810547,-3.833733085632322,0.0,True,True,True,0,0,0,False,False
horseshoe,1004,534,21,9,22.482354705810547,-0.6846390991210898,0.04878048780487805,False,True,True,0,0,0,False,False
horseshoe,1004,535,21,10,22.482354705810547,2.464454887390139,0.0,True,True,True,0,0,0,False,False
horseshoe,1004,536,21,11,22.482354705810547,5.613548873901368,0.2926829268292683,False,True,False,0,0,0,False,False
horseshoe,1004,537,21,12,22.482354705810547,8.762642860412601,1.0,False,False,False,0,0,0,False,False
horseshoe,1004,538,21,13,22.482354705810547,11.911736846923834,1.0,False,False,False,0,0,0,False,False
horseshoe,1004,539,21,14,22.482354705810547,15.060830833435059,1.0,False,False,False,0,0,0,False,False
horseshoe,1004,540,21,15,22.482354705810547,18.20992481994629,1.0,False,False,False,2,2,0,False,True
horseshoe,1004,541,21,16,22.482354705810547,21.359018806457524,1.0,False,False,False,4,4,0,False,True
horseshoe,1004,542,21,17,22.482354705810547,24.508112792968756,1.0,False,False,False,14,14,0,False,True
horseshoe,1004,543,21,18,22.482354705810547,27.65720677947999,1.0,False,False,False,11,11,0,False,True
horseshoe,1004,544,21,19,22.482354705810547,30.806300765991214,0.926829268292683,False,False,False,2,2,0,False,True
horseshoe,1004,545,21,20,22.482354705810547,33.95539475250245,0.6341463414634146,False,False,False,1,1,0,False,True
horseshoe,1004,546,21,21,22.482354705810547,37.10448873901367,0.4634146341463415,False,True,False,0,0,0,False,False
horseshoe,1004,547,21,22,22.482354705810547,40.2535827255249,0.24390243902439024,False,True,False,0,0,0,False,False
horseshoe,1004,548,21,23,22.482354705810547,43.40267671203613,0.0975609756097561,False,True,True,0,0,0,False,False
horseshoe,1004,549,21,24,22.482354705810547,46.551770698547365,0.0975609756097561,False,True,True,0,0,0,False,False
horseshoe,1004,550,22,0,25.12450839996338,-29.026484977722166,0.0,True,True,True,0,0,0,False,False
horseshoe,1004,551,22,1,25.12450839996338,-25.877390991210937,0.0,True,True,True,0,0,0,False,False
horseshoe,1004,552,22,2,25.12450839996338,-22.728297004699705,0.0,True,True,True,0,0,0,False,False
horseshoe,1004,553,22,3,25.12450839996338,-19.579203018188473,0.0,True,True,True,0,0,0,False,False
horseshoe,1004,554,22,4,25.12450839996338,-16.430109031677244,0.0,True,True,True,0,0,0,False,False
horseshoe,1004,555,22,5,25.12450839996338,-13.281015045166015,0.0,True,True,True,0,0,0,False,False
horseshoe,1004,556,22,6,25.12450839996338,-10.131921058654783,0.0,True,True,True,0,0,0,False,False
horseshoe,1004,557,22,7,25.12450839996338,-6.982827072143555,0.0,True,True,True,0,0,0,False,False
horseshoe,1004,558,22,8,25.12450839996338,-3.833733085632322,0.0,True,True,True,0,0,0,False,False
horseshoe,1004,559,22,9,25.12450839996338,-0.6846390991210898,0.0,True,True,True,0,0,0,False,False
horseshoe,1004,560,22,10,25.12450839996338,2.464454887390139,0.0,True,True,True,0,0,0,False,False
horseshoe,1004,561,22,11,25.12450839996338,5.613548873901368,0.0,True,True,True,0,0,0,False,False
horseshoe,1004,562,22,12,25.12450839996338,8.762642860412601,0.1951219512195122,False,True,False,0,0,0,False,False
horseshoe,1004,563,22,13,25.12450839996338,11.911736846923834,0.8536585365853658,False,False,False,0,0,0,False,False
horseshoe,1004,564,22,14,25.12450839996338,15.060830833435059,0.975609756097561,False,False,False,0,0,0,False,False
horseshoe,1004,565,22,15,25.12450839996338,18.20992481994629,1.0,False,False,False,0,0,0,False,False
horseshoe,1004,566,22,16,25.12450839996338,21.359018806457524,1.0,False,False,False,0,0,0,False,False
horseshoe,1004,567,22,17,25.12450839996338,24.508112792968756,1.0,False,False,False,2,2,0,False,True
horseshoe,1004,568,22,18,25.12450839996338,27.65720677947999,1.0,False,False,False,0,0,0,False,False
horseshoe,1004,569,22,19,25.12450839996338,30.806300765991214,0.8536585365853658,False,False,False,0,0,0,False,False
horseshoe,1004,570,22,20,25.12450839996338,33.95539475250245,0.5609756097560976,False,False,False,0,0,0,False,False
horseshoe,1004,571,22,21,25.12450839996338,37.10448873901367,0.3902439024390244,False,True,False,0,0,0,False,False
horseshoe,1004,572,22,22,25.12450839996338,40.2535827255249,0.24390243902439024,False,True,False,0,0,0,False,False
horseshoe,1004,573,22,23,25.12450839996338,43.40267671203613,0.0,True,True,True,0,0,0,False,False
horseshoe,1004,574,22,24,25.12450839996338,46.551770698547365,0.0,True,True,True,0,0,0,False,False
horseshoe,1004,575,23,0,27.76666209411621,-29.026484977722166,0.0,True,True,True,0,0,0,False,False
horseshoe,1004,576,23,1,27.76666209411621,-25.877390991210937,0.0,True,True,True,0,0,0,False,False
horseshoe,1004,577,23,2,27.76666209411621,-22.728297004699705,0.0,True,True,True,0,0,0,False,False
horseshoe,1004,578,23,3,27.76666209411621,-19.579203018188473,0.0,True,True,True,0,0,0,False,False
horseshoe,1004,579,23,4,27.76666209411621,-16.430109031677244,0.0,True,True,True,0,0,0,False,False
horseshoe,1004,580,23,5,27.76666209411621,-13.281015045166015,0.0,True,True,True,0,0,0,False,False
horseshoe,1004,581,23,6,27.76666209411621,-10.131921058654783,0.0,True,True,True,0,0,0,False,False
horseshoe,1004,582,23,7,27.76666209411621,-6.982827072143555,0.0,True,True,True,0,0,0,False,False
horseshoe,1004,583,23,8,27.76666209411621,-3.833733085632322,0.0,True,True,True,0,0,0,False,False
horseshoe,1004,584,23,9,27.76666209411621,-0.6846390991210898,0.0,True,True,True,0,0,0,False,False
horseshoe,1004,585,23,10,27.76666209411621,2.464454887390139,0.0,True,True,True,0,0,0,False,False
horseshoe,1004,586,23,11,27.76666209411621,5.613548873901368,0.0,True,True,True,0,0,0,False,False
horseshoe,1004,587,23,12,27.76666209411621,8.762642860412601,0.0,True,True,True,0,0,0,False,False
horseshoe,1004,588,23,13,27.76666209411621,11.911736846923834,0.4878048780487805,False,True,False,0,0,0,False,False
horseshoe,1004,589,23,14,27.76666209411621,15.060830833435059,0.8536585365853658,False,False,False,0,0,0,False,False
horseshoe,1004,590,23,15,27.76666209411621,18.20992481994629,0.975609756097561,False,False,False,0,0,0,False,False
horseshoe,1004,591,23,16,27.76666209411621,21.359018806457524,1.0,False,False,False,0,0,0,False,False
horseshoe,1004,592,23,17,27.76666209411621,24.508112792968756,1.0,False,False,False,0,0,0,False,False
horseshoe,1004,593,23,18,27.76666209411621,27.65720677947999,1.0,False,False,False,0,0,0,False,False
horseshoe,1004,594,23,19,27.76666209411621,30.806300765991214,0.8292682926829268,False,False,False,0,0,0,False,False
horseshoe,1004,595,23,20,27.76666209411621,33.95539475250245,0.4878048780487805,False,True,False,0,0,0,False,False
horseshoe,1004,596,23,21,27.76666209411621,37.10448873901367,0.34146341463414637,False,True,False,0,0,0,False,False
horseshoe,1004,597,23,22,27.76666209411621,40.2535827255249,0.14634146341463414,False,True,False,0,0,0,False,False
horseshoe,1004,598,23,23,27.76666209411621,43.40267671203613,0.07317073170731707,False,True,True,0,0,0,False,False
horseshoe,1004,599,23,24,27.76666209411621,46.551770698547365,0.0,True,True,True,0,0,0,False,False
horseshoe,1004,600,24,0,30.40881578826905,-29.026484977722166,0.0,True,True,True,0,0,0,False,False
horseshoe,1004,601,24,1,30.40881578826905,-25.877390991210937,0.0,True,True,True,0,0,0,False,False
horseshoe,1004,602,24,2,30.40881578826905,-22.728297004699705,0.0,True,True,True,0,0,0,False,False
horseshoe,1004,603,24,3,30.40881578826905,-19.579203018188473,0.0,True,True,True,0,0,0,False,False
horseshoe,1004,604,24,4,30.40881578826905,-16.430109031677244,0.0,True,True,True,0,0,0,False,False
horseshoe,1004,605,24,5,30.40881578826905,-13.281015045166015,0.0,True,True,True,0,0,0,False,False
horseshoe,1004,606,24,6,30.40881578826905,-10.131921058654783,0.0,True,True,True,0,0,0,False,False
horseshoe,1004,607,24,7,30.40881578826905,-6.982827072143555,0.0,True,True,True,0,0,0,False,False
horseshoe,1004,608,24,8,30.40881578826905,-3.833733085632322,0.0,True,True,True,0,0,0,False,False
horseshoe,1004,609,24,9,30.40881578826905,-0.6846390991210898,0.0,True,True,True,0,0,0,False,False
horseshoe,1004,610,24,10,30.40881578826905,2.464454887390139,0.0,True,True,True,0,0,0,False,False
horseshoe,1004,611,24,11,30.40881578826905,5.613548873901368,0.0,True,True,True,0,0,0,False,False
horseshoe,1004,612,24,12,30.40881578826905,8.762642860412601,0.0,True,True,True,0,0,0,False,False
horseshoe,1004,613,24,13,30.40881578826905,11.911736846923834,0.0,True,True,True,0,0,0,False,False
horseshoe,1004,614,24,14,30.40881578826905,15.060830833435059,0.4878048780487805,False,True,False,0,0,0,False,False
horseshoe,1004,615,24,15,30.40881578826905,18.20992481994629,0.9024390243902439,False,False,False,0,0,0,False,False
horseshoe,1004,616,24,16,30.40881578826905,21.359018806457524,1.0,False,False,False,0,0,0,False,False
horseshoe,1004,617,24,17,30.40881578826905,24.508112792968756,1.0,False,False,False,0,0,0,False,False
horseshoe,1004,618,24,18,30.40881578826905,27.65720677947999,0.975609756097561,False,False,False,0,0,0,False,False
horseshoe,1004,619,24,19,30.40881578826905,30.806300765991214,0.8292682926829268,False,False,False,0,0,0,False,False
horseshoe,1004,620,24,20,30.40881578826905,33.95539475250245,0.4634146341463415,False,True,False,0,0,0,False,False
horseshoe,1004,621,24,21,30.40881578826905,37.10448873901367,0.34146341463414637,False,True,False,0,0,0,False,False
horseshoe,1004,622,24,22,30.40881578826905,40.2535827255249,0.14634146341463414,False,True,False,0,0,0,False,False
horseshoe,1004,623,24,23,30.40881578826905,43.40267671203613,0.07317073170731707,False,True,True,0,0,0,False,False
horseshoe,1004,624,24,24,30.40881578826905,46.551770698547365,0.0,True,True,True,0,0,0,False,False
horseshoe,1005,0,0,0,-35.08133548736572,-34.11210883331299,0.0,True,True,True,0,0,0,False,False
horseshoe,1005,1,0,1,-35.08133548736572,-31.731087203979495,0.0,True,True,True,0,0,0,False,False
horseshoe,1005,2,0,2,-35.08133548736572,-29.350065574646,0.0,True,True,True,0,0,0,False,False
horseshoe,1005,3,0,3,-35.08133548736572,-26.969043945312503,0.0,True,True,True,0,0,0,False,False
horseshoe,1005,4,0,4,-35.08133548736572,-24.588022315979007,0.0,True,True,True,0,0,0,False,False
horseshoe,1005,5,0,5,-35.08133548736572,-22.20700068664551,0.0,True,True,True,0,0,0,False,False
horseshoe,1005,6,0,6,-35.08133548736572,-19.82597905731201,0.0,True,True,True,0,0,0,False,False
horseshoe,1005,7,0,7,-35.08133548736572,-17.444957427978515,0.0,True,True,True,0,0,0,False,False
horseshoe,1005,8,0,8,-35.08133548736572,-15.06393579864502,0.0,True,True,True,0,0,0,False,False
horseshoe,1005,9,0,9,-35.08133548736572,-12.682914169311523,0.0,True,True,True,0,0,0,False,False
horseshoe,1005,10,0,10,-35.08133548736572,-10.301892539978027,0.0975609756097561,False,True,True,0,0,0,False,False
horseshoe,1005,11,0,11,-35.08133548736572,-7.920870910644531,0.0975609756097561,False,True,True,0,0,0,False,False
horseshoe,1005,12,0,12,-35.08133548736572,-5.539849281311032,0.0,True,True,True,0,0,0,False,False
horseshoe,1005,13,0,13,-35.08133548736572,-3.1588276519775356,0.0,True,True,True,0,0,0,False,False
horseshoe,1005,14,0,14,-35.08133548736572,-0.7778060226440393,0.0,True,True,True,0,0,0,False,False
horseshoe,1005,15,0,15,-35.08133548736572,1.6032156066894567,0.0,True,True,True,0,0,0,False,False
horseshoe,1005,16,0,16,-35.08133548736572,3.9842372360229525,0.0,True,True,True,0,0,0,False,False
horseshoe,1005,17,0,17,-35.08133548736572,6.365258865356449,0.0,True,True,True,0,0,0,False,False
horseshoe,1005,18,0,18,-35.08133548736572,8.746280494689945,0.0,True,True,True,0,0,0,False,False
horseshoe,1005,19,0,19,-35.08133548736572,11.12730212402344,0.0,True,True,True,0,0,0,False,False
horseshoe,1005,20,0,20,-35.08133548736572,13.508323753356937,0.0,True,True,True,0,0,0,False,False
horseshoe,1005,21,0,21,-35.08133548736572,15.889345382690433,0.0,True,True,True,0,0,0,False,False
horseshoe,1005,22,0,22,-35.08133548736572,18.27036701202393,0.0,True,True,True,0,0,0,False,False
horseshoe,1005,23,0,23,-35.08133548736572,20.651388641357425,0.0,True,True,True,0,0,0,False,False
horseshoe,1005,24,0,24,-35.08133548736572,23.032410270690928,0.0,True,True,True,0,0,0,False,False
horseshoe,1005,25,1,0,-31.440517730712894,-34.11210883331299,0.0,True,True,True,0,0,0,False,False
horseshoe,1005,26,1,1,-31.440517730712894,-31.731087203979495,0.0,True,True,True,0,0,0,False,False
horseshoe,1005,27,1,2,-31.440517730712894,-29.350065574646,0.0,True,True,True,0,0,0,False,False
horseshoe,1005,28,1,3,-31.440517730712894,-26.969043945312503,0.0,True,True,True,0,0,0,False,False
horseshoe,1005,29,1,4,-31.440517730712894,-24.588022315979007,0.0,True,True,True,0,0,0,False,False
horseshoe,1005,30,1,5,-31.440517730712894,-22.20700068664551,0.0,True,True,True,0,0,0,False,False
horseshoe,1005,31,1,6,-31.440517730712894,-19.82597905731201,0.0,True,True,True,0,0,0,False,False
horseshoe,1005,32,1,7,-31.440517730712894,-17.444957427978515,0.0,True,True,True,0,0,0,False,False
horseshoe,1005,33,1,8,-31.440517730712894,-15.06393579864502,0.0,True,True,True,0,0,0,False,False
horseshoe,1005,34,1,9,-31.440517730712894,-12.682914169311523,0.2926829268292683,False,True,False,0,0,0,False,False
horseshoe,1005,35,1,10,-31.440517730712894,-10.301892539978027,0.5853658536585366,False,False,False,0,0,0,False,False
horseshoe,1005,36,1,11,-31.440517730712894,-7.920870910644531,0.5853658536585366,False,False,False,0,0,0,False,False
horseshoe,1005,37,1,12,-31.440517730712894,-5.539849281311032,0.5365853658536586,False,False,False,0,0,0,False,False
horseshoe,1005,38,1,13,-31.440517730712894,-3.1588276519775356,0.14634146341463414,False,True,False,0,0,0,False,False
horseshoe,1005,39,1,14,-31.440517730712894,-0.7778060226440393,0.0,True,True,True,0,0,0,False,False
horseshoe,1005,40,1,15,-31.440517730712894,1.6032156066894567,0.0,True,True,True,0,0,0,False,False
horseshoe,1005,41,1,16,-31.440517730712894,3.9842372360229525,0.0,True,True,True,0,0,0,False,False
horseshoe,1005,42,1,17,-31.440517730712894,6.365258865356449,0.0,True,True,True,0,0,0,False,False
horseshoe,1005,43,1,18,-31.440517730712894,8.746280494689945,0.0,True,True,True,0,0,0,False,False
horseshoe,1005,44,1,19,-31.440517730712894,11.12730212402344,0.0,True,True,True,0,0,0,False,False
horseshoe,1005,45,1,20,-31.440517730712894,13.508323753356937,0.0,True,True,True,0,0,0,False,False
horseshoe,1005,46,1,21,-31.440517730712894,15.889345382690433,0.0,True,True,True,0,0,0,False,False
horseshoe,1005,47,1,22,-31.440517730712894,18.27036701202393,0.0,True,True,True,0,0,0,False,False
horseshoe,1005,48,1,23,-31.440517730712894,20.651388641357425,0.0,True,True,True,0,0,0,False,False
horseshoe,1005,49,1,24,-31.440517730712894,23.032410270690928,0.0,True,True,True,0,0,0,False,False
horseshoe,1005,50,2,0,-27.799699974060058,-34.11210883331299,0.0,True,True,True,0,0,0,False,False
horseshoe,1005,51,2,1,-27.799699974060058,-31.731087203979495,0.0,True,True,True,0,0,0,False,False
horseshoe,1005,52,2,2,-27.799699974060058,-29.350065574646,0.0,True,True,True,0,0,0,False,False
horseshoe,1005,53,2,3,-27.799699974060058,-26.969043945312503,0.0,True,True,True,0,0,0,False,False
horseshoe,1005,54,2,4,-27.799699974060058,-24.588022315979007,0.0,True,True,True,0,0,0,False,False
horseshoe,1005,55,2,5,-27.799699974060058,-22.20700068664551,0.0,True,True,True,0,0,0,False,False
horseshoe,1005,56,2,6,-27.799699974060058,-19.82597905731201,0.0,True,True,True,0,0,0,False,False
horseshoe,1005,57,2,7,-27.799699974060058,-17.444957427978515,0.0,True,True,True,0,0,0,False,False
horseshoe,1005,58,2,8,-27.799699974060058,-15.06393579864502,0.3902439024390244,False,True,False,0,0,0,False,False
horseshoe,1005,59,2,9,-27.799699974060058,-12.682914169311523,0.9512195121951219,False,False,False,0,0,0,False,False
horseshoe,1005,60,2,10,-27.799699974060058,-10.301892539978027,0.975609756097561,False,False,False,0,0,0,False,False
horseshoe,1005,61,2,11,-27.799699974060058,-7.920870910644531,0.975609756097561,False,False,False,0,0,0,False,False
horseshoe,1005,62,2,12,-27.799699974060058,-5.539849281311032,1.0,False,False,False,0,0,0,False,False
horseshoe,1005,63,2,13,-27.799699974060058,-3.1588276519775356,1.0,False,False,False,0,0,0,False,False
horseshoe,1005,64,2,14,-27.799699974060058,-0.7778060226440393,0.5609756097560976,False,False,False,0,0,0,False,False
horseshoe,1005,65,2,15,-27.799699974060058,1.6032156066894567,0.24390243902439024,False,True,False,0,0,0,False,False
horseshoe,1005,66,2,16,-27.799699974060058,3.9842372360229525,0.34146341463414637,False,True,False,0,0,0,False,False
horseshoe,1005,67,2,17,-27.799699974060058,6.365258865356449,0.24390243902439024,False,True,False,0,0,0,False,False
horseshoe,1005,68,2,18,-27.799699974060058,8.746280494689945,0.0975609756097561,False,True,True,0,0,0,False,False
horseshoe,1005,69,2,19,-27.799699974060058,11.12730212402344,0.0,True,True,True,0,0,0,False,False
horseshoe,1005,70,2,20,-27.799699974060058,13.508323753356937,0.0,True,True,True,0,0,0,False,False
horseshoe,1005,71,2,21,-27.799699974060058,15.889345382690433,0.0,True,True,True,0,0,0,False,False
horseshoe,1005,72,2,22,-27.799699974060058,18.27036701202393,0.0,True,True,True,0,0,0,False,False
horseshoe,1005,73,2,23,-27.799699974060058,20.651388641357425,0.0,True,True,True,0,0,0,False,False
horseshoe,1005,74,2,24,-27.799699974060058,23.032410270690928,0.0,True,True,True,0,0,0,False,False
horseshoe,1005,75,3,0,-24.15888221740723,-34.11210883331299,0.0,True,True,True,0,0,0,False,False
horseshoe,1005,76,3,1,-24.15888221740723,-31.731087203979495,0.0,True,True,True,0,0,0,False,False
horseshoe,1005,77,3,2,-24.15888221740723,-29.350065574646,0.0,True,True,True,0,0,0,False,False
horseshoe,1005,78,3,3,-24.15888221740723,-26.969043945312503,0.0,True,True,True,0,0,0,False,False
horseshoe,1005,79,3,4,-24.15888221740723,-24.588022315979007,0.0,True,True,True,0,0,0,False,False
horseshoe,1005,80,3,5,-24.15888221740723,-22.20700068664551,0.0,True,True,True,0,0,0,False,False
horseshoe,1005,81,3,6,-24.15888221740723,-19.82597905731201,0.0,True,True,True,0,0,0,False,False
horseshoe,1005,82,3,7,-24.15888221740723,-17.444957427978515,0.975609756097561,False,False,False,0,0,0,False,False
horseshoe,1005,83,3,8,-24.15888221740723,-15.06393579864502,1.0,False,False,False,0,0,0,False,False
horseshoe,1005,84,3,9,-24.15888221740723,-12.682914169311523,1.0,False,False,False,0,0,0,False,False
horseshoe,1005,85,3,10,-24.15888221740723,-10.301892539978027,1.0,False,False,False,1,1,0,False,True
horseshoe,1005,86,3,11,-24.15888221740723,-7.920870910644531,1.0,False,False,False,19,19,0,False,True
horseshoe,1005,87,3,12,-24.15888221740723,-5.539849281311032,1.0,False,False,False,1,1,0,False,True
horseshoe,1005,88,3,13,-24.15888221740723,-3.1588276519775356,1.0,False,False,False,0,0,0,False,False
horseshoe,1005,89,3,14,-24.15888221740723,-0.7778060226440393,1.0,False,False,False,0,0,0,False,False
horseshoe,1005,90,3,15,-24.15888221740723,1.6032156066894567,1.0,False,False,False,0,0,0,False,False
horseshoe,1005,91,3,16,-24.15888221740723,3.9842372360229525,1.0,False,False,False,0,0,0,False,False
horseshoe,1005,92,3,17,-24.15888221740723,6.365258865356449,1.0,False,False,False,0,0,0,False,False
horseshoe,1005,93,3,18,-24.15888221740723,8.746280494689945,0.926829268292683,False,False,False,0,0,0,False,False
horseshoe,1005,94,3,19,-24.15888221740723,11.12730212402344,0.5121951219512195,False,False,False,0,0,0,False,False
horseshoe,1005,95,3,20,-24.15888221740723,13.508323753356937,0.0975609756097561,False,True,True,0,0,0,False,False
horseshoe,1005,96,3,21,-24.15888221740723,15.889345382690433,0.0,True,True,True,0,0,0,False,False
horseshoe,1005,97,3,22,-24.15888221740723,18.27036701202393,0.0,True,True,True,0,0,0,False,False
horseshoe,1005,98,3,23,-24.15888221740723,20.651388641357425,0.0,True,True,True,0,0,0,False,False
horseshoe,1005,99,3,24,-24.15888221740723,23.032410270690928,0.0,True,True,True,0,0,0,False,False
horseshoe,1005,100,4,0,-20.518064460754395,-34.11210883331299,0.0,True,True,True,0,0,0,False,False
horseshoe,1005,101,4,1,-20.518064460754395,-31.731087203979495,0.0,True,True,True,0,0,0,False,False
horseshoe,1005,102,4,2,-20.518064460754395,-29.350065574646,0.0,True,True,True,0,0,0,False,False
horseshoe,1005,103,4,3,-20.518064460754395,-26.969043945312503,0.0,True,True,True,0,0,0,False,False
horseshoe,1005,104,4,4,-20.518064460754395,-24.588022315979007,0.0,True,True,True,0,0,0,False,False
horseshoe,1005,105,4,5,-20.518064460754395,-22.20700068664551,0.6585365853658537,False,False,False,0,0,0,False,False
horseshoe,1005,106,4,6,-20.518064460754395,-19.82597905731201,1.0,False,False,False,0,0,0,False,False
horseshoe,1005,107,4,7,-20.518064460754395,-17.444957427978515,1.0,False,False,False,0,0,0,False,False
horseshoe,1005,108,4,8,-20.518064460754395,-15.06393579864502,1.0,False,False,False,0,0,0,False,False
horseshoe,1005,109,4,9,-20.518064460754395,-12.682914169311523,1.0,False,False,False,8,8,0,False,True
horseshoe,1005,110,4,10,-20.518064460754395,-10.301892539978027,1.0,False,False,False,17,17,0,False,True
horseshoe,1005,111,4,11,-20.518064460754395,-7.920870910644531,1.0,False,False,False,88,88,0,False,True
horseshoe,1005,112,4,12,-20.518064460754395,-5.539849281311032,1.0,False,False,False,81,81,0,False,True
horseshoe,1005,113,4,13,-20.518064460754395,-3.1588276519775356,1.0,False,False,False,52,52,0,False,True
horseshoe,1005,114,4,14,-20.518064460754395,-0.7778060226440393,1.0,False,False,False,0,0,0,False,False
horseshoe,1005,115,4,15,-20.518064460754395,1.6032156066894567,1.0,False,False,False,1,1,0,False,True
horseshoe,1005,116,4,16,-20.518064460754395,3.9842372360229525,1.0,False,False,False,3,3,0,False,True
horseshoe,1005,117,4,17,-20.518064460754395,6.365258865356449,1.0,False,False,False,1,1,0,False,True
horseshoe,1005,118,4,18,-20.518064460754395,8.746280494689945,1.0,False,False,False,0,0,0,False,False
horseshoe,1005,119,4,19,-20.518064460754395,11.12730212402344,1.0,False,False,False,0,0,0,False,False
horseshoe,1005,120,4,20,-20.518064460754395,13.508323753356937,0.24390243902439024,False,True,False,0,0,0,False,False
horseshoe,1005,121,4,21,-20.518064460754395,15.889345382690433,0.0,True,True,True,0,0,0,False,False
horseshoe,1005,122,4,22,-20.518064460754395,18.27036701202393,0.0,True,True,True,0,0,0,False,False
horseshoe,1005,123,4,23,-20.518064460754395,20.651388641357425,0.0,True,True,True,0,0,0,False,False
horseshoe,1005,124,4,24,-20.518064460754395,23.032410270690928,0.0,True,True,True,0,0,0,False,False
horseshoe,1005,125,5,0,-16.877246704101562,-34.11210883331299,0.0,True,True,True,0,0,0,False,False
horseshoe,1005,126,5,1,-16.877246704101562,-31.731087203979495,0.0,True,True,True,0,0,0,False,False
horseshoe,1005,127,5,2,-16.877246704101562,-29.350065574646,0.0,True,True,True,0,0,0,False,False
horseshoe,1005,128,5,3,-16.877246704101562,-26.969043945312503,0.0,True,True,True,0,0,0,False,False
horseshoe,1005,129,5,4,-16.877246704101562,-24.588022315979007,0.1951219512195122,False,True,False,0,0,0,False,False
horseshoe,1005,130,5,5,-16.877246704101562,-22.20700068664551,1.0,False,False,False,0,0,0,False,False
horseshoe,1005,131,5,6,-16.877246704101562,-19.82597905731201,1.0,False,False,False,0,0,0,False,False
horseshoe,1005,132,5,7,-16.877246704101562,-17.444957427978515,1.0,False,False,False,2,2,0,False,True
horseshoe,1005,133,5,8,-16.877246704101562,-15.06393579864502,1.0,False,False,False,76,76,0,False,True
horseshoe,1005,134,5,9,-16.877246704101562,-12.682914169311523,1.0,False,False,False,102,102,0,False,True
horseshoe,1005,135,5,10,-16.877246704101562,-10.301892539978027,1.0,False,False,False,129,129,0,False,True
horseshoe,1005,136,5,11,-16.877246704101562,-7.920870910644531,1.0,False,False,False,196,196,0,False,True
horseshoe,1005,137,5,12,-16.877246704101562,-5.539849281311032,1.0,False,False,False,119,119,0,False,True
horseshoe,1005,138,5,13,-16.877246704101562,-3.1588276519775356,1.0,False,False,False,159,159,0,False,True
horseshoe,1005,139,5,14,-16.877246704101562,-0.7778060226440393,1.0,False,False,False,57,57,0,False,True
horseshoe,1005,140,5,15,-16.877246704101562,1.6032156066894567,1.0,False,False,False,20,20,0,False,True
horseshoe,1005,141,5,16,-16.877246704101562,3.9842372360229525,1.0,False,False,False,141,141,0,False,True
horseshoe,1005,142,5,17,-16.877246704101562,6.365258865356449,1.0,False,False,False,24,24,0,False,True
horseshoe,1005,143,5,18,-16.877246704101562,8.746280494689945,1.0,False,False,False,0,0,0,False,False
horseshoe,1005,144,5,19,-16.877246704101562,11.12730212402344,1.0,False,False,False,0,0,0,False,False
horseshoe,1005,145,5,20,-16.877246704101562,13.508323753356937,0.9024390243902439,False,False,False,0,0,0,False,False
horseshoe,1005,146,5,21,-16.877246704101562,15.889345382690433,0.0,True,True,True,0,0,0,False,False
horseshoe,1005,147,5,22,-16.877246704101562,18.27036701202393,0.0,True,True,True,0,0,0,False,False
horseshoe,1005,148,5,23,-16.877246704101562,20.651388641357425,0.0,True,True,True,0,0,0,False,False
horseshoe,1005,149,5,24,-16.877246704101562,23.032410270690928,0.0,True,True,True,0,0,0,False,False
horseshoe,1005,150,6,0,-13.236428947448731,-34.11210883331299,0.34146341463414637,False,True,False,0,0,0,False,False
horseshoe,1005,151,6,1,-13.236428947448731,-31.731087203979495,0.34146341463414637,False,True,False,0,0,0,False,False
horseshoe,1005,152,6,2,-13.236428947448731,-29.350065574646,0.3902439024390244,False,True,False,0,0,0,False,False
horseshoe,1005,153,6,3,-13.236428947448731,-26.969043945312503,0.4878048780487805,False,True,False,0,0,0,False,False
horseshoe,1005,154,6,4,-13.236428947448731,-24.588022315979007,0.5609756097560976,False,False,False,0,0,0,False,False
horseshoe,1005,155,6,5,-13.236428947448731,-22.20700068664551,1.0,False,False,False,0,0,0,False,False
horseshoe,1005,156,6,6,-13.236428947448731,-19.82597905731201,1.0,False,False,False,0,0,0,False,False
horseshoe,1005,157,6,7,-13.236428947448731,-17.444957427978515,1.0,False,False,False,4,4,0,False,True
horseshoe,1005,158,6,8,-13.236428947448731,-15.06393579864502,1.0,False,False,False,61,61,0,False,True
horseshoe,1005,159,6,9,-13.236428947448731,-12.682914169311523,1.0,False,False,False,115,115,0,False,True
horseshoe,1005,160,6,10,-13.236428947448731,-10.301892539978027,1.0,False,False,False,84,84,0,False,True
horseshoe,1005,161,6,11,-13.236428947448731,-7.920870910644531,1.0,False,False,False,74,74,0,False,True
horseshoe,1005,162,6,12,-13.236428947448731,-5.539849281311032,1.0,False,False,False,131,131,0,False,True
horseshoe,1005,163,6,13,-13.236428947448731,-3.1588276519775356,1.0,False,False,False,179,179,0,False,True
horseshoe,1005,164,6,14,-13.236428947448731,-0.7778060226440393,1.0,False,False,False,171,171,0,False,True
horseshoe,1005,165,6,15,-13.236428947448731,1.6032156066894567,1.0,False,False,False,211,211,0,False,True
horseshoe,1005,166,6,16,-13.236428947448731,3.9842372360229525,1.0,False,False,False,216,216,0,False,True
horseshoe,1005,167,6,17,-13.236428947448731,6.365258865356449,1.0,False,False,False,97,97,0,False,True
horseshoe,1005,168,6,18,-13.236428947448731,8.746280494689945,1.0,False,False,False,0,0,0,False,False
horseshoe,1005,169,6,19,-13.236428947448731,11.12730212402344,1.0,False,False,False,0,0,0,False,False
horseshoe,1005,170,6,20,-13.236428947448731,13.508323753356937,1.0,False,False,False,0,0,0,False,False
horseshoe,1005,171,6,21,-13.236428947448731,15.889345382690433,0.21951219512195122,False,True,False,0,0,0,False,False
horseshoe,1005,172,6,22,-13.236428947448731,18.27036701202393,0.0,True,True,True,0,0,0,False,False
horseshoe,1005,173,6,23,-13.236428947448731,20.651388641357425,0.0,True,True,True,0,0,0,False,False
horseshoe,1005,174,6,24,-13.236428947448731,23.032410270690928,0.0,True,True,True,0,0,0,False,False
horseshoe,1005,175,7,0,-9.595611190795898,-34.11210883331299,0.6341463414634146,False,False,False,0,0,0,False,False
horseshoe,1005,176,7,1,-9.595611190795898,-31.731087203979495,0.6341463414634146,False,False,False,0,0,0,False,False
horseshoe,1005,177,7,2,-9.595611190795898,-29.350065574646,0.6341463414634146,False,False,False,0,0,0,False,False
horseshoe,1005,178,7,3,-9.595611190795898,-26.969043945312503,0.7560975609756098,False,False,False,0,0,0,False,False
horseshoe,1005,179,7,4,-9.595611190795898,-24.588022315979007,0.926829268292683,False,False,False,0,0,0,False,False
horseshoe,1005,180,7,5,-9.595611190795898,-22.20700068664551,1.0,False,False,False,0,0,0,False,False
horseshoe,1005,181,7,6,-9.595611190795898,-19.82597905731201,1.0,False,False,False,1,1,0,False,True
horseshoe,1005,182,7,7,-9.595611190795898,-17.444957427978515,1.0,False,False,False,8,8,0,False,True
horseshoe,1005,183,7,8,-9.595611190795898,-15.06393579864502,1.0,False,False,False,12,12,0,False,True
horseshoe,1005,184,7,9,-9.595611190795898,-12.682914169311523,1.0,False,False,False,70,70,0,False,True
horseshoe,1005,185,7,10,-9.595611190795898,-10.301892539978027,1.0,False,False,False,52,52,0,False,True
horseshoe,1005,186,7,11,-9.595611190795898,-7.920870910644531,1.0,False,False,False,92,92,0,False,True
horseshoe,1005,187,7,12,-9.595611190795898,-5.539849281311032,1.0,False,False,False,99,99,0,False,True
horseshoe,1005,188,7,13,-9.595611190795898,-3.1588276519775356,1.0,False,False,False,127,127,0,False,True
horseshoe,1005,189,7,14,-9.595611190795898,-0.7778060226440393,1.0,False,False,False,198,198,0,False,True
horseshoe,1005,190,7,15,-9.595611190795898,1.6032156066894567,1.0,False,False,False,172,172,0,False,True
horseshoe,1005,191,7,16,-9.595611190795898,3.9842372360229525,1.0,False,False,False,137,137,0,False,True
horseshoe,1005,192,7,17,-9.595611190795898,6.365258865356449,1.0,False,False,False,170,170,0,False,True
horseshoe,1005,193,7,18,-9.595611190795898,8.746280494689945,1.0,False,False,False,0,0,0,False,False
horseshoe,1005,194,7,19,-9.595611190795898,11.12730212402344,1.0,False,False,False,0,0,0,False,False
horseshoe,1005,195,7,20,-9.595611190795898,13.508323753356937,1.0,False,False,False,0,0,0,False,False
horseshoe,1005,196,7,21,-9.595611190795898,15.889345382690433,0.926829268292683,False,False,False,0,0,0,False,False
horseshoe,1005,197,7,22,-9.595611190795898,18.27036701202393,0.5121951219512195,False,False,False,0,0,0,False,False
horseshoe,1005,198,7,23,-9.595611190795898,20.651388641357425,0.3170731707317073,False,True,False,0,0,0,False,False
horseshoe,1005,199,7,24,-9.595611190795898,23.032410270690928,0.3170731707317073,False,True,False,0,0,0,False,False
horseshoe,1005,200,8,0,-5.954793434143065,-34.11210883331299,0.6341463414634146,False,False,False,0,0,0,False,False
horseshoe,1005,201,8,1,-5.954793434143065,-31.731087203979495,0.6341463414634146,False,False,False,0,0,0,False,False
horseshoe,1005,202,8,2,-5.954793434143065,-29.350065574646,0.8536585365853658,False,False,False,1,1,0,False,True
horseshoe,1005,203,8,3,-5.954793434143065,-26.969043945312503,0.8780487804878049,False,False,False,2,2,0,False,True
horseshoe,1005,204,8,4,-5.954793434143065,-24.588022315979007,0.926829268292683,False,False,False,6,6,0,False,True
horseshoe,1005,205,8,5,-5.954793434143065,-22.20700068664551,1.0,False,False,False,9,9,0,False,True
horseshoe,1005,206,8,6,-5.954793434143065,-19.82597905731201,1.0,False,False,False,0,0,0,False,False
horseshoe,1005,207,8,7,-5.954793434143065,-17.444957427978515,1.0,False,False,False,9,9,0,False,True
horseshoe,1005,208,8,8,-5.954793434143065,-15.06393579864502,1.0,False,False,False,15,15,0,False,True
horseshoe,1005,209,8,9,-5.954793434143065,-12.682914169311523,1.0,False,False,False,49,49,0,False,True
horseshoe,1005,210,8,10,-5.954793434143065,-10.301892539978027,1.0,False,False,False,103,103,0,False,True
horseshoe,1005,211,8,11,-5.954793434143065,-7.920870910644531,1.0,False,False,False,85,85,0,False,True
horseshoe,1005,212,8,12,-5.954793434143065,-5.539849281311032,1.0,False,False,False,152,152,0,False,True
horseshoe,1005,213,8,13,-5.954793434143065,-3.1588276519775356,1.0,False,False,False,174,174,0,False,True
horseshoe,1005,214,8,14,-5.954793434143065,-0.7778060226440393,1.0,False,False,False,265,265,0,False,True
horseshoe,1005,215,8,15,-5.954793434143065,1.6032156066894567,1.0,False,False,False,280,280,0,False,True
horseshoe,1005,216,8,16,-5.954793434143065,3.9842372360229525,1.0,False,False,False,125,125,0,False,True
horseshoe,1005,217,8,17,-5.954793434143065,6.365258865356449,1.0,False,False,False,13,13,0,False,True
horseshoe,1005,218,8,18,-5.954793434143065,8.746280494689945,1.0,False,False,False,2,2,0,False,True
horseshoe,1005,219,8,19,-5.954793434143065,11.12730212402344,1.0,False,False,False,17,17,0,False,True
horseshoe,1005,220,8,20,-5.954793434143065,13.508323753356937,1.0,False,False,False,11,11,0,False,True
horseshoe,1005,221,8,21,-5.954793434143065,15.889345382690433,1.0,False,False,False,0,0,0,False,False
horseshoe,1005,222,8,22,-5.954793434143065,18.27036701202393,1.0,False,False,False,0,0,0,False,False
horseshoe,1005,223,8,23,-5.954793434143065,20.651388641357425,0.5853658536585366,False,False,False,0,0,0,False,False
horseshoe,1005,224,8,24,-5.954793434143065,23.032410270690928,0.5853658536585366,False,False,False,0,0,0,False,False
horseshoe,1005,225,9,0,-2.313975677490236,-34.11210883331299,0.6341463414634146,False,False,False,0,0,0,False,False
horseshoe,1005,226,9,1,-2.313975677490236,-31.731087203979495,0.6341463414634146,False,False,False,0,0,0,False,False
horseshoe,1005,227,9,2,-2.313975677490236,-29.350065574646,0.8780487804878049,False,False,False,0,0,0,False,False
horseshoe,1005,228,9,3,-2.313975677490236,-26.969043945312503,0.926829268292683,False,False,False,1,1,0,False,True
horseshoe,1005,229,9,4,-2.313975677490236,-24.588022315979007,1.0,False,False,False,1,1,0,False,True
horseshoe,1005,230,9,5,-2.313975677490236,-22.20700068664551,1.0,False,False,False,10,10,0,False,True
horseshoe,1005,231,9,6,-2.313975677490236,-19.82597905731201,1.0,False,False,False,22,22,0,False,True
horseshoe,1005,232,9,7,-2.313975677490236,-17.444957427978515,1.0,False,False,False,49,49,0,False,True
horseshoe,1005,233,9,8,-2.313975677490236,-15.06393579864502,1.0,False,False,False,33,33,0,False,True
horseshoe,1005,234,9,9,-2.313975677490236,-12.682914169311523,1.0,False,False,False,46,46,0,False,True
horseshoe,1005,235,9,10,-2.313975677490236,-10.301892539978027,1.0,False,False,False,33,33,0,False,True
horseshoe,1005,236,9,11,-2.313975677490236,-7.920870910644531,1.0,False,False,False,74,74,0,False,True
horseshoe,1005,237,9,12,-2.313975677490236,-5.539849281311032,1.0,False,False,False,187,187,0,False,True
horseshoe,1005,238,9,13,-2.313975677490236,-3.1588276519775356,1.0,False,False,False,233,233,0,False,True
horseshoe,1005,239,9,14,-2.313975677490236,-0.7778060226440393,1.0,False,False,False,786,786,0,False,True
horseshoe,1005,240,9,15,-2.313975677490236,1.6032156066894567,1.0,False,False,False,1604,1604,0,False,True
horseshoe,1005,241,9,16,-2.313975677490236,3.9842372360229525,1.0,False,False,False,2061,2061,0,False,True
horseshoe,1005,242,9,17,-2.313975677490236,6.365258865356449,1.0,False,False,False,487,487,0,False,True
horseshoe,1005,243,9,18,-2.313975677490236,8.746280494689945,1.0,False,False,False,316,316,0,False,True
horseshoe,1005,244,9,19,-2.313975677490236,11.12730212402344,1.0,False,False,False,250,250,0,False,True
horseshoe,1005,245,9,20,-2.313975677490236,13.508323753356937,1.0,False,False,False,25,25,0,False,True
horseshoe,1005,246,9,21,-2.313975677490236,15.889345382690433,1.0,False,False,False,0,0,0,False,False
horseshoe,1005,247,9,22,-2.313975677490236,18.27036701202393,1.0,False,False,False,0,0,0,False,False
horseshoe,1005,248,9,23,-2.313975677490236,20.651388641357425,0.975609756097561,False,False,False,0,0,0,False,False
horseshoe,1005,249,9,24,-2.313975677490236,23.032410270690928,0.975609756097561,False,False,False,0,0,0,False,False
horseshoe,1005,250,10,0,1.3268420791626006,-34.11210883331299,0.2682926829268293,False,True,False,0,0,0,False,False
horseshoe,1005,251,10,1,1.3268420791626006,-31.731087203979495,0.0975609756097561,False,True,True,0,0,0,False,False
horseshoe,1005,252,10,2,1.3268420791626006,-29.350065574646,0.5609756097560976,False,False,False,0,0,0,False,False
horseshoe,1005,253,10,3,1.3268420791626006,-26.969043945312503,0.926829268292683,False,False,False,0,0,0,False,False
horseshoe,1005,254,10,4,1.3268420791626006,-24.588022315979007,1.0,False,False,False,0,0,0,False,False
horseshoe,1005,255,10,5,1.3268420791626006,-22.20700068664551,1.0,False,False,False,0,0,0,False,False
horseshoe,1005,256,10,6,1.3268420791626006,-19.82597905731201,1.0,False,False,False,26,26,0,False,True
horseshoe,1005,257,10,7,1.3268420791626006,-17.444957427978515,1.0,False,False,False,100,100,0,False,True
horseshoe,1005,258,10,8,1.3268420791626006,-15.06393579864502,1.0,False,False,False,185,185,0,False,True
horseshoe,1005,259,10,9,1.3268420791626006,-12.682914169311523,1.0,False,False,False,138,138,0,False,True
horseshoe,1005,260,10,10,1.3268420791626006,-10.301892539978027,1.0,False,False,False,131,131,0,False,True
horseshoe,1005,261,10,11,1.3268420791626006,-7.920870910644531,1.0,False,False,False,250,250,0,False,True
horseshoe,1005,262,10,12,1.3268420791626006,-5.539849281311032,1.0,False,False,False,327,327,0,False,True
horseshoe,1005,263,10,13,1.3268420791626006,-3.1588276519775356,1.0,False,False,False,670,670,0,False,True
horseshoe,1005,264,10,14,1.3268420791626006,-0.7778060226440393,1.0,False,False,False,1243,1243,0,False,True
horseshoe,1005,265,10,15,1.3268420791626006,1.6032156066894567,1.0,False,False,False,452,452,0,False,True
horseshoe,1005,266,10,16,1.3268420791626006,3.9842372360229525,1.0,False,False,False,307,307,0,False,True
horseshoe,1005,267,10,17,1.3268420791626006,6.365258865356449,1.0,False,False,False,204,204,0,False,True
horseshoe,1005,268,10,18,1.3268420791626006,8.746280494689945,1.0,False,False,False,146,146,0,False,True
horseshoe,1005,269,10,19,1.3268420791626006,11.12730212402344,1.0,False,False,False,121,121,0,False,True
horseshoe,1005,270,10,20,1.3268420791626006,13.508323753356937,1.0,False,False,False,69,69,0,False,True
horseshoe,1005,271,10,21,1.3268420791626006,15.889345382690433,1.0,False,False,False,14,14,0,False,True
horseshoe,1005,272,10,22,1.3268420791626006,18.27036701202393,1.0,False,False,False,0,0,0,False,False
horseshoe,1005,273,10,23,1.3268420791626006,20.651388641357425,1.0,False,False,False,0,0,0,False,False
horseshoe,1005,274,10,24,1.3268420791626006,23.032410270690928,1.0,False,False,False,0,0,0,False,False
horseshoe,1005,275,11,0,4.9676598358154305,-34.11210883331299,0.0,True,True,True,0,0,0,False,False
horseshoe,1005,276,11,1,4.9676598358154305,-31.731087203979495,0.0,True,True,True,0,0,0,False,False
horseshoe,1005,277,11,2,4.9676598358154305,-29.350065574646,0.0,True,True,True,0,0,0,False,False
horseshoe,1005,278,11,3,4.9676598358154305,-26.969043945312503,0.0975609756097561,False,True,True,0,0,0,False,False
horseshoe,1005,279,11,4,4.9676598358154305,-24.588022315979007,1.0,False,False,False,0,0,0,False,False
horseshoe,1005,280,11,5,4.9676598358154305,-22.20700068664551,1.0,False,False,False,0,0,0,False,False
horseshoe,1005,281,11,6,4.9676598358154305,-19.82597905731201,1.0,False,False,False,2,2,0,False,True
horseshoe,1005,282,11,7,4.9676598358154305,-17.444957427978515,1.0,False,False,False,49,49,0,False,True
horseshoe,1005,283,11,8,4.9676598358154305,-15.06393579864502,1.0,False,False,False,64,64,0,False,True
horseshoe,1005,284,11,9,4.9676598358154305,-12.682914169311523,1.0,False,False,False,60,60,0,False,True
horseshoe,1005,285,11,10,4.9676598358154305,-10.301892539978027,1.0,False,False,False,146,146,0,False,True
horseshoe,1005,286,11,11,4.9676598358154305,-7.920870910644531,1.0,False,False,False,420,420,0,False,True
horseshoe,1005,287,11,12,4.9676598358154305,-5.539849281311032,1.0,False,False,False,249,249,0,False,True
horseshoe,1005,288,11,13,4.9676598358154305,-3.1588276519775356,1.0,False,False,False,535,535,0,False,True
horseshoe,1005,289,11,14,4.9676598358154305,-0.7778060226440393,1.0,False,False,False,171,171,0,False,True
horseshoe,1005,290,11,15,4.9676598358154305,1.6032156066894567,1.0,False,False,False,117,117,0,False,True
horseshoe,1005,291,11,16,4.9676598358154305,3.9842372360229525,1.0,False,False,False,120,120,0,False,True
horseshoe,1005,292,11,17,4.9676598358154305,6.365258865356449,1.0,False,False,False,18,18,0,False,True
horseshoe,1005,293,11,18,4.9676598358154305,8.746280494689945,1.0,False,False,False,3,3,0,False,True
horseshoe,1005,294,11,19,4.9676598358154305,11.12730212402344,1.0,False,False,False,65,65,0,False,True
horseshoe,1005,295,11,20,4.9676598358154305,13.508323753356937,1.0,False,False,False,147,147,0,False,True
horseshoe,1005,296,11,21,4.9676598358154305,15.889345382690433,1.0,False,False,False,35,35,0,False,True
horseshoe,1005,297,11,22,4.9676598358154305,18.27036701202393,1.0,False,False,False,0,0,0,False,False
horseshoe,1005,298,11,23,4.9676598358154305,20.651388641357425,1.0,False,False,False,0,0,0,False,False
horseshoe,1005,299,11,24,4.9676598358154305,23.032410270690928,1.0,False,False,False,0,0,0,False,False
horseshoe,1005,300,12,0,8.60847759246826,-34.11210883331299,0.0,True,True,True,0,0,0,False,False
horseshoe,1005,301,12,1,8.60847759246826,-31.731087203979495,0.0,True,True,True,0,0,0,False,False
horseshoe,1005,302,12,2,8.60847759246826,-29.350065574646,0.0,True,True,True,0,0,0,False,False
horseshoe,1005,303,12,3,8.60847759246826,-26.969043945312503,0.0,True,True,True,0,0,0,False,False
horseshoe,1005,304,12,4,8.60847759246826,-24.588022315979007,0.5853658536585366,False,False,False,0,0,0,False,False
horseshoe,1005,305,12,5,8.60847759246826,-22.20700068664551,1.0,False,False,False,0,0,0,False,False
horseshoe,1005,306,12,6,8.60847759246826,-19.82597905731201,1.0,False,False,False,0,0,0,False,False
horseshoe,1005,307,12,7,8.60847759246826,-17.444957427978515,1.0,False,False,False,3,3,0,False,True
horseshoe,1005,308,12,8,8.60847759246826,-15.06393579864502,1.0,False,False,False,7,7,0,False,True
horseshoe,1005,309,12,9,8.60847759246826,-12.682914169311523,1.0,False,False,False,52,52,0,False,True
horseshoe,1005,310,12,10,8.60847759246826,-10.301892539978027,1.0,False,False,False,130,130,0,False,True
horseshoe,1005,311,12,11,8.60847759246826,-7.920870910644531,1.0,False,False,False,368,368,0,False,True
horseshoe,1005,312,12,12,8.60847759246826,-5.539849281311032,1.0,False,False,False,80,80,0,False,True
horseshoe,1005,313,12,13,8.60847759246826,-3.1588276519775356,1.0,False,False,False,49,49,0,False,True
horseshoe,1005,314,12,14,8.60847759246826,-0.7778060226440393,1.0,False,False,False,77,77,0,False,True
horseshoe,1005,315,12,15,8.60847759246826,1.6032156066894567,1.0,False,False,False,95,95,0,False,True
horseshoe,1005,316,12,16,8.60847759246826,3.9842372360229525,1.0,False,False,False,76,76,0,False,True
horseshoe,1005,317,12,17,8.60847759246826,6.365258865356449,1.0,False,False,False,74,74,0,False,True
horseshoe,1005,318,12,18,8.60847759246826,8.746280494689945,1.0,False,False,False,26,26,0,False,True
horseshoe,1005,319,12,19,8.60847759246826,11.12730212402344,1.0,False,False,False,16,16,0,False,True
horseshoe,1005,320,12,20,8.60847759246826,13.508323753356937,1.0,False,False,False,25,25,0,False,True
horseshoe,1005,321,12,21,8.60847759246826,15.889345382690433,1.0,False,False,False,17,17,0,False,True
horseshoe,1005,322,12,22,8.60847759246826,18.27036701202393,1.0,False,False,False,0,0,0,False,False
horseshoe,1005,323,12,23,8.60847759246826,20.651388641357425,1.0,False,False,False,0,0,0,False,False
horseshoe,1005,324,12,24,8.60847759246826,23.032410270690928,1.0,False,False,False,0,0,0,False,False
horseshoe,1005,325,13,0,12.249295349121097,-34.11210883331299,0.0,True,True,True,0,0,0,False,False
horseshoe,1005,326,13,1,12.249295349121097,-31.731087203979495,0.0,True,True,True,0,0,0,False,False
horseshoe,1005,327,13,2,12.249295349121097,-29.350065574646,0.0,True,True,True,0,0,0,False,False
horseshoe,1005,328,13,3,12.249295349121097,-26.969043945312503,0.0,True,True,True,0,0,0,False,False
horseshoe,1005,329,13,4,12.249295349121097,-24.588022315979007,0.7560975609756098,False,False,False,0,0,0,False,False
horseshoe,1005,330,13,5,12.249295349121097,-22.20700068664551,1.0,False,False,False,0,0,0,False,False
horseshoe,1005,331,13,6,12.249295349121097,-19.82597905731201,1.0,False,False,False,2,2,0,False,True
horseshoe,1005,332,13,7,12.249295349121097,-17.444957427978515,1.0,False,False,False,18,18,0,False,True
horseshoe,1005,333,13,8,12.249295349121097,-15.06393579864502,1.0,False,False,False,22,22,0,False,True
horseshoe,1005,334,13,9,12.249295349121097,-12.682914169311523,1.0,False,False,False,23,23,0,False,True
horseshoe,1005,335,13,10,12.249295349121097,-10.301892539978027,1.0,False,False,False,96,96,0,False,True
horseshoe,1005,336,13,11,12.249295349121097,-7.920870910644531,1.0,False,False,False,41,41,0,False,True
horseshoe,1005,337,13,12,12.249295349121097,-5.539849281311032,1.0,False,False,False,5,5,0,False,True
horseshoe,1005,338,13,13,12.249295349121097,-3.1588276519775356,1.0,False,False,False,23,23,0,False,True
horseshoe,1005,339,13,14,12.249295349121097,-0.7778060226440393,1.0,False,False,False,23,23,0,False,True
horseshoe,1005,340,13,15,12.249295349121097,1.6032156066894567,1.0,False,False,False,9,9,0,False,True
horseshoe,1005,341,13,16,12.249295349121097,3.9842372360229525,1.0,False,False,False,18,18,0,False,True
horseshoe,1005,342,13,17,12.249295349121097,6.365258865356449,1.0,False,False,False,44,44,0,False,True
horseshoe,1005,343,13,18,12.249295349121097,8.746280494689945,1.0,False,False,False,92,92,0,False,True
horseshoe,1005,344,13,19,12.249295349121097,11.12730212402344,1.0,False,False,False,12,12,0,False,True
horseshoe,1005,345,13,20,12.249295349121097,13.508323753356937,1.0,False,False,False,0,0,0,False,False
horseshoe,1005,346,13,21,12.249295349121097,15.889345382690433,1.0,False,False,False,0,0,0,False,False
horseshoe,1005,347,13,22,12.249295349121097,18.27036701202393,1.0,False,False,False,0,0,0,False,False
horseshoe,1005,348,13,23,12.249295349121097,20.651388641357425,0.8048780487804879,False,False,False,0,0,0,False,False
horseshoe,1005,349,13,24,12.249295349121097,23.032410270690928,0.8780487804878049,False,False,False,0,0,0,False,False
horseshoe,1005,350,14,0,15.890113105773926,-34.11210883331299,0.0,True,True,True,0,0,0,False,False
horseshoe,1005,351,14,1,15.890113105773926,-31.731087203979495,0.0,True,True,True,0,0,0,False,False
horseshoe,1005,352,14,2,15.890113105773926,-29.350065574646,0.0,True,True,True,0,0,0,False,False
horseshoe,1005,353,14,3,15.890113105773926,-26.969043945312503,0.0,True,True,True,0,0,0,False,False
horseshoe,1005,354,14,4,15.890113105773926,-24.588022315979007,0.6341463414634146,False,False,False,0,0,0,False,False
horseshoe,1005,355,14,5,15.890113105773926,-22.20700068664551,1.0,False,False,False,0,0,0,False,False
horseshoe,1005,356,14,6,15.890113105773926,-19.82597905731201,1.0,False,False,False,0,0,0,False,False
horseshoe,1005,357,14,7,15.890113105773926,-17.444957427978515,1.0,False,False,False,4,4,0,False,True
horseshoe,1005,358,14,8,15.890113105773926,-15.06393579864502,1.0,False,False,False,19,19,0,False,True
horseshoe,1005,359,14,9,15.890113105773926,-12.682914169311523,1.0,False,False,False,68,68,0,False,True
horseshoe,1005,360,14,10,15.890113105773926,-10.301892539978027,1.0,False,False,False,11,11,0,False,True
horseshoe,1005,361,14,11,15.890113105773926,-7.920870910644531,1.0,False,False,False,4,4,0,False,True
horseshoe,1005,362,14,12,15.890113105773926,-5.539849281311032,1.0,False,False,False,15,15,0,False,True
horseshoe,1005,363,14,13,15.890113105773926,-3.1588276519775356,1.0,False,False,False,17,17,0,False,True
horseshoe,1005,364,14,14,15.890113105773926,-0.7778060226440393,1.0,False,False,False,19,19,0,False,True
horseshoe,1005,365,14,15,15.890113105773926,1.6032156066894567,1.0,False,False,False,3,3,0,False,True
horseshoe,1005,366,14,16,15.890113105773926,3.9842372360229525,1.0,False,False,False,45,45,0,False,True
horseshoe,1005,367,14,17,15.890113105773926,6.365258865356449,1.0,False,False,False,6,6,0,False,True
horseshoe,1005,368,14,18,15.890113105773926,8.746280494689945,1.0,False,False,False,55,55,0,False,True
horseshoe,1005,369,14,19,15.890113105773926,11.12730212402344,1.0,False,False,False,9,9,0,False,True
horseshoe,1005,370,14,20,15.890113105773926,13.508323753356937,1.0,False,False,False,0,0,0,False,False
horseshoe,1005,371,14,21,15.890113105773926,15.889345382690433,1.0,False,False,False,0,0,0,False,False
horseshoe,1005,372,14,22,15.890113105773926,18.27036701202393,0.4146341463414634,False,True,False,0,0,0,False,False
horseshoe,1005,373,14,23,15.890113105773926,20.651388641357425,0.0,True,True,True,0,0,0,False,False
horseshoe,1005,374,14,24,15.890113105773926,23.032410270690928,0.07317073170731707,False,True,True,0,0,0,False,False
horseshoe,1005,375,15,0,19.53093086242676,-34.11210883331299,0.0,True,True,True,0,0,0,False,False
horseshoe,1005,376,15,1,19.53093086242676,-31.731087203979495,0.0,True,True,True,0,0,0,False,False
horseshoe,1005,377,15,2,19.53093086242676,-29.350065574646,0.0,True,True,True,0,0,0,False,False
horseshoe,1005,378,15,3,19.53093086242676,-26.969043945312503,0.0,True,True,True,0,0,0,False,False
horseshoe,1005,379,15,4,19.53093086242676,-24.588022315979007,0.0975609756097561,False,True,True,0,0,0,False,False
horseshoe,1005,380,15,5,19.53093086242676,-22.20700068664551,0.8292682926829268,False,False,False,0,0,0,False,False
horseshoe,1005,381,15,6,19.53093086242676,-19.82597905731201,1.0,False,False,False,0,0,0,False,False
horseshoe,1005,382,15,7,19.53093086242676,-17.444957427978515,1.0,False,False,False,0,0,0,False,False
horseshoe,1005,383,15,8,19.53093086242676,-15.06393579864502,1.0,False,False,False,12,12,0,False,True
horseshoe,1005,384,15,9,19.53093086242676,-12.682914169311523,1.0,False,False,False,29,29,0,False,True
horseshoe,1005,385,15,10,19.53093086242676,-10.301892539978027,1.0,False,False,False,8,8,0,False,True
horseshoe,1005,386,15,11,19.53093086242676,-7.920870910644531,1.0,False,False,False,11,11,0,False,True
horseshoe,1005,387,15,12,19.53093086242676,-5.539849281311032,1.0,False,False,False,17,17,0,False,True
horseshoe,1005,388,15,13,19.53093086242676,-3.1588276519775356,1.0,False,False,False,9,9,0,False,True
horseshoe,1005,389,15,14,19.53093086242676,-0.7778060226440393,1.0,False,False,False,4,4,0,False,True
horseshoe,1005,390,15,15,19.53093086242676,1.6032156066894567,1.0,False,False,False,1,1,0,False,True
horseshoe,1005,391,15,16,19.53093086242676,3.9842372360229525,1.0,False,False,False,7,7,0,False,True
horseshoe,1005,392,15,17,19.53093086242676,6.365258865356449,1.0,False,False,False,19,19,0,False,True
horseshoe,1005,393,15,18,19.53093086242676,8.746280494689945,1.0,False,False,False,17,17,0,False,True
horseshoe,1005,394,15,19,19.53093086242676,11.12730212402344,1.0,False,False,False,0,0,0,False,False
horseshoe,1005,395,15,20,19.53093086242676,13.508323753356937,1.0,False,False,False,0,0,0,False,False
horseshoe,1005,396,15,21,19.53093086242676,15.889345382690433,0.9024390243902439,False,False,False,0,0,0,False,False
horseshoe,1005,397,15,22,19.53093086242676,18.27036701202393,0.3170731707317073,False,True,False,0,0,0,False,False
horseshoe,1005,398,15,23,19.53093086242676,20.651388641357425,0.0,True,True,True,0,0,0,False,False
horseshoe,1005,399,15,24,19.53093086242676,23.032410270690928,0.0,True,True,True,0,0,0,False,False
horseshoe,1005,400,16,0,23.17174861907959,-34.11210883331299,0.0,True,True,True,0,0,0,False,False
horseshoe,1005,401,16,1,23.17174861907959,-31.731087203979495,0.0,True,True,True,0,0,0,False,False
horseshoe,1005,402,16,2,23.17174861907959,-29.350065574646,0.0,True,True,True,0,0,0,False,False
horseshoe,1005,403,16,3,23.17174861907959,-26.969043945312503,0.0,True,True,True,0,0,0,False,False
horseshoe,1005,404,16,4,23.17174861907959,-24.588022315979007,0.0,True,True,True,0,0,0,False,False
horseshoe,1005,405,16,5,23.17174861907959,-22.20700068664551,0.7560975609756098,False,False,False,0,0,0,False,False
horseshoe,1005,406,16,6,23.17174861907959,-19.82597905731201,1.0,False,False,False,0,0,0,False,False
horseshoe,1005,407,16,7,23.17174861907959,-17.444957427978515,1.0,False,False,False,0,0,0,False,False
horseshoe,1005,408,16,8,23.17174861907959,-15.06393579864502,1.0,False,False,False,19,19,0,False,True
horseshoe,1005,409,16,9,23.17174861907959,-12.682914169311523,1.0,False,False,False,19,19,0,False,True
horseshoe,1005,410,16,10,23.17174861907959,-10.301892539978027,1.0,False,False,False,2,2,0,False,True
horseshoe,1005,411,16,11,23.17174861907959,-7.920870910644531,1.0,False,False,False,0,0,0,False,False
horseshoe,1005,412,16,12,23.17174861907959,-5.539849281311032,1.0,False,False,False,1,1,0,False,True
horseshoe,1005,413,16,13,23.17174861907959,-3.1588276519775356,1.0,False,False,False,3,3,0,False,True
horseshoe,1005,414,16,14,23.17174861907959,-0.7778060226440393,1.0,False,False,False,15,15,0,False,True
horseshoe,1005,415,16,15,23.17174861907959,1.6032156066894567,1.0,False,False,False,1,1,0,False,True
horseshoe,1005,416,16,16,23.17174861907959,3.9842372360229525,1.0,False,False,False,6,6,0,False,True
horseshoe,1005,417,16,17,23.17174861907959,6.365258865356449,1.0,False,False,False,7,7,0,False,True
horseshoe,1005,418,16,18,23.17174861907959,8.746280494689945,1.0,False,False,False,3,3,0,False,True
horseshoe,1005,419,16,19,23.17174861907959,11.12730212402344,1.0,False,False,False,0,0,0,False,False
horseshoe,1005,420,16,20,23.17174861907959,13.508323753356937,0.8780487804878049,False,False,False,0,0,0,False,False
horseshoe,1005,421,16,21,23.17174861907959,15.889345382690433,0.4878048780487805,False,True,False,0,0,0,False,False
horseshoe,1005,422,16,22,23.17174861907959,18.27036701202393,0.4146341463414634,False,True,False,0,0,0,False,False
horseshoe,1005,423,16,23,23.17174861907959,20.651388641357425,0.0,True,True,True,0,0,0,False,False
horseshoe,1005,424,16,24,23.17174861907959,23.032410270690928,0.0,True,True,True,0,0,0,False,False
horseshoe,1005,425,17,0,26.81256637573242,-34.11210883331299,0.0,True,True,True,0,0,0,False,False
horseshoe,1005,426,17,1,26.81256637573242,-31.731087203979495,0.0,True,True,True,0,0,0,False,False
horseshoe,1005,427,17,2,26.81256637573242,-29.350065574646,0.0,True,True,True,0,0,0,False,False
horseshoe,1005,428,17,3,26.81256637573242,-26.969043945312503,0.0,True,True,True,0,0,0,False,False
horseshoe,1005,429,17,4,26.81256637573242,-24.588022315979007,0.0,True,True,True,0,0,0,False,False
horseshoe,1005,430,17,5,26.81256637573242,-22.20700068664551,0.6097560975609756,False,False,False,0,0,0,False,False
horseshoe,1005,431,17,6,26.81256637573242,-19.82597905731201,0.9512195121951219,False,False,False,0,0,0,False,False
horseshoe,1005,432,17,7,26.81256637573242,-17.444957427978515,1.0,False,False,False,0,0,0,False,False
horseshoe,1005,433,17,8,26.81256637573242,-15.06393579864502,1.0,False,False,False,26,26,0,False,True
horseshoe,1005,434,17,9,26.81256637573242,-12.682914169311523,1.0,False,False,False,4,4,0,False,True
horseshoe,1005,435,17,10,26.81256637573242,-10.301892539978027,1.0,False,False,False,0,0,0,False,False
horseshoe,1005,436,17,11,26.81256637573242,-7.920870910644531,1.0,False,False,False,0,0,0,False,False
horseshoe,1005,437,17,12,26.81256637573242,-5.539849281311032,1.0,False,False,False,0,0,0,False,False
horseshoe,1005,438,17,13,26.81256637573242,-3.1588276519775356,1.0,False,False,False,3,3,0,False,True
horseshoe,1005,439,17,14,26.81256637573242,-0.7778060226440393,1.0,False,False,False,9,9,0,False,True
horseshoe,1005,440,17,15,26.81256637573242,1.6032156066894567,1.0,False,False,False,1,1,0,False,True
horseshoe,1005,441,17,16,26.81256637573242,3.9842372360229525,1.0,False,False,False,7,7,0,False,True
horseshoe,1005,442,17,17,26.81256637573242,6.365258865356449,1.0,False,False,False,0,0,0,False,False
horseshoe,1005,443,17,18,26.81256637573242,8.746280494689945,1.0,False,False,False,18,18,0,False,True
horseshoe,1005,444,17,19,26.81256637573242,11.12730212402344,0.926829268292683,False,False,False,0,0,0,False,False
horseshoe,1005,445,17,20,26.81256637573242,13.508323753356937,0.7560975609756098,False,False,False,0,0,0,False,False
horseshoe,1005,446,17,21,26.81256637573242,15.889345382690433,0.5609756097560976,False,False,False,0,0,0,False,False
horseshoe,1005,447,17,22,26.81256637573242,18.27036701202393,0.0975609756097561,False,True,True,0,0,0,False,False
horseshoe,1005,448,17,23,26.81256637573242,20.651388641357425,0.0,True,True,True,0,0,0,False,False
horseshoe,1005,449,17,24,26.81256637573242,23.032410270690928,0.0,True,True,True,0,0,0,False,False
horseshoe,1005,450,18,0,30.45338413238525,-34.11210883331299,0.0,True,True,True,0,0,0,False,False
horseshoe,1005,451,18,1,30.45338413238525,-31.731087203979495,0.0,True,True,True,0,0,0,False,False
horseshoe,1005,452,18,2,30.45338413238525,-29.350065574646,0.0,True,True,True,0,0,0,False,False
horseshoe,1005,453,18,3,30.45338413238525,-26.969043945312503,0.0,True,True,True,0,0,0,False,False
horseshoe,1005,454,18,4,30.45338413238525,-24.588022315979007,0.0,True,True,True,0,0,0,False,False
horseshoe,1005,455,18,5,30.45338413238525,-22.20700068664551,0.2682926829268293,False,True,False,0,0,0,False,False
horseshoe,1005,456,18,6,30.45338413238525,-19.82597905731201,0.7073170731707317,False,False,False,0,0,0,False,False
horseshoe,1005,457,18,7,30.45338413238525,-17.444957427978515,0.8780487804878049,False,False,False,0,0,0,False,False
horseshoe,1005,458,18,8,30.45338413238525,-15.06393579864502,0.8780487804878049,False,False,False,2,2,0,False,True
horseshoe,1005,459,18,9,30.45338413238525,-12.682914169311523,0.926829268292683,False,False,False,0,0,0,False,False
horseshoe,1005,460,18,10,30.45338413238525,-10.301892539978027,0.8292682926829268,False,False,False,0,0,0,False,False
horseshoe,1005,461,18,11,30.45338413238525,-7.920870910644531,0.8780487804878049,False,False,False,0,0,0,False,False
horseshoe,1005,462,18,12,30.45338413238525,-5.539849281311032,0.9512195121951219,False,False,False,1,1,0,False,True
horseshoe,1005,463,18,13,30.45338413238525,-3.1588276519775356,0.9024390243902439,False,False,False,2,2,0,False,True
horseshoe,1005,464,18,14,30.45338413238525,-0.7778060226440393,1.0,False,False,False,0,0,0,False,False
horseshoe,1005,465,18,15,30.45338413238525,1.6032156066894567,1.0,False,False,False,2,2,0,False,True
horseshoe,1005,466,18,16,30.45338413238525,3.9842372360229525,1.0,False,False,False,2,2,0,False,True
horseshoe,1005,467,18,17,30.45338413238525,6.365258865356449,0.975609756097561,False,False,False,7,7,0,False,True
horseshoe,1005,468,18,18,30.45338413238525,8.746280494689945,1.0,False,False,False,3,3,0,False,True
horseshoe,1005,469,18,19,30.45338413238525,11.12730212402344,0.926829268292683,False,False,False,0,0,0,False,False
horseshoe,1005,470,18,20,30.45338413238525,13.508323753356937,0.6097560975609756,False,False,False,0,0,0,False,False
horseshoe,1005,471,18,21,30.45338413238525,15.889345382690433,0.2926829268292683,False,True,False,0,0,0,False,False
horseshoe,1005,472,18,22,30.45338413238525,18.27036701202393,0.0975609756097561,False,True,True,0,0,0,False,False
horseshoe,1005,473,18,23,30.45338413238525,20.651388641357425,0.0,True,True,True,0,0,0,False,False
horseshoe,1005,474,18,24,30.45338413238525,23.032410270690928,0.0,True,True,True,0,0,0,False,False
horseshoe,1005,475,19,0,34.09420188903809,-34.11210883331299,0.0,True,True,True,0,0,0,False,False
horseshoe,1005,476,19,1,34.09420188903809,-31.731087203979495,0.0,True,True,True,0,0,0,False,False
horseshoe,1005,477,19,2,34.09420188903809,-29.350065574646,0.0,True,True,True,0,0,0,False,False
horseshoe,1005,478,19,3,34.09420188903809,-26.969043945312503,0.0,True,True,True,0,0,0,False,False
horseshoe,1005,479,19,4,34.09420188903809,-24.588022315979007,0.0,True,True,True,0,0,0,False,False
horseshoe,1005,480,19,5,34.09420188903809,-22.20700068664551,0.07317073170731707,False,True,True,0,0,0,False,False
horseshoe,1005,481,19,6,34.09420188903809,-19.82597905731201,0.4634146341463415,False,True,False,0,0,0,False,False
horseshoe,1005,482,19,7,34.09420188903809,-17.444957427978515,0.6097560975609756,False,False,False,0,0,0,False,False
horseshoe,1005,483,19,8,34.09420188903809,-15.06393579864502,0.6585365853658537,False,False,False,0,0,0,False,False
horseshoe,1005,484,19,9,34.09420188903809,-12.682914169311523,0.6585365853658537,False,False,False,0,0,0,False,False
horseshoe,1005,485,19,10,34.09420188903809,-10.301892539978027,0.6585365853658537,False,False,False,0,0,0,False,False
horseshoe,1005,486,19,11,34.09420188903809,-7.920870910644531,0.5853658536585366,False,False,False,0,0,0,False,False
horseshoe,1005,487,19,12,34.09420188903809,-5.539849281311032,0.6097560975609756,False,False,False,0,0,0,False,False
horseshoe,1005,488,19,13,34.09420188903809,-3.1588276519775356,0.6341463414634146,False,False,False,0,0,0,False,False
horseshoe,1005,489,19,14,34.09420188903809,-0.7778060226440393,0.7804878048780488,False,False,False,0,0,0,False,False
horseshoe,1005,490,19,15,34.09420188903809,1.6032156066894567,0.8780487804878049,False,False,False,0,0,0,False,False
horseshoe,1005,491,19,16,34.09420188903809,3.9842372360229525,0.8292682926829268,False,False,False,0,0,0,False,False
horseshoe,1005,492,19,17,34.09420188903809,6.365258865356449,0.9024390243902439,False,False,False,0,0,0,False,False
horseshoe,1005,493,19,18,34.09420188903809,8.746280494689945,0.8536585365853658,False,False,False,0,0,0,False,False
horseshoe,1005,494,19,19,34.09420188903809,11.12730212402344,0.7317073170731707,False,False,False,0,0,0,False,False
horseshoe,1005,495,19,20,34.09420188903809,13.508323753356937,0.3902439024390244,False,True,False,0,0,0,False,False
horseshoe,1005,496,19,21,34.09420188903809,15.889345382690433,0.0,True,True,True,0,0,0,False,False
horseshoe,1005,497,19,22,34.09420188903809,18.27036701202393,0.0,True,True,True,0,0,0,False,False
horseshoe,1005,498,19,23,34.09420188903809,20.651388641357425,0.0,True,True,True,0,0,0,False,False
horseshoe,1005,499,19,24,34.09420188903809,23.032410270690928,0.0,True,True,True,0,0,0,False,False
horseshoe,1005,500,20,0,37.735019645690926,-34.11210883331299,0.0,True,True,True,0,0,0,False,False
horseshoe,1005,501,20,1,37.735019645690926,-31.731087203979495,0.0,True,True,True,0,0,0,False,False
horseshoe,1005,502,20,2,37.735019645690926,-29.350065574646,0.0,True,True,True,0,0,0,False,False
horseshoe,1005,503,20,3,37.735019645690926,-26.969043945312503,0.0,True,True,True,0,0,0,False,False
horseshoe,1005,504,20,4,37.735019645690926,-24.588022315979007,0.0,True,True,True,0,0,0,False,False
horseshoe,1005,505,20,5,37.735019645690926,-22.20700068664551,0.0,True,True,True,0,0,0,False,False
horseshoe,1005,506,20,6,37.735019645690926,-19.82597905731201,0.07317073170731707,False,True,True,0,0,0,False,False
horseshoe,1005,507,20,7,37.735019645690926,-17.444957427978515,0.2682926829268293,False,True,False,0,0,0,False,False
horseshoe,1005,508,20,8,37.735019645690926,-15.06393579864502,0.36585365853658536,False,True,False,0,0,0,False,False
horseshoe,1005,509,20,9,37.735019645690926,-12.682914169311523,0.36585365853658536,False,True,False,0,0,0,False,False
horseshoe,1005,510,20,10,37.735019645690926,-10.301892539978027,0.36585365853658536,False,True,False,0,0,0,False,False
horseshoe,1005,511,20,11,37.735019645690926,-7.920870910644531,0.0,True,True,True,0,0,0,False,False
horseshoe,1005,512,20,12,37.735019645690926,-5.539849281311032,0.0,True,True,True,0,0,0,False,False
horseshoe,1005,513,20,13,37.735019645690926,-3.1588276519775356,0.17073170731707318,False,True,False,0,0,0,False,False
horseshoe,1005,514,20,14,37.735019645690926,-0.7778060226440393,0.2926829268292683,False,True,False,0,0,0,False,False
horseshoe,1005,515,20,15,37.735019645690926,1.6032156066894567,0.4146341463414634,False,True,False,0,0,0,False,False
horseshoe,1005,516,20,16,37.735019645690926,3.9842372360229525,0.4146341463414634,False,True,False,0,0,0,False,False
horseshoe,1005,517,20,17,37.735019645690926,6.365258865356449,0.4146341463414634,False,True,False,5,5,0,False,True
horseshoe,1005,518,20,18,37.735019645690926,8.746280494689945,0.3170731707317073,False,True,False,0,0,0,False,False
horseshoe,1005,519,20,19,37.735019645690926,11.12730212402344,0.2926829268292683,False,True,False,0,0,0,False,False
horseshoe,1005,520,20,20,37.735019645690926,13.508323753356937,0.24390243902439024,False,True,False,0,0,0,False,False
horseshoe,1005,521,20,21,37.735019645690926,15.889345382690433,0.0,True,True,True,0,0,0,False,False
horseshoe,1005,522,20,22,37.735019645690926,18.27036701202393,0.0,True,True,True,0,0,0,False,False
horseshoe,1005,523,20,23,37.735019645690926,20.651388641357425,0.0,True,True,True,0,0,0,False,False
horseshoe,1005,524,20,24,37.735019645690926,23.032410270690928,0.0,True,True,True,0,0,0,False,False
horseshoe,1005,525,21,0,41.37583740234375,-34.11210883331299,0.0,True,True,True,0,0,0,False,False
horseshoe,1005,526,21,1,41.37583740234375,-31.731087203979495,0.0,True,True,True,0,0,0,False,False
horseshoe,1005,527,21,2,41.37583740234375,-29.350065574646,0.0,True,True,True,0,0,0,False,False
horseshoe,1005,528,21,3,41.37583740234375,-26.969043945312503,0.0,True,True,True,0,0,0,False,False
horseshoe,1005,529,21,4,41.37583740234375,-24.588022315979007,0.0,True,True,True,0,0,0,False,False
horseshoe,1005,530,21,5,41.37583740234375,-22.20700068664551,0.0,True,True,True,0,0,0,False,False
horseshoe,1005,531,21,6,41.37583740234375,-19.82597905731201,0.0,True,True,True,0,0,0,False,False
horseshoe,1005,532,21,7,41.37583740234375,-17.444957427978515,0.0,True,True,True,0,0,0,False,False
horseshoe,1005,533,21,8,41.37583740234375,-15.06393579864502,0.0,True,True,True,0,0,0,False,False
horseshoe,1005,534,21,9,41.37583740234375,-12.682914169311523,0.0,True,True,True,0,0,0,False,False
horseshoe,1005,535,21,10,41.37583740234375,-10.301892539978027,0.0,True,True,True,0,0,0,False,False
horseshoe,1005,536,21,11,41.37583740234375,-7.920870910644531,0.0,True,True,True,0,0,0,False,False
horseshoe,1005,537,21,12,41.37583740234375,-5.539849281311032,0.0,True,True,True,0,0,0,False,False
horseshoe,1005,538,21,13,41.37583740234375,-3.1588276519775356,0.04878048780487805,False,True,True,0,0,0,False,False
horseshoe,1005,539,21,14,41.37583740234375,-0.7778060226440393,0.14634146341463414,False,True,False,0,0,0,False,False
horseshoe,1005,540,21,15,41.37583740234375,1.6032156066894567,0.14634146341463414,False,True,False,0,0,0,False,False
horseshoe,1005,541,21,16,41.37583740234375,3.9842372360229525,0.24390243902439024,False,True,False,2,2,0,False,True
horseshoe,1005,542,21,17,41.37583740234375,6.365258865356449,0.24390243902439024,False,True,False,0,0,0,False,False
horseshoe,1005,543,21,18,41.37583740234375,8.746280494689945,0.24390243902439024,False,True,False,0,0,0,False,False
horseshoe,1005,544,21,19,41.37583740234375,11.12730212402344,0.24390243902439024,False,True,False,0,0,0,False,False
horseshoe,1005,545,21,20,41.37583740234375,13.508323753356937,0.04878048780487805,False,True,True,0,0,0,False,False
horseshoe,1005,546,21,21,41.37583740234375,15.889345382690433,0.0,True,True,True,0,0,0,False,False
horseshoe,1005,547,21,22,41.37583740234375,18.27036701202393,0.0,True,True,True,0,0,0,False,False
horseshoe,1005,548,21,23,41.37583740234375,20.651388641357425,0.0,True,True,True,0,0,0,False,False
horseshoe,1005,549,21,24,41.37583740234375,23.032410270690928,0.0,True,True,True,0,0,0,False,False
horseshoe,1005,550,22,0,45.016655158996585,-34.11210883331299,0.0,True,True,True,0,0,0,False,False
horseshoe,1005,551,22,1,45.016655158996585,-31.731087203979495,0.0,True,True,True,0,0,0,False,False
horseshoe,1005,552,22,2,45.016655158996585,-29.350065574646,0.0,True,True,True,0,0,0,False,False
horseshoe,1005,553,22,3,45.016655158996585,-26.969043945312503,0.0,True,True,True,0,0,0,False,False
horseshoe,1005,554,22,4,45.016655158996585,-24.588022315979007,0.0,True,True,True,0,0,0,False,False
horseshoe,1005,555,22,5,45.016655158996585,-22.20700068664551,0.0,True,True,True,0,0,0,False,False
horseshoe,1005,556,22,6,45.016655158996585,-19.82597905731201,0.0,True,True,True,0,0,0,False,False
horseshoe,1005,557,22,7,45.016655158996585,-17.444957427978515,0.0,True,True,True,0,0,0,False,False
horseshoe,1005,558,22,8,45.016655158996585,-15.06393579864502,0.0,True,True,True,0,0,0,False,False
horseshoe,1005,559,22,9,45.016655158996585,-12.682914169311523,0.0,True,True,True,0,0,0,False,False
horseshoe,1005,560,22,10,45.016655158996585,-10.301892539978027,0.0,True,True,True,0,0,0,False,False
horseshoe,1005,561,22,11,45.016655158996585,-7.920870910644531,0.0,True,True,True,0,0,0,False,False
horseshoe,1005,562,22,12,45.016655158996585,-5.539849281311032,0.0,True,True,True,0,0,0,False,False
horseshoe,1005,563,22,13,45.016655158996585,-3.1588276519775356,0.04878048780487805,False,True,True,0,0,0,False,False
horseshoe,1005,564,22,14,45.016655158996585,-0.7778060226440393,0.04878048780487805,False,True,True,0,0,0,False,False
horseshoe,1005,565,22,15,45.016655158996585,1.6032156066894567,0.14634146341463414,False,True,False,0,0,0,False,False
horseshoe,1005,566,22,16,45.016655158996585,3.9842372360229525,0.14634146341463414,False,True,False,0,0,0,False,False
horseshoe,1005,567,22,17,45.016655158996585,6.365258865356449,0.14634146341463414,False,True,False,0,0,0,False,False
horseshoe,1005,568,22,18,45.016655158996585,8.746280494689945,0.14634146341463414,False,True,False,0,0,0,False,False
horseshoe,1005,569,22,19,45.016655158996585,11.12730212402344,0.0,True,True,True,0,0,0,False,False
horseshoe,1005,570,22,20,45.016655158996585,13.508323753356937,0.0,True,True,True,0,0,0,False,False
horseshoe,1005,571,22,21,45.016655158996585,15.889345382690433,0.0,True,True,True,0,0,0,False,False
horseshoe,1005,572,22,22,45.016655158996585,18.27036701202393,0.0,True,True,True,0,0,0,False,False
horseshoe,1005,573,22,23,45.016655158996585,20.651388641357425,0.0,True,True,True,0,0,0,False,False
horseshoe,1005,574,22,24,45.016655158996585,23.032410270690928,0.0,True,True,True,0,0,0,False,False
horseshoe,1005,575,23,0,48.65747291564942,-34.11210883331299,0.0,True,True,True,0,0,0,False,False
horseshoe,1005,576,23,1,48.65747291564942,-31.731087203979495,0.0,True,True,True,0,0,0,False,False
horseshoe,1005,577,23,2,48.65747291564942,-29.350065574646,0.0,True,True,True,0,0,0,False,False
horseshoe,1005,578,23,3,48.65747291564942,-26.969043945312503,0.0,True,True,True,0,0,0,False,False
horseshoe,1005,579,23,4,48.65747291564942,-24.588022315979007,0.0,True,True,True,0,0,0,False,False
horseshoe,1005,580,23,5,48.65747291564942,-22.20700068664551,0.0,True,True,True,0,0,0,False,False
horseshoe,1005,581,23,6,48.65747291564942,-19.82597905731201,0.0,True,True,True,0,0,0,False,False
horseshoe,1005,582,23,7,48.65747291564942,-17.444957427978515,0.0,True,True,True,0,0,0,False,False
horseshoe,1005,583,23,8,48.65747291564942,-15.06393579864502,0.0,True,True,True,0,0,0,False,False
horseshoe,1005,584,23,9,48.65747291564942,-12.682914169311523,0.0,True,True,True,0,0,0,False,False
horseshoe,1005,585,23,10,48.65747291564942,-10.301892539978027,0.0,True,True,True,0,0,0,False,False
horseshoe,1005,586,23,11,48.65747291564942,-7.920870910644531,0.0,True,True,True,0,0,0,False,False
horseshoe,1005,587,23,12,48.65747291564942,-5.539849281311032,0.0,True,True,True,0,0,0,False,False
horseshoe,1005,588,23,13,48.65747291564942,-3.1588276519775356,0.0,True,True,True,0,0,0,False,False
horseshoe,1005,589,23,14,48.65747291564942,-0.7778060226440393,0.0,True,True,True,0,0,0,False,False
horseshoe,1005,590,23,15,48.65747291564942,1.6032156066894567,0.04878048780487805,False,True,True,0,0,0,False,False
horseshoe,1005,591,23,16,48.65747291564942,3.9842372360229525,0.04878048780487805,False,True,True,0,0,0,False,False
horseshoe,1005,592,23,17,48.65747291564942,6.365258865356449,0.04878048780487805,False,True,True,0,0,0,False,False
horseshoe,1005,593,23,18,48.65747291564942,8.746280494689945,0.0,True,True,True,0,0,0,False,False
horseshoe,1005,594,23,19,48.65747291564942,11.12730212402344,0.0,True,True,True,0,0,0,False,False
horseshoe,1005,595,23,20,48.65747291564942,13.508323753356937,0.0,True,True,True,0,0,0,False,False
horseshoe,1005,596,23,21,48.65747291564942,15.889345382690433,0.0,True,True,True,0,0,0,False,False
horseshoe,1005,597,23,22,48.65747291564942,18.27036701202393,0.0,True,True,True,0,0,0,False,False
horseshoe,1005,598,23,23,48.65747291564942,20.651388641357425,0.0,True,True,True,0,0,0,False,False
horseshoe,1005,599,23,24,48.65747291564942,23.032410270690928,0.0,True,True,True,0,0,0,False,False
horseshoe,1005,600,24,0,52.298290672302244,-34.11210883331299,0.0,True,True,True,0,0,0,False,False
horseshoe,1005,601,24,1,52.298290672302244,-31.731087203979495,0.0,True,True,True,0,0,0,False,False
horseshoe,1005,602,24,2,52.298290672302244,-29.350065574646,0.0,True,True,True,0,0,0,False,False
horseshoe,1005,603,24,3,52.298290672302244,-26.969043945312503,0.0,True,True,True,0,0,0,False,False
horseshoe,1005,604,24,4,52.298290672302244,-24.588022315979007,0.0,True,True,True,0,0,0,False,False
horseshoe,1005,605,24,5,52.298290672302244,-22.20700068664551,0.0,True,True,True,0,0,0,False,False
horseshoe,1005,606,24,6,52.298290672302244,-19.82597905731201,0.0,True,True,True,0,0,0,False,False
horseshoe,1005,607,24,7,52.298290672302244,-17.444957427978515,0.0,True,True,True,0,0,0,False,False
horseshoe,1005,608,24,8,52.298290672302244,-15.06393579864502,0.0,True,True,True,0,0,0,False,False
horseshoe,1005,609,24,9,52.298290672302244,-12.682914169311523,0.0,True,True,True,0,0,0,False,False
horseshoe,1005,610,24,10,52.298290672302244,-10.301892539978027,0.0,True,True,True,0,0,0,False,False
horseshoe,1005,611,24,11,52.298290672302244,-7.920870910644531,0.0,True,True,True,0,0,0,False,False
horseshoe,1005,612,24,12,52.298290672302244,-5.539849281311032,0.0,True,True,True,0,0,0,False,False
horseshoe,1005,613,24,13,52.298290672302244,-3.1588276519775356,0.0,True,True,True,0,0,0,False,False
horseshoe,1005,614,24,14,52.298290672302244,-0.7778060226440393,0.0,True,True,True,0,0,0,False,False
horseshoe,1005,615,24,15,52.298290672302244,1.6032156066894567,0.0,True,True,True,0,0,0,False,False
horseshoe,1005,616,24,16,52.298290672302244,3.9842372360229525,0.0,True,True,True,0,0,0,False,False
horseshoe,1005,617,24,17,52.298290672302244,6.365258865356449,0.0,True,True,True,0,0,0,False,False
horseshoe,1005,618,24,18,52.298290672302244,8.746280494689945,0.0,True,True,True,0,0,0,False,False
horseshoe,1005,619,24,19,52.298290672302244,11.12730212402344,0.0,True,True,True,0,0,0,False,False
horseshoe,1005,620,24,20,52.298290672302244,13.508323753356937,0.0,True,True,True,0,0,0,False,False
horseshoe,1005,621,24,21,52.298290672302244,15.889345382690433,0.0,True,True,True,0,0,0,False,False
horseshoe,1005,622,24,22,52.298290672302244,18.27036701202393,0.0,True,True,True,0,0,0,False,False
horseshoe,1005,623,24,23,52.298290672302244,20.651388641357425,0.0,True,True,True,0,0,0,False,False
horseshoe,1005,624,24,24,52.298290672302244,23.032410270690928,0.0,True,True,True,0,0,0,False,False
open,1001,0,0,0,-22.560198917388917,-34.02595388793945,0.2682926829268293,False,True,False,0,0,0,False,False
open,1001,1,0,1,-22.560198917388917,-31.830142089843747,0.43902439024390244,False,True,False,0,0,0,False,False
open,1001,2,0,2,-22.560198917388917,-29.634330291748046,0.6341463414634146,False,False,False,0,0,0,False,False
open,1001,3,0,3,-22.560198917388917,-27.438518493652342,0.926829268292683,False,False,False,0,0,0,False,False
open,1001,4,0,4,-22.560198917388917,-25.24270669555664,0.9512195121951219,False,False,False,0,0,0,False,False
open,1001,5,0,5,-22.560198917388917,-23.046894897460938,0.9512195121951219,False,False,False,0,0,0,False,False
open,1001,6,0,6,-22.560198917388917,-20.851083099365233,0.9024390243902439,False,False,False,0,0,0,False,False
open,1001,7,0,7,-22.560198917388917,-18.65527130126953,0.7317073170731707,False,False,False,0,0,0,False,False
open,1001,8,0,8,-22.560198917388917,-16.45945950317383,0.3902439024390244,False,True,False,0,0,0,False,False
open,1001,9,0,9,-22.560198917388917,-14.263647705078125,0.24390243902439024,False,True,False,0,0,0,False,False
open,1001,10,0,10,-22.560198917388917,-12.067835906982424,0.24390243902439024,False,True,False,0,0,0,False,False
open,1001,11,0,11,-22.560198917388917,-9.87202410888672,0.34146341463414637,False,True,False,0,0,0,False,False
open,1001,12,0,12,-22.560198917388917,-7.6762123107910165,0.43902439024390244,False,True,False,0,0,0,False,False
open,1001,13,0,13,-22.560198917388917,-5.480400512695316,0.5121951219512195,False,False,False,0,0,0,False,False
open,1001,14,0,14,-22.560198917388917,-3.2845887145996118,0.5365853658536586,False,False,False,0,0,0,False,False
open,1001,15,0,15,-22.560198917388917,-1.088776916503911,0.0975609756097561,False,True,True,0,0,0,False,False
open,1001,16,0,16,-22.560198917388917,1.1070348815917932,0.0,True,True,True,0,0,0,False,False
open,1001,17,0,17,-22.560198917388917,3.302846679687497,0.0,True,True,True,0,0,0,False,False
open,1001,18,0,18,-22.560198917388917,5.498658477783201,0.0,True,True,True,0,0,0,False,False
open,1001,19,0,19,-22.560198917388917,7.694470275878898,0.0,True,True,True,0,0,0,False,False
open,1001,20,0,20,-22.560198917388917,9.890282073974603,0.0,True,True,True,0,0,0,False,False
open,1001,21,0,21,-22.560198917388917,12.086093872070307,0.0,True,True,True,0,0,0,False,False
open,1001,22,0,22,-22.560198917388917,14.281905670166012,0.0,True,True,True,0,0,0,False,False
open,1001,23,0,23,-22.560198917388917,16.477717468261716,0.0,True,True,True,0,0,0,False,False
open,1001,24,0,24,-22.560198917388917,18.67352926635742,0.0,True,True,True,0,0,0,False,False
open,1001,25,1,0,-20.964098854064943,-34.02595388793945,0.0975609756097561,False,True,True,0,0,0,False,False
open,1001,26,1,1,-20.964098854064943,-31.830142089843747,0.4634146341463415,False,True,False,0,0,0,False,False
open,1001,27,1,2,-20.964098854064943,-29.634330291748046,0.6341463414634146,False,False,False,0,0,0,False,False
open,1001,28,1,3,-20.964098854064943,-27.438518493652342,0.926829268292683,False,False,False,0,0,0,False,False
open,1001,29,1,4,-20.964098854064943,-25.24270669555664,0.9512195121951219,False,False,False,2,2,0,False,True
open,1001,30,1,5,-20.964098854064943,-23.046894897460938,0.9512195121951219,False,False,False,0,0,0,False,False
open,1001,31,1,6,-20.964098854064943,-20.851083099365233,0.9024390243902439,False,False,False,0,0,0,False,False
open,1001,32,1,7,-20.964098854064943,-18.65527130126953,0.7560975609756098,False,False,False,0,0,0,False,False
open,1001,33,1,8,-20.964098854064943,-16.45945950317383,0.3902439024390244,False,True,False,0,0,0,False,False
open,1001,34,1,9,-20.964098854064943,-14.263647705078125,0.1951219512195122,False,True,False,0,0,0,False,False
open,1001,35,1,10,-20.964098854064943,-12.067835906982424,0.24390243902439024,False,True,False,0,0,0,False,False
open,1001,36,1,11,-20.964098854064943,-9.87202410888672,0.34146341463414637,False,True,False,0,0,0,False,False
open,1001,37,1,12,-20.964098854064943,-7.6762123107910165,0.43902439024390244,False,True,False,0,0,0,False,False
open,1001,38,1,13,-20.964098854064943,-5.480400512695316,0.7560975609756098,False,False,False,0,0,0,False,False
open,1001,39,1,14,-20.964098854064943,-3.2845887145996118,0.5609756097560976,False,False,False,0,0,0,False,False
open,1001,40,1,15,-20.964098854064943,-1.088776916503911,0.2926829268292683,False,True,False,0,0,0,False,False
open,1001,41,1,16,-20.964098854064943,1.1070348815917932,0.0,True,True,True,0,0,0,False,False
open,1001,42,1,17,-20.964098854064943,3.302846679687497,0.0,True,True,True,0,0,0,False,False
open,1001,43,1,18,-20.964098854064943,5.498658477783201,0.0,True,True,True,0,0,0,False,False
open,1001,44,1,19,-20.964098854064943,7.694470275878898,0.0,True,True,True,0,0,0,False,False
open,1001,45,1,20,-20.964098854064943,9.890282073974603,0.0,True,True,True,0,0,0,False,False
open,1001,46,1,21,-20.964098854064943,12.086093872070307,0.0,True,True,True,0,0,0,False,False
open,1001,47,1,22,-20.964098854064943,14.281905670166012,0.0,True,True,True,0,0,0,False,False
open,1001,48,1,23,-20.964098854064943,16.477717468261716,0.0,True,True,True,0,0,0,False,False
open,1001,49,1,24,-20.964098854064943,18.67352926635742,0.0,True,True,True,0,0,0,False,False
open,1001,50,2,0,-19.367998790740966,-34.02595388793945,0.0975609756097561,False,True,True,0,0,0,False,False
open,1001,51,2,1,-19.367998790740966,-31.830142089843747,0.36585365853658536,False,True,False,0,0,0,False,False
open,1001,52,2,2,-19.367998790740966,-29.634330291748046,0.5853658536585366,False,False,False,0,0,0,False,False
open,1001,53,2,3,-19.367998790740966,-27.438518493652342,0.9024390243902439,False,False,False,1,1,0,False,True
open,1001,54,2,4,-19.367998790740966,-25.24270669555664,0.9512195121951219,False,False,False,0,0,0,False,False
open,1001,55,2,5,-19.367998790740966,-23.046894897460938,0.975609756097561,False,False,False,4,4,0,False,True
open,1001,56,2,6,-19.367998790740966,-20.851083099365233,0.975609756097561,False,False,False,0,0,0,False,False
open,1001,57,2,7,-19.367998790740966,-18.65527130126953,0.7560975609756098,False,False,False,0,0,0,False,False
open,1001,58,2,8,-19.367998790740966,-16.45945950317383,0.6097560975609756,False,False,False,0,0,0,False,False
open,1001,59,2,9,-19.367998790740966,-14.263647705078125,0.2682926829268293,False,True,False,0,0,0,False,False
open,1001,60,2,10,-19.367998790740966,-12.067835906982424,0.4634146341463415,False,True,False,0,0,0,False,False
open,1001,61,2,11,-19.367998790740966,-9.87202410888672,0.6097560975609756,False,False,False,0,0,0,False,False
open,1001,62,2,12,-19.367998790740966,-7.6762123107910165,0.6829268292682927,False,False,False,0,0,0,False,False
open,1001,63,2,13,-19.367998790740966,-5.480400512695316,0.975609756097561,False,False,False,0,0,0,False,False
open,1001,64,2,14,-19.367998790740966,-3.2845887145996118,0.9512195121951219,False,False,False,0,0,0,False,False
open,1001,65,2,15,-19.367998790740966,-1.088776916503911,0.7804878048780488,False,False,False,0,0,0,False,False
open,1001,66,2,16,-19.367998790740966,1.1070348815917932,0.12195121951219512,False,True,False,0,0,0,False,False
open,1001,67,2,17,-19.367998790740966,3.302846679687497,0.21951219512195122,False,True,False,0,0,0,False,False
open,1001,68,2,18,-19.367998790740966,5.498658477783201,0.1951219512195122,False,True,False,0,0,0,False,False
open,1001,69,2,19,-19.367998790740966,7.694470275878898,0.0,True,True,True,0,0,0,False,False
open,1001,70,2,20,-19.367998790740966,9.890282073974603,0.0,True,True,True,0,0,0,False,False
open,1001,71,2,21,-19.367998790740966,12.086093872070307,0.0,True,True,True,0,0,0,False,False
open,1001,72,2,22,-19.367998790740966,14.281905670166012,0.0,True,True,True,0,0,0,False,False
open,1001,73,2,23,-19.367998790740966,16.477717468261716,0.0,True,True,True,0,0,0,False,False
open,1001,74,2,24,-19.367998790740966,18.67352926635742,0.0,True,True,True,0,0,0,False,False
open,1001,75,3,0,-17.771898727416993,-34.02595388793945,0.0975609756097561,False,True,True,0,0,0,False,False
open,1001,76,3,1,-17.771898727416993,-31.830142089843747,0.36585365853658536,False,True,False,0,0,0,False,False
open,1001,77,3,2,-17.771898727416993,-29.634330291748046,0.4634146341463415,False,True,False,0,0,0,False,False
open,1001,78,3,3,-17.771898727416993,-27.438518493652342,0.8536585365853658,False,False,False,6,6,0,False,True
open,1001,79,3,4,-17.771898727416993,-25.24270669555664,1.0,False,False,False,0,0,0,False,False
open,1001,80,3,5,-17.771898727416993,-23.046894897460938,1.0,False,False,False,6,6,0,False,True
open,1001,81,3,6,-17.771898727416993,-20.851083099365233,0.975609756097561,False,False,False,6,6,0,False,True
open,1001,82,3,7,-17.771898727416993,-18.65527130126953,1.0,False,False,False,2,2,0,False,True
open,1001,83,3,8,-17.771898727416993,-16.45945950317383,0.7804878048780488,False,False,False,0,0,0,False,False
open,1001,84,3,9,-17.771898727416993,-14.263647705078125,0.8292682926829268,False,False,False,0,0,0,False,False
open,1001,85,3,10,-17.771898727416993,-12.067835906982424,0.8048780487804879,False,False,False,0,0,0,False,False
open,1001,86,3,11,-17.771898727416993,-9.87202410888672,0.8536585365853658,False,False,False,0,0,0,False,False
open,1001,87,3,12,-17.771898727416993,-7.6762123107910165,1.0,False,False,False,0,0,0,False,False
open,1001,88,3,13,-17.771898727416993,-5.480400512695316,1.0,False,False,False,0,0,0,False,False
open,1001,89,3,14,-17.771898727416993,-3.2845887145996118,1.0,False,False,False,0,0,0,False,False
open,1001,90,3,15,-17.771898727416993,-1.088776916503911,1.0,False,False,False,0,0,0,False,False
open,1001,91,3,16,-17.771898727416993,1.1070348815917932,0.9512195121951219,False,False,False,0,0,0,False,False
open,1001,92,3,17,-17.771898727416993,3.302846679687497,0.5365853658536586,False,False,False,0,0,0,False,False
open,1001,93,3,18,-17.771898727416993,5.498658477783201,0.3902439024390244,False,True,False,0,0,0,False,False
open,1001,94,3,19,-17.771898727416993,7.694470275878898,0.1951219512195122,False,True,False,0,0,0,False,False
open,1001,95,3,20,-17.771898727416993,9.890282073974603,0.0,True,True,True,0,0,0,False,False
open,1001,96,3,21,-17.771898727416993,12.086093872070307,0.0,True,True,True,0,0,0,False,False
open,1001,97,3,22,-17.771898727416993,14.281905670166012,0.0,True,True,True,0,0,0,False,False
open,1001,98,3,23,-17.771898727416993,16.477717468261716,0.0,True,True,True,0,0,0,False,False
open,1001,99,3,24,-17.771898727416993,18.67352926635742,0.0,True,True,True,0,0,0,False,False
open,1001,100,4,0,-16.17579866409302,-34.02595388793945,0.0,True,True,True,0,0,0,False,False
open,1001,101,4,1,-16.17579866409302,-31.830142089843747,0.0975609756097561,False,True,True,0,0,0,False,False
open,1001,102,4,2,-16.17579866409302,-29.634330291748046,0.3902439024390244,False,True,False,0,0,0,False,False
open,1001,103,4,3,-16.17579866409302,-27.438518493652342,0.7804878048780488,False,False,False,0,0,0,False,False
open,1001,104,4,4,-16.17579866409302,-25.24270669555664,1.0,False,False,False,4,4,0,False,True
open,1001,105,4,5,-16.17579866409302,-23.046894897460938,1.0,False,False,False,2,2,0,False,True
open,1001,106,4,6,-16.17579866409302,-20.851083099365233,1.0,False,False,False,3,3,0,False,True
open,1001,107,4,7,-16.17579866409302,-18.65527130126953,1.0,False,False,False,1,1,0,False,True
open,1001,108,4,8,-16.17579866409302,-16.45945950317383,1.0,False,False,False,0,0,0,False,False
open,1001,109,4,9,-16.17579866409302,-14.263647705078125,1.0,False,False,False,0,0,0,False,False
open,1001,110,4,10,-16.17579866409302,-12.067835906982424,1.0,False,False,False,1,1,0,False,True
open,1001,111,4,11,-16.17579866409302,-9.87202410888672,0.926829268292683,False,False,False,2,2,0,False,True
open,1001,112,4,12,-16.17579866409302,-7.6762123107910165,1.0,False,False,False,1,1,0,False,True
open,1001,113,4,13,-16.17579866409302,-5.480400512695316,1.0,False,False,False,2,2,0,False,True
open,1001,114,4,14,-16.17579866409302,-3.2845887145996118,1.0,False,False,False,19,19,0,False,True
open,1001,115,4,15,-16.17579866409302,-1.088776916503911,1.0,False,False,False,0,0,0,False,False
open,1001,116,4,16,-16.17579866409302,1.1070348815917932,1.0,False,False,False,1,1,0,False,True
open,1001,117,4,17,-16.17579866409302,3.302846679687497,0.975609756097561,False,False,False,0,0,0,False,False
open,1001,118,4,18,-16.17579866409302,5.498658477783201,0.7804878048780488,False,False,False,0,0,0,False,False
open,1001,119,4,19,-16.17579866409302,7.694470275878898,0.3170731707317073,False,True,False,0,0,0,False,False
open,1001,120,4,20,-16.17579866409302,9.890282073974603,0.1951219512195122,False,True,False,0,0,0,False,False
open,1001,121,4,21,-16.17579866409302,12.086093872070307,0.24390243902439024,False,True,False,0,0,0,False,False
open,1001,122,4,22,-16.17579866409302,14.281905670166012,0.0975609756097561,False,True,True,0,0,0,False,False
open,1001,123,4,23,-16.17579866409302,16.477717468261716,0.0,True,True,True,0,0,0,False,False
open,1001,124,4,24,-16.17579866409302,18.67352926635742,0.0,True,True,True,0,0,0,False,False
open,1001,125,5,0,-14.579698600769044,-34.02595388793945,0.0,True,True,True,0,0,0,False,False
open,1001,126,5,1,-14.579698600769044,-31.830142089843747,0.0975609756097561,False,True,True,0,0,0,False,False
open,1001,127,5,2,-14.579698600769044,-29.634330291748046,0.21951219512195122,False,True,False,0,0,0,False,False
open,1001,128,5,3,-14.579698600769044,-27.438518493652342,0.8536585365853658,False,False,False,0,0,0,False,False
open,1001,129,5,4,-14.579698600769044,-25.24270669555664,1.0,False,False,False,0,0,0,False,False
open,1001,130,5,5,-14.579698600769044,-23.046894897460938,1.0,False,False,False,8,8,0,False,True
open,1001,131,5,6,-14.579698600769044,-20.851083099365233,1.0,False,False,False,12,12,0,False,True
open,1001,132,5,7,-14.579698600769044,-18.65527130126953,1.0,False,False,False,0,0,0,False,False
open,1001,133,5,8,-14.579698600769044,-16.45945950317383,1.0,False,False,False,1,1,0,False,True
open,1001,134,5,9,-14.579698600769044,-14.263647705078125,1.0,False,False,False,3,3,0,False,True
open,1001,135,5,10,-14.579698600769044,-12.067835906982424,1.0,False,False,False,4,4,0,False,True
open,1001,136,5,11,-14.579698600769044,-9.87202410888672,1.0,False,False,False,3,3,0,False,True
open,1001,137,5,12,-14.579698600769044,-7.6762123107910165,1.0,False,False,False,8,8,0,False,True
open,1001,138,5,13,-14.579698600769044,-5.480400512695316,1.0,False,False,False,16,16,0,False,True
open,1001,139,5,14,-14.579698600769044,-3.2845887145996118,1.0,False,False,False,29,29,0,False,True
open,1001,140,5,15,-14.579698600769044,-1.088776916503911,1.0,False,False,False,31,31,0,False,True
open,1001,141,5,16,-14.579698600769044,1.1070348815917932,1.0,False,False,False,5,5,0,False,True
open,1001,142,5,17,-14.579698600769044,3.302846679687497,1.0,False,False,False,4,4,0,False,True
open,1001,143,5,18,-14.579698600769044,5.498658477783201,0.975609756097561,False,False,False,0,0,0,False,False
open,1001,144,5,19,-14.579698600769044,7.694470275878898,0.975609756097561,False,False,False,0,0,0,False,False
open,1001,145,5,20,-14.579698600769044,9.890282073974603,0.9512195121951219,False,False,False,0,0,0,False,False
open,1001,146,5,21,-14.579698600769044,12.086093872070307,0.7804878048780488,False,False,False,0,0,0,False,False
open,1001,147,5,22,-14.579698600769044,14.281905670166012,0.43902439024390244,False,True,False,0,0,0,False,False
open,1001,148,5,23,-14.579698600769044,16.477717468261716,0.1951219512195122,False,True,False,0,0,0,False,False
open,1001,149,5,24,-14.579698600769044,18.67352926635742,0.0,True,True,True,0,0,0,False,False
open,1001,150,6,0,-12.983598537445069,-34.02595388793945,0.1951219512195122,False,True,False,0,0,0,False,False
open,1001,151,6,1,-12.983598537445069,-31.830142089843747,0.0975609756097561,False,True,True,0,0,0,False,False
open,1001,152,6,2,-12.983598537445069,-29.634330291748046,0.1951219512195122,False,True,False,0,0,0,False,False
open,1001,153,6,3,-12.983598537445069,-27.438518493652342,0.7560975609756098,False,False,False,0,0,0,False,False
open,1001,154,6,4,-12.983598537445069,-25.24270669555664,1.0,False,False,False,0,0,0,False,False
open,1001,155,6,5,-12.983598537445069,-23.046894897460938,1.0,False,False,False,17,17,0,False,True
open,1001,156,6,6,-12.983598537445069,-20.851083099365233,1.0,False,False,False,19,19,0,False,True
open,1001,157,6,7,-12.983598537445069,-18.65527130126953,1.0,False,False,False,13,13,0,False,True
open,1001,158,6,8,-12.983598537445069,-16.45945950317383,1.0,False,False,False,3,3,0,False,True
open,1001,159,6,9,-12.983598537445069,-14.263647705078125,1.0,False,False,False,1,1,0,False,True
open,1001,160,6,10,-12.983598537445069,-12.067835906982424,1.0,False,False,False,8,8,0,False,True
open,1001,161,6,11,-12.983598537445069,-9.87202410888672,1.0,False,False,False,7,7,0,False,True
open,1001,162,6,12,-12.983598537445069,-7.6762123107910165,1.0,False,False,False,3,3,0,False,True
open,1001,163,6,13,-12.983598537445069,-5.480400512695316,1.0,False,False,False,13,13,0,False,True
open,1001,164,6,14,-12.983598537445069,-3.2845887145996118,1.0,False,False,False,65,65,0,False,True
open,1001,165,6,15,-12.983598537445069,-1.088776916503911,1.0,False,False,False,25,25,0,False,True
open,1001,166,6,16,-12.983598537445069,1.1070348815917932,1.0,False,False,False,14,14,0,False,True
open,1001,167,6,17,-12.983598537445069,3.302846679687497,1.0,False,False,False,17,17,0,False,True
open,1001,168,6,18,-12.983598537445069,5.498658477783201,1.0,False,False,False,0,0,0,False,False
open,1001,169,6,19,-12.983598537445069,7.694470275878898,1.0,False,False,False,0,0,0,False,False
open,1001,170,6,20,-12.983598537445069,9.890282073974603,1.0,False,False,False,1,1,0,False,True
open,1001,171,6,21,-12.983598537445069,12.086093872070307,1.0,False,False,False,0,0,0,False,False
open,1001,172,6,22,-12.983598537445069,14.281905670166012,0.926829268292683,False,False,False,0,0,0,False,False
open,1001,173,6,23,-12.983598537445069,16.477717468261716,0.4146341463414634,False,True,False,0,0,0,False,False
open,1001,174,6,24,-12.983598537445069,18.67352926635742,0.17073170731707318,False,True,False,0,0,0,False,False
open,1001,175,7,0,-11.387498474121095,-34.02595388793945,0.24390243902439024,False,True,False,0,0,0,False,False
open,1001,176,7,1,-11.387498474121095,-31.830142089843747,0.5365853658536586,False,False,False,0,0,0,False,False
open,1001,177,7,2,-11.387498474121095,-29.634330291748046,0.6341463414634146,False,False,False,0,0,0,False,False
open,1001,178,7,3,-11.387498474121095,-27.438518493652342,0.8780487804878049,False,False,False,0,0,0,False,False
open,1001,179,7,4,-11.387498474121095,-25.24270669555664,1.0,False,False,False,0,0,0,False,False
open,1001,180,7,5,-11.387498474121095,-23.046894897460938,1.0,False,False,False,0,0,0,False,False
open,1001,181,7,6,-11.387498474121095,-20.851083099365233,1.0,False,False,False,3,3,0,False,True
open,1001,182,7,7,-11.387498474121095,-18.65527130126953,1.0,False,False,False,7,7,0,False,True
open,1001,183,7,8,-11.387498474121095,-16.45945950317383,1.0,False,False,False,9,9,0,False,True
open,1001,184,7,9,-11.387498474121095,-14.263647705078125,1.0,False,False,False,17,17,0,False,True
open,1001,185,7,10,-11.387498474121095,-12.067835906982424,1.0,False,False,False,21,21,0,False,True
open,1001,186,7,11,-11.387498474121095,-9.87202410888672,1.0,False,False,False,8,8,0,False,True
open,1001,187,7,12,-11.387498474121095,-7.6762123107910165,1.0,False,False,False,4,4,0,False,True
open,1001,188,7,13,-11.387498474121095,-5.480400512695316,1.0,False,False,False,17,17,0,False,True
open,1001,189,7,14,-11.387498474121095,-3.2845887145996118,1.0,False,False,False,57,57,0,False,True
open,1001,190,7,15,-11.387498474121095,-1.088776916503911,1.0,False,False,False,59,59,0,False,True
open,1001,191,7,16,-11.387498474121095,1.1070348815917932,1.0,False,False,False,82,82,0,False,True
open,1001,192,7,17,-11.387498474121095,3.302846679687497,1.0,False,False,False,37,37,0,False,True
open,1001,193,7,18,-11.387498474121095,5.498658477783201,1.0,False,False,False,3,3,0,False,True
open,1001,194,7,19,-11.387498474121095,7.694470275878898,1.0,False,False,False,1,1,0,False,True
open,1001,195,7,20,-11.387498474121095,9.890282073974603,1.0,False,False,False,6,6,0,False,True
open,1001,196,7,21,-11.387498474121095,12.086093872070307,1.0,False,False,False,2,2,0,False,True
open,1001,197,7,22,-11.387498474121095,14.281905670166012,1.0,False,False,False,0,0,0,False,False
open,1001,198,7,23,-11.387498474121095,16.477717468261716,0.8048780487804879,False,False,False,0,0,0,False,False
open,1001,199,7,24,-11.387498474121095,18.67352926635742,0.36585365853658536,False,True,False,0,0,0,False,False
open,1001,200,8,0,-9.79139841079712,-34.02595388793945,0.5609756097560976,False,False,False,0,0,0,False,False
open,1001,201,8,1,-9.79139841079712,-31.830142089843747,0.6341463414634146,False,False,False,0,0,0,False,False
open,1001,202,8,2,-9.79139841079712,-29.634330291748046,0.7073170731707317,False,False,False,0,0,0,False,False
open,1001,203,8,3,-9.79139841079712,-27.438518493652342,0.9512195121951219,False,False,False,0,0,0,False,False
open,1001,204,8,4,-9.79139841079712,-25.24270669555664,1.0,False,False,False,0,0,0,False,False
open,1001,205,8,5,-9.79139841079712,-23.046894897460938,1.0,False,False,False,0,0,0,False,False
open,1001,206,8,6,-9.79139841079712,-20.851083099365233,1.0,False,False,False,7,7,0,False,True
open,1001,207,8,7,-9.79139841079712,-18.65527130126953,1.0,False,False,False,17,17,0,False,True
open,1001,208,8,8,-9.79139841079712,-16.45945950317383,1.0,False,False,False,8,8,0,False,True
open,1001,209,8,9,-9.79139841079712,-14.263647705078125,1.0,False,False,False,5,5,0,False,True
open,1001,210,8,10,-9.79139841079712,-12.067835906982424,1.0,False,False,False,27,27,0,False,True
open,1001,211,8,11,-9.79139841079712,-9.87202410888672,1.0,False,False,False,36,36,0,False,True
open,1001,212,8,12,-9.79139841079712,-7.6762123107910165,1.0,False,False,False,4,4,0,False,True
open,1001,213,8,13,-9.79139841079712,-5.480400512695316,1.0,False,False,False,22,22,0,False,True
open,1001,214,8,14,-9.79139841079712,-3.2845887145996118,1.0,False,False,False,55,55,0,False,True
open,1001,215,8,15,-9.79139841079712,-1.088776916503911,1.0,False,False,False,74,74,0,False,True
open,1001,216,8,16,-9.79139841079712,1.1070348815917932,1.0,False,False,False,80,80,0,False,True
open,1001,217,8,17,-9.79139841079712,3.302846679687497,1.0,False,False,False,73,73,0,False,True
open,1001,218,8,18,-9.79139841079712,5.498658477783201,1.0,False,False,False,16,16,0,False,True
open,1001,219,8,19,-9.79139841079712,7.694470275878898,1.0,False,False,False,40,40,0,False,True
open,1001,220,8,20,-9.79139841079712,9.890282073974603,1.0,False,False,False,27,27,0,False,True
open,1001,221,8,21,-9.79139841079712,12.086093872070307,1.0,False,False,False,6,6,0,False,True
open,1001,222,8,22,-9.79139841079712,14.281905670166012,1.0,False,False,False,2,2,0,False,True
open,1001,223,8,23,-9.79139841079712,16.477717468261716,0.8780487804878049,False,False,False,0,0,0,False,False
open,1001,224,8,24,-9.79139841079712,18.67352926635742,0.4634146341463415,False,True,False,0,0,0,False,False
open,1001,225,9,0,-8.195298347473145,-34.02595388793945,0.6585365853658537,False,False,False,0,0,0,False,False
open,1001,226,9,1,-8.195298347473145,-31.830142089843747,0.8048780487804879,False,False,False,0,0,0,False,False
open,1001,227,9,2,-8.195298347473145,-29.634330291748046,0.926829268292683,False,False,False,3,3,0,False,True
open,1001,228,9,3,-8.195298347473145,-27.438518493652342,1.0,False,False,False,2,2,0,False,True
open,1001,229,9,4,-8.195298347473145,-25.24270669555664,1.0,False,False,False,5,5,0,False,True
open,1001,230,9,5,-8.195298347473145,-23.046894897460938,1.0,False,False,False,0,0,0,False,False
open,1001,231,9,6,-8.195298347473145,-20.851083099365233,1.0,False,False,False,6,6,0,False,True
open,1001,232,9,7,-8.195298347473145,-18.65527130126953,1.0,False,False,False,2,2,0,False,True
open,1001,233,9,8,-8.195298347473145,-16.45945950317383,1.0,False,False,False,1,1,0,False,True
open,1001,234,9,9,-8.195298347473145,-14.263647705078125,1.0,False,False,False,11,11,0,False,True
open,1001,235,9,10,-8.195298347473145,-12.067835906982424,1.0,False,False,False,20,20,0,False,True
open,1001,236,9,11,-8.195298347473145,-9.87202410888672,1.0,False,False,False,34,34,0,False,True
open,1001,237,9,12,-8.195298347473145,-7.6762123107910165,1.0,False,False,False,10,10,0,False,True
open,1001,238,9,13,-8.195298347473145,-5.480400512695316,1.0,False,False,False,25,25,0,False,True
open,1001,239,9,14,-8.195298347473145,-3.2845887145996118,1.0,False,False,False,63,63,0,False,True
open,1001,240,9,15,-8.195298347473145,-1.088776916503911,1.0,False,False,False,138,138,0,False,True
open,1001,241,9,16,-8.195298347473145,1.1070348815917932,1.0,False,False,False,188,188,0,False,True
open,1001,242,9,17,-8.195298347473145,3.302846679687497,1.0,False,False,False,106,106,0,False,True
open,1001,243,9,18,-8.195298347473145,5.498658477783201,1.0,False,False,False,81,81,0,False,True
open,1001,244,9,19,-8.195298347473145,7.694470275878898,1.0,False,False,False,80,80,0,False,True
open,1001,245,9,20,-8.195298347473145,9.890282073974603,1.0,False,False,False,50,50,0,False,True
open,1001,246,9,21,-8.195298347473145,12.086093872070307,1.0,False,False,False,31,31,0,False,True
open,1001,247,9,22,-8.195298347473145,14.281905670166012,1.0,False,False,False,1,1,0,False,True
open,1001,248,9,23,-8.195298347473145,16.477717468261716,1.0,False,False,False,0,0,0,False,False
open,1001,249,9,24,-8.195298347473145,18.67352926635742,0.4634146341463415,False,True,False,0,0,0,False,False
open,1001,250,10,0,-6.59919828414917,-34.02595388793945,0.8048780487804879,False,False,False,0,0,0,False,False
open,1001,251,10,1,-6.59919828414917,-31.830142089843747,0.8780487804878049,False,False,False,0,0,0,False,False
open,1001,252,10,2,-6.59919828414917,-29.634330291748046,0.9512195121951219,False,False,False,2,2,0,False,True
open,1001,253,10,3,-6.59919828414917,-27.438518493652342,1.0,False,False,False,5,5,0,False,True
open,1001,254,10,4,-6.59919828414917,-25.24270669555664,1.0,False,False,False,9,9,0,False,True
open,1001,255,10,5,-6.59919828414917,-23.046894897460938,0.975609756097561,False,False,False,21,21,0,False,True
open,1001,256,10,6,-6.59919828414917,-20.851083099365233,1.0,False,False,False,7,7,0,False,True
open,1001,257,10,7,-6.59919828414917,-18.65527130126953,1.0,False,False,False,18,18,0,False,True
open,1001,258,10,8,-6.59919828414917,-16.45945950317383,1.0,False,False,False,5,5,0,False,True
open,1001,259,10,9,-6.59919828414917,-14.263647705078125,1.0,False,False,False,25,25,0,False,True
open,1001,260,10,10,-6.59919828414917,-12.067835906982424,1.0,False,False,False,9,9,0,False,True
open,1001,261,10,11,-6.59919828414917,-9.87202410888672,1.0,False,False,False,32,32,0,False,True
open,1001,262,10,12,-6.59919828414917,-7.6762123107910165,1.0,False,False,False,32,32,0,False,True
open,1001,263,10,13,-6.59919828414917,-5.480400512695316,1.0,False,False,False,27,27,0,False,True
open,1001,264,10,14,-6.59919828414917,-3.2845887145996118,1.0,False,False,False,53,53,0,False,True
open,1001,265,10,15,-6.59919828414917,-1.088776916503911,1.0,False,False,False,170,170,0,False,True
open,1001,266,10,16,-6.59919828414917,1.1070348815917932,1.0,False,False,False,237,237,0,False,True
open,1001,267,10,17,-6.59919828414917,3.302846679687497,1.0,False,False,False,144,144,0,False,True
open,1001,268,10,18,-6.59919828414917,5.498658477783201,1.0,False,False,False,166,166,0,False,True
open,1001,269,10,19,-6.59919828414917,7.694470275878898,1.0,False,False,False,175,175,0,False,True
open,1001,270,10,20,-6.59919828414917,9.890282073974603,1.0,False,False,False,147,147,0,False,True
open,1001,271,10,21,-6.59919828414917,12.086093872070307,1.0,False,False,False,2,2,0,False,True
open,1001,272,10,22,-6.59919828414917,14.281905670166012,1.0,False,False,False,0,0,0,False,False
open,1001,273,10,23,-6.59919828414917,16.477717468261716,0.9512195121951219,False,False,False,0,0,0,False,False
open,1001,274,10,24,-6.59919828414917,18.67352926635742,0.4878048780487805,False,True,False,0,0,0,False,False
open,1001,275,11,0,-5.003098220825197,-34.02595388793945,0.8048780487804879,False,False,False,0,0,0,False,False
open,1001,276,11,1,-5.003098220825197,-31.830142089843747,0.9024390243902439,False,False,False,0,0,0,False,False
open,1001,277,11,2,-5.003098220825197,-29.634330291748046,0.9512195121951219,False,False,False,1,1,0,False,True
open,1001,278,11,3,-5.003098220825197,-27.438518493652342,1.0,False,False,False,3,3,0,False,True
open,1001,279,11,4,-5.003098220825197,-25.24270669555664,1.0,False,False,False,6,6,0,False,True
open,1001,280,11,5,-5.003098220825197,-23.046894897460938,1.0,False,False,False,11,11,0,False,True
open,1001,281,11,6,-5.003098220825197,-20.851083099365233,1.0,False,False,False,8,8,0,False,True
open,1001,282,11,7,-5.003098220825197,-18.65527130126953,1.0,False,False,False,17,17,0,False,True
open,1001,283,11,8,-5.003098220825197,-16.45945950317383,1.0,False,False,False,12,12,0,False,True
open,1001,284,11,9,-5.003098220825197,-14.263647705078125,1.0,False,False,False,16,16,0,False,True
open,1001,285,11,10,-5.003098220825197,-12.067835906982424,1.0,False,False,False,21,21,0,False,True
open,1001,286,11,11,-5.003098220825197,-9.87202410888672,1.0,False,False,False,21,21,0,False,True
open,1001,287,11,12,-5.003098220825197,-7.6762123107910165,1.0,False,False,False,27,27,0,False,True
open,1001,288,11,13,-5.003098220825197,-5.480400512695316,1.0,False,False,False,49,49,0,False,True
open,1001,289,11,14,-5.003098220825197,-3.2845887145996118,1.0,False,False,False,31,31,0,False,True
open,1001,290,11,15,-5.003098220825197,-1.088776916503911,1.0,False,False,False,182,182,0,False,True
open,1001,291,11,16,-5.003098220825197,1.1070348815917932,1.0,False,False,False,349,349,0,False,True
open,1001,292,11,17,-5.003098220825197,3.302846679687497,1.0,False,False,False,202,202,0,False,True
open,1001,293,11,18,-5.003098220825197,5.498658477783201,1.0,False,False,False,295,295,0,False,True
open,1001,294,11,19,-5.003098220825197,7.694470275878898,1.0,False,False,False,187,187,0,False,True
open,1001,295,11,20,-5.003098220825197,9.890282073974603,1.0,False,False,False,33,33,0,False,True
open,1001,296,11,21,-5.003098220825197,12.086093872070307,1.0,False,False,False,7,7,0,False,True
open,1001,297,11,22,-5.003098220825197,14.281905670166012,1.0,False,False,False,0,0,0,False,False
open,1001,298,11,23,-5.003098220825197,16.477717468261716,0.8780487804878049,False,False,False,0,0,0,False,False
open,1001,299,11,24,-5.003098220825197,18.67352926635742,0.36585365853658536,False,True,False,0,0,0,False,False
open,1001,300,12,0,-3.4069981575012203,-34.02595388793945,0.5121951219512195,False,False,False,0,0,0,False,False
open,1001,301,12,1,-3.4069981575012203,-31.830142089843747,0.7317073170731707,False,False,False,0,0,0,False,False
open,1001,302,12,2,-3.4069981575012203,-29.634330291748046,0.926829268292683,False,False,False,2,2,0,False,True
open,1001,303,12,3,-3.4069981575012203,-27.438518493652342,0.975609756097561,False,False,False,3,3,0,False,True
open,1001,304,12,4,-3.4069981575012203,-25.24270669555664,1.0,False,False,False,5,5,0,False,True
open,1001,305,12,5,-3.4069981575012203,-23.046894897460938,1.0,False,False,False,36,36,0,False,True
open,1001,306,12,6,-3.4069981575012203,-20.851083099365233,1.0,False,False,False,20,20,0,False,True
open,1001,307,12,7,-3.4069981575012203,-18.65527130126953,1.0,False,False,False,12,12,0,False,True
open,1001,308,12,8,-3.4069981575012203,-16.45945950317383,1.0,False,False,False,30,30,0,False,True
open,1001,309,12,9,-3.4069981575012203,-14.263647705078125,1.0,False,False,False,9,9,0,False,True
open,1001,310,12,10,-3.4069981575012203,-12.067835906982424,1.0,False,False,False,38,38,0,False,True
open,1001,311,12,11,-3.4069981575012203,-9.87202410888672,1.0,False,False,False,20,20,0,False,True
open,1001,312,12,12,-3.4069981575012203,-7.6762123107910165,1.0,False,False,False,24,24,0,False,True
open,1001,313,12,13,-3.4069981575012203,-5.480400512695316,1.0,False,False,False,74,74,0,False,True
open,1001,314,12,14,-3.4069981575012203,-3.2845887145996118,1.0,False,False,False,61,61,0,False,True
open,1001,315,12,15,-3.4069981575012203,-1.088776916503911,1.0,False,False,False,106,106,0,False,True
open,1001,316,12,16,-3.4069981575012203,1.1070348815917932,1.0,False,False,False,401,401,0,False,True
open,1001,317,12,17,-3.4069981575012203,3.302846679687497,1.0,False,False,False,355,355,0,False,True
open,1001,318,12,18,-3.4069981575012203,5.498658477783201,1.0,False,False,False,239,239,0,False,True
open,1001,319,12,19,-3.4069981575012203,7.694470275878898,1.0,False,False,False,158,158,0,False,True
open,1001,320,12,20,-3.4069981575012203,9.890282073974603,1.0,False,False,False,101,101,0,False,True
open,1001,321,12,21,-3.4069981575012203,12.086093872070307,1.0,False,False,False,14,14,0,False,True
open,1001,322,12,22,-3.4069981575012203,14.281905670166012,1.0,False,False,False,2,2,0,False,True
open,1001,323,12,23,-3.4069981575012203,16.477717468261716,0.975609756097561,False,False,False,0,0,0,False,False
open,1001,324,12,24,-3.4069981575012203,18.67352926635742,0.7073170731707317,False,False,False,0,0,0,False,False
open,1001,325,13,0,-1.8108980941772468,-34.02595388793945,0.4878048780487805,False,True,False,0,0,0,False,False
open,1001,326,13,1,-1.8108980941772468,-31.830142089843747,0.6585365853658537,False,False,False,0,0,0,False,False
open,1001,327,13,2,-1.8108980941772468,-29.634330291748046,0.7804878048780488,False,False,False,0,0,0,False,False
open,1001,328,13,3,-1.8108980941772468,-27.438518493652342,0.8780487804878049,False,False,False,0,0,0,False,False
open,1001,329,13,4,-1.8108980941772468,-25.24270669555664,1.0,False,False,False,0,0,0,False,False
open,1001,330,13,5,-1.8108980941772468,-23.046894897460938,1.0,False,False,False,2,2,0,False,True
open,1001,331,13,6,-1.8108980941772468,-20.851083099365233,1.0,False,False,False,4,4,0,False,True
open,1001,332,13,7,-1.8108980941772468,-18.65527130126953,1.0,False,False,False,7,7,0,False,True
open,1001,333,13,8,-1.8108980941772468,-16.45945950317383,1.0,False,False,False,33,33,0,False,True
open,1001,334,13,9,-1.8108980941772468,-14.263647705078125,1.0,False,False,False,34,34,0,False,True
open,1001,335,13,10,-1.8108980941772468,-12.067835906982424,1.0,False,False,False,41,41,0,False,True
open,1001,336,13,11,-1.8108980941772468,-9.87202410888672,1.0,False,False,False,51,51,0,False,True
open,1001,337,13,12,-1.8108980941772468,-7.6762123107910165,1.0,False,False,False,96,96,0,False,True
open,1001,338,13,13,-1.8108980941772468,-5.480400512695316,1.0,False,False,False,98,98,0,False,True
open,1001,339,13,14,-1.8108980941772468,-3.2845887145996118,1.0,False,False,False,97,97,0,False,True
open,1001,340,13,15,-1.8108980941772468,-1.088776916503911,1.0,False,False,False,117,117,0,False,True
open,1001,341,13,16,-1.8108980941772468,1.1070348815917932,1.0,False,False,False,643,643,0,False,True
open,1001,342,13,17,-1.8108980941772468,3.302846679687497,1.0,False,False,False,387,387,0,False,True
open,1001,343,13,18,-1.8108980941772468,5.498658477783201,1.0,False,False,False,273,273,0,False,True
open,1001,344,13,19,-1.8108980941772468,7.694470275878898,1.0,False,False,False,136,136,0,False,True
open,1001,345,13,20,-1.8108980941772468,9.890282073974603,1.0,False,False,False,66,66,0,False,True
open,1001,346,13,21,-1.8108980941772468,12.086093872070307,1.0,False,False,False,17,17,0,False,True
open,1001,347,13,22,-1.8108980941772468,14.281905670166012,1.0,False,False,False,0,0,0,False,False
open,1001,348,13,23,-1.8108980941772468,16.477717468261716,1.0,False,False,False,0,0,0,False,False
open,1001,349,13,24,-1.8108980941772468,18.67352926635742,0.8780487804878049,False,False,False,0,0,0,False,False
open,1001,350,14,0,-0.2147980308532732,-34.02595388793945,0.1951219512195122,False,True,False,0,0,0,False,False
open,1001,351,14,1,-0.2147980308532732,-31.830142089843747,0.4878048780487805,False,True,False,0,0,0,False,False
open,1001,352,14,2,-0.2147980308532732,-29.634330291748046,0.8048780487804879,False,False,False,0,0,0,False,False
open,1001,353,14,3,-0.2147980308532732,-27.438518493652342,0.8536585365853658,False,False,False,0,0,0,False,False
open,1001,354,14,4,-0.2147980308532732,-25.24270669555664,1.0,False,False,False,7,7,0,False,True
open,1001,355,14,5,-0.2147980308532732,-23.046894897460938,1.0,False,False,False,1,1,0,False,True
open,1001,356,14,6,-0.2147980308532732,-20.851083099365233,1.0,False,False,False,6,6,0,False,True
open,1001,357,14,7,-0.2147980308532732,-18.65527130126953,1.0,False,False,False,12,12,0,False,True
open,1001,358,14,8,-0.2147980308532732,-16.45945950317383,1.0,False,False,False,21,21,0,False,True
open,1001,359,14,9,-0.2147980308532732,-14.263647705078125,1.0,False,False,False,21,21,0,False,True
open,1001,360,14,10,-0.2147980308532732,-12.067835906982424,1.0,False,False,False,46,46,0,False,True
open,1001,361,14,11,-0.2147980308532732,-9.87202410888672,1.0,False,False,False,71,71,0,False,True
open,1001,362,14,12,-0.2147980308532732,-7.6762123107910165,1.0,False,False,False,79,79,0,False,True
open,1001,363,14,13,-0.2147980308532732,-5.480400512695316,1.0,False,False,False,103,103,0,False,True
open,1001,364,14,14,-0.2147980308532732,-3.2845887145996118,1.0,False,False,False,169,169,0,False,True
open,1001,365,14,15,-0.2147980308532732,-1.088776916503911,1.0,False,False,False,357,357,0,False,True
open,1001,366,14,16,-0.2147980308532732,1.1070348815917932,1.0,False,False,False,1322,1322,0,False,True
open,1001,367,14,17,-0.2147980308532732,3.302846679687497,1.0,False,False,False,437,437,0,False,True
open,1001,368,14,18,-0.2147980308532732,5.498658477783201,1.0,False,False,False,125,125,0,False,True
open,1001,369,14,19,-0.2147980308532732,7.694470275878898,1.0,False,False,False,37,37,0,False,True
open,1001,370,14,20,-0.2147980308532732,9.890282073974603,1.0,False,False,False,46,46,0,False,True
open,1001,371,14,21,-0.2147980308532732,12.086093872070307,1.0,False,False,False,88,88,0,False,True
open,1001,372,14,22,-0.2147980308532732,14.281905670166012,1.0,False,False,False,1,1,0,False,True
open,1001,373,14,23,-0.2147980308532732,16.477717468261716,0.975609756097561,False,False,False,0,0,0,False,False
open,1001,374,14,24,-0.2147980308532732,18.67352926635742,0.975609756097561,False,False,False,0,0,0,False,False
open,1001,375,15,0,1.3813020324707037,-34.02595388793945,0.1951219512195122,False,True,False,0,0,0,False,False
open,1001,376,15,1,1.3813020324707037,-31.830142089843747,0.36585365853658536,False,True,False,0,0,0,False,False
open,1001,377,15,2,1.3813020324707037,-29.634330291748046,0.7560975609756098,False,False,False,2,2,0,False,True
open,1001,378,15,3,1.3813020324707037,-27.438518493652342,0.926829268292683,False,False,False,2,2,0,False,True
open,1001,379,15,4,1.3813020324707037,-25.24270669555664,0.975609756097561,False,False,False,7,7,0,False,True
open,1001,380,15,5,1.3813020324707037,-23.046894897460938,1.0,False,False,False,17,17,0,False,True
open,1001,381,15,6,1.3813020324707037,-20.851083099365233,1.0,False,False,False,12,12,0,False,True
open,1001,382,15,7,1.3813020324707037,-18.65527130126953,1.0,False,False,False,9,9,0,False,True
open,1001,383,15,8,1.3813020324707037,-16.45945950317383,1.0,False,False,False,17,17,0,False,True
open,1001,384,15,9,1.3813020324707037,-14.263647705078125,1.0,False,False,False,21,21,0,False,True
open,1001,385,15,10,1.3813020324707037,-12.067835906982424,1.0,False,False,False,51,51,0,False,True
open,1001,386,15,11,1.3813020324707037,-9.87202410888672,1.0,False,False,False,30,30,0,False,True
open,1001,387,15,12,1.3813020324707037,-7.6762123107910165,1.0,False,False,False,97,97,0,False,True
open,1001,388,15,13,1.3813020324707037,-5.480400512695316,1.0,False,False,False,148,148,0,False,True
open,1001,389,15,14,1.3813020324707037,-3.2845887145996118,1.0,False,False,False,313,313,0,False,True
open,1001,390,15,15,1.3813020324707037,-1.088776916503911,1.0,False,False,False,604,604,0,False,True
open,1001,391,15,16,1.3813020324707037,1.1070348815917932,1.0,False,False,False,773,773,0,False,True
open,1001,392,15,17,1.3813020324707037,3.302846679687497,1.0,False,False,False,180,180,0,False,True
open,1001,393,15,18,1.3813020324707037,5.498658477783201,1.0,False,False,False,93,93,0,False,True
open,1001,394,15,19,1.3813020324707037,7.694470275878898,1.0,False,False,False,10,10,0,False,True
open,1001,395,15,20,1.3813020324707037,9.890282073974603,1.0,False,False,False,0,0,0,False,False
open,1001,396,15,21,1.3813020324707037,12.086093872070307,1.0,False,False,False,5,5,0,False,True
open,1001,397,15,22,1.3813020324707037,14.281905670166012,1.0,False,False,False,0,0,0,False,False
open,1001,398,15,23,1.3813020324707037,16.477717468261716,0.975609756097561,False,False,False,0,0,0,False,False
open,1001,399,15,24,1.3813020324707037,18.67352926635742,0.8292682926829268,False,False,False,0,0,0,False,False
open,1001,400,16,0,2.977402095794677,-34.02595388793945,0.0975609756097561,False,True,True,0,0,0,False,False
open,1001,401,16,1,2.977402095794677,-31.830142089843747,0.2682926829268293,False,True,False,0,0,0,False,False
open,1001,402,16,2,2.977402095794677,-29.634330291748046,0.5609756097560976,False,False,False,0,0,0,False,False
open,1001,403,16,3,2.977402095794677,-27.438518493652342,0.8292682926829268,False,False,False,0,0,0,False,False
open,1001,404,16,4,2.977402095794677,-25.24270669555664,0.975609756097561,False,False,False,0,0,0,False,False
open,1001,405,16,5,2.977402095794677,-23.046894897460938,1.0,False,False,False,3,3,0,False,True
open,1001,406,16,6,2.977402095794677,-20.851083099365233,1.0,False,False,False,17,17,0,False,True
open,1001,407,16,7,2.977402095794677,-18.65527130126953,1.0,False,False,False,0,0,0,False,False
open,1001,408,16,8,2.977402095794677,-16.45945950317383,1.0,False,False,False,0,0,0,False,False
open,1001,409,16,9,2.977402095794677,-14.263647705078125,1.0,False,False,False,3,3,0,False,True
open,1001,410,16,10,2.977402095794677,-12.067835906982424,1.0,False,False,False,11,11,0,False,True
open,1001,411,16,11,2.977402095794677,-9.87202410888672,1.0,False,False,False,33,33,0,False,True
open,1001,412,16,12,2.977402095794677,-7.6762123107910165,1.0,False,False,False,70,70,0,False,True
open,1001,413,16,13,2.977402095794677,-5.480400512695316,1.0,False,False,False,1411,1411,0,False,True
open,1001,414,16,14,2.977402095794677,-3.2845887145996118,1.0,False,False,False,372,372,0,False,True
open,1001,415,16,15,2.977402095794677,-1.088776916503911,1.0,False,False,False,352,352,0,False,True
open,1001,416,16,16,2.977402095794677,1.1070348815917932,1.0,False,False,False,548,548,0,False,True
open,1001,417,16,17,2.977402095794677,3.302846679687497,1.0,False,False,False,166,166,0,False,True
open,1001,418,16,18,2.977402095794677,5.498658477783201,1.0,False,False,False,109,109,0,False,True
open,1001,419,16,19,2.977402095794677,7.694470275878898,1.0,False,False,False,75,75,0,False,True
open,1001,420,16,20,2.977402095794677,9.890282073974603,1.0,False,False,False,1,1,0,False,True
open,1001,421,16,21,2.977402095794677,12.086093872070307,1.0,False,False,False,0,0,0,False,False
open,1001,422,16,22,2.977402095794677,14.281905670166012,0.975609756097561,False,False,False,0,0,0,False,False
open,1001,423,16,23,2.977402095794677,16.477717468261716,0.975609756097561,False,False,False,0,0,0,False,False
open,1001,424,16,24,2.977402095794677,18.67352926635742,0.5365853658536586,False,False,False,0,0,0,False,False
open,1001,425,17,0,4.573502159118651,-34.02595388793945,0.0,True,True,True,0,0,0,False,False
open,1001,426,17,1,4.573502159118651,-31.830142089843747,0.0975609756097561,False,True,True,0,0,0,False,False
open,1001,427,17,2,4.573502159118651,-29.634330291748046,0.36585365853658536,False,True,False,0,0,0,False,False
open,1001,428,17,3,4.573502159118651,-27.438518493652342,0.7804878048780488,False,False,False,0,0,0,False,False
open,1001,429,17,4,4.573502159118651,-25.24270669555664,0.9024390243902439,False,False,False,0,0,0,False,False
open,1001,430,17,5,4.573502159118651,-23.046894897460938,0.926829268292683,False,False,False,0,0,0,False,False
open,1001,431,17,6,4.573502159118651,-20.851083099365233,1.0,False,False,False,0,0,0,False,False
open,1001,432,17,7,4.573502159118651,-18.65527130126953,1.0,False,False,False,0,0,0,False,False
open,1001,433,17,8,4.573502159118651,-16.45945950317383,1.0,False,False,False,4,4,0,False,True
open,1001,434,17,9,4.573502159118651,-14.263647705078125,1.0,False,False,False,11,11,0,False,True
open,1001,435,17,10,4.573502159118651,-12.067835906982424,1.0,False,False,False,7,7,0,False,True
open,1001,436,17,11,4.573502159118651,-9.87202410888672,1.0,False,False,False,0,0,0,False,False
open,1001,437,17,12,4.573502159118651,-7.6762123107910165,1.0,False,False,False,96,96,0,False,True
open,1001,438,17,13,4.573502159118651,-5.480400512695316,1.0,False,False,False,140,140,0,False,True
open,1001,439,17,14,4.573502159118651,-3.2845887145996118,1.0,False,False,False,238,238,0,False,True
open,1001,440,17,15,4.573502159118651,-1.088776916503911,1.0,False,False,False,264,264,0,False,True
open,1001,441,17,16,4.573502159118651,1.1070348815917932,1.0,False,False,False,180,180,0,False,True
open,1001,442,17,17,4.573502159118651,3.302846679687497,1.0,False,False,False,84,84,0,False,True
open,1001,443,17,18,4.573502159118651,5.498658477783201,1.0,False,False,False,93,93,0,False,True
open,1001,444,17,19,4.573502159118651,7.694470275878898,1.0,False,False,False,86,86,0,False,True
open,1001,445,17,20,4.573502159118651,9.890282073974603,1.0,False,False,False,6,6,0,False,True
open,1001,446,17,21,4.573502159118651,12.086093872070307,1.0,False,False,False,0,0,0,False,False
open,1001,447,17,22,4.573502159118651,14.281905670166012,0.9512195121951219,False,False,False,0,0,0,False,False
open,1001,448,17,23,4.573502159118651,16.477717468261716,0.0975609756097561,False,True,True,0,0,0,False,False
open,1001,449,17,24,4.573502159118651,18.67352926635742,0.0,True,True,True,0,0,0,False,False
open,1001,450,18,0,6.169602222442628,-34.02595388793945,0.0,True,True,True,0,0,0,False,False
open,1001,451,18,1,6.169602222442628,-31.830142089843747,0.0,True,True,True,0,0,0,False,False
open,1001,452,18,2,6.169602222442628,-29.634330291748046,0.0,True,True,True,0,0,0,False,False
open,1001,453,18,3,6.169602222442628,-27.438518493652342,0.0975609756097561,False,True,True,0,0,0,False,False
open,1001,454,18,4,6.169602222442628,-25.24270669555664,0.4878048780487805,False,True,False,0,0,0,False,False
open,1001,455,18,5,6.169602222442628,-23.046894897460938,0.6097560975609756,False,False,False,0,0,0,False,False
open,1001,456,18,6,6.169602222442628,-20.851083099365233,0.7317073170731707,False,False,False,0,0,0,False,False
open,1001,457,18,7,6.169602222442628,-18.65527130126953,0.7317073170731707,False,False,False,0,0,0,False,False
open,1001,458,18,8,6.169602222442628,-16.45945950317383,0.9024390243902439,False,False,False,0,0,0,False,False
open,1001,459,18,9,6.169602222442628,-14.263647705078125,0.975609756097561,False,False,False,0,0,0,False,False
open,1001,460,18,10,6.169602222442628,-12.067835906982424,0.975609756097561,False,False,False,0,0,0,False,False
open,1001,461,18,11,6.169602222442628,-9.87202410888672,1.0,False,False,False,0,0,0,False,False
open,1001,462,18,12,6.169602222442628,-7.6762123107910165,1.0,False,False,False,0,0,0,False,False
open,1001,463,18,13,6.169602222442628,-5.480400512695316,1.0,False,False,False,152,152,0,False,True
open,1001,464,18,14,6.169602222442628,-3.2845887145996118,1.0,False,False,False,97,97,0,False,True
open,1001,465,18,15,6.169602222442628,-1.088776916503911,1.0,False,False,False,123,123,0,False,True
open,1001,466,18,16,6.169602222442628,1.1070348815917932,1.0,False,False,False,74,74,0,False,True
open,1001,467,18,17,6.169602222442628,3.302846679687497,1.0,False,False,False,104,104,0,False,True
open,1001,468,18,18,6.169602222442628,5.498658477783201,1.0,False,False,False,72,72,0,False,True
open,1001,469,18,19,6.169602222442628,7.694470275878898,1.0,False,False,False,52,52,0,False,True
open,1001,470,18,20,6.169602222442628,9.890282073974603,1.0,False,False,False,16,16,0,False,True
open,1001,471,18,21,6.169602222442628,12.086093872070307,1.0,False,False,False,0,0,0,False,False
open,1001,472,18,22,6.169602222442628,14.281905670166012,0.5609756097560976,False,False,False,0,0,0,False,False
open,1001,473,18,23,6.169602222442628,16.477717468261716,0.0,True,True,True,0,0,0,False,False
open,1001,474,18,24,6.169602222442628,18.67352926635742,0.0,True,True,True,0,0,0,False,False
open,1001,475,19,0,7.765702285766602,-34.02595388793945,0.0,True,True,True,0,0,0,False,False
open,1001,476,19,1,7.765702285766602,-31.830142089843747,0.0,True,True,True,0,0,0,False,False
open,1001,477,19,2,7.765702285766602,-29.634330291748046,0.0,True,True,True,0,0,0,False,False
open,1001,478,19,3,7.765702285766602,-27.438518493652342,0.0,True,True,True,0,0,0,False,False
open,1001,479,19,4,7.765702285766602,-25.24270669555664,0.0,True,True,True,0,0,0,False,False
open,1001,480,19,5,7.765702285766602,-23.046894897460938,0.0,True,True,True,0,0,0,False,False
open,1001,481,19,6,7.765702285766602,-20.851083099365233,0.0,True,True,True,0,0,0,False,False
open,1001,482,19,7,7.765702285766602,-18.65527130126953,0.3170731707317073,False,True,False,0,0,0,False,False
open,1001,483,19,8,7.765702285766602,-16.45945950317383,0.8048780487804879,False,False,False,0,0,0,False,False
open,1001,484,19,9,7.765702285766602,-14.263647705078125,0.8780487804878049,False,False,False,0,0,0,False,False
open,1001,485,19,10,7.765702285766602,-12.067835906982424,0.8048780487804879,False,False,False,0,0,0,False,False
open,1001,486,19,11,7.765702285766602,-9.87202410888672,1.0,False,False,False,0,0,0,False,False
open,1001,487,19,12,7.765702285766602,-7.6762123107910165,1.0,False,False,False,0,0,0,False,False
open,1001,488,19,13,7.765702285766602,-5.480400512695316,1.0,False,False,False,89,89,0,False,True
open,1001,489,19,14,7.765702285766602,-3.2845887145996118,1.0,False,False,False,79,79,0,False,True
open,1001,490,19,15,7.765702285766602,-1.088776916503911,1.0,False,False,False,65,65,0,False,True
open,1001,491,19,16,7.765702285766602,1.1070348815917932,1.0,False,False,False,88,88,0,False,True
open,1001,492,19,17,7.765702285766602,3.302846679687497,1.0,False,False,False,42,42,0,False,True
open,1001,493,19,18,7.765702285766602,5.498658477783201,1.0,False,False,False,55,55,0,False,True
open,1001,494,19,19,7.765702285766602,7.694470275878898,1.0,False,False,False,0,0,0,False,False
open,1001,495,19,20,7.765702285766602,9.890282073974603,1.0,False,False,False,3,3,0,False,True
open,1001,496,19,21,7.765702285766602,12.086093872070307,1.0,False,False,False,0,0,0,False,False
open,1001,497,19,22,7.765702285766602,14.281905670166012,0.43902439024390244,False,True,False,0,0,0,False,False
open,1001,498,19,23,7.765702285766602,16.477717468261716,0.0,True,True,True,0,0,0,False,False
open,1001,499,19,24,7.765702285766602,18.67352926635742,0.0,True,True,True,0,0,0,False,False
open,1001,500,20,0,9.361802349090574,-34.02595388793945,0.0,True,True,True,0,0,0,False,False
open,1001,501,20,1,9.361802349090574,-31.830142089843747,0.0,True,True,True,0,0,0,False,False
open,1001,502,20,2,9.361802349090574,-29.634330291748046,0.0,True,True,True,0,0,0,False,False
open,1001,503,20,3,9.361802349090574,-27.438518493652342,0.0,True,True,True,0,0,0,False,False
open,1001,504,20,4,9.361802349090574,-25.24270669555664,0.0,True,True,True,0,0,0,False,False
open,1001,505,20,5,9.361802349090574,-23.046894897460938,0.0,True,True,True,0,0,0,False,False
open,1001,506,20,6,9.361802349090574,-20.851083099365233,0.0,True,True,True,0,0,0,False,False
open,1001,507,20,7,9.361802349090574,-18.65527130126953,0.0,True,True,True,0,0,0,False,False
open,1001,508,20,8,9.361802349090574,-16.45945950317383,0.0,True,True,True,0,0,0,False,False
open,1001,509,20,9,9.361802349090574,-14.263647705078125,0.0975609756097561,False,True,True,0,0,0,False,False
open,1001,510,20,10,9.361802349090574,-12.067835906982424,0.0,True,True,True,0,0,0,False,False
open,1001,511,20,11,9.361802349090574,-9.87202410888672,1.0,False,False,False,0,0,0,False,False
open,1001,512,20,12,9.361802349090574,-7.6762123107910165,1.0,False,False,False,0,0,0,False,False
open,1001,513,20,13,9.361802349090574,-5.480400512695316,1.0,False,False,False,64,64,0,False,True
open,1001,514,20,14,9.361802349090574,-3.2845887145996118,1.0,False,False,False,33,33,0,False,True
open,1001,515,20,15,9.361802349090574,-1.088776916503911,1.0,False,False,False,83,83,0,False,True
open,1001,516,20,16,9.361802349090574,1.1070348815917932,1.0,False,False,False,42,42,0,False,True
open,1001,517,20,17,9.361802349090574,3.302846679687497,1.0,False,False,False,38,38,0,False,True
open,1001,518,20,18,9.361802349090574,5.498658477783201,1.0,False,False,False,21,21,0,False,True
open,1001,519,20,19,9.361802349090574,7.694470275878898,1.0,False,False,False,3,3,0,False,True
open,1001,520,20,20,9.361802349090574,9.890282073974603,1.0,False,False,False,0,0,0,False,False
open,1001,521,20,21,9.361802349090574,12.086093872070307,0.926829268292683,False,False,False,0,0,0,False,False
open,1001,522,20,22,9.361802349090574,14.281905670166012,0.0975609756097561,False,True,True,0,0,0,False,False
open,1001,523,20,23,9.361802349090574,16.477717468261716,0.0,True,True,True,0,0,0,False,False
open,1001,524,20,24,9.361802349090574,18.67352926635742,0.0,True,True,True,0,0,0,False,False
open,1001,525,21,0,10.957902412414548,-34.02595388793945,0.0,True,True,True,0,0,0,False,False
open,1001,526,21,1,10.957902412414548,-31.830142089843747,0.0,True,True,True,0,0,0,False,False
open,1001,527,21,2,10.957902412414548,-29.634330291748046,0.0,True,True,True,0,0,0,False,False
open,1001,528,21,3,10.957902412414548,-27.438518493652342,0.0,True,True,True,0,0,0,False,False
open,1001,529,21,4,10.957902412414548,-25.24270669555664,0.0,True,True,True,0,0,0,False,False
open,1001,530,21,5,10.957902412414548,-23.046894897460938,0.0,True,True,True,0,0,0,False,False
open,1001,531,21,6,10.957902412414548,-20.851083099365233,0.0,True,True,True,0,0,0,False,False
open,1001,532,21,7,10.957902412414548,-18.65527130126953,0.0,True,True,True,0,0,0,False,False
open,1001,533,21,8,10.957902412414548,-16.45945950317383,0.0,True,True,True,0,0,0,False,False
open,1001,534,21,9,10.957902412414548,-14.263647705078125,0.0,True,True,True,0,0,0,False,False
open,1001,535,21,10,10.957902412414548,-12.067835906982424,0.0,True,True,True,0,0,0,False,False
open,1001,536,21,11,10.957902412414548,-9.87202410888672,0.9512195121951219,False,False,False,0,0,0,False,False
open,1001,537,21,12,10.957902412414548,-7.6762123107910165,1.0,False,False,False,0,0,0,False,False
open,1001,538,21,13,10.957902412414548,-5.480400512695316,1.0,False,False,False,55,55,0,False,True
open,1001,539,21,14,10.957902412414548,-3.2845887145996118,1.0,False,False,False,170,170,0,False,True
open,1001,540,21,15,10.957902412414548,-1.088776916503911,1.0,False,False,False,0,0,0,False,False
open,1001,541,21,16,10.957902412414548,1.1070348815917932,1.0,False,False,False,0,0,0,False,False
open,1001,542,21,17,10.957902412414548,3.302846679687497,1.0,False,False,False,1,1,0,False,True
open,1001,543,21,18,10.957902412414548,5.498658477783201,1.0,False,False,False,0,0,0,False,False
open,1001,544,21,19,10.957902412414548,7.694470275878898,1.0,False,False,False,0,0,0,False,False
open,1001,545,21,20,10.957902412414548,9.890282073974603,0.975609756097561,False,False,False,0,0,0,False,False
open,1001,546,21,21,10.957902412414548,12.086093872070307,0.2682926829268293,False,True,False,0,0,0,False,False
open,1001,547,21,22,10.957902412414548,14.281905670166012,0.0,True,True,True,0,0,0,False,False
open,1001,548,21,23,10.957902412414548,16.477717468261716,0.0,True,True,True,0,0,0,False,False
open,1001,549,21,24,10.957902412414548,18.67352926635742,0.0,True,True,True,0,0,0,False,False
open,1001,550,22,0,12.554002475738521,-34.02595388793945,0.0,True,True,True,0,0,0,False,False
open,1001,551,22,1,12.554002475738521,-31.830142089843747,0.0,True,True,True,0,0,0,False,False
open,1001,552,22,2,12.554002475738521,-29.634330291748046,0.0,True,True,True,0,0,0,False,False
open,1001,553,22,3,12.554002475738521,-27.438518493652342,0.0,True,True,True,0,0,0,False,False
open,1001,554,22,4,12.554002475738521,-25.24270669555664,0.0,True,True,True,0,0,0,False,False
open,1001,555,22,5,12.554002475738521,-23.046894897460938,0.0,True,True,True,0,0,0,False,False
open,1001,556,22,6,12.554002475738521,-20.851083099365233,0.0,True,True,True,0,0,0,False,False
open,1001,557,22,7,12.554002475738521,-18.65527130126953,0.0,True,True,True,0,0,0,False,False
open,1001,558,22,8,12.554002475738521,-16.45945950317383,0.0,True,True,True,0,0,0,False,False
open,1001,559,22,9,12.554002475738521,-14.263647705078125,0.0,True,True,True,0,0,0,False,False
open,1001,560,22,10,12.554002475738521,-12.067835906982424,0.0,True,True,True,0,0,0,False,False
open,1001,561,22,11,12.554002475738521,-9.87202410888672,0.7073170731707317,False,False,False,0,0,0,False,False
open,1001,562,22,12,12.554002475738521,-7.6762123107910165,1.0,False,False,False,0,0,0,False,False
open,1001,563,22,13,12.554002475738521,-5.480400512695316,1.0,False,False,False,1,1,0,False,True
open,1001,564,22,14,12.554002475738521,-3.2845887145996118,1.0,False,False,False,0,0,0,False,False
open,1001,565,22,15,12.554002475738521,-1.088776916503911,1.0,False,False,False,0,0,0,False,False
open,1001,566,22,16,12.554002475738521,1.1070348815917932,1.0,False,False,False,0,0,0,False,False
open,1001,567,22,17,12.554002475738521,3.302846679687497,1.0,False,False,False,0,0,0,False,False
open,1001,568,22,18,12.554002475738521,5.498658477783201,1.0,False,False,False,0,0,0,False,False
open,1001,569,22,19,12.554002475738521,7.694470275878898,0.8292682926829268,False,False,False,0,0,0,False,False
open,1001,570,22,20,12.554002475738521,9.890282073974603,0.0,True,True,True,0,0,0,False,False
open,1001,571,22,21,12.554002475738521,12.086093872070307,0.0,True,True,True,0,0,0,False,False
open,1001,572,22,22,12.554002475738521,14.281905670166012,0.0,True,True,True,0,0,0,False,False
open,1001,573,22,23,12.554002475738521,16.477717468261716,0.0,True,True,True,0,0,0,False,False
open,1001,574,22,24,12.554002475738521,18.67352926635742,0.0,True,True,True,0,0,0,False,False
open,1001,575,23,0,14.150102539062502,-34.02595388793945,0.0,True,True,True,0,0,0,False,False
open,1001,576,23,1,14.150102539062502,-31.830142089843747,0.0,True,True,True,0,0,0,False,False
open,1001,577,23,2,14.150102539062502,-29.634330291748046,0.0,True,True,True,0,0,0,False,False
open,1001,578,23,3,14.150102539062502,-27.438518493652342,0.0,True,True,True,0,0,0,False,False
open,1001,579,23,4,14.150102539062502,-25.24270669555664,0.0,True,True,True,0,0,0,False,False
open,1001,580,23,5,14.150102539062502,-23.046894897460938,0.0,True,True,True,0,0,0,False,False
open,1001,581,23,6,14.150102539062502,-20.851083099365233,0.0,True,True,True,0,0,0,False,False
open,1001,582,23,7,14.150102539062502,-18.65527130126953,0.0,True,True,True,0,0,0,False,False
open,1001,583,23,8,14.150102539062502,-16.45945950317383,0.0,True,True,True,0,0,0,False,False
open,1001,584,23,9,14.150102539062502,-14.263647705078125,0.0,True,True,True,0,0,0,False,False
open,1001,585,23,10,14.150102539062502,-12.067835906982424,0.0,True,True,True,0,0,0,False,False
open,1001,586,23,11,14.150102539062502,-9.87202410888672,0.5121951219512195,False,False,False,0,0,0,False,False
open,1001,587,23,12,14.150102539062502,-7.6762123107910165,1.0,False,False,False,0,0,0,False,False
open,1001,588,23,13,14.150102539062502,-5.480400512695316,1.0,False,False,False,0,0,0,False,False
open,1001,589,23,14,14.150102539062502,-3.2845887145996118,1.0,False,False,False,0,0,0,False,False
open,1001,590,23,15,14.150102539062502,-1.088776916503911,1.0,False,False,False,0,0,0,False,False
open,1001,591,23,16,14.150102539062502,1.1070348815917932,0.975609756097561,False,False,False,0,0,0,False,False
open,1001,592,23,17,14.150102539062502,3.302846679687497,0.975609756097561,False,False,False,0,0,0,False,False
open,1001,593,23,18,14.150102539062502,5.498658477783201,0.8048780487804879,False,False,False,0,0,0,False,False
open,1001,594,23,19,14.150102539062502,7.694470275878898,0.17073170731707318,False,True,False,0,0,0,False,False
open,1001,595,23,20,14.150102539062502,9.890282073974603,0.0,True,True,True,0,0,0,False,False
open,1001,596,23,21,14.150102539062502,12.086093872070307,0.0,True,True,True,0,0,0,False,False
open,1001,597,23,22,14.150102539062502,14.281905670166012,0.0,True,True,True,0,0,0,False,False
open,1001,598,23,23,14.150102539062502,16.477717468261716,0.0,True,True,True,0,0,0,False,False
open,1001,599,23,24,14.150102539062502,18.67352926635742,0.0,True,True,True,0,0,0,False,False
open,1001,600,24,0,15.746202602386475,-34.02595388793945,0.0,True,True,True,0,0,0,False,False
open,1001,601,24,1,15.746202602386475,-31.830142089843747,0.0,True,True,True,0,0,0,False,False
open,1001,602,24,2,15.746202602386475,-29.634330291748046,0.0,True,True,True,0,0,0,False,False
open,1001,603,24,3,15.746202602386475,-27.438518493652342,0.0,True,True,True,0,0,0,False,False
open,1001,604,24,4,15.746202602386475,-25.24270669555664,0.0,True,True,True,0,0,0,False,False
open,1001,605,24,5,15.746202602386475,-23.046894897460938,0.0,True,True,True,0,0,0,False,False
open,1001,606,24,6,15.746202602386475,-20.851083099365233,0.0,True,True,True,0,0,0,False,False
open,1001,607,24,7,15.746202602386475,-18.65527130126953,0.0,True,True,True,0,0,0,False,False
open,1001,608,24,8,15.746202602386475,-16.45945950317383,0.0,True,True,True,0,0,0,False,False
open,1001,609,24,9,15.746202602386475,-14.263647705078125,0.0,True,True,True,0,0,0,False,False
open,1001,610,24,10,15.746202602386475,-12.067835906982424,0.0,True,True,True,0,0,0,False,False
open,1001,611,24,11,15.746202602386475,-9.87202410888672,0.7073170731707317,False,False,False,0,0,0,False,False
open,1001,612,24,12,15.746202602386475,-7.6762123107910165,1.0,False,False,False,0,0,0,False,False
open,1001,613,24,13,15.746202602386475,-5.480400512695316,1.0,False,False,False,0,0,0,False,False
open,1001,614,24,14,15.746202602386475,-3.2845887145996118,1.0,False,False,False,0,0,0,False,False
open,1001,615,24,15,15.746202602386475,-1.088776916503911,1.0,False,False,False,0,0,0,False,False
open,1001,616,24,16,15.746202602386475,1.1070348815917932,1.0,False,False,False,0,0,0,False,False
open,1001,617,24,17,15.746202602386475,3.302846679687497,0.8780487804878049,False,False,False,0,0,0,False,False
open,1001,618,24,18,15.746202602386475,5.498658477783201,0.6097560975609756,False,False,False,0,0,0,False,False
open,1001,619,24,19,15.746202602386475,7.694470275878898,0.0975609756097561,False,True,True,0,0,0,False,False
open,1001,620,24,20,15.746202602386475,9.890282073974603,0.0,True,True,True,0,0,0,False,False
open,1001,621,24,21,15.746202602386475,12.086093872070307,0.0,True,True,True,0,0,0,False,False
open,1001,622,24,22,15.746202602386475,14.281905670166012,0.0,True,True,True,0,0,0,False,False
open,1001,623,24,23,15.746202602386475,16.477717468261716,0.0,True,True,True,0,0,0,False,False
open,1001,624,24,24,15.746202602386475,18.67352926635742,0.0,True,True,True,0,0,0,False,False
open,1002,0,0,0,-58.29937129211426,-38.30156111145019,0.6341463414634146,False,False,False,0,0,0,False,False
open,1002,1,0,1,-58.29937129211426,-35.40964549255371,0.6097560975609756,False,False,False,0,0,0,False,False
open,1002,2,0,2,-58.29937129211426,-32.517729873657224,0.6829268292682927,False,False,False,0,0,0,False,False
open,1002,3,0,3,-58.29937129211426,-29.62581425476074,0.7317073170731707,False,False,False,0,0,0,False,False
open,1002,4,0,4,-58.29937129211426,-26.733898635864257,0.7317073170731707,False,False,False,0,0,0,False,False
open,1002,5,0,5,-58.29937129211426,-23.841983016967774,0.4146341463414634,False,True,False,0,0,0,False,False
open,1002,6,0,6,-58.29937129211426,-20.950067398071287,0.0975609756097561,False,True,True,0,0,0,False,False
open,1002,7,0,7,-58.29937129211426,-18.058151779174803,0.0,True,True,True,0,0,0,False,False
open,1002,8,0,8,-58.29937129211426,-15.16623616027832,0.0,True,True,True,0,0,0,False,False
open,1002,9,0,9,-58.29937129211426,-12.274320541381837,0.0,True,True,True,0,0,0,False,False
open,1002,10,0,10,-58.29937129211426,-9.382404922485353,0.0,True,True,True,0,0,0,False,False
open,1002,11,0,11,-58.29937129211426,-6.490489303588866,0.0,True,True,True,0,0,0,False,False
open,1002,12,0,12,-58.29937129211426,-3.598573684692379,0.0,True,True,True,0,0,0,False,False
open,1002,13,0,13,-58.29937129211426,-0.7066580657958954,0.0,True,True,True,0,0,0,False,False
open,1002,14,0,14,-58.29937129211426,2.185257553100588,0.0,True,True,True,0,0,0,False,False
open,1002,15,0,15,-58.29937129211426,5.077173171997071,0.0,True,True,True,0,0,0,False,False
open,1002,16,0,16,-58.29937129211426,7.969088790893554,0.0,True,True,True,0,0,0,False,False
open,1002,17,0,17,-58.29937129211426,10.861004409790038,0.0,True,True,True,0,0,0,False,False
open,1002,18,0,18,-58.29937129211426,13.752920028686521,0.0,True,True,True,0,0,0,False,False
open,1002,19,0,19,-58.29937129211426,16.644835647583005,0.0,True,True,True,0,0,0,False,False
open,1002,20,0,20,-58.29937129211426,19.536751266479488,0.0,True,True,True,0,0,0,False,False
open,1002,21,0,21,-58.29937129211426,22.42866688537598,0.0,True,True,True,0,0,0,False,False
open,1002,22,0,22,-58.29937129211426,25.320582504272462,0.0,True,True,True,0,0,0,False,False
open,1002,23,0,23,-58.29937129211426,28.212498123168945,0.0,True,True,True,0,0,0,False,False
open,1002,24,0,24,-58.29937129211426,31.104413742065436,0.0,True,True,True,0,0,0,False,False
open,1002,25,1,0,-54.91909814453125,-38.30156111145019,0.926829268292683,False,False,False,0,0,0,False,False
open,1002,26,1,1,-54.91909814453125,-35.40964549255371,0.926829268292683,False,False,False,0,0,0,False,False
open,1002,27,1,2,-54.91909814453125,-32.517729873657224,0.8536585365853658,False,False,False,0,0,0,False,False
open,1002,28,1,3,-54.91909814453125,-29.62581425476074,0.926829268292683,False,False,False,0,0,0,False,False
open,1002,29,1,4,-54.91909814453125,-26.733898635864257,0.8780487804878049,False,False,False,0,0,0,False,False
open,1002,30,1,5,-54.91909814453125,-23.841983016967774,0.8048780487804879,False,False,False,0,0,0,False,False
open,1002,31,1,6,-54.91909814453125,-20.950067398071287,0.3170731707317073,False,True,False,0,0,0,False,False
open,1002,32,1,7,-54.91909814453125,-18.058151779174803,0.0975609756097561,False,True,True,0,0,0,False,False
open,1002,33,1,8,-54.91909814453125,-15.16623616027832,0.0,True,True,True,0,0,0,False,False
open,1002,34,1,9,-54.91909814453125,-12.274320541381837,0.0,True,True,True,0,0,0,False,False
open,1002,35,1,10,-54.91909814453125,-9.382404922485353,0.0,True,True,True,0,0,0,False,False
open,1002,36,1,11,-54.91909814453125,-6.490489303588866,0.0,True,True,True,0,0,0,False,False
open,1002,37,1,12,-54.91909814453125,-3.598573684692379,0.0,True,True,True,0,0,0,False,False
open,1002,38,1,13,-54.91909814453125,-0.7066580657958954,0.0,True,True,True,0,0,0,False,False
open,1002,39,1,14,-54.91909814453125,2.185257553100588,0.0,True,True,True,0,0,0,False,False
open,1002,40,1,15,-54.91909814453125,5.077173171997071,0.0,True,True,True,0,0,0,False,False
open,1002,41,1,16,-54.91909814453125,7.969088790893554,0.0,True,True,True,0,0,0,False,False
open,1002,42,1,17,-54.91909814453125,10.861004409790038,0.0,True,True,True,0,0,0,False,False
open,1002,43,1,18,-54.91909814453125,13.752920028686521,0.0,True,True,True,0,0,0,False,False
open,1002,44,1,19,-54.91909814453125,16.644835647583005,0.0,True,True,True,0,0,0,False,False
open,1002,45,1,20,-54.91909814453125,19.536751266479488,0.0,True,True,True,0,0,0,False,False
open,1002,46,1,21,-54.91909814453125,22.42866688537598,0.0,True,True,True,0,0,0,False,False
open,1002,47,1,22,-54.91909814453125,25.320582504272462,0.0,True,True,True,0,0,0,False,False
open,1002,48,1,23,-54.91909814453125,28.212498123168945,0.0,True,True,True,0,0,0,False,False
open,1002,49,1,24,-54.91909814453125,31.104413742065436,0.0,True,True,True,0,0,0,False,False
open,1002,50,2,0,-51.53882499694824,-38.30156111145019,0.926829268292683,False,False,False,0,0,0,False,False
open,1002,51,2,1,-51.53882499694824,-35.40964549255371,0.926829268292683,False,False,False,0,0,0,False,False
open,1002,52,2,2,-51.53882499694824,-32.517729873657224,0.926829268292683,False,False,False,0,0,0,False,False
open,1002,53,2,3,-51.53882499694824,-29.62581425476074,1.0,False,False,False,1,1,0,False,True
open,1002,54,2,4,-51.53882499694824,-26.733898635864257,1.0,False,False,False,0,0,0,False,False
open,1002,55,2,5,-51.53882499694824,-23.841983016967774,1.0,False,False,False,0,0,0,False,False
open,1002,56,2,6,-51.53882499694824,-20.950067398071287,0.6097560975609756,False,False,False,0,0,0,False,False
open,1002,57,2,7,-51.53882499694824,-18.058151779174803,0.2926829268292683,False,True,False,0,0,0,False,False
open,1002,58,2,8,-51.53882499694824,-15.16623616027832,0.2926829268292683,False,True,False,0,0,0,False,False
open,1002,59,2,9,-51.53882499694824,-12.274320541381837,0.0,True,True,True,0,0,0,False,False
open,1002,60,2,10,-51.53882499694824,-9.382404922485353,0.0,True,True,True,0,0,0,False,False
open,1002,61,2,11,-51.53882499694824,-6.490489303588866,0.0,True,True,True,0,0,0,False,False
open,1002,62,2,12,-51.53882499694824,-3.598573684692379,0.0,True,True,True,0,0,0,False,False
open,1002,63,2,13,-51.53882499694824,-0.7066580657958954,0.0,True,True,True,0,0,0,False,False
open,1002,64,2,14,-51.53882499694824,2.185257553100588,0.0,True,True,True,0,0,0,False,False
open,1002,65,2,15,-51.53882499694824,5.077173171997071,0.0,True,True,True,0,0,0,False,False
open,1002,66,2,16,-51.53882499694824,7.969088790893554,0.0,True,True,True,0,0,0,False,False
open,1002,67,2,17,-51.53882499694824,10.861004409790038,0.0,True,True,True,0,0,0,False,False
open,1002,68,2,18,-51.53882499694824,13.752920028686521,0.0,True,True,True,0,0,0,False,False
open,1002,69,2,19,-51.53882499694824,16.644835647583005,0.0,True,True,True,0,0,0,False,False
open,1002,70,2,20,-51.53882499694824,19.536751266479488,0.0,True,True,True,0,0,0,False,False
open,1002,71,2,21,-51.53882499694824,22.42866688537598,0.0,True,True,True,0,0,0,False,False
open,1002,72,2,22,-51.53882499694824,25.320582504272462,0.0,True,True,True,0,0,0,False,False
open,1002,73,2,23,-51.53882499694824,28.212498123168945,0.0,True,True,True,0,0,0,False,False
open,1002,74,2,24,-51.53882499694824,31.104413742065436,0.0,True,True,True,0,0,0,False,False
open,1002,75,3,0,-48.15855184936524,-38.30156111145019,1.0,False,False,False,0,0,0,False,False
open,1002,76,3,1,-48.15855184936524,-35.40964549255371,1.0,False,False,False,0,0,0,False,False
open,1002,77,3,2,-48.15855184936524,-32.517729873657224,1.0,False,False,False,0,0,0,False,False
open,1002,78,3,3,-48.15855184936524,-29.62581425476074,1.0,False,False,False,27,27,0,False,True
open,1002,79,3,4,-48.15855184936524,-26.733898635864257,1.0,False,False,False,17,17,0,False,True
open,1002,80,3,5,-48.15855184936524,-23.841983016967774,1.0,False,False,False,0,0,0,False,False
open,1002,81,3,6,-48.15855184936524,-20.950067398071287,1.0,False,False,False,0,0,0,False,False
open,1002,82,3,7,-48.15855184936524,-18.058151779174803,0.8536585365853658,False,False,False,0,0,0,False,False
open,1002,83,3,8,-48.15855184936524,-15.16623616027832,0.6341463414634146,False,False,False,0,0,0,False,False
open,1002,84,3,9,-48.15855184936524,-12.274320541381837,0.6097560975609756,False,False,False,0,0,0,False,False
open,1002,85,3,10,-48.15855184936524,-9.382404922485353,0.2926829268292683,False,True,False,0,0,0,False,False
open,1002,86,3,11,-48.15855184936524,-6.490489303588866,0.0975609756097561,False,True,True,0,0,0,False,False
open,1002,87,3,12,-48.15855184936524,-3.598573684692379,0.0,True,True,True,0,0,0,False,False
open,1002,88,3,13,-48.15855184936524,-0.7066580657958954,0.0,True,True,True,0,0,0,False,False
open,1002,89,3,14,-48.15855184936524,2.185257553100588,0.0,True,True,True,0,0,0,False,False
open,1002,90,3,15,-48.15855184936524,5.077173171997071,0.0,True,True,True,0,0,0,False,False
open,1002,91,3,16,-48.15855184936524,7.969088790893554,0.0,True,True,True,0,0,0,False,False
open,1002,92,3,17,-48.15855184936524,10.861004409790038,0.0,True,True,True,0,0,0,False,False
open,1002,93,3,18,-48.15855184936524,13.752920028686521,0.0,True,True,True,0,0,0,False,False
open,1002,94,3,19,-48.15855184936524,16.644835647583005,0.0,True,True,True,0,0,0,False,False
open,1002,95,3,20,-48.15855184936524,19.536751266479488,0.0,True,True,True,0,0,0,False,False
open,1002,96,3,21,-48.15855184936524,22.42866688537598,0.0,True,True,True,0,0,0,False,False
open,1002,97,3,22,-48.15855184936524,25.320582504272462,0.0,True,True,True,0,0,0,False,False
open,1002,98,3,23,-48.15855184936524,28.212498123168945,0.0,True,True,True,0,0,0,False,False
open,1002,99,3,24,-48.15855184936524,31.104413742065436,0.0,True,True,True,0,0,0,False,False
open,1002,100,4,0,-44.77827870178223,-38.30156111145019,1.0,False,False,False,0,0,0,False,False
open,1002,101,4,1,-44.77827870178223,-35.40964549255371,1.0,False,False,False,0,0,0,False,False
open,1002,102,4,2,-44.77827870178223,-32.517729873657224,1.0,False,False,False,1,1,0,False,True
open,1002,103,4,3,-44.77827870178223,-29.62581425476074,1.0,False,False,False,29,29,0,False,True
open,1002,104,4,4,-44.77827870178223,-26.733898635864257,1.0,False,False,False,13,13,0,False,True
open,1002,105,4,5,-44.77827870178223,-23.841983016967774,1.0,False,False,False,8,8,0,False,True
open,1002,106,4,6,-44.77827870178223,-20.950067398071287,1.0,False,False,False,0,0,0,False,False
open,1002,107,4,7,-44.77827870178223,-18.058151779174803,1.0,False,False,False,1,1,0,False,True
open,1002,108,4,8,-44.77827870178223,-15.16623616027832,1.0,False,False,False,6,6,0,False,True
open,1002,109,4,9,-44.77827870178223,-12.274320541381837,0.975609756097561,False,False,False,0,0,0,False,False
open,1002,110,4,10,-44.77827870178223,-9.382404922485353,0.9024390243902439,False,False,False,0,0,0,False,False
open,1002,111,4,11,-44.77827870178223,-6.490489303588866,0.17073170731707318,False,True,False,0,0,0,False,False
open,1002,112,4,12,-44.77827870178223,-3.598573684692379,0.0,True,True,True,0,0,0,False,False
open,1002,113,4,13,-44.77827870178223,-0.7066580657958954,0.0,True,True,True,0,0,0,False,False
open,1002,114,4,14,-44.77827870178223,2.185257553100588,0.0,True,True,True,0,0,0,False,False
open,1002,115,4,15,-44.77827870178223,5.077173171997071,0.0,True,True,True,0,0,0,False,False
open,1002,116,4,16,-44.77827870178223,7.969088790893554,0.0,True,True,True,0,0,0,False,False
open,1002,117,4,17,-44.77827870178223,10.861004409790038,0.0,True,True,True,0,0,0,False,False
open,1002,118,4,18,-44.77827870178223,13.752920028686521,0.0,True,True,True,0,0,0,False,False
open,1002,119,4,19,-44.77827870178223,16.644835647583005,0.0,True,True,True,0,0,0,False,False
open,1002,120,4,20,-44.77827870178223,19.536751266479488,0.0,True,True,True,0,0,0,False,False
open,1002,121,4,21,-44.77827870178223,22.42866688537598,0.0,True,True,True,0,0,0,False,False
open,1002,122,4,22,-44.77827870178223,25.320582504272462,0.0,True,True,True,0,0,0,False,False
open,1002,123,4,23,-44.77827870178223,28.212498123168945,0.0,True,True,True,0,0,0,False,False
open,1002,124,4,24,-44.77827870178223,31.104413742065436,0.0,True,True,True,0,0,0,False,False
open,1002,125,5,0,-41.398005554199216,-38.30156111145019,1.0,False,False,False,0,0,0,False,False
open,1002,126,5,1,-41.398005554199216,-35.40964549255371,1.0,False,False,False,0,0,0,False,False
open,1002,127,5,2,-41.398005554199216,-32.517729873657224,1.0,False,False,False,0,0,0,False,False
open,1002,128,5,3,-41.398005554199216,-29.62581425476074,1.0,False,False,False,4,4,0,False,True
open,1002,129,5,4,-41.398005554199216,-26.733898635864257,1.0,False,False,False,6,6,0,False,True
open,1002,130,5,5,-41.398005554199216,-23.841983016967774,1.0,False,False,False,27,27,0,False,True
open,1002,131,5,6,-41.398005554199216,-20.950067398071287,1.0,False,False,False,4,4,0,False,True
open,1002,132,5,7,-41.398005554199216,-18.058151779174803,1.0,False,False,False,4,4,0,False,True
open,1002,133,5,8,-41.398005554199216,-15.16623616027832,1.0,False,False,False,8,8,0,False,True
open,1002,134,5,9,-41.398005554199216,-12.274320541381837,1.0,False,False,False,0,0,0,False,False
open,1002,135,5,10,-41.398005554199216,-9.382404922485353,1.0,False,False,False,0,0,0,False,False
open,1002,136,5,11,-41.398005554199216,-6.490489303588866,0.7560975609756098,False,False,False,0,0,0,False,False
open,1002,137,5,12,-41.398005554199216,-3.598573684692379,0.17073170731707318,False,True,False,0,0,0,False,False
open,1002,138,5,13,-41.398005554199216,-0.7066580657958954,0.0,True,True,True,0,0,0,False,False
open,1002,139,5,14,-41.398005554199216,2.185257553100588,0.0,True,True,True,0,0,0,False,False
open,1002,140,5,15,-41.398005554199216,5.077173171997071,0.0,True,True,True,0,0,0,False,False
open,1002,141,5,16,-41.398005554199216,7.969088790893554,0.0,True,True,True,0,0,0,False,False
open,1002,142,5,17,-41.398005554199216,10.861004409790038,0.0,True,True,True,0,0,0,False,False
open,1002,143,5,18,-41.398005554199216,13.752920028686521,0.0,True,True,True,0,0,0,False,False
open,1002,144,5,19,-41.398005554199216,16.644835647583005,0.0,True,True,True,0,0,0,False,False
open,1002,145,5,20,-41.398005554199216,19.536751266479488,0.0,True,True,True,0,0,0,False,False
open,1002,146,5,21,-41.398005554199216,22.42866688537598,0.0,True,True,True,0,0,0,False,False
open,1002,147,5,22,-41.398005554199216,25.320582504272462,0.0,True,True,True,0,0,0,False,False
open,1002,148,5,23,-41.398005554199216,28.212498123168945,0.0,True,True,True,0,0,0,False,False
open,1002,149,5,24,-41.398005554199216,31.104413742065436,0.0,True,True,True,0,0,0,False,False
open,1002,150,6,0,-38.01773240661621,-38.30156111145019,0.9024390243902439,False,False,False,0,0,0,False,False
open,1002,151,6,1,-38.01773240661621,-35.40964549255371,0.975609756097561,False,False,False,0,0,0,False,False
open,1002,152,6,2,-38.01773240661621,-32.517729873657224,1.0,False,False,False,0,0,0,False,False
open,1002,153,6,3,-38.01773240661621,-29.62581425476074,1.0,False,False,False,2,2,0,False,True
open,1002,154,6,4,-38.01773240661621,-26.733898635864257,1.0,False,False,False,44,44,0,False,True
open,1002,155,6,5,-38.01773240661621,-23.841983016967774,1.0,False,False,False,17,17,0,False,True
open,1002,156,6,6,-38.01773240661621,-20.950067398071287,1.0,False,False,False,17,17,0,False,True
open,1002,157,6,7,-38.01773240661621,-18.058151779174803,1.0,False,False,False,4,4,0,False,True
open,1002,158,6,8,-38.01773240661621,-15.16623616027832,1.0,False,False,False,20,20,0,False,True
open,1002,159,6,9,-38.01773240661621,-12.274320541381837,1.0,False,False,False,8,8,0,False,True
open,1002,160,6,10,-38.01773240661621,-9.382404922485353,1.0,False,False,False,0,0,0,False,False
open,1002,161,6,11,-38.01773240661621,-6.490489303588866,1.0,False,False,False,2,2,0,False,True
open,1002,162,6,12,-38.01773240661621,-3.598573684692379,0.9512195121951219,False,False,False,0,0,0,False,False
open,1002,163,6,13,-38.01773240661621,-0.7066580657958954,0.6341463414634146,False,False,False,0,0,0,False,False
open,1002,164,6,14,-38.01773240661621,2.185257553100588,0.0,True,True,True,0,0,0,False,False
open,1002,165,6,15,-38.01773240661621,5.077173171997071,0.0,True,True,True,0,0,0,False,False
open,1002,166,6,16,-38.01773240661621,7.969088790893554,0.0,True,True,True,0,0,0,False,False
open,1002,167,6,17,-38.01773240661621,10.861004409790038,0.0,True,True,True,0,0,0,False,False
open,1002,168,6,18,-38.01773240661621,13.752920028686521,0.0,True,True,True,0,0,0,False,False
open,1002,169,6,19,-38.01773240661621,16.644835647583005,0.0,True,True,True,0,0,0,False,False
open,1002,170,6,20,-38.01773240661621,19.536751266479488,0.0,True,True,True,0,0,0,False,False
open,1002,171,6,21,-38.01773240661621,22.42866688537598,0.0,True,True,True,0,0,0,False,False
open,1002,172,6,22,-38.01773240661621,25.320582504272462,0.0,True,True,True,0,0,0,False,False
open,1002,173,6,23,-38.01773240661621,28.212498123168945,0.0,True,True,True,0,0,0,False,False
open,1002,174,6,24,-38.01773240661621,31.104413742065436,0.0,True,True,True,0,0,0,False,False
open,1002,175,7,0,-34.63745925903321,-38.30156111145019,0.34146341463414637,False,True,False,0,0,0,False,False
open,1002,176,7,1,-34.63745925903321,-35.40964549255371,0.5609756097560976,False,False,False,0,0,0,False,False
open,1002,177,7,2,-34.63745925903321,-32.517729873657224,1.0,False,False,False,0,0,0,False,False
open,1002,178,7,3,-34.63745925903321,-29.62581425476074,1.0,False,False,False,0,0,0,False,False
open,1002,179,7,4,-34.63745925903321,-26.733898635864257,1.0,False,False,False,11,11,0,False,True
open,1002,180,7,5,-34.63745925903321,-23.841983016967774,1.0,False,False,False,34,34,0,False,True
open,1002,181,7,6,-34.63745925903321,-20.950067398071287,1.0,False,False,False,10,10,0,False,True
open,1002,182,7,7,-34.63745925903321,-18.058151779174803,1.0,False,False,False,8,8,0,False,True
open,1002,183,7,8,-34.63745925903321,-15.16623616027832,1.0,False,False,False,4,4,0,False,True
open,1002,184,7,9,-34.63745925903321,-12.274320541381837,1.0,False,False,False,8,8,0,False,True
open,1002,185,7,10,-34.63745925903321,-9.382404922485353,1.0,False,False,False,1,1,0,False,True
open,1002,186,7,11,-34.63745925903321,-6.490489303588866,1.0,False,False,False,14,14,0,False,True
open,1002,187,7,12,-34.63745925903321,-3.598573684692379,1.0,False,False,False,0,0,0,False,False
open,1002,188,7,13,-34.63745925903321,-0.7066580657958954,0.975609756097561,False,False,False,0,0,0,False,False
open,1002,189,7,14,-34.63745925903321,2.185257553100588,0.5609756097560976,False,False,False,0,0,0,False,False
open,1002,190,7,15,-34.63745925903321,5.077173171997071,0.0,True,True,True,0,0,0,False,False
open,1002,191,7,16,-34.63745925903321,7.969088790893554,0.0,True,True,True,0,0,0,False,False
open,1002,192,7,17,-34.63745925903321,10.861004409790038,0.0,True,True,True,0,0,0,False,False
open,1002,193,7,18,-34.63745925903321,13.752920028686521,0.0,True,True,True,0,0,0,False,False
open,1002,194,7,19,-34.63745925903321,16.644835647583005,0.0,True,True,True,0,0,0,False,False
open,1002,195,7,20,-34.63745925903321,19.536751266479488,0.0,True,True,True,0,0,0,False,False
open,1002,196,7,21,-34.63745925903321,22.42866688537598,0.0975609756097561,False,True,True,0,0,0,False,False
open,1002,197,7,22,-34.63745925903321,25.320582504272462,0.12195121951219512,False,True,False,0,0,0,False,False
open,1002,198,7,23,-34.63745925903321,28.212498123168945,0.12195121951219512,False,True,False,0,0,0,False,False
open,1002,199,7,24,-34.63745925903321,31.104413742065436,0.12195121951219512,False,True,False,0,0,0,False,False
open,1002,200,8,0,-31.257186111450196,-38.30156111145019,0.0,True,True,True,0,0,0,False,False
open,1002,201,8,1,-31.257186111450196,-35.40964549255371,0.36585365853658536,False,True,False,0,0,0,False,False
open,1002,202,8,2,-31.257186111450196,-32.517729873657224,0.8780487804878049,False,False,False,0,0,0,False,False
open,1002,203,8,3,-31.257186111450196,-29.62581425476074,1.0,False,False,False,0,0,0,False,False
open,1002,204,8,4,-31.257186111450196,-26.733898635864257,1.0,False,False,False,10,10,0,False,True
open,1002,205,8,5,-31.257186111450196,-23.841983016967774,1.0,False,False,False,43,43,0,False,True
open,1002,206,8,6,-31.257186111450196,-20.950067398071287,1.0,False,False,False,7,7,0,False,True
open,1002,207,8,7,-31.257186111450196,-18.058151779174803,1.0,False,False,False,46,46,0,False,True
open,1002,208,8,8,-31.257186111450196,-15.16623616027832,1.0,False,False,False,23,23,0,False,True
open,1002,209,8,9,-31.257186111450196,-12.274320541381837,1.0,False,False,False,16,16,0,False,True
open,1002,210,8,10,-31.257186111450196,-9.382404922485353,1.0,False,False,False,9,9,0,False,True
open,1002,211,8,11,-31.257186111450196,-6.490489303588866,1.0,False,False,False,14,14,0,False,True
open,1002,212,8,12,-31.257186111450196,-3.598573684692379,1.0,False,False,False,10,10,0,False,True
open,1002,213,8,13,-31.257186111450196,-0.7066580657958954,1.0,False,False,False,0,0,0,False,False
open,1002,214,8,14,-31.257186111450196,2.185257553100588,0.975609756097561,False,False,False,0,0,0,False,False
open,1002,215,8,15,-31.257186111450196,5.077173171997071,0.6341463414634146,False,False,False,0,0,0,False,False
open,1002,216,8,16,-31.257186111450196,7.969088790893554,0.12195121951219512,False,True,False,0,0,0,False,False
open,1002,217,8,17,-31.257186111450196,10.861004409790038,0.024390243902439025,False,True,True,0,0,0,False,False
open,1002,218,8,18,-31.257186111450196,13.752920028686521,0.0,True,True,True,0,0,0,False,False
open,1002,219,8,19,-31.257186111450196,16.644835647583005,0.2682926829268293,False,True,False,0,0,0,False,False
open,1002,220,8,20,-31.257186111450196,19.536751266479488,0.7073170731707317,False,False,False,0,0,0,False,False
open,1002,221,8,21,-31.257186111450196,22.42866688537598,0.8780487804878049,False,False,False,0,0,0,False,False
open,1002,222,8,22,-31.257186111450196,25.320582504272462,0.6585365853658537,False,False,False,0,0,0,False,False
open,1002,223,8,23,-31.257186111450196,28.212498123168945,0.6829268292682927,False,False,False,0,0,0,False,False
open,1002,224,8,24,-31.257186111450196,31.104413742065436,0.3902439024390244,False,True,False,0,0,0,False,False
open,1002,225,9,0,-27.87691296386719,-38.30156111145019,0.0,True,True,True,0,0,0,False,False
open,1002,226,9,1,-27.87691296386719,-35.40964549255371,0.0975609756097561,False,True,True,0,0,0,False,False
open,1002,227,9,2,-27.87691296386719,-32.517729873657224,0.6097560975609756,False,False,False,0,0,0,False,False
open,1002,228,9,3,-27.87691296386719,-29.62581425476074,1.0,False,False,False,0,0,0,False,False
open,1002,229,9,4,-27.87691296386719,-26.733898635864257,1.0,False,False,False,0,0,0,False,False
open,1002,230,9,5,-27.87691296386719,-23.841983016967774,1.0,False,False,False,18,18,0,False,True
open,1002,231,9,6,-27.87691296386719,-20.950067398071287,1.0,False,False,False,35,35,0,False,True
open,1002,232,9,7,-27.87691296386719,-18.058151779174803,1.0,False,False,False,25,25,0,False,True
open,1002,233,9,8,-27.87691296386719,-15.16623616027832,1.0,False,False,False,15,15,0,False,True
open,1002,234,9,9,-27.87691296386719,-12.274320541381837,1.0,False,False,False,17,17,0,False,True
open,1002,235,9,10,-27.87691296386719,-9.382404922485353,1.0,False,False,False,8,8,0,False,True
open,1002,236,9,11,-27.87691296386719,-6.490489303588866,1.0,False,False,False,38,38,0,False,True
open,1002,237,9,12,-27.87691296386719,-3.598573684692379,1.0,False,False,False,32,32,0,False,True
open,1002,238,9,13,-27.87691296386719,-0.7066580657958954,1.0,False,False,False,4,4,0,False,True
open,1002,239,9,14,-27.87691296386719,2.185257553100588,1.0,False,False,False,1,1,0,False,True
open,1002,240,9,15,-27.87691296386719,5.077173171997071,0.975609756097561,False,False,False,0,0,0,False,False
open,1002,241,9,16,-27.87691296386719,7.969088790893554,0.7804878048780488,False,False,False,0,0,0,False,False
open,1002,242,9,17,-27.87691296386719,10.861004409790038,0.8048780487804879,False,False,False,0,0,0,False,False
open,1002,243,9,18,-27.87691296386719,13.752920028686521,0.7560975609756098,False,False,False,0,0,0,False,False
open,1002,244,9,19,-27.87691296386719,16.644835647583005,0.926829268292683,False,False,False,0,0,0,False,False
open,1002,245,9,20,-27.87691296386719,19.536751266479488,1.0,False,False,False,0,0,0,False,False
open,1002,246,9,21,-27.87691296386719,22.42866688537598,1.0,False,False,False,4,4,0,False,True
open,1002,247,9,22,-27.87691296386719,25.320582504272462,1.0,False,False,False,1,1,0,False,True
open,1002,248,9,23,-27.87691296386719,28.212498123168945,1.0,False,False,False,0,0,0,False,False
open,1002,249,9,24,-27.87691296386719,31.104413742065436,1.0,False,False,False,0,0,0,False,False
open,1002,250,10,0,-24.49663981628418,-38.30156111145019,0.0,True,True,True,0,0,0,False,False
open,1002,251,10,1,-24.49663981628418,-35.40964549255371,0.0,True,True,True,0,0,0,False,False
open,1002,252,10,2,-24.49663981628418,-32.517729873657224,0.0,True,True,True,0,0,0,False,False
open,1002,253,10,3,-24.49663981628418,-29.62581425476074,0.975609756097561,False,False,False,0,0,0,False,False
open,1002,254,10,4,-24.49663981628418,-26.733898635864257,1.0,False,False,False,0,0,0,False,False
open,1002,255,10,5,-24.49663981628418,-23.841983016967774,1.0,False,False,False,12,12,0,False,True
open,1002,256,10,6,-24.49663981628418,-20.950067398071287,1.0,False,False,False,60,60,0,False,True
open,1002,257,10,7,-24.49663981628418,-18.058151779174803,1.0,False,False,False,42,42,0,False,True
open,1002,258,10,8,-24.49663981628418,-15.16623616027832,1.0,False,False,False,50,50,0,False,True
open,1002,259,10,9,-24.49663981628418,-12.274320541381837,1.0,False,False,False,39,39,0,False,True
open,1002,260,10,10,-24.49663981628418,-9.382404922485353,1.0,False,False,False,20,20,0,False,True
open,1002,261,10,11,-24.49663981628418,-6.490489303588866,1.0,False,False,False,16,16,0,False,True
open,1002,262,10,12,-24.49663981628418,-3.598573684692379,1.0,False,False,False,32,32,0,False,True
open,1002,263,10,13,-24.49663981628418,-0.7066580657958954,1.0,False,False,False,23,23,0,False,True
open,1002,264,10,14,-24.49663981628418,2.185257553100588,1.0,False,False,False,14,14,0,False,True
open,1002,265,10,15,-24.49663981628418,5.077173171997071,1.0,False,False,False,0,0,0,False,False
open,1002,266,10,16,-24.49663981628418,7.969088790893554,1.0,False,False,False,0,0,0,False,False
open,1002,267,10,17,-24.49663981628418,10.861004409790038,0.975609756097561,False,False,False,0,0,0,False,False
open,1002,268,10,18,-24.49663981628418,13.752920028686521,1.0,False,False,False,0,0,0,False,False
open,1002,269,10,19,-24.49663981628418,16.644835647583005,1.0,False,False,False,0,0,0,False,False
open,1002,270,10,20,-24.49663981628418,19.536751266479488,1.0,False,False,False,2,2,0,False,True
open,1002,271,10,21,-24.49663981628418,22.42866688537598,1.0,False,False,False,28,28,0,False,True
open,1002,272,10,22,-24.49663981628418,25.320582504272462,1.0,False,False,False,2,2,0,False,True
open,1002,273,10,23,-24.49663981628418,28.212498123168945,1.0,False,False,False,0,0,0,False,False
open,1002,274,10,24,-24.49663981628418,31.104413742065436,1.0,False,False,False,0,0,0,False,False
open,1002,275,11,0,-21.116366668701176,-38.30156111145019,0.0,True,True,True,0,0,0,False,False
open,1002,276,11,1,-21.116366668701176,-35.40964549255371,0.0,True,True,True,0,0,0,False,False
open,1002,277,11,2,-21.116366668701176,-32.517729873657224,0.0,True,True,True,0,0,0,False,False
open,1002,278,11,3,-21.116366668701176,-29.62581425476074,0.7804878048780488,False,False,False,0,0,0,False,False
open,1002,279,11,4,-21.116366668701176,-26.733898635864257,1.0,False,False,False,0,0,0,False,False
open,1002,280,11,5,-21.116366668701176,-23.841983016967774,1.0,False,False,False,4,4,0,False,True
open,1002,281,11,6,-21.116366668701176,-20.950067398071287,1.0,False,False,False,40,40,0,False,True
open,1002,282,11,7,-21.116366668701176,-18.058151779174803,1.0,False,False,False,41,41,0,False,True
open,1002,283,11,8,-21.116366668701176,-15.16623616027832,1.0,False,False,False,40,40,0,False,True
open,1002,284,11,9,-21.116366668701176,-12.274320541381837,1.0,False,False,False,41,41,0,False,True
open,1002,285,11,10,-21.116366668701176,-9.382404922485353,1.0,False,False,False,39,39,0,False,True
open,1002,286,11,11,-21.116366668701176,-6.490489303588866,1.0,False,False,False,4,4,0,False,True
open,1002,287,11,12,-21.116366668701176,-3.598573684692379,1.0,False,False,False,41,41,0,False,True
open,1002,288,11,13,-21.116366668701176,-0.7066580657958954,1.0,False,False,False,98,98,0,False,True
open,1002,289,11,14,-21.116366668701176,2.185257553100588,1.0,False,False,False,20,20,0,False,True
open,1002,290,11,15,-21.116366668701176,5.077173171997071,1.0,False,False,False,0,0,0,False,False
open,1002,291,11,16,-21.116366668701176,7.969088790893554,1.0,False,False,False,0,0,0,False,False
open,1002,292,11,17,-21.116366668701176,10.861004409790038,1.0,False,False,False,16,16,0,False,True
open,1002,293,11,18,-21.116366668701176,13.752920028686521,1.0,False,False,False,7,7,0,False,True
open,1002,294,11,19,-21.116366668701176,16.644835647583005,1.0,False,False,False,0,0,0,False,False
open,1002,295,11,20,-21.116366668701176,19.536751266479488,1.0,False,False,False,23,23,0,False,True
open,1002,296,11,21,-21.116366668701176,22.42866688537598,1.0,False,False,False,81,81,0,False,True
open,1002,297,11,22,-21.116366668701176,25.320582504272462,1.0,False,False,False,0,0,0,False,False
open,1002,298,11,23,-21.116366668701176,28.212498123168945,1.0,False,False,False,0,0,0,False,False
open,1002,299,11,24,-21.116366668701176,31.104413742065436,1.0,False,False,False,0,0,0,False,False
open,1002,300,12,0,-17.736093521118164,-38.30156111145019,0.0,True,True,True,0,0,0,False,False
open,1002,301,12,1,-17.736093521118164,-35.40964549255371,0.0,True,True,True,0,0,0,False,False
open,1002,302,12,2,-17.736093521118164,-32.517729873657224,0.0,True,True,True,0,0,0,False,False
open,1002,303,12,3,-17.736093521118164,-29.62581425476074,0.1951219512195122,False,True,False,0,0,0,False,False
open,1002,304,12,4,-17.736093521118164,-26.733898635864257,1.0,False,False,False,0,0,0,False,False
open,1002,305,12,5,-17.736093521118164,-23.841983016967774,1.0,False,False,False,0,0,0,False,False
open,1002,306,12,6,-17.736093521118164,-20.950067398071287,1.0,False,False,False,12,12,0,False,True
open,1002,307,12,7,-17.736093521118164,-18.058151779174803,1.0,False,False,False,63,63,0,False,True
open,1002,308,12,8,-17.736093521118164,-15.16623616027832,1.0,False,False,False,39,39,0,False,True
open,1002,309,12,9,-17.736093521118164,-12.274320541381837,1.0,False,False,False,24,24,0,False,True
open,1002,310,12,10,-17.736093521118164,-9.382404922485353,1.0,False,False,False,55,55,0,False,True
open,1002,311,12,11,-17.736093521118164,-6.490489303588866,1.0,False,False,False,43,43,0,False,True
open,1002,312,12,12,-17.736093521118164,-3.598573684692379,1.0,False,False,False,33,33,0,False,True
open,1002,313,12,13,-17.736093521118164,-0.7066580657958954,1.0,False,False,False,107,107,0,False,True
open,1002,314,12,14,-17.736093521118164,2.185257553100588,1.0,False,False,False,16,16,0,False,True
open,1002,315,12,15,-17.736093521118164,5.077173171997071,1.0,False,False,False,7,7,0,False,True
open,1002,316,12,16,-17.736093521118164,7.969088790893554,1.0,False,False,False,17,17,0,False,True
open,1002,317,12,17,-17.736093521118164,10.861004409790038,1.0,False,False,False,64,64,0,False,True
open,1002,318,12,18,-17.736093521118164,13.752920028686521,1.0,False,False,False,9,9,0,False,True
open,1002,319,12,19,-17.736093521118164,16.644835647583005,1.0,False,False,False,56,56,0,False,True
open,1002,320,12,20,-17.736093521118164,19.536751266479488,1.0,False,False,False,127,127,0,False,True
open,1002,321,12,21,-17.736093521118164,22.42866688537598,1.0,False,False,False,60,60,0,False,True
open,1002,322,12,22,-17.736093521118164,25.320582504272462,1.0,False,False,False,1,1,0,False,True
open,1002,323,12,23,-17.736093521118164,28.212498123168945,1.0,False,False,False,0,0,0,False,False
open,1002,324,12,24,-17.736093521118164,31.104413742065436,1.0,False,False,False,0,0,0,False,False
open,1002,325,13,0,-14.355820373535154,-38.30156111145019,0.0,True,True,True,0,0,0,False,False
open,1002,326,13,1,-14.355820373535154,-35.40964549255371,0.0,True,True,True,0,0,0,False,False
open,1002,327,13,2,-14.355820373535154,-32.517729873657224,0.0,True,True,True,0,0,0,False,False
open,1002,328,13,3,-14.355820373535154,-29.62581425476074,0.0,True,True,True,0,0,0,False,False
open,1002,329,13,4,-14.355820373535154,-26.733898635864257,0.9024390243902439,False,False,False,0,0,0,False,False
open,1002,330,13,5,-14.355820373535154,-23.841983016967774,1.0,False,False,False,0,0,0,False,False
open,1002,331,13,6,-14.355820373535154,-20.950067398071287,1.0,False,False,False,1,1,0,False,True
open,1002,332,13,7,-14.355820373535154,-18.058151779174803,1.0,False,False,False,26,26,0,False,True
open,1002,333,13,8,-14.355820373535154,-15.16623616027832,1.0,False,False,False,80,80,0,False,True
open,1002,334,13,9,-14.355820373535154,-12.274320541381837,1.0,False,False,False,42,42,0,False,True
open,1002,335,13,10,-14.355820373535154,-9.382404922485353,1.0,False,False,False,58,58,0,False,True
open,1002,336,13,11,-14.355820373535154,-6.490489303588866,1.0,False,False,False,24,24,0,False,True
open,1002,337,13,12,-14.355820373535154,-3.598573684692379,1.0,False,False,False,64,64,0,False,True
open,1002,338,13,13,-14.355820373535154,-0.7066580657958954,1.0,False,False,False,56,56,0,False,True
open,1002,339,13,14,-14.355820373535154,2.185257553100588,1.0,False,False,False,26,26,0,False,True
open,1002,340,13,15,-14.355820373535154,5.077173171997071,1.0,False,False,False,23,23,0,False,True
open,1002,341,13,16,-14.355820373535154,7.969088790893554,1.0,False,False,False,52,52,0,False,True
open,1002,342,13,17,-14.355820373535154,10.861004409790038,1.0,False,False,False,77,77,0,False,True
open,1002,343,13,18,-14.355820373535154,13.752920028686521,1.0,False,False,False,11,11,0,False,True
open,1002,344,13,19,-14.355820373535154,16.644835647583005,1.0,False,False,False,65,65,0,False,True
open,1002,345,13,20,-14.355820373535154,19.536751266479488,1.0,False,False,False,13,13,0,False,True
open,1002,346,13,21,-14.355820373535154,22.42866688537598,1.0,False,False,False,1,1,0,False,True
open,1002,347,13,22,-14.355820373535154,25.320582504272462,1.0,False,False,False,0,0,0,False,False
open,1002,348,13,23,-14.355820373535154,28.212498123168945,1.0,False,False,False,0,0,0,False,False
open,1002,349,13,24,-14.355820373535154,31.104413742065436,1.0,False,False,False,0,0,0,False,False
open,1002,350,14,0,-10.97554722595215,-38.30156111145019,0.0,True,True,True,0,0,0,False,False
open,1002,351,14,1,-10.97554722595215,-35.40964549255371,0.0,True,True,True,0,0,0,False,False
open,1002,352,14,2,-10.97554722595215,-32.517729873657224,0.0,True,True,True,0,0,0,False,False
open,1002,353,14,3,-10.97554722595215,-29.62581425476074,0.0,True,True,True,0,0,0,False,False
open,1002,354,14,4,-10.97554722595215,-26.733898635864257,0.3902439024390244,False,True,False,0,0,0,False,False
open,1002,355,14,5,-10.97554722595215,-23.841983016967774,1.0,False,False,False,0,0,0,False,False
open,1002,356,14,6,-10.97554722595215,-20.950067398071287,1.0,False,False,False,0,0,0,False,False
open,1002,357,14,7,-10.97554722595215,-18.058151779174803,1.0,False,False,False,5,5,0,False,True
open,1002,358,14,8,-10.97554722595215,-15.16623616027832,1.0,False,False,False,21,21,0,False,True
open,1002,359,14,9,-10.97554722595215,-12.274320541381837,1.0,False,False,False,46,46,0,False,True
open,1002,360,14,10,-10.97554722595215,-9.382404922485353,1.0,False,False,False,62,62,0,False,True
open,1002,361,14,11,-10.97554722595215,-6.490489303588866,1.0,False,False,False,48,48,0,False,True
open,1002,362,14,12,-10.97554722595215,-3.598573684692379,1.0,False,False,False,72,72,0,False,True
open,1002,363,14,13,-10.97554722595215,-0.7066580657958954,1.0,False,False,False,113,113,0,False,True
open,1002,364,14,14,-10.97554722595215,2.185257553100588,1.0,False,False,False,47,47,0,False,True
open,1002,365,14,15,-10.97554722595215,5.077173171997071,1.0,False,False,False,44,44,0,False,True
open,1002,366,14,16,-10.97554722595215,7.969088790893554,1.0,False,False,False,78,78,0,False,True
open,1002,367,14,17,-10.97554722595215,10.861004409790038,1.0,False,False,False,92,92,0,False,True
open,1002,368,14,18,-10.97554722595215,13.752920028686521,1.0,False,False,False,43,43,0,False,True
open,1002,369,14,19,-10.97554722595215,16.644835647583005,1.0,False,False,False,0,0,0,False,False
open,1002,370,14,20,-10.97554722595215,19.536751266479488,1.0,False,False,False,0,0,0,False,False
open,1002,371,14,21,-10.97554722595215,22.42866688537598,1.0,False,False,False,0,0,0,False,False
open,1002,372,14,22,-10.97554722595215,25.320582504272462,0.7560975609756098,False,False,False,0,0,0,False,False
open,1002,373,14,23,-10.97554722595215,28.212498123168945,0.4146341463414634,False,True,False,0,0,0,False,False
open,1002,374,14,24,-10.97554722595215,31.104413742065436,0.07317073170731707,False,True,True,0,0,0,False,False
open,1002,375,15,0,-7.595274078369146,-38.30156111145019,0.0,True,True,True,0,0,0,False,False
open,1002,376,15,1,-7.595274078369146,-35.40964549255371,0.0,True,True,True,0,0,0,False,False
open,1002,377,15,2,-7.595274078369146,-32.517729873657224,0.0,True,True,True,0,0,0,False,False
open,1002,378,15,3,-7.595274078369146,-29.62581425476074,0.0,True,True,True,0,0,0,False,False
open,1002,379,15,4,-7.595274078369146,-26.733898635864257,0.6829268292682927,False,False,False,0,0,0,False,False
open,1002,380,15,5,-7.595274078369146,-23.841983016967774,1.0,False,False,False,0,0,0,False,False
open,1002,381,15,6,-7.595274078369146,-20.950067398071287,1.0,False,False,False,7,7,0,False,True
open,1002,382,15,7,-7.595274078369146,-18.058151779174803,1.0,False,False,False,70,70,0,False,True
open,1002,383,15,8,-7.595274078369146,-15.16623616027832,1.0,False,False,False,72,72,0,False,True
open,1002,384,15,9,-7.595274078369146,-12.274320541381837,1.0,False,False,False,36,36,0,False,True
open,1002,385,15,10,-7.595274078369146,-9.382404922485353,1.0,False,False,False,17,17,0,False,True
open,1002,386,15,11,-7.595274078369146,-6.490489303588866,1.0,False,False,False,78,78,0,False,True
open,1002,387,15,12,-7.595274078369146,-3.598573684692379,1.0,False,False,False,58,58,0,False,True
open,1002,388,15,13,-7.595274078369146,-0.7066580657958954,1.0,False,False,False,128,128,0,False,True
open,1002,389,15,14,-7.595274078369146,2.185257553100588,1.0,False,False,False,124,124,0,False,True
open,1002,390,15,15,-7.595274078369146,5.077173171997071,1.0,False,False,False,90,90,0,False,True
open,1002,391,15,16,-7.595274078369146,7.969088790893554,1.0,False,False,False,348,348,0,False,True
open,1002,392,15,17,-7.595274078369146,10.861004409790038,1.0,False,False,False,430,430,0,False,True
open,1002,393,15,18,-7.595274078369146,13.752920028686521,1.0,False,False,False,213,213,0,False,True
open,1002,394,15,19,-7.595274078369146,16.644835647583005,1.0,False,False,False,0,0,0,False,False
open,1002,395,15,20,-7.595274078369146,19.536751266479488,1.0,False,False,False,0,0,0,False,False
open,1002,396,15,21,-7.595274078369146,22.42866688537598,0.2926829268292683,False,True,False,0,0,0,False,False
open,1002,397,15,22,-7.595274078369146,25.320582504272462,0.0,True,True,True,0,0,0,False,False
open,1002,398,15,23,-7.595274078369146,28.212498123168945,0.0,True,True,True,0,0,0,False,False
open,1002,399,15,24,-7.595274078369146,31.104413742065436,0.0,True,True,True,0,0,0,False,False
open,1002,400,16,0,-4.215000930786134,-38.30156111145019,0.0,True,True,True,0,0,0,False,False
open,1002,401,16,1,-4.215000930786134,-35.40964549255371,0.0,True,True,True,0,0,0,False,False
open,1002,402,16,2,-4.215000930786134,-32.517729873657224,0.0,True,True,True,0,0,0,False,False
open,1002,403,16,3,-4.215000930786134,-29.62581425476074,0.0,True,True,True,0,0,0,False,False
open,1002,404,16,4,-4.215000930786134,-26.733898635864257,0.975609756097561,False,False,False,0,0,0,False,False
open,1002,405,16,5,-4.215000930786134,-23.841983016967774,1.0,False,False,False,0,0,0,False,False
open,1002,406,16,6,-4.215000930786134,-20.950067398071287,1.0,False,False,False,12,12,0,False,True
open,1002,407,16,7,-4.215000930786134,-18.058151779174803,1.0,False,False,False,62,62,0,False,True
open,1002,408,16,8,-4.215000930786134,-15.16623616027832,1.0,False,False,False,18,18,0,False,True
open,1002,409,16,9,-4.215000930786134,-12.274320541381837,1.0,False,False,False,76,76,0,False,True
open,1002,410,16,10,-4.215000930786134,-9.382404922485353,1.0,False,False,False,85,85,0,False,True
open,1002,411,16,11,-4.215000930786134,-6.490489303588866,1.0,False,False,False,193,193,0,False,True
open,1002,412,16,12,-4.215000930786134,-3.598573684692379,1.0,False,False,False,226,226,0,False,True
open,1002,413,16,13,-4.215000930786134,-0.7066580657958954,1.0,False,False,False,205,205,0,False,True
open,1002,414,16,14,-4.215000930786134,2.185257553100588,1.0,False,False,False,225,225,0,False,True
open,1002,415,16,15,-4.215000930786134,5.077173171997071,1.0,False,False,False,317,317,0,False,True
open,1002,416,16,16,-4.215000930786134,7.969088790893554,1.0,False,False,False,411,411,0,False,True
open,1002,417,16,17,-4.215000930786134,10.861004409790038,1.0,False,False,False,191,191,0,False,True
open,1002,418,16,18,-4.215000930786134,13.752920028686521,1.0,False,False,False,23,23,0,False,True
open,1002,419,16,19,-4.215000930786134,16.644835647583005,1.0,False,False,False,0,0,0,False,False
open,1002,420,16,20,-4.215000930786134,19.536751266479488,1.0,False,False,False,0,0,0,False,False
open,1002,421,16,21,-4.215000930786134,22.42866688537598,0.0,True,True,True,0,0,0,False,False
open,1002,422,16,22,-4.215000930786134,25.320582504272462,0.0,True,True,True,0,0,0,False,False
open,1002,423,16,23,-4.215000930786134,28.212498123168945,0.0,True,True,True,0,0,0,False,False
open,1002,424,16,24,-4.215000930786134,31.104413742065436,0.0,True,True,True,0,0,0,False,False
open,1002,425,17,0,-0.8347277832031228,-38.30156111145019,0.0,True,True,True,0,0,0,False,False
open,1002,426,17,1,-0.8347277832031228,-35.40964549255371,0.0,True,True,True,0,0,0,False,False
open,1002,427,17,2,-0.8347277832031228,-32.517729873657224,0.0,True,True,True,0,0,0,False,False
open,1002,428,17,3,-0.8347277832031228,-29.62581425476074,0.0,True,True,True,0,0,0,False,False
open,1002,429,17,4,-0.8347277832031228,-26.733898635864257,0.9512195121951219,False,False,False,0,0,0,False,False
open,1002,430,17,5,-0.8347277832031228,-23.841983016967774,1.0,False,False,False,0,0,0,False,False
open,1002,431,17,6,-0.8347277832031228,-20.950067398071287,1.0,False,False,False,10,10,0,False,True
open,1002,432,17,7,-0.8347277832031228,-18.058151779174803,1.0,False,False,False,31,31,0,False,True
open,1002,433,17,8,-0.8347277832031228,-15.16623616027832,1.0,False,False,False,89,89,0,False,True
open,1002,434,17,9,-0.8347277832031228,-12.274320541381837,1.0,False,False,False,32,32,0,False,True
open,1002,435,17,10,-0.8347277832031228,-9.382404922485353,1.0,False,False,False,93,93,0,False,True
open,1002,436,17,11,-0.8347277832031228,-6.490489303588866,1.0,False,False,False,349,349,0,False,True
open,1002,437,17,12,-0.8347277832031228,-3.598573684692379,1.0,False,False,False,797,797,0,False,True
open,1002,438,17,13,-0.8347277832031228,-0.7066580657958954,1.0,False,False,False,1666,1666,0,False,True
open,1002,439,17,14,-0.8347277832031228,2.185257553100588,1.0,False,False,False,642,642,0,False,True
open,1002,440,17,15,-0.8347277832031228,5.077173171997071,1.0,False,False,False,252,252,0,False,True
open,1002,441,17,16,-0.8347277832031228,7.969088790893554,1.0,False,False,False,29,29,0,False,True
open,1002,442,17,17,-0.8347277832031228,10.861004409790038,1.0,False,False,False,7,7,0,False,True
open,1002,443,17,18,-0.8347277832031228,13.752920028686521,1.0,False,False,False,0,0,0,False,False
open,1002,444,17,19,-0.8347277832031228,16.644835647583005,1.0,False,False,False,0,0,0,False,False
open,1002,445,17,20,-0.8347277832031228,19.536751266479488,0.0,True,True,True,0,0,0,False,False
open,1002,446,17,21,-0.8347277832031228,22.42866688537598,0.0,True,True,True,0,0,0,False,False
open,1002,447,17,22,-0.8347277832031228,25.320582504272462,0.0,True,True,True,0,0,0,False,False
open,1002,448,17,23,-0.8347277832031228,28.212498123168945,0.0,True,True,True,0,0,0,False,False
open,1002,449,17,24,-0.8347277832031228,31.104413742065436,0.0,True,True,True,0,0,0,False,False
open,1002,450,18,0,2.5455453643798815,-38.30156111145019,0.0,True,True,True,0,0,0,False,False
open,1002,451,18,1,2.5455453643798815,-35.40964549255371,0.0,True,True,True,0,0,0,False,False
open,1002,452,18,2,2.5455453643798815,-32.517729873657224,0.0,True,True,True,0,0,0,False,False
open,1002,453,18,3,2.5455453643798815,-29.62581425476074,0.0,True,True,True,0,0,0,False,False
open,1002,454,18,4,2.5455453643798815,-26.733898635864257,0.4634146341463415,False,True,False,0,0,0,False,False
open,1002,455,18,5,2.5455453643798815,-23.841983016967774,1.0,False,False,False,0,0,0,False,False
open,1002,456,18,6,2.5455453643798815,-20.950067398071287,1.0,False,False,False,0,0,0,False,False
open,1002,457,18,7,2.5455453643798815,-18.058151779174803,1.0,False,False,False,9,9,0,False,True
open,1002,458,18,8,2.5455453643798815,-15.16623616027832,1.0,False,False,False,21,21,0,False,True
open,1002,459,18,9,2.5455453643798815,-12.274320541381837,1.0,False,False,False,49,49,0,False,True
open,1002,460,18,10,2.5455453643798815,-9.382404922485353,1.0,False,False,False,177,177,0,False,True
open,1002,461,18,11,2.5455453643798815,-6.490489303588866,1.0,False,False,False,445,445,0,False,True
open,1002,462,18,12,2.5455453643798815,-3.598573684692379,1.0,False,False,False,712,712,0,False,True
open,1002,463,18,13,2.5455453643798815,-0.7066580657958954,1.0,False,False,False,1219,1219,0,False,True
open,1002,464,18,14,2.5455453643798815,2.185257553100588,1.0,False,False,False,1070,1070,0,False,True
open,1002,465,18,15,2.5455453643798815,5.077173171997071,1.0,False,False,False,172,172,0,False,True
open,1002,466,18,16,2.5455453643798815,7.969088790893554,1.0,False,False,False,22,22,0,False,True
open,1002,467,18,17,2.5455453643798815,10.861004409790038,1.0,False,False,False,0,0,0,False,False
open,1002,468,18,18,2.5455453643798815,13.752920028686521,0.9512195121951219,False,False,False,0,0,0,False,False
open,1002,469,18,19,2.5455453643798815,16.644835647583005,0.3902439024390244,False,True,False,0,0,0,False,False
open,1002,470,18,20,2.5455453643798815,19.536751266479488,0.0,True,True,True,0,0,0,False,False
open,1002,471,18,21,2.5455453643798815,22.42866688537598,0.0,True,True,True,0,0,0,False,False
open,1002,472,18,22,2.5455453643798815,25.320582504272462,0.0,True,True,True,0,0,0,False,False
open,1002,473,18,23,2.5455453643798815,28.212498123168945,0.0,True,True,True,0,0,0,False,False
open,1002,474,18,24,2.5455453643798815,31.104413742065436,0.0,True,True,True,0,0,0,False,False
open,1002,475,19,0,5.925818511962886,-38.30156111145019,0.0,True,True,True,0,0,0,False,False
open,1002,476,19,1,5.925818511962886,-35.40964549255371,0.0,True,True,True,0,0,0,False,False
open,1002,477,19,2,5.925818511962886,-32.517729873657224,0.0,True,True,True,0,0,0,False,False
open,1002,478,19,3,5.925818511962886,-29.62581425476074,0.0,True,True,True,0,0,0,False,False
open,1002,479,19,4,5.925818511962886,-26.733898635864257,0.0,True,True,True,0,0,0,False,False
open,1002,480,19,5,5.925818511962886,-23.841983016967774,0.4878048780487805,False,True,False,0,0,0,False,False
open,1002,481,19,6,5.925818511962886,-20.950067398071287,0.975609756097561,False,False,False,0,0,0,False,False
open,1002,482,19,7,5.925818511962886,-18.058151779174803,1.0,False,False,False,0,0,0,False,False
open,1002,483,19,8,5.925818511962886,-15.16623616027832,1.0,False,False,False,43,43,0,False,True
open,1002,484,19,9,5.925818511962886,-12.274320541381837,1.0,False,False,False,82,82,0,False,True
open,1002,485,19,10,5.925818511962886,-9.382404922485353,1.0,False,False,False,111,111,0,False,True
open,1002,486,19,11,5.925818511962886,-6.490489303588866,1.0,False,False,False,315,315,0,False,True
open,1002,487,19,12,5.925818511962886,-3.598573684692379,1.0,False,False,False,543,543,0,False,True
open,1002,488,19,13,5.925818511962886,-0.7066580657958954,1.0,False,False,False,562,562,0,False,True
open,1002,489,19,14,5.925818511962886,2.185257553100588,1.0,False,False,False,226,226,0,False,True
open,1002,490,19,15,5.925818511962886,5.077173171997071,1.0,False,False,False,155,155,0,False,True
open,1002,491,19,16,5.925818511962886,7.969088790893554,1.0,False,False,False,8,8,0,False,True
open,1002,492,19,17,5.925818511962886,10.861004409790038,1.0,False,False,False,0,0,0,False,False
open,1002,493,19,18,5.925818511962886,13.752920028686521,0.5121951219512195,False,False,False,0,0,0,False,False
open,1002,494,19,19,5.925818511962886,16.644835647583005,0.0,True,True,True,0,0,0,False,False
open,1002,495,19,20,5.925818511962886,19.536751266479488,0.0,True,True,True,0,0,0,False,False
open,1002,496,19,21,5.925818511962886,22.42866688537598,0.0,True,True,True,0,0,0,False,False
open,1002,497,19,22,5.925818511962886,25.320582504272462,0.0,True,True,True,0,0,0,False,False
open,1002,498,19,23,5.925818511962886,28.212498123168945,0.0,True,True,True,0,0,0,False,False
open,1002,499,19,24,5.925818511962886,31.104413742065436,0.0,True,True,True,0,0,0,False,False
open,1002,500,20,0,9.306091659545897,-38.30156111145019,0.0,True,True,True,0,0,0,False,False
open,1002,501,20,1,9.306091659545897,-35.40964549255371,0.0,True,True,True,0,0,0,False,False
open,1002,502,20,2,9.306091659545897,-32.517729873657224,0.0,True,True,True,0,0,0,False,False
open,1002,503,20,3,9.306091659545897,-29.62581425476074,0.0,True,True,True,0,0,0,False,False
open,1002,504,20,4,9.306091659545897,-26.733898635864257,0.0,True,True,True,0,0,0,False,False
open,1002,505,20,5,9.306091659545897,-23.841983016967774,0.0,True,True,True,0,0,0,False,False
open,1002,506,20,6,9.306091659545897,-20.950067398071287,0.7317073170731707,False,False,False,0,0,0,False,False
open,1002,507,20,7,9.306091659545897,-18.058151779174803,1.0,False,False,False,0,0,0,False,False
open,1002,508,20,8,9.306091659545897,-15.16623616027832,1.0,False,False,False,4,4,0,False,True
open,1002,509,20,9,9.306091659545897,-12.274320541381837,1.0,False,False,False,91,91,0,False,True
open,1002,510,20,10,9.306091659545897,-9.382404922485353,1.0,False,False,False,149,149,0,False,True
open,1002,511,20,11,9.306091659545897,-6.490489303588866,1.0,False,False,False,125,125,0,False,True
open,1002,512,20,12,9.306091659545897,-3.598573684692379,1.0,False,False,False,1750,1750,0,False,True
open,1002,513,20,13,9.306091659545897,-0.7066580657958954,1.0,False,False,False,172,172,0,False,True
open,1002,514,20,14,9.306091659545897,2.185257553100588,1.0,False,False,False,26,26,0,False,True
open,1002,515,20,15,9.306091659545897,5.077173171997071,1.0,False,False,False,0,0,0,False,False
open,1002,516,20,16,9.306091659545897,7.969088790893554,1.0,False,False,False,0,0,0,False,False
open,1002,517,20,17,9.306091659545897,10.861004409790038,1.0,False,False,False,0,0,0,False,False
open,1002,518,20,18,9.306091659545897,13.752920028686521,0.0,True,True,True,0,0,0,False,False
open,1002,519,20,19,9.306091659545897,16.644835647583005,0.0,True,True,True,0,0,0,False,False
open,1002,520,20,20,9.306091659545897,19.536751266479488,0.0,True,True,True,0,0,0,False,False
open,1002,521,20,21,9.306091659545897,22.42866688537598,0.0,True,True,True,0,0,0,False,False
open,1002,522,20,22,9.306091659545897,25.320582504272462,0.0,True,True,True,0,0,0,False,False
open,1002,523,20,23,9.306091659545897,28.212498123168945,0.0,True,True,True,0,0,0,False,False
open,1002,524,20,24,9.306091659545897,31.104413742065436,0.0,True,True,True,0,0,0,False,False
open,1002,525,21,0,12.686364807128909,-38.30156111145019,0.0,True,True,True,0,0,0,False,False
open,1002,526,21,1,12.686364807128909,-35.40964549255371,0.0,True,True,True,0,0,0,False,False
open,1002,527,21,2,12.686364807128909,-32.517729873657224,0.0,True,True,True,0,0,0,False,False
open,1002,528,21,3,12.686364807128909,-29.62581425476074,0.0,True,True,True,0,0,0,False,False
open,1002,529,21,4,12.686364807128909,-26.733898635864257,0.0,True,True,True,0,0,0,False,False
open,1002,530,21,5,12.686364807128909,-23.841983016967774,0.0,True,True,True,0,0,0,False,False
open,1002,531,21,6,12.686364807128909,-20.950067398071287,0.5609756097560976,False,False,False,0,0,0,False,False
open,1002,532,21,7,12.686364807128909,-18.058151779174803,1.0,False,False,False,0,0,0,False,False
open,1002,533,21,8,12.686364807128909,-15.16623616027832,1.0,False,False,False,0,0,0,False,False
open,1002,534,21,9,12.686364807128909,-12.274320541381837,1.0,False,False,False,187,187,0,False,True
open,1002,535,21,10,12.686364807128909,-9.382404922485353,1.0,False,False,False,122,122,0,False,True
open,1002,536,21,11,12.686364807128909,-6.490489303588866,1.0,False,False,False,16,16,0,False,True
open,1002,537,21,12,12.686364807128909,-3.598573684692379,1.0,False,False,False,5,5,0,False,True
open,1002,538,21,13,12.686364807128909,-0.7066580657958954,1.0,False,False,False,68,68,0,False,True
open,1002,539,21,14,12.686364807128909,2.185257553100588,1.0,False,False,False,0,0,0,False,False
open,1002,540,21,15,12.686364807128909,5.077173171997071,1.0,False,False,False,0,0,0,False,False
open,1002,541,21,16,12.686364807128909,7.969088790893554,0.975609756097561,False,False,False,0,0,0,False,False
open,1002,542,21,17,12.686364807128909,10.861004409790038,0.0975609756097561,False,True,True,0,0,0,False,False
open,1002,543,21,18,12.686364807128909,13.752920028686521,0.0,True,True,True,0,0,0,False,False
open,1002,544,21,19,12.686364807128909,16.644835647583005,0.0,True,True,True,0,0,0,False,False
open,1002,545,21,20,12.686364807128909,19.536751266479488,0.0,True,True,True,0,0,0,False,False
open,1002,546,21,21,12.686364807128909,22.42866688537598,0.0,True,True,True,0,0,0,False,False
open,1002,547,21,22,12.686364807128909,25.320582504272462,0.0,True,True,True,0,0,0,False,False
open,1002,548,21,23,12.686364807128909,28.212498123168945,0.0,True,True,True,0,0,0,False,False
open,1002,549,21,24,12.686364807128909,31.104413742065436,0.0,True,True,True,0,0,0,False,False
open,1002,550,22,0,16.066637954711908,-38.30156111145019,0.0,True,True,True,0,0,0,False,False
open,1002,551,22,1,16.066637954711908,-35.40964549255371,0.0,True,True,True,0,0,0,False,False
open,1002,552,22,2,16.066637954711908,-32.517729873657224,0.0,True,True,True,0,0,0,False,False
open,1002,553,22,3,16.066637954711908,-29.62581425476074,0.0,True,True,True,0,0,0,False,False
open,1002,554,22,4,16.066637954711908,-26.733898635864257,0.0,True,True,True,0,0,0,False,False
open,1002,555,22,5,16.066637954711908,-23.841983016967774,0.0,True,True,True,0,0,0,False,False
open,1002,556,22,6,16.066637954711908,-20.950067398071287,0.34146341463414637,False,True,False,0,0,0,False,False
open,1002,557,22,7,16.066637954711908,-18.058151779174803,1.0,False,False,False,0,0,0,False,False
open,1002,558,22,8,16.066637954711908,-15.16623616027832,1.0,False,False,False,6,6,0,False,True
open,1002,559,22,9,16.066637954711908,-12.274320541381837,1.0,False,False,False,31,31,0,False,True
open,1002,560,22,10,16.066637954711908,-9.382404922485353,1.0,False,False,False,1,1,0,False,True
open,1002,561,22,11,16.066637954711908,-6.490489303588866,1.0,False,False,False,0,0,0,False,False
open,1002,562,22,12,16.066637954711908,-3.598573684692379,1.0,False,False,False,0,0,0,False,False
open,1002,563,22,13,16.066637954711908,-0.7066580657958954,1.0,False,False,False,0,0,0,False,False
open,1002,564,22,14,16.066637954711908,2.185257553100588,1.0,False,False,False,0,0,0,False,False
open,1002,565,22,15,16.066637954711908,5.077173171997071,0.8780487804878049,False,False,False,0,0,0,False,False
open,1002,566,22,16,16.066637954711908,7.969088790893554,0.0,True,True,True,0,0,0,False,False
open,1002,567,22,17,16.066637954711908,10.861004409790038,0.0,True,True,True,0,0,0,False,False
open,1002,568,22,18,16.066637954711908,13.752920028686521,0.0,True,True,True,0,0,0,False,False
open,1002,569,22,19,16.066637954711908,16.644835647583005,0.0,True,True,True,0,0,0,False,False
open,1002,570,22,20,16.066637954711908,19.536751266479488,0.0,True,True,True,0,0,0,False,False
open,1002,571,22,21,16.066637954711908,22.42866688537598,0.0,True,True,True,0,0,0,False,False
open,1002,572,22,22,16.066637954711908,25.320582504272462,0.0,True,True,True,0,0,0,False,False
open,1002,573,22,23,16.066637954711908,28.212498123168945,0.0,True,True,True,0,0,0,False,False
open,1002,574,22,24,16.066637954711908,31.104413742065436,0.0,True,True,True,0,0,0,False,False
open,1002,575,23,0,19.44691110229492,-38.30156111145019,0.0,True,True,True,0,0,0,False,False
open,1002,576,23,1,19.44691110229492,-35.40964549255371,0.0,True,True,True,0,0,0,False,False
open,1002,577,23,2,19.44691110229492,-32.517729873657224,0.0,True,True,True,0,0,0,False,False
open,1002,578,23,3,19.44691110229492,-29.62581425476074,0.0,True,True,True,0,0,0,False,False
open,1002,579,23,4,19.44691110229492,-26.733898635864257,0.0,True,True,True,0,0,0,False,False
open,1002,580,23,5,19.44691110229492,-23.841983016967774,0.0,True,True,True,0,0,0,False,False
open,1002,581,23,6,19.44691110229492,-20.950067398071287,0.4878048780487805,False,True,False,0,0,0,False,False
open,1002,582,23,7,19.44691110229492,-18.058151779174803,1.0,False,False,False,0,0,0,False,False
open,1002,583,23,8,19.44691110229492,-15.16623616027832,1.0,False,False,False,0,0,0,False,False
open,1002,584,23,9,19.44691110229492,-12.274320541381837,1.0,False,False,False,0,0,0,False,False
open,1002,585,23,10,19.44691110229492,-9.382404922485353,1.0,False,False,False,0,0,0,False,False
open,1002,586,23,11,19.44691110229492,-6.490489303588866,1.0,False,False,False,0,0,0,False,False
open,1002,587,23,12,19.44691110229492,-3.598573684692379,1.0,False,False,False,0,0,0,False,False
open,1002,588,23,13,19.44691110229492,-0.7066580657958954,1.0,False,False,False,0,0,0,False,False
open,1002,589,23,14,19.44691110229492,2.185257553100588,1.0,False,False,False,0,0,0,False,False
open,1002,590,23,15,19.44691110229492,5.077173171997071,0.1951219512195122,False,True,False,0,0,0,False,False
open,1002,591,23,16,19.44691110229492,7.969088790893554,0.0,True,True,True,0,0,0,False,False
open,1002,592,23,17,19.44691110229492,10.861004409790038,0.0,True,True,True,0,0,0,False,False
open,1002,593,23,18,19.44691110229492,13.752920028686521,0.0,True,True,True,0,0,0,False,False
open,1002,594,23,19,19.44691110229492,16.644835647583005,0.0,True,True,True,0,0,0,False,False
open,1002,595,23,20,19.44691110229492,19.536751266479488,0.0,True,True,True,0,0,0,False,False
open,1002,596,23,21,19.44691110229492,22.42866688537598,0.0,True,True,True,0,0,0,False,False
open,1002,597,23,22,19.44691110229492,25.320582504272462,0.0,True,True,True,0,0,0,False,False
open,1002,598,23,23,19.44691110229492,28.212498123168945,0.0,True,True,True,0,0,0,False,False
open,1002,599,23,24,19.44691110229492,31.104413742065436,0.0,True,True,True,0,0,0,False,False
open,1002,600,24,0,22.82718424987793,-38.30156111145019,0.0,True,True,True,0,0,0,False,False
open,1002,601,24,1,22.82718424987793,-35.40964549255371,0.0,True,True,True,0,0,0,False,False
open,1002,602,24,2,22.82718424987793,-32.517729873657224,0.0,True,True,True,0,0,0,False,False
open,1002,603,24,3,22.82718424987793,-29.62581425476074,0.0,True,True,True,0,0,0,False,False
open,1002,604,24,4,22.82718424987793,-26.733898635864257,0.0,True,True,True,0,0,0,False,False
open,1002,605,24,5,22.82718424987793,-23.841983016967774,0.0,True,True,True,0,0,0,False,False
open,1002,606,24,6,22.82718424987793,-20.950067398071287,0.1951219512195122,False,True,False,0,0,0,False,False
open,1002,607,24,7,22.82718424987793,-18.058151779174803,1.0,False,False,False,0,0,0,False,False
open,1002,608,24,8,22.82718424987793,-15.16623616027832,1.0,False,False,False,0,0,0,False,False
open,1002,609,24,9,22.82718424987793,-12.274320541381837,1.0,False,False,False,0,0,0,False,False
open,1002,610,24,10,22.82718424987793,-9.382404922485353,1.0,False,False,False,0,0,0,False,False
open,1002,611,24,11,22.82718424987793,-6.490489303588866,1.0,False,False,False,0,0,0,False,False
open,1002,612,24,12,22.82718424987793,-3.598573684692379,0.7073170731707317,False,False,False,0,0,0,False,False
open,1002,613,24,13,22.82718424987793,-0.7066580657958954,0.43902439024390244,False,True,False,0,0,0,False,False
open,1002,614,24,14,22.82718424987793,2.185257553100588,0.3902439024390244,False,True,False,0,0,0,False,False
open,1002,615,24,15,22.82718424987793,5.077173171997071,0.0,True,True,True,0,0,0,False,False
open,1002,616,24,16,22.82718424987793,7.969088790893554,0.0,True,True,True,0,0,0,False,False
open,1002,617,24,17,22.82718424987793,10.861004409790038,0.0,True,True,True,0,0,0,False,False
open,1002,618,24,18,22.82718424987793,13.752920028686521,0.0,True,True,True,0,0,0,False,False
open,1002,619,24,19,22.82718424987793,16.644835647583005,0.0,True,True,True,0,0,0,False,False
open,1002,620,24,20,22.82718424987793,19.536751266479488,0.0,True,True,True,0,0,0,False,False
open,1002,621,24,21,22.82718424987793,22.42866688537598,0.0,True,True,True,0,0,0,False,False
open,1002,622,24,22,22.82718424987793,25.320582504272462,0.0,True,True,True,0,0,0,False,False
open,1002,623,24,23,22.82718424987793,28.212498123168945,0.0,True,True,True,0,0,0,False,False
open,1002,624,24,24,22.82718424987793,31.104413742065436,0.0,True,True,True,0,0,0,False,False
open,1003,0,0,0,-25.350641639709472,-36.93862908935547,0.0,True,True,True,0,0,0,False,False
open,1003,1,0,1,-25.350641639709472,-34.440252883911135,0.0,True,True,True,0,0,0,False,False
open,1003,2,0,2,-25.350641639709472,-31.941876678466794,0.0,True,True,True,0,0,0,False,False
open,1003,3,0,3,-25.350641639709472,-29.44350047302246,0.0,True,True,True,0,0,0,False,False
open,1003,4,0,4,-25.350641639709472,-26.945124267578127,0.0,True,True,True,0,0,0,False,False
open,1003,5,0,5,-25.350641639709472,-24.44674806213379,0.0,True,True,True,0,0,0,False,False
open,1003,6,0,6,-25.350641639709472,-21.94837185668945,0.0,True,True,True,0,0,0,False,False
open,1003,7,0,7,-25.350641639709472,-19.449995651245118,0.2926829268292683,False,True,False,0,0,0,False,False
open,1003,8,0,8,-25.350641639709472,-16.95161944580078,0.6097560975609756,False,False,False,0,0,0,False,False
open,1003,9,0,9,-25.350641639709472,-14.453243240356443,0.926829268292683,False,False,False,0,0,0,False,False
open,1003,10,0,10,-25.350641639709472,-11.954867034912109,0.8780487804878049,False,False,False,0,0,0,False,False
open,1003,11,0,11,-25.350641639709472,-9.456490829467771,0.8048780487804879,False,False,False,0,0,0,False,False
open,1003,12,0,12,-25.350641639709472,-6.958114624023435,0.2682926829268293,False,True,False,0,0,0,False,False
open,1003,13,0,13,-25.350641639709472,-4.459738418579097,0.0,True,True,True,0,0,0,False,False
open,1003,14,0,14,-25.350641639709472,-1.9613622131347668,0.0,True,True,True,0,0,0,False,False
open,1003,15,0,15,-25.350641639709472,0.5370139923095707,0.0,True,True,True,0,0,0,False,False
open,1003,16,0,16,-25.350641639709472,3.035390197753908,0.0,True,True,True,0,0,0,False,False
open,1003,17,0,17,-25.350641639709472,5.533766403198245,0.0,True,True,True,0,0,0,False,False
open,1003,18,0,18,-25.350641639709472,8.032142608642584,0.0,True,True,True,0,0,0,False,False
open,1003,19,0,19,-25.350641639709472,10.530518814086914,0.0,True,True,True,0,0,0,False,False
open,1003,20,0,20,-25.350641639709472,13.028895019531252,0.0,True,True,True,0,0,0,False,False
open,1003,21,0,21,-25.350641639709472,15.527271224975589,0.0,True,True,True,0,0,0,False,False
open,1003,22,0,22,-25.350641639709472,18.025647430419927,0.0,True,True,True,0,0,0,False,False
open,1003,23,0,23,-25.350641639709472,20.524023635864264,0.0,True,True,True,0,0,0,False,False
open,1003,24,0,24,-25.350641639709472,23.0223998413086,0.0,True,True,True,0,0,0,False,False
open,1003,25,1,0,-23.056566833496095,-36.93862908935547,0.0,True,True,True,0,0,0,False,False
open,1003,26,1,1,-23.056566833496095,-34.440252883911135,0.0,True,True,True,0,0,0,False,False
open,1003,27,1,2,-23.056566833496095,-31.941876678466794,0.0,True,True,True,0,0,0,False,False
open,1003,28,1,3,-23.056566833496095,-29.44350047302246,0.0,True,True,True,0,0,0,False,False
open,1003,29,1,4,-23.056566833496095,-26.945124267578127,0.0,True,True,True,0,0,0,False,False
open,1003,30,1,5,-23.056566833496095,-24.44674806213379,0.0,True,True,True,0,0,0,False,False
open,1003,31,1,6,-23.056566833496095,-21.94837185668945,0.0,True,True,True,0,0,0,False,False
open,1003,32,1,7,-23.056566833496095,-19.449995651245118,0.5853658536585366,False,False,False,0,0,0,False,False
open,1003,33,1,8,-23.056566833496095,-16.95161944580078,0.9024390243902439,False,False,False,0,0,0,False,False
open,1003,34,1,9,-23.056566833496095,-14.453243240356443,1.0,False,False,False,0,0,0,False,False
open,1003,35,1,10,-23.056566833496095,-11.954867034912109,1.0,False,False,False,0,0,0,False,False
open,1003,36,1,11,-23.056566833496095,-9.456490829467771,1.0,False,False,False,0,0,0,False,False
open,1003,37,1,12,-23.056566833496095,-6.958114624023435,0.5121951219512195,False,False,False,0,0,0,False,False
open,1003,38,1,13,-23.056566833496095,-4.459738418579097,0.07317073170731707,False,True,True,0,0,0,False,False
open,1003,39,1,14,-23.056566833496095,-1.9613622131347668,0.0,True,True,True,0,0,0,False,False
open,1003,40,1,15,-23.056566833496095,0.5370139923095707,0.0,True,True,True,0,0,0,False,False
open,1003,41,1,16,-23.056566833496095,3.035390197753908,0.0,True,True,True,0,0,0,False,False
open,1003,42,1,17,-23.056566833496095,5.533766403198245,0.0,True,True,True,0,0,0,False,False
open,1003,43,1,18,-23.056566833496095,8.032142608642584,0.0,True,True,True,0,0,0,False,False
open,1003,44,1,19,-23.056566833496095,10.530518814086914,0.0,True,True,True,0,0,0,False,False
open,1003,45,1,20,-23.056566833496095,13.028895019531252,0.0,True,True,True,0,0,0,False,False
open,1003,46,1,21,-23.056566833496095,15.527271224975589,0.0,True,True,True,0,0,0,False,False
open,1003,47,1,22,-23.056566833496095,18.025647430419927,0.0,True,True,True,0,0,0,False,False
open,1003,48,1,23,-23.056566833496095,20.524023635864264,0.0,True,True,True,0,0,0,False,False
open,1003,49,1,24,-23.056566833496095,23.0223998413086,0.0,True,True,True,0,0,0,False,False
open,1003,50,2,0,-20.762492027282715,-36.93862908935547,0.0,True,True,True,0,0,0,False,False
open,1003,51,2,1,-20.762492027282715,-34.440252883911135,0.0,True,True,True,0,0,0,False,False
open,1003,52,2,2,-20.762492027282715,-31.941876678466794,0.0,True,True,True,0,0,0,False,False
open,1003,53,2,3,-20.762492027282715,-29.44350047302246,0.0,True,True,True,0,0,0,False,False
open,1003,54,2,4,-20.762492027282715,-26.945124267578127,0.0,True,True,True,0,0,0,False,False
open,1003,55,2,5,-20.762492027282715,-24.44674806213379,0.0,True,True,True,0,0,0,False,False
open,1003,56,2,6,-20.762492027282715,-21.94837185668945,0.0,True,True,True,0,0,0,False,False
open,1003,57,2,7,-20.762492027282715,-19.449995651245118,0.43902439024390244,False,True,False,0,0,0,False,False
open,1003,58,2,8,-20.762492027282715,-16.95161944580078,0.9024390243902439,False,False,False,0,0,0,False,False
open,1003,59,2,9,-20.762492027282715,-14.453243240356443,1.0,False,False,False,0,0,0,False,False
open,1003,60,2,10,-20.762492027282715,-11.954867034912109,1.0,False,False,False,0,0,0,False,False
open,1003,61,2,11,-20.762492027282715,-9.456490829467771,1.0,False,False,False,0,0,0,False,False
open,1003,62,2,12,-20.762492027282715,-6.958114624023435,0.8048780487804879,False,False,False,0,0,0,False,False
open,1003,63,2,13,-20.762492027282715,-4.459738418579097,0.0975609756097561,False,True,True,0,0,0,False,False
open,1003,64,2,14,-20.762492027282715,-1.9613622131347668,0.0,True,True,True,0,0,0,False,False
open,1003,65,2,15,-20.762492027282715,0.5370139923095707,0.0,True,True,True,0,0,0,False,False
open,1003,66,2,16,-20.762492027282715,3.035390197753908,0.0,True,True,True,0,0,0,False,False
open,1003,67,2,17,-20.762492027282715,5.533766403198245,0.0,True,True,True,0,0,0,False,False
open,1003,68,2,18,-20.762492027282715,8.032142608642584,0.0,True,True,True,0,0,0,False,False
open,1003,69,2,19,-20.762492027282715,10.530518814086914,0.0,True,True,True,0,0,0,False,False
open,1003,70,2,20,-20.762492027282715,13.028895019531252,0.0,True,True,True,0,0,0,False,False
open,1003,71,2,21,-20.762492027282715,15.527271224975589,0.0,True,True,True,0,0,0,False,False
open,1003,72,2,22,-20.762492027282715,18.025647430419927,0.0,True,True,True,0,0,0,False,False
open,1003,73,2,23,-20.762492027282715,20.524023635864264,0.0,True,True,True,0,0,0,False,False
open,1003,74,2,24,-20.762492027282715,23.0223998413086,0.0,True,True,True,0,0,0,False,False
open,1003,75,3,0,-18.468417221069334,-36.93862908935547,0.0,True,True,True,0,0,0,False,False
open,1003,76,3,1,-18.468417221069334,-34.440252883911135,0.0,True,True,True,0,0,0,False,False
open,1003,77,3,2,-18.468417221069334,-31.941876678466794,0.0,True,True,True,0,0,0,False,False
open,1003,78,3,3,-18.468417221069334,-29.44350047302246,0.0,True,True,True,0,0,0,False,False
open,1003,79,3,4,-18.468417221069334,-26.945124267578127,0.07317073170731707,False,True,True,0,0,0,False,False
open,1003,80,3,5,-18.468417221069334,-24.44674806213379,0.43902439024390244,False,True,False,0,0,0,False,False
open,1003,81,3,6,-18.468417221069334,-21.94837185668945,0.43902439024390244,False,True,False,0,0,0,False,False
open,1003,82,3,7,-18.468417221069334,-19.449995651245118,0.975609756097561,False,False,False,0,0,0,False,False
open,1003,83,3,8,-18.468417221069334,-16.95161944580078,1.0,False,False,False,2,2,0,False,True
open,1003,84,3,9,-18.468417221069334,-14.453243240356443,1.0,False,False,False,7,7,0,False,True
open,1003,85,3,10,-18.468417221069334,-11.954867034912109,1.0,False,False,False,17,17,0,False,True
open,1003,86,3,11,-18.468417221069334,-9.456490829467771,1.0,False,False,False,8,8,0,False,True
open,1003,87,3,12,-18.468417221069334,-6.958114624023435,1.0,False,False,False,0,0,0,False,False
open,1003,88,3,13,-18.468417221069334,-4.459738418579097,0.8292682926829268,False,False,False,0,0,0,False,False
open,1003,89,3,14,-18.468417221069334,-1.9613622131347668,0.1951219512195122,False,True,False,0,0,0,False,False
open,1003,90,3,15,-18.468417221069334,0.5370139923095707,0.0,True,True,True,0,0,0,False,False
open,1003,91,3,16,-18.468417221069334,3.035390197753908,0.0,True,True,True,0,0,0,False,False
open,1003,92,3,17,-18.468417221069334,5.533766403198245,0.0,True,True,True,0,0,0,False,False
open,1003,93,3,18,-18.468417221069334,8.032142608642584,0.0,True,True,True,0,0,0,False,False
open,1003,94,3,19,-18.468417221069334,10.530518814086914,0.0,True,True,True,0,0,0,False,False
open,1003,95,3,20,-18.468417221069334,13.028895019531252,0.0,True,True,True,0,0,0,False,False
open,1003,96,3,21,-18.468417221069334,15.527271224975589,0.0,True,True,True,0,0,0,False,False
open,1003,97,3,22,-18.468417221069334,18.025647430419927,0.0,True,True,True,0,0,0,False,False
open,1003,98,3,23,-18.468417221069334,20.524023635864264,0.0,True,True,True,0,0,0,False,False
open,1003,99,3,24,-18.468417221069334,23.0223998413086,0.0,True,True,True,0,0,0,False,False
open,1003,100,4,0,-16.174342414855957,-36.93862908935547,0.0,True,True,True,0,0,0,False,False
open,1003,101,4,1,-16.174342414855957,-34.440252883911135,0.0,True,True,True,0,0,0,False,False
open,1003,102,4,2,-16.174342414855957,-31.941876678466794,0.0,True,True,True,0,0,0,False,False
open,1003,103,4,3,-16.174342414855957,-29.44350047302246,0.12195121951219512,False,True,False,0,0,0,False,False
open,1003,104,4,4,-16.174342414855957,-26.945124267578127,0.4634146341463415,False,True,False,0,0,0,False,False
open,1003,105,4,5,-16.174342414855957,-24.44674806213379,0.6097560975609756,False,False,False,0,0,0,False,False
open,1003,106,4,6,-16.174342414855957,-21.94837185668945,0.7560975609756098,False,False,False,0,0,0,False,False
open,1003,107,4,7,-16.174342414855957,-19.449995651245118,0.975609756097561,False,False,False,0,0,0,False,False
open,1003,108,4,8,-16.174342414855957,-16.95161944580078,1.0,False,False,False,1,1,0,False,True
open,1003,109,4,9,-16.174342414855957,-14.453243240356443,1.0,False,False,False,21,21,0,False,True
open,1003,110,4,10,-16.174342414855957,-11.954867034912109,1.0,False,False,False,32,32,0,False,True
open,1003,111,4,11,-16.174342414855957,-9.456490829467771,1.0,False,False,False,21,21,0,False,True
open,1003,112,4,12,-16.174342414855957,-6.958114624023435,1.0,False,False,False,9,9,0,False,True
open,1003,113,4,13,-16.174342414855957,-4.459738418579097,1.0,False,False,False,0,0,0,False,False
open,1003,114,4,14,-16.174342414855957,-1.9613622131347668,0.9512195121951219,False,False,False,0,0,0,False,False
open,1003,115,4,15,-16.174342414855957,0.5370139923095707,0.0975609756097561,False,True,True,0,0,0,False,False
open,1003,116,4,16,-16.174342414855957,3.035390197753908,0.0,True,True,True,0,0,0,False,False
open,1003,117,4,17,-16.174342414855957,5.533766403198245,0.04878048780487805,False,True,True,0,0,0,False,False
open,1003,118,4,18,-16.174342414855957,8.032142608642584,0.0,True,True,True,0,0,0,False,False
open,1003,119,4,19,-16.174342414855957,10.530518814086914,0.0,True,True,True,0,0,0,False,False
open,1003,120,4,20,-16.174342414855957,13.028895019531252,0.0,True,True,True,0,0,0,False,False
open,1003,121,4,21,-16.174342414855957,15.527271224975589,0.0,True,True,True,0,0,0,False,False
open,1003,122,4,22,-16.174342414855957,18.025647430419927,0.0,True,True,True,0,0,0,False,False
open,1003,123,4,23,-16.174342414855957,20.524023635864264,0.0,True,True,True,0,0,0,False,False
open,1003,124,4,24,-16.174342414855957,23.0223998413086,0.0,True,True,True,0,0,0,False,False
open,1003,125,5,0,-13.88026760864258,-36.93862908935547,0.0,True,True,True,0,0,0,False,False
open,1003,126,5,1,-13.88026760864258,-34.440252883911135,0.0,True,True,True,0,0,0,False,False
open,1003,127,5,2,-13.88026760864258,-31.941876678466794,0.0,True,True,True,0,0,0,False,False
open,1003,128,5,3,-13.88026760864258,-29.44350047302246,0.36585365853658536,False,True,False,0,0,0,False,False
open,1003,129,5,4,-13.88026760864258,-26.945124267578127,0.5853658536585366,False,False,False,0,0,0,False,False
open,1003,130,5,5,-13.88026760864258,-24.44674806213379,0.8048780487804879,False,False,False,1,1,0,False,True
open,1003,131,5,6,-13.88026760864258,-21.94837185668945,1.0,False,False,False,5,5,0,False,True
open,1003,132,5,7,-13.88026760864258,-19.449995651245118,1.0,False,False,False,4,4,0,False,True
open,1003,133,5,8,-13.88026760864258,-16.95161944580078,1.0,False,False,False,8,8,0,False,True
open,1003,134,5,9,-13.88026760864258,-14.453243240356443,1.0,False,False,False,9,9,0,False,True
open,1003,135,5,10,-13.88026760864258,-11.954867034912109,1.0,False,False,False,50,50,0,False,True
open,1003,136,5,11,-13.88026760864258,-9.456490829467771,1.0,False,False,False,40,40,0,False,True
open,1003,137,5,12,-13.88026760864258,-6.958114624023435,1.0,False,False,False,32,32,0,False,True
open,1003,138,5,13,-13.88026760864258,-4.459738418579097,1.0,False,False,False,6,6,0,False,True
open,1003,139,5,14,-13.88026760864258,-1.9613622131347668,1.0,False,False,False,0,0,0,False,False
open,1003,140,5,15,-13.88026760864258,0.5370139923095707,0.926829268292683,False,False,False,0,0,0,False,False
open,1003,141,5,16,-13.88026760864258,3.035390197753908,0.5121951219512195,False,False,False,0,0,0,False,False
open,1003,142,5,17,-13.88026760864258,5.533766403198245,0.6585365853658537,False,False,False,0,0,0,False,False
open,1003,143,5,18,-13.88026760864258,8.032142608642584,0.5121951219512195,False,False,False,0,0,0,False,False
open,1003,144,5,19,-13.88026760864258,10.530518814086914,0.0975609756097561,False,True,True,0,0,0,False,False
open,1003,145,5,20,-13.88026760864258,13.028895019531252,0.0,True,True,True,0,0,0,False,False
open,1003,146,5,21,-13.88026760864258,15.527271224975589,0.0,True,True,True,0,0,0,False,False
open,1003,147,5,22,-13.88026760864258,18.025647430419927,0.0,True,True,True,0,0,0,False,False
open,1003,148,5,23,-13.88026760864258,20.524023635864264,0.0,True,True,True,0,0,0,False,False
open,1003,149,5,24,-13.88026760864258,23.0223998413086,0.0,True,True,True,0,0,0,False,False
open,1003,150,6,0,-11.5861928024292,-36.93862908935547,0.0,True,True,True,0,0,0,False,False
open,1003,151,6,1,-11.5861928024292,-34.440252883911135,0.0975609756097561,False,True,True,0,0,0,False,False
open,1003,152,6,2,-11.5861928024292,-31.941876678466794,0.1951219512195122,False,True,False,0,0,0,False,False
open,1003,153,6,3,-11.5861928024292,-29.44350047302246,0.6829268292682927,False,False,False,0,0,0,False,False
open,1003,154,6,4,-11.5861928024292,-26.945124267578127,0.9512195121951219,False,False,False,0,0,0,False,False
open,1003,155,6,5,-11.5861928024292,-24.44674806213379,0.9512195121951219,False,False,False,11,11,0,False,True
open,1003,156,6,6,-11.5861928024292,-21.94837185668945,1.0,False,False,False,0,0,0,False,False
open,1003,157,6,7,-11.5861928024292,-19.449995651245118,1.0,False,False,False,5,5,0,False,True
open,1003,158,6,8,-11.5861928024292,-16.95161944580078,1.0,False,False,False,8,8,0,False,True
open,1003,159,6,9,-11.5861928024292,-14.453243240356443,1.0,False,False,False,7,7,0,False,True
open,1003,160,6,10,-11.5861928024292,-11.954867034912109,1.0,False,False,False,33,33,0,False,True
open,1003,161,6,11,-11.5861928024292,-9.456490829467771,1.0,False,False,False,40,40,0,False,True
open,1003,162,6,12,-11.5861928024292,-6.958114624023435,1.0,False,False,False,73,73,0,False,True
open,1003,163,6,13,-11.5861928024292,-4.459738418579097,1.0,False,False,False,48,48,0,False,True
open,1003,164,6,14,-11.5861928024292,-1.9613622131347668,1.0,False,False,False,0,0,0,False,False
open,1003,165,6,15,-11.5861928024292,0.5370139923095707,1.0,False,False,False,0,0,0,False,False
open,1003,166,6,16,-11.5861928024292,3.035390197753908,0.975609756097561,False,False,False,0,0,0,False,False
open,1003,167,6,17,-11.5861928024292,5.533766403198245,0.975609756097561,False,False,False,4,4,0,False,True
open,1003,168,6,18,-11.5861928024292,8.032142608642584,0.8292682926829268,False,False,False,0,0,0,False,False
open,1003,169,6,19,-11.5861928024292,10.530518814086914,0.4634146341463415,False,True,False,0,0,0,False,False
open,1003,170,6,20,-11.5861928024292,13.028895019531252,0.0,True,True,True,0,0,0,False,False
open,1003,171,6,21,-11.5861928024292,15.527271224975589,0.0,True,True,True,0,0,0,False,False
open,1003,172,6,22,-11.5861928024292,18.025647430419927,0.0,True,True,True,0,0,0,False,False
open,1003,173,6,23,-11.5861928024292,20.524023635864264,0.0,True,True,True,0,0,0,False,False
open,1003,174,6,24,-11.5861928024292,23.0223998413086,0.0,True,True,True,0,0,0,False,False
open,1003,175,7,0,-9.292117996215822,-36.93862908935547,0.0,True,True,True,0,0,0,False,False
open,1003,176,7,1,-9.292117996215822,-34.440252883911135,0.1951219512195122,False,True,False,0,0,0,False,False
open,1003,177,7,2,-9.292117996215822,-31.941876678466794,0.1951219512195122,False,True,False,0,0,0,False,False
open,1003,178,7,3,-9.292117996215822,-29.44350047302246,0.6341463414634146,False,False,False,0,0,0,False,False
open,1003,179,7,4,-9.292117996215822,-26.945124267578127,0.9512195121951219,False,False,False,0,0,0,False,False
open,1003,180,7,5,-9.292117996215822,-24.44674806213379,0.975609756097561,False,False,False,1,1,0,False,True
open,1003,181,7,6,-9.292117996215822,-21.94837185668945,1.0,False,False,False,7,7,0,False,True
open,1003,182,7,7,-9.292117996215822,-19.449995651245118,1.0,False,False,False,8,8,0,False,True
open,1003,183,7,8,-9.292117996215822,-16.95161944580078,1.0,False,False,False,30,30,0,False,True
open,1003,184,7,9,-9.292117996215822,-14.453243240356443,1.0,False,False,False,27,27,0,False,True
open,1003,185,7,10,-9.292117996215822,-11.954867034912109,1.0,False,False,False,18,18,0,False,True
open,1003,186,7,11,-9.292117996215822,-9.456490829467771,1.0,False,False,False,59,59,0,False,True
open,1003,187,7,12,-9.292117996215822,-6.958114624023435,1.0,False,False,False,70,70,0,False,True
open,1003,188,7,13,-9.292117996215822,-4.459738418579097,1.0,False,False,False,53,53,0,False,True
open,1003,189,7,14,-9.292117996215822,-1.9613622131347668,1.0,False,False,False,11,11,0,False,True
open,1003,190,7,15,-9.292117996215822,0.5370139923095707,1.0,False,False,False,0,0,0,False,False
open,1003,191,7,16,-9.292117996215822,3.035390197753908,1.0,False,False,False,0,0,0,False,False
open,1003,192,7,17,-9.292117996215822,5.533766403198245,1.0,False,False,False,28,28,0,False,True
open,1003,193,7,18,-9.292117996215822,8.032142608642584,0.975609756097561,False,False,False,3,3,0,False,True
open,1003,194,7,19,-9.292117996215822,10.530518814086914,0.6585365853658537,False,False,False,0,0,0,False,False
open,1003,195,7,20,-9.292117996215822,13.028895019531252,0.0975609756097561,False,True,True,0,0,0,False,False
open,1003,196,7,21,-9.292117996215822,15.527271224975589,0.0,True,True,True,0,0,0,False,False
open,1003,197,7,22,-9.292117996215822,18.025647430419927,0.0,True,True,True,0,0,0,False,False
open,1003,198,7,23,-9.292117996215822,20.524023635864264,0.0,True,True,True,0,0,0,False,False
open,1003,199,7,24,-9.292117996215822,23.0223998413086,0.0,True,True,True,0,0,0,False,False
open,1003,200,8,0,-6.998043190002442,-36.93862908935547,0.0,True,True,True,0,0,0,False,False
open,1003,201,8,1,-6.998043190002442,-34.440252883911135,0.1951219512195122,False,True,False,0,0,0,False,False
open,1003,202,8,2,-6.998043190002442,-31.941876678466794,0.2926829268292683,False,True,False,0,0,0,False,False
open,1003,203,8,3,-6.998043190002442,-29.44350047302246,0.7073170731707317,False,False,False,0,0,0,False,False
open,1003,204,8,4,-6.998043190002442,-26.945124267578127,0.926829268292683,False,False,False,2,2,0,False,True
open,1003,205,8,5,-6.998043190002442,-24.44674806213379,1.0,False,False,False,5,5,0,False,True
open,1003,206,8,6,-6.998043190002442,-21.94837185668945,1.0,False,False,False,13,13,0,False,True
open,1003,207,8,7,-6.998043190002442,-19.449995651245118,1.0,False,False,False,2,2,0,False,True
open,1003,208,8,8,-6.998043190002442,-16.95161944580078,1.0,False,False,False,0,0,0,False,False
open,1003,209,8,9,-6.998043190002442,-14.453243240356443,1.0,False,False,False,9,9,0,False,True
open,1003,210,8,10,-6.998043190002442,-11.954867034912109,1.0,False,False,False,46,46,0,False,True
open,1003,211,8,11,-6.998043190002442,-9.456490829467771,1.0,False,False,False,44,44,0,False,True
open,1003,212,8,12,-6.998043190002442,-6.958114624023435,1.0,False,False,False,131,131,0,False,True
open,1003,213,8,13,-6.998043190002442,-4.459738418579097,1.0,False,False,False,117,117,0,False,True
open,1003,214,8,14,-6.998043190002442,-1.9613622131347668,1.0,False,False,False,66,66,0,False,True
open,1003,215,8,15,-6.998043190002442,0.5370139923095707,1.0,False,False,False,0,0,0,False,False
open,1003,216,8,16,-6.998043190002442,3.035390197753908,1.0,False,False,False,69,69,0,False,True
open,1003,217,8,17,-6.998043190002442,5.533766403198245,1.0,False,False,False,52,52,0,False,True
open,1003,218,8,18,-6.998043190002442,8.032142608642584,1.0,False,False,False,9,9,0,False,True
open,1003,219,8,19,-6.998043190002442,10.530518814086914,0.6829268292682927,False,False,False,0,0,0,False,False
open,1003,220,8,20,-6.998043190002442,13.028895019531252,0.0,True,True,True,0,0,0,False,False
open,1003,221,8,21,-6.998043190002442,15.527271224975589,0.0,True,True,True,0,0,0,False,False
open,1003,222,8,22,-6.998043190002442,18.025647430419927,0.0,True,True,True,0,0,0,False,False
open,1003,223,8,23,-6.998043190002442,20.524023635864264,0.0,True,True,True,0,0,0,False,False
open,1003,224,8,24,-6.998043190002442,23.0223998413086,0.0,True,True,True,0,0,0,False,False
open,1003,225,9,0,-4.703968383789062,-36.93862908935547,0.0,True,True,True,0,0,0,False,False
open,1003,226,9,1,-4.703968383789062,-34.440252883911135,0.0,True,True,True,0,0,0,False,False
open,1003,227,9,2,-4.703968383789062,-31.941876678466794,0.21951219512195122,False,True,False,0,0,0,False,False
open,1003,228,9,3,-4.703968383789062,-29.44350047302246,0.7317073170731707,False,False,False,0,0,0,False,False
open,1003,229,9,4,-4.703968383789062,-26.945124267578127,0.926829268292683,False,False,False,0,0,0,False,False
open,1003,230,9,5,-4.703968383789062,-24.44674806213379,1.0,False,False,False,1,1,0,False,True
open,1003,231,9,6,-4.703968383789062,-21.94837185668945,1.0,False,False,False,4,4,0,False,True
open,1003,232,9,7,-4.703968383789062,-19.449995651245118,1.0,False,False,False,47,47,0,False,True
open,1003,233,9,8,-4.703968383789062,-16.95161944580078,1.0,False,False,False,19,19,0,False,True
open,1003,234,9,9,-4.703968383789062,-14.453243240356443,1.0,False,False,False,30,30,0,False,True
open,1003,235,9,10,-4.703968383789062,-11.954867034912109,1.0,False,False,False,21,21,0,False,True
open,1003,236,9,11,-4.703968383789062,-9.456490829467771,1.0,False,False,False,48,48,0,False,True
open,1003,237,9,12,-4.703968383789062,-6.958114624023435,1.0,False,False,False,73,73,0,False,True
open,1003,238,9,13,-4.703968383789062,-4.459738418579097,1.0,False,False,False,225,225,0,False,True
open,1003,239,9,14,-4.703968383789062,-1.9613622131347668,1.0,False,False,False,269,269,0,False,True
open,1003,240,9,15,-4.703968383789062,0.5370139923095707,1.0,False,False,False,246,246,0,False,True
open,1003,241,9,16,-4.703968383789062,3.035390197753908,1.0,False,False,False,439,439,0,False,True
open,1003,242,9,17,-4.703968383789062,5.533766403198245,1.0,False,False,False,1,1,0,False,True
open,1003,243,9,18,-4.703968383789062,8.032142608642584,1.0,False,False,False,0,0,0,False,False
open,1003,244,9,19,-4.703968383789062,10.530518814086914,1.0,False,False,False,0,0,0,False,False
open,1003,245,9,20,-4.703968383789062,13.028895019531252,0.2926829268292683,False,True,False,0,0,0,False,False
open,1003,246,9,21,-4.703968383789062,15.527271224975589,0.0,True,True,True,0,0,0,False,False
open,1003,247,9,22,-4.703968383789062,18.025647430419927,0.0,True,True,True,0,0,0,False,False
open,1003,248,9,23,-4.703968383789062,20.524023635864264,0.0,True,True,True,0,0,0,False,False
open,1003,249,9,24,-4.703968383789062,23.0223998413086,0.0,True,True,True,0,0,0,False,False
open,1003,250,10,0,-2.4098935775756845,-36.93862908935547,0.0,True,True,True,0,0,0,False,False
open,1003,251,10,1,-2.4098935775756845,-34.440252883911135,0.0,True,True,True,0,0,0,False,False
open,1003,252,10,2,-2.4098935775756845,-31.941876678466794,0.024390243902439025,False,True,True,0,0,0,False,False
open,1003,253,10,3,-2.4098935775756845,-29.44350047302246,0.6341463414634146,False,False,False,0,0,0,False,False
open,1003,254,10,4,-2.4098935775756845,-26.945124267578127,0.9024390243902439,False,False,False,2,2,0,False,True
open,1003,255,10,5,-2.4098935775756845,-24.44674806213379,1.0,False,False,False,0,0,0,False,False
open,1003,256,10,6,-2.4098935775756845,-21.94837185668945,1.0,False,False,False,3,3,0,False,True
open,1003,257,10,7,-2.4098935775756845,-19.449995651245118,1.0,False,False,False,11,11,0,False,True
open,1003,258,10,8,-2.4098935775756845,-16.95161944580078,1.0,False,False,False,10,10,0,False,True
open,1003,259,10,9,-2.4098935775756845,-14.453243240356443,1.0,False,False,False,62,62,0,False,True
open,1003,260,10,10,-2.4098935775756845,-11.954867034912109,1.0,False,False,False,108,108,0,False,True
open,1003,261,10,11,-2.4098935775756845,-9.456490829467771,1.0,False,False,False,83,83,0,False,True
open,1003,262,10,12,-2.4098935775756845,-6.958114624023435,1.0,False,False,False,93,93,0,False,True
open,1003,263,10,13,-2.4098935775756845,-4.459738418579097,1.0,False,False,False,164,164,0,False,True
open,1003,264,10,14,-2.4098935775756845,-1.9613622131347668,1.0,False,False,False,780,780,0,False,True
open,1003,265,10,15,-2.4098935775756845,0.5370139923095707,1.0,False,False,False,782,782,0,False,True
open,1003,266,10,16,-2.4098935775756845,3.035390197753908,1.0,False,False,False,250,250,0,False,True
open,1003,267,10,17,-2.4098935775756845,5.533766403198245,1.0,False,False,False,299,299,0,False,True
open,1003,268,10,18,-2.4098935775756845,8.032142608642584,1.0,False,False,False,1190,1190,0,False,True
open,1003,269,10,19,-2.4098935775756845,10.530518814086914,1.0,False,False,False,0,0,0,False,False
open,1003,270,10,20,-2.4098935775756845,13.028895019531252,1.0,False,False,False,0,0,0,False,False
open,1003,271,10,21,-2.4098935775756845,15.527271224975589,0.0,True,True,True,0,0,0,False,False
open,1003,272,10,22,-2.4098935775756845,18.025647430419927,0.0,True,True,True,0,0,0,False,False
open,1003,273,10,23,-2.4098935775756845,20.524023635864264,0.0,True,True,True,0,0,0,False,False
open,1003,274,10,24,-2.4098935775756845,23.0223998413086,0.0,True,True,True,0,0,0,False,False
open,1003,275,11,0,-0.11581877136230734,-36.93862908935547,0.0,True,True,True,0,0,0,False,False
open,1003,276,11,1,-0.11581877136230734,-34.440252883911135,0.0,True,True,True,0,0,0,False,False
open,1003,277,11,2,-0.11581877136230734,-31.941876678466794,0.0,True,True,True,0,0,0,False,False
open,1003,278,11,3,-0.11581877136230734,-29.44350047302246,0.2926829268292683,False,True,False,0,0,0,False,False
open,1003,279,11,4,-0.11581877136230734,-26.945124267578127,0.6341463414634146,False,False,False,0,0,0,False,False
open,1003,280,11,5,-0.11581877136230734,-24.44674806213379,0.975609756097561,False,False,False,0,0,0,False,False
open,1003,281,11,6,-0.11581877136230734,-21.94837185668945,1.0,False,False,False,0,0,0,False,False
open,1003,282,11,7,-0.11581877136230734,-19.449995651245118,1.0,False,False,False,16,16,0,False,True
open,1003,283,11,8,-0.11581877136230734,-16.95161944580078,1.0,False,False,False,9,9,0,False,True
open,1003,284,11,9,-0.11581877136230734,-14.453243240356443,1.0,False,False,False,22,22,0,False,True
open,1003,285,11,10,-0.11581877136230734,-11.954867034912109,1.0,False,False,False,6,6,0,False,True
open,1003,286,11,11,-0.11581877136230734,-9.456490829467771,1.0,False,False,False,53,53,0,False,True
open,1003,287,11,12,-0.11581877136230734,-6.958114624023435,1.0,False,False,False,79,79,0,False,True
open,1003,288,11,13,-0.11581877136230734,-4.459738418579097,1.0,False,False,False,263,263,0,False,True
open,1003,289,11,14,-0.11581877136230734,-1.9613622131347668,1.0,False,False,False,541,541,0,False,True
open,1003,290,11,15,-0.11581877136230734,0.5370139923095707,1.0,False,False,False,1256,1256,0,False,True
open,1003,291,11,16,-0.11581877136230734,3.035390197753908,1.0,False,False,False,774,774,0,False,True
open,1003,292,11,17,-0.11581877136230734,5.533766403198245,1.0,False,False,False,518,518,0,False,True
open,1003,293,11,18,-0.11581877136230734,8.032142608642584,1.0,False,False,False,409,409,0,False,True
open,1003,294,11,19,-0.11581877136230734,10.530518814086914,1.0,False,False,False,0,0,0,False,False
open,1003,295,11,20,-0.11581877136230734,13.028895019531252,1.0,False,False,False,0,0,0,False,False
open,1003,296,11,21,-0.11581877136230734,15.527271224975589,1.0,False,False,False,0,0,0,False,False
open,1003,297,11,22,-0.11581877136230734,18.025647430419927,0.0,True,True,True,0,0,0,False,False
open,1003,298,11,23,-0.11581877136230734,20.524023635864264,0.0,True,True,True,0,0,0,False,False
open,1003,299,11,24,-0.11581877136230734,23.0223998413086,0.0,True,True,True,0,0,0,False,False
open,1003,300,12,0,2.1782560348510733,-36.93862908935547,0.0,True,True,True,0,0,0,False,False
open,1003,301,12,1,2.1782560348510733,-34.440252883911135,0.0,True,True,True,0,0,0,False,False
open,1003,302,12,2,2.1782560348510733,-31.941876678466794,0.0,True,True,True,0,0,0,False,False
open,1003,303,12,3,2.1782560348510733,-29.44350047302246,0.34146341463414637,False,True,False,0,0,0,False,False
open,1003,304,12,4,2.1782560348510733,-26.945124267578127,0.5365853658536586,False,False,False,0,0,0,False,False
open,1003,305,12,5,2.1782560348510733,-24.44674806213379,0.9512195121951219,False,False,False,0,0,0,False,False
open,1003,306,12,6,2.1782560348510733,-21.94837185668945,0.975609756097561,False,False,False,1,1,0,False,True
open,1003,307,12,7,2.1782560348510733,-19.449995651245118,1.0,False,False,False,4,4,0,False,True
open,1003,308,12,8,2.1782560348510733,-16.95161944580078,1.0,False,False,False,9,9,0,False,True
open,1003,309,12,9,2.1782560348510733,-14.453243240356443,1.0,False,False,False,13,13,0,False,True
open,1003,310,12,10,2.1782560348510733,-11.954867034912109,1.0,False,False,False,4,4,0,False,True
open,1003,311,12,11,2.1782560348510733,-9.456490829467771,1.0,False,False,False,48,48,0,False,True
open,1003,312,12,12,2.1782560348510733,-6.958114624023435,1.0,False,False,False,228,228,0,False,True
open,1003,313,12,13,2.1782560348510733,-4.459738418579097,1.0,False,False,False,392,392,0,False,True
open,1003,314,12,14,2.1782560348510733,-1.9613622131347668,1.0,False,False,False,475,475,0,False,True
open,1003,315,12,15,2.1782560348510733,0.5370139923095707,1.0,False,False,False,573,573,0,False,True
open,1003,316,12,16,2.1782560348510733,3.035390197753908,1.0,False,False,False,411,411,0,False,True
open,1003,317,12,17,2.1782560348510733,5.533766403198245,1.0,False,False,False,331,331,0,False,True
open,1003,318,12,18,2.1782560348510733,8.032142608642584,1.0,False,False,False,237,237,0,False,True
open,1003,319,12,19,2.1782560348510733,10.530518814086914,1.0,False,False,False,165,165,0,False,True
open,1003,320,12,20,2.1782560348510733,13.028895019531252,1.0,False,False,False,1,1,0,False,True
open,1003,321,12,21,2.1782560348510733,15.527271224975589,1.0,False,False,False,0,0,0,False,False
open,1003,322,12,22,2.1782560348510733,18.025647430419927,1.0,False,False,False,0,0,0,False,False
open,1003,323,12,23,2.1782560348510733,20.524023635864264,0.926829268292683,False,False,False,0,0,0,False,False
open,1003,324,12,24,2.1782560348510733,23.0223998413086,0.0,True,True,True,0,0,0,False,False
open,1003,325,13,0,4.472330841064454,-36.93862908935547,0.0,True,True,True,0,0,0,False,False
open,1003,326,13,1,4.472330841064454,-34.440252883911135,0.0,True,True,True,0,0,0,False,False
open,1003,327,13,2,4.472330841064454,-31.941876678466794,0.0,True,True,True,0,0,0,False,False
open,1003,328,13,3,4.472330841064454,-29.44350047302246,0.0975609756097561,False,True,True,0,0,0,False,False
open,1003,329,13,4,4.472330841064454,-26.945124267578127,0.43902439024390244,False,True,False,0,0,0,False,False
open,1003,330,13,5,4.472330841064454,-24.44674806213379,0.6585365853658537,False,False,False,0,0,0,False,False
open,1003,331,13,6,4.472330841064454,-21.94837185668945,0.7560975609756098,False,False,False,1,1,0,False,True
open,1003,332,13,7,4.472330841064454,-19.449995651245118,0.8780487804878049,False,False,False,6,6,0,False,True
open,1003,333,13,8,4.472330841064454,-16.95161944580078,0.9512195121951219,False,False,False,0,0,0,False,False
open,1003,334,13,9,4.472330841064454,-14.453243240356443,1.0,False,False,False,3,3,0,False,True
open,1003,335,13,10,4.472330841064454,-11.954867034912109,1.0,False,False,False,37,37,0,False,True
open,1003,336,13,11,4.472330841064454,-9.456490829467771,1.0,False,False,False,163,163,0,False,True
open,1003,337,13,12,4.472330841064454,-6.958114624023435,1.0,False,False,False,157,157,0,False,True
open,1003,338,13,13,4.472330841064454,-4.459738418579097,1.0,False,False,False,113,113,0,False,True
open,1003,339,13,14,4.472330841064454,-1.9613622131347668,1.0,False,False,False,297,297,0,False,True
open,1003,340,13,15,4.472330841064454,0.5370139923095707,1.0,False,False,False,334,334,0,False,True
open,1003,341,13,16,4.472330841064454,3.035390197753908,1.0,False,False,False,233,233,0,False,True
open,1003,342,13,17,4.472330841064454,5.533766403198245,1.0,False,False,False,336,336,0,False,True
open,1003,343,13,18,4.472330841064454,8.032142608642584,1.0,False,False,False,189,189,0,False,True
open,1003,344,13,19,4.472330841064454,10.530518814086914,1.0,False,False,False,125,125,0,False,True
open,1003,345,13,20,4.472330841064454,13.028895019531252,1.0,False,False,False,106,106,0,False,True
open,1003,346,13,21,4.472330841064454,15.527271224975589,1.0,False,False,False,47,47,0,False,True
open,1003,347,13,22,4.472330841064454,18.025647430419927,1.0,False,False,False,0,0,0,False,False
open,1003,348,13,23,4.472330841064454,20.524023635864264,1.0,False,False,False,0,0,0,False,False
open,1003,349,13,24,4.472330841064454,23.0223998413086,0.12195121951219512,False,True,False,0,0,0,False,False
open,1003,350,14,0,6.766405647277828,-36.93862908935547,0.0,True,True,True,0,0,0,False,False
open,1003,351,14,1,6.766405647277828,-34.440252883911135,0.0,True,True,True,0,0,0,False,False
open,1003,352,14,2,6.766405647277828,-31.941876678466794,0.0,True,True,True,0,0,0,False,False
open,1003,353,14,3,6.766405647277828,-29.44350047302246,0.0,True,True,True,0,0,0,False,False
open,1003,354,14,4,6.766405647277828,-26.945124267578127,0.0975609756097561,False,True,True,0,0,0,False,False
open,1003,355,14,5,6.766405647277828,-24.44674806213379,0.5609756097560976,False,False,False,0,0,0,False,False
open,1003,356,14,6,6.766405647277828,-21.94837185668945,0.6585365853658537,False,False,False,0,0,0,False,False
open,1003,357,14,7,6.766405647277828,-19.449995651245118,0.8536585365853658,False,False,False,0,0,0,False,False
open,1003,358,14,8,6.766405647277828,-16.95161944580078,1.0,False,False,False,0,0,0,False,False
open,1003,359,14,9,6.766405647277828,-14.453243240356443,1.0,False,False,False,4,4,0,False,True
open,1003,360,14,10,6.766405647277828,-11.954867034912109,1.0,False,False,False,46,46,0,False,True
open,1003,361,14,11,6.766405647277828,-9.456490829467771,1.0,False,False,False,34,34,0,False,True
open,1003,362,14,12,6.766405647277828,-6.958114624023435,1.0,False,False,False,30,30,0,False,True
open,1003,363,14,13,6.766405647277828,-4.459738418579097,1.0,False,False,False,132,132,0,False,True
open,1003,364,14,14,6.766405647277828,-1.9613622131347668,1.0,False,False,False,89,89,0,False,True
open,1003,365,14,15,6.766405647277828,0.5370139923095707,1.0,False,False,False,250,250,0,False,True
open,1003,366,14,16,6.766405647277828,3.035390197753908,1.0,False,False,False,154,154,0,False,True
open,1003,367,14,17,6.766405647277828,5.533766403198245,1.0,False,False,False,199,199,0,False,True
open,1003,368,14,18,6.766405647277828,8.032142608642584,1.0,False,False,False,96,96,0,False,True
open,1003,369,14,19,6.766405647277828,10.530518814086914,1.0,False,False,False,68,68,0,False,True
open,1003,370,14,20,6.766405647277828,13.028895019531252,1.0,False,False,False,18,18,0,False,True
open,1003,371,14,21,6.766405647277828,15.527271224975589,1.0,False,False,False,12,12,0,False,True
open,1003,372,14,22,6.766405647277828,18.025647430419927,1.0,False,False,False,0,0,0,False,False
open,1003,373,14,23,6.766405647277828,20.524023635864264,1.0,False,False,False,0,0,0,False,False
open,1003,374,14,24,6.766405647277828,23.0223998413086,0.2926829268292683,False,True,False,0,0,0,False,False
open,1003,375,15,0,9.06048045349121,-36.93862908935547,0.0,True,True,True,0,0,0,False,False
open,1003,376,15,1,9.06048045349121,-34.440252883911135,0.0,True,True,True,0,0,0,False,False
open,1003,377,15,2,9.06048045349121,-31.941876678466794,0.0,True,True,True,0,0,0,False,False
open,1003,378,15,3,9.06048045349121,-29.44350047302246,0.0,True,True,True,0,0,0,False,False
open,1003,379,15,4,9.06048045349121,-26.945124267578127,0.0,True,True,True,0,0,0,False,False
open,1003,380,15,5,9.06048045349121,-24.44674806213379,0.0975609756097561,False,True,True,0,0,0,False,False
open,1003,381,15,6,9.06048045349121,-21.94837185668945,0.1951219512195122,False,True,False,0,0,0,False,False
open,1003,382,15,7,9.06048045349121,-19.449995651245118,0.4634146341463415,False,True,False,0,0,0,False,False
open,1003,383,15,8,9.06048045349121,-16.95161944580078,0.926829268292683,False,False,False,0,0,0,False,False
open,1003,384,15,9,9.06048045349121,-14.453243240356443,1.0,False,False,False,1,1,0,False,True
open,1003,385,15,10,9.06048045349121,-11.954867034912109,1.0,False,False,False,23,23,0,False,True
open,1003,386,15,11,9.06048045349121,-9.456490829467771,1.0,False,False,False,26,26,0,False,True
open,1003,387,15,12,9.06048045349121,-6.958114624023435,1.0,False,False,False,51,51,0,False,True
open,1003,388,15,13,9.06048045349121,-4.459738418579097,1.0,False,False,False,77,77,0,False,True
open,1003,389,15,14,9.06048045349121,-1.9613622131347668,1.0,False,False,False,73,73,0,False,True
open,1003,390,15,15,9.06048045349121,0.5370139923095707,1.0,False,False,False,120,120,0,False,True
open,1003,391,15,16,9.06048045349121,3.035390197753908,1.0,False,False,False,109,109,0,False,True
open,1003,392,15,17,9.06048045349121,5.533766403198245,1.0,False,False,False,113,113,0,False,True
open,1003,393,15,18,9.06048045349121,8.032142608642584,1.0,False,False,False,116,116,0,False,True
open,1003,394,15,19,9.06048045349121,10.530518814086914,1.0,False,False,False,8,8,0,False,True
open,1003,395,15,20,9.06048045349121,13.028895019531252,1.0,False,False,False,4,4,0,False,True
open,1003,396,15,21,9.06048045349121,15.527271224975589,1.0,False,False,False,0,0,0,False,False
open,1003,397,15,22,9.06048045349121,18.025647430419927,1.0,False,False,False,0,0,0,False,False
open,1003,398,15,23,9.06048045349121,20.524023635864264,0.9024390243902439,False,False,False,0,0,0,False,False
open,1003,399,15,24,9.06048045349121,23.0223998413086,0.0975609756097561,False,True,True,0,0,0,False,False
open,1003,400,16,0,11.35455525970459,-36.93862908935547,0.0,True,True,True,0,0,0,False,False
open,1003,401,16,1,11.35455525970459,-34.440252883911135,0.0,True,True,True,0,0,0,False,False
open,1003,402,16,2,11.35455525970459,-31.941876678466794,0.0,True,True,True,0,0,0,False,False
open,1003,403,16,3,11.35455525970459,-29.44350047302246,0.0,True,True,True,0,0,0,False,False
open,1003,404,16,4,11.35455525970459,-26.945124267578127,0.0,True,True,True,0,0,0,False,False
open,1003,405,16,5,11.35455525970459,-24.44674806213379,0.0,True,True,True,0,0,0,False,False
open,1003,406,16,6,11.35455525970459,-21.94837185668945,0.0,True,True,True,0,0,0,False,False
open,1003,407,16,7,11.35455525970459,-19.449995651245118,0.024390243902439025,False,True,True,0,0,0,False,False
open,1003,408,16,8,11.35455525970459,-16.95161944580078,0.4878048780487805,False,True,False,0,0,0,False,False
open,1003,409,16,9,11.35455525970459,-14.453243240356443,0.926829268292683,False,False,False,0,0,0,False,False
open,1003,410,16,10,11.35455525970459,-11.954867034912109,1.0,False,False,False,0,0,0,False,False
open,1003,411,16,11,11.35455525970459,-9.456490829467771,1.0,False,False,False,3,3,0,False,True
open,1003,412,16,12,11.35455525970459,-6.958114624023435,1.0,False,False,False,41,41,0,False,True
open,1003,413,16,13,11.35455525970459,-4.459738418579097,1.0,False,False,False,68,68,0,False,True
open,1003,414,16,14,11.35455525970459,-1.9613622131347668,1.0,False,False,False,42,42,0,False,True
open,1003,415,16,15,11.35455525970459,0.5370139923095707,1.0,False,False,False,122,122,0,False,True
open,1003,416,16,16,11.35455525970459,3.035390197753908,1.0,False,False,False,55,55,0,False,True
open,1003,417,16,17,11.35455525970459,5.533766403198245,1.0,False,False,False,72,72,0,False,True
open,1003,418,16,18,11.35455525970459,8.032142608642584,1.0,False,False,False,105,105,0,False,True
open,1003,419,16,19,11.35455525970459,10.530518814086914,1.0,False,False,False,45,45,0,False,True
open,1003,420,16,20,11.35455525970459,13.028895019531252,1.0,False,False,False,0,0,0,False,False
open,1003,421,16,21,11.35455525970459,15.527271224975589,0.8780487804878049,False,False,False,0,0,0,False,False
open,1003,422,16,22,11.35455525970459,18.025647430419927,0.2926829268292683,False,True,False,0,0,0,False,False
open,1003,423,16,23,11.35455525970459,20.524023635864264,0.0975609756097561,False,True,True,0,0,0,False,False
open,1003,424,16,24,11.35455525970459,23.0223998413086,0.0975609756097561,False,True,True,0,0,0,False,False
open,1003,425,17,0,13.64863006591797,-36.93862908935547,0.0,True,True,True,0,0,0,False,False
open,1003,426,17,1,13.64863006591797,-34.440252883911135,0.0,True,True,True,0,0,0,False,False
open,1003,427,17,2,13.64863006591797,-31.941876678466794,0.0,True,True,True,0,0,0,False,False
open,1003,428,17,3,13.64863006591797,-29.44350047302246,0.0,True,True,True,0,0,0,False,False
open,1003,429,17,4,13.64863006591797,-26.945124267578127,0.0,True,True,True,0,0,0,False,False
open,1003,430,17,5,13.64863006591797,-24.44674806213379,0.0,True,True,True,0,0,0,False,False
open,1003,431,17,6,13.64863006591797,-21.94837185668945,0.0,True,True,True,0,0,0,False,False
open,1003,432,17,7,13.64863006591797,-19.449995651245118,0.0,True,True,True,0,0,0,False,False
open,1003,433,17,8,13.64863006591797,-16.95161944580078,0.0,True,True,True,0,0,0,False,False
open,1003,434,17,9,13.64863006591797,-14.453243240356443,0.5365853658536586,False,False,False,0,0,0,False,False
open,1003,435,17,10,13.64863006591797,-11.954867034912109,1.0,False,False,False,0,0,0,False,False
open,1003,436,17,11,13.64863006591797,-9.456490829467771,1.0,False,False,False,3,3,0,False,True
open,1003,437,17,12,13.64863006591797,-6.958114624023435,1.0,False,False,False,17,17,0,False,True
open,1003,438,17,13,13.64863006591797,-4.459738418579097,1.0,False,False,False,34,34,0,False,True
open,1003,439,17,14,13.64863006591797,-1.9613622131347668,1.0,False,False,False,76,76,0,False,True
open,1003,440,17,15,13.64863006591797,0.5370139923095707,1.0,False,False,False,121,121,0,False,True
open,1003,441,17,16,13.64863006591797,3.035390197753908,1.0,False,False,False,85,85,0,False,True
open,1003,442,17,17,13.64863006591797,5.533766403198245,1.0,False,False,False,99,99,0,False,True
open,1003,443,17,18,13.64863006591797,8.032142608642584,1.0,False,False,False,41,41,0,False,True
open,1003,444,17,19,13.64863006591797,10.530518814086914,1.0,False,False,False,89,89,0,False,True
open,1003,445,17,20,13.64863006591797,13.028895019531252,1.0,False,False,False,0,0,0,False,False
open,1003,446,17,21,13.64863006591797,15.527271224975589,1.0,False,False,False,0,0,0,False,False
open,1003,447,17,22,13.64863006591797,18.025647430419927,0.0975609756097561,False,True,True,0,0,0,False,False
open,1003,448,17,23,13.64863006591797,20.524023635864264,0.0975609756097561,False,True,True,0,0,0,False,False
open,1003,449,17,24,13.64863006591797,23.0223998413086,0.0,True,True,True,0,0,0,False,False
open,1003,450,18,0,15.942704872131351,-36.93862908935547,0.0,True,True,True,0,0,0,False,False
open,1003,451,18,1,15.942704872131351,-34.440252883911135,0.0,True,True,True,0,0,0,False,False
open,1003,452,18,2,15.942704872131351,-31.941876678466794,0.0,True,True,True,0,0,0,False,False
open,1003,453,18,3,15.942704872131351,-29.44350047302246,0.0,True,True,True,0,0,0,False,False
open,1003,454,18,4,15.942704872131351,-26.945124267578127,0.0,True,True,True,0,0,0,False,False
open,1003,455,18,5,15.942704872131351,-24.44674806213379,0.0,True,True,True,0,0,0,False,False
open,1003,456,18,6,15.942704872131351,-21.94837185668945,0.0,True,True,True,0,0,0,False,False
open,1003,457,18,7,15.942704872131351,-19.449995651245118,0.0,True,True,True,0,0,0,False,False
open,1003,458,18,8,15.942704872131351,-16.95161944580078,0.0,True,True,True,0,0,0,False,False
open,1003,459,18,9,15.942704872131351,-14.453243240356443,0.2926829268292683,False,True,False,0,0,0,False,False
open,1003,460,18,10,15.942704872131351,-11.954867034912109,0.8536585365853658,False,False,False,0,0,0,False,False
open,1003,461,18,11,15.942704872131351,-9.456490829467771,1.0,False,False,False,1,1,0,False,True
open,1003,462,18,12,15.942704872131351,-6.958114624023435,1.0,False,False,False,41,41,0,False,True
open,1003,463,18,13,15.942704872131351,-4.459738418579097,1.0,False,False,False,17,17,0,False,True
open,1003,464,18,14,15.942704872131351,-1.9613622131347668,1.0,False,False,False,79,79,0,False,True
open,1003,465,18,15,15.942704872131351,0.5370139923095707,1.0,False,False,False,66,66,0,False,True
open,1003,466,18,16,15.942704872131351,3.035390197753908,1.0,False,False,False,71,71,0,False,True
open,1003,467,18,17,15.942704872131351,5.533766403198245,1.0,False,False,False,58,58,0,False,True
open,1003,468,18,18,15.942704872131351,8.032142608642584,1.0,False,False,False,63,63,0,False,True
open,1003,469,18,19,15.942704872131351,10.530518814086914,1.0,False,False,False,93,93,0,False,True
open,1003,470,18,20,15.942704872131351,13.028895019531252,1.0,False,False,False,0,0,0,False,False
open,1003,471,18,21,15.942704872131351,15.527271224975589,1.0,False,False,False,0,0,0,False,False
open,1003,472,18,22,15.942704872131351,18.025647430419927,0.0,True,True,True,0,0,0,False,False
open,1003,473,18,23,15.942704872131351,20.524023635864264,0.0,True,True,True,0,0,0,False,False
open,1003,474,18,24,15.942704872131351,23.0223998413086,0.0,True,True,True,0,0,0,False,False
open,1003,475,19,0,18.236779678344725,-36.93862908935547,0.0,True,True,True,0,0,0,False,False
open,1003,476,19,1,18.236779678344725,-34.440252883911135,0.0,True,True,True,0,0,0,False,False
open,1003,477,19,2,18.236779678344725,-31.941876678466794,0.0,True,True,True,0,0,0,False,False
open,1003,478,19,3,18.236779678344725,-29.44350047302246,0.0,True,True,True,0,0,0,False,False
open,1003,479,19,4,18.236779678344725,-26.945124267578127,0.0,True,True,True,0,0,0,False,False
open,1003,480,19,5,18.236779678344725,-24.44674806213379,0.0,True,True,True,0,0,0,False,False
open,1003,481,19,6,18.236779678344725,-21.94837185668945,0.0,True,True,True,0,0,0,False,False
open,1003,482,19,7,18.236779678344725,-19.449995651245118,0.0,True,True,True,0,0,0,False,False
open,1003,483,19,8,18.236779678344725,-16.95161944580078,0.0,True,True,True,0,0,0,False,False
open,1003,484,19,9,18.236779678344725,-14.453243240356443,0.34146341463414637,False,True,False,0,0,0,False,False
open,1003,485,19,10,18.236779678344725,-11.954867034912109,0.7804878048780488,False,False,False,0,0,0,False,False
open,1003,486,19,11,18.236779678344725,-9.456490829467771,0.926829268292683,False,False,False,9,9,0,False,True
open,1003,487,19,12,18.236779678344725,-6.958114624023435,1.0,False,False,False,4,4,0,False,True
open,1003,488,19,13,18.236779678344725,-4.459738418579097,1.0,False,False,False,35,35,0,False,True
open,1003,489,19,14,18.236779678344725,-1.9613622131347668,1.0,False,False,False,29,29,0,False,True
open,1003,490,19,15,18.236779678344725,0.5370139923095707,1.0,False,False,False,86,86,0,False,True
open,1003,491,19,16,18.236779678344725,3.035390197753908,1.0,False,False,False,81,81,0,False,True
open,1003,492,19,17,18.236779678344725,5.533766403198245,1.0,False,False,False,65,65,0,False,True
open,1003,493,19,18,18.236779678344725,8.032142608642584,1.0,False,False,False,52,52,0,False,True
open,1003,494,19,19,18.236779678344725,10.530518814086914,1.0,False,False,False,64,64,0,False,True
open,1003,495,19,20,18.236779678344725,13.028895019531252,1.0,False,False,False,0,0,0,False,False
open,1003,496,19,21,18.236779678344725,15.527271224975589,1.0,False,False,False,0,0,0,False,False
open,1003,497,19,22,18.236779678344725,18.025647430419927,0.0,True,True,True,0,0,0,False,False
open,1003,498,19,23,18.236779678344725,20.524023635864264,0.0,True,True,True,0,0,0,False,False
open,1003,499,19,24,18.236779678344725,23.0223998413086,0.0,True,True,True,0,0,0,False,False
open,1003,500,20,0,20.530854484558105,-36.93862908935547,0.0,True,True,True,0,0,0,False,False
open,1003,501,20,1,20.530854484558105,-34.440252883911135,0.0,True,True,True,0,0,0,False,False
open,1003,502,20,2,20.530854484558105,-31.941876678466794,0.0,True,True,True,0,0,0,False,False
open,1003,503,20,3,20.530854484558105,-29.44350047302246,0.0,True,True,True,0,0,0,False,False
open,1003,504,20,4,20.530854484558105,-26.945124267578127,0.0,True,True,True,0,0,0,False,False
open,1003,505,20,5,20.530854484558105,-24.44674806213379,0.0,True,True,True,0,0,0,False,False
open,1003,506,20,6,20.530854484558105,-21.94837185668945,0.0,True,True,True,0,0,0,False,False
open,1003,507,20,7,20.530854484558105,-19.449995651245118,0.0,True,True,True,0,0,0,False,False
open,1003,508,20,8,20.530854484558105,-16.95161944580078,0.0,True,True,True,0,0,0,False,False
open,1003,509,20,9,20.530854484558105,-14.453243240356443,0.14634146341463414,False,True,False,0,0,0,False,False
open,1003,510,20,10,20.530854484558105,-11.954867034912109,0.43902439024390244,False,True,False,0,0,0,False,False
open,1003,511,20,11,20.530854484558105,-9.456490829467771,0.975609756097561,False,False,False,0,0,0,False,False
open,1003,512,20,12,20.530854484558105,-6.958114624023435,0.975609756097561,False,False,False,1,1,0,False,True
open,1003,513,20,13,20.530854484558105,-4.459738418579097,1.0,False,False,False,12,12,0,False,True
open,1003,514,20,14,20.530854484558105,-1.9613622131347668,1.0,False,False,False,6,6,0,False,True
open,1003,515,20,15,20.530854484558105,0.5370139923095707,1.0,False,False,False,39,39,0,False,True
open,1003,516,20,16,20.530854484558105,3.035390197753908,1.0,False,False,False,46,46,0,False,True
open,1003,517,20,17,20.530854484558105,5.533766403198245,1.0,False,False,False,46,46,0,False,True
open,1003,518,20,18,20.530854484558105,8.032142608642584,1.0,False,False,False,88,88,0,False,True
open,1003,519,20,19,20.530854484558105,10.530518814086914,1.0,False,False,False,107,107,0,False,True
open,1003,520,20,20,20.530854484558105,13.028895019531252,1.0,False,False,False,1,1,0,False,True
open,1003,521,20,21,20.530854484558105,15.527271224975589,1.0,False,False,False,0,0,0,False,False
open,1003,522,20,22,20.530854484558105,18.025647430419927,0.0,True,True,True,0,0,0,False,False
open,1003,523,20,23,20.530854484558105,20.524023635864264,0.0,True,True,True,0,0,0,False,False
open,1003,524,20,24,20.530854484558105,23.0223998413086,0.0,True,True,True,0,0,0,False,False
open,1003,525,21,0,22.824929290771486,-36.93862908935547,0.0,True,True,True,0,0,0,False,False
open,1003,526,21,1,22.824929290771486,-34.440252883911135,0.0,True,True,True,0,0,0,False,False
open,1003,527,21,2,22.824929290771486,-31.941876678466794,0.0,True,True,True,0,0,0,False,False
open,1003,528,21,3,22.824929290771486,-29.44350047302246,0.0,True,True,True,0,0,0,False,False
open,1003,529,21,4,22.824929290771486,-26.945124267578127,0.0,True,True,True,0,0,0,False,False
open,1003,530,21,5,22.824929290771486,-24.44674806213379,0.0,True,True,True,0,0,0,False,False
open,1003,531,21,6,22.824929290771486,-21.94837185668945,0.0,True,True,True,0,0,0,False,False
open,1003,532,21,7,22.824929290771486,-19.449995651245118,0.0,True,True,True,0,0,0,False,False
open,1003,533,21,8,22.824929290771486,-16.95161944580078,0.0,True,True,True,0,0,0,False,False
open,1003,534,21,9,22.824929290771486,-14.453243240356443,0.0,True,True,True,0,0,0,False,False
open,1003,535,21,10,22.824929290771486,-11.954867034912109,0.0975609756097561,False,True,True,0,0,0,False,False
open,1003,536,21,11,22.824929290771486,-9.456490829467771,0.5121951219512195,False,False,False,0,0,0,False,False
open,1003,537,21,12,22.824929290771486,-6.958114624023435,0.9024390243902439,False,False,False,0,0,0,False,False
open,1003,538,21,13,22.824929290771486,-4.459738418579097,1.0,False,False,False,2,2,0,False,True
open,1003,539,21,14,22.824929290771486,-1.9613622131347668,1.0,False,False,False,0,0,0,False,False
open,1003,540,21,15,22.824929290771486,0.5370139923095707,1.0,False,False,False,5,5,0,False,True
open,1003,541,21,16,22.824929290771486,3.035390197753908,1.0,False,False,False,27,27,0,False,True
open,1003,542,21,17,22.824929290771486,5.533766403198245,1.0,False,False,False,15,15,0,False,True
open,1003,543,21,18,22.824929290771486,8.032142608642584,1.0,False,False,False,27,27,0,False,True
open,1003,544,21,19,22.824929290771486,10.530518814086914,1.0,False,False,False,64,64,0,False,True
open,1003,545,21,20,22.824929290771486,13.028895019531252,1.0,False,False,False,0,0,0,False,False
open,1003,546,21,21,22.824929290771486,15.527271224975589,1.0,False,False,False,0,0,0,False,False
open,1003,547,21,22,22.824929290771486,18.025647430419927,0.0,True,True,True,0,0,0,False,False
open,1003,548,21,23,22.824929290771486,20.524023635864264,0.0,True,True,True,0,0,0,False,False
open,1003,549,21,24,22.824929290771486,23.0223998413086,0.0,True,True,True,0,0,0,False,False
open,1003,550,22,0,25.11900409698486,-36.93862908935547,0.0,True,True,True,0,0,0,False,False
open,1003,551,22,1,25.11900409698486,-34.440252883911135,0.0,True,True,True,0,0,0,False,False
open,1003,552,22,2,25.11900409698486,-31.941876678466794,0.0,True,True,True,0,0,0,False,False
open,1003,553,22,3,25.11900409698486,-29.44350047302246,0.0,True,True,True,0,0,0,False,False
open,1003,554,22,4,25.11900409698486,-26.945124267578127,0.0,True,True,True,0,0,0,False,False
open,1003,555,22,5,25.11900409698486,-24.44674806213379,0.0,True,True,True,0,0,0,False,False
open,1003,556,22,6,25.11900409698486,-21.94837185668945,0.0,True,True,True,0,0,0,False,False
open,1003,557,22,7,25.11900409698486,-19.449995651245118,0.0,True,True,True,0,0,0,False,False
open,1003,558,22,8,25.11900409698486,-16.95161944580078,0.0,True,True,True,0,0,0,False,False
open,1003,559,22,9,25.11900409698486,-14.453243240356443,0.0,True,True,True,0,0,0,False,False
open,1003,560,22,10,25.11900409698486,-11.954867034912109,0.0,True,True,True,0,0,0,False,False
open,1003,561,22,11,25.11900409698486,-9.456490829467771,0.1951219512195122,False,True,False,0,0,0,False,False
open,1003,562,22,12,25.11900409698486,-6.958114624023435,0.5609756097560976,False,False,False,0,0,0,False,False
open,1003,563,22,13,25.11900409698486,-4.459738418579097,0.9024390243902439,False,False,False,0,0,0,False,False
open,1003,564,22,14,25.11900409698486,-1.9613622131347668,0.975609756097561,False,False,False,0,0,0,False,False
open,1003,565,22,15,25.11900409698486,0.5370139923095707,1.0,False,False,False,0,0,0,False,False
open,1003,566,22,16,25.11900409698486,3.035390197753908,1.0,False,False,False,0,0,0,False,False
open,1003,567,22,17,25.11900409698486,5.533766403198245,1.0,False,False,False,0,0,0,False,False
open,1003,568,22,18,25.11900409698486,8.032142608642584,1.0,False,False,False,0,0,0,False,False
open,1003,569,22,19,25.11900409698486,10.530518814086914,1.0,False,False,False,2,2,0,False,True
open,1003,570,22,20,25.11900409698486,13.028895019531252,1.0,False,False,False,0,0,0,False,False
open,1003,571,22,21,25.11900409698486,15.527271224975589,0.9024390243902439,False,False,False,0,0,0,False,False
open,1003,572,22,22,25.11900409698486,18.025647430419927,0.0,True,True,True,0,0,0,False,False
open,1003,573,22,23,25.11900409698486,20.524023635864264,0.0,True,True,True,0,0,0,False,False
open,1003,574,22,24,25.11900409698486,23.0223998413086,0.0,True,True,True,0,0,0,False,False
open,1003,575,23,0,27.41307890319824,-36.93862908935547,0.0,True,True,True,0,0,0,False,False
open,1003,576,23,1,27.41307890319824,-34.440252883911135,0.0,True,True,True,0,0,0,False,False
open,1003,577,23,2,27.41307890319824,-31.941876678466794,0.0,True,True,True,0,0,0,False,False
open,1003,578,23,3,27.41307890319824,-29.44350047302246,0.0,True,True,True,0,0,0,False,False
open,1003,579,23,4,27.41307890319824,-26.945124267578127,0.0,True,True,True,0,0,0,False,False
open,1003,580,23,5,27.41307890319824,-24.44674806213379,0.0,True,True,True,0,0,0,False,False
open,1003,581,23,6,27.41307890319824,-21.94837185668945,0.0,True,True,True,0,0,0,False,False
open,1003,582,23,7,27.41307890319824,-19.449995651245118,0.0,True,True,True,0,0,0,False,False
open,1003,583,23,8,27.41307890319824,-16.95161944580078,0.0,True,True,True,0,0,0,False,False
open,1003,584,23,9,27.41307890319824,-14.453243240356443,0.0,True,True,True,0,0,0,False,False
open,1003,585,23,10,27.41307890319824,-11.954867034912109,0.0,True,True,True,0,0,0,False,False
open,1003,586,23,11,27.41307890319824,-9.456490829467771,0.1951219512195122,False,True,False,0,0,0,False,False
open,1003,587,23,12,27.41307890319824,-6.958114624023435,0.43902439024390244,False,True,False,0,0,0,False,False
open,1003,588,23,13,27.41307890319824,-4.459738418579097,0.7804878048780488,False,False,False,0,0,0,False,False
open,1003,589,23,14,27.41307890319824,-1.9613622131347668,0.9024390243902439,False,False,False,0,0,0,False,False
open,1003,590,23,15,27.41307890319824,0.5370139923095707,1.0,False,False,False,0,0,0,False,False
open,1003,591,23,16,27.41307890319824,3.035390197753908,1.0,False,False,False,0,0,0,False,False
open,1003,592,23,17,27.41307890319824,5.533766403198245,1.0,False,False,False,0,0,0,False,False
open,1003,593,23,18,27.41307890319824,8.032142608642584,1.0,False,False,False,0,0,0,False,False
open,1003,594,23,19,27.41307890319824,10.530518814086914,1.0,False,False,False,0,0,0,False,False
open,1003,595,23,20,27.41307890319824,13.028895019531252,1.0,False,False,False,0,0,0,False,False
open,1003,596,23,21,27.41307890319824,15.527271224975589,0.7560975609756098,False,False,False,0,0,0,False,False
open,1003,597,23,22,27.41307890319824,18.025647430419927,0.0,True,True,True,0,0,0,False,False
open,1003,598,23,23,27.41307890319824,20.524023635864264,0.0,True,True,True,0,0,0,False,False
open,1003,599,23,24,27.41307890319824,23.0223998413086,0.0,True,True,True,0,0,0,False,False
open,1003,600,24,0,29.70715370941162,-36.93862908935547,0.0,True,True,True,0,0,0,False,False
open,1003,601,24,1,29.70715370941162,-34.440252883911135,0.0,True,True,True,0,0,0,False,False
open,1003,602,24,2,29.70715370941162,-31.941876678466794,0.0,True,True,True,0,0,0,False,False
open,1003,603,24,3,29.70715370941162,-29.44350047302246,0.0,True,True,True,0,0,0,False,False
open,1003,604,24,4,29.70715370941162,-26.945124267578127,0.0,True,True,True,0,0,0,False,False
open,1003,605,24,5,29.70715370941162,-24.44674806213379,0.0,True,True,True,0,0,0,False,False
open,1003,606,24,6,29.70715370941162,-21.94837185668945,0.0,True,True,True,0,0,0,False,False
open,1003,607,24,7,29.70715370941162,-19.449995651245118,0.0,True,True,True,0,0,0,False,False
open,1003,608,24,8,29.70715370941162,-16.95161944580078,0.0,True,True,True,0,0,0,False,False
open,1003,609,24,9,29.70715370941162,-14.453243240356443,0.0,True,True,True,0,0,0,False,False
open,1003,610,24,10,29.70715370941162,-11.954867034912109,0.0,True,True,True,0,0,0,False,False
open,1003,611,24,11,29.70715370941162,-9.456490829467771,0.0,True,True,True,0,0,0,False,False
open,1003,612,24,12,29.70715370941162,-6.958114624023435,0.1951219512195122,False,True,False,0,0,0,False,False
open,1003,613,24,13,29.70715370941162,-4.459738418579097,0.1951219512195122,False,True,False,0,0,0,False,False
open,1003,614,24,14,29.70715370941162,-1.9613622131347668,0.4146341463414634,False,True,False,0,0,0,False,False
open,1003,615,24,15,29.70715370941162,0.5370139923095707,0.7560975609756098,False,False,False,0,0,0,False,False
open,1003,616,24,16,29.70715370941162,3.035390197753908,0.975609756097561,False,False,False,0,0,0,False,False
open,1003,617,24,17,29.70715370941162,5.533766403198245,0.926829268292683,False,False,False,0,0,0,False,False
open,1003,618,24,18,29.70715370941162,8.032142608642584,1.0,False,False,False,0,0,0,False,False
open,1003,619,24,19,29.70715370941162,10.530518814086914,1.0,False,False,False,0,0,0,False,False
open,1003,620,24,20,29.70715370941162,13.028895019531252,0.9024390243902439,False,False,False,0,0,0,False,False
open,1003,621,24,21,29.70715370941162,15.527271224975589,0.7317073170731707,False,False,False,0,0,0,False,False
open,1003,622,24,22,29.70715370941162,18.025647430419927,0.0975609756097561,False,True,True,0,0,0,False,False
open,1003,623,24,23,29.70715370941162,20.524023635864264,0.0,True,True,True,0,0,0,False,False
open,1003,624,24,24,29.70715370941162,23.0223998413086,0.0,True,True,True,0,0,0,False,False
